{
"type": "FeatureCollection",
"name": "alcaldias_cdmx",
"crs": { "type": "name", "properties": { "name": "urn:ogc:def:crs:OGC:1.3:CRS84" } },
"features": [
{ "type": "Feature", "properties": { "id": 1173.0, "entidad": 9, "distrito_f": 5, "distrito_l": 16, "municipio": 12, "seccion": 3894, "tipo": 2, "control": 37308.0, "SECCION_TX": "3894", "SECCION__1": null, "SECCION__2": null, "SECCION_N": "3894", "ESTATUS": null, "ALCALDIA_N": "TLALPAN" }, "geometry": { "type": "MultiPolygon", "coordinates": [ [ [ [ -99.215702997149137, 19.09050209789304 ], [ -99.216192978246411, 19.090719152208308 ], [ -99.225316745619381, 19.094760501309455 ], [ -99.24705673103125, 19.109716868469928 ], [ -99.273831479748395, 19.128129678971419 ], [ -99.274806229583248, 19.128799855578045 ], [ -99.281949153144154, 19.133710582990727 ], [ -99.282086867087685, 19.134129271903223 ], [ -99.286341303992842, 19.147062725568166 ], [ -99.296871264465111, 19.17529490658454 ], [ -99.299717051342213, 19.18305058518466 ], [ -99.300333281466351, 19.183517214434204 ], [ -99.30053922347426, 19.183673368605547 ], [ -99.300808326440134, 19.183971441274178 ], [ -99.30098602893689, 19.18416843214462 ], [ -99.300826726310589, 19.184649758050529 ], [ -99.300095256973464, 19.185794286381334 ], [ -99.300889185575969, 19.187564330575974 ], [ -99.301986843089352, 19.189174811684875 ], [ -99.302602412805626, 19.18995739102785 ], [ -99.30321798836421, 19.190739968159139 ], [ -99.302454472977161, 19.204972387793248 ], [ -99.303163178567701, 19.206748433343375 ], [ -99.302713486817154, 19.209414435759012 ], [ -99.301561126522486, 19.211065036597887 ], [ -99.299748189266325, 19.212481105477778 ], [ -99.29785066577044, 19.212798250196784 ], [ -99.296047375905289, 19.211967001481131 ], [ -99.294562021714086, 19.212047930037222 ], [ -99.292566616978675, 19.211472110320372 ], [ -99.291094718042928, 19.211346831125049 ], [ -99.28944564358396, 19.212134616602647 ], [ -99.288289846864672, 19.211900831754924 ], [ -99.285456656176009, 19.210604461037118 ], [ -99.279951124907271, 19.209794021470454 ], [ -99.276981449693452, 19.210505171989702 ], [ -99.27426149516711, 19.212550463236692 ], [ -99.272682332086987, 19.214093539833993 ], [ -99.272066621463765, 19.21611613484605 ], [ -99.272330742684332, 19.217793894392983 ], [ -99.268195795425711, 19.221067861550381 ], [ -99.265640751137184, 19.223191319528741 ], [ -99.263759559193844, 19.22526468581221 ], [ -99.260130121185298, 19.22652599193307 ], [ -99.258908870705454, 19.227190289838468 ], [ -99.256457018912258, 19.22852393140116 ], [ -99.253693806978134, 19.230419487961672 ], [ -99.251224937910621, 19.233181936258653 ], [ -99.249674372145535, 19.236529541641826 ], [ -99.249068434995024, 19.238396148827203 ], [ -99.249077582863663, 19.241382482676915 ], [ -99.248404453414764, 19.243570821050493 ], [ -99.246919560912815, 19.245695997363889 ], [ -99.243171152133343, 19.249785308524945 ], [ -99.242536804243983, 19.251308507563074 ], [ -99.242886158773331, 19.252174734731526 ], [ -99.242847744835572, 19.253035240389721 ], [ -99.243440882743556, 19.253891382095585 ], [ -99.243044044194789, 19.254773602182837 ], [ -99.243642985120573, 19.2558814278987 ], [ -99.242504443450571, 19.257053819421788 ], [ -99.242478896625002, 19.257293003565554 ], [ -99.242432992131796, 19.257722786290653 ], [ -99.242826375183512, 19.258235861921495 ], [ -99.243534073768998, 19.257652639171802 ], [ -99.244464529685942, 19.257900921598644 ], [ -99.245023312697626, 19.258620782327203 ], [ -99.245218805234401, 19.258879874750281 ], [ -99.245526592044001, 19.261235153197749 ], [ -99.245492428124734, 19.261501418806805 ], [ -99.245458264100364, 19.261767684402965 ], [ -99.245274506838015, 19.262147202884666 ], [ -99.245121750902626, 19.262716315588769 ], [ -99.245244957770481, 19.262934961130689 ], [ -99.245260491509626, 19.263051639347847 ], [ -99.245199159050088, 19.263124658495901 ], [ -99.245137739814908, 19.2631393282159 ], [ -99.244968777280718, 19.263139554621773 ], [ -99.244800031249596, 19.263285654393187 ], [ -99.24473874178922, 19.263387848092123 ], [ -99.244754296864215, 19.26351911370179 ], [ -99.244846696666883, 19.263679451199312 ], [ -99.244954456946289, 19.263839768071115 ], [ -99.245154184154245, 19.263868675191663 ], [ -99.245323125735396, 19.26385386125563 ], [ -99.245415244103199, 19.263824562896879 ], [ -99.245477010947454, 19.264043290686953 ], [ -99.245600023793557, 19.264130649794058 ], [ -99.245753713957384, 19.264188792834993 ], [ -99.245815080200785, 19.264174059891189 ], [ -99.245891891657408, 19.26414484495406 ], [ -99.246060833446549, 19.264130030334641 ], [ -99.246153213089286, 19.264275779794428 ], [ -99.246399261759876, 19.264465084346121 ], [ -99.245925418342708, 19.266026571528958 ], [ -99.245894903979575, 19.266165192634009 ], [ -99.246094884502199, 19.266361853164355 ], [ -99.246095287230432, 19.266631719056186 ], [ -99.246141760980052, 19.26689433835115 ], [ -99.246141913233643, 19.266996340653677 ], [ -99.246202863414723, 19.267226088213651 ], [ -99.246188713680738, 19.267477660973874 ], [ -99.246012838995426, 19.267995749432156 ], [ -99.245882458094684, 19.268119917480686 ], [ -99.245560241974971, 19.268361042160361 ], [ -99.245330178491784, 19.268594748960655 ], [ -99.244954154627436, 19.268806770025019 ], [ -99.244470517825931, 19.268960584756179 ], [ -99.244248207984427, 19.269245335636931 ], [ -99.243941099889355, 19.269318682515529 ], [ -99.243718853338393, 19.269647194786092 ], [ -99.243688508964894, 19.269902514238179 ], [ -99.243793150816856, 19.270268731621201 ], [ -99.243819755814201, 19.270361841436294 ], [ -99.243764019704926, 19.270576311068893 ], [ -99.243775851501667, 19.270709201333414 ], [ -99.243731906259129, 19.271056387168571 ], [ -99.243806433468876, 19.27174036562165 ], [ -99.243914284439015, 19.271959032275301 ], [ -99.244045177308266, 19.272177668098063 ], [ -99.244137527373198, 19.272301537410481 ], [ -99.244391336686633, 19.272538242981607 ], [ -99.244498240695918, 19.272661696436639 ], [ -99.244555729737954, 19.272767875899575 ], [ -99.244633826148174, 19.272935198342285 ], [ -99.244459875326399, 19.273307859119583 ], [ -99.244365941399408, 19.273541158333806 ], [ -99.24430144728025, 19.273673807752651 ], [ -99.244135791554058, 19.274006192121799 ], [ -99.243967575703422, 19.274234590275931 ], [ -99.24381057044647, 19.274537487568413 ], [ -99.243665147606336, 19.27488230795197 ], [ -99.243600241942332, 19.275139496743709 ], [ -99.243443186687855, 19.275409572205767 ], [ -99.243524096578724, 19.275624608123927 ], [ -99.243866261199074, 19.275839335412286 ], [ -99.244008273302086, 19.275784443274166 ], [ -99.24408528017419, 19.275919273548617 ], [ -99.244166078909359, 19.276021277159202 ], [ -99.244277600626745, 19.276123239673431 ], [ -99.244415512523048, 19.276155474405826 ], [ -99.244735069188437, 19.276436255944922 ], [ -99.244934681577021, 19.276377639111789 ], [ -99.245011494317367, 19.276381182998559 ], [ -99.245207548306965, 19.276512206315459 ], [ -99.245357659298293, 19.276738108933227 ], [ -99.245377132646169, 19.276920424777266 ], [ -99.245251659196853, 19.277766659967309 ], [ -99.245170268659848, 19.278059506712744 ], [ -99.244878030538075, 19.279056761117573 ], [ -99.244854273431088, 19.279123816979784 ], [ -99.244888615727447, 19.279587144744458 ], [ -99.244955371443282, 19.279962454409834 ], [ -99.24491783968044, 19.280035753041396 ], [ -99.244632786454744, 19.280232237027946 ], [ -99.244318289377574, 19.28025505435431 ], [ -99.244126471861946, 19.280393890572981 ], [ -99.243927016284459, 19.280561911495607 ], [ -99.243934740402011, 19.280591075893405 ], [ -99.243696966002872, 19.280817497129089 ], [ -99.243397840314373, 19.281109642876704 ], [ -99.243351948491281, 19.281240990181256 ], [ -99.243336780458762, 19.281372296562335 ], [ -99.243359898763558, 19.281423321512165 ], [ -99.243429156783321, 19.281510753381852 ], [ -99.243498414876868, 19.281598185223555 ], [ -99.243621601669972, 19.28179495029076 ], [ -99.243683276081427, 19.281948035253588 ], [ -99.243668086681836, 19.282064754326552 ], [ -99.243583800581717, 19.282203446547435 ], [ -99.243422747336439, 19.28237141571595 ], [ -99.243246310186535, 19.282524817871082 ], [ -99.242923771890219, 19.282569009013056 ], [ -99.242785653221702, 19.282664010371931 ], [ -99.24261673508731, 19.282707996793178 ], [ -99.242440049969389, 19.28269364395636 ], [ -99.242378633936923, 19.28271560646234 ], [ -99.242194621620641, 19.282941954417193 ], [ -99.241984604531197, 19.283177268234461 ], [ -99.242049228363584, 19.283314124546539 ], [ -99.242318118990198, 19.283350236522246 ], [ -99.242771817323273, 19.28369973067953 ], [ -99.242879535161421, 19.283823579998778 ], [ -99.242933496315729, 19.283954794408654 ], [ -99.242946586629358, 19.284181664116858 ], [ -99.242793645594929, 19.284320457373983 ], [ -99.242569957184429, 19.284354898795439 ], [ -99.242538089459387, 19.284419435908294 ], [ -99.242558161099311, 19.284483904069507 ], [ -99.242303162573123, 19.284962262744603 ], [ -99.24170920262091, 19.285881151979911 ], [ -99.241693688713966, 19.286199852685687 ], [ -99.241546404858596, 19.286571841008154 ], [ -99.241027362154369, 19.286870507671257 ], [ -99.240788158203387, 19.287116040398004 ], [ -99.240800799317398, 19.287349604766 ], [ -99.241113849250837, 19.287733579222493 ], [ -99.241249103314402, 19.287949197061536 ], [ -99.241313248633816, 19.288104216001727 ], [ -99.241452009792553, 19.28828948267607 ], [ -99.241711743314013, 19.288636436497917 ], [ -99.241797225177478, 19.288811657926534 ], [ -99.241903944050392, 19.288939645732089 ], [ -99.242081653918206, 19.289047308497086 ], [ -99.242230945858253, 19.289148265135303 ], [ -99.242380237980612, 19.289249221648383 ], [ -99.242564951238961, 19.289289438280104 ], [ -99.242721206623514, 19.289295974359671 ], [ -99.242861289348426, 19.289292498013317 ], [ -99.242908774688502, 19.291271610146662 ], [ -99.242937422054709, 19.291433419272305 ], [ -99.242881024827625, 19.291703133559988 ], [ -99.242696246837966, 19.291636048919404 ], [ -99.242533053875022, 19.29167628479777 ], [ -99.24245181874231, 19.291755086591806 ], [ -99.242395906782548, 19.291883004114965 ], [ -99.242362911954501, 19.29202686655027 ], [ -99.242370222087189, 19.292095048960089 ], [ -99.242320606014829, 19.292162551133767 ], [ -99.242328144860238, 19.292459261024661 ], [ -99.242298624296723, 19.292495159977516 ], [ -99.242164972712914, 19.292580862853722 ], [ -99.242079855271342, 19.292655155661972 ], [ -99.241909471551068, 19.292702586850496 ], [ -99.241710748161807, 19.292797260824777 ], [ -99.241680209241537, 19.292850055941486 ], [ -99.241646996442896, 19.292911986958213 ], [ -99.241974075249189, 19.293167811990681 ], [ -99.241605382492892, 19.293593148997214 ], [ -99.241520373086516, 19.293741621366383 ], [ -99.241364429848602, 19.293950880151701 ], [ -99.241265126562013, 19.294038678592806 ], [ -99.240938550363154, 19.294126776954283 ], [ -99.240832114871296, 19.294194353671188 ], [ -99.240704313296632, 19.294221496689133 ], [ -99.240421516084055, 19.294053879034799 ], [ -99.240172701561832, 19.294082275219584 ], [ -99.240008329208976, 19.294249387193894 ], [ -99.239705504360657, 19.294397139939175 ], [ -99.239546183838058, 19.294421976836009 ], [ -99.239382304157573, 19.294510756774486 ], [ -99.239220348306958, 19.294506679117518 ], [ -99.239120999458862, 19.29456413011032 ], [ -99.238748168976045, 19.294621958200239 ], [ -99.238620458680685, 19.294682798389694 ], [ -99.238453525319031, 19.294662785527713 ], [ -99.238136372559907, 19.294532821605362 ], [ -99.238032406952655, 19.294450910421705 ], [ -99.237706522899757, 19.294260216972425 ], [ -99.237536817855258, 19.294309939365132 ], [ -99.237359090603306, 19.29419215683664 ], [ -99.237252660438472, 19.294283311131771 ], [ -99.237128349055752, 19.294249777471677 ], [ -99.236993376566872, 19.294229721767344 ], [ -99.236879793418908, 19.294266959115458 ], [ -99.236705971676074, 19.294395313545426 ], [ -99.236532009188267, 19.294425885291606 ], [ -99.236045455799925, 19.294413004471235 ], [ -99.235931901294322, 19.29447047209969 ], [ -99.235878733704183, 19.294521141101661 ], [ -99.235882373639399, 19.294602036954419 ], [ -99.235939393118883, 19.294723371786006 ], [ -99.236151897100996, 19.294940293517278 ], [ -99.236028751958969, 19.295127874385653 ], [ -99.235851227743879, 19.295151706458263 ], [ -99.23571981064687, 19.295135017045553 ], [ -99.235540283966444, 19.29503697570415 ], [ -99.235467562497973, 19.295054418844913 ], [ -99.235332734121357, 19.295135516252223 ], [ -99.235135383635196, 19.295297429363689 ], [ -99.234936253787239, 19.295372427113193 ], [ -99.234850316855216, 19.295465935653453 ], [ -99.234580093267425, 19.295664753722864 ], [ -99.234481752135167, 19.295682392144712 ], [ -99.234383419291518, 19.295705867878432 ], [ -99.234254479900514, 19.29582278082751 ], [ -99.234156528848004, 19.296114775209588 ], [ -99.233963017942614, 19.29627563751643 ], [ -99.233800174667607, 19.296272840923177 ], [ -99.233695759756728, 19.296343023077199 ], [ -99.233511579267557, 19.296524217314282 ], [ -99.233075498980156, 19.296822480553637 ], [ -99.233002004801662, 19.297021045093153 ], [ -99.232860825327194, 19.297178834301707 ], [ -99.232701218256906, 19.297348321634416 ], [ -99.2325969589008, 19.297529413084686 ], [ -99.232511118453132, 19.297692968897792 ], [ -99.232505168368149, 19.29783307346457 ], [ -99.232554632439559, 19.29803148120817 ], [ -99.232616310097441, 19.29817149963122 ], [ -99.232677954857351, 19.298288168575493 ], [ -99.232756277983853, 19.298468696935103 ], [ -99.232795203973168, 19.298597399957853 ], [ -99.232789245851166, 19.298731667154481 ], [ -99.232753075978081, 19.299239564779626 ], [ -99.232851642383025, 19.299379536071939 ], [ -99.232830606724235, 19.299592864796807 ], [ -99.232708738264151, 19.299783278963002 ], [ -99.232559206732731, 19.299877747330338 ], [ -99.232515034879455, 19.299866586069204 ], [ -99.232608244761153, 19.30004685000555 ], [ -99.232660290199661, 19.300121536883289 ], [ -99.233237129029746, 19.300785467411501 ], [ -99.232418479495763, 19.301338662924781 ], [ -99.232270646203148, 19.30143855923783 ], [ -99.232076952028862, 19.301609349988741 ], [ -99.231987753043597, 19.301692033762489 ], [ -99.231784705159399, 19.301934148294041 ], [ -99.231708991243735, 19.302124088861284 ], [ -99.231583397899186, 19.302856149720991 ], [ -99.231495575872415, 19.303368044587977 ], [ -99.231478306480724, 19.303573719403772 ], [ -99.231440887456941, 19.3040070382248 ], [ -99.231399308665914, 19.304488525346081 ], [ -99.231345429189972, 19.30462393426707 ], [ -99.231301282107083, 19.304689327065844 ], [ -99.231242362437257, 19.304736070894776 ], [ -99.231052854765366, 19.304840207715419 ], [ -99.231280534877143, 19.305223561276975 ], [ -99.229991325733209, 19.305816524353087 ], [ -99.229880195006118, 19.305906646038174 ], [ -99.229769064157068, 19.305996767655991 ], [ -99.229678905577472, 19.306250126238069 ], [ -99.229222019036428, 19.30643271035558 ], [ -99.228910293491538, 19.306372136519954 ], [ -99.227535073892511, 19.306947094462608 ], [ -99.227389144642757, 19.307116602951012 ], [ -99.227466230434857, 19.30724328248095 ], [ -99.227629428085663, 19.307466802159066 ], [ -99.227722534284084, 19.307650344306072 ], [ -99.227792519182699, 19.307900032237431 ], [ -99.226780137837437, 19.308812237972724 ], [ -99.226347840792855, 19.309069923185703 ], [ -99.225993458613971, 19.309301883320504 ], [ -99.225728663264903, 19.30943797956542 ], [ -99.225442708421369, 19.309688108255617 ], [ -99.225342243169493, 19.309780061460362 ], [ -99.225241777805238, 19.309872014610004 ], [ -99.225110088587414, 19.310409716353565 ], [ -99.225079009755902, 19.310639680132716 ], [ -99.224715864779498, 19.310735342529302 ], [ -99.224041317057313, 19.310913034783042 ], [ -99.222992457457678, 19.310995750953186 ], [ -99.221791372076368, 19.311112163665328 ], [ -99.220688147894748, 19.311193834287444 ], [ -99.220665775042036, 19.3110916244162 ], [ -99.220495903039634, 19.311066394906057 ], [ -99.220101432657856, 19.311012395571527 ], [ -99.219671039656404, 19.310891712162054 ], [ -99.219211692781926, 19.310768291658995 ], [ -99.218856434351991, 19.310666286116565 ], [ -99.218047976781094, 19.309629922519314 ], [ -99.21751777072744, 19.309023805830137 ], [ -99.217177717204095, 19.308708713650947 ], [ -99.216897764667877, 19.308496976284051 ], [ -99.216452274989976, 19.30816416815528 ], [ -99.216051088428216, 19.307938165872645 ], [ -99.215584330344129, 19.307693976447357 ], [ -99.215063438743229, 19.307468799173268 ], [ -99.214617615614785, 19.307315115588544 ], [ -99.213597240296281, 19.307072402538147 ], [ -99.211644078461987, 19.306720232018971 ], [ -99.209060574900136, 19.306261876618176 ], [ -99.205816678341549, 19.305694315596643 ], [ -99.204856175984162, 19.30551327206198 ], [ -99.203877978731867, 19.305343527668789 ], [ -99.202741047860385, 19.305091640290239 ], [ -99.20197132590414, 19.304871630769568 ], [ -99.201307038130807, 19.304644817115371 ], [ -99.200951551392706, 19.304506400201067 ], [ -99.200664449699076, 19.304380378087146 ], [ -99.199540659434092, 19.30383702832529 ], [ -99.19942626394085, 19.303769198737097 ], [ -99.198509130673784, 19.30320574767731 ], [ -99.197767318916249, 19.302837198498402 ], [ -99.197160637006306, 19.302535781449478 ], [ -99.196590364464313, 19.3023562586597 ], [ -99.195949917176037, 19.302182555870679 ], [ -99.195272824910745, 19.302083629157455 ], [ -99.194368978780176, 19.302005688721447 ], [ -99.193732590799996, 19.3020265473161 ], [ -99.192921989966834, 19.302100823217462 ], [ -99.190651914711452, 19.302356275712256 ], [ -99.185976604649269, 19.302870011426229 ], [ -99.184390475073343, 19.303037723817539 ], [ -99.183332645427441, 19.303157843921152 ], [ -99.182191105427862, 19.303289810932014 ], [ -99.181390328622555, 19.303341698632543 ], [ -99.180276929318651, 19.303412667755438 ], [ -99.180104806851048, 19.303415510757002 ], [ -99.179337307980433, 19.303427368811462 ], [ -99.179257667631177, 19.303428614619964 ], [ -99.177161519991458, 19.303306436716515 ], [ -99.176737806083992, 19.303252267925984 ], [ -99.175338774896204, 19.303073404553775 ], [ -99.174086402031818, 19.302890005890632 ], [ -99.173532602678407, 19.302822927551695 ], [ -99.172853394708994, 19.302730927716237 ], [ -99.172133229019309, 19.302627325879239 ], [ -99.171678121291492, 19.302561853304582 ], [ -99.171590504276608, 19.302547530115454 ], [ -99.170356295913436, 19.302376830665139 ], [ -99.16853181266255, 19.302139063655666 ], [ -99.167516783955733, 19.301996013833811 ], [ -99.166468877896165, 19.301851061189737 ], [ -99.164335786988261, 19.301545190550826 ], [ -99.1637121985558, 19.301476543705959 ], [ -99.162771667941087, 19.301338708228851 ], [ -99.16239284460255, 19.301284556705291 ], [ -99.161720928052844, 19.301158540697948 ], [ -99.16165898837707, 19.301146923956185 ], [ -99.161609864724383, 19.301137710834269 ], [ -99.161570152770182, 19.301130262862351 ], [ -99.161526655040561, 19.301122104857942 ], [ -99.160508121478074, 19.300763010627229 ], [ -99.160253503038021, 19.300636213155894 ], [ -99.16011093579003, 19.300553105081686 ], [ -99.159751635204756, 19.300319483933919 ], [ -99.159352724106313, 19.300052716618321 ], [ -99.1589020748645, 19.299695425249126 ], [ -99.15863503722737, 19.299441554330205 ], [ -99.158420721705141, 19.299183350125166 ], [ -99.157941943858432, 19.298516961680942 ], [ -99.156686037822112, 19.296872174283511 ], [ -99.156619837784532, 19.296781996399588 ], [ -99.156355717855462, 19.296847275580138 ], [ -99.155023992495728, 19.297148282228328 ], [ -99.152846309428497, 19.297621774853265 ], [ -99.152117364497755, 19.297783987662779 ], [ -99.15200257267125, 19.297809532103074 ], [ -99.151827087120196, 19.297865777474463 ], [ -99.151640840251048, 19.297981380475346 ], [ -99.15152941626458, 19.298060610616915 ], [ -99.150949499253969, 19.298468502200606 ], [ -99.150686820899836, 19.298659749377748 ], [ -99.150032298443719, 19.299125784190661 ], [ -99.147789682542566, 19.300870773183661 ], [ -99.147440351300276, 19.301284718364393 ], [ -99.147225413560534, 19.301165733187901 ], [ -99.147114212915739, 19.301104174596595 ], [ -99.146903877810971, 19.301020860542842 ], [ -99.146292072207231, 19.30086527409242 ], [ -99.146065499851105, 19.30082172940099 ], [ -99.145596182971047, 19.300731530937345 ], [ -99.145146174754629, 19.30060969159619 ], [ -99.144625772812233, 19.300413135188766 ], [ -99.144548399195557, 19.300383910917933 ], [ -99.143721186380532, 19.300062354450333 ], [ -99.142551965130835, 19.29964302994355 ], [ -99.142345402207113, 19.299885497955596 ], [ -99.142062927473077, 19.300186014443774 ], [ -99.14178045758733, 19.300493355406921 ], [ -99.141256710863715, 19.301056686017773 ], [ -99.140904367190899, 19.301379921372348 ], [ -99.14065846625563, 19.301663412532577 ], [ -99.140522705625187, 19.30180425861198 ], [ -99.140133784692182, 19.3022310435572 ], [ -99.139647146183265, 19.302779544034994 ], [ -99.139399042903506, 19.303069560181928 ], [ -99.13902757455952, 19.303484056699091 ], [ -99.138710598293457, 19.303851441370043 ], [ -99.138444405013942, 19.304122663783954 ], [ -99.138268222946792, 19.304290912656406 ], [ -99.138140979979795, 19.304454365256053 ], [ -99.137931027115499, 19.304687580528007 ], [ -99.137051404799209, 19.305664653618788 ], [ -99.136461582283616, 19.306256013057272 ], [ -99.135956232557689, 19.306802617246003 ], [ -99.135483110895152, 19.307386376741235 ], [ -99.135198655497859, 19.307759399400428 ], [ -99.134810939651516, 19.308251446405308 ], [ -99.132817214808185, 19.307354241280095 ], [ -99.132513318753041, 19.307215318196597 ], [ -99.132256311348542, 19.307106211359407 ], [ -99.131963093035495, 19.30698173135626 ], [ -99.13116457050188, 19.306624114198573 ], [ -99.131046592052797, 19.306573665000656 ], [ -99.13054811573933, 19.306360508524435 ], [ -99.130062523492995, 19.306146885191101 ], [ -99.129553910791387, 19.305922818101664 ], [ -99.129295203424846, 19.305804841899956 ], [ -99.129072311560506, 19.305709883592204 ], [ -99.128411354726268, 19.30536444998922 ], [ -99.127890104264111, 19.305188140226964 ], [ -99.127418718257346, 19.304992960728832 ], [ -99.127114160407871, 19.30486685628242 ], [ -99.126055202921478, 19.304428381561355 ], [ -99.125509479554438, 19.304214035601859 ], [ -99.124695109686314, 19.303894168186648 ], [ -99.124606384277556, 19.303859318409863 ], [ -99.124517658906171, 19.303824468589607 ], [ -99.122864785809256, 19.303171728485822 ], [ -99.12188779547202, 19.302785652722793 ], [ -99.12181442872533, 19.302759610111679 ], [ -99.121730506798585, 19.302738057824545 ], [ -99.120988747934518, 19.302513602473635 ], [ -99.119907685579491, 19.302186467775538 ], [ -99.119375594212102, 19.302025451516428 ], [ -99.117845826186894, 19.301562999126293 ], [ -99.117626564316524, 19.301496714491805 ], [ -99.117535503375862, 19.301469185940437 ], [ -99.116821596779118, 19.301321917841783 ], [ -99.116296252738181, 19.301199461998252 ], [ -99.115870348309556, 19.301100183931609 ], [ -99.115828826502181, 19.301090505163533 ], [ -99.115689997179373, 19.301058143855172 ], [ -99.114234813470162, 19.300718931373115 ], [ -99.113717955715273, 19.300615346481266 ], [ -99.113669579572488, 19.300606323312397 ], [ -99.113622143452375, 19.300597475464087 ], [ -99.113547086908227, 19.300581231708133 ], [ -99.112435852023722, 19.30029431205557 ], [ -99.111473150356318, 19.300055372884074 ], [ -99.110324805374688, 19.299812840710803 ], [ -99.109465075526458, 19.299612278415601 ], [ -99.109372406019745, 19.299547128878725 ], [ -99.108871231927424, 19.299500249925568 ], [ -99.108484985120157, 19.299510499933994 ], [ -99.108190135615018, 19.299518323939644 ], [ -99.10738054226789, 19.299557048499913 ], [ -99.107040642580174, 19.299574689519758 ], [ -99.106431232206901, 19.29961030500623 ], [ -99.106153102265694, 19.299626558943814 ], [ -99.104982760184853, 19.299694907837956 ], [ -99.103881544626972, 19.299848072994561 ], [ -99.100897024595952, 19.300015493754334 ], [ -99.101009795048029, 19.298622086397355 ], [ -99.101086778698615, 19.29790380335103 ], [ -99.10117019146027, 19.296747827715588 ], [ -99.101256758478499, 19.296674275414709 ], [ -99.101277082402376, 19.296404054039449 ], [ -99.101354013089889, 19.295630129575105 ], [ -99.101337919402326, 19.295375060138966 ], [ -99.101328290073369, 19.295200573660431 ], [ -99.101315230552714, 19.294957912119681 ], [ -99.101433264516288, 19.294920590356973 ], [ -99.102439979020772, 19.294513716180603 ], [ -99.102933877229447, 19.294311395455111 ], [ -99.10381921561337, 19.293926798085447 ], [ -99.104574073238695, 19.293620271471095 ], [ -99.105632922052322, 19.293190295334071 ], [ -99.105756119627912, 19.293148129807125 ], [ -99.106104794659672, 19.293028791936496 ], [ -99.107950954489993, 19.292396909417779 ], [ -99.110318398781175, 19.291385303401089 ], [ -99.110388632608576, 19.291357908632246 ], [ -99.110512440502788, 19.291309615572771 ], [ -99.112930600967076, 19.290269067442065 ], [ -99.113911078955425, 19.289849171247162 ], [ -99.114679076107365, 19.289506097487855 ], [ -99.115936140282287, 19.288947791985517 ], [ -99.117949060665822, 19.288053945054351 ], [ -99.122334033002772, 19.286199949592326 ], [ -99.124449966176527, 19.285365520185554 ], [ -99.124935386347403, 19.28526103207081 ], [ -99.125023777380463, 19.285242005488769 ], [ -99.125149969888696, 19.28520669967703 ], [ -99.127543949707842, 19.284536496439397 ], [ -99.127938598030624, 19.284426009691416 ], [ -99.128249386100748, 19.284339195628444 ], [ -99.128603023433442, 19.284240411502022 ], [ -99.129240182674323, 19.284062427082386 ], [ -99.129575855843541, 19.283968658903067 ], [ -99.130379689677909, 19.283744071439525 ], [ -99.13198661225195, 19.283295208082418 ], [ -99.13440163886672, 19.282619840688479 ], [ -99.135636823441715, 19.282368783975961 ], [ -99.137680531421225, 19.282207680892409 ], [ -99.138943072025356, 19.282234821533194 ], [ -99.139837213471537, 19.282344306881217 ], [ -99.14053662533631, 19.282430511678051 ], [ -99.141025851651946, 19.282502579091879 ], [ -99.141041484461269, 19.28240034909583 ], [ -99.141055767437919, 19.282293404248215 ], [ -99.141117684764339, 19.281860469034612 ], [ -99.141157986386787, 19.281220310272392 ], [ -99.141187795991982, 19.281011789732023 ], [ -99.141367028250116, 19.27975803489451 ], [ -99.141414913447051, 19.279415947209113 ], [ -99.141444150018856, 19.279207082987849 ], [ -99.14147068583631, 19.278944996928889 ], [ -99.141465713865571, 19.278825869375567 ], [ -99.14151249371622, 19.2784487736239 ], [ -99.141563459842203, 19.278037930065796 ], [ -99.141626237122537, 19.27753187271162 ], [ -99.141651450018998, 19.277328626795001 ], [ -99.141844159779779, 19.275775140700755 ], [ -99.141850266754602, 19.275725910233621 ], [ -99.141872031850298, 19.275550453923675 ], [ -99.1419169124799, 19.275198067145322 ], [ -99.14193188404515, 19.275080515396176 ], [ -99.141954759466358, 19.274852923446815 ], [ -99.141973377941625, 19.27466768421451 ], [ -99.142074951718527, 19.273956423507801 ], [ -99.142299846888562, 19.273008710538019 ], [ -99.14247548143473, 19.27151478442504 ], [ -99.142443546415478, 19.271323436561808 ], [ -99.142475119761073, 19.271096279274413 ], [ -99.142513565456937, 19.270916017035969 ], [ -99.142512064873088, 19.270782585950982 ], [ -99.142511142380869, 19.270691820072809 ], [ -99.142880330552089, 19.27040738858317 ], [ -99.142913268114285, 19.270382012641541 ], [ -99.143105931535985, 19.270129214484733 ], [ -99.143168826470088, 19.269794407363289 ], [ -99.143357743611332, 19.269514827252628 ], [ -99.142906665690006, 19.269386797646774 ], [ -99.142964485190575, 19.268928636252664 ], [ -99.142978248894323, 19.268819572371768 ], [ -99.142992489470927, 19.268706729590264 ], [ -99.143011358810682, 19.268557208107676 ], [ -99.143082704219736, 19.267991861510524 ], [ -99.143142664232172, 19.267430332495259 ], [ -99.143150478403314, 19.267357152050565 ], [ -99.143227116356741, 19.267337679783694 ], [ -99.143345358236132, 19.266562915032857 ], [ -99.143359250295077, 19.266468312594608 ], [ -99.143448334559977, 19.266095122248057 ], [ -99.143343227881942, 19.265697253473288 ], [ -99.143192321128154, 19.265520234885976 ], [ -99.142788530429982, 19.265428342425285 ], [ -99.142609572664753, 19.265314435078771 ], [ -99.142451102274023, 19.265253895298667 ], [ -99.14249863495769, 19.264079416727188 ], [ -99.142432105709389, 19.263967848071651 ], [ -99.142459721458621, 19.263400017987305 ], [ -99.142354796939074, 19.26320840362694 ], [ -99.142276593248539, 19.26244097149317 ], [ -99.142234349968604, 19.26225161910061 ], [ -99.142140796805037, 19.261779903494116 ], [ -99.142353222882292, 19.26122370198928 ], [ -99.142428386763783, 19.26094562531636 ], [ -99.142387892622679, 19.260280098197683 ], [ -99.14230793370858, 19.260141151336192 ], [ -99.142245709635091, 19.25999376585176 ], [ -99.14224120513353, 19.259913733815019 ], [ -99.142032628298679, 19.259787523994113 ], [ -99.141948227192415, 19.259640155620275 ], [ -99.141814865780319, 19.259294842505081 ], [ -99.141584098242802, 19.259151799772312 ], [ -99.141384328825538, 19.258949759222602 ], [ -99.141251210797606, 19.258886676107167 ], [ -99.141060421073462, 19.258811000185862 ], [ -99.140940573670818, 19.258705782631743 ], [ -99.140787422764276, 19.258556360457604 ], [ -99.140541064892361, 19.258333292827196 ], [ -99.140381254359156, 19.258175450623732 ], [ -99.140261336228434, 19.257985984706455 ], [ -99.140176948368421, 19.257851252656479 ], [ -99.140154667421044, 19.257729110183728 ], [ -99.140176747949283, 19.25761535851359 ], [ -99.140214363176653, 19.257514232127313 ], [ -99.140280810399815, 19.257415189823341 ], [ -99.140418208140019, 19.257297137252767 ], [ -99.140475841702127, 19.257265500015496 ], [ -99.140615499965847, 19.257197994340487 ], [ -99.140757377619281, 19.257132593050432 ], [ -99.140810559466317, 19.257082003340667 ], [ -99.14080605934501, 19.257006183633784 ], [ -99.140717166085864, 19.256789313515522 ], [ -99.140617184560782, 19.256572451871342 ], [ -99.140552803075863, 19.256492465774791 ], [ -99.14037086035907, 19.256385189309078 ], [ -99.140160118240203, 19.256313740117459 ], [ -99.140040308983941, 19.25625064589088 ], [ -99.139960355802998, 19.256113804115117 ], [ -99.139782663710804, 19.255787479052689 ], [ -99.139551655249818, 19.255351672098747 ], [ -99.139453706922069, 19.254913657246508 ], [ -99.139395848022076, 19.254677806963009 ], [ -99.139484346723421, 19.254431314127228 ], [ -99.139484070781748, 19.254104853349595 ], [ -99.139550305138542, 19.253755173640709 ], [ -99.139665381166083, 19.253468642620891 ], [ -99.139734096483082, 19.253430678550508 ], [ -99.139802811768362, 19.253392714454446 ], [ -99.139909159339723, 19.253274685954427 ], [ -99.139948930688277, 19.253101947125426 ], [ -99.140055313717241, 19.253026042514687 ], [ -99.140103969760148, 19.252870146448771 ], [ -99.140148240495677, 19.252773227333208 ], [ -99.14017917309026, 19.252638406821504 ], [ -99.140181324544727, 19.25256047576362 ], [ -99.140145763506837, 19.25246783019352 ], [ -99.140141188716171, 19.252303550073549 ], [ -99.140183141455751, 19.252088685499697 ], [ -99.140198591580372, 19.252002319445999 ], [ -99.140375846837685, 19.251818944104443 ], [ -99.140422347314455, 19.251736766606321 ], [ -99.140468838782255, 19.251644058100588 ], [ -99.140482049571546, 19.251532419333135 ], [ -99.140672611586524, 19.251351139682722 ], [ -99.140903022154006, 19.251089793530195 ], [ -99.141155548781668, 19.250758925404451 ], [ -99.14131284487037, 19.25057767074021 ], [ -99.141534247430883, 19.250158365686016 ], [ -99.141702457010268, 19.249774906964269 ], [ -99.141733373320747, 19.249623236561845 ], [ -99.141764284148692, 19.249465247553559 ], [ -99.141739655385209, 19.249191460515238 ], [ -99.141770475283394, 19.248950823394289 ], [ -99.140788231628889, 19.248213100811395 ], [ -99.140368599115803, 19.247897928537387 ], [ -99.140131194773971, 19.247431562636134 ], [ -99.139329090939654, 19.246220310953884 ], [ -99.139188880372657, 19.2460085776904 ], [ -99.138888888888914, 19.245555555583991 ], [ -99.140035265067368, 19.244260348184454 ], [ -99.140081825416232, 19.244207742436995 ], [ -99.140382526275033, 19.243621052827145 ], [ -99.140508583098764, 19.243622491454712 ], [ -99.141192984472411, 19.243614633393506 ], [ -99.141602198426085, 19.243746282104865 ], [ -99.141679362149873, 19.243716896869429 ], [ -99.141697343525976, 19.24368266984197 ], [ -99.141712720471716, 19.243611787927801 ], [ -99.141728243545856, 19.243559987118847 ], [ -99.141975658625213, 19.243614434864561 ], [ -99.142154097313693, 19.243734503254295 ], [ -99.142252068280627, 19.243936593266845 ], [ -99.142280968622998, 19.24409502533404 ], [ -99.1434405114979, 19.244509380377242 ], [ -99.143731064894268, 19.244552864021554 ], [ -99.144078192556108, 19.244665659767314 ], [ -99.14417991060283, 19.244700037597479 ], [ -99.144191120321935, 19.244361263947646 ], [ -99.144239782618868, 19.24409076013508 ], [ -99.144180664921009, 19.243562948962975 ], [ -99.14410355786039, 19.242905190438023 ], [ -99.144086119751861, 19.242487624976881 ], [ -99.144080055902705, 19.242342422105317 ], [ -99.144140298292314, 19.242124065857954 ], [ -99.144203326286487, 19.241869693345265 ], [ -99.144136674009957, 19.241394059151624 ], [ -99.144066735796557, 19.240894973262026 ], [ -99.143904078280457, 19.239734221234734 ], [ -99.144665504721289, 19.239560111705149 ], [ -99.145092223148652, 19.239470226970415 ], [ -99.145725342173705, 19.239336885827822 ], [ -99.145985176358238, 19.239304909482222 ], [ -99.146108696851982, 19.239329248880935 ], [ -99.146184560717643, 19.239403522416019 ], [ -99.146253003961149, 19.239583288239913 ], [ -99.146305758904148, 19.239827623347917 ], [ -99.146392284856717, 19.23997174016597 ], [ -99.146503045447503, 19.24011339160754 ], [ -99.146624091351313, 19.240247703359191 ], [ -99.146760522789748, 19.240323351640619 ], [ -99.146917518067241, 19.240376989171406 ], [ -99.147133688212946, 19.240428135219759 ], [ -99.147326671766635, 19.24044508656123 ], [ -99.14750724347239, 19.240253559249574 ], [ -99.147319325292898, 19.239893113133238 ], [ -99.147016989901729, 19.239313199441622 ], [ -99.147188092941946, 19.239181341450251 ], [ -99.147342950200851, 19.239018494452612 ], [ -99.147542171401042, 19.238945200252541 ], [ -99.147612076375125, 19.238919481892957 ], [ -99.147790428824834, 19.238803107693762 ], [ -99.147968781022513, 19.238686733320918 ], [ -99.148086978198833, 19.23858203047347 ], [ -99.14823575029169, 19.238457931077342 ], [ -99.148333772721486, 19.238389551825563 ], [ -99.148908375481895, 19.238004087014001 ], [ -99.149093302359233, 19.237879580908842 ], [ -99.149265092071829, 19.237788770452806 ], [ -99.149383329829149, 19.23773055885972 ], [ -99.149477142747557, 19.237726607946936 ], [ -99.149548528315563, 19.237730423994503 ], [ -99.149583176796511, 19.237705212454483 ], [ -99.149644294720176, 19.237631549977088 ], [ -99.149740080327746, 19.237553984784714 ], [ -99.149850138720623, 19.23747253351689 ], [ -99.14993558134185, 19.23743830588732 ], [ -99.150021418450123, 19.237431712638603 ], [ -99.150098920592612, 19.237433586288436 ], [ -99.150190677986117, 19.237412202148825 ], [ -99.150300803043379, 19.237404363089219 ], [ -99.150394629861523, 19.237415909071281 ], [ -99.150472128470227, 19.237413908222219 ], [ -99.150586307756043, 19.237378945252214 ], [ -99.150720848234187, 19.237307159184319 ], [ -99.150780000289458, 19.237314859167082 ], [ -99.150837100484921, 19.237309000617838 ], [ -99.15095246294824, 19.237306131419519 ], [ -99.150998216032633, 19.237304993467031 ], [ -99.15108589781515, 19.237287486584737 ], [ -99.151189879473861, 19.237252531654061 ], [ -99.151344865861944, 19.237236906228485 ], [ -99.151514149909772, 19.237244514902784 ], [ -99.151597754419441, 19.237228948321711 ], [ -99.151722111164517, 19.237172667327098 ], [ -99.151895383271892, 19.237081476579366 ], [ -99.151980989711134, 19.237025227553499 ], [ -99.152019759414472, 19.237046504257421 ], [ -99.15214420152239, 19.23708320715528 ], [ -99.152211511477574, 19.237090899896554 ], [ -99.152309392195377, 19.237075321121935 ], [ -99.152368503138575, 19.237038465673532 ], [ -99.152415373611149, 19.236997746052552 ], [ -99.152464247777658, 19.236918281313731 ], [ -99.152506982006571, 19.236815575613342 ], [ -99.152519145527037, 19.23673614143355 ], [ -99.152594470094755, 19.236588853605664 ], [ -99.152669796319287, 19.23644350291578 ], [ -99.152716657594624, 19.236393097364338 ], [ -99.152783952959624, 19.236385292533758 ], [ -99.152904355241205, 19.236464616073292 ], [ -99.15299824628984, 19.236545898859692 ], [ -99.153059425080627, 19.236540036210663 ], [ -99.153193999720486, 19.236506991738981 ], [ -99.153314262045541, 19.236435215715627 ], [ -99.15346916286407, 19.236328541488074 ], [ -99.153605710067183, 19.236223819699948 ], [ -99.153658723634152, 19.236210215013593 ], [ -99.153805586138873, 19.236208613889509 ], [ -99.153864709933259, 19.236210042028294 ], [ -99.154027824045357, 19.23616341275633 ], [ -99.154141960124008, 19.236083892656104 ], [ -99.154233712612864, 19.236058632155174 ], [ -99.154390737040146, 19.236043002441026 ], [ -99.154504959829211, 19.236056466293828 ], [ -99.154661384210897, 19.235948207180833 ], [ -99.15470673637104, 19.235916819537564 ], [ -99.155102401592785, 19.235926170655759 ], [ -99.155277804658454, 19.235935707846718 ], [ -99.155434836154313, 19.235927825919749 ], [ -99.15555519922826, 19.235964529966907 ], [ -99.155642901703089, 19.235970266951437 ], [ -99.155799894843966, 19.235921704135372 ], [ -99.155901804082944, 19.235853816376899 ], [ -99.155921631850859, 19.235832328555141 ], [ -99.155975149783444, 19.235774329865102 ], [ -99.156179031716249, 19.235667517463472 ], [ -99.156238110388216, 19.235636566468216 ], [ -99.156266620694836, 19.235591987185295 ], [ -99.15632162013398, 19.235522202050273 ], [ -99.156386772807238, 19.235405916101268 ], [ -99.156456017145317, 19.235303186835409 ], [ -99.156504942086698, 19.235279898960872 ], [ -99.15659669192307, 19.235252700108926 ], [ -99.1566904940467, 19.235239059658245 ], [ -99.156804687035518, 19.235221527354835 ], [ -99.156920908414449, 19.235192370210473 ], [ -99.157020795698472, 19.235143855281351 ], [ -99.15713290490811, 19.235079832434611 ], [ -99.157249140879586, 19.235066172445272 ], [ -99.157249140672334, 19.235066172057923 ], [ -99.157132904907712, 19.235079832023047 ], [ -99.157020795698088, 19.235143854869786 ], [ -99.156920908414065, 19.235192369798916 ], [ -99.15680468703512, 19.235221526943274 ], [ -99.156690494046302, 19.23523905924668 ], [ -99.156596691922687, 19.235252699697366 ], [ -99.156504942086301, 19.235279898549308 ], [ -99.156456017144933, 19.23530318642386 ], [ -99.156386772806854, 19.235405915689697 ], [ -99.156321620133582, 19.235522201638705 ], [ -99.156266620694439, 19.235591986773823 ], [ -99.156238110387818, 19.235636566056737 ], [ -99.156179031715851, 19.235667517052008 ], [ -99.155975149783046, 19.235774329453537 ], [ -99.155921631850461, 19.235832328143662 ], [ -99.155901804082546, 19.235853815965427 ], [ -99.155799894843568, 19.235921703723896 ], [ -99.155642901702706, 19.23597026654005 ], [ -99.155555199227877, 19.235964529555428 ], [ -99.155434836153944, 19.235927825508281 ], [ -99.155277804658084, 19.235935707435242 ], [ -99.155102401592401, 19.235926170244277 ], [ -99.154706736370656, 19.235916819126093 ], [ -99.154661384210513, 19.235948206769354 ], [ -99.154504959828841, 19.236056465882349 ], [ -99.154390737039762, 19.236043002029554 ], [ -99.154233712612495, 19.236058631743703 ], [ -99.154141960123624, 19.236083892244718 ], [ -99.154027824044974, 19.236163412344855 ], [ -99.153864709932876, 19.236210041616822 ], [ -99.153805586138489, 19.236208613478034 ], [ -99.153658723633782, 19.23621021460221 ], [ -99.153605710066813, 19.23622381928848 ], [ -99.153469162863701, 19.236328541076688 ], [ -99.153314262045171, 19.236435215304152 ], [ -99.153193999720102, 19.236506991327598 ], [ -99.153059425080244, 19.236540035799276 ], [ -99.152998246289457, 19.236545898448306 ], [ -99.152904355240821, 19.236464615661816 ], [ -99.152783952959254, 19.236385292122375 ], [ -99.15271665759424, 19.236393096952952 ], [ -99.152669796318904, 19.236443502504393 ], [ -99.152594470094371, 19.236588853194277 ], [ -99.152519145526654, 19.236736141022256 ], [ -99.152506982006187, 19.236815575201955 ], [ -99.152464247777289, 19.236918280902437 ], [ -99.152415373610765, 19.236997745641265 ], [ -99.152368503138192, 19.237038465262241 ], [ -99.152309392194994, 19.237075320710641 ], [ -99.152211511477191, 19.23709089948526 ], [ -99.152144201522006, 19.237083206743989 ], [ -99.152019759414088, 19.23704650384613 ], [ -99.151980989710751, 19.237025227142119 ], [ -99.151895383271508, 19.237081476168079 ], [ -99.151722111164133, 19.237172666915715 ], [ -99.151597754419058, 19.237228947910413 ], [ -99.151514149909389, 19.237244514491493 ], [ -99.15134486586156, 19.237236905817195 ], [ -99.151189879473478, 19.237252531242767 ], [ -99.151085897814767, 19.23728748617344 ], [ -99.150998216032249, 19.237304993055741 ], [ -99.150952462947856, 19.237306131008229 ], [ -99.150837100484537, 19.237309000206551 ], [ -99.150780000289089, 19.237314858755788 ], [ -99.150720848233817, 19.237307158773028 ], [ -99.150586307755674, 19.237378944840916 ], [ -99.150472128469858, 19.237413907810918 ], [ -99.150394629861154, 19.237415908659994 ], [ -99.15030080304301, 19.237404362677925 ], [ -99.150190677985762, 19.237412201737619 ], [ -99.150098920592242, 19.237433585877142 ], [ -99.150021418449754, 19.237431712227313 ], [ -99.149935581341481, 19.237438305476026 ], [ -99.149850138720254, 19.237472533105596 ], [ -99.149740080327391, 19.237553984373427 ], [ -99.149644294719806, 19.237631549565787 ], [ -99.149583176796142, 19.237705212043192 ], [ -99.149548528315194, 19.237730423583209 ], [ -99.149477142747187, 19.237726607535638 ], [ -99.14938332982878, 19.237730558448426 ], [ -99.14926509207146, 19.237788770041607 ], [ -99.149093302358864, 19.237879580497641 ], [ -99.148908375481525, 19.238004086602803 ], [ -99.148333772721116, 19.23838955141445 ], [ -99.14823575029132, 19.238457930666151 ], [ -99.148086978198464, 19.238582030062357 ], [ -99.147968781022144, 19.238686732909802 ], [ -99.147790428824464, 19.238803107282653 ], [ -99.14761207637477, 19.238919481481844 ], [ -99.147542171400673, 19.238945199841428 ], [ -99.147342950200482, 19.239018494041591 ], [ -99.147188092941576, 19.239181341039149 ], [ -99.14701698990136, 19.239313199030605 ], [ -99.146237912793168, 19.237803263310511 ], [ -99.144604548667928, 19.234637524964015 ], [ -99.144574350435605, 19.234580815813718 ], [ -99.144717629244141, 19.234516414772067 ], [ -99.144748502993352, 19.234447626282563 ], [ -99.144779342538214, 19.234408501170677 ], [ -99.144830764600272, 19.234369359774437 ], [ -99.144923362410765, 19.234342404756728 ], [ -99.145021122984218, 19.234334995968378 ], [ -99.145100899595562, 19.234356926927415 ], [ -99.145219298551623, 19.234413040362579 ], [ -99.145319670664193, 19.234449617663721 ], [ -99.145389134590275, 19.234447118725111 ], [ -99.145481728046875, 19.234415275837929 ], [ -99.145574282705041, 19.234339444614722 ], [ -99.145725277161034, 19.234330340580165 ], [ -99.145757859419177, 19.234331812086076 ], [ -99.145867581559955, 19.234336767401818 ], [ -99.146037307473435, 19.234246211678478 ], [ -99.146243067725209, 19.234172733590551 ], [ -99.146379413834651, 19.234157961869588 ], [ -99.146559545432254, 19.234196918507937 ], [ -99.146763168233278, 19.234287553830018 ], [ -99.14682311793068, 19.234314121337427 ], [ -99.146815353906263, 19.234271697264802 ], [ -99.146801061682893, 19.234193601840122 ], [ -99.146891719008636, 19.234092121122618 ], [ -99.146938495065243, 19.234035832073236 ], [ -99.146952152653753, 19.234019396888698 ], [ -99.147001860456939, 19.233890906837754 ], [ -99.147012881389287, 19.23376784573351 ], [ -99.146967836117653, 19.233647554910519 ], [ -99.147001488996153, 19.233473444131711 ], [ -99.147048702896925, 19.233367857084186 ], [ -99.146684969460196, 19.233418017378153 ], [ -99.14669119264002, 19.233373626904072 ], [ -99.146807879133362, 19.232541287784588 ], [ -99.14704528218266, 19.232025963532791 ], [ -99.146982294078668, 19.231898254833968 ], [ -99.146893262570686, 19.231825650511912 ], [ -99.146793327971267, 19.231812569309543 ], [ -99.146225933357883, 19.231738297624251 ], [ -99.146182034490351, 19.231711013210212 ], [ -99.146112008281392, 19.231707402740646 ], [ -99.145570847942636, 19.231679489479465 ], [ -99.145620867504149, 19.231541719191267 ], [ -99.145597249302355, 19.231408255043668 ], [ -99.14548036642033, 19.231247933445772 ], [ -99.14543007933753, 19.230865599458415 ], [ -99.145661055531065, 19.230828452773874 ], [ -99.145629751245963, 19.230718220944848 ], [ -99.145715167451513, 19.230692396306967 ], [ -99.145833928599771, 19.230609428479813 ], [ -99.146009000304986, 19.230617964921905 ], [ -99.146055401175786, 19.230692577147 ], [ -99.146147696970544, 19.230699914212714 ], [ -99.146158129718117, 19.230877672259052 ], [ -99.146585655043978, 19.230927940193681 ], [ -99.146734578817814, 19.230740474878882 ], [ -99.146795386803348, 19.230699846529447 ], [ -99.146890046324899, 19.230636600478054 ], [ -99.147229190459086, 19.230695432972311 ], [ -99.147567522203275, 19.230803158019533 ], [ -99.147730617408797, 19.230824354874194 ], [ -99.14807302180229, 19.230910747349075 ], [ -99.148301329122191, 19.230974818773241 ], [ -99.148569520844504, 19.230954176789282 ], [ -99.148699777933913, 19.231065773769291 ], [ -99.14885296811498, 19.231180966989076 ], [ -99.148975916658799, 19.231206081455607 ], [ -99.149094444015248, 19.231181764669596 ], [ -99.149223973868686, 19.23133032497131 ], [ -99.149798127852776, 19.231496235387002 ], [ -99.149837709819394, 19.231741782459782 ], [ -99.15274489754286, 19.224939915725123 ], [ -99.15277725411687, 19.224864378921566 ], [ -99.152818993115233, 19.224766534257625 ], [ -99.15355009400237, 19.223055794094602 ], [ -99.153584677041948, 19.222974940006313 ], [ -99.153637612216144, 19.222850853537146 ], [ -99.155125953162667, 19.219368238431485 ], [ -99.149807214278212, 19.21773978622166 ], [ -99.149774576342935, 19.217729792801762 ], [ -99.149742669883238, 19.217720023345912 ], [ -99.146823341753162, 19.216826124211916 ], [ -99.145543187439245, 19.216434122802365 ], [ -99.143426540941192, 19.21578595184091 ], [ -99.141555446697424, 19.215212950544398 ], [ -99.139190747794629, 19.214488755318794 ], [ -99.137858888678736, 19.21408085369875 ], [ -99.137832786188596, 19.211852437035155 ], [ -99.136839297736387, 19.210414659680652 ], [ -99.136657177244345, 19.209650314027076 ], [ -99.136622487559109, 19.209444006759043 ], [ -99.136622487488822, 19.209444006753902 ], [ -99.13419062921335, 19.209437426267954 ], [ -99.133389057254846, 19.209873665367102 ], [ -99.133325399561855, 19.209988976309059 ], [ -99.13325141063136, 19.210043731967261 ], [ -99.133152721957174, 19.210071154609995 ], [ -99.133031394761716, 19.210077103614942 ], [ -99.132932658934905, 19.21004591703965 ], [ -99.132875036900245, 19.209995164234595 ], [ -99.132854451783302, 19.209969781863414 ], [ -99.132899653356205, 19.209918953683939 ], [ -99.132924265081172, 19.209836883049004 ], [ -99.132911830516804, 19.209717720985378 ], [ -99.132858291729789, 19.209629846091953 ], [ -99.132829441577542, 19.209555628759013 ], [ -99.132796439315285, 19.209432573480267 ], [ -99.13279428719278, 19.209313403123801 ], [ -99.132806520899251, 19.209182500516047 ], [ -99.132806386027738, 19.209014487744358 ], [ -99.132804205677402, 19.208860151917897 ], [ -99.132799857536952, 19.208567109352934 ], [ -99.132799702291152, 19.208373699288462 ], [ -99.132768800640207, 19.208305344335155 ], [ -99.132742035427043, 19.208266290953972 ], [ -99.132653559492056, 19.208205792213484 ], [ -99.132534225929845, 19.208131640273358 ], [ -99.132474520082141, 19.208045723345482 ], [ -99.132404486723132, 19.207903158345989 ], [ -99.132357083750577, 19.207772298809484 ], [ -99.132344652884257, 19.207657043121799 ], [ -99.1324123622842, 19.207465537668849 ], [ -99.132484176583787, 19.207264261029238 ], [ -99.132514948052588, 19.20717046414434 ], [ -99.132528655054486, 19.207068570526072 ], [ -99.132551744806932, 19.206896928156773 ], [ -99.132524900072667, 19.20675823922922 ], [ -99.132481571094218, 19.206578535798101 ], [ -99.132438290685528, 19.206459395114525 ], [ -99.132308599801746, 19.206289522194741 ], [ -99.132215974769878, 19.206182138889755 ], [ -99.132043077630783, 19.205984945985904 ], [ -99.131752915193061, 19.205725320778527 ], [ -99.131623256669897, 19.205594520107212 ], [ -99.131518281553483, 19.205471516192109 ], [ -99.131437986670491, 19.205352401800727 ], [ -99.131357642276996, 19.20517077096158 ], [ -99.131318441764648, 19.205008647008579 ], [ -99.131273106200908, 19.204889507494915 ], [ -99.131233964714099, 19.204801621759355 ], [ -99.131230716941118, 19.204697122433586 ], [ -99.131197869001795, 19.204564093175808 ], [ -99.131126639229635, 19.204430514296593 ], [ -99.131019671402598, 19.204262570625584 ], [ -99.130875515478593, 19.204123972371178 ], [ -99.130764507865976, 19.204047852470691 ], [ -99.130587623690644, 19.204004998472382 ], [ -99.130564382017923, 19.203999413629663 ], [ -99.130449818854927, 19.203971884699829 ], [ -99.130222143907218, 19.203920896146485 ], [ -99.130050008480509, 19.203904974118068 ], [ -99.13029973480144, 19.203164428539043 ], [ -99.129710431092846, 19.20300230120522 ], [ -99.129302369580472, 19.202937806409679 ], [ -99.129392360062099, 19.20246995470638 ], [ -99.129413522949335, 19.202317682985189 ], [ -99.129444327624441, 19.202064707165466 ], [ -99.129474638955529, 19.20181295041353 ], [ -99.129507379226197, 19.201542560403837 ], [ -99.129523934897605, 19.200751175350781 ], [ -99.129513631851779, 19.200658844965709 ], [ -99.129505221617407, 19.200554418820648 ], [ -99.129489342594312, 19.200441177208209 ], [ -99.129317307256898, 19.200074166594884 ], [ -99.129153930096962, 19.199796893089449 ], [ -99.1290603939335, 19.199371060330837 ], [ -99.129390222928365, 19.198555685846248 ], [ -99.129465364672257, 19.198443112637602 ], [ -99.129418946461556, 19.198271068597808 ], [ -99.129272692681354, 19.198393749685916 ], [ -99.129152698895737, 19.198344689876624 ], [ -99.129199740755823, 19.197977517475234 ], [ -99.129272508047265, 19.197679445094391 ], [ -99.129947004396982, 19.196703429017482 ], [ -99.128817542070024, 19.196303442949045 ], [ -99.127888602215123, 19.195938813333637 ], [ -99.127184191327387, 19.195727189469594 ], [ -99.126631036815709, 19.196314309689473 ], [ -99.125191936778705, 19.195561303772671 ], [ -99.125230397020474, 19.195320601933584 ], [ -99.124680382498639, 19.194741723485489 ], [ -99.12432799155323, 19.194317720911585 ], [ -99.124192146119768, 19.193997923775925 ], [ -99.123260192158213, 19.19269546717474 ], [ -99.12294408576615, 19.192458516416615 ], [ -99.122823528711223, 19.192001721293753 ], [ -99.122848956806749, 19.191552986864551 ], [ -99.122702609635439, 19.191055416386043 ], [ -99.122745362933884, 19.190810632816063 ], [ -99.122950963422326, 19.190288358361073 ], [ -99.122967907037264, 19.189978324017954 ], [ -99.122756138464723, 19.189357968301263 ], [ -99.122851182702234, 19.189283670552612 ], [ -99.124538916877597, 19.184686127465035 ], [ -99.124402441174439, 19.184638176991346 ], [ -99.123517976360461, 19.183232851163854 ], [ -99.121768999397219, 19.181987740852744 ], [ -99.120457054634926, 19.180673099574772 ], [ -99.121475120303813, 19.178526098471497 ], [ -99.123221638848477, 19.176517059297925 ], [ -99.123002033510645, 19.174994015632063 ], [ -99.124093249594651, 19.173331634642974 ], [ -99.125038359803895, 19.171046115894057 ], [ -99.125256043009514, 19.170007460596501 ], [ -99.124819006399207, 19.167937568257575 ], [ -99.124015319138977, 19.166546461333819 ], [ -99.124887905987691, 19.164745675902431 ], [ -99.124011798857296, 19.161838339254821 ], [ -99.125319061866719, 19.156990869646453 ], [ -99.129394003028011, 19.154634826669795 ], [ -99.130496153964842, 19.143204639916512 ], [ -99.138324397959053, 19.14867483283453 ], [ -99.141216487361376, 19.15082626718268 ], [ -99.142294617301118, 19.145789740014028 ], [ -99.143409441127346, 19.147176929218858 ], [ -99.142294617339701, 19.145789739766279 ], [ -99.150390193290775, 19.111656982169205 ], [ -99.12567320974884, 19.08784853660465 ], [ -99.157104221992171, 19.089497940639607 ], [ -99.202235633894702, 19.090281714785682 ], [ -99.204984722652995, 19.09032679734025 ], [ -99.214684620428756, 19.090485463953069 ], [ -99.215702997149137, 19.09050209789304 ] ], [ [ -99.142253123387775, 19.274011526607282 ], [ -99.142391533489302, 19.27404489108466 ], [ -99.142529943646181, 19.27407825545675 ], [ -99.142558682507996, 19.274099308161777 ], [ -99.142625828553662, 19.274135239329105 ], [ -99.142681163782427, 19.274149642561458 ], [ -99.143130750094031, 19.274267863576068 ], [ -99.143686781494935, 19.274413864447972 ], [ -99.143712620368447, 19.274376992791669 ], [ -99.143786975375093, 19.274349295809841 ], [ -99.145345976107492, 19.274658228262695 ], [ -99.145417181068225, 19.274725732418617 ], [ -99.14542901683599, 19.274797809612284 ], [ -99.14562594434976, 19.274736337997329 ], [ -99.146041324112971, 19.274082761257525 ], [ -99.145625944349405, 19.274736337590916 ], [ -99.145429016835635, 19.274797809205968 ], [ -99.14541718106787, 19.274725732012204 ], [ -99.145345976107137, 19.274658227856282 ], [ -99.143786975374738, 19.274349295403429 ], [ -99.143712620368092, 19.274376992385172 ], [ -99.143686781494566, 19.274413864041474 ], [ -99.143130750093675, 19.274267863169651 ], [ -99.142681163782072, 19.274149642155052 ], [ -99.142625828553292, 19.274135238922693 ], [ -99.142558682507641, 19.274099307755275 ], [ -99.142529943645826, 19.274078255050341 ], [ -99.142391533488947, 19.274044890678244 ], [ -99.14225312338742, 19.274011526200866 ], [ -99.142074951718527, 19.273956423507801 ], [ -99.142253123387775, 19.274011526607282 ] ], [ [ -99.145400999388571, 19.275407962153672 ], [ -99.145359602927542, 19.27553286225282 ], [ -99.145400999539731, 19.275407961911256 ], [ -99.14542901683599, 19.274797809612284 ], [ -99.145400999388571, 19.275407962153672 ] ], [ [ -99.178622129363504, 19.293038729368334 ], [ -99.179613012170378, 19.293461476274352 ], [ -99.178622129177398, 19.293038728996539 ], [ -99.178233284320612, 19.292872831753975 ], [ -99.178622129363504, 19.293038729368334 ] ], [ [ -99.17182902241629, 19.258458456970882 ], [ -99.171235116882002, 19.258951506986477 ], [ -99.170867521282702, 19.25929994250907 ], [ -99.17072847485521, 19.259484255880324 ], [ -99.170561161885701, 19.259985013349006 ], [ -99.170438225675596, 19.260352839587114 ], [ -99.170407715875299, 19.260444124916457 ], [ -99.170438225675625, 19.260352839587114 ], [ -99.170561161885729, 19.259985013349006 ], [ -99.17072847485521, 19.259484255880324 ], [ -99.170867521282716, 19.259299942509156 ], [ -99.171235116882031, 19.258951506986477 ], [ -99.17182902241629, 19.258458456970956 ], [ -99.17182902241629, 19.258458456970882 ] ], [ [ -99.17181657429893, 19.258361310165586 ], [ -99.171789898566857, 19.258151941900902 ], [ -99.1717898985668, 19.258151941900913 ], [ -99.171816574298902, 19.258361310165586 ], [ -99.171825159806801, 19.258428312652544 ], [ -99.17181657429893, 19.258361310165586 ] ], [ [ -99.171082171709756, 19.25841049123494 ], [ -99.170888536972328, 19.258522280303339 ], [ -99.170801817116597, 19.258538750741302 ], [ -99.170801817116597, 19.258538750741302 ], [ -99.170888536972299, 19.258522280303435 ], [ -99.171082171709799, 19.258410491235026 ], [ -99.171240264490578, 19.258293511570983 ], [ -99.171082171709756, 19.25841049123494 ] ], [ [ -99.170304891896208, 19.258299068287315 ], [ -99.169473714235053, 19.257904505630886 ], [ -99.169441013077474, 19.257886277711489 ], [ -99.169473714234996, 19.257904505630886 ], [ -99.170304891896194, 19.258299068287315 ], [ -99.170505683319803, 19.258396328376687 ], [ -99.170304891896208, 19.258299068287315 ] ], [ [ -99.168681502520599, 19.257664016740215 ], [ -99.168348732985507, 19.257575556231064 ], [ -99.168681502520613, 19.257664016740303 ], [ -99.168944549007421, 19.25770171564432 ], [ -99.168681502520599, 19.257664016740215 ] ], [ [ -99.168083388544375, 19.257495377469329 ], [ -99.168130785131552, 19.257272539365538 ], [ -99.168181844152215, 19.257182034491649 ], [ -99.168411104037276, 19.256937237511181 ], [ -99.168502389849436, 19.25671939892576 ], [ -99.168923459745898, 19.256244943959473 ], [ -99.168922955243602, 19.256244097678696 ], [ -99.168923459649207, 19.25624494379942 ], [ -99.168502389302731, 19.25671939908198 ], [ -99.168411103404836, 19.256937237566895 ], [ -99.168181843576662, 19.257182034959772 ], [ -99.168130785094874, 19.257272539068701 ], [ -99.168083387964614, 19.257495377195752 ], [ -99.167992262958464, 19.25746516801367 ], [ -99.168083388544403, 19.257495377469418 ], [ -99.168281530323824, 19.257556443443683 ], [ -99.168083388544375, 19.257495377469329 ] ], [ [ -99.168955125148869, 19.255673562520084 ], [ -99.169009205171179, 19.255559142602472 ], [ -99.16909988698832, 19.255370531548735 ], [ -99.169009204653776, 19.255559142552066 ], [ -99.168955124654744, 19.255673562663244 ], [ -99.168795888441807, 19.256018735465148 ], [ -99.168955125148869, 19.255673562520084 ] ], [ [ -99.169100701116676, 19.255368838223582 ], [ -99.169157179852149, 19.255245269666812 ], [ -99.169186433471339, 19.255181266251 ], [ -99.169157179746691, 19.255245269583398 ], [ -99.169100700978859, 19.255368838510243 ], [ -99.169100701116676, 19.255368838223582 ] ], [ [ -99.169308372543441, 19.254914521232539 ], [ -99.169035417020268, 19.254847068897771 ], [ -99.16901889701569, 19.254823584069698 ], [ -99.169035417238888, 19.25484706937149 ], [ -99.169308372321069, 19.254914521579682 ], [ -99.169277806244111, 19.254981382782159 ], [ -99.169308372543441, 19.254914521232539 ] ], [ [ -99.171794350646636, 19.214574796914853 ], [ -99.171821130994758, 19.214518597327675 ], [ -99.17179435, 19.214574796999958 ], [ -99.171290859429632, 19.215034948627785 ], [ -99.171794350646636, 19.214574796914853 ] ], [ [ -99.17608724816192, 19.207999631543952 ], [ -99.176901271282588, 19.206717722802114 ], [ -99.176087247634868, 19.207999631548169 ], [ -99.175442753756556, 19.20903667963789 ], [ -99.17608724816192, 19.207999631543952 ] ], [ [ -99.15067797348928, 19.201810157421729 ], [ -99.151384508169258, 19.201815557965563 ], [ -99.151384508169258, 19.201815557965563 ], [ -99.15067797348928, 19.201810157421729 ] ], [ [ -99.18531381997191, 19.205038468153635 ], [ -99.186589272247886, 19.205536380973133 ], [ -99.185313819971924, 19.20503846815355 ], [ -99.18531381997191, 19.205038468153635 ] ], [ [ -99.228614510797755, 19.303057766811659 ], [ -99.228268840682304, 19.303110871785307 ], [ -99.228108566164195, 19.30318720855967 ], [ -99.228268840683256, 19.303110872608062 ], [ -99.228614510797755, 19.303057766811659 ] ], [ [ -99.230852652407009, 19.299421788020272 ], [ -99.230787332863784, 19.299464887616494 ], [ -99.230852652897269, 19.299421788100307 ], [ -99.230852652407009, 19.299421788020272 ] ], [ [ -99.196792446069253, 19.213933251705026 ], [ -99.19649323550658, 19.214230131390639 ], [ -99.196443117166552, 19.214511766049576 ], [ -99.19649323550658, 19.214230131390732 ], [ -99.196792446069253, 19.213933251705026 ] ], [ [ -99.202263252591649, 19.217034310332696 ], [ -99.202244685606132, 19.217017848871251 ], [ -99.202188294072926, 19.216967852190859 ], [ -99.202244685606132, 19.217017848871343 ], [ -99.202263252591649, 19.217034310332696 ] ], [ [ -99.202286154197338, 19.217054614854625 ], [ -99.202735853199201, 19.217743449415174 ], [ -99.202286154197353, 19.217054614854625 ], [ -99.202263252591649, 19.217034310332696 ], [ -99.202286154197338, 19.217054614854625 ] ], [ [ -99.209732667890037, 19.214037849975639 ], [ -99.209492533675231, 19.214062140376576 ], [ -99.209233287108106, 19.213966373504473 ], [ -99.209492533675231, 19.214062140376669 ], [ -99.209732667890037, 19.214037849975639 ] ], [ [ -99.210838681523327, 19.214030577009279 ], [ -99.210620740558738, 19.214111880770449 ], [ -99.210412218463375, 19.214145141951938 ], [ -99.210620740558738, 19.214111880770535 ], [ -99.210838681523327, 19.214030577009279 ] ], [ [ -99.210952397757367, 19.21399442252336 ], [ -99.211048921316035, 19.214105384257593 ], [ -99.210952397757367, 19.213994422523271 ], [ -99.210838681523327, 19.214030577009279 ], [ -99.210952397757367, 19.21399442252336 ] ], [ [ -99.214121304345255, 19.212286214144868 ], [ -99.213938629947293, 19.212390626742842 ], [ -99.213614045472923, 19.212739525762764 ], [ -99.213938629947293, 19.212390626742931 ], [ -99.214121304345255, 19.212286214144868 ] ], [ [ -99.212561858819868, 19.211019939678053 ], [ -99.213567050561991, 19.210920692279171 ], [ -99.214395180795364, 19.210829973491585 ], [ -99.213567050561991, 19.210920692279171 ], [ -99.212561858819868, 19.211019939678053 ] ], [ [ -99.23559584912563, 19.271674547654168 ], [ -99.23559584912563, 19.271674547654172 ], [ -99.235818479817226, 19.271601323728394 ], [ -99.23559584912563, 19.271674547654168 ] ], [ [ -99.232454196291087, 19.271462198045967 ], [ -99.232738634299409, 19.271634445409337 ], [ -99.232631271722937, 19.271751281084772 ], [ -99.232738634299423, 19.271634445409337 ], [ -99.232454196291087, 19.271462198045967 ] ], [ [ -99.230899531499389, 19.269409377361985 ], [ -99.231149971634522, 19.270466168736682 ], [ -99.231386622532241, 19.271464759967955 ], [ -99.231149971634537, 19.270466168736682 ], [ -99.230899531499389, 19.269409377361985 ] ], [ [ -99.178076010086556, 19.204867724648324 ], [ -99.178789844046193, 19.205350930527068 ], [ -99.178076010117664, 19.204867724599325 ], [ -99.178076010086556, 19.204867724648324 ] ], [ [ -99.195619496347931, 19.28468840308518 ], [ -99.19557690205032, 19.284466342338266 ], [ -99.195619496067451, 19.284688402525255 ], [ -99.195783172500896, 19.285541705081972 ], [ -99.195619496347931, 19.28468840308518 ] ], [ [ -99.178436944113685, 19.23291658392376 ], [ -99.178314009024206, 19.233118490947373 ], [ -99.17843694411367, 19.232916583923846 ], [ -99.178479933888255, 19.232811261710538 ], [ -99.178436944113685, 19.23291658392376 ] ], [ [ -99.195233237433087, 19.221089768185333 ], [ -99.194706067359604, 19.22026024918156 ], [ -99.194706067359604, 19.220260249181578 ], [ -99.195233237433087, 19.221089768185333 ] ], [ [ -99.194019696039049, 19.220347230187851 ], [ -99.193204011855045, 19.220985718220177 ], [ -99.194019696039035, 19.220347230187944 ], [ -99.194121696068208, 19.220329927984004 ], [ -99.194019696039049, 19.220347230187851 ] ], [ [ -99.184129321879908, 19.292443548880676 ], [ -99.183942104933067, 19.29290630637459 ], [ -99.184129322258585, 19.292443549636996 ], [ -99.184149927316469, 19.292451534708121 ], [ -99.184129321879908, 19.292443548880676 ] ], [ [ -99.19099088202222, 19.286550304775751 ], [ -99.19093787073642, 19.286478965233368 ], [ -99.190713947680905, 19.286146677555909 ], [ -99.190531982428638, 19.285916522600587 ], [ -99.190713947689801, 19.286146677573612 ], [ -99.190937870736917, 19.286478965234451 ], [ -99.19099088202222, 19.286550304775751 ] ], [ [ -99.147943557012269, 19.201547958767229 ], [ -99.148647740457065, 19.201741221299397 ], [ -99.149028027843116, 19.20185213081762 ], [ -99.148647740457065, 19.201741221299304 ], [ -99.147943557012269, 19.201547958767229 ] ], [ [ -99.154001139687395, 19.275495271989591 ], [ -99.153994703159441, 19.275552077406672 ], [ -99.153791033263033, 19.277349496329666 ], [ -99.153623719848156, 19.277705932444817 ], [ -99.153334656086685, 19.278463770901979 ], [ -99.1536237204309, 19.277705932637726 ], [ -99.153791033614681, 19.27734949594889 ], [ -99.153994703330952, 19.275552077256418 ], [ -99.154001140005164, 19.275495271922896 ], [ -99.153248405186773, 19.275008378344769 ], [ -99.154001139687395, 19.275495271989591 ] ], [ [ -99.152868771283906, 19.273755694978362 ], [ -99.152876103679262, 19.27373559118206 ], [ -99.152868770815232, 19.273755695202517 ], [ -99.152669218228027, 19.274263677534069 ], [ -99.15260190974692, 19.274405402570796 ], [ -99.152669218548127, 19.274263677166878 ], [ -99.152868771283906, 19.273755694978362 ] ], [ [ -99.153350100766218, 19.272435985656415 ], [ -99.153263333464935, 19.272673884478046 ], [ -99.153149524665636, 19.272985927985467 ], [ -99.153263333892184, 19.272673884748812 ], [ -99.153350100766218, 19.272435985656415 ] ], [ [ -99.153234881366004, 19.272379247317563 ], [ -99.153008132410378, 19.272320166328672 ], [ -99.152329404185906, 19.27214331711475 ], [ -99.153008132471996, 19.27232016684809 ], [ -99.153234881349746, 19.272379247751729 ], [ -99.15337366444156, 19.272371378190567 ], [ -99.153373664502666, 19.272371378023045 ], [ -99.153234881366004, 19.272379247317563 ] ], [ [ -99.152348286113707, 19.270676197924359 ], [ -99.152454457088368, 19.270252717287693 ], [ -99.152614194390608, 19.269615574235029 ], [ -99.152722125882519, 19.269185065806198 ], [ -99.152729799072887, 19.269154459516042 ], [ -99.152818326863667, 19.268840676091859 ], [ -99.152915456464285, 19.268496402460489 ], [ -99.152961710091375, 19.268332457024346 ], [ -99.152961709988503, 19.268332456980456 ], [ -99.152915456463916, 19.268496402053355 ], [ -99.152818326863283, 19.26884067568464 ], [ -99.152729799072503, 19.269154459108908 ], [ -99.152722125882136, 19.269185065399064 ], [ -99.152614194390239, 19.269615573827988 ], [ -99.152454457087984, 19.270252716880734 ], [ -99.152348286113323, 19.270676197517403 ], [ -99.152341233923181, 19.27070432627513 ], [ -99.152001857535453, 19.272057970214863 ], [ -99.151083706129711, 19.271848115605636 ], [ -99.150894063559605, 19.271798522252727 ], [ -99.151083706105581, 19.271848115881753 ], [ -99.152001856957611, 19.272057970302999 ], [ -99.152001857575357, 19.272057970463962 ], [ -99.152341233923551, 19.270704326681994 ], [ -99.152348286113707, 19.270676197924359 ] ], [ [ -99.152371188000203, 19.267357033479488 ], [ -99.152596328329423, 19.267403262484919 ], [ -99.152756121346002, 19.267436073268957 ], [ -99.152831155341403, 19.267102901945179 ], [ -99.153189189750677, 19.267178966526981 ], [ -99.15347336252907, 19.267239338619557 ], [ -99.153578333859997, 19.267125699198836 ], [ -99.153755178368854, 19.266375423893933 ], [ -99.154139186810085, 19.266306281641327 ], [ -99.15413918688715, 19.26630628121989 ], [ -99.153755178368471, 19.266375423486441 ], [ -99.153578333859613, 19.267125698791425 ], [ -99.153473362528686, 19.26723933821215 ], [ -99.153189189750293, 19.26717896611958 ], [ -99.152831155341033, 19.267102901537864 ], [ -99.152756121345632, 19.267436072861642 ], [ -99.152596328329039, 19.267403262077607 ], [ -99.152371187999819, 19.26735703307218 ], [ -99.152256368791086, 19.267728970269125 ], [ -99.152151529513759, 19.267987128631066 ], [ -99.1521515296551, 19.267987128691278 ], [ -99.15225636879147, 19.267728970676437 ], [ -99.152371188000203, 19.267357033479488 ] ], [ [ -99.154434214302185, 19.266701258320651 ], [ -99.154571741989855, 19.266235798114252 ], [ -99.154824379281024, 19.266169836542307 ], [ -99.154918944472286, 19.266145146225544 ], [ -99.15516630160846, 19.266117829074137 ], [ -99.157021899008868, 19.266355693887522 ], [ -99.157086864811362, 19.266142794913009 ], [ -99.157147407281073, 19.265925731171123 ], [ -99.157207949593513, 19.265708667405178 ], [ -99.157242508937884, 19.265584760717456 ], [ -99.157255973962378, 19.265536484096234 ], [ -99.15725597384602, 19.265536484104462 ], [ -99.157242508937486, 19.265584760309874 ], [ -99.157207949593115, 19.26570866699759 ], [ -99.157147407280704, 19.265925730763627 ], [ -99.157086864810964, 19.266142794505512 ], [ -99.157021899008484, 19.266355693480026 ], [ -99.155166301608077, 19.266117828666637 ], [ -99.154918944471902, 19.266145145818044 ], [ -99.15482437928064, 19.266169836134814 ], [ -99.154571741989471, 19.266235797706756 ], [ -99.154434214301816, 19.266701257913155 ], [ -99.154053691930812, 19.266773865334144 ], [ -99.154053691853619, 19.266773865756345 ], [ -99.154434214302185, 19.266701258320651 ] ], [ [ -99.164748413879778, 19.260422401373066 ], [ -99.165432424236883, 19.260987636067849 ], [ -99.165548400466065, 19.261108653059722 ], [ -99.165432424236911, 19.260987636067849 ], [ -99.164748413879778, 19.260422401373066 ] ], [ [ -99.162168753105917, 19.258336036259958 ], [ -99.162166345982698, 19.25805120200998 ], [ -99.161971183454895, 19.257757669435385 ], [ -99.161398003580999, 19.257357953734065 ], [ -99.161405804914892, 19.25732736166794 ], [ -99.161405804716253, 19.257327361625222 ], [ -99.161398003064704, 19.257357953799044 ], [ -99.161971182746342, 19.257757669528644 ], [ -99.162166345800131, 19.258051202305754 ], [ -99.16216875258695, 19.258336035840507 ], [ -99.162168753105888, 19.258336036259958 ], [ -99.163310278030124, 19.259258701302766 ], [ -99.163656012110792, 19.259538462391451 ], [ -99.163310278030096, 19.259258701302674 ], [ -99.162168753105917, 19.258336036259958 ] ], [ [ -99.156045747449454, 19.253019899139705 ], [ -99.156048417079688, 19.253026221321743 ], [ -99.156059189493163, 19.253044286892255 ], [ -99.156048416941459, 19.253026220958734 ], [ -99.156045747449454, 19.253019899139705 ] ], [ [ -99.155843636150024, 19.251921138600562 ], [ -99.155843636175291, 19.25192113916702 ], [ -99.155881211551318, 19.251935599245492 ], [ -99.155843636150024, 19.251921138600562 ] ], [ [ -99.153672977641136, 19.225777835709646 ], [ -99.153798011422481, 19.225738937560482 ], [ -99.15396644800667, 19.225712125729409 ], [ -99.154001942784987, 19.225455090853632 ], [ -99.154011913080808, 19.225198077426004 ], [ -99.154011913069112, 19.225198077305034 ], [ -99.154001942784618, 19.2254550904408 ], [ -99.153966448006287, 19.225712125316669 ], [ -99.153798011422097, 19.225738937147753 ], [ -99.153672977640753, 19.225777835296814 ], [ -99.153570940604268, 19.225843384416333 ], [ -99.153504603989646, 19.225872534928438 ], [ -99.153280017971852, 19.225772157260291 ], [ -99.153280018152699, 19.225772157753688 ], [ -99.153504603990015, 19.225872535341271 ], [ -99.153570940604638, 19.225843384829158 ], [ -99.153672977641136, 19.225777835709646 ] ], [ [ -99.15407973050344, 19.224019676419395 ], [ -99.154168913673416, 19.223857154778823 ], [ -99.1541811792993, 19.223839298082115 ], [ -99.154316784089673, 19.223675187056212 ], [ -99.154339577626303, 19.223606600087134 ], [ -99.154339577622153, 19.223606599685432 ], [ -99.154316784089289, 19.223675186643103 ], [ -99.154181179298917, 19.223839297669006 ], [ -99.154168913673033, 19.22385715436581 ], [ -99.154079730503057, 19.224019676006385 ], [ -99.154054486503568, 19.224320344685847 ], [ -99.153980626567474, 19.224492551689906 ], [ -99.153962926697972, 19.224671985198256 ], [ -99.153962926717327, 19.224671985418983 ], [ -99.153980626567844, 19.224492552102824 ], [ -99.154054486503952, 19.224320345098857 ], [ -99.15407973050344, 19.224019676419395 ] ], [ [ -99.15912152276438, 19.222676879446247 ], [ -99.159896243214021, 19.221205046646627 ], [ -99.159121522763968, 19.222676879033056 ], [ -99.156619674132486, 19.223295323503915 ], [ -99.155759882740654, 19.223127830065621 ], [ -99.154316455219814, 19.2228466303273 ], [ -99.154316455235247, 19.222846630743327 ], [ -99.155759882741037, 19.223127830478813 ], [ -99.15661967413287, 19.223295323917011 ], [ -99.15912152276438, 19.222676879446247 ] ], [ [ -99.161703866355083, 19.233882545062212 ], [ -99.161601048075227, 19.234045659094001 ], [ -99.161703866355083, 19.233882545062297 ], [ -99.161962020364385, 19.233957790642876 ], [ -99.161703866355083, 19.233882545062212 ] ], [ [ -99.16989659927907, 19.261841299932573 ], [ -99.170026933798923, 19.261526276627531 ], [ -99.170121156163617, 19.261272936704074 ], [ -99.170026933798894, 19.261526276627531 ], [ -99.16989659927907, 19.261841299932573 ] ], [ [ -99.169688151845961, 19.262361842833524 ], [ -99.169574330546411, 19.262661314324973 ], [ -99.169574330546425, 19.26266131432498 ], [ -99.169688151845961, 19.262361842833524 ] ], [ [ -99.168885121602926, 19.262277013450614 ], [ -99.168943802117283, 19.262309874012171 ], [ -99.169487562824585, 19.26261295245023 ], [ -99.168943802117298, 19.262309874012082 ], [ -99.168885121602926, 19.262277013450614 ] ], [ [ -99.167547371303399, 19.261729209323221 ], [ -99.167600496784019, 19.261557551747266 ], [ -99.168288481993329, 19.261942862075674 ], [ -99.167600496784004, 19.26155755174717 ], [ -99.167547371303399, 19.261729209323221 ] ], [ [ -99.160728769039466, 19.253255624096102 ], [ -99.1604661029657, 19.253219173615228 ], [ -99.160728769034606, 19.253255624320413 ], [ -99.160879035867694, 19.253276477109679 ], [ -99.161135859596726, 19.253303943848579 ], [ -99.160879036498457, 19.253276476711658 ], [ -99.160728769039466, 19.253255624096102 ] ], [ [ -99.158677265029837, 19.252793508448217 ], [ -99.158485118026462, 19.252776807535653 ], [ -99.158677264854774, 19.252793508582212 ], [ -99.158769887923214, 19.252818053363207 ], [ -99.159127492453138, 19.252951720483065 ], [ -99.159155354910837, 19.25296227724705 ], [ -99.159472495285613, 19.253057090003914 ], [ -99.159816188227239, 19.25311723771976 ], [ -99.160146722207557, 19.253173450573982 ], [ -99.160173307451061, 19.253177971465529 ], [ -99.160146722032593, 19.253173450202063 ], [ -99.159816188414183, 19.253117237481003 ], [ -99.159472495590009, 19.253057090015034 ], [ -99.159155354999768, 19.252962277227724 ], [ -99.159127493063096, 19.252951720659841 ], [ -99.158769888370372, 19.252818052979723 ], [ -99.158677265029837, 19.252793508448217 ] ], [ [ -99.158103673501458, 19.252711476425045 ], [ -99.158160190947029, 19.252748565008282 ], [ -99.158160191157648, 19.252748565026589 ], [ -99.15810367377621, 19.252711476203665 ], [ -99.157913341870099, 19.252646685713685 ], [ -99.157622379073231, 19.252547639187643 ], [ -99.1573021464189, 19.252438628246214 ], [ -99.157622378420186, 19.252547639472521 ], [ -99.157913341806065, 19.252646686219382 ], [ -99.158103673501458, 19.252711476425045 ] ], [ [ -99.156949826332863, 19.252319814250558 ], [ -99.157105141144498, 19.252371859537842 ], [ -99.156949826801721, 19.252319813898779 ], [ -99.156900023681047, 19.252303124901253 ], [ -99.156949826332863, 19.252319814250558 ] ], [ [ -99.156777160153766, 19.252261886977358 ], [ -99.156850907901102, 19.252286648201039 ], [ -99.156777160600114, 19.252261886517601 ], [ -99.156545575010469, 19.252184128187693 ], [ -99.156399969642663, 19.252135238816624 ], [ -99.156366746277186, 19.252122453150189 ], [ -99.156399969234414, 19.252135238681682 ], [ -99.156545574688579, 19.252184128559946 ], [ -99.156777160153766, 19.252261886977358 ] ], [ [ -99.156069851169661, 19.252008196092476 ], [ -99.156103242685845, 19.252021046250334 ], [ -99.156069851792012, 19.25200819604007 ], [ -99.155887930294412, 19.251938184908301 ], [ -99.156069851169661, 19.252008196092476 ] ], [ [ -99.169001327735714, 19.254690472679894 ], [ -99.16899037739978, 19.254783040300936 ], [ -99.168990377465335, 19.254783040394134 ], [ -99.169001327735714, 19.254690472679894 ] ], [ [ -99.168959953284883, 19.254352377307107 ], [ -99.169005385025258, 19.254472299892999 ], [ -99.168959953820831, 19.254352376804135 ], [ -99.168868053699697, 19.254225418748341 ], [ -99.168959953284883, 19.254352377307107 ] ], [ [ -99.168908324474316, 19.253893730100099 ], [ -99.168871458983006, 19.253941343822998 ], [ -99.16884923652114, 19.254199422932999 ], [ -99.168849236553996, 19.254199422978395 ], [ -99.168871459353397, 19.253941343464778 ], [ -99.168908324474316, 19.253893730100099 ] ], [ [ -99.169152094542667, 19.25350149365244 ], [ -99.169152094041181, 19.253501493454181 ], [ -99.169061017877283, 19.253676229259266 ], [ -99.169152094542667, 19.25350149365244 ] ], [ [ -99.16831224783283, 19.253169460748705 ], [ -99.168117268325219, 19.253077094623659 ], [ -99.167826739226712, 19.252953774976543 ], [ -99.168117267736633, 19.253077094471475 ], [ -99.1683122480257, 19.253169460955753 ], [ -99.168856596544998, 19.253384669287573 ], [ -99.16831224783283, 19.253169460748705 ] ], [ [ -99.167076959724909, 19.252649043424679 ], [ -99.167558593307533, 19.252801030695228 ], [ -99.167774196838209, 19.252931472446036 ], [ -99.167774197000995, 19.252931472515133 ], [ -99.167558593807215, 19.252801030582077 ], [ -99.167076959724909, 19.252649043424679 ] ], [ [ -99.16672958211943, 19.251971055954016 ], [ -99.166567051677461, 19.252488131995605 ], [ -99.166567051945691, 19.252488132080252 ], [ -99.166729582610941, 19.2519710559373 ], [ -99.166816026095418, 19.251642873665823 ], [ -99.1660957978048, 19.251809913119629 ], [ -99.166002256663973, 19.251811175424628 ], [ -99.166095797442523, 19.251809913400848 ], [ -99.166816025831068, 19.251642874040847 ], [ -99.16672958211943, 19.251971055954016 ] ], [ [ -99.165832224324276, 19.251813469829059 ], [ -99.165575314538003, 19.251976769097062 ], [ -99.165533252488615, 19.251988576084418 ], [ -99.165575314660003, 19.251976769278244 ], [ -99.165832224456011, 19.251813470116506 ], [ -99.165870475559544, 19.251812953683373 ], [ -99.165832224324276, 19.251813469829059 ] ], [ [ -99.165247983983065, 19.252099909804393 ], [ -99.165265735068388, 19.252088647078839 ], [ -99.165247984249902, 19.252099909453129 ], [ -99.165176139284597, 19.252156603805982 ], [ -99.165247983983065, 19.252099909804393 ] ], [ [ -99.164813942260082, 19.252329927062611 ], [ -99.164846827875095, 19.252316312748821 ], [ -99.165113833510546, 19.252205770408636 ], [ -99.165113833762135, 19.252205770210111 ], [ -99.164846827886791, 19.252316312252027 ], [ -99.164813942260082, 19.252329927062611 ] ], [ [ -99.164568284888247, 19.25230062422537 ], [ -99.164771105737259, 19.252325366701367 ], [ -99.164568285429468, 19.252300623958092 ], [ -99.164534330862537, 19.252296481701567 ], [ -99.164281267350077, 19.252413094960119 ], [ -99.164235312743699, 19.252433607689408 ], [ -99.164281267425196, 19.252413095153535 ], [ -99.164534331001505, 19.252296482191188 ], [ -99.164568284888247, 19.25230062422537 ] ], [ [ -99.163537377942319, 19.252443545273081 ], [ -99.163812524574652, 19.252528823743795 ], [ -99.164018824074319, 19.252531748688984 ], [ -99.164061467563613, 19.252512287013975 ], [ -99.164018824261618, 19.252531748472734 ], [ -99.163812524895221, 19.252528823308353 ], [ -99.163537378443422, 19.252443544838382 ], [ -99.163192187909218, 19.252720641783945 ], [ -99.163111898534666, 19.252779276413399 ], [ -99.163192187782528, 19.252720642223366 ], [ -99.163537377942319, 19.252443545273081 ] ], [ [ -99.16277650128923, 19.252904501239037 ], [ -99.162472082793329, 19.253021396284812 ], [ -99.162470922329348, 19.253022472535719 ], [ -99.162472082572506, 19.253021396495754 ], [ -99.162776501126046, 19.25290450175811 ], [ -99.162910309487415, 19.252868789412648 ], [ -99.16277650128923, 19.252904501239037 ] ], [ [ -99.162292122761002, 19.253164615691997 ], [ -99.162308387974861, 19.253157122925042 ], [ -99.162292123003056, 19.253164615346467 ], [ -99.161867681822784, 19.253276499556677 ], [ -99.161552263397283, 19.2533596442441 ], [ -99.161488953676823, 19.253349754048617 ], [ -99.161552263452833, 19.253359644383409 ], [ -99.161867681284775, 19.253276499778384 ], [ -99.162292122761002, 19.253164615691997 ] ], [ [ -99.167099017372109, 19.25738599746121 ], [ -99.166454445569784, 19.257230849903895 ], [ -99.166235738955663, 19.25716547610347 ], [ -99.16622054938783, 19.257160167986683 ], [ -99.166235739495804, 19.257165476308494 ], [ -99.166454445909963, 19.257230850106293 ], [ -99.167099017274197, 19.257385997547967 ], [ -99.167135481203275, 19.257387962034372 ], [ -99.167099017372109, 19.25738599746121 ] ], [ [ -99.165769534127747, 19.257010163935291 ], [ -99.165615858073082, 19.256868539854374 ], [ -99.165769534042994, 19.257010164261978 ], [ -99.165903489861861, 19.257052436165072 ], [ -99.165769534127747, 19.257010163935291 ] ], [ [ -99.165297469179535, 19.256748300351706 ], [ -99.165113084911326, 19.256743669712467 ], [ -99.165297469029312, 19.256748300701233 ], [ -99.165482205938034, 19.256797703636746 ], [ -99.165297469179535, 19.256748300351706 ] ], [ [ -99.165009809717446, 19.256773149938596 ], [ -99.164981065990801, 19.256797765738497 ], [ -99.164955433668538, 19.256839239893228 ], [ -99.164981065974899, 19.25679776584624 ], [ -99.165009809776507, 19.256773150163394 ], [ -99.165087454237224, 19.256743026007207 ], [ -99.165087453715472, 19.256743025994105 ], [ -99.165009809717446, 19.256773149938596 ] ], [ [ -99.164923622041499, 19.256890712282214 ], [ -99.164923622126878, 19.25689071214406 ], [ -99.164857479226285, 19.256915361609316 ], [ -99.164818731744219, 19.256907150205663 ], [ -99.164857479268406, 19.256915361659519 ], [ -99.164923622041499, 19.256890712282214 ] ], [ [ -99.164388532170619, 19.256893925774602 ], [ -99.164077055939046, 19.256780907460215 ], [ -99.164388532337611, 19.256893926115705 ], [ -99.164461185714231, 19.256867425539212 ], [ -99.164388532170619, 19.256893925774602 ] ], [ [ -99.163371791725552, 19.256945996137446 ], [ -99.163371792311494, 19.25694599625357 ], [ -99.163432324615812, 19.256558751431349 ], [ -99.163458811876367, 19.25638930324973 ], [ -99.163458811830353, 19.256389303189934 ], [ -99.163432323913256, 19.256558751092086 ], [ -99.163371791725552, 19.256945996137446 ] ], [ [ -99.167281467824594, 19.262277416062471 ], [ -99.167177149160807, 19.262229099864111 ], [ -99.167091986576239, 19.262192431032663 ], [ -99.167177149160764, 19.262229099864111 ], [ -99.167281467824594, 19.262277416062471 ] ], [ [ -99.166736157062743, 19.262346067486408 ], [ -99.166825027625109, 19.262306439834102 ], [ -99.166954567095729, 19.262090670009794 ], [ -99.166954567095701, 19.262090670009783 ], [ -99.166825027625094, 19.262306439834102 ], [ -99.166736157062743, 19.262346067486408 ] ], [ [ -99.166602796003971, 19.262415042271972 ], [ -99.166491551420506, 19.262491587961389 ], [ -99.166428560128168, 19.262525313353393 ], [ -99.166491551420535, 19.262491587961389 ], [ -99.166602796003971, 19.262415042271972 ] ], [ [ -99.166157081849832, 19.262606823823493 ], [ -99.166330153984049, 19.262573481427435 ], [ -99.166157081849818, 19.262606823823401 ], [ -99.166157081849832, 19.262606823823493 ] ], [ [ -99.160489327364346, 19.273287905687393 ], [ -99.160167151907658, 19.274111625758579 ], [ -99.159447015217864, 19.275485548692576 ], [ -99.160167151907672, 19.274111625758579 ], [ -99.160489327364346, 19.273287905687393 ] ], [ [ -99.163258198610833, 19.276131993104244 ], [ -99.163258198610777, 19.27613199310424 ], [ -99.163028370738743, 19.276584391029903 ], [ -99.163258198610833, 19.276131993104244 ] ], [ [ -99.162616153167463, 19.277719665994333 ], [ -99.162616153167463, 19.277719665994265 ], [ -99.162591314768619, 19.277862007120316 ], [ -99.162616153167463, 19.277719665994333 ] ], [ [ -99.161222318244086, 19.277293744031731 ], [ -99.161123179663477, 19.277245160642451 ], [ -99.161003542736964, 19.277199839978511 ], [ -99.161123179663477, 19.277245160642543 ], [ -99.161222318244086, 19.277293744031731 ] ], [ [ -99.160859996879722, 19.277164274443471 ], [ -99.160805297533258, 19.277135120088474 ], [ -99.160566242199124, 19.277268363825794 ], [ -99.160805297533258, 19.277135120088559 ], [ -99.160859996879722, 19.277164274443471 ] ], [ [ -99.160423062749672, 19.277609185263895 ], [ -99.159657586976863, 19.27752549281918 ], [ -99.159667678787542, 19.277464141001193 ], [ -99.159657586976849, 19.27752549281918 ], [ -99.160423062749672, 19.277609185263895 ] ], [ [ -99.14387194542924, 19.200386650527012 ], [ -99.143824913252914, 19.200724341046371 ], [ -99.144440051753975, 19.20084603493088 ], [ -99.143824913252914, 19.200724341046371 ], [ -99.14387194542924, 19.200386650527012 ] ], [ [ -99.140897524372932, 19.198585303964506 ], [ -99.141129577862799, 19.198648896846496 ], [ -99.140897524372932, 19.198585303964414 ], [ -99.14056387594114, 19.198493868989292 ], [ -99.140897524372932, 19.198585303964506 ] ], [ [ -99.141330624146008, 19.193339874471341 ], [ -99.141315140666507, 19.192977052967525 ], [ -99.141330624146008, 19.193339874471359 ], [ -99.141330624146008, 19.193339874471341 ] ], [ [ -99.150430278982526, 19.207802399691033 ], [ -99.150389419425068, 19.208055971419611 ], [ -99.150331283138286, 19.208354064155998 ], [ -99.150389419425068, 19.208055971419611 ], [ -99.150430278982526, 19.207802399691033 ] ], [ [ -99.149654667619629, 19.209431461369029 ], [ -99.149501284943469, 19.20973310271399 ], [ -99.149480657640424, 19.209787081584253 ], [ -99.149501284943469, 19.20973310271399 ], [ -99.149654667619629, 19.209431461369029 ] ], [ [ -99.147997621505809, 19.212767552632542 ], [ -99.148068056423, 19.212603455417721 ], [ -99.148068056306954, 19.212603455272664 ], [ -99.147997621505809, 19.212767552632542 ] ], [ [ -99.147957096919484, 19.212464751484248 ], [ -99.147961567640664, 19.211830607240028 ], [ -99.147961567637438, 19.211830607230734 ], [ -99.147957096916215, 19.212464751480169 ], [ -99.147957096919484, 19.212464751484248 ] ], [ [ -99.148668668341969, 19.282066612234118 ], [ -99.148590576680874, 19.282198391121458 ], [ -99.14854014259636, 19.282343186631138 ], [ -99.148374198052267, 19.282972800589906 ], [ -99.148285933230596, 19.283327333807897 ], [ -99.147786300059408, 19.283167597511611 ], [ -99.148285933902059, 19.283327334129989 ], [ -99.148374198227771, 19.282972800576392 ], [ -99.148540142962233, 19.282343186730881 ], [ -99.148590577145868, 19.282198391410184 ], [ -99.14866866868978, 19.282066611929782 ], [ -99.148668668341969, 19.282066612234118 ] ], [ [ -99.144345744591192, 19.282157877475797 ], [ -99.144246211127708, 19.282129023020914 ], [ -99.144345744410543, 19.282157877461842 ], [ -99.144389967423521, 19.282170785854344 ], [ -99.144345744591192, 19.282157877475797 ] ], [ [ -99.143313579807881, 19.281858262811618 ], [ -99.143274890610698, 19.281846792873196 ], [ -99.143313580166378, 19.281858262948703 ], [ -99.143318543981778, 19.281859734542497 ], [ -99.143313579807881, 19.281858262811618 ] ], [ [ -99.141716239696493, 19.281390320023259 ], [ -99.141563732829411, 19.281343886268747 ], [ -99.141716240165564, 19.281390320357186 ], [ -99.141995232382342, 19.281471737852783 ], [ -99.141716239696493, 19.281390320023259 ] ], [ [ -99.149683991475882, 19.266723280083497 ], [ -99.149669844439174, 19.266861087459635 ], [ -99.149669844481963, 19.266861087453933 ], [ -99.149683991503238, 19.266723280227978 ], [ -99.149683991475882, 19.266723280083497 ] ], [ [ -99.149208713744486, 19.267231932449292 ], [ -99.149208713750284, 19.267231932420206 ], [ -99.149179225606673, 19.265422797596123 ], [ -99.149179225600491, 19.265422797603165 ], [ -99.149208713744486, 19.267231932449292 ] ], [ [ -99.153317117648768, 19.278509751081405 ], [ -99.15301404208904, 19.278817025845083 ], [ -99.1521121241054, 19.279014878776401 ], [ -99.152022729527658, 19.279002693176682 ], [ -99.152112124808795, 19.279014878975087 ], [ -99.153014042361903, 19.278817026171012 ], [ -99.153317117604459, 19.278509751197593 ], [ -99.153317117648768, 19.278509751081405 ] ], [ [ -99.151102265019532, 19.279030878261192 ], [ -99.151181888224485, 19.2788033896814 ], [ -99.151181887909061, 19.278803389591619 ], [ -99.151102264995799, 19.279030878255643 ], [ -99.151102265019532, 19.279030878261192 ] ], [ [ -99.150746936683149, 19.278947783290803 ], [ -99.150831081908322, 19.27896746106266 ], [ -99.150746936597571, 19.27894778316092 ], [ -99.150677358994443, 19.278896258191555 ], [ -99.150746936683149, 19.278947783290803 ] ], [ [ -99.150666415374332, 19.271728450859968 ], [ -99.150604442647605, 19.271706508542703 ], [ -99.150349526355853, 19.271616251553557 ], [ -99.150604442560578, 19.271706508583087 ], [ -99.150666415374332, 19.271728450859968 ] ], [ [ -99.149887463804447, 19.27148815188476 ], [ -99.149846058601213, 19.271511789948228 ], [ -99.149575550335726, 19.2725126732695 ], [ -99.149540138317363, 19.272611595071357 ], [ -99.149502566438997, 19.27271655020332 ], [ -99.149540138317732, 19.272611595478047 ], [ -99.149575550336081, 19.27251267367609 ], [ -99.149846058602151, 19.271511790323547 ], [ -99.149887463804447, 19.27148815188476 ] ], [ [ -99.149022083577663, 19.27399895626845 ], [ -99.148399117659281, 19.273850856556198 ], [ -99.149022083578032, 19.273998956674955 ], [ -99.149073866483604, 19.273881412521149 ], [ -99.149292800113486, 19.273221706449355 ], [ -99.149073866483235, 19.273881412114648 ], [ -99.149022083577663, 19.27399895626845 ] ], [ [ -99.146962012830485, 19.273473760616554 ], [ -99.147928157045342, 19.27370798510988 ], [ -99.14808741917092, 19.273762285285184 ], [ -99.147928157588495, 19.27370798517288 ], [ -99.146962012853805, 19.273473760592349 ], [ -99.146962012830485, 19.273473760616554 ] ], [ [ -99.146531312285674, 19.273898629785425 ], [ -99.146758765058138, 19.273830220407277 ], [ -99.146758765166354, 19.273830220196171 ], [ -99.146531312293305, 19.273898629505979 ], [ -99.146377587774722, 19.273908937920233 ], [ -99.146531312285674, 19.273898629785425 ] ], [ [ -99.142580253955643, 19.277261191351652 ], [ -99.142610557520101, 19.277210737103282 ], [ -99.143160854644037, 19.276592474620298 ], [ -99.143296488006001, 19.276501398843227 ], [ -99.143615847194752, 19.276542842181932 ], [ -99.1442346387404, 19.27665985725498 ], [ -99.144925084613206, 19.276556970740561 ], [ -99.14497117782112, 19.276528181096506 ], [ -99.144925084978041, 19.276556970237614 ], [ -99.144234638577146, 19.276659856786072 ], [ -99.143615847494175, 19.276542842141122 ], [ -99.143296488266969, 19.276501398573082 ], [ -99.14316085505213, 19.276592474090567 ], [ -99.142610557344028, 19.277210736967312 ], [ -99.142580253955643, 19.277261191351652 ] ], [ [ -99.142512078921854, 19.277532177274054 ], [ -99.142507098147874, 19.277582275325894 ], [ -99.142504717547283, 19.277724109364961 ], [ -99.142507098275445, 19.277582275380745 ], [ -99.142512079012093, 19.27753217723675 ], [ -99.142514814134827, 19.27750466570561 ], [ -99.142512078921854, 19.277532177274054 ] ], [ [ -99.143258595851947, 19.278828723921212 ], [ -99.143132776693932, 19.278799706042609 ], [ -99.143258595925388, 19.278828724101082 ], [ -99.143478219320514, 19.278927101781321 ], [ -99.1436538561058, 19.278934544572692 ], [ -99.14374295091649, 19.278945389950589 ], [ -99.143653855855717, 19.278934544230186 ], [ -99.143478219044397, 19.2789271016477 ], [ -99.143258595851947, 19.278828723921212 ] ], [ [ -99.144073052890334, 19.279025183724251 ], [ -99.14407305299801, 19.279025183685803 ], [ -99.143949217022922, 19.27899350643667 ], [ -99.144073052890334, 19.279025183724251 ] ], [ [ -99.142041349636102, 19.279049516486719 ], [ -99.141789856121065, 19.279023179097248 ], [ -99.14178985592666, 19.279023179186716 ], [ -99.1420413490643, 19.279049516730176 ], [ -99.142272894905361, 19.279087240329442 ], [ -99.142408609422063, 19.279087134621598 ], [ -99.143238556645699, 19.279250346508341 ], [ -99.143714087087773, 19.279343858982632 ], [ -99.143753794696281, 19.279105033717588 ], [ -99.144009207134971, 19.279047976599632 ], [ -99.144033718424154, 19.279039226095531 ], [ -99.14400920743698, 19.279047976404733 ], [ -99.143753794774739, 19.279105033243514 ], [ -99.143714087035875, 19.279343858625964 ], [ -99.143238556803766, 19.279250346071795 ], [ -99.142408609419434, 19.279087134506725 ], [ -99.142272895052614, 19.279087240211208 ], [ -99.142041349636102, 19.279049516486719 ] ], [ [ -99.141649237344254, 19.279087891991423 ], [ -99.141747958569908, 19.279042460301827 ], [ -99.14164923747245, 19.279087891580847 ], [ -99.141563280487887, 19.279186863750663 ], [ -99.141531732233148, 19.279363198101773 ], [ -99.14144361929381, 19.279912030411754 ], [ -99.141531732333874, 19.27936319776704 ], [ -99.141563280636959, 19.279186863794383 ], [ -99.141649237344254, 19.279087891991423 ] ], [ [ -99.150362045963945, 19.278727853317452 ], [ -99.150443284517962, 19.278629641781794 ], [ -99.150443284374745, 19.278629641705457 ], [ -99.150362045963945, 19.278727853317452 ] ], [ [ -99.149802062227465, 19.28019559573702 ], [ -99.149520999317176, 19.280364950791824 ], [ -99.149802062482351, 19.280195596058451 ], [ -99.150045244403856, 19.27985805253504 ], [ -99.150067097598594, 19.279408041308677 ], [ -99.150045244240317, 19.27985805227399 ], [ -99.149802062227465, 19.28019559573702 ] ], [ [ -99.148587621237311, 19.281369182656125 ], [ -99.14856164123249, 19.28127686780617 ], [ -99.148561641083447, 19.281276867952439 ], [ -99.148587621237311, 19.281369182656125 ] ], [ [ -99.148960888377658, 19.281932467780287 ], [ -99.148817714334911, 19.281797912123004 ], [ -99.148714138896366, 19.2816713195154 ], [ -99.148633580222238, 19.281579252459213 ], [ -99.148610563458561, 19.281464169044444 ], [ -99.148594794045337, 19.281395834554381 ], [ -99.148610563228516, 19.281464169560756 ], [ -99.148633579917814, 19.281579252789051 ], [ -99.148714138410838, 19.281671319772013 ], [ -99.148817714375951, 19.28179791247425 ], [ -99.148960887827499, 19.281932468212997 ], [ -99.14898591561797, 19.281952728496499 ], [ -99.14898591607249, 19.281952728532147 ], [ -99.148960888377658, 19.281932467780287 ] ], [ [ -99.148962951627908, 19.281950927403066 ], [ -99.148902943611347, 19.281946220635771 ], [ -99.148833461483321, 19.281961854408287 ], [ -99.148902943705252, 19.28194622089552 ], [ -99.148962951627908, 19.281950927403066 ] ], [ [ -99.148698555041108, 19.282040461427368 ], [ -99.148772790595018, 19.281975505590594 ], [ -99.148772790297443, 19.281975505657552 ], [ -99.148698555041108, 19.282040461427368 ] ] ] ] } },
{ "type": "Feature", "properties": { "id": 604.0, "entidad": 9, "distrito_f": 2, "distrito_l": 9, "municipio": 15, "seccion": 4721, "tipo": 2, "control": 33829.0, "SECCION_TX": "4721", "SECCION__1": null, "SECCION__2": null, "SECCION_N": "4721", "ESTATUS": null, "ALCALDIA_N": "CUAUHTEMOC" }, "geometry": { "type": "MultiPolygon", "coordinates": [ [ [ [ -99.17077282923114, 19.401755954210792 ], [ -99.170818544180023, 19.401932748506592 ], [ -99.170911368251836, 19.4023139678809 ], [ -99.170995656293428, 19.402694782998182 ], [ -99.171145525771394, 19.403371891802397 ], [ -99.171176613728349, 19.403512346143867 ], [ -99.171306728594686, 19.403554318825336 ], [ -99.171690391854099, 19.40367776126314 ], [ -99.172580789406979, 19.403964239999386 ], [ -99.173493592046128, 19.404257992283561 ], [ -99.173945917942703, 19.404403555228019 ], [ -99.174398244917498, 19.404549116275007 ], [ -99.17686622162465, 19.405359347931981 ], [ -99.177115600050755, 19.405441215947238 ], [ -99.17781222092475, 19.405680401277479 ], [ -99.178222965123581, 19.405824225354941 ], [ -99.178952415276285, 19.406079642946139 ], [ -99.180702152052703, 19.406687781845164 ], [ -99.181209547475319, 19.406864128294853 ], [ -99.182509134712888, 19.407311054834736 ], [ -99.184276666032432, 19.407918887878644 ], [ -99.183471942478533, 19.40940763279632 ], [ -99.182899188122974, 19.410467214188195 ], [ -99.182349158741161, 19.411387984343907 ], [ -99.182195017713155, 19.411527565835591 ], [ -99.181172553623512, 19.413327526238451 ], [ -99.179875939589223, 19.415609968961714 ], [ -99.179837373114523, 19.41567786327256 ], [ -99.17891303132285, 19.417013787655282 ], [ -99.177860737083591, 19.418945882056057 ], [ -99.177813131898276, 19.419088841107605 ], [ -99.177758421370925, 19.419454889928602 ], [ -99.177733003386024, 19.419730282663163 ], [ -99.177718554024139, 19.419956865288643 ], [ -99.177689530170767, 19.420295003570846 ], [ -99.177678743269198, 19.420511125590391 ], [ -99.177682655861503, 19.420730718893122 ], [ -99.177679497140687, 19.421204772913214 ], [ -99.17767630431797, 19.421647455927104 ], [ -99.177683964784222, 19.4219350160663 ], [ -99.177691625281895, 19.42222257619596 ], [ -99.177699215713176, 19.422445651526129 ], [ -99.17770322313217, 19.422752386386652 ], [ -99.177685107092998, 19.422985943859871 ], [ -99.177659555894607, 19.423139338241011 ], [ -99.177582621796319, 19.423341582216882 ], [ -99.177456041874393, 19.423684153577561 ], [ -99.177588200592069, 19.423716319007521 ], [ -99.17703083206716, 19.424601287493228 ], [ -99.176735877109081, 19.425110727185384 ], [ -99.175596508168937, 19.426877753326085 ], [ -99.174847453354758, 19.42795192229519 ], [ -99.174778751235763, 19.428054470057717 ], [ -99.174000874279301, 19.429219462626445 ], [ -99.173552742811808, 19.429977598250229 ], [ -99.173021752607553, 19.430967441369447 ], [ -99.172329378352401, 19.432258107549156 ], [ -99.171370331353558, 19.433713090769505 ], [ -99.171079708553876, 19.434157147388326 ], [ -99.169530625522526, 19.436219857048812 ], [ -99.168758153639658, 19.43762995599295 ], [ -99.168494111051004, 19.438144523278179 ], [ -99.168188182878353, 19.438740712831617 ], [ -99.167630305824659, 19.439916657081412 ], [ -99.167384144414811, 19.44033579819704 ], [ -99.165584515694164, 19.443424611219033 ], [ -99.165590730758353, 19.443526597023311 ], [ -99.165600781368809, 19.44369310989698 ], [ -99.165318323730347, 19.445169382661682 ], [ -99.165024140221576, 19.446689256690306 ], [ -99.164643107497582, 19.448258648050345 ], [ -99.164421181096486, 19.449172700731886 ], [ -99.164240771237559, 19.449982260807655 ], [ -99.164237048566051, 19.450034791391772 ], [ -99.164233325892283, 19.450087321975435 ], [ -99.164253551982938, 19.451820380500635 ], [ -99.164170376229919, 19.451811995523556 ], [ -99.164170376655179, 19.451811995601847 ], [ -99.164253552750608, 19.45182038061353 ], [ -99.164207594611753, 19.452291697537021 ], [ -99.164194628527156, 19.452424668829288 ], [ -99.164170617871648, 19.452648534339424 ], [ -99.164138598159042, 19.452947072082345 ], [ -99.164079639070266, 19.453517477898739 ], [ -99.164056986304743, 19.453682503859458 ], [ -99.163979862129452, 19.454244352925038 ], [ -99.16391607610197, 19.454233912576314 ], [ -99.163800486593203, 19.454214993093558 ], [ -99.163916075334285, 19.454233912463501 ], [ -99.163979861361767, 19.454244352812143 ], [ -99.16389867499467, 19.454823432873024 ], [ -99.16385900069848, 19.45508140626443 ], [ -99.163741800842374, 19.455777763070333 ], [ -99.163605187623048, 19.456381139193354 ], [ -99.163514094375728, 19.456771719271153 ], [ -99.1634642469851, 19.457001711932087 ], [ -99.163388881194535, 19.457349443607963 ], [ -99.163360669224289, 19.457479935942516 ], [ -99.163292126068342, 19.457796976247103 ], [ -99.163228420761854, 19.458103581879211 ], [ -99.163131554856733, 19.458524465195669 ], [ -99.163073418843695, 19.458760753913602 ], [ -99.163056223835511, 19.458809018846001 ], [ -99.162995806788032, 19.458978604145539 ], [ -99.162929784216942, 19.459111546465639 ], [ -99.162852105481889, 19.459262955199097 ], [ -99.162766610463748, 19.459381150168934 ], [ -99.162673328642256, 19.45949566088985 ], [ -99.16258223744893, 19.459594168540438 ], [ -99.162560596535286, 19.459617571388446 ], [ -99.162452180365477, 19.459716950853615 ], [ -99.162313711076067, 19.459843878180099 ], [ -99.162144573566422, 19.459987986064807 ], [ -99.162029893851042, 19.460082169574463 ], [ -99.161987095641024, 19.460117318600442 ], [ -99.161728524006065, 19.46033348424988 ], [ -99.161565356471883, 19.460474995555042 ], [ -99.161546819500614, 19.460491072202714 ], [ -99.161528282525666, 19.4605071488484 ], [ -99.161372747547233, 19.460634633521607 ], [ -99.161203613856557, 19.460784277313341 ], [ -99.161062680721813, 19.460920976720857 ], [ -99.161002425703188, 19.460985626122486 ], [ -99.16089164618927, 19.461116761827519 ], [ -99.160773116156463, 19.461281125077694 ], [ -99.160702639197652, 19.461389823560189 ], [ -99.160670146617406, 19.461439937670388 ], [ -99.160580777318174, 19.461578436594845 ], [ -99.160506984975584, 19.461727995264781 ], [ -99.16042205839085, 19.46187793045943 ], [ -99.160384613367924, 19.461944038360841 ], [ -99.16026612937452, 19.462156386741658 ], [ -99.160224595558958, 19.462233840346197 ], [ -99.160114635585586, 19.462438896865176 ], [ -99.160033084081789, 19.462589483112229 ], [ -99.160013637625809, 19.462625391279449 ], [ -99.159916512920702, 19.462793426254091 ], [ -99.159811597617789, 19.462954085656477 ], [ -99.159704727280243, 19.463105518736835 ], [ -99.15968490920163, 19.463128983239599 ], [ -99.159586171140788, 19.463245888461309 ], [ -99.159418995140925, 19.463412139216342 ], [ -99.159292622894711, 19.463519294885504 ], [ -99.159144844888644, 19.463624623661957 ], [ -99.15898344428814, 19.463728118668374 ], [ -99.158835647918792, 19.463814991245535 ], [ -99.158697560651149, 19.463881553644022 ], [ -99.158557518495883, 19.463938889665624 ], [ -99.158221608219293, 19.464034782245935 ], [ -99.157868599853913, 19.464095877007711 ], [ -99.157581994348746, 19.464096126360346 ], [ -99.157060833922685, 19.464034795582538 ], [ -99.156357205760358, 19.463887124512812 ], [ -99.155966274196572, 19.463776251782541 ], [ -99.155021573533062, 19.463559276820824 ], [ -99.153629568963382, 19.463301257850123 ], [ -99.152337519705014, 19.46314142729253 ], [ -99.150769967339315, 19.462950766123317 ], [ -99.150554620633955, 19.462948257508714 ], [ -99.150320821893487, 19.462970629419559 ], [ -99.150043631571833, 19.463027887945941 ], [ -99.148634198606189, 19.463356222856362 ], [ -99.148301481736127, 19.463452770348891 ], [ -99.148198686649451, 19.463482648417052 ], [ -99.147929834525712, 19.463621448906085 ], [ -99.147718071089912, 19.463697237824189 ], [ -99.147006267627845, 19.463951985868661 ], [ -99.145802623009232, 19.464340404870629 ], [ -99.144026789687601, 19.464836972634711 ], [ -99.143281788336083, 19.465045287716546 ], [ -99.143122008874926, 19.46511132905594 ], [ -99.143060518585131, 19.465136744668111 ], [ -99.142929657247208, 19.465198196327503 ], [ -99.14272322235378, 19.465364154156536 ], [ -99.142558385925099, 19.465501186023687 ], [ -99.142532671254074, 19.465522563117087 ], [ -99.14249335602598, 19.465546472392692 ], [ -99.142334141489386, 19.465643297418801 ], [ -99.14215940168063, 19.465711259836727 ], [ -99.141992600576359, 19.465771679723918 ], [ -99.141825779685874, 19.465809491039742 ], [ -99.141679091202377, 19.465784310425036 ], [ -99.141590785110751, 19.465770131440109 ], [ -99.141557222217386, 19.465756014351676 ], [ -99.141525523250678, 19.465741893515506 ], [ -99.141490091846464, 19.465722476421814 ], [ -99.141449059479172, 19.465692451643431 ], [ -99.141406158610209, 19.465657129147989 ], [ -99.141348320337045, 19.465591761489204 ], [ -99.141324069443968, 19.46556879524627 ], [ -99.141302778453451, 19.465549408252269 ], [ -99.141256910105113, 19.465501669197604 ], [ -99.141209448817747, 19.465462375865556 ], [ -99.141143145185481, 19.465425737566481 ], [ -99.141076027269648, 19.465406342772496 ], [ -99.141021958330114, 19.465388705715455 ], [ -99.140945525434233, 19.465374621857148 ], [ -99.140803001040311, 19.465360799329957 ], [ -99.140286787120189, 19.465334240025921 ], [ -99.139834704544455, 19.465292636162282 ], [ -99.138608037543449, 19.465219079952863 ], [ -99.137454517407761, 19.465164398657706 ], [ -99.136153896490683, 19.465117233435979 ], [ -99.134940452718524, 19.465073549301206 ], [ -99.134731681783279, 19.465066032174125 ], [ -99.134521732846196, 19.465083415496618 ], [ -99.134276619969441, 19.465103710005891 ], [ -99.1341931625265, 19.46510675901974 ], [ -99.134086076984502, 19.465100863827011 ], [ -99.133990019363608, 19.465100934851261 ], [ -99.13385459631634, 19.465104022110999 ], [ -99.133745936071961, 19.465098127880033 ], [ -99.133638855445668, 19.465098206850385 ], [ -99.13355696659103, 19.465093786376208 ], [ -99.133471918531569, 19.465077419329031 ], [ -99.133405765844216, 19.465059544729815 ], [ -99.133344337314924, 19.465041666631482 ], [ -99.133319135776929, 19.465034217128107 ], [ -99.133289206433332, 19.465022287224947 ], [ -99.133191549747707, 19.46499248989489 ], [ -99.133103340158883, 19.464961188918842 ], [ -99.133029300588646, 19.464926890286286 ], [ -99.132966083496441, 19.464901870132106 ], [ -99.132942663344181, 19.464892600861983 ], [ -99.132838686046384, 19.464835919985568 ], [ -99.132786489064983, 19.464807044897753 ], [ -99.132698473429102, 19.464758355066376 ], [ -99.132441672887879, 19.464607688464305 ], [ -99.132317208963045, 19.464531605348029 ], [ -99.132192745154029, 19.46445552214497 ], [ -99.131364928882803, 19.463963957479145 ], [ -99.13098278445861, 19.463729013282343 ], [ -99.130437006342447, 19.463401457553175 ], [ -99.129498727277166, 19.462863786649219 ], [ -99.12914583148472, 19.462656426812227 ], [ -99.128772450290001, 19.462429663920744 ], [ -99.128414831115762, 19.462220812387876 ], [ -99.128054061138116, 19.462008975148525 ], [ -99.127802363833837, 19.461880437379701 ], [ -99.127521600202087, 19.461731536190321 ], [ -99.127449815382278, 19.461704463775639 ], [ -99.127378021708708, 19.461677491160721 ], [ -99.126450101400664, 19.46136453707755 ], [ -99.126349365919623, 19.461331369857206 ], [ -99.126248752825944, 19.46129817006215 ], [ -99.125380678601417, 19.46101070132481 ], [ -99.124520765023647, 19.460721569003937 ], [ -99.124087617604232, 19.460581648711774 ], [ -99.12366187608184, 19.460438433630653 ], [ -99.123215544715848, 19.460296006460698 ], [ -99.122778695789734, 19.460156603888144 ], [ -99.122348612821312, 19.46001935913074 ], [ -99.122276222448875, 19.459996478597585 ], [ -99.122141290799675, 19.45995063255145 ], [ -99.122272449701185, 19.45978871292305 ], [ -99.122394709738884, 19.459638023420894 ], [ -99.123132384986334, 19.45851209469231 ], [ -99.123311752348059, 19.457872837377632 ], [ -99.123537010400312, 19.457070020350542 ], [ -99.123547178225124, 19.457027169727684 ], [ -99.123675887940919, 19.45648474184523 ], [ -99.123711850466847, 19.456337538787214 ], [ -99.123784489036922, 19.456040211245295 ], [ -99.124089269312108, 19.454792658501333 ], [ -99.124148671035371, 19.454549508004991 ], [ -99.124254477381598, 19.454116406518761 ], [ -99.124440849592318, 19.453353515735081 ], [ -99.124779992624198, 19.452002210641858 ], [ -99.124874152159322, 19.451853440006264 ], [ -99.125025519638768, 19.451522931352176 ], [ -99.125054442436451, 19.451454484976139 ], [ -99.125217278788142, 19.451069128353257 ], [ -99.125455356539447, 19.450198815428354 ], [ -99.125551879835172, 19.449844911712852 ], [ -99.125670292778565, 19.449247394438039 ], [ -99.125861663020657, 19.448281721862539 ], [ -99.125868666529769, 19.448225855007657 ], [ -99.125937578241988, 19.447676145610838 ], [ -99.125673087045215, 19.447108832675831 ], [ -99.12556302052846, 19.446938927501254 ], [ -99.125371028745207, 19.446642556628067 ], [ -99.124566107620268, 19.445317908188546 ], [ -99.124451719014445, 19.44495955522989 ], [ -99.124439316500414, 19.444920700930638 ], [ -99.124363584219978, 19.444753687596783 ], [ -99.124199993107155, 19.444392916800215 ], [ -99.123723991237512, 19.443648319099452 ], [ -99.123699070486595, 19.443609335973935 ], [ -99.123661458803966, 19.443552580033302 ], [ -99.123022078755938, 19.442634809464025 ], [ -99.123167123419591, 19.4415749477091 ], [ -99.123254847313333, 19.440860170373384 ], [ -99.123335453311057, 19.44020000767668 ], [ -99.123409973493111, 19.439598729550852 ], [ -99.123613074307286, 19.438639563879249 ], [ -99.12378589709067, 19.437490342874764 ], [ -99.12395113633228, 19.436429526816372 ], [ -99.124082747705216, 19.435591142718 ], [ -99.12421949962625, 19.434731159462565 ], [ -99.12436668299506, 19.4339535071461 ], [ -99.124537863527024, 19.432817391434821 ], [ -99.124672995684321, 19.431972398526764 ], [ -99.124773844417803, 19.431311899149772 ], [ -99.1247861914119, 19.431231033296619 ], [ -99.124845813463622, 19.430840541332959 ], [ -99.124994837882028, 19.429830784990234 ], [ -99.125111351729302, 19.42919898252444 ], [ -99.125176676960791, 19.428755581635155 ], [ -99.125236584448317, 19.428348952060972 ], [ -99.125345113779289, 19.427683244998292 ], [ -99.125467516456339, 19.426810844968781 ], [ -99.125504331367353, 19.426556146049887 ], [ -99.125512378007144, 19.426492144420866 ], [ -99.125598426164402, 19.425880847002482 ], [ -99.125628597298984, 19.425666506219031 ], [ -99.125632790636715, 19.425636716002511 ], [ -99.125640198713, 19.425574722468472 ], [ -99.125645790194582, 19.425530083229045 ], [ -99.125658789735951, 19.425423450453582 ], [ -99.125665821977236, 19.425365766252707 ], [ -99.125787655729752, 19.424366379664114 ], [ -99.125856654407244, 19.423800387029555 ], [ -99.125900374863377, 19.423490543316234 ], [ -99.125961174282097, 19.42305966028545 ], [ -99.126021485889254, 19.422947217590139 ], [ -99.126056546954828, 19.422882086446712 ], [ -99.126091099088583, 19.422817433138086 ], [ -99.1265875056352, 19.421710953869916 ], [ -99.12713303937069, 19.42049495232618 ], [ -99.127162494172978, 19.420300314488866 ], [ -99.127354498332224, 19.419031536385983 ], [ -99.127406887482664, 19.418685341478287 ], [ -99.12762283453101, 19.41743540985955 ], [ -99.127840906994749, 19.415984030193929 ], [ -99.127899745364218, 19.415576587432831 ], [ -99.128039146188627, 19.414611259328371 ], [ -99.128168473651797, 19.413717470819659 ], [ -99.128001494543938, 19.413640087418955 ], [ -99.127866404910961, 19.413468332233073 ], [ -99.127856515184831, 19.413388289313136 ], [ -99.12771986923147, 19.412282331111157 ], [ -99.127459827906691, 19.411042841952113 ], [ -99.126711732598125, 19.408942687277577 ], [ -99.126166279861977, 19.406824601927038 ], [ -99.125825246021208, 19.40523183057828 ], [ -99.125697829602473, 19.404566904566824 ], [ -99.12568620668182, 19.404419001671162 ], [ -99.125681041270667, 19.404353271177396 ], [ -99.125850426436813, 19.404318458975872 ], [ -99.127184537800531, 19.404044265098477 ], [ -99.127917289349384, 19.403819896526706 ], [ -99.128719718503078, 19.403577939542423 ], [ -99.128778527750583, 19.403560206584398 ], [ -99.128994623534751, 19.403501483980062 ], [ -99.130067586579131, 19.403209908921252 ], [ -99.130559531145693, 19.403131774275394 ], [ -99.131103072270804, 19.403104313265885 ], [ -99.131619453448323, 19.403128356252868 ], [ -99.13201117290447, 19.403154550654715 ], [ -99.132522504952306, 19.40318874230416 ], [ -99.133258370752557, 19.403237287135706 ], [ -99.133731649439554, 19.403264358026796 ], [ -99.133866218672765, 19.403272264628299 ], [ -99.134281346938536, 19.4032967954371 ], [ -99.136271518331426, 19.403411174562994 ], [ -99.136380845808759, 19.403417457195175 ], [ -99.136500978877805, 19.403424360707046 ], [ -99.136612361817583, 19.403428826254512 ], [ -99.137342401499581, 19.403458093195223 ], [ -99.138199124473758, 19.403515188841276 ], [ -99.138296757644795, 19.403520416572746 ], [ -99.139086212534721, 19.403562685698216 ], [ -99.140078861908663, 19.4036189931102 ], [ -99.140156115082732, 19.403623370585915 ], [ -99.140904385478009, 19.403665768885059 ], [ -99.142690989590037, 19.40375444972679 ], [ -99.142739055241734, 19.403757063564342 ], [ -99.143383807283314, 19.403791892871745 ], [ -99.144140779874533, 19.403832446354979 ], [ -99.144719962469097, 19.403863702377308 ], [ -99.144990198857514, 19.403879818575565 ], [ -99.145082703993239, 19.403883208780218 ], [ -99.14512241506317, 19.40388525030286 ], [ -99.147626888482591, 19.404019946315099 ], [ -99.149726347754211, 19.404038977015755 ], [ -99.150039061679237, 19.404041771672535 ], [ -99.150064393788199, 19.404042000707733 ], [ -99.150106903353233, 19.404042385041421 ], [ -99.150143662359454, 19.404042717375749 ], [ -99.150189829677998, 19.40404278758022 ], [ -99.150238462236473, 19.404043615828648 ], [ -99.150293688765018, 19.404044073671454 ], [ -99.150321834274493, 19.40404437324116 ], [ -99.15037249170355, 19.404044912407873 ], [ -99.150406417622506, 19.404045273486638 ], [ -99.152419175673316, 19.404066684246896 ], [ -99.155226332096319, 19.404056546054679 ], [ -99.155263686572084, 19.404056410854707 ], [ -99.155291706758831, 19.40405630943404 ], [ -99.155392991374882, 19.404055942792528 ], [ -99.15550825722238, 19.40405556916987 ], [ -99.155548259647063, 19.404055439488907 ], [ -99.155585952304904, 19.404055317287828 ], [ -99.156236199979574, 19.404053207927969 ], [ -99.156678855169901, 19.404027298615407 ], [ -99.157147196807145, 19.403944839560559 ], [ -99.157682609222192, 19.403785542159653 ], [ -99.159137302050979, 19.403353735931265 ], [ -99.159701977840399, 19.403191792631993 ], [ -99.160179497287118, 19.403049473038191 ], [ -99.160202725333775, 19.403042550127616 ], [ -99.160222549431921, 19.403036641730477 ], [ -99.160254192156614, 19.403027210890755 ], [ -99.160287239909849, 19.403017361287574 ], [ -99.16045098952246, 19.402968556994793 ], [ -99.160478195720856, 19.402960448382874 ], [ -99.160500206860888, 19.402953888117164 ], [ -99.161295381241274, 19.402716889838196 ], [ -99.162168509872018, 19.402439866574124 ], [ -99.162191051163518, 19.402432714682391 ], [ -99.162212849135344, 19.402425798627593 ], [ -99.162278204807023, 19.402405062577916 ], [ -99.162760547131953, 19.402236345936476 ], [ -99.163035433021818, 19.402140193944902 ], [ -99.165284044864691, 19.401314498844513 ], [ -99.167910849566852, 19.400397900955191 ], [ -99.170201824725112, 19.39986028376288 ], [ -99.170231317385046, 19.399853171508727 ], [ -99.17028020411135, 19.399841299986207 ], [ -99.170348554858705, 19.399824701847663 ], [ -99.170411594864703, 19.400055943104395 ], [ -99.170461584801188, 19.400291203792996 ], [ -99.170495171612828, 19.400449268336608 ], [ -99.17077282923114, 19.401755954210792 ] ], [ [ -99.163103089837477, 19.454100842788407 ], [ -99.163103089836227, 19.454100842800955 ], [ -99.163800486593203, 19.454214993093558 ], [ -99.163103089837477, 19.454100842788407 ] ], [ [ -99.160635428323928, 19.432130593507626 ], [ -99.159358388145293, 19.431774039128435 ], [ -99.160635428323928, 19.432130593507711 ], [ -99.160775398312197, 19.431659732565077 ], [ -99.160635428323928, 19.432130593507626 ] ], [ [ -99.167455795129328, 19.416725506581891 ], [ -99.167414371754987, 19.416734478752684 ], [ -99.167274076972831, 19.416757623349056 ], [ -99.167414371755001, 19.416734478752684 ], [ -99.167455795129328, 19.416725506581891 ] ], [ [ -99.165817129344461, 19.43948209124278 ], [ -99.164655812366931, 19.439219684934638 ], [ -99.163570817934968, 19.438974278587686 ], [ -99.164655812366917, 19.439219684934638 ], [ -99.165817129344461, 19.43948209124278 ] ], [ [ -99.159822926029008, 19.409689910540585 ], [ -99.159805186134392, 19.409919819154407 ], [ -99.159822926029008, 19.409689910540678 ], [ -99.15990640151702, 19.408608061865902 ], [ -99.159822926029008, 19.409689910540585 ] ], [ [ -99.158197237335003, 19.412196868732256 ], [ -99.158197237335017, 19.412196868732345 ], [ -99.159421491698552, 19.411988304773171 ], [ -99.158197237335003, 19.412196868732256 ] ], [ [ -99.163736994007436, 19.451744443319303 ], [ -99.163328144955699, 19.451684338913591 ], [ -99.161752836275198, 19.451452745641522 ], [ -99.161425057100089, 19.453252773257312 ], [ -99.162385526557912, 19.453423256863012 ], [ -99.162226752226928, 19.454393837649846 ], [ -99.162226752994741, 19.454393837761955 ], [ -99.162385527325597, 19.453423256975832 ], [ -99.161425057867774, 19.45325277337022 ], [ -99.161752837042883, 19.451452745754434 ], [ -99.163328145723369, 19.451684339026496 ], [ -99.163736994007436, 19.451744443319303 ] ], [ [ -99.150734387961606, 19.443182667222487 ], [ -99.149477608881625, 19.442881234787361 ], [ -99.150734387961606, 19.443182667222487 ], [ -99.150734387961606, 19.443182667222487 ] ], [ [ -99.140467297229023, 19.407494484914441 ], [ -99.141331206718093, 19.407417714982024 ], [ -99.142234128823816, 19.40731846672 ], [ -99.141331206718093, 19.407417714982024 ], [ -99.140467297229023, 19.407494484914441 ] ], [ [ -99.13333226529943, 19.423693045903104 ], [ -99.133312264055093, 19.42383272090019 ], [ -99.133428931559365, 19.423848698831208 ], [ -99.133312264055093, 19.42383272090019 ], [ -99.13333226529943, 19.423693045903104 ] ], [ [ -99.137898465930803, 19.436575374700439 ], [ -99.137759918478096, 19.437403396349236 ], [ -99.137898465930803, 19.436575374700531 ], [ -99.138872070279419, 19.436710289632771 ], [ -99.137898465930803, 19.436575374700439 ] ], [ [ -99.142605693030845, 19.440959846676687 ], [ -99.14267436871603, 19.441045169523022 ], [ -99.142605693030845, 19.440959846676602 ], [ -99.142405961826114, 19.441131559315597 ], [ -99.142605693030845, 19.440959846676687 ] ], [ [ -99.143761994320528, 19.440199079043584 ], [ -99.143806042631269, 19.440254362369998 ], [ -99.143806042631269, 19.440254362369995 ], [ -99.143761994320528, 19.440199079043584 ] ], [ [ -99.137376549064143, 19.409574753055256 ], [ -99.137309262521327, 19.410001202003908 ], [ -99.137376549064143, 19.409574753055342 ], [ -99.137467749745454, 19.408994138711478 ], [ -99.137376549064143, 19.409574753055256 ] ], [ [ -99.13918274313707, 19.418087141479067 ], [ -99.139441945915095, 19.418096853668299 ], [ -99.139411833510465, 19.418468415743749 ], [ -99.139441945915095, 19.418096853668299 ], [ -99.13918274313707, 19.418087141479067 ] ], [ [ -99.139040516472264, 19.421140441434385 ], [ -99.139224973056585, 19.421149510474297 ], [ -99.140012299253343, 19.421232792628633 ], [ -99.139224973056599, 19.421149510474208 ], [ -99.139040516472264, 19.421140441434385 ] ], [ [ -99.135260771382093, 19.411350656306723 ], [ -99.13534715196306, 19.410814942340618 ], [ -99.13543384284948, 19.410279512993824 ], [ -99.13534715196306, 19.410814942340618 ], [ -99.135260771382093, 19.411350656306723 ] ], [ [ -99.131429616875764, 19.411109559143412 ], [ -99.131804400399702, 19.411330766167488 ], [ -99.131429616875764, 19.41110955914332 ], [ -99.131005516056121, 19.410859440121712 ], [ -99.131429616875764, 19.411109559143412 ] ] ] ] } },
{ "type": "Feature", "properties": { "id": 627.0, "entidad": 9, "distrito_f": 3, "distrito_l": 5, "municipio": 2, "seccion": 1, "tipo": 2, "control": 33091.0, "SECCION_TX": "0001", "SECCION__1": null, "SECCION__2": null, "SECCION_N": "1", "ESTATUS": null, "ALCALDIA_N": "AZCAPOTZALCO" }, "geometry": { "type": "MultiPolygon", "coordinates": [ [ [ [ -99.205363001620213, 19.472075285856885 ], [ -99.205915638716462, 19.471794329847818 ], [ -99.206460499329481, 19.471447490719804 ], [ -99.206580716870292, 19.471370964036922 ], [ -99.206798193139676, 19.471231642618747 ], [ -99.20687069392406, 19.471218083713605 ], [ -99.206923482798715, 19.471208211258038 ], [ -99.207617251021006, 19.471412151802983 ], [ -99.208019550268205, 19.471530410855141 ], [ -99.208383998953877, 19.471636247003588 ], [ -99.208623137649127, 19.47170569302952 ], [ -99.209244182099681, 19.471886042520172 ], [ -99.209604100712596, 19.47199056067026 ], [ -99.210031660250635, 19.472114720262997 ], [ -99.210800750333448, 19.472318261914118 ], [ -99.211444572759106, 19.47247812210097 ], [ -99.212644809208072, 19.472776131587963 ], [ -99.213563934252122, 19.473004336412977 ], [ -99.214227514499811, 19.473157880107273 ], [ -99.214876594627938, 19.473345375336471 ], [ -99.215568198218023, 19.473545150974431 ], [ -99.215877929529114, 19.473631150916773 ], [ -99.216187661232382, 19.473717150629593 ], [ -99.216856273024902, 19.473902794928577 ], [ -99.217507473517003, 19.474083601694485 ], [ -99.217877473717621, 19.474186331563217 ], [ -99.218165240475017, 19.474264107436191 ], [ -99.218838394394609, 19.474446041356497 ], [ -99.219506982160425, 19.474626738289547 ], [ -99.220158424696606, 19.474774187171104 ], [ -99.220527397806123, 19.474857700164097 ], [ -99.220560408851313, 19.474868960741485 ], [ -99.221115250061757, 19.475058224509134 ], [ -99.221026299563917, 19.475662054768634 ], [ -99.220954162225524, 19.475950273349419 ], [ -99.220735305496476, 19.476824689205156 ], [ -99.220380996074681, 19.478240269903608 ], [ -99.220086282217281, 19.479093372434367 ], [ -99.220068020750773, 19.479146233242819 ], [ -99.219763103914275, 19.479978655978314 ], [ -99.219116764771528, 19.481813824419337 ], [ -99.218677222159286, 19.483067088447502 ], [ -99.218132968872155, 19.484601522343521 ], [ -99.21724016093215, 19.487357157854778 ], [ -99.216954810797688, 19.488180534488698 ], [ -99.216646042109559, 19.489071474881762 ], [ -99.21662115112521, 19.489143296379577 ], [ -99.21660058560721, 19.489201446154048 ], [ -99.21651252191802, 19.489450448991288 ], [ -99.216412678072828, 19.489732759635316 ], [ -99.216385903923609, 19.489808464055287 ], [ -99.216113694953563, 19.490578135439229 ], [ -99.215869211163465, 19.491269406537036 ], [ -99.215754016790001, 19.491595113025369 ], [ -99.215467835928621, 19.492404270933271 ], [ -99.215432733799531, 19.4924958623373 ], [ -99.215196498625943, 19.493112266292762 ], [ -99.215175382210333, 19.493167364718502 ], [ -99.214967193046306, 19.493791399007872 ], [ -99.214807291161733, 19.494270692133892 ], [ -99.214584235378652, 19.49493628883652 ], [ -99.214461993602171, 19.495301054930614 ], [ -99.214339751285749, 19.495665820932711 ], [ -99.214134453108073, 19.496278418347384 ], [ -99.214091683327013, 19.496414588746461 ], [ -99.213814065555127, 19.497298461525677 ], [ -99.21370620946341, 19.497641849525323 ], [ -99.213448693295248, 19.498469637591779 ], [ -99.213188135955576, 19.499350986899504 ], [ -99.212282567350911, 19.502414045339851 ], [ -99.212240061935802, 19.502531394710346 ], [ -99.2119383695713, 19.503605145061162 ], [ -99.211872027098124, 19.504007859965096 ], [ -99.211848223759588, 19.504152351523281 ], [ -99.211815628045201, 19.504350214346445 ], [ -99.211631654842463, 19.505576330623182 ], [ -99.211509070632175, 19.506444576019586 ], [ -99.211442422908604, 19.506696927952976 ], [ -99.211414360542136, 19.506803181792403 ], [ -99.211377442727212, 19.506942965211543 ], [ -99.211287475927278, 19.50728360912758 ], [ -99.211207562105358, 19.507546049894604 ], [ -99.211053416217808, 19.508052269804068 ], [ -99.211062346451726, 19.508209707583475 ], [ -99.211050419384179, 19.508300095407463 ], [ -99.211013897328797, 19.508576872731393 ], [ -99.210971821732613, 19.508937979180971 ], [ -99.210961512705438, 19.50919012623849 ], [ -99.210974561010843, 19.50940997277149 ], [ -99.210969503286464, 19.509449616615786 ], [ -99.210951397197888, 19.509591536997981 ], [ -99.210906890675417, 19.509718664933839 ], [ -99.210747820660814, 19.510081924710605 ], [ -99.210624800288358, 19.510358407933953 ], [ -99.210450731516403, 19.510638984614662 ], [ -99.210261776817418, 19.510923612584406 ], [ -99.210034570486926, 19.511238540963081 ], [ -99.209784015788202, 19.511593837724806 ], [ -99.209663282170553, 19.511765355618323 ], [ -99.209599284700104, 19.511856272215621 ], [ -99.209387630554303, 19.512154753658887 ], [ -99.209344478823539, 19.512215607444627 ], [ -99.209191600466411, 19.512435645976698 ], [ -99.20911165685439, 19.512538382878493 ], [ -99.209076918742042, 19.512583025368752 ], [ -99.208966457611766, 19.512704177776431 ], [ -99.20883046677892, 19.512823342508366 ], [ -99.208654070986142, 19.512952639143023 ], [ -99.208447975051627, 19.513070063813903 ], [ -99.207074189226262, 19.513797145930596 ], [ -99.20620482688895, 19.514276767552843 ], [ -99.205823268908929, 19.514525073569391 ], [ -99.205571363567344, 19.514683617853247 ], [ -99.205158638153293, 19.514943377712751 ], [ -99.205073778614761, 19.515000144256764 ], [ -99.204957511934609, 19.515095720779161 ], [ -99.204863256784449, 19.515185307002731 ], [ -99.204717234700894, 19.515143107460368 ], [ -99.204044554249521, 19.514948719764128 ], [ -99.203253057062355, 19.514719992976609 ], [ -99.202976788084385, 19.514640117591526 ], [ -99.202832842614754, 19.514593944117912 ], [ -99.201867380459177, 19.514283597758379 ], [ -99.200158569425128, 19.513767164703086 ], [ -99.200129128768822, 19.513758275395308 ], [ -99.200099688115699, 19.513749386082697 ], [ -99.19992791878488, 19.513697456487609 ], [ -99.197868198753156, 19.513091826419615 ], [ -99.196843414958437, 19.512774523323944 ], [ -99.19680255927527, 19.512759282649434 ], [ -99.196456547431936, 19.512630207001273 ], [ -99.195164075676075, 19.512148924099346 ], [ -99.192780680446944, 19.51126137357457 ], [ -99.192485544781661, 19.51115146556474 ], [ -99.191841341333856, 19.510911182676445 ], [ -99.191816976038339, 19.510700201313568 ], [ -99.190604297122775, 19.510427557833783 ], [ -99.189618044397051, 19.510213448806052 ], [ -99.189026820768092, 19.510085095160594 ], [ -99.188936885127717, 19.510065570098245 ], [ -99.188453666401315, 19.509917885044437 ], [ -99.187219290019499, 19.50945306514404 ], [ -99.186098980752405, 19.509031188094699 ], [ -99.185393024932523, 19.508740025287057 ], [ -99.185160754998265, 19.508547168294722 ], [ -99.185018612135678, 19.508484445610705 ], [ -99.184549598510969, 19.508327754363815 ], [ -99.184061709016675, 19.508229458606042 ], [ -99.183692187264199, 19.508108588511746 ], [ -99.182616659167365, 19.507642657026587 ], [ -99.182419810367449, 19.507577419266251 ], [ -99.180784516897745, 19.507158097816436 ], [ -99.177549191574499, 19.506322716726839 ], [ -99.177474513957876, 19.50633092379277 ], [ -99.177363149801891, 19.506343162648697 ], [ -99.176837451366481, 19.506400935651211 ], [ -99.176780530865557, 19.506430725244211 ], [ -99.176683793849151, 19.506481352918708 ], [ -99.176633727483676, 19.506507555303173 ], [ -99.176131428534873, 19.506877089569493 ], [ -99.176031489043709, 19.506949266163762 ], [ -99.175407616640271, 19.507399825951094 ], [ -99.175277407055091, 19.507493862547246 ], [ -99.175126581010659, 19.50749972547321 ], [ -99.175068084782524, 19.507501999310755 ], [ -99.17483790179422, 19.507586713368482 ], [ -99.174177488187624, 19.507849954581168 ], [ -99.173754743814698, 19.508088866133374 ], [ -99.173660185933088, 19.508163960530503 ], [ -99.173450047822072, 19.508330844076099 ], [ -99.17305472765598, 19.508620087323006 ], [ -99.172926881163377, 19.508575049303147 ], [ -99.172309119775534, 19.508357422991057 ], [ -99.171024641121065, 19.507904913943676 ], [ -99.170941288930962, 19.507875549701691 ], [ -99.170411036118352, 19.507635575093499 ], [ -99.169739365652887, 19.507298877057327 ], [ -99.169500481977821, 19.507179127780606 ], [ -99.16909761835916, 19.507012238402176 ], [ -99.169125196665476, 19.506933381047702 ], [ -99.169102001496469, 19.506926334189441 ], [ -99.168743272152426, 19.506797302577276 ], [ -99.168711348120681, 19.506788008070853 ], [ -99.168678762234421, 19.506777379125296 ], [ -99.168607471848631, 19.506754419226514 ], [ -99.168570870111992, 19.506742636857641 ], [ -99.168443994867971, 19.506701782177782 ], [ -99.168225041951146, 19.506631277562835 ], [ -99.16731964011332, 19.506339546234877 ], [ -99.167281915907878, 19.506326171524091 ], [ -99.167356248322861, 19.506127337666531 ], [ -99.167183130203512, 19.506069668504743 ], [ -99.16454961321331, 19.505192366256288 ], [ -99.164379028344399, 19.505135537458411 ], [ -99.163438269813341, 19.504831221021853 ], [ -99.162932439786246, 19.504667592256205 ], [ -99.161966622809999, 19.504355162664872 ], [ -99.160690052418246, 19.503942196767589 ], [ -99.158503093304802, 19.503234692981959 ], [ -99.157332830335704, 19.502856085459495 ], [ -99.157207775961652, 19.502815627173021 ], [ -99.156970994047356, 19.502739021878284 ], [ -99.156384593215051, 19.501170053070041 ], [ -99.155938620959233, 19.499893109264324 ], [ -99.155899766077027, 19.499781855804375 ], [ -99.155742104172191, 19.49933041967423 ], [ -99.154200862311072, 19.495181510014621 ], [ -99.153993816352582, 19.494622329860388 ], [ -99.153277639799072, 19.492695676341292 ], [ -99.153215201999615, 19.492527704238999 ], [ -99.153163434680238, 19.49238843790819 ], [ -99.153036003351986, 19.492045616402407 ], [ -99.152959058876704, 19.491838500035886 ], [ -99.151826038434677, 19.48889664969963 ], [ -99.15047882203055, 19.485291933773286 ], [ -99.149714456612685, 19.483246661991878 ], [ -99.148860669442826, 19.480983515178359 ], [ -99.148148927183001, 19.479096836912667 ], [ -99.147973726605358, 19.478623923483649 ], [ -99.147914605758857, 19.478464339765338 ], [ -99.147614495134505, 19.477668145608217 ], [ -99.147314387467148, 19.476871950864716 ], [ -99.147071854655721, 19.4762284978003 ], [ -99.146908139232863, 19.475800855204209 ], [ -99.146512064443229, 19.474743667932156 ], [ -99.145904487184481, 19.473219339627793 ], [ -99.145863760196576, 19.473116836430449 ], [ -99.145823113365239, 19.473014222470134 ], [ -99.145047311944111, 19.470987098395003 ], [ -99.144662117928675, 19.469965832435115 ], [ -99.144466762784873, 19.469417875690446 ], [ -99.144401033327881, 19.469238210750348 ], [ -99.143708155534767, 19.46734427212975 ], [ -99.143681764949974, 19.467270091227924 ], [ -99.143642100316683, 19.467158598364176 ], [ -99.143051335051439, 19.465638803994434 ], [ -99.143034296723883, 19.465460693702951 ], [ -99.143031334982254, 19.465325199835146 ], [ -99.143060518585131, 19.465136744668111 ], [ -99.143122008874926, 19.46511132905594 ], [ -99.143281788336083, 19.465045287716546 ], [ -99.144026789687601, 19.464836972634711 ], [ -99.145802623009232, 19.464340404870629 ], [ -99.147006267627845, 19.463951985868661 ], [ -99.147718071089912, 19.463697237824189 ], [ -99.147929834525712, 19.463621448906085 ], [ -99.148198686649451, 19.463482648417052 ], [ -99.148301481736127, 19.463452770348891 ], [ -99.148634198606189, 19.463356222856362 ], [ -99.150043631571833, 19.463027887945941 ], [ -99.150320821893487, 19.462970629419559 ], [ -99.150554620633955, 19.462948257508714 ], [ -99.150769967339315, 19.462950766123317 ], [ -99.152337519705014, 19.46314142729253 ], [ -99.153629568963382, 19.463301257850123 ], [ -99.155021573533062, 19.463559276820824 ], [ -99.155966274196572, 19.463776251782541 ], [ -99.156357205760358, 19.463887124512812 ], [ -99.157060833922685, 19.464034795582538 ], [ -99.157581994348746, 19.464096126360346 ], [ -99.157868599853913, 19.464095877007711 ], [ -99.158221608219293, 19.464034782245935 ], [ -99.158557518495883, 19.463938889665624 ], [ -99.158697560651149, 19.463881553644022 ], [ -99.158835647918792, 19.463814991245535 ], [ -99.15898344428814, 19.463728118668374 ], [ -99.159144844888644, 19.463624623661957 ], [ -99.159292622894711, 19.463519294885504 ], [ -99.159418995140925, 19.463412139216342 ], [ -99.159586171140788, 19.463245888461309 ], [ -99.15968490920163, 19.463128983239599 ], [ -99.159704727280243, 19.463105518736835 ], [ -99.159811597617789, 19.462954085656477 ], [ -99.159916512920702, 19.462793426254091 ], [ -99.160013637625809, 19.462625391279449 ], [ -99.160033084081789, 19.462589483112229 ], [ -99.160114635585586, 19.462438896865176 ], [ -99.160224595558958, 19.462233840346197 ], [ -99.16026612937452, 19.462156386741658 ], [ -99.160384613367924, 19.461944038360841 ], [ -99.16042205839085, 19.46187793045943 ], [ -99.160506984975584, 19.461727995264781 ], [ -99.160580777318174, 19.461578436594845 ], [ -99.160670146617406, 19.461439937670388 ], [ -99.160702639197652, 19.461389823560189 ], [ -99.160773116156463, 19.461281125077694 ], [ -99.16089164618927, 19.461116761827519 ], [ -99.161002425703188, 19.460985626122486 ], [ -99.161062680721813, 19.460920976720857 ], [ -99.161203613856557, 19.460784277313341 ], [ -99.161372747547233, 19.460634633521607 ], [ -99.161528282525666, 19.4605071488484 ], [ -99.161546819500614, 19.460491072202714 ], [ -99.161565356471883, 19.460474995555042 ], [ -99.161728524006065, 19.46033348424988 ], [ -99.161987095641024, 19.460117318600442 ], [ -99.162029893851042, 19.460082169574463 ], [ -99.162144573566422, 19.459987986064807 ], [ -99.162313711076067, 19.459843878180099 ], [ -99.162452180365477, 19.459716950853615 ], [ -99.162560596535286, 19.459617571388446 ], [ -99.16258223744893, 19.459594168540438 ], [ -99.162673328642256, 19.45949566088985 ], [ -99.162766610463748, 19.459381150168934 ], [ -99.162852105481889, 19.459262955199097 ], [ -99.162929784216942, 19.459111546465639 ], [ -99.162995806788032, 19.458978604145539 ], [ -99.163056223835511, 19.458809018846001 ], [ -99.163073418843695, 19.458760753913602 ], [ -99.163131554856733, 19.458524465195669 ], [ -99.163228420761854, 19.458103581879211 ], [ -99.163292126068342, 19.457796976247103 ], [ -99.163360669224289, 19.457479935942516 ], [ -99.163388881194535, 19.457349443607963 ], [ -99.1634642469851, 19.457001711932087 ], [ -99.163514094375728, 19.456771719271153 ], [ -99.163605187623048, 19.456381139193354 ], [ -99.163681673894658, 19.456391917339449 ], [ -99.163719756909586, 19.45639728383637 ], [ -99.163739159296767, 19.456400017935209 ], [ -99.163814027791759, 19.456410568053062 ], [ -99.16400845526465, 19.45644230309431 ], [ -99.164325535005148, 19.456494057335895 ], [ -99.164951948280716, 19.456599574277206 ], [ -99.165154488813883, 19.456632640327459 ], [ -99.165525967388803, 19.456693285980347 ], [ -99.165630207291628, 19.456711213317146 ], [ -99.166059245749011, 19.456784999329237 ], [ -99.1667769529369, 19.45690501538844 ], [ -99.167328326557183, 19.457002876770392 ], [ -99.16749148490679, 19.457029542314981 ], [ -99.167601313851208, 19.457046128481903 ], [ -99.167669228919166, 19.457056384856539 ], [ -99.167731946710717, 19.457065596688089 ], [ -99.16788793076077, 19.457089121832684 ], [ -99.168043920949216, 19.457118564208805 ], [ -99.168129600645884, 19.457129372636931 ], [ -99.168343231642382, 19.457165767767524 ], [ -99.168524029641546, 19.457196569112398 ], [ -99.16861152048061, 19.457211474271983 ], [ -99.168744174300926, 19.457234073424821 ], [ -99.168933878241404, 19.457264506807498 ], [ -99.170303608398015, 19.457484240454562 ], [ -99.171124950716461, 19.457622774127543 ], [ -99.17461364549554, 19.458211159037745 ], [ -99.175770210070255, 19.458406203354077 ], [ -99.176877217257555, 19.458592882897801 ], [ -99.177085637402044, 19.458628028908116 ], [ -99.177733424852221, 19.458742619680951 ], [ -99.177989771544219, 19.458787965607073 ], [ -99.17870980401797, 19.458915332207567 ], [ -99.178835642177773, 19.458935904509246 ], [ -99.178964786028104, 19.458956351595301 ], [ -99.179930632541414, 19.459117677384587 ], [ -99.18099504010253, 19.459295459530331 ], [ -99.181147312340045, 19.459320892181719 ], [ -99.182008854009908, 19.459464785113827 ], [ -99.182082313087378, 19.459477053897508 ], [ -99.183154741492871, 19.459657203982459 ], [ -99.184164140640945, 19.459826760032872 ], [ -99.184227172211266, 19.459837347701583 ], [ -99.185292468968441, 19.460016286392133 ], [ -99.185443136012125, 19.46004924614293 ], [ -99.187283316101471, 19.460451790634149 ], [ -99.187332559299747, 19.460464109566757 ], [ -99.188537665303485, 19.460765580339135 ], [ -99.188259140441417, 19.46235297064073 ], [ -99.188028912245954, 19.463665081645903 ], [ -99.188004695204057, 19.463811597393814 ], [ -99.189143282025753, 19.464155045959156 ], [ -99.189825018186454, 19.464360683858235 ], [ -99.189873016538073, 19.464375161894278 ], [ -99.189963551536081, 19.464402470477005 ], [ -99.189998623839287, 19.464413286568995 ], [ -99.190042850025847, 19.464426389683421 ], [ -99.190118887641347, 19.464449325256506 ], [ -99.190175470748855, 19.464468166984339 ], [ -99.190706525955164, 19.464645003094983 ], [ -99.190773299366896, 19.464667237840164 ], [ -99.190708924172156, 19.465849644008635 ], [ -99.190705571562404, 19.465946968228351 ], [ -99.190681272179347, 19.466652361489604 ], [ -99.190594127549758, 19.467924280213534 ], [ -99.190556490047271, 19.469072318160627 ], [ -99.190498237275776, 19.470284272297867 ], [ -99.190494689112313, 19.470358091625798 ], [ -99.190960739480971, 19.470484605451116 ], [ -99.192507738775106, 19.470904543154088 ], [ -99.192885022185521, 19.470985687236958 ], [ -99.193443011864005, 19.471105695057897 ], [ -99.194168796329336, 19.471287714168817 ], [ -99.194663781776043, 19.471411849406678 ], [ -99.194763457619743, 19.471436846488977 ], [ -99.195172750737171, 19.471560367297688 ], [ -99.195230154935658, 19.471577691255 ], [ -99.195698296214388, 19.471716712679125 ], [ -99.196166438280983, 19.471855732884947 ], [ -99.196657101522675, 19.472001439455489 ], [ -99.197117262159026, 19.472138086571544 ], [ -99.197501340334469, 19.472252139527058 ], [ -99.197763251650628, 19.472329914173645 ], [ -99.197965628545617, 19.472391951866545 ], [ -99.199253877135504, 19.472786852028189 ], [ -99.199778318864446, 19.472947611389934 ], [ -99.200145212368824, 19.473060075726394 ], [ -99.200836155969697, 19.473271869106142 ], [ -99.201196180364178, 19.473280865299099 ], [ -99.201351086861038, 19.47324154237657 ], [ -99.202133459641033, 19.473042935199206 ], [ -99.202522112050104, 19.472944273433665 ], [ -99.204336991395877, 19.472390585467725 ], [ -99.20507447727276, 19.472221968132736 ], [ -99.205183588317524, 19.472172052848798 ], [ -99.205363001620213, 19.472075285856885 ] ], [ [ -99.193599065234707, 19.488767862590677 ], [ -99.193721480884221, 19.48887550871946 ], [ -99.193599065234764, 19.488767862590677 ], [ -99.193344325076581, 19.488543258323094 ], [ -99.193599065234707, 19.488767862590677 ] ], [ [ -99.174887423679621, 19.47983891012661 ], [ -99.174929956811724, 19.479473177784403 ], [ -99.174887423679621, 19.479838910126517 ], [ -99.174730109647783, 19.481188685630165 ], [ -99.174596132130745, 19.482459322634845 ], [ -99.174730109647783, 19.481188685630258 ], [ -99.174887423679621, 19.47983891012661 ] ], [ [ -99.173229192962907, 19.474998520863078 ], [ -99.172492124021204, 19.474810865902043 ], [ -99.171694776039274, 19.474607676795536 ], [ -99.172492124021204, 19.474810865902128 ], [ -99.173229192962907, 19.474998520863078 ] ], [ [ -99.165190297986513, 19.477221366565114 ], [ -99.164810245682858, 19.477102915385842 ], [ -99.164707245661305, 19.477069956271571 ], [ -99.164810245682844, 19.477102915385842 ], [ -99.165190297986513, 19.477221366565114 ] ] ] ] } },
{ "type": "Feature", "properties": { "id": 1488.0, "entidad": 9, "distrito_f": 6, "distrito_l": 33, "municipio": 8, "seccion": 3057, "tipo": 2, "control": 37338.0, "SECCION_TX": "3057", "SECCION__1": null, "SECCION__2": null, "SECCION_N": "3057", "ESTATUS": null, "ALCALDIA_N": "LA MAGDALENA CONTRERAS" }, "geometry": { "type": "MultiPolygon", "coordinates": [ [ [ [ -99.243819755814201, 19.270361841436294 ], [ -99.243793150816856, 19.270268731621201 ], [ -99.243688508964894, 19.269902514238179 ], [ -99.243718853338393, 19.269647194786092 ], [ -99.243941099889355, 19.269318682515529 ], [ -99.244248207984427, 19.269245335636931 ], [ -99.244470517825931, 19.268960584756179 ], [ -99.244954154627436, 19.268806770025019 ], [ -99.245330178491784, 19.268594748960655 ], [ -99.245560241974985, 19.268361042160361 ], [ -99.245882458094684, 19.268119917480686 ], [ -99.246012838995426, 19.267995749432156 ], [ -99.246188713680738, 19.267477660973874 ], [ -99.246202863414723, 19.267226088213651 ], [ -99.246141913233643, 19.266996340653677 ], [ -99.246141760980052, 19.26689433835115 ], [ -99.246095287230432, 19.266631719056186 ], [ -99.246094884502199, 19.266361853164355 ], [ -99.245894903979575, 19.266165192634009 ], [ -99.245925418342708, 19.266026571528958 ], [ -99.246399261759876, 19.264465084346121 ], [ -99.246153213089286, 19.264275779794428 ], [ -99.246060833446549, 19.264130030334641 ], [ -99.245891891657408, 19.26414484495406 ], [ -99.245815080200785, 19.264174059891189 ], [ -99.245753713957384, 19.264188792834993 ], [ -99.245600023793557, 19.264130649794058 ], [ -99.245477010947454, 19.264043290686953 ], [ -99.245415244103199, 19.263824562896879 ], [ -99.245323125735396, 19.26385386125563 ], [ -99.245154184154245, 19.263868675191663 ], [ -99.244954456946303, 19.263839768071115 ], [ -99.244846696666883, 19.263679451199312 ], [ -99.244754296864215, 19.26351911370179 ], [ -99.24473874178922, 19.263387848092123 ], [ -99.244800031249596, 19.263285654393187 ], [ -99.244968777280718, 19.263139554621773 ], [ -99.245137739814908, 19.2631393282159 ], [ -99.245199159050088, 19.263124658495901 ], [ -99.245260491509626, 19.263051639347847 ], [ -99.245244957770481, 19.262934961130689 ], [ -99.245121750902626, 19.262716315588769 ], [ -99.245274506838015, 19.262147202884666 ], [ -99.245458264100364, 19.261767684402965 ], [ -99.245492428124734, 19.261501418806805 ], [ -99.245526592044001, 19.261235153197749 ], [ -99.245218805234401, 19.258879874750281 ], [ -99.245023312697626, 19.258620782327203 ], [ -99.244464529685942, 19.257900921598644 ], [ -99.243534073768998, 19.257652639171802 ], [ -99.242826375183512, 19.258235861921495 ], [ -99.242432992131796, 19.257722786290653 ], [ -99.242478896625002, 19.257293003565554 ], [ -99.242504443450571, 19.257053819421788 ], [ -99.243642985120573, 19.2558814278987 ], [ -99.243044044194789, 19.254773602182837 ], [ -99.243440882743556, 19.253891382095585 ], [ -99.242847744835572, 19.253035240389721 ], [ -99.242886158773331, 19.252174734731444 ], [ -99.242536804243983, 19.251308507563074 ], [ -99.243171152133343, 19.249785308524945 ], [ -99.246919560912815, 19.245695997363889 ], [ -99.248404453414764, 19.243570821050398 ], [ -99.249077582863663, 19.241382482676915 ], [ -99.249068434995024, 19.238396148827203 ], [ -99.249674372145535, 19.236529541641826 ], [ -99.251224937910621, 19.233181936258653 ], [ -99.253693806978134, 19.230419487961672 ], [ -99.256457018912258, 19.22852393140116 ], [ -99.258908870705454, 19.227190289838468 ], [ -99.260130121185298, 19.22652599193307 ], [ -99.263759559193844, 19.22526468581221 ], [ -99.265640751137184, 19.223191319528741 ], [ -99.268195795425711, 19.221067861550381 ], [ -99.272330742684332, 19.217793894392983 ], [ -99.272066621463779, 19.21611613484605 ], [ -99.272682332086987, 19.214093539833993 ], [ -99.27426149516711, 19.212550463236692 ], [ -99.276981449693452, 19.210505171989702 ], [ -99.279951124907271, 19.209794021470454 ], [ -99.285456656176009, 19.210604461037118 ], [ -99.288289846864672, 19.211900831754924 ], [ -99.28944564358396, 19.212134616602647 ], [ -99.291094718042928, 19.211346831125049 ], [ -99.292566616978675, 19.211472110320372 ], [ -99.294562021714086, 19.212047930037222 ], [ -99.296047375905289, 19.211967001481131 ], [ -99.29785066577044, 19.212798250196784 ], [ -99.299748189266325, 19.212481105477778 ], [ -99.301561126522486, 19.211065036597887 ], [ -99.302713486817154, 19.209414435759012 ], [ -99.303163178567701, 19.206748433343375 ], [ -99.302454472977161, 19.204972387793248 ], [ -99.328768657240431, 19.206023880004835 ], [ -99.324249709991491, 19.255270728726185 ], [ -99.326831366532758, 19.256344565861827 ], [ -99.326045810317709, 19.257166199292385 ], [ -99.325279012168863, 19.258013645752129 ], [ -99.32286642549262, 19.261262069814894 ], [ -99.32024414364615, 19.265659842016976 ], [ -99.322194444444506, 19.267561944473059 ], [ -99.311817225314641, 19.283613489253437 ], [ -99.306085386403026, 19.282974944785995 ], [ -99.302710051770845, 19.283026025848706 ], [ -99.301805699169719, 19.284110380083067 ], [ -99.30121319978285, 19.285286126068474 ], [ -99.300937330348191, 19.286455745619467 ], [ -99.298132191148525, 19.288762001601413 ], [ -99.298415450239261, 19.28771110670754 ], [ -99.29841545021975, 19.287711106372498 ], [ -99.298132191147786, 19.288762001196897 ], [ -99.294545218709075, 19.291342820181775 ], [ -99.294046243227157, 19.291368386545351 ], [ -99.292144896501597, 19.291361632012745 ], [ -99.291448189173096, 19.291549773482252 ], [ -99.290318703033847, 19.292089296007116 ], [ -99.289737757272135, 19.292591431249793 ], [ -99.289104742723836, 19.293255054574011 ], [ -99.288001549844637, 19.293819193295654 ], [ -99.285899390103296, 19.294249873616973 ], [ -99.284968125215144, 19.295007666969216 ], [ -99.284628572456029, 19.295423192714303 ], [ -99.284485123399051, 19.29574713496525 ], [ -99.284258542870973, 19.296636115644876 ], [ -99.283821457276872, 19.298350978133204 ], [ -99.278735219706618, 19.30355217102462 ], [ -99.278214589416976, 19.304084541746644 ], [ -99.275124329179988, 19.306590302298989 ], [ -99.275111949761566, 19.306530719299378 ], [ -99.274785691208251, 19.304960397719086 ], [ -99.274720761496127, 19.303294636577988 ], [ -99.27374889011729, 19.302492705299713 ], [ -99.273305088527167, 19.302416067538008 ], [ -99.272081459655098, 19.302459757685263 ], [ -99.271729435549659, 19.302694541844961 ], [ -99.271729434943225, 19.302694542652475 ], [ -99.272081459655766, 19.302459758087966 ], [ -99.27330508852782, 19.302416067940708 ], [ -99.273748890117972, 19.302492705702416 ], [ -99.274720761496809, 19.303294636980596 ], [ -99.274785691208933, 19.304960398121512 ], [ -99.275111949762234, 19.306530719701531 ], [ -99.275124329180656, 19.306590302701149 ], [ -99.278214589417644, 19.304084542149162 ], [ -99.278788116756445, 19.315802269892444 ], [ -99.278131851181087, 19.317435438245603 ], [ -99.27768813385336, 19.317680939155924 ], [ -99.276553708052504, 19.31730905392881 ], [ -99.275953245817433, 19.316916281486925 ], [ -99.274949087217891, 19.316492772089095 ], [ -99.274606296889601, 19.316348196609649 ], [ -99.274520021543537, 19.315758870923808 ], [ -99.274351799436374, 19.315517002325855 ], [ -99.274314915129324, 19.31546397020275 ], [ -99.27418952314008, 19.314776086042777 ], [ -99.273754242811663, 19.314521169775745 ], [ -99.273613953093133, 19.31421174747782 ], [ -99.27356718997234, 19.314108606684144 ], [ -99.272862228717671, 19.313559204018752 ], [ -99.272778780308784, 19.313185803533731 ], [ -99.272135751811021, 19.312518349985815 ], [ -99.271576303156436, 19.312302931948782 ], [ -99.271310747715233, 19.311369513590105 ], [ -99.271129432262086, 19.311291146146555 ], [ -99.270906897381664, 19.311330795100158 ], [ -99.270834471617349, 19.311360391449149 ], [ -99.270762045826658, 19.311389987769711 ], [ -99.270664060621002, 19.311467753534348 ], [ -99.270482865607192, 19.311611568130257 ], [ -99.270280843294344, 19.311533230534948 ], [ -99.270125532911948, 19.311528545691434 ], [ -99.269913479982236, 19.311646814847471 ], [ -99.269484091766955, 19.311819467724447 ], [ -99.26928747170723, 19.311878735672529 ], [ -99.26919449120868, 19.312001743055042 ], [ -99.268988007595155, 19.312360828508272 ], [ -99.268863749040136, 19.312351182016243 ], [ -99.268672096152883, 19.312282656984902 ], [ -99.268599521076268, 19.312221328726551 ], [ -99.268547540768566, 19.312091162819645 ], [ -99.268479946036479, 19.311909414383692 ], [ -99.266994607804762, 19.312152419269189 ], [ -99.266822570691517, 19.311410534786468 ], [ -99.266755320877934, 19.311440121956405 ], [ -99.266646752702172, 19.311528747186919 ], [ -99.266558891400805, 19.311617342107741 ], [ -99.266533421791678, 19.311872949368137 ], [ -99.266487085796186, 19.312030290919051 ], [ -99.266539227732025, 19.312261210770608 ], [ -99.266394262302043, 19.312251592838699 ], [ -99.266290742857052, 19.312261573549236 ], [ -99.266187223398688, 19.31227155420126 ], [ -99.265975643489142, 19.312684706635626 ], [ -99.265847066015738, 19.313205863691525 ], [ -99.265655343026467, 19.313757273216382 ], [ -99.265590401612101, 19.313856257309833 ], [ -99.265425409009978, 19.314107740408783 ], [ -99.265166155748759, 19.314471657458125 ], [ -99.265053979148718, 19.314629120545234 ], [ -99.264988447074089, 19.314721108211277 ], [ -99.264907918792531, 19.314812405601753 ], [ -99.264827390421758, 19.314903702956833 ], [ -99.264748902721351, 19.314974512158823 ], [ -99.264708313749026, 19.315011130250767 ], [ -99.264681617964413, 19.315035214332724 ], [ -99.264489862373978, 19.315239736620374 ], [ -99.263837700218119, 19.31581694130232 ], [ -99.263765591965765, 19.31587236727556 ], [ -99.263274443613909, 19.316267192524538 ], [ -99.263151333673875, 19.316366157868387 ], [ -99.263132981142562, 19.316384627307915 ], [ -99.26310294139887, 19.316414858396044 ], [ -99.263072901644136, 19.316445089479259 ], [ -99.263012822101558, 19.316505551631014 ], [ -99.26276231859768, 19.316757649744716 ], [ -99.262703527229803, 19.316765078126046 ], [ -99.262225030000394, 19.317036715034508 ], [ -99.26214388506888, 19.317082779786883 ], [ -99.261911781448333, 19.317141123558166 ], [ -99.261717312210195, 19.317190006934876 ], [ -99.261717311907049, 19.317190007411948 ], [ -99.261911781448958, 19.317141123958969 ], [ -99.26214388506952, 19.317082780187686 ], [ -99.262225030001034, 19.317036715435218 ], [ -99.262703527230443, 19.316765078526842 ], [ -99.26276231859832, 19.316757650145519 ], [ -99.262778572689982, 19.316831449570838 ], [ -99.262783771644891, 19.316855054682161 ], [ -99.262793107026724, 19.316897440630434 ], [ -99.262720650897208, 19.317066217709019 ], [ -99.262703448839275, 19.317106287598776 ], [ -99.262657984347086, 19.317155795533175 ], [ -99.262542500015996, 19.317280305431034 ], [ -99.262373505277267, 19.317339980714923 ], [ -99.262304257443418, 19.31735117532897 ], [ -99.262216717929903, 19.317365326938724 ], [ -99.261765613893274, 19.317658575740076 ], [ -99.261679243571464, 19.318052600421854 ], [ -99.261647050768318, 19.318199464727016 ], [ -99.26143196807628, 19.318701898812147 ], [ -99.261392822259822, 19.3187933432515 ], [ -99.261280950691898, 19.319054674095113 ], [ -99.261106787998273, 19.319294758426537 ], [ -99.260988035399564, 19.319458459109814 ], [ -99.260932624798443, 19.319534842591338 ], [ -99.260710494623709, 19.319943394263131 ], [ -99.260624622924794, 19.320101332687997 ], [ -99.260538751062327, 19.320259271071642 ], [ -99.260456636802758, 19.320426975217075 ], [ -99.260346454536489, 19.320652002810412 ], [ -99.260298415302159, 19.320710616717026 ], [ -99.260249083671226, 19.320770807453407 ], [ -99.260199752004269, 19.320830998176564 ], [ -99.260053049153612, 19.321009993424958 ], [ -99.25962180167609, 19.321342015991277 ], [ -99.259492654046184, 19.321449620394091 ], [ -99.259475694821248, 19.321463750618982 ], [ -99.259401611483753, 19.321525475929292 ], [ -99.259356175250034, 19.321564716029172 ], [ -99.259217612159986, 19.321664988564208 ], [ -99.259045934460616, 19.321856894306446 ], [ -99.258941037996436, 19.321974149969328 ], [ -99.258926234113687, 19.32199069806925 ], [ -99.25891143022794, 19.322007246167974 ], [ -99.258478488011022, 19.322305372571233 ], [ -99.258340589930583, 19.322325879502603 ], [ -99.25827164087697, 19.322336132929362 ], [ -99.258202691814404, 19.32234638633015 ], [ -99.258144819697165, 19.322382333664184 ], [ -99.258033140444937, 19.32245170326761 ], [ -99.257921461097965, 19.322521072803131 ], [ -99.257640229780648, 19.322695758846155 ], [ -99.257473848665626, 19.322909696385164 ], [ -99.257378666720697, 19.32305845607209 ], [ -99.257335472050698, 19.323126620250886 ], [ -99.257258379637349, 19.323248277249565 ], [ -99.257106515485845, 19.323487928446273 ], [ -99.256966634396235, 19.323708668889321 ], [ -99.256953455690336, 19.323729465612896 ], [ -99.256915736047716, 19.323788989251732 ], [ -99.256622691367241, 19.324238679021946 ], [ -99.256533225512882, 19.324424712692242 ], [ -99.256461203118477, 19.324469134134485 ], [ -99.25632990089143, 19.324829691188853 ], [ -99.256308226064746, 19.324889210291349 ], [ -99.256276709609367, 19.324957673523052 ], [ -99.256262301539451, 19.324988972168995 ], [ -99.256223612498275, 19.325073016297377 ], [ -99.256108713584055, 19.32532261043248 ], [ -99.256029994443352, 19.325543825185708 ], [ -99.255988799470302, 19.325615840047369 ], [ -99.255964913453653, 19.325657596278745 ], [ -99.255899913057917, 19.325771491943939 ], [ -99.255834912572794, 19.325885387585579 ], [ -99.255769911998343, 19.325999283203579 ], [ -99.255702375057524, 19.326089772526053 ], [ -99.255518597944373, 19.326336005532099 ], [ -99.255370365483572, 19.326534613512063 ], [ -99.255026545877115, 19.326702601896741 ], [ -99.254826075325113, 19.326800550258401 ], [ -99.254156094393196, 19.326979768534471 ], [ -99.253785144469092, 19.327044328852633 ], [ -99.253471814876448, 19.327098860271928 ], [ -99.252625551244449, 19.327104512903567 ], [ -99.252249174873555, 19.327200776001117 ], [ -99.251896438366202, 19.327178708572504 ], [ -99.251590599654648, 19.327159709357659 ], [ -99.251502281187811, 19.327154049024454 ], [ -99.251222760285842, 19.327130167534161 ], [ -99.250655488368096, 19.327081700055626 ], [ -99.250324549428939, 19.327131092743844 ], [ -99.250281847645894, 19.327137465945842 ], [ -99.25019062712046, 19.327151080490406 ], [ -99.250013008464208, 19.327177589706249 ], [ -99.24998017274244, 19.327182490349738 ], [ -99.249835389748526, 19.32720409874975 ], [ -99.249745046149428, 19.327229059284335 ], [ -99.249579998196012, 19.327274659337867 ], [ -99.249443074594652, 19.327340594700033 ], [ -99.249188503198383, 19.327463182774451 ], [ -99.248969071365451, 19.327541910408115 ], [ -99.248694273266253, 19.327640353361829 ], [ -99.248027984883691, 19.327899081839213 ], [ -99.247784780949189, 19.327927959706198 ], [ -99.247407639703596, 19.327972740536179 ], [ -99.246600007024597, 19.328068634164552 ], [ -99.246402427226826, 19.328092093084926 ], [ -99.246294961498506, 19.328104852545621 ], [ -99.246020649677405, 19.328171451467067 ], [ -99.245754294244506, 19.32818147542519 ], [ -99.245381393570895, 19.328144937016638 ], [ -99.24499367385944, 19.328367282196204 ], [ -99.244509673073253, 19.328524412304507 ], [ -99.244323406607307, 19.328597398052281 ], [ -99.243791095410842, 19.328525374377541 ], [ -99.243719868330473, 19.32849484167528 ], [ -99.243059627522342, 19.328211816320227 ], [ -99.242776344393036, 19.327914314239528 ], [ -99.242509608145568, 19.327803709362971 ], [ -99.242467621518614, 19.327786306526054 ], [ -99.24214670652087, 19.327264561869221 ], [ -99.241979741051864, 19.326993107299007 ], [ -99.240887505295547, 19.325217310218427 ], [ -99.24065206308876, 19.324855278746941 ], [ -99.240574896194204, 19.324699641639715 ], [ -99.24032094931178, 19.324502661326409 ], [ -99.240088110871653, 19.324510903049255 ], [ -99.239756492322726, 19.324522640751898 ], [ -99.239302992563736, 19.324694573175019 ], [ -99.239212409162036, 19.324662323757352 ], [ -99.238785026519651, 19.324497215466728 ], [ -99.238737808959101, 19.324507310876569 ], [ -99.238241053526309, 19.324546620178012 ], [ -99.238171782194428, 19.324549295420326 ], [ -99.237514780794541, 19.324557456937288 ], [ -99.237153317778947, 19.324627846840361 ], [ -99.23633067824305, 19.325270903219973 ], [ -99.236393544743933, 19.325530516436732 ], [ -99.233223237505086, 19.327615775899503 ], [ -99.232977968527138, 19.327951881716736 ], [ -99.232632005972206, 19.328175006695652 ], [ -99.23194212203083, 19.32895593265194 ], [ -99.231568601464261, 19.329236756901171 ], [ -99.231213863019718, 19.329794635225515 ], [ -99.230459931418707, 19.330186805669708 ], [ -99.229342560362099, 19.330565683274987 ], [ -99.228419984364777, 19.331027471391877 ], [ -99.227503186359954, 19.331376772579372 ], [ -99.227178134843271, 19.331557479201468 ], [ -99.226319941165883, 19.331573804787158 ], [ -99.225961338696521, 19.331756742468372 ], [ -99.225359243864418, 19.33195214676023 ], [ -99.225182289069551, 19.332231142221477 ], [ -99.224990888449824, 19.33227739177816 ], [ -99.224811533274831, 19.332270711022321 ], [ -99.224358701914511, 19.332549649091931 ], [ -99.224196613011713, 19.332763810181081 ], [ -99.223764518150432, 19.332968074418002 ], [ -99.22327165400722, 19.333025340253602 ], [ -99.223193974892993, 19.333072854115791 ], [ -99.223173352280469, 19.333085468306695 ], [ -99.222006326420527, 19.333799293662036 ], [ -99.221716721171802, 19.333614054356634 ], [ -99.221169543659613, 19.333800310694979 ], [ -99.220340710682535, 19.333897821984088 ], [ -99.219570079488236, 19.334056651997724 ], [ -99.219104052526689, 19.334152700195776 ], [ -99.218723982268912, 19.334482151483577 ], [ -99.218128002792341, 19.334657715971694 ], [ -99.217871089154485, 19.334651121190337 ], [ -99.217127750320813, 19.334829635568969 ], [ -99.216977253868819, 19.33501799273796 ], [ -99.216416744518838, 19.335327866884946 ], [ -99.216010089569863, 19.335335772851071 ], [ -99.2156741599903, 19.335603422704374 ], [ -99.215306406679701, 19.336133494986374 ], [ -99.214615194839396, 19.336361362327651 ], [ -99.214146073538643, 19.336452625743181 ], [ -99.213770539066829, 19.336590238462488 ], [ -99.213381953847474, 19.336522084692778 ], [ -99.213148954379207, 19.336481225110656 ], [ -99.212628557952982, 19.336289795731055 ], [ -99.211307179358712, 19.336228181431135 ], [ -99.210865101684377, 19.33609129231187 ], [ -99.210409469336781, 19.336350027560709 ], [ -99.209674403190348, 19.336430176899501 ], [ -99.209362621654151, 19.336515124459719 ], [ -99.209307088777365, 19.336642072055362 ], [ -99.207982304056245, 19.337287758800141 ], [ -99.207917561317785, 19.337265903174089 ], [ -99.207720798731913, 19.336797920464861 ], [ -99.207599599313525, 19.336441081731817 ], [ -99.207095973014461, 19.336612876466404 ], [ -99.20691216086324, 19.336597224715089 ], [ -99.206703469475556, 19.336411389293293 ], [ -99.206644103929619, 19.336358525364222 ], [ -99.206555305931019, 19.336279452275502 ], [ -99.206919195580085, 19.335971306427556 ], [ -99.20825325294868, 19.334793463423306 ], [ -99.20897661814756, 19.333794662410053 ], [ -99.209336282726795, 19.333335553606556 ], [ -99.20968134833619, 19.332693055662936 ], [ -99.210324538618679, 19.331155005568384 ], [ -99.212656213241502, 19.326867042548002 ], [ -99.21420505144674, 19.325424735280684 ], [ -99.214189087630942, 19.325376709806854 ], [ -99.220532519356652, 19.321077571201677 ], [ -99.220812696105455, 19.320765143173208 ], [ -99.221088712747587, 19.320346968678688 ], [ -99.221412767698268, 19.319856011290579 ], [ -99.221452030133634, 19.319754098885642 ], [ -99.221517668824077, 19.319442512064711 ], [ -99.221568056594549, 19.319201731869207 ], [ -99.221539721683328, 19.318626166266956 ], [ -99.221400912789647, 19.317891882484044 ], [ -99.221259716013705, 19.317078424724258 ], [ -99.221044445297309, 19.315975999576274 ], [ -99.220890362594304, 19.314952393476801 ], [ -99.220700120022343, 19.314041565926697 ], [ -99.220390960280582, 19.313182251421015 ], [ -99.219818944470575, 19.312005929700636 ], [ -99.219240088668101, 19.311183841118414 ], [ -99.218856434351991, 19.310666286116565 ], [ -99.219211692781926, 19.310768291658995 ], [ -99.219671039656404, 19.310891712162054 ], [ -99.220101432657856, 19.311012395571527 ], [ -99.220495903039634, 19.311066394906057 ], [ -99.220665775042036, 19.3110916244162 ], [ -99.220688147894748, 19.311193834287444 ], [ -99.221791372076368, 19.311112163665328 ], [ -99.222992457457678, 19.310995750953186 ], [ -99.224041317057313, 19.310913034783042 ], [ -99.224715864779498, 19.310735342529302 ], [ -99.225079009755902, 19.310639680132716 ], [ -99.225110088587414, 19.310409716353565 ], [ -99.225241777805238, 19.309872014610004 ], [ -99.225342243169493, 19.309780061460362 ], [ -99.225442708421369, 19.309688108255617 ], [ -99.225728663264903, 19.30943797956542 ], [ -99.225993458613971, 19.309301883320504 ], [ -99.226347840792855, 19.309069923185703 ], [ -99.226780137837437, 19.308812237972724 ], [ -99.227792519182699, 19.307900032237431 ], [ -99.227722534284084, 19.307650344306072 ], [ -99.227629428085663, 19.307466802159066 ], [ -99.227466230434857, 19.30724328248095 ], [ -99.227389144642757, 19.307116602951012 ], [ -99.227535073892511, 19.306947094462608 ], [ -99.228910293491538, 19.306372136519954 ], [ -99.229222019036428, 19.30643271035558 ], [ -99.229678905577472, 19.306250126238069 ], [ -99.229769064157068, 19.305996767655991 ], [ -99.229880195006118, 19.305906646038174 ], [ -99.229991325733209, 19.305816524353087 ], [ -99.231280534877143, 19.305223561276975 ], [ -99.231052854765366, 19.304840207715419 ], [ -99.231242362437257, 19.304736070894776 ], [ -99.231301282107083, 19.304689327065844 ], [ -99.231345429189972, 19.30462393426707 ], [ -99.231399308665914, 19.304488525346081 ], [ -99.231440887456941, 19.3040070382248 ], [ -99.231478306480724, 19.303573719403772 ], [ -99.231495575872415, 19.303368044587977 ], [ -99.231583397899186, 19.302856149720991 ], [ -99.231708991243735, 19.302124088861284 ], [ -99.231784705159399, 19.301934148294041 ], [ -99.231987753043597, 19.301692033762489 ], [ -99.232076952028862, 19.301609349988741 ], [ -99.232270646203148, 19.30143855923783 ], [ -99.232418479495763, 19.301338662924781 ], [ -99.233237129029746, 19.300785467411501 ], [ -99.232660290199661, 19.300121536883289 ], [ -99.232608244761153, 19.30004685000555 ], [ -99.232515034879455, 19.299866586069204 ], [ -99.232559206732731, 19.299877747330338 ], [ -99.232708738264151, 19.299783278963002 ], [ -99.232830606724235, 19.299592864796807 ], [ -99.232851642383025, 19.299379536071939 ], [ -99.232753075978081, 19.299239564779626 ], [ -99.232789245851166, 19.298731667154481 ], [ -99.232795203973168, 19.298597399957853 ], [ -99.232756277983853, 19.298468696935103 ], [ -99.232677954857351, 19.298288168575493 ], [ -99.232616310097441, 19.29817149963122 ], [ -99.232554632439559, 19.29803148120817 ], [ -99.232505168368149, 19.29783307346457 ], [ -99.232511118453132, 19.297692968897792 ], [ -99.2325969589008, 19.297529413084686 ], [ -99.232701218256906, 19.297348321634416 ], [ -99.232860825327194, 19.297178834301707 ], [ -99.233002004801662, 19.297021045093153 ], [ -99.233075498980156, 19.296822480553637 ], [ -99.233511579267557, 19.296524217314282 ], [ -99.233695759756728, 19.296343023077199 ], [ -99.233800174667607, 19.296272840923177 ], [ -99.233963017942614, 19.29627563751643 ], [ -99.234156528848004, 19.296114775209588 ], [ -99.234254479900514, 19.29582278082751 ], [ -99.234383419291518, 19.295705867878432 ], [ -99.234481752135167, 19.295682392144712 ], [ -99.234580093267425, 19.295664753722864 ], [ -99.234850316855216, 19.295465935653453 ], [ -99.234936253787239, 19.295372427113193 ], [ -99.235135383635196, 19.295297429363689 ], [ -99.235332734121357, 19.295135516252223 ], [ -99.235467562497973, 19.295054418844913 ], [ -99.235540283966444, 19.29503697570415 ], [ -99.23571981064687, 19.295135017045553 ], [ -99.235851227743879, 19.295151706458263 ], [ -99.236028751958969, 19.295127874385653 ], [ -99.236151897100996, 19.294940293517278 ], [ -99.235939393118883, 19.294723371786006 ], [ -99.235882373639399, 19.294602036954419 ], [ -99.235878733704183, 19.294521141101661 ], [ -99.235931901294322, 19.29447047209969 ], [ -99.236045455799925, 19.294413004471235 ], [ -99.236532009188267, 19.294425885291606 ], [ -99.236705971676074, 19.294395313545426 ], [ -99.236879793418908, 19.294266959115458 ], [ -99.236993376566872, 19.294229721767344 ], [ -99.237128349055752, 19.294249777471677 ], [ -99.237252660438472, 19.294283311131771 ], [ -99.237359090603306, 19.29419215683664 ], [ -99.237536817855258, 19.294309939365132 ], [ -99.237706522899757, 19.294260216972425 ], [ -99.238032406952655, 19.294450910421705 ], [ -99.238136372559907, 19.294532821605362 ], [ -99.238453525319031, 19.294662785527713 ], [ -99.238620458680685, 19.294682798389694 ], [ -99.238748168976045, 19.294621958200239 ], [ -99.239120999458862, 19.29456413011032 ], [ -99.239220348306958, 19.294506679117518 ], [ -99.239382304157573, 19.294510756774486 ], [ -99.239546183838058, 19.294421976836009 ], [ -99.239705504360657, 19.294397139939175 ], [ -99.240008329208976, 19.294249387193894 ], [ -99.240172701561832, 19.294082275219584 ], [ -99.240421516084055, 19.294053879034799 ], [ -99.240704313296632, 19.294221496689133 ], [ -99.240832114871296, 19.294194353671188 ], [ -99.240938550363154, 19.294126776954283 ], [ -99.241265126562013, 19.294038678592806 ], [ -99.241364429848602, 19.293950880151701 ], [ -99.241520373086516, 19.293741621366383 ], [ -99.241605382492892, 19.293593148997214 ], [ -99.241974075249189, 19.293167811990681 ], [ -99.241646996442896, 19.292911986958213 ], [ -99.241680209241537, 19.292850055941486 ], [ -99.241710748161807, 19.292797260824777 ], [ -99.241909471551068, 19.292702586850496 ], [ -99.242079855271342, 19.292655155661972 ], [ -99.242164972712914, 19.292580862853722 ], [ -99.242298624296723, 19.292495159977516 ], [ -99.242328144860238, 19.292459261024661 ], [ -99.242320606014829, 19.292162551133767 ], [ -99.242370222087189, 19.292095048960089 ], [ -99.242362911954501, 19.29202686655027 ], [ -99.242395906782548, 19.291883004114965 ], [ -99.24245181874231, 19.291755086591806 ], [ -99.242533053875022, 19.29167628479777 ], [ -99.242696246837966, 19.291636048919404 ], [ -99.242881024827625, 19.291703133559988 ], [ -99.242937422054709, 19.291433419272305 ], [ -99.242908774688502, 19.291271610146662 ], [ -99.242861289348426, 19.289292498013317 ], [ -99.242721206623514, 19.289295974359671 ], [ -99.242564951238961, 19.289289438280104 ], [ -99.242380237980612, 19.289249221648383 ], [ -99.242230945858253, 19.289148265135303 ], [ -99.242081653918206, 19.289047308497086 ], [ -99.241903944050392, 19.288939645732089 ], [ -99.241797225177478, 19.288811657926534 ], [ -99.241711743314013, 19.288636436497917 ], [ -99.241452009792553, 19.28828948267607 ], [ -99.241313248633816, 19.288104216001727 ], [ -99.241249103314402, 19.287949197061536 ], [ -99.241113849250837, 19.287733579222493 ], [ -99.240800799317398, 19.287349604766 ], [ -99.240788158203387, 19.287116040398004 ], [ -99.241027362154369, 19.286870507671257 ], [ -99.241546404858596, 19.286571841008154 ], [ -99.241693688713966, 19.286199852685687 ], [ -99.24170920262091, 19.285881151979911 ], [ -99.242303162573123, 19.284962262744603 ], [ -99.242558161099311, 19.284483904069507 ], [ -99.242538089459387, 19.284419435908294 ], [ -99.242569957184429, 19.284354898795439 ], [ -99.242793645594929, 19.284320457373983 ], [ -99.242946586629358, 19.284181664116858 ], [ -99.242933496315729, 19.283954794408654 ], [ -99.242879535161421, 19.283823579998778 ], [ -99.242771817323273, 19.28369973067953 ], [ -99.242318118990198, 19.283350236522246 ], [ -99.242049228363584, 19.283314124546539 ], [ -99.241984604531197, 19.283177268234461 ], [ -99.242194621620641, 19.282941954417193 ], [ -99.242378633936923, 19.28271560646234 ], [ -99.242440049969389, 19.28269364395636 ], [ -99.24261673508731, 19.282707996793178 ], [ -99.242785653221702, 19.282664010371931 ], [ -99.242923771834967, 19.282569009817188 ], [ -99.243246310186535, 19.282524817871082 ], [ -99.243422747336439, 19.28237141571595 ], [ -99.243583800581717, 19.282203446547435 ], [ -99.243668086681836, 19.282064754326552 ], [ -99.243683276081427, 19.281948035253588 ], [ -99.243621601669972, 19.28179495029076 ], [ -99.243498414876868, 19.281598185223555 ], [ -99.243429156783321, 19.281510753381852 ], [ -99.243359898763558, 19.281423321512165 ], [ -99.243336780458762, 19.281372296562335 ], [ -99.243351948491281, 19.281240990181256 ], [ -99.243397840314373, 19.281109642876704 ], [ -99.243696966002872, 19.280817497129089 ], [ -99.243934740402011, 19.280591075893405 ], [ -99.243927016284459, 19.280561911495607 ], [ -99.244126471861946, 19.280393890572981 ], [ -99.244318289377574, 19.28025505435431 ], [ -99.244632786454744, 19.280232237027946 ], [ -99.24491783968044, 19.280035753041396 ], [ -99.244955371443282, 19.279962454409834 ], [ -99.244888615727447, 19.279587144744458 ], [ -99.244854273431088, 19.279123816979784 ], [ -99.244878030538075, 19.279056761117573 ], [ -99.245170268659848, 19.278059506712744 ], [ -99.245251659196853, 19.277766659967309 ], [ -99.245377132646169, 19.276920424777266 ], [ -99.245357659298293, 19.276738108933227 ], [ -99.245207548306965, 19.276512206315459 ], [ -99.245011494317367, 19.276381182998559 ], [ -99.244934681577021, 19.276377639111789 ], [ -99.244735069188437, 19.276436255944922 ], [ -99.244415512523048, 19.276155474405826 ], [ -99.244277600626745, 19.276123239673431 ], [ -99.244166078909359, 19.276021277159202 ], [ -99.24408528017419, 19.275919273548617 ], [ -99.244008273302086, 19.275784443274166 ], [ -99.243866261199074, 19.275839335412286 ], [ -99.243524096578724, 19.275624608123927 ], [ -99.243443186687855, 19.275409572205767 ], [ -99.243600241942332, 19.275139496743709 ], [ -99.243665147606336, 19.27488230795197 ], [ -99.24381057044647, 19.274537487568413 ], [ -99.243967575703422, 19.274234590275931 ], [ -99.244135791554058, 19.274006192121799 ], [ -99.24430144728025, 19.273673807752651 ], [ -99.244365941399408, 19.273541158333806 ], [ -99.244459875326399, 19.273307859119583 ], [ -99.244633826148174, 19.272935198342285 ], [ -99.244555729737954, 19.272767875899575 ], [ -99.244498240695918, 19.272661696436639 ], [ -99.244391336686633, 19.272538242981607 ], [ -99.244137527373198, 19.272301537410481 ], [ -99.244045177308266, 19.272177668098063 ], [ -99.243914284439015, 19.271959032275301 ], [ -99.243806433468876, 19.27174036562165 ], [ -99.243731906259129, 19.271056387168571 ], [ -99.243775851501667, 19.270709201333414 ], [ -99.243764019704926, 19.270576311068893 ], [ -99.243819755814201, 19.270361841436294 ] ], [ [ -99.242720547899779, 19.310942564449817 ], [ -99.243531205685144, 19.310310039561486 ], [ -99.242720547899765, 19.310942564449817 ], [ -99.242979039831667, 19.311387291733205 ], [ -99.242720547899779, 19.310942564449817 ] ], [ [ -99.242255376528192, 19.308943351506549 ], [ -99.242094967734843, 19.308775702050376 ], [ -99.242255376528178, 19.308943351506549 ], [ -99.242350449295088, 19.309042715514323 ], [ -99.242255376528192, 19.308943351506549 ] ], [ [ -99.260272379699003, 19.270571773129429 ], [ -99.260436994350997, 19.271325338554341 ], [ -99.258824260049053, 19.273601686256058 ], [ -99.260436994351011, 19.271325338554341 ], [ -99.260272379699003, 19.270571773129429 ] ], [ [ -99.252031346639882, 19.270918109635222 ], [ -99.252070120390954, 19.271115343158762 ], [ -99.252031346639882, 19.2709181096352 ], [ -99.252031346639882, 19.270918109635222 ] ], [ [ -99.266245287179274, 19.311557041140158 ], [ -99.266270015774907, 19.311224655459352 ], [ -99.266270015743871, 19.311224655466106 ], [ -99.266245287178634, 19.311557040738723 ], [ -99.266243568521631, 19.311662911830105 ], [ -99.2661065392777, 19.311919741656141 ], [ -99.266076087512914, 19.312103492346441 ], [ -99.26610653927834, 19.311919742057587 ], [ -99.266243568522299, 19.311662912231544 ], [ -99.266245287179274, 19.311557041140158 ] ], [ [ -99.263139448454851, 19.311681616717255 ], [ -99.263074872354352, 19.311698021822917 ], [ -99.263074872354437, 19.311698021822984 ], [ -99.263139448454851, 19.311681616717255 ] ], [ [ -99.262328239409101, 19.311125098350189 ], [ -99.26261124299468, 19.311193736254179 ], [ -99.26232823940849, 19.311125097948668 ], [ -99.262007658894888, 19.311010561196269 ], [ -99.262328239409101, 19.311125098350189 ] ], [ [ -99.261636212158606, 19.310869298055234 ], [ -99.261727456397125, 19.310818170564126 ], [ -99.261636211731286, 19.310869297892715 ], [ -99.261636212158606, 19.310869298055234 ] ], [ [ -99.264998346521566, 19.303680387652101 ], [ -99.265063791143376, 19.303647527794254 ], [ -99.265207299747303, 19.303694187921746 ], [ -99.265394471049476, 19.303782447988855 ], [ -99.265448534029616, 19.303798200852665 ], [ -99.265480569486257, 19.303807535330606 ], [ -99.265566667948789, 19.303832622631365 ], [ -99.265763505679928, 19.303915444148597 ], [ -99.265825506279725, 19.303960815092097 ], [ -99.265859020076661, 19.303985339877045 ], [ -99.266204862078183, 19.303764459701402 ], [ -99.266378204860032, 19.30365093856334 ], [ -99.266456376350064, 19.303599744423018 ], [ -99.266597984516409, 19.303588332109285 ], [ -99.267003217356589, 19.303602680628742 ], [ -99.267373001193562, 19.303590933844838 ], [ -99.267797898327302, 19.303601516608492 ], [ -99.267940038064992, 19.303410194298344 ], [ -99.267978469917963, 19.303358464328078 ], [ -99.26807573235368, 19.303237480331319 ], [ -99.268146313837278, 19.303135119100684 ], [ -99.268173086111105, 19.303096292405591 ], [ -99.26819101631456, 19.302794275688413 ], [ -99.268206076292401, 19.302702512699522 ], [ -99.268206076266054, 19.302702512453269 ], [ -99.268191016313921, 19.302794275285709 ], [ -99.268173086110451, 19.303096292002973 ], [ -99.268146313836638, 19.30313511869798 ], [ -99.268075732353026, 19.303237479928708 ], [ -99.267978469917296, 19.303358463925473 ], [ -99.26794003806431, 19.303410193895736 ], [ -99.267797898326648, 19.303601516205969 ], [ -99.267373001192908, 19.303590933442223 ], [ -99.267003217355935, 19.303602680226223 ], [ -99.266597984515741, 19.303588331706681 ], [ -99.26645637634941, 19.303599744020488 ], [ -99.266378204859393, 19.303650938160729 ], [ -99.266204862077544, 19.303764459298883 ], [ -99.265859020076007, 19.303985339474618 ], [ -99.265825506279072, 19.303960814689578 ], [ -99.265763505679274, 19.303915443746078 ], [ -99.26556666794815, 19.303832622228839 ], [ -99.265480569485604, 19.303807534928083 ], [ -99.265448534028977, 19.303798200450142 ], [ -99.265394471048822, 19.303782447586332 ], [ -99.265207299746649, 19.303694187519135 ], [ -99.265063791142751, 19.303647527391639 ], [ -99.264998346520912, 19.303680387249493 ], [ -99.264719012076597, 19.303860175870863 ], [ -99.264628469348295, 19.303903941171427 ], [ -99.264294394187417, 19.304065421245877 ], [ -99.264099859981272, 19.304159451749332 ], [ -99.263800814310969, 19.304360244592392 ], [ -99.26370704605597, 19.304388779479403 ], [ -99.263462349918839, 19.304463243390913 ], [ -99.263349600443021, 19.304542618353548 ], [ -99.26324298639382, 19.304609214628627 ], [ -99.263070301305959, 19.304717081813816 ], [ -99.26305053080516, 19.304729431374227 ], [ -99.262959728527932, 19.304744305808182 ], [ -99.263050530805799, 19.304729431776654 ], [ -99.263070301306598, 19.30471708221625 ], [ -99.263242986394459, 19.304609215031061 ], [ -99.263349600443675, 19.304542618755978 ], [ -99.263462349919493, 19.304463243793343 ], [ -99.263707046056609, 19.304388779881833 ], [ -99.263800814311637, 19.304360244994825 ], [ -99.264099859981911, 19.304159452151758 ], [ -99.264294394188056, 19.304065421648396 ], [ -99.264628469348935, 19.303903941573942 ], [ -99.264719012077251, 19.303860176273378 ], [ -99.264998346521566, 19.303680387652101 ] ], [ [ -99.261800119940517, 19.305388224871184 ], [ -99.261702391408704, 19.305447647970116 ], [ -99.261569680669496, 19.305528341585141 ], [ -99.261098859841852, 19.30572937609492 ], [ -99.260744196674892, 19.305755136883718 ], [ -99.260057758529712, 19.305804994009826 ], [ -99.259980214099727, 19.305800130419993 ], [ -99.259770397182379, 19.305786970527461 ], [ -99.259541238081155, 19.305772597198775 ], [ -99.259312079016311, 19.305758223581989 ], [ -99.259541238081795, 19.305772597601109 ], [ -99.259770397183004, 19.305786970929706 ], [ -99.259980214100366, 19.305800130822242 ], [ -99.260057758530351, 19.305804994412082 ], [ -99.260744196675546, 19.305755137285971 ], [ -99.261098859842477, 19.305729376497169 ], [ -99.261569680670135, 19.305528341987387 ], [ -99.261702391409329, 19.305447648372454 ], [ -99.261800119941142, 19.305388225273525 ], [ -99.261905516634485, 19.30531352135667 ], [ -99.262010913231748, 19.305238817379468 ], [ -99.262145997316978, 19.3050402029385 ], [ -99.262191068468411, 19.30497393459261 ], [ -99.262145997316352, 19.305040202536158 ], [ -99.262010913231109, 19.305238816977138 ], [ -99.261905516633846, 19.305313520954329 ], [ -99.261800119940517, 19.305388224871184 ] ], [ [ -99.258634152738892, 19.305489442209304 ], [ -99.258445816903205, 19.305376929736031 ], [ -99.258290300546065, 19.305157331328001 ], [ -99.258445816903816, 19.305376930138287 ], [ -99.258634152738892, 19.305489442209304 ] ], [ [ -99.283998673038582, 19.280689988383649 ], [ -99.283444554411858, 19.280786373919248 ], [ -99.282586882359269, 19.281020956965833 ], [ -99.283444554411858, 19.280786373919248 ], [ -99.283998673038582, 19.280689988383649 ] ], [ [ -99.28457245534895, 19.280462347670465 ], [ -99.285172852838016, 19.280051566142095 ], [ -99.28457245534895, 19.280462347670465 ], [ -99.283998673038582, 19.280689988383649 ], [ -99.28457245534895, 19.280462347670465 ] ], [ [ -99.285510453452119, 19.279516838948599 ], [ -99.28566927985554, 19.278464909727635 ], [ -99.285510453452119, 19.279516838948599 ], [ -99.285172852838016, 19.280051566142095 ], [ -99.285510453452119, 19.279516838948599 ] ], [ [ -99.287404004290337, 19.267839705578329 ], [ -99.287439608822723, 19.26851531667824 ], [ -99.287404004290352, 19.267839705578329 ], [ -99.287357361381595, 19.267414762480335 ], [ -99.287404004290337, 19.267839705578329 ] ], [ [ -99.258888977157497, 19.302233192257852 ], [ -99.258893548754358, 19.302861809014768 ], [ -99.258930439451419, 19.3034035201192 ], [ -99.258930779199119, 19.303601331455059 ], [ -99.259081910811361, 19.303502369260936 ], [ -99.259730201463725, 19.302990310193643 ], [ -99.259796438408131, 19.303003714148637 ], [ -99.259730201463086, 19.302990309791031 ], [ -99.259081910810735, 19.303502368858325 ], [ -99.258930779198494, 19.303601331052445 ], [ -99.258930439450793, 19.303403519716674 ], [ -99.258893548753704, 19.302861808612153 ], [ -99.258888977157497, 19.302233192257852 ] ], [ [ -99.258861897771013, 19.30199656300676 ], [ -99.258897573716723, 19.302038774499266 ], [ -99.258933249680751, 19.302080985984304 ], [ -99.258897573716098, 19.302038774096477 ], [ -99.258861897770387, 19.30199656260406 ], [ -99.258826235135714, 19.301962803501535 ], [ -99.258790572516332, 19.301929044794544 ], [ -99.258826235136368, 19.301962803904328 ], [ -99.258861897771013, 19.30199656300676 ] ], [ [ -99.258646567310251, 19.300931863683893 ], [ -99.258815804210386, 19.300990790776584 ], [ -99.258851466629693, 19.30102454988721 ], [ -99.258815804209732, 19.300990790373699 ], [ -99.258646567310251, 19.300931863683893 ] ], [ [ -99.26983058804521, 19.301202066475426 ], [ -99.269749649961071, 19.301202419449901 ], [ -99.269363488927439, 19.301202224118423 ], [ -99.269005769535497, 19.301202493768798 ], [ -99.268651392793203, 19.301202528107602 ], [ -99.268372352769248, 19.301202554662282 ], [ -99.268251900821838, 19.301745398972614 ], [ -99.268192073530543, 19.302039962570717 ], [ -99.268184204654688, 19.302498047427207 ], [ -99.26818420466121, 19.30249804748814 ], [ -99.268192073531196, 19.302039962973421 ], [ -99.268251900822506, 19.301745399375402 ], [ -99.268372352769902, 19.301202555065071 ], [ -99.268651392793842, 19.301202528510398 ], [ -99.269005769536165, 19.301202494171594 ], [ -99.269363488928093, 19.301202224521301 ], [ -99.269749649961739, 19.301202419852785 ], [ -99.269830588045863, 19.301202066878304 ], [ -99.270082736903348, 19.301383339288371 ], [ -99.270564126053671, 19.301729412804775 ], [ -99.27108391218519, 19.302079080202201 ], [ -99.271496007648281, 19.302355738484906 ], [ -99.271816926195854, 19.302578041947186 ], [ -99.271816926394564, 19.302578041682594 ], [ -99.271496007647613, 19.302355738082213 ], [ -99.271083912184537, 19.302079079799498 ], [ -99.270564126053031, 19.301729412401972 ], [ -99.270082736902694, 19.301383338885486 ], [ -99.26983058804521, 19.301202066475426 ] ], [ [ -99.261728602573484, 19.30793993038213 ], [ -99.262034101154782, 19.307923812543407 ], [ -99.261728602573569, 19.307939930382037 ], [ -99.261728602573484, 19.30793993038213 ] ], [ [ -99.254406844224008, 19.31517399323894 ], [ -99.254511857853643, 19.315129507694653 ], [ -99.254545673283005, 19.315098348189647 ], [ -99.254511857853629, 19.315129507694653 ], [ -99.254406844224008, 19.31517399323894 ] ], [ [ -99.261593740354115, 19.316231575666738 ], [ -99.261693545636817, 19.316291841365423 ], [ -99.261822732656185, 19.316503688135111 ], [ -99.261966390641817, 19.316798017357243 ], [ -99.261966390752093, 19.316798017183686 ], [ -99.26182273265556, 19.316503687734212 ], [ -99.261693545636163, 19.316291840964528 ], [ -99.261593740354115, 19.316231575666738 ] ], [ [ -99.26119959032907, 19.315375796626075 ], [ -99.261017537183349, 19.315409139366803 ], [ -99.260998902426564, 19.315254455316744 ], [ -99.261017537183989, 19.315409139767787 ], [ -99.26119959032907, 19.315375796626075 ] ], [ [ -99.261152018143264, 19.313863455131159 ], [ -99.261067169396597, 19.314337508778021 ], [ -99.260877550030656, 19.31497316036317 ], [ -99.261067169397236, 19.314337509179101 ], [ -99.261152018143903, 19.313863455532417 ], [ -99.26117613626684, 19.313728705111693 ], [ -99.261152018143264, 19.313863455131159 ] ], [ [ -99.261156876252784, 19.313252355119758 ], [ -99.261078055649179, 19.31296726113704 ], [ -99.261156876253409, 19.313252355521005 ], [ -99.26117613626684, 19.313728705111693 ], [ -99.261156876252784, 19.313252355119758 ] ], [ [ -99.260899013707217, 19.31262857581558 ], [ -99.260976353512731, 19.312666699465751 ], [ -99.260899013706577, 19.312628575414241 ], [ -99.260169398343479, 19.312339560775296 ], [ -99.260169398124432, 19.312339561089718 ], [ -99.260899013707217, 19.31262857581558 ] ], [ [ -99.256137235786497, 19.318032207022544 ], [ -99.256012779769804, 19.318264433052232 ], [ -99.256137235786497, 19.31803220702264 ], [ -99.256210540767441, 19.317895424823988 ], [ -99.256137235786497, 19.318032207022544 ] ], [ [ -99.239591847959687, 19.321768819903383 ], [ -99.239343155081059, 19.322019494948904 ], [ -99.239591847959701, 19.321768819903383 ], [ -99.239899797210498, 19.321458414665418 ], [ -99.239591847959687, 19.321768819903383 ] ], [ [ -99.238841596742105, 19.322529009326349 ], [ -99.239065254091813, 19.322779711865042 ], [ -99.23884159674212, 19.322529009326349 ], [ -99.238872781397873, 19.322497189860247 ], [ -99.238841596742105, 19.322529009326349 ] ], [ [ -99.241981740866919, 19.324071408458725 ], [ -99.242263207187079, 19.324063680305681 ], [ -99.241981740866905, 19.324071408458725 ], [ -99.241958697370436, 19.324072701197522 ], [ -99.241981740866919, 19.324071408458725 ] ] ] ] } },
{ "type": "Feature", "properties": { "id": 1274.0, "entidad": 9, "distrito_f": 6, "distrito_l": 23, "municipio": 10, "seccion": 3459, "tipo": 2, "control": 34767.0, "SECCION_TX": "3459", "SECCION__1": null, "SECCION__2": null, "SECCION_N": "3459", "ESTATUS": null, "ALCALDIA_N": "ALVARO OBREGON" }, "geometry": { "type": "MultiPolygon", "coordinates": [ [ [ [ -99.256622691367241, 19.324238679021946 ], [ -99.256915736047716, 19.323788989251732 ], [ -99.256953455690336, 19.323729465612896 ], [ -99.256966634396235, 19.323708668889321 ], [ -99.257106515485845, 19.323487928446273 ], [ -99.257258379637349, 19.323248277249565 ], [ -99.257335472050698, 19.323126620250886 ], [ -99.257378666720697, 19.32305845607209 ], [ -99.257473848665626, 19.322909696385164 ], [ -99.257640229780648, 19.322695758846155 ], [ -99.257921461097965, 19.322521072803131 ], [ -99.258033140444937, 19.32245170326761 ], [ -99.258144819697165, 19.322382333664184 ], [ -99.258202691814404, 19.32234638633015 ], [ -99.25827164087697, 19.322336132929362 ], [ -99.258340589930583, 19.322325879502603 ], [ -99.258478488011022, 19.322305372571233 ], [ -99.25891143022794, 19.322007246167974 ], [ -99.258926234113687, 19.32199069806925 ], [ -99.258941037996436, 19.321974149969328 ], [ -99.259045934460616, 19.321856894306446 ], [ -99.259217612159986, 19.321664988564208 ], [ -99.259356175250034, 19.321564716029172 ], [ -99.259401611483753, 19.321525475929292 ], [ -99.259475694821248, 19.321463750618982 ], [ -99.259492654046184, 19.321449620394091 ], [ -99.25962180167609, 19.321342015991277 ], [ -99.260053049153612, 19.321009993424958 ], [ -99.260199752004269, 19.320830998176564 ], [ -99.260249083671226, 19.320770807453407 ], [ -99.260298415302159, 19.320710616717026 ], [ -99.260346454536489, 19.320652002810412 ], [ -99.260456636802758, 19.320426975217075 ], [ -99.260538751062327, 19.320259271071642 ], [ -99.260624622924794, 19.320101332687997 ], [ -99.260710494623709, 19.319943394263131 ], [ -99.260932624798443, 19.319534842591338 ], [ -99.260988035399564, 19.319458459109814 ], [ -99.261106787998273, 19.319294758426537 ], [ -99.261280950691898, 19.319054674095113 ], [ -99.261392822259822, 19.3187933432515 ], [ -99.26143196807628, 19.318701898812147 ], [ -99.261647050768318, 19.318199464727016 ], [ -99.261679243571464, 19.318052600421854 ], [ -99.261765613893274, 19.317658575740076 ], [ -99.262216717929903, 19.317365326938724 ], [ -99.262304257443418, 19.31735117532897 ], [ -99.262373505277267, 19.317339980714923 ], [ -99.262542500015996, 19.317280305431034 ], [ -99.262657984347086, 19.317155795533175 ], [ -99.262703448839275, 19.317106287598776 ], [ -99.262720650897208, 19.317066217709019 ], [ -99.262793107026724, 19.316897440630434 ], [ -99.262783771644891, 19.316855054682161 ], [ -99.262778572689982, 19.316831449570838 ], [ -99.26276231859832, 19.316757650145519 ], [ -99.263012822102183, 19.316505552031821 ], [ -99.263072901644776, 19.316445089880141 ], [ -99.263102941399509, 19.316414858796939 ], [ -99.263132981143201, 19.316384627708722 ], [ -99.263151333674529, 19.316366158269286 ], [ -99.263274443614549, 19.316267192925434 ], [ -99.263765591966433, 19.315872367676452 ], [ -99.263837700218772, 19.315816941703304 ], [ -99.264489862374617, 19.315239737021361 ], [ -99.264681617965053, 19.315035214733793 ], [ -99.264708313749665, 19.31501113065184 ], [ -99.26474890272199, 19.314974512559896 ], [ -99.264827390422397, 19.314903703357913 ], [ -99.26490791879317, 19.314812406002826 ], [ -99.264988447074742, 19.314721108612353 ], [ -99.265053979149371, 19.314629120946396 ], [ -99.265166155749398, 19.314471657859208 ], [ -99.265425409010604, 19.314107740809945 ], [ -99.265590401612755, 19.313856257711102 ], [ -99.265655343026467, 19.313757273216382 ], [ -99.265847066015738, 19.313205863691525 ], [ -99.265975643489142, 19.312684706635626 ], [ -99.266187223398688, 19.31227155420126 ], [ -99.266290742857052, 19.312261573549236 ], [ -99.266394262302043, 19.312251592838699 ], [ -99.266539227732025, 19.312261210770608 ], [ -99.266487085796186, 19.312030290919051 ], [ -99.266533421791678, 19.311872949368137 ], [ -99.266558891400805, 19.311617342107741 ], [ -99.266646752702172, 19.311528747186919 ], [ -99.266755320877934, 19.311440121956405 ], [ -99.266822570691517, 19.311410534786468 ], [ -99.266994607804762, 19.312152419269189 ], [ -99.268479946036479, 19.311909414383692 ], [ -99.268547540768566, 19.312091162819645 ], [ -99.268599521076268, 19.312221328726551 ], [ -99.268672096152883, 19.312282656984902 ], [ -99.268863749040136, 19.312351182016243 ], [ -99.268988007595155, 19.312360828508272 ], [ -99.26919449120868, 19.312001743055042 ], [ -99.26928747170723, 19.311878735672529 ], [ -99.269484091766955, 19.311819467724447 ], [ -99.269913479982236, 19.311646814847471 ], [ -99.270125532911948, 19.311528545691434 ], [ -99.270280843294344, 19.311533230534948 ], [ -99.270482865607192, 19.311611568130257 ], [ -99.270664060621002, 19.311467753534348 ], [ -99.270762045826658, 19.311389987769711 ], [ -99.270834471617349, 19.311360391449149 ], [ -99.270906897381664, 19.311330795100158 ], [ -99.271129432262086, 19.311291146146555 ], [ -99.271310747715233, 19.311369513590105 ], [ -99.271576303156436, 19.312302931948782 ], [ -99.272135751811021, 19.312518349985815 ], [ -99.272778780308784, 19.313185803533731 ], [ -99.272862228717671, 19.313559204018752 ], [ -99.27356718997234, 19.314108606684144 ], [ -99.273613953093133, 19.31421174747782 ], [ -99.273754242811663, 19.314521169775745 ], [ -99.27418952314008, 19.314776086042777 ], [ -99.274314915129324, 19.31546397020275 ], [ -99.274351799436374, 19.315517002325855 ], [ -99.274520021543537, 19.315758870923808 ], [ -99.274606296889601, 19.316348196609649 ], [ -99.274949087217891, 19.316492772089095 ], [ -99.275953245817433, 19.316916281486925 ], [ -99.276553708052504, 19.31730905392881 ], [ -99.27768813385336, 19.317680939155924 ], [ -99.278131851181087, 19.317435438245603 ], [ -99.278788116756445, 19.315802269892444 ], [ -99.278214589417644, 19.304084542149162 ], [ -99.278735219706618, 19.30355217102462 ], [ -99.283821457276872, 19.298350978133204 ], [ -99.284258542870973, 19.296636115644876 ], [ -99.284485123399051, 19.29574713496525 ], [ -99.284628572456029, 19.295423192714303 ], [ -99.284968125215144, 19.295007666969216 ], [ -99.285899390103296, 19.294249873616973 ], [ -99.288001549844637, 19.293819193295654 ], [ -99.289104742723836, 19.293255054574011 ], [ -99.289737757272135, 19.292591431249793 ], [ -99.290318703033847, 19.292089296007116 ], [ -99.291448189173096, 19.291549773482252 ], [ -99.292144896501597, 19.291361632012745 ], [ -99.294046243227157, 19.291368386545351 ], [ -99.294545218709075, 19.291342820181775 ], [ -99.298132191148525, 19.288762001601413 ], [ -99.300937330348191, 19.286455745619467 ], [ -99.30121319978285, 19.285286126068474 ], [ -99.301805699169719, 19.284110380083067 ], [ -99.302710051770845, 19.283026025848706 ], [ -99.306085386403026, 19.282974944785995 ], [ -99.311817225314641, 19.283613489253437 ], [ -99.292194989752517, 19.313955185656802 ], [ -99.292022612961048, 19.31422167299872 ], [ -99.290483915771759, 19.316600379310792 ], [ -99.290437370434503, 19.316672333518419 ], [ -99.287473341647669, 19.321254257696289 ], [ -99.287418329567743, 19.321339294900042 ], [ -99.286107597697978, 19.323365382274453 ], [ -99.286078107618451, 19.323410966416208 ], [ -99.285768917248419, 19.323888894072784 ], [ -99.285758218264107, 19.323905431852648 ], [ -99.285746937339724, 19.323922869152902 ], [ -99.2851835497585, 19.32479371051236 ], [ -99.285133200818407, 19.324871535515349 ], [ -99.284961830623445, 19.325136423972321 ], [ -99.284913995415806, 19.325210363104254 ], [ -99.284884509915187, 19.325255938958353 ], [ -99.284654601429693, 19.325611308382335 ], [ -99.284643002453294, 19.325629236865847 ], [ -99.284632968217039, 19.325644746734095 ], [ -99.284036345564076, 19.326566937131407 ], [ -99.28401812614149, 19.326595098418277 ], [ -99.283856942837758, 19.32684423475451 ], [ -99.283842491392249, 19.326866571889145 ], [ -99.283720400210356, 19.327055282666922 ], [ -99.283703202366894, 19.327081866088527 ], [ -99.283678016730192, 19.32712079457955 ], [ -99.28357856619435, 19.327274511317761 ], [ -99.283526327492837, 19.327355254465012 ], [ -99.283413768490078, 19.327529231826741 ], [ -99.283394418388795, 19.327559140359625 ], [ -99.283371491922495, 19.327594576693414 ], [ -99.282867344913257, 19.328373807855012 ], [ -99.28279537081751, 19.328485053380234 ], [ -99.282712922579108, 19.328612487865268 ], [ -99.28259763468094, 19.328790679927494 ], [ -99.282475747377205, 19.328979071710567 ], [ -99.281794938634988, 19.330031335758381 ], [ -99.281717707429721, 19.330150703989634 ], [ -99.280848873136406, 19.331493556543641 ], [ -99.280819944668977, 19.33153826734598 ], [ -99.280782479395882, 19.33159617228646 ], [ -99.280760918058974, 19.331629496669422 ], [ -99.280557200106458, 19.331944354606208 ], [ -99.28054233487893, 19.331967329623541 ], [ -99.280424618154626, 19.332149266952459 ], [ -99.280412223333272, 19.33216842334819 ], [ -99.280319890685774, 19.332311128309836 ], [ -99.280290078702876, 19.33235720409925 ], [ -99.279757367766678, 19.333180528174715 ], [ -99.279694444444516, 19.333277777807091 ], [ -99.279570977280443, 19.33362043641813 ], [ -99.279417331852841, 19.333619171776373 ], [ -99.279017738252065, 19.333897926164301 ], [ -99.278719777342317, 19.334341009454604 ], [ -99.27845038318948, 19.334445161944991 ], [ -99.278038250764382, 19.334936016920238 ], [ -99.277296702253608, 19.335258071026228 ], [ -99.276345753639959, 19.336177590780441 ], [ -99.27516031941191, 19.336279454184471 ], [ -99.274047042663668, 19.336042656826532 ], [ -99.273707695572625, 19.336029946625761 ], [ -99.273429959631898, 19.336213563561564 ], [ -99.273130476677395, 19.337013188067552 ], [ -99.272706317802374, 19.337742350290426 ], [ -99.272124003888322, 19.338478142211468 ], [ -99.272169164647437, 19.339201407163561 ], [ -99.271700497279696, 19.339584175901503 ], [ -99.27129079194242, 19.339731305674217 ], [ -99.270986942951467, 19.339939657622416 ], [ -99.270823498796986, 19.340016075897715 ], [ -99.270483436343852, 19.34015775698975 ], [ -99.26987600773289, 19.340596829900463 ], [ -99.268947733459825, 19.34116578676208 ], [ -99.267546733678287, 19.341059301889079 ], [ -99.267412982687716, 19.341220123972175 ], [ -99.2669072567288, 19.341774130767003 ], [ -99.266633081280276, 19.342242072793493 ], [ -99.266112940485527, 19.342743920072976 ], [ -99.265134820319972, 19.342952906933849 ], [ -99.262386513879292, 19.34542074614939 ], [ -99.261703034674767, 19.345717839354691 ], [ -99.261153648023225, 19.345913436274227 ], [ -99.259751972552678, 19.346241889966006 ], [ -99.259073480166137, 19.346285795060595 ], [ -99.25812396823369, 19.346587716714637 ], [ -99.257875229743433, 19.346631008067494 ], [ -99.257559861395364, 19.346835553386938 ], [ -99.257273169217314, 19.347184586437098 ], [ -99.256550837441367, 19.347489537066732 ], [ -99.256247458632984, 19.347708973899834 ], [ -99.255650469045506, 19.34803054872971 ], [ -99.255925872386157, 19.348125618206723 ], [ -99.256784851676215, 19.347915397078623 ], [ -99.257054495819361, 19.347766526474313 ], [ -99.257311709656435, 19.347728864873503 ], [ -99.257959700615274, 19.34772231862561 ], [ -99.258262026634824, 19.347612105991036 ], [ -99.258562481985166, 19.347680038092751 ], [ -99.259355664144536, 19.347405058749231 ], [ -99.259644761126182, 19.347372252679175 ], [ -99.259859841048822, 19.347412785328107 ], [ -99.260047469307281, 19.347551164142633 ], [ -99.26008222217358, 19.347679880492734 ], [ -99.2600160023337, 19.347705320770533 ], [ -99.259593509638407, 19.347779112776763 ], [ -99.259116197667396, 19.347995325635551 ], [ -99.259004344149147, 19.348127117769209 ], [ -99.258950028867275, 19.348228430383884 ], [ -99.25892958263718, 19.348266568067928 ], [ -99.258839174538451, 19.348309635676014 ], [ -99.258833604431217, 19.348363317525408 ], [ -99.258753997777561, 19.348346680759555 ], [ -99.258509193899172, 19.348294453636917 ], [ -99.25852775710689, 19.348387241515709 ], [ -99.258611810885654, 19.348869064828985 ], [ -99.258659883779586, 19.349375413995329 ], [ -99.258522819366618, 19.349431725730614 ], [ -99.258399580434798, 19.349482065144439 ], [ -99.258296925123432, 19.349551883740812 ], [ -99.258211869051635, 19.349610529652793 ], [ -99.25814738346601, 19.34968029406296 ], [ -99.258113371349538, 19.349736193146292 ], [ -99.258101631085381, 19.349810489155686 ], [ -99.258096990900583, 19.349875771544578 ], [ -99.258108947089227, 19.34993877953039 ], [ -99.258125617803188, 19.349983773713948 ], [ -99.25817146003395, 19.350053707351876 ], [ -99.2582508545282, 19.350128841686381 ], [ -99.258338996146605, 19.350164946689915 ], [ -99.258447677718664, 19.350192661750174 ], [ -99.258603280717793, 19.350184080176341 ], [ -99.258738118941409, 19.350151551483762 ], [ -99.258889296429444, 19.351747425526401 ], [ -99.259027777777831, 19.352444444473964 ], [ -99.259040974002389, 19.352501139934162 ], [ -99.2590602677422, 19.352510868605027 ], [ -99.259082000298093, 19.352555299710488 ], [ -99.259277777777839, 19.352955555585069 ], [ -99.259268405990852, 19.353199222825594 ], [ -99.259244444444505, 19.353822222251686 ], [ -99.259340087201309, 19.35409063940272 ], [ -99.259391522950239, 19.354234991154172 ], [ -99.259416666666738, 19.354305555585064 ], [ -99.259545901771318, 19.3543793926478 ], [ -99.259632180224983, 19.354428686809229 ], [ -99.259659568863668, 19.354444334965066 ], [ -99.259842132438067, 19.354548640194981 ], [ -99.259978806236902, 19.355220355834458 ], [ -99.259984199065372, 19.355246860851977 ], [ -99.260223820652527, 19.356423873900408 ], [ -99.260239589012173, 19.356495294711419 ], [ -99.260161372570224, 19.356505678879635 ], [ -99.260319888543961, 19.357214567241517 ], [ -99.260384214417869, 19.357502232693971 ], [ -99.260512866861106, 19.358077563495545 ], [ -99.260770174529483, 19.359228224685744 ], [ -99.260852957672654, 19.359741273839909 ], [ -99.260931381722997, 19.360174636251763 ], [ -99.261009806202111, 19.360607998604515 ], [ -99.26106245201764, 19.36082803970687 ], [ -99.261109236912219, 19.360992818036618 ], [ -99.261172955979134, 19.361079564862212 ], [ -99.261236675113722, 19.361166311663894 ], [ -99.261391152371374, 19.361292292741709 ], [ -99.26154562986585, 19.361418273683949 ], [ -99.261589916477817, 19.361459796372532 ], [ -99.261810834158965, 19.36161927416601 ], [ -99.261826590800268, 19.361667590883979 ], [ -99.261842347451022, 19.361715907600221 ], [ -99.261876562822309, 19.361777675415283 ], [ -99.261935543357978, 19.361809970924032 ], [ -99.262006901777511, 19.361824586597752 ], [ -99.262076704746875, 19.36183626081451 ], [ -99.262146507725845, 19.361847935004473 ], [ -99.262205443634869, 19.361852265647567 ], [ -99.262201670683638, 19.361904130727584 ], [ -99.262362800812269, 19.362004822759822 ], [ -99.26252530757948, 19.362106431994288 ], [ -99.262848080630107, 19.362239903204948 ], [ -99.263170854200027, 19.362373373835307 ], [ -99.263356899292845, 19.362428956464651 ], [ -99.263542944509496, 19.36248453890197 ], [ -99.26421488698638, 19.362685284339769 ], [ -99.264886831078783, 19.362886027274062 ], [ -99.264970648677775, 19.362933003984296 ], [ -99.264983297566417, 19.363043982768104 ], [ -99.264977197987193, 19.36313842839014 ], [ -99.265173666412238, 19.363048232343306 ], [ -99.265283575978273, 19.363034593390193 ], [ -99.265525020407395, 19.363197993124761 ], [ -99.265675045915756, 19.363309823697438 ], [ -99.265903259717135, 19.363363214332864 ], [ -99.266256365437727, 19.363471251498094 ], [ -99.266446199050989, 19.363653963444602 ], [ -99.266505608399896, 19.363681395426141 ], [ -99.266535463476558, 19.363695180853561 ], [ -99.266602767899727, 19.363726258296513 ], [ -99.266641429049656, 19.363744109850686 ], [ -99.26671863259061, 19.363779758086327 ], [ -99.266746548303985, 19.363792647974446 ], [ -99.266766442415701, 19.363800018353881 ], [ -99.266638143067127, 19.364119442597048 ], [ -99.266519205809402, 19.364437041469074 ], [ -99.266490136808969, 19.364514685416367 ], [ -99.266460601948125, 19.364634647286348 ], [ -99.266467709697963, 19.364894595309131 ], [ -99.266536563743443, 19.365351311239937 ], [ -99.266618735834172, 19.36589708843594 ], [ -99.266865721894519, 19.365895154993993 ], [ -99.268788652022337, 19.365344225271802 ], [ -99.268868210196203, 19.365401722165196 ], [ -99.268888888888938, 19.365416666696287 ], [ -99.269146507052966, 19.365646011332455 ], [ -99.270746253073753, 19.367070179837246 ], [ -99.270805897400635, 19.367123277149545 ], [ -99.271166666666716, 19.367444444474106 ], [ -99.271185013448559, 19.367455658724602 ], [ -99.271266712001335, 19.367505595944131 ], [ -99.27006457783682, 19.36868540689327 ], [ -99.26969395669478, 19.369299657232929 ], [ -99.269509335034257, 19.370026496020252 ], [ -99.269532885538922, 19.370788296592597 ], [ -99.269779325708924, 19.371493334613806 ], [ -99.27015233439721, 19.372325156944562 ], [ -99.270176994135085, 19.372384117704016 ], [ -99.270243355871415, 19.372685234598499 ], [ -99.270111985671264, 19.37316073361319 ], [ -99.269714061959306, 19.373452754003605 ], [ -99.269286713569883, 19.373543926383082 ], [ -99.268868373504091, 19.373590934171169 ], [ -99.268595814984025, 19.373556432920612 ], [ -99.267997986712317, 19.3733992385521 ], [ -99.267834215609284, 19.37333698624542 ], [ -99.267699493661993, 19.373343577758408 ], [ -99.26754798232659, 19.373382160383247 ], [ -99.267396549135697, 19.373468692562543 ], [ -99.267272150904191, 19.373609528017482 ], [ -99.26710757746028, 19.373900665041212 ], [ -99.267003399015309, 19.37404786394082 ], [ -99.26689244209004, 19.37416949949829 ], [ -99.266784811707524, 19.374265556889402 ], [ -99.266613193307549, 19.374368101273685 ], [ -99.266333777635381, 19.374464409977204 ], [ -99.26588422958325, 19.374541786973431 ], [ -99.265086356161333, 19.374667159121774 ], [ -99.263367015257643, 19.374929045524294 ], [ -99.263107765684325, 19.374999746887216 ], [ -99.26289906159181, 19.375083161485282 ], [ -99.26266681470274, 19.375188986400133 ], [ -99.261873334781143, 19.375570254793079 ], [ -99.261504117244002, 19.37576666681143 ], [ -99.260933549872647, 19.376092936102591 ], [ -99.260452472635365, 19.376470830362667 ], [ -99.259437579998078, 19.377358744179222 ], [ -99.259254984226672, 19.377517845966821 ], [ -99.257952408850272, 19.378682748326394 ], [ -99.257139778558852, 19.379372321299407 ], [ -99.256580761206877, 19.379855193255757 ], [ -99.256110409575328, 19.380164666093897 ], [ -99.255106218658938, 19.38081493413527 ], [ -99.254634341322216, 19.381117611082182 ], [ -99.254282032311281, 19.381328152773605 ], [ -99.251220219110053, 19.383280569221704 ], [ -99.249695688742023, 19.384308120394191 ], [ -99.247595872688805, 19.38602481192326 ], [ -99.247441543600488, 19.38615254328537 ], [ -99.247287035527776, 19.386262510591695 ], [ -99.246648303760637, 19.38679881640536 ], [ -99.246107675845707, 19.387193181927906 ], [ -99.245775503806868, 19.387319789536608 ], [ -99.24547806007574, 19.387386274213938 ], [ -99.24505399458738, 19.387388943874509 ], [ -99.24481018630847, 19.387338208038038 ], [ -99.244357257283355, 19.387207556981043 ], [ -99.243941989401634, 19.387072653239692 ], [ -99.24375871617832, 19.387013114806745 ], [ -99.243632071178652, 19.386992258066243 ], [ -99.243436775548616, 19.386982325592509 ], [ -99.243391141750607, 19.38698000468829 ], [ -99.243231989668487, 19.386971910230574 ], [ -99.243072837600408, 19.386963815633518 ], [ -99.242891427792713, 19.386965308692304 ], [ -99.242711009485973, 19.387039565663855 ], [ -99.242644599893893, 19.387071676137335 ], [ -99.242261935333971, 19.387278283618087 ], [ -99.24184768702149, 19.387583379008557 ], [ -99.241724411076731, 19.387700690053535 ], [ -99.241313441304968, 19.388058684824031 ], [ -99.241031975875813, 19.388230273132738 ], [ -99.240734643265753, 19.388374848047651 ], [ -99.240114737121019, 19.388721101450315 ], [ -99.239849917292275, 19.388887153245044 ], [ -99.239763881562638, 19.389063994496237 ], [ -99.239605871108523, 19.389486164094386 ], [ -99.239261002774413, 19.390266315563704 ], [ -99.239142180459055, 19.390780131112912 ], [ -99.239099156814078, 19.391021666595613 ], [ -99.239111458726498, 19.392026782476922 ], [ -99.239121242275829, 19.392283913593538 ], [ -99.239092645068752, 19.392503477443782 ], [ -99.238983105934324, 19.392742356221795 ], [ -99.23889217893749, 19.392854982893009 ], [ -99.238801251815943, 19.392967609518788 ], [ -99.238451797250519, 19.393278148899693 ], [ -99.238076123669629, 19.393457006198769 ], [ -99.237645449339141, 19.393597517521901 ], [ -99.237214611264477, 19.39362552084425 ], [ -99.236566721618175, 19.393538554367016 ], [ -99.236080899772091, 19.393539185743656 ], [ -99.235710923592521, 19.39366040514059 ], [ -99.233652376097851, 19.394507614052081 ], [ -99.232901734057535, 19.394816537809241 ], [ -99.23259856352864, 19.394895413376091 ], [ -99.232392960687292, 19.394948904526991 ], [ -99.232004815889667, 19.394930799714842 ], [ -99.231597493486817, 19.394911799477406 ], [ -99.231247721441477, 19.394895483041022 ], [ -99.230900795709346, 19.394961781804927 ], [ -99.230537132754606, 19.395106108032536 ], [ -99.229826654194355, 19.395303285416933 ], [ -99.227400360362495, 19.395824083874558 ], [ -99.227056101804067, 19.395823397659054 ], [ -99.226696580324003, 19.395810770527937 ], [ -99.225869638311735, 19.395703352472815 ], [ -99.225004612427924, 19.395680689469263 ], [ -99.223658017251893, 19.395870035923657 ], [ -99.223015592777259, 19.396043865695837 ], [ -99.222437076791749, 19.396243438119349 ], [ -99.222165359960883, 19.396334735632884 ], [ -99.21979484332023, 19.397096279177109 ], [ -99.218306131280883, 19.397577796858375 ], [ -99.217302544535983, 19.397902394328025 ], [ -99.216938706366022, 19.398021396323045 ], [ -99.214845626377695, 19.398707794818623 ], [ -99.21421584972687, 19.398965347070913 ], [ -99.213891100391919, 19.399117082932843 ], [ -99.213703710276206, 19.399204674675126 ], [ -99.213260236641247, 19.399439619453286 ], [ -99.21299119908484, 19.399599828656221 ], [ -99.212891102855806, 19.399659434476856 ], [ -99.212730217611039, 19.399702807819498 ], [ -99.212565830303447, 19.399770890013368 ], [ -99.21232976049501, 19.399861803584027 ], [ -99.212041655403326, 19.399957645935547 ], [ -99.211492872170609, 19.400131932626373 ], [ -99.21096238804715, 19.400306196431949 ], [ -99.210546306163693, 19.400418294202268 ], [ -99.210522009410326, 19.400424742791213 ], [ -99.210426864800993, 19.400440181145544 ], [ -99.210255617172024, 19.400467967995166 ], [ -99.209069128858303, 19.40066048435455 ], [ -99.208426203502896, 19.400748388569678 ], [ -99.207882222621549, 19.400837859128266 ], [ -99.207845429439729, 19.400843910577489 ], [ -99.20620567292427, 19.401050874347892 ], [ -99.205087284470082, 19.401190579581677 ], [ -99.204557806581477, 19.401257832481662 ], [ -99.203779777634523, 19.401340744868282 ], [ -99.203066658682985, 19.401419522324908 ], [ -99.202466858266789, 19.40148577938632 ], [ -99.202234531005985, 19.401511675049687 ], [ -99.201894148681745, 19.401553072688099 ], [ -99.20151362828318, 19.401652532645912 ], [ -99.201420400174754, 19.401679451924164 ], [ -99.201005261000333, 19.401818256626179 ], [ -99.20054225781152, 19.401998135679762 ], [ -99.200440222184909, 19.40203600038063 ], [ -99.199852677654917, 19.402280678081006 ], [ -99.199024529120834, 19.402621321739428 ], [ -99.198916310015193, 19.402664721993286 ], [ -99.198448402207418, 19.402869135561048 ], [ -99.198280591320497, 19.402936395143819 ], [ -99.19810392863333, 19.402991087385207 ], [ -99.197887486643125, 19.403033245932054 ], [ -99.19762243905231, 19.403071264795297 ], [ -99.196752190758076, 19.403189592662127 ], [ -99.196655262230962, 19.403203849524431 ], [ -99.196367858824956, 19.403240266547286 ], [ -99.195895185810386, 19.403299517541207 ], [ -99.195466672875639, 19.403346093922355 ], [ -99.195137648900214, 19.403388429980687 ], [ -99.194940983604383, 19.403413734934482 ], [ -99.194686489521388, 19.403463014674692 ], [ -99.193854262807662, 19.403553242381143 ], [ -99.192974934554854, 19.403653170026057 ], [ -99.192513554163597, 19.403704974365532 ], [ -99.192461588530705, 19.403710809053351 ], [ -99.192412060433469, 19.403716370040954 ], [ -99.192387310755706, 19.403719248899311 ], [ -99.19232011465553, 19.403726815384061 ], [ -99.192206477980747, 19.403739452578105 ], [ -99.192199877536282, 19.4034885153335 ], [ -99.192193277115734, 19.403237578081566 ], [ -99.192252878414124, 19.402672032409711 ], [ -99.192277806837822, 19.402422724641866 ], [ -99.192324267196753, 19.401958075240046 ], [ -99.192347291888822, 19.401654848910166 ], [ -99.192331153552104, 19.401471193183987 ], [ -99.192261092485921, 19.401255600906552 ], [ -99.19216734300241, 19.401063425602228 ], [ -99.192065843505091, 19.400908234286209 ], [ -99.191940998029324, 19.400782648244803 ], [ -99.191738173270096, 19.400620168523584 ], [ -99.19150147631197, 19.400453290764009 ], [ -99.191332894224843, 19.400315888539041 ], [ -99.191215508662282, 19.400199194273608 ], [ -99.19109063847857, 19.400051422140116 ], [ -99.190957957685271, 19.39988886777725 ], [ -99.190881493399758, 19.399764800319968 ], [ -99.190827618817949, 19.399677390041457 ], [ -99.190630041675405, 19.399386340213457 ], [ -99.190536269365978, 19.399171978511959 ], [ -99.190185909943338, 19.398355572652147 ], [ -99.189921801527049, 19.397740142530072 ], [ -99.189866380769615, 19.397599503839132 ], [ -99.189565862733801, 19.396836888532267 ], [ -99.189372803398626, 19.3963469637449 ], [ -99.189255973891306, 19.39608366550571 ], [ -99.189150688996705, 19.395816842692504 ], [ -99.189076980678536, 19.395630043623019 ], [ -99.188752907931885, 19.39484186370748 ], [ -99.188608735540384, 19.394496069765236 ], [ -99.18843199544115, 19.394080644945568 ], [ -99.188383720065787, 19.393903301275774 ], [ -99.188356792271122, 19.393710730303901 ], [ -99.188361917780441, 19.393523194515428 ], [ -99.188361783678232, 19.393406621651785 ], [ -99.188714721103096, 19.392319085708422 ], [ -99.188799899733297, 19.392075714478658 ], [ -99.189028476735913, 19.391127687667833 ], [ -99.18983214405327, 19.388158041752607 ], [ -99.190032470849943, 19.387383133631861 ], [ -99.190037316724698, 19.387364388629553 ], [ -99.190363268995497, 19.386103517262637 ], [ -99.190890450188647, 19.384897265108595 ], [ -99.190915426597556, 19.384840115690242 ], [ -99.190930136285502, 19.384806457904734 ], [ -99.190961728989961, 19.384734765968581 ], [ -99.19159966837654, 19.383296390345468 ], [ -99.19169676491893, 19.382979673875624 ], [ -99.191726496598733, 19.382759079849198 ], [ -99.19174365469236, 19.381622121423401 ], [ -99.191745272554343, 19.381419153191548 ], [ -99.191748943842882, 19.380921349828267 ], [ -99.191753336899723, 19.3803256778289 ], [ -99.191747112051587, 19.3802006422464 ], [ -99.191746039246127, 19.380179093288991 ], [ -99.19174395693058, 19.380137266741492 ], [ -99.191719227273452, 19.379640531298662 ], [ -99.191685117959594, 19.378955384707986 ], [ -99.191628205474046, 19.378264569725815 ], [ -99.191607518665592, 19.378013467617428 ], [ -99.19160975729163, 19.37760986597258 ], [ -99.191780080255157, 19.376379364555515 ], [ -99.191783223267237, 19.376356657635611 ], [ -99.191842845125421, 19.375925914004966 ], [ -99.19191513017239, 19.375283420948399 ], [ -99.192053817174425, 19.374253625658096 ], [ -99.192096201611506, 19.373865580761123 ], [ -99.192125574953479, 19.373633016959602 ], [ -99.192139703853769, 19.373395432071526 ], [ -99.192120595748946, 19.373217354761579 ], [ -99.192104866656308, 19.373157475070876 ], [ -99.19205002968603, 19.37299034139313 ], [ -99.191901955851051, 19.372626548414186 ], [ -99.191740372417328, 19.372284105797799 ], [ -99.191721083088041, 19.372195111178193 ], [ -99.191650892010458, 19.371871271778225 ], [ -99.19165782297587, 19.371455990016997 ], [ -99.191728788069952, 19.370834176642905 ], [ -99.191774024473858, 19.37040829665364 ], [ -99.191819260653176, 19.369982416635171 ], [ -99.191833494959866, 19.369470933547049 ], [ -99.191823238082051, 19.369430839120074 ], [ -99.191744090001876, 19.369121446326208 ], [ -99.19169938903984, 19.368947875783576 ], [ -99.191429188423186, 19.368313517295388 ], [ -99.191256338770472, 19.36801763404311 ], [ -99.190983922502411, 19.367535089717848 ], [ -99.190843700105319, 19.367230416545191 ], [ -99.190779702457846, 19.366988598304189 ], [ -99.190765652836447, 19.366935511021413 ], [ -99.190766786522929, 19.366885925331193 ], [ -99.190744594372958, 19.366645462208332 ], [ -99.190795864942814, 19.366188178098628 ], [ -99.19082845930383, 19.365892078297154 ], [ -99.190883007687617, 19.365396537326205 ], [ -99.190973235538607, 19.364820219719739 ], [ -99.191162033251075, 19.363614288135281 ], [ -99.191046745706956, 19.363579691038595 ], [ -99.190929115992006, 19.363536124069991 ], [ -99.190189544547991, 19.363322447382348 ], [ -99.189257941008805, 19.363102609059478 ], [ -99.189214438078366, 19.363092343175715 ], [ -99.189147733809108, 19.363089422224686 ], [ -99.189081029541981, 19.363086501249111 ], [ -99.189037582596669, 19.363084151788303 ], [ -99.18898266956279, 19.363081183347308 ], [ -99.188992073889537, 19.362939803891823 ], [ -99.188129538994588, 19.362925983560153 ], [ -99.18800500097619, 19.362861985013001 ], [ -99.187581149744631, 19.362572672980765 ], [ -99.186893619955313, 19.362113982186685 ], [ -99.186720322711778, 19.36204797249842 ], [ -99.186676631096176, 19.362021340918734 ], [ -99.186220695368178, 19.361831338108161 ], [ -99.18606056606238, 19.361764606794139 ], [ -99.185797792283452, 19.361692491289872 ], [ -99.185535018732381, 19.361620375403891 ], [ -99.185131306890966, 19.361644009932579 ], [ -99.184975776186519, 19.361653114936196 ], [ -99.184735354721624, 19.36169893172957 ], [ -99.184054917652603, 19.361594523518129 ], [ -99.183591960429396, 19.361731152710625 ], [ -99.182809364078267, 19.362114703860726 ], [ -99.182675460846994, 19.362229166997846 ], [ -99.182539903702207, 19.362348258882857 ], [ -99.181525585484536, 19.362677913447321 ], [ -99.181254982629014, 19.36274974941329 ], [ -99.180604038898679, 19.362760461336666 ], [ -99.180229393959195, 19.362740561551082 ], [ -99.180073196993447, 19.362780600427232 ], [ -99.179923472941041, 19.362827791501459 ], [ -99.179803928423723, 19.362883134056943 ], [ -99.179688715207419, 19.362957903091761 ], [ -99.1795254548218, 19.363107203596812 ], [ -99.179454029122439, 19.363182171152864 ], [ -99.179385761919477, 19.363252673650166 ], [ -99.179253074111159, 19.36339990469714 ], [ -99.179212640594628, 19.363467524305999 ], [ -99.179037659423841, 19.363733732328345 ], [ -99.178856848672822, 19.363930263686935 ], [ -99.178682500450407, 19.364124743172237 ], [ -99.17825995674049, 19.364528970083256 ], [ -99.177821908675924, 19.364903808719319 ], [ -99.177680400524082, 19.365024896946366 ], [ -99.177573560637029, 19.365116319420917 ], [ -99.17711080983382, 19.36467294449103 ], [ -99.176573867055907, 19.36415848170499 ], [ -99.17476490792977, 19.362425212406212 ], [ -99.174527869734234, 19.362223205458669 ], [ -99.174379561542793, 19.362049055333813 ], [ -99.173732210082875, 19.361091353685424 ], [ -99.17364189696471, 19.360984212112452 ], [ -99.173475195204446, 19.360786447562045 ], [ -99.173324296580219, 19.360644205594511 ], [ -99.172956785354927, 19.360307675830342 ], [ -99.172438415154062, 19.359983009350465 ], [ -99.171802919858152, 19.359601083001532 ], [ -99.171854293503628, 19.359449264977084 ], [ -99.172450567117735, 19.357934376770622 ], [ -99.172763727654456, 19.357194013125241 ], [ -99.173018893378284, 19.356779497106345 ], [ -99.173584799359176, 19.356148294440523 ], [ -99.174216603173434, 19.355476563024858 ], [ -99.174983308633884, 19.354643497744426 ], [ -99.175255797468211, 19.354257516985157 ], [ -99.175481041146966, 19.353982734076535 ], [ -99.175585349673256, 19.353872608256051 ], [ -99.176064713881615, 19.353431805454552 ], [ -99.177104979512819, 19.352594603675303 ], [ -99.177171226198055, 19.352477945790955 ], [ -99.177237472789642, 19.352361287881678 ], [ -99.177303342798794, 19.352245292932682 ], [ -99.177415873807988, 19.352068782112728 ], [ -99.177480989155896, 19.351966645051959 ], [ -99.177528404576179, 19.351892271221775 ], [ -99.17760137800316, 19.351777808023634 ], [ -99.177722919054048, 19.351675953484424 ], [ -99.178319599117955, 19.351156609682089 ], [ -99.179609222922096, 19.350079130880491 ], [ -99.179834213330622, 19.349872061018175 ], [ -99.179980341903146, 19.349687903615148 ], [ -99.180014634818136, 19.349649589590971 ], [ -99.180112108047808, 19.349508176942585 ], [ -99.180134979352658, 19.349448165619457 ], [ -99.180141843239241, 19.349340466402534 ], [ -99.180144759244371, 19.349294712186946 ], [ -99.180613420696062, 19.347230361513983 ], [ -99.180731155942695, 19.347213249756248 ], [ -99.180830592080639, 19.347144360934074 ], [ -99.180871971214245, 19.347000472527085 ], [ -99.181612815601426, 19.347257102728619 ], [ -99.181824472511693, 19.347323588693413 ], [ -99.182397107024798, 19.34679051951041 ], [ -99.182961097519438, 19.346433945145332 ], [ -99.183123663644352, 19.346181463117372 ], [ -99.183214228922935, 19.345851220482285 ], [ -99.183379019636234, 19.345250314299577 ], [ -99.183441103687215, 19.345023924826283 ], [ -99.183469152430234, 19.344921644883364 ], [ -99.183667931855325, 19.3444171981177 ], [ -99.183767884437842, 19.344286729233861 ], [ -99.184118574672411, 19.34382896846844 ], [ -99.184442138164272, 19.343735146799382 ], [ -99.184716287702699, 19.343576190824571 ], [ -99.18531026624126, 19.343166807034429 ], [ -99.186118261385332, 19.34251208971483 ], [ -99.186402022686224, 19.342259529522149 ], [ -99.186412840130018, 19.342213086726037 ], [ -99.186448239279201, 19.342061106506595 ], [ -99.186649124509998, 19.341949887530184 ], [ -99.18681290969603, 19.341859208509273 ], [ -99.186882369921193, 19.341403853223444 ], [ -99.187685781599626, 19.34108198827041 ], [ -99.187760433905723, 19.341052080618539 ], [ -99.187779851490731, 19.341036457457118 ], [ -99.187799269072045, 19.341020834293538 ], [ -99.188567928002698, 19.340356801838553 ], [ -99.188737360931469, 19.340236543737653 ], [ -99.189471450780175, 19.339810346007447 ], [ -99.189533502550603, 19.339686589699294 ], [ -99.189970697699763, 19.339155451872237 ], [ -99.190270071867076, 19.338953637634173 ], [ -99.190351059636257, 19.338842117218498 ], [ -99.190427682605929, 19.338736606973175 ], [ -99.190388855185219, 19.337772117444178 ], [ -99.191124287579157, 19.336847501813686 ], [ -99.191216393384792, 19.336847802879234 ], [ -99.191890938199748, 19.336806177489194 ], [ -99.19308178473247, 19.336632055426438 ], [ -99.193158260376094, 19.33662087310552 ], [ -99.193236210293406, 19.33661104290006 ], [ -99.193359806812609, 19.336595456165313 ], [ -99.194520720895341, 19.336314445536832 ], [ -99.194608752100208, 19.33629313638076 ], [ -99.1959499707242, 19.335968470150952 ], [ -99.196090792047144, 19.335937278732757 ], [ -99.197422578662056, 19.335642286814306 ], [ -99.197724993581701, 19.33557953704339 ], [ -99.198027408265588, 19.335516786772494 ], [ -99.198723876098668, 19.335041621546189 ], [ -99.199448924907244, 19.33401005378763 ], [ -99.200026564842176, 19.333239552828402 ], [ -99.19866541494423, 19.333389578547767 ], [ -99.198429310622828, 19.333415600866218 ], [ -99.198201433237983, 19.33344071615257 ], [ -99.198048377343326, 19.333475485407043 ], [ -99.197828454238746, 19.333522268772139 ], [ -99.197611111111144, 19.332900000029284 ], [ -99.194916962227623, 19.330386601124999 ], [ -99.194774562719132, 19.330137564079543 ], [ -99.194747645569564, 19.329974219160462 ], [ -99.194935602451253, 19.323091283079883 ], [ -99.194825315447943, 19.322431060049116 ], [ -99.195178822616455, 19.321504342939598 ], [ -99.19770279543846, 19.317491954638069 ], [ -99.201543063635739, 19.311390446537882 ], [ -99.201739948629466, 19.311077159812811 ], [ -99.200898706519553, 19.31074306933316 ], [ -99.20190784424048, 19.309765760314729 ], [ -99.202753925863277, 19.308917311214948 ], [ -99.205383259310636, 19.306415078232327 ], [ -99.205121036521675, 19.306215461856024 ], [ -99.205119862583288, 19.305979419342325 ], [ -99.204854480549059, 19.305779721752412 ], [ -99.204851153234699, 19.305711443217593 ], [ -99.204853120708577, 19.30558354981277 ], [ -99.204856175984162, 19.30551327206198 ], [ -99.205816678341549, 19.305694315596643 ], [ -99.209060574900136, 19.306261876618176 ], [ -99.211644078461987, 19.306720232018971 ], [ -99.213597240296281, 19.307072402538147 ], [ -99.214617615614785, 19.307315115588544 ], [ -99.215063438743229, 19.307468799173268 ], [ -99.215584330344129, 19.307693976447357 ], [ -99.216051088428216, 19.307938165872645 ], [ -99.216452274989976, 19.30816416815528 ], [ -99.216897764667877, 19.308496976284051 ], [ -99.217177717204095, 19.308708713650947 ], [ -99.21751777072744, 19.309023805830137 ], [ -99.218047976781094, 19.309629922519314 ], [ -99.218856434351991, 19.310666286116565 ], [ -99.219240088668101, 19.311183841118414 ], [ -99.219818944470575, 19.312005929700636 ], [ -99.220390960280582, 19.313182251421015 ], [ -99.220700120022343, 19.314041565926697 ], [ -99.220890362594304, 19.314952393476801 ], [ -99.221044445297309, 19.315975999576274 ], [ -99.221259716013705, 19.317078424724258 ], [ -99.221400912789647, 19.317891882484044 ], [ -99.221539721683328, 19.318626166266956 ], [ -99.221568056594549, 19.319201731869207 ], [ -99.221517668824077, 19.319442512064711 ], [ -99.221452030133634, 19.319754098885642 ], [ -99.221412767698268, 19.319856011290579 ], [ -99.221088712747587, 19.320346968678688 ], [ -99.220812696105455, 19.320765143173208 ], [ -99.220532519356652, 19.321077571201677 ], [ -99.214189087630942, 19.325376709806854 ], [ -99.21420505144674, 19.325424735280684 ], [ -99.212656213241502, 19.326867042548002 ], [ -99.210324538618679, 19.331155005568384 ], [ -99.20968134833619, 19.332693055662936 ], [ -99.209336282726795, 19.333335553606556 ], [ -99.20897661814756, 19.333794662410053 ], [ -99.20825325294868, 19.334793463423306 ], [ -99.206919195580085, 19.335971306427556 ], [ -99.206555305931019, 19.336279452275502 ], [ -99.206644103929619, 19.336358525364222 ], [ -99.206703469475556, 19.336411389293293 ], [ -99.20691216086324, 19.336597224715089 ], [ -99.207095973014461, 19.336612876466404 ], [ -99.207599599313525, 19.336441081731817 ], [ -99.207720798731913, 19.336797920464861 ], [ -99.207917561317785, 19.337265903174089 ], [ -99.207982304056245, 19.337287758800141 ], [ -99.209307088777365, 19.336642072055362 ], [ -99.209362621654151, 19.336515124459719 ], [ -99.209674403190348, 19.336430176899501 ], [ -99.210409469336781, 19.336350027560709 ], [ -99.210865101684377, 19.33609129231187 ], [ -99.211307179358712, 19.336228181431135 ], [ -99.212628557952982, 19.336289795731055 ], [ -99.213148954379207, 19.336481225110656 ], [ -99.213381953847474, 19.336522084692778 ], [ -99.213770539066829, 19.336590238462488 ], [ -99.214146073538643, 19.336452625743181 ], [ -99.214615194839396, 19.336361362327651 ], [ -99.215306406679701, 19.336133494986374 ], [ -99.2156741599903, 19.335603422704374 ], [ -99.216010089569863, 19.335335772851071 ], [ -99.216416744518838, 19.335327866884946 ], [ -99.216977253868819, 19.33501799273796 ], [ -99.217127750320813, 19.334829635568969 ], [ -99.217871089154485, 19.334651121190337 ], [ -99.218128002792341, 19.334657715971694 ], [ -99.218723982268912, 19.334482151483577 ], [ -99.219104052526689, 19.334152700195776 ], [ -99.219570079488236, 19.334056651997724 ], [ -99.220340710682535, 19.333897821984088 ], [ -99.221169543659613, 19.333800310694979 ], [ -99.221716721171802, 19.333614054356634 ], [ -99.222006326420527, 19.333799293662036 ], [ -99.223173352280469, 19.333085468306695 ], [ -99.223193974892993, 19.333072854115791 ], [ -99.22327165400722, 19.333025340253602 ], [ -99.223764518150432, 19.332968074418002 ], [ -99.224196613011713, 19.332763810181081 ], [ -99.224358701914511, 19.332549649091931 ], [ -99.224811533274831, 19.332270711022321 ], [ -99.224990888449824, 19.33227739177816 ], [ -99.225182289069551, 19.332231142221477 ], [ -99.225359243864418, 19.33195214676023 ], [ -99.225961338696521, 19.331756742468372 ], [ -99.226319941165883, 19.331573804787158 ], [ -99.227178134843271, 19.331557479201468 ], [ -99.227503186359954, 19.331376772579372 ], [ -99.228419984364777, 19.331027471391877 ], [ -99.229342560362099, 19.330565683274987 ], [ -99.230459931418707, 19.330186805669708 ], [ -99.231213863019718, 19.329794635225515 ], [ -99.231568601464261, 19.329236756901171 ], [ -99.23194212203083, 19.32895593265194 ], [ -99.232632005972206, 19.328175006695652 ], [ -99.232977968527138, 19.327951881716736 ], [ -99.233223237505086, 19.327615775899503 ], [ -99.236393544743933, 19.325530516436732 ], [ -99.23633067824305, 19.325270903219973 ], [ -99.237153317778947, 19.324627846840361 ], [ -99.237514780794541, 19.324557456937288 ], [ -99.238171782194428, 19.324549295420326 ], [ -99.238241053526309, 19.324546620178012 ], [ -99.238737808959101, 19.324507310876569 ], [ -99.238785026519651, 19.324497215466728 ], [ -99.239212409162036, 19.324662323757352 ], [ -99.239302992563736, 19.324694573175019 ], [ -99.239756492322726, 19.324522640751898 ], [ -99.240088110871653, 19.324510903049255 ], [ -99.24032094931178, 19.324502661326409 ], [ -99.240574896194204, 19.324699641639715 ], [ -99.24065206308876, 19.324855278746941 ], [ -99.240887505295547, 19.325217310218427 ], [ -99.241979741051864, 19.326993107299007 ], [ -99.24214670652087, 19.327264561869221 ], [ -99.242467621518614, 19.327786306526054 ], [ -99.242509608145568, 19.327803709362971 ], [ -99.242776344393036, 19.327914314239528 ], [ -99.243059627522342, 19.328211816320227 ], [ -99.243719868330473, 19.32849484167528 ], [ -99.243791095410842, 19.328525374377541 ], [ -99.244323406607307, 19.328597398052281 ], [ -99.244509673073253, 19.328524412304507 ], [ -99.24499367385944, 19.328367282196204 ], [ -99.245381393570895, 19.328144937016638 ], [ -99.245754294244506, 19.32818147542519 ], [ -99.246020649677405, 19.328171451467067 ], [ -99.246294961498506, 19.328104852545621 ], [ -99.246402427226826, 19.328092093084926 ], [ -99.246600007024597, 19.328068634164552 ], [ -99.247407639703596, 19.327972740536179 ], [ -99.247784780949189, 19.327927959706198 ], [ -99.248027984883691, 19.327899081839213 ], [ -99.248694273266253, 19.327640353361829 ], [ -99.248969071365451, 19.327541910408115 ], [ -99.249188503198383, 19.327463182774451 ], [ -99.249443074594652, 19.327340594700033 ], [ -99.249579998196012, 19.327274659337867 ], [ -99.249745046149428, 19.327229059284335 ], [ -99.249835389748526, 19.32720409874975 ], [ -99.24998017274244, 19.327182490349738 ], [ -99.250013008464208, 19.327177589706249 ], [ -99.25019062712046, 19.327151080490406 ], [ -99.250281847645894, 19.327137465945842 ], [ -99.250324549428939, 19.327131092743844 ], [ -99.250655488368096, 19.327081700055626 ], [ -99.251222760285842, 19.327130167534161 ], [ -99.251502281187811, 19.327154049024454 ], [ -99.251590599654648, 19.327159709357659 ], [ -99.251896438366202, 19.327178708572504 ], [ -99.252249174873555, 19.327200776001117 ], [ -99.252625551244449, 19.327104512903567 ], [ -99.253471814876448, 19.327098860271928 ], [ -99.253785144469092, 19.327044328852633 ], [ -99.254156094393196, 19.326979768534471 ], [ -99.254826075325113, 19.326800550258401 ], [ -99.255026545877115, 19.326702601896741 ], [ -99.255370365483572, 19.326534613512063 ], [ -99.255518597944373, 19.326336005532099 ], [ -99.255702375057524, 19.326089772526053 ], [ -99.255769911998343, 19.325999283203579 ], [ -99.255834912572794, 19.325885387585579 ], [ -99.255899913057917, 19.325771491943939 ], [ -99.255964913453653, 19.325657596278745 ], [ -99.255988799470302, 19.325615840047369 ], [ -99.256029994443352, 19.325543825185708 ], [ -99.256108713584055, 19.32532261043248 ], [ -99.256223612498275, 19.325073016297377 ], [ -99.256262301539451, 19.324988972168995 ], [ -99.256276709609367, 19.324957673523052 ], [ -99.256308226064746, 19.324889210291349 ], [ -99.25632990089143, 19.324829691188853 ], [ -99.256461203118477, 19.324469134134485 ], [ -99.256533225512882, 19.324424712692242 ], [ -99.256622691367241, 19.324238679021946 ] ], [ [ -99.184974617045341, 19.360625190046534 ], [ -99.185639806618198, 19.359368327460409 ], [ -99.184974617045327, 19.360625190046534 ], [ -99.184975776186519, 19.361653114936196 ], [ -99.184974617045341, 19.360625190046534 ] ], [ [ -99.218935007394677, 19.392725356560319 ], [ -99.218922206289747, 19.392680462501751 ], [ -99.218935007394663, 19.392725356560319 ], [ -99.218846070161959, 19.393033933272914 ], [ -99.218935007394677, 19.392725356560319 ] ], [ [ -99.210471460130591, 19.35727072351316 ], [ -99.209890632456307, 19.357352335411882 ], [ -99.209312913023481, 19.357403019349487 ], [ -99.209890632456307, 19.357352335411882 ], [ -99.210471460130591, 19.35727072351316 ] ], [ [ -99.211827823539906, 19.343157376332272 ], [ -99.211785941437384, 19.343153166092296 ], [ -99.211495910078213, 19.343137518265252 ], [ -99.211785941437384, 19.343153166092385 ], [ -99.211827823539906, 19.343157376332272 ] ], [ [ -99.237141093235763, 19.378726087954618 ], [ -99.236817378632963, 19.37874394953683 ], [ -99.236817378632978, 19.378743949536926 ], [ -99.237141093235763, 19.378726087954618 ] ], [ [ -99.236294698020387, 19.379027700218842 ], [ -99.23642409976334, 19.379016871421257 ], [ -99.236622026672649, 19.37900030801358 ], [ -99.23642409976334, 19.379016871421168 ], [ -99.236294698020387, 19.379027700218842 ] ], [ [ -99.234339829537831, 19.379516042078826 ], [ -99.234594781632737, 19.379565671951706 ], [ -99.234821059575054, 19.379447120366859 ], [ -99.234594781632723, 19.379565671951621 ], [ -99.234339829537831, 19.379516042078826 ] ], [ [ -99.23353462831669, 19.379773502962347 ], [ -99.23353462831669, 19.379773502962347 ], [ -99.233266383744464, 19.379736189530064 ], [ -99.23353462831669, 19.379773502962347 ] ], [ [ -99.231725906795262, 19.375929516487297 ], [ -99.231661590684723, 19.375966250308071 ], [ -99.231646741937638, 19.375976273764248 ], [ -99.231661590684737, 19.375966250308071 ], [ -99.231725906795262, 19.375929516487297 ] ], [ [ -99.257830919609816, 19.361338131052477 ], [ -99.257334756672719, 19.361190033899682 ], [ -99.257830919609816, 19.361338131052477 ], [ -99.257830919609816, 19.361338131052477 ] ], [ [ -99.253228006193794, 19.363899209622186 ], [ -99.253238659038587, 19.36386201219063 ], [ -99.253228006193794, 19.36389920962209 ], [ -99.253117725870325, 19.364284283661938 ], [ -99.253228006193794, 19.363899209622186 ] ], [ [ -99.246246627004325, 19.364078135899849 ], [ -99.2456741364322, 19.364416025940322 ], [ -99.24427516641093, 19.365133976777766 ], [ -99.243655111269533, 19.365452183381233 ], [ -99.242917053942534, 19.364347883044399 ], [ -99.242617361698336, 19.363915252004755 ], [ -99.242333009601424, 19.36349902682435 ], [ -99.242294144082621, 19.363496405843424 ], [ -99.24220348287399, 19.363507217288223 ], [ -99.242080585983842, 19.363508585344526 ], [ -99.242003366438922, 19.363495603997787 ], [ -99.241949544086964, 19.363456423537048 ], [ -99.241930423204494, 19.363415204316436 ], [ -99.241924169493302, 19.363381194526767 ], [ -99.241924169440324, 19.363381194630104 ], [ -99.241930423205091, 19.363415204711004 ], [ -99.241949544087561, 19.363456423931698 ], [ -99.242003366439519, 19.36349560439244 ], [ -99.242080585984425, 19.363508585739183 ], [ -99.242203482874572, 19.363507217682884 ], [ -99.242294144083189, 19.363496406237989 ], [ -99.242333009601992, 19.36349902721901 ], [ -99.242617361698933, 19.36391525239932 ], [ -99.242917053943117, 19.364347883438867 ], [ -99.243655111270115, 19.365452183775616 ], [ -99.244275166411526, 19.365133977172153 ], [ -99.245674136432811, 19.364416026334798 ], [ -99.246246627004922, 19.364078136294417 ], [ -99.246488203233085, 19.363937385630791 ], [ -99.247505530923846, 19.363443345911215 ], [ -99.247505530754637, 19.363443345598437 ], [ -99.246488203232474, 19.363937385236131 ], [ -99.246246627004325, 19.364078135899849 ] ], [ [ -99.245705727223211, 19.364363434173736 ], [ -99.245705727121234, 19.364363433948014 ], [ -99.2456741364322, 19.364416025940322 ], [ -99.245705727223211, 19.364363434173736 ] ], [ [ -99.246752520834832, 19.355571734628715 ], [ -99.246780218743808, 19.355560291234799 ], [ -99.246752520834832, 19.355571734628622 ], [ -99.246678086517875, 19.355502591081027 ], [ -99.246752520834832, 19.355571734628715 ] ], [ [ -99.246405030533253, 19.355495740717387 ], [ -99.246515032954534, 19.355536109340846 ], [ -99.246405030533253, 19.355495740717288 ], [ -99.246384992916887, 19.355441150433087 ], [ -99.246405030533253, 19.355495740717387 ] ], [ [ -99.244717635890382, 19.355304992716988 ], [ -99.245075603088708, 19.355262214007926 ], [ -99.244717635890382, 19.355304992716896 ], [ -99.244657363265432, 19.354742892936347 ], [ -99.244717635890382, 19.355304992716988 ] ], [ [ -99.27671664238558, 19.3290468249727 ], [ -99.27671664238558, 19.3290468249727 ], [ -99.277268480986976, 19.329220513422541 ], [ -99.27671664238558, 19.3290468249727 ] ], [ [ -99.271264634649825, 19.330379744172841 ], [ -99.271089354836747, 19.330568262272692 ], [ -99.270637797969016, 19.330991397964073 ], [ -99.270497522099134, 19.331054461294947 ], [ -99.27063779782479, 19.330991398234413 ], [ -99.271089355107136, 19.330568262180929 ], [ -99.271264634473525, 19.330379744487146 ], [ -99.271302871539078, 19.330328410114316 ], [ -99.271264634649825, 19.330379744172841 ] ], [ [ -99.271052499079673, 19.329860349690573 ], [ -99.270679808622177, 19.329713505423978 ], [ -99.271052499170835, 19.329860349967795 ], [ -99.271078540166428, 19.329870103150697 ], [ -99.271212910878447, 19.329920430781158 ], [ -99.271520850554808, 19.330035766181563 ], [ -99.271520850820309, 19.330035765825127 ], [ -99.27121291146905, 19.329920430613903 ], [ -99.271078540552594, 19.329870103287409 ], [ -99.271052499079673, 19.329860349690573 ] ], [ [ -99.270240202271367, 19.329530958068464 ], [ -99.270065346577013, 19.329473512867541 ], [ -99.269944994803907, 19.329451855774526 ], [ -99.270065346457457, 19.329473513396206 ], [ -99.270240201621078, 19.329530958293553 ], [ -99.270532286615534, 19.329653897642295 ], [ -99.270559859513085, 19.329665503077756 ], [ -99.270587432414501, 19.329677108508982 ], [ -99.270663990103316, 19.329707272725347 ], [ -99.270587432722081, 19.329677108112328 ], [ -99.270559859828879, 19.329665502656148 ], [ -99.270532286939542, 19.32965389719574 ], [ -99.270240202271367, 19.329530958068464 ] ], [ [ -99.269274567829825, 19.329298591414943 ], [ -99.269490262955628, 19.329385403021966 ], [ -99.269588036980608, 19.329398179446084 ], [ -99.269490262968219, 19.329385402951456 ], [ -99.26927456848648, 19.329298591101377 ], [ -99.269243900494772, 19.329281094676141 ], [ -99.269274567829825, 19.329298591414943 ] ], [ [ -99.268897529152525, 19.329120938099191 ], [ -99.269132299413215, 19.329217425229253 ], [ -99.269180467045018, 19.329244905193615 ], [ -99.269183353148591, 19.329246551725426 ], [ -99.269180466902156, 19.329244905088082 ], [ -99.26913229934631, 19.329217424922533 ], [ -99.268897529207905, 19.329120938100729 ], [ -99.268897529152525, 19.329120938099191 ] ], [ [ -99.268813838300687, 19.329118612869685 ], [ -99.268679356479652, 19.329114876405789 ], [ -99.268621422484102, 19.32911326672804 ], [ -99.268679356070095, 19.329114876555781 ], [ -99.268813838300687, 19.329118612869685 ] ], [ [ -99.268127485142429, 19.328881427402891 ], [ -99.268195176603513, 19.328919761312576 ], [ -99.268362181024813, 19.329014333894232 ], [ -99.268489329507091, 19.329086336552304 ], [ -99.268508575400332, 19.329090979842373 ], [ -99.268489330111237, 19.329086336435285 ], [ -99.268362181118647, 19.32901433342813 ], [ -99.268195177260154, 19.328919760837607 ], [ -99.268127485142429, 19.328881427402891 ] ], [ [ -99.267701844582902, 19.329130405438818 ], [ -99.267622546998751, 19.329175044392255 ], [ -99.26760801036022, 19.329187474426707 ], [ -99.267622546852209, 19.32917504467461 ], [ -99.267701844582902, 19.329130405438818 ] ], [ [ -99.267491690534499, 19.329286225214211 ], [ -99.267435180930121, 19.329332956612571 ], [ -99.267215192546104, 19.329425691189332 ], [ -99.267435180990461, 19.329332956927068 ], [ -99.267491690534499, 19.329286225214211 ] ], [ [ -99.267138392673004, 19.329442822951371 ], [ -99.267213525466033, 19.329426393931374 ], [ -99.267213526087218, 19.329426393669518 ], [ -99.267138392673004, 19.329442822951371 ] ], [ [ -99.266973768922185, 19.329478820796723 ], [ -99.266831623319561, 19.329509903272193 ], [ -99.266495212453293, 19.329520631422817 ], [ -99.266831623186178, 19.329509903711681 ], [ -99.266973768922185, 19.329478820796723 ] ], [ [ -99.266215703876952, 19.329553840430336 ], [ -99.266307129264973, 19.329543220063329 ], [ -99.266392534885725, 19.329532962977783 ], [ -99.266307129148899, 19.329543219763007 ], [ -99.26621570452501, 19.329553840226957 ], [ -99.266174606879176, 19.329558723069766 ], [ -99.266215703876952, 19.329553840430336 ] ], [ [ -99.264607907478151, 19.329780031666349 ], [ -99.264694812324649, 19.329740261545094 ], [ -99.264810154424055, 19.329718597985114 ], [ -99.264925497444125, 19.329696934351091 ], [ -99.265287051467467, 19.329661583433225 ], [ -99.264925497923372, 19.329696933995859 ], [ -99.26481015504794, 19.329718597539031 ], [ -99.264694812141187, 19.329740261009537 ], [ -99.264607907478151, 19.329780031666349 ] ], [ [ -99.264316526637913, 19.329913377434149 ], [ -99.264259500369178, 19.329939474511711 ], [ -99.264156084855827, 19.329958093128308 ], [ -99.264259500082431, 19.329939474651759 ], [ -99.264316526637913, 19.329913377434149 ] ], [ [ -99.264071411550574, 19.329973337407694 ], [ -99.264024499229961, 19.32998178331621 ], [ -99.263998177687014, 19.329985513016339 ], [ -99.264024499270718, 19.329981783331963 ], [ -99.264071411550574, 19.329973337407694 ] ], [ [ -99.255610785093907, 19.329446019517189 ], [ -99.255480354029388, 19.329592297395102 ], [ -99.255610785093907, 19.329446019517189 ], [ -99.255610785093907, 19.329446019517189 ] ], [ [ -99.27885277697888, 19.324252661010153 ], [ -99.2764416677973, 19.325257359089818 ], [ -99.27885277697888, 19.324252661010242 ], [ -99.279238076753444, 19.324501410729059 ], [ -99.27885277697888, 19.324252661010153 ] ], [ [ -99.270089144206779, 19.322652592808318 ], [ -99.271633363034638, 19.321803774374416 ], [ -99.27168182455496, 19.321777135937172 ], [ -99.271847561233386, 19.321334133829883 ], [ -99.271681824554307, 19.321777135537001 ], [ -99.27163336303397, 19.321803773974242 ], [ -99.270089144102869, 19.322652592465086 ], [ -99.270089144206779, 19.322652592808318 ] ], [ [ -99.269667745746915, 19.32324821200357 ], [ -99.269806011090893, 19.323118813001074 ], [ -99.269964410386137, 19.322970570769815 ], [ -99.270062265996742, 19.322878989768743 ], [ -99.270143941634629, 19.322833597401779 ], [ -99.270143941530861, 19.322833597059013 ], [ -99.270062265996089, 19.32287898936875 ], [ -99.269964410385484, 19.322970570369829 ], [ -99.269806011090225, 19.323118812601077 ], [ -99.269667745559232, 19.323248211778616 ], [ -99.269667745746915, 19.32324821200357 ] ], [ [ -99.269535817133431, 19.323394512192294 ], [ -99.269501577422389, 19.323425041604811 ], [ -99.269535817134084, 19.323394512592195 ], [ -99.269667745559232, 19.323248211778616 ], [ -99.269535817133431, 19.323394512192294 ] ], [ [ -99.269639401946165, 19.32465813494338 ], [ -99.269319422763601, 19.324787954611818 ], [ -99.269137890732154, 19.324728229088656 ], [ -99.268581484641246, 19.324521498690061 ], [ -99.26843772225449, 19.32444828388623 ], [ -99.267955102453669, 19.324202495650368 ], [ -99.267847342266165, 19.324147615348888 ], [ -99.267737765820499, 19.324091809956435 ], [ -99.26762916625529, 19.324014736447548 ], [ -99.267606696851502, 19.323998789812098 ], [ -99.267322303443336, 19.323796954037917 ], [ -99.267000969924538, 19.323452622727611 ], [ -99.266891225587372, 19.323295195611255 ], [ -99.266802108419355, 19.323167357680195 ], [ -99.266756547045773, 19.323169738966403 ], [ -99.266613001955619, 19.323666612682469 ], [ -99.26643995706705, 19.323625812158202 ], [ -99.266373227670158, 19.323611592119729 ], [ -99.266160062736091, 19.323566166478518 ], [ -99.265849903598351, 19.323609520405594 ], [ -99.265706751653582, 19.323634595459879 ], [ -99.265505256460344, 19.32366988994254 ], [ -99.265398344361003, 19.323688616879689 ], [ -99.265291432236509, 19.323707343754506 ], [ -99.265034708914229, 19.323746916930691 ], [ -99.265014364558098, 19.323750052939651 ], [ -99.264884881301526, 19.323782286804548 ], [ -99.264610407267597, 19.323850614667862 ], [ -99.264491534256535, 19.323882356175627 ], [ -99.264267731312316, 19.323942115863264 ], [ -99.264126336645091, 19.323979870793384 ], [ -99.264095860939548, 19.323947823257406 ], [ -99.263956968064846, 19.323901294867238 ], [ -99.263818075267565, 19.32385476637003 ], [ -99.263798278898847, 19.323733459338531 ], [ -99.263771685442492, 19.32369681322627 ], [ -99.26373764176779, 19.323686352488412 ], [ -99.263620137898656, 19.323650246538897 ], [ -99.263571425904928, 19.323629114018601 ], [ -99.263404020413731, 19.323556489053427 ], [ -99.263243389731443, 19.323488473306796 ], [ -99.263168114825532, 19.323456599633136 ], [ -99.263136055536918, 19.32344302474667 ], [ -99.263076258998169, 19.323400352294854 ], [ -99.262920470589677, 19.323289177210874 ], [ -99.262920470508831, 19.323289177552631 ], [ -99.26307625899878, 19.323400352694762 ], [ -99.263136055537544, 19.323443025146567 ], [ -99.263168114826158, 19.323456600033047 ], [ -99.263243389732068, 19.323488473706689 ], [ -99.263404020414342, 19.323556489453413 ], [ -99.263571425905553, 19.323629114418498 ], [ -99.263620137899309, 19.32365024693879 ], [ -99.263737641768429, 19.323686352888309 ], [ -99.263771685443146, 19.32369681362626 ], [ -99.263798278899472, 19.323733459738332 ], [ -99.26381807526819, 19.32385476676993 ], [ -99.263956968065486, 19.323901295267049 ], [ -99.264095860940202, 19.323947823657306 ], [ -99.264126336645731, 19.323979871193274 ], [ -99.26426773131297, 19.323942116263073 ], [ -99.264491534257175, 19.323882356575528 ], [ -99.26461040726825, 19.323850615067762 ], [ -99.264884881302166, 19.323782287204448 ], [ -99.265014364558724, 19.323750053339552 ], [ -99.265034708914868, 19.323746917330592 ], [ -99.265291432237163, 19.323707344154407 ], [ -99.265398344361657, 19.323688617279586 ], [ -99.265505256461012, 19.32366989034244 ], [ -99.265706751654221, 19.323634595859772 ], [ -99.265849903598991, 19.323609520805579 ], [ -99.266160062736716, 19.323566166878418 ], [ -99.266373227670812, 19.323611592519629 ], [ -99.266439957067703, 19.323625812558191 ], [ -99.266613001956244, 19.323666613082366 ], [ -99.266756547046427, 19.323169739366399 ], [ -99.266802108419995, 19.32316735808018 ], [ -99.266891225587997, 19.323295196011156 ], [ -99.267000969925178, 19.323452623127512 ], [ -99.26732230344399, 19.32379695443781 ], [ -99.267606696852141, 19.323998790211991 ], [ -99.267629166255929, 19.324014736847353 ], [ -99.267737765821138, 19.324091810356244 ], [ -99.267847342266805, 19.324147615748785 ], [ -99.267955102454323, 19.324202496050265 ], [ -99.268437722255143, 19.324448284286042 ], [ -99.268581484641899, 19.324521499089872 ], [ -99.269137890732793, 19.324728229488368 ], [ -99.269319422764269, 19.324787955011537 ], [ -99.269639401946819, 19.324658135343189 ], [ -99.26984179982739, 19.324429776607165 ], [ -99.270070363434911, 19.324171894929652 ], [ -99.270088203119954, 19.324153018400843 ], [ -99.270178451097152, 19.324011355728988 ], [ -99.270225077248, 19.323938166329427 ], [ -99.270225077177244, 19.323938166039557 ], [ -99.270178451096498, 19.324011355329183 ], [ -99.270088203119286, 19.324153018001038 ], [ -99.270070363434257, 19.324171894529748 ], [ -99.269841799826736, 19.324429776207353 ], [ -99.269639401946165, 19.32465813494338 ] ], [ [ -99.262783185713772, 19.325299331525326 ], [ -99.262832512522138, 19.325172620068578 ], [ -99.262832512356752, 19.325172620092101 ], [ -99.262783185713772, 19.325299331525326 ] ], [ [ -99.270704747829811, 19.317034445291839 ], [ -99.270626140835191, 19.317075122955931 ], [ -99.270704747830464, 19.317034445692649 ], [ -99.270742139170139, 19.316722398910446 ], [ -99.270704747829811, 19.317034445291839 ] ], [ [ -99.265769101527127, 19.316401610650335 ], [ -99.26564735976855, 19.316579052657104 ], [ -99.265634925623672, 19.316597175743915 ], [ -99.265647359768565, 19.316579052657104 ], [ -99.265769101527127, 19.316401610650335 ] ], [ [ -99.267230745872723, 19.31875763934713 ], [ -99.26704917517911, 19.318374692754826 ], [ -99.267034983110207, 19.318344760502615 ], [ -99.266961290725504, 19.318132101594607 ], [ -99.266899283965728, 19.31795316459116 ], [ -99.266961290726172, 19.318132101995229 ], [ -99.267034983110847, 19.318344760903233 ], [ -99.267049175179736, 19.318374693155448 ], [ -99.267230745873377, 19.318757639747663 ], [ -99.267283617894421, 19.318971268246969 ], [ -99.267283617974144, 19.318971268171062 ], [ -99.267230745872723, 19.31875763934713 ] ], [ [ -99.269023945516196, 19.323843689202924 ], [ -99.269023945513624, 19.323843689605543 ], [ -99.269164630396389, 19.323725477239265 ], [ -99.269023945516196, 19.323843689202924 ] ], [ [ -99.2645344951395, 19.321881681016588 ], [ -99.264714321622819, 19.321731842871451 ], [ -99.264534495138847, 19.321881680616428 ], [ -99.264485333418136, 19.321539267870332 ], [ -99.2645344951395, 19.321881681016588 ] ], [ [ -99.264352860606024, 19.320920265768859 ], [ -99.264346750232107, 19.320895696451345 ], [ -99.264352860606664, 19.320920266169122 ], [ -99.264485333418136, 19.321539267870332 ], [ -99.264352860606024, 19.320920265768859 ] ], [ [ -99.264099775350388, 19.320586197074707 ], [ -99.264119939088673, 19.320728267513136 ], [ -99.264099775349763, 19.320586196674352 ], [ -99.264070753471728, 19.320314858637545 ], [ -99.264099775350388, 19.320586197074707 ] ], [ [ -99.263494028705864, 19.322042001113569 ], [ -99.263612547344138, 19.321777960025639 ], [ -99.263612547188444, 19.321777959970927 ], [ -99.263494028705864, 19.322042001113569 ] ], [ [ -99.263359063837626, 19.322271618191426 ], [ -99.263184034017854, 19.3226343578308 ], [ -99.263359063838251, 19.322271618591504 ], [ -99.263494028705864, 19.322042001113569 ], [ -99.263359063837626, 19.322271618191426 ] ], [ [ -99.266845881527857, 19.319603445554591 ], [ -99.266902348241416, 19.319840898943784 ], [ -99.266970296777316, 19.320097246697593 ], [ -99.266970296863761, 19.320097246625782 ], [ -99.266902348240762, 19.319840898543347 ], [ -99.266845881527217, 19.319603445154144 ], [ -99.26682500638006, 19.319515660961365 ], [ -99.266804131333586, 19.319427877092085 ], [ -99.266804131256464, 19.319427877165523 ], [ -99.266825006380699, 19.319515661361805 ], [ -99.266845881527857, 19.319603445554591 ] ], [ [ -99.250738301286574, 19.348357767009901 ], [ -99.249307371343818, 19.34887604172205 ], [ -99.250738301286574, 19.34835776700999 ], [ -99.25082768265824, 19.348548360103468 ], [ -99.250738301286574, 19.348357767009901 ] ], [ [ -99.269783315423751, 19.331390199210542 ], [ -99.269981399448611, 19.331399575884351 ], [ -99.270011377574406, 19.331370591218619 ], [ -99.270035909130527, 19.331346872614738 ], [ -99.270116529336164, 19.331268924014097 ], [ -99.270035908641816, 19.331346872618898 ], [ -99.270011377151263, 19.331370591144779 ], [ -99.269981399278223, 19.331399575622338 ], [ -99.269783314934884, 19.331390198935441 ], [ -99.269490734463062, 19.331577506918286 ], [ -99.269783315423751, 19.331390199210542 ] ], [ [ -99.269489538638425, 19.331578272475067 ], [ -99.269489538360176, 19.331578272653203 ], [ -99.269353439975291, 19.33170835737495 ], [ -99.269489538638425, 19.331578272475067 ] ], [ [ -99.268599424764204, 19.332470467011738 ], [ -99.268803152173319, 19.332302291411509 ], [ -99.269242419254795, 19.331822477100477 ], [ -99.268803151468873, 19.33230229188521 ], [ -99.268599424764204, 19.332470467011738 ] ], [ [ -99.268500361493636, 19.33255224291873 ], [ -99.268365824673239, 19.332754243483297 ], [ -99.268243460566197, 19.332894711660479 ], [ -99.268365825309004, 19.332754243400476 ], [ -99.268500361602065, 19.332552242829216 ], [ -99.268500361493636, 19.33255224291873 ] ], [ [ -99.267246036895315, 19.334016536377767 ], [ -99.267073570091256, 19.334203157935427 ], [ -99.266720453638953, 19.3345376331282 ], [ -99.266656520499581, 19.334589157099725 ], [ -99.26672045427047, 19.334537632794159 ], [ -99.267073570659107, 19.334203157862934 ], [ -99.267246036895315, 19.334016536377767 ] ], [ [ -99.265081847005405, 19.335869647423099 ], [ -99.265395579247979, 19.335749345237787 ], [ -99.265668638469108, 19.335552833029908 ], [ -99.266029116440677, 19.335215545114298 ], [ -99.266103056929225, 19.335137074732774 ], [ -99.266166302931381, 19.335069953941993 ], [ -99.2661030571456, 19.335137074427273 ], [ -99.266029115993177, 19.335215545501384 ], [ -99.265668638645209, 19.335552832770738 ], [ -99.265395578917378, 19.33574934490127 ], [ -99.265081846439458, 19.335869647415389 ], [ -99.265081847005405, 19.335869647423099 ] ], [ [ -99.261978886042471, 19.331897502923006 ], [ -99.26262235707263, 19.332060512862427 ], [ -99.261978886042485, 19.331897502923006 ], [ -99.261876817651327, 19.331884366931583 ], [ -99.261978886042471, 19.331897502923006 ] ], [ [ -99.263608403610021, 19.330139532902855 ], [ -99.262999021328383, 19.330730593524155 ], [ -99.263608403812924, 19.330139532917833 ], [ -99.263605206073407, 19.330046159673397 ], [ -99.263608403610021, 19.330139532902855 ] ], [ [ -99.265495701655922, 19.332702487574423 ], [ -99.26564030626075, 19.332761694537833 ], [ -99.265640306282791, 19.332761694457353 ], [ -99.265495701655922, 19.332702487574423 ] ], [ [ -99.249539770831916, 19.333109563859939 ], [ -99.249605519085037, 19.332791660995632 ], [ -99.249617164036735, 19.332723936926687 ], [ -99.249605519085051, 19.332791660995539 ], [ -99.249539770831916, 19.333109563859939 ] ], [ [ -99.264796122331916, 19.335865757608275 ], [ -99.265034850275725, 19.33586900764713 ], [ -99.264796122315559, 19.33586575736836 ], [ -99.264796122331916, 19.335865757608275 ] ], [ [ -99.264616292701646, 19.334511348208945 ], [ -99.264670348539696, 19.334462458321653 ], [ -99.264616292572725, 19.334511348010047 ], [ -99.264579800508713, 19.334908131003555 ], [ -99.26455360022149, 19.335055620698238 ], [ -99.264579800678987, 19.334908131486625 ], [ -99.264616292701646, 19.334511348208945 ] ], [ [ -99.264687128445445, 19.334365015476362 ], [ -99.264683656292434, 19.33445042234316 ], [ -99.264683656356979, 19.334450422284799 ], [ -99.264687128445445, 19.334365015476362 ] ], [ [ -99.264901649019933, 19.333526877655501 ], [ -99.265028774860454, 19.333348093706785 ], [ -99.265046841847493, 19.333331483228132 ], [ -99.265028774786117, 19.333348093190047 ], [ -99.264901649019933, 19.333526877655501 ] ], [ [ -99.265171740058065, 19.333233482894926 ], [ -99.265191544902663, 19.333218758536205 ], [ -99.265211467957243, 19.333206143172625 ], [ -99.265191544724743, 19.333218758497061 ], [ -99.265171740058065, 19.333233482894926 ] ], [ [ -99.265316646771225, 19.333152675673567 ], [ -99.265355435222233, 19.333133042744336 ], [ -99.265408654075614, 19.333112916970872 ], [ -99.265446344088232, 19.333089010903908 ], [ -99.265480652658979, 19.333062479310076 ], [ -99.265446343918029, 19.333089010429791 ], [ -99.265408654341698, 19.333112916650929 ], [ -99.265355435151051, 19.333133042221991 ], [ -99.265316646771225, 19.333152675673567 ] ], [ [ -99.265592578600987, 19.33293596104394 ], [ -99.265587578505631, 19.33295421757645 ], [ -99.26558757856661, 19.332954217490762 ], [ -99.265592578600987, 19.33293596104394 ] ], [ [ -99.272856312690266, 19.334235542568901 ], [ -99.272441933276241, 19.334496231343028 ], [ -99.272055216365828, 19.33473951586463 ], [ -99.272441933276255, 19.334496231343028 ], [ -99.272856312690266, 19.334235542568901 ] ], [ [ -99.254283151237431, 19.342117474279632 ], [ -99.25467793857409, 19.342116598499061 ], [ -99.254283151237431, 19.342117474279632 ], [ -99.254283151237431, 19.342117474279632 ] ], [ [ -99.24910489548968, 19.35852890288378 ], [ -99.248521459028652, 19.358970936843779 ], [ -99.248521459028652, 19.358970936843779 ], [ -99.24910489548968, 19.35852890288378 ] ], [ [ -99.255632392152179, 19.350089754635242 ], [ -99.256174537400597, 19.349731425990736 ], [ -99.255632392152179, 19.350089754635153 ], [ -99.254608782098572, 19.35046551615951 ], [ -99.255632392152179, 19.350089754635242 ] ], [ [ -99.250904237399894, 19.352147869417127 ], [ -99.251156014109583, 19.352046956701852 ], [ -99.250904237399894, 19.352147869417031 ], [ -99.250316455585448, 19.352410707723699 ], [ -99.250904237399894, 19.352147869417127 ] ], [ [ -99.246478431776481, 19.36024904113291 ], [ -99.246470316214641, 19.359667314627824 ], [ -99.246470316209667, 19.359667314625181 ], [ -99.246478431777064, 19.360249041528022 ], [ -99.246541561209654, 19.360555278628475 ], [ -99.246551332574938, 19.360802107491754 ], [ -99.246551332588126, 19.360802107445014 ], [ -99.246541561209071, 19.360555278233452 ], [ -99.246478431776481, 19.36024904113291 ] ], [ [ -99.244145364555649, 19.360234837542777 ], [ -99.24415858678212, 19.360394024923124 ], [ -99.244165219614231, 19.360516462667242 ], [ -99.24416521962857, 19.360516462547746 ], [ -99.244158586781552, 19.360394024528102 ], [ -99.244145364580959, 19.360234837459441 ], [ -99.244145364555649, 19.360234837542777 ] ], [ [ -99.24993932092427, 19.360090520489653 ], [ -99.24944836197318, 19.360319326175578 ], [ -99.248999717339757, 19.360528410055551 ], [ -99.248999717553474, 19.360528410351243 ], [ -99.249448361973762, 19.360319326570689 ], [ -99.249939321149043, 19.3600905207803 ], [ -99.24993932092427, 19.360090520489653 ] ], [ [ -99.248392687634478, 19.361307388279084 ], [ -99.249133619758595, 19.360713675040422 ], [ -99.249133619577592, 19.360713674789977 ], [ -99.248392687633881, 19.361307387884157 ], [ -99.248032072212808, 19.360903325995025 ], [ -99.246577081731004, 19.36271866177858 ], [ -99.24654030091493, 19.362768773613585 ], [ -99.246540301084963, 19.362768773777461 ], [ -99.246577081731587, 19.362718662173332 ], [ -99.248032072213405, 19.360903326390041 ], [ -99.248392687634478, 19.361307388279084 ] ], [ [ -99.237049306191281, 19.357562590815306 ], [ -99.236882539440003, 19.357513469290616 ], [ -99.237049306191281, 19.357562590815391 ], [ -99.237342706702165, 19.357684733770682 ], [ -99.237049306191281, 19.357562590815306 ] ], [ [ -99.242090894982397, 19.361989733970155 ], [ -99.24209089487654, 19.361989734024071 ], [ -99.242099103826135, 19.362016028742847 ], [ -99.242113649482235, 19.362062621032042 ], [ -99.242120771649255, 19.362085434572535 ], [ -99.242205210465144, 19.362355906276321 ], [ -99.242302015079375, 19.362645555247461 ], [ -99.242433144440795, 19.363058531018641 ], [ -99.2424331445512, 19.363058530973436 ], [ -99.242302015078792, 19.362645554852712 ], [ -99.242205210464547, 19.362355905881483 ], [ -99.242120771648686, 19.362085434177697 ], [ -99.242113649481652, 19.362062620637204 ], [ -99.242099103825552, 19.362016028348005 ], [ -99.242090894982397, 19.361989733970155 ] ], [ [ -99.232996395321365, 19.372938940301456 ], [ -99.232613766651852, 19.373262104137552 ], [ -99.232465920638873, 19.373363628801425 ], [ -99.232613766651866, 19.373262104137552 ], [ -99.232996395321365, 19.372938940301456 ] ], [ [ -99.230206883115684, 19.37981074989754 ], [ -99.230304112633419, 19.37978815215104 ], [ -99.23020688311459, 19.379810749112568 ], [ -99.230168517927666, 19.379848901219201 ], [ -99.23011727243528, 19.379994674320631 ], [ -99.230032207266845, 19.380100928917269 ], [ -99.23011727243636, 19.379994675105518 ], [ -99.23016851792876, 19.379848902004177 ], [ -99.230206883115684, 19.37981074989754 ] ], [ [ -99.230722900667232, 19.379513407673187 ], [ -99.230609152445055, 19.37955441284247 ], [ -99.23072290066834, 19.379513408458248 ], [ -99.230808468277957, 19.379405053987529 ], [ -99.230722900667232, 19.379513407673187 ] ], [ [ -99.238915615817817, 19.384844825010205 ], [ -99.238809138924992, 19.384783919925617 ], [ -99.238915615817803, 19.384844825010205 ], [ -99.238962734021911, 19.384919895299493 ], [ -99.238915615817817, 19.384844825010205 ] ], [ [ -99.239195721275564, 19.385206030513945 ], [ -99.239128874867689, 19.385175595953388 ], [ -99.239195721275564, 19.385206030514038 ], [ -99.239284810989432, 19.385220000628738 ], [ -99.239195721275564, 19.385206030513945 ] ], [ [ -99.240321325261959, 19.385115327495711 ], [ -99.240229813027909, 19.38513657929327 ], [ -99.240321325261959, 19.385115327495797 ], [ -99.240452409939124, 19.385084631827457 ], [ -99.240321325261959, 19.385115327495711 ] ], [ [ -99.240684332755507, 19.385073298069749 ], [ -99.240560433262971, 19.385031984712338 ], [ -99.240684332755507, 19.385073298069749 ], [ -99.240731733595211, 19.38510779971925 ], [ -99.240684332755507, 19.385073298069749 ] ], [ [ -99.235067998863187, 19.39023419035793 ], [ -99.235113480807939, 19.390116121107489 ], [ -99.235067998863173, 19.39023419035793 ], [ -99.234886194759639, 19.390455637175879 ], [ -99.235067998863187, 19.39023419035793 ] ], [ [ -99.233074053884238, 19.391716111421317 ], [ -99.2333216131874, 19.391625926633633 ], [ -99.233074053884224, 19.391716111421317 ], [ -99.233065284058483, 19.391728166736755 ], [ -99.233074053884238, 19.391716111421317 ] ], [ [ -99.239148010036132, 19.382068827457253 ], [ -99.239085117460363, 19.38209062972993 ], [ -99.239148010036132, 19.382068827457253 ], [ -99.239386109022064, 19.381970375414483 ], [ -99.239148010036132, 19.382068827457253 ] ], [ [ -99.23252768314093, 19.378620099544236 ], [ -99.232538237771109, 19.378780079704978 ], [ -99.23252768314093, 19.378620099544147 ], [ -99.232416266828992, 19.378614345025451 ], [ -99.23252768314093, 19.378620099544236 ] ], [ [ -99.219969419297016, 19.36498378408691 ], [ -99.220073750225112, 19.364932136462897 ], [ -99.219969419007001, 19.3649837839965 ], [ -99.219969419297016, 19.36498378408691 ] ], [ [ -99.219870490727217, 19.36495294187068 ], [ -99.219838037170987, 19.364942824053358 ], [ -99.219838037170774, 19.364942824055149 ], [ -99.219870490727217, 19.36495294187068 ] ], [ [ -99.219884407935169, 19.364668078219239 ], [ -99.219843693120382, 19.364874743139818 ], [ -99.219884408, 19.364668078 ], [ -99.219867368531411, 19.364669578883429 ], [ -99.219884407935169, 19.364668078219239 ] ], [ [ -99.219260368129426, 19.364149882120106 ], [ -99.219260368, 19.364149882000039 ], [ -99.219231671992773, 19.364176993165678 ], [ -99.219260368129426, 19.364149882120106 ] ], [ [ -99.218733763145764, 19.36376780931506 ], [ -99.219118207268508, 19.364139891294354 ], [ -99.219144666133957, 19.364159621679541 ], [ -99.219118207, 19.364139890999979 ], [ -99.218733763232962, 19.363767809225479 ], [ -99.218733763145764, 19.36376780931506 ] ], [ [ -99.218471904940941, 19.363560120948581 ], [ -99.217928471859082, 19.363086864362785 ], [ -99.218471904711507, 19.363560121201434 ], [ -99.218471904940941, 19.363560120948581 ] ], [ [ -99.217085627301813, 19.362104658191758 ], [ -99.217039385080469, 19.362020390146611 ], [ -99.217039385042, 19.362020390174781 ], [ -99.217085627301813, 19.362104658191758 ] ], [ [ -99.217159082542565, 19.361932742334922 ], [ -99.217159083, 19.361932741999979 ], [ -99.217009869168507, 19.361497998542429 ], [ -99.217159082542565, 19.361932742334922 ] ], [ [ -99.218019488, 19.358696122000026 ], [ -99.217746640173004, 19.358691371227426 ], [ -99.218019487704296, 19.358696122435163 ], [ -99.218197924716492, 19.35876515608286 ], [ -99.218262849057268, 19.358818937302203 ], [ -99.218262849, 19.358818937000013 ], [ -99.218197925, 19.358765156000011 ], [ -99.218019488, 19.358696122000026 ] ], [ [ -99.217087403247305, 19.358828036430502 ], [ -99.217378351766882, 19.358749995905828 ], [ -99.217087403, 19.358828035999988 ], [ -99.216758865924334, 19.358936934960198 ], [ -99.217087403247305, 19.358828036430502 ] ], [ [ -99.215597084004088, 19.359111240545516 ], [ -99.215523225, 19.359129965999966 ], [ -99.21552322490389, 19.359129966073134 ], [ -99.215597084004088, 19.359111240545516 ] ], [ [ -99.215361254132162, 19.3592532641389 ], [ -99.21547798487083, 19.359164404404442 ], [ -99.215361254, 19.359253263999964 ], [ -99.215240758416968, 19.359318804488471 ], [ -99.215361254132162, 19.3592532641389 ] ], [ [ -99.215012891494325, 19.35942294707781 ], [ -99.215076999137437, 19.359398520947376 ], [ -99.215012891, 19.359422946999949 ], [ -99.214759705191284, 19.359533161472257 ], [ -99.215012891494325, 19.35942294707781 ] ], [ [ -99.214623065389503, 19.359612506571541 ], [ -99.214518719140813, 19.359677436912342 ], [ -99.214518719407366, 19.359677436823446 ], [ -99.214623065389503, 19.359612506571541 ] ], [ [ -99.214114678820593, 19.359756460611308 ], [ -99.214145924564775, 19.359762511234798 ], [ -99.214176449286853, 19.359758017329522 ], [ -99.214278070048465, 19.359743056497233 ], [ -99.214176449, 19.359758017 ], [ -99.214145925, 19.359762510999953 ], [ -99.214114678820593, 19.359756460611308 ] ], [ [ -99.214339569168899, 19.359062115707882 ], [ -99.214330160944129, 19.359077176033658 ], [ -99.214339569, 19.359062115999983 ], [ -99.214524820017658, 19.358912555068621 ], [ -99.214339569168899, 19.359062115707882 ] ], [ [ -99.214950612149778, 19.358450048016781 ], [ -99.214914442784746, 19.35853054178774 ], [ -99.21480924864899, 19.358676854766923 ], [ -99.21463357673602, 19.358823948577232 ], [ -99.214809249, 19.358676855000027 ], [ -99.214914443, 19.358530542000043 ], [ -99.214950612149778, 19.358450048016781 ] ], [ [ -99.216015853711852, 19.357705964540255 ], [ -99.215586259718847, 19.357898463949155 ], [ -99.216015854, 19.357705965 ], [ -99.216124963519306, 19.357642750999503 ], [ -99.216015853711852, 19.357705964540255 ] ], [ [ -99.216755511680006, 19.356820150149961 ], [ -99.216566743799319, 19.357085513018777 ], [ -99.216755512, 19.356820150000011 ], [ -99.216956288735716, 19.356483410724511 ], [ -99.216755511680006, 19.356820150149961 ] ], [ [ -99.217160643160454, 19.355945810895477 ], [ -99.217164568991379, 19.35588108414214 ], [ -99.217164568673027, 19.355881084476398 ], [ -99.217160643160454, 19.355945810895477 ] ], [ [ -99.217569176944551, 19.355342010932066 ], [ -99.21751349088494, 19.35543793630767 ], [ -99.217569177, 19.355342010999962 ], [ -99.217593132364996, 19.355304007458262 ], [ -99.217569176944551, 19.355342010932066 ] ], [ [ -99.217803875081202, 19.355049352627777 ], [ -99.217771272322025, 19.355071917507985 ], [ -99.217803875, 19.355049353000037 ], [ -99.217858287375549, 19.354878146912657 ], [ -99.217803875081202, 19.355049352627777 ] ], [ [ -99.217940390007684, 19.354728511101381 ], [ -99.218183472941021, 19.354437280070634 ], [ -99.21818347267147, 19.35443728022361 ], [ -99.217940390007684, 19.354728511101381 ] ], [ [ -99.217196471538955, 19.367041515896489 ], [ -99.217289407492842, 19.367154625912477 ], [ -99.217448585963439, 19.367242496564764 ], [ -99.217693685125553, 19.367150997908066 ], [ -99.217713400814148, 19.367025173315596 ], [ -99.217673493480035, 19.366918290170865 ], [ -99.217653460519998, 19.366805093205077 ], [ -99.217746070913122, 19.366672891390458 ], [ -99.217852137090816, 19.366691634165818 ], [ -99.217746071056496, 19.366672890659714 ], [ -99.217653460140255, 19.366805092453085 ], [ -99.217673493121424, 19.366918289460784 ], [ -99.217713400489615, 19.367025172672982 ], [ -99.217693684815615, 19.367150997294253 ], [ -99.2174485857131, 19.367242496069007 ], [ -99.217289407304051, 19.36715462553865 ], [ -99.217196471375388, 19.367041515572609 ], [ -99.216997369780358, 19.366834181454209 ], [ -99.216858137022001, 19.366793462077407 ], [ -99.21675872370966, 19.36679358053366 ], [ -99.216633199636419, 19.366853231292744 ], [ -99.21675872374324, 19.36679358060023 ], [ -99.216858137088309, 19.366793462208733 ], [ -99.216997369873141, 19.366834181637905 ], [ -99.217196471538955, 19.367041515896489 ] ], [ [ -99.228438668085872, 19.36021537352671 ], [ -99.228085110028289, 19.359957434599973 ], [ -99.226954385645968, 19.359132502398626 ], [ -99.22808511, 19.359957435 ], [ -99.228438667698782, 19.360215373780257 ], [ -99.228438668085872, 19.36021537352671 ] ], [ [ -99.226947248, 19.359127294999983 ], [ -99.226947248419876, 19.359127295306308 ], [ -99.22695673833006, 19.359113302507549 ], [ -99.226947248, 19.359127294999983 ] ], [ [ -99.226966135843384, 19.359063771789348 ], [ -99.226966135842545, 19.359063771763246 ], [ -99.226793137448169, 19.358831077455363 ], [ -99.226792086465494, 19.358830006999835 ], [ -99.226793137, 19.358831077 ], [ -99.226966135843384, 19.359063771789348 ] ], [ [ -99.226403481055243, 19.358436855942642 ], [ -99.226269556952175, 19.358300685550866 ], [ -99.226403481, 19.358436856 ], [ -99.226438139118301, 19.358471401605094 ], [ -99.226403481055243, 19.358436855942642 ] ], [ [ -99.22476785586943, 19.356612836446772 ], [ -99.224945159, 19.356981036 ], [ -99.225328013, 19.357356830000011 ], [ -99.225475832, 19.35750192 ], [ -99.225710869, 19.357732624 ], [ -99.226020172293644, 19.358047117124517 ], [ -99.225710869300485, 19.357732623567017 ], [ -99.225475832283763, 19.357501920092371 ], [ -99.225328013475021, 19.357356830140041 ], [ -99.224945159404015, 19.356981035875066 ], [ -99.22476785586943, 19.356612836446772 ] ], [ [ -99.222745235381822, 19.352430191181863 ], [ -99.222745235156864, 19.352430191313637 ], [ -99.222975786, 19.352891209999971 ], [ -99.223324475527519, 19.353604860068867 ], [ -99.222975786101671, 19.352891209530991 ], [ -99.222745235381822, 19.352430191181863 ] ], [ [ -99.22276847126885, 19.352173495110712 ], [ -99.222617878457797, 19.351552864427205 ], [ -99.222768471268836, 19.352173495110716 ], [ -99.22276847126885, 19.352173495110712 ] ], [ [ -99.222137817, 19.352838722999966 ], [ -99.222218807, 19.352784765 ], [ -99.222429341, 19.352615237 ], [ -99.222531493343837, 19.35255539778397 ], [ -99.222429340932777, 19.352615236845541 ], [ -99.222218806745786, 19.352784765161523 ], [ -99.222137816721116, 19.352838723013324 ], [ -99.221991976258124, 19.35289275986997 ], [ -99.221930896524256, 19.352889935765575 ], [ -99.221991976, 19.352892759999964 ], [ -99.222137817, 19.352838722999966 ] ], [ [ -99.220817081, 19.35327889600002 ], [ -99.220862268066099, 19.353250223106876 ], [ -99.220817080619554, 19.353278895524852 ], [ -99.220776986228884, 19.353321537860179 ], [ -99.220817081, 19.35327889600002 ] ], [ [ -99.220679469980084, 19.353425251006311 ], [ -99.22067947, 19.35342525099998 ], [ -99.22068105450677, 19.353423565788646 ], [ -99.220679469980084, 19.353425251006311 ] ], [ [ -99.220039031, 19.353615183000034 ], [ -99.220080320113226, 19.353605629598658 ], [ -99.220039030654277, 19.35361518302269 ], [ -99.220032715905987, 19.35361664410819 ], [ -99.220039031, 19.353615183000034 ] ], [ [ -99.219958285288342, 19.353633865599125 ], [ -99.219757918537979, 19.353736391042546 ], [ -99.219594652318534, 19.353793260782915 ], [ -99.219757919, 19.353736390999963 ], [ -99.219958285000018, 19.35363386600001 ], [ -99.219979253283455, 19.353629014102594 ], [ -99.219958285288342, 19.353633865599125 ] ], [ [ -99.218823983031513, 19.354073798506469 ], [ -99.218783934384149, 19.354096525732139 ], [ -99.218439928805424, 19.354291744998694 ], [ -99.218783934, 19.354096526000014 ], [ -99.218823983, 19.354073799000037 ], [ -99.218978622494561, 19.354013143911811 ], [ -99.218823983031513, 19.354073798506469 ] ], [ [ -99.225086399714257, 19.364481316916713 ], [ -99.22485451625505, 19.364538213885922 ], [ -99.225086399714272, 19.364481316916716 ], [ -99.225086399714257, 19.364481316916713 ] ], [ [ -99.224198603910139, 19.364689983948697 ], [ -99.224323418663417, 19.364670934214473 ], [ -99.224198603910125, 19.364689983948697 ], [ -99.224072767956386, 19.364753039360437 ], [ -99.224198603910139, 19.364689983948697 ] ], [ [ -99.223359196470952, 19.365789825115037 ], [ -99.223245875344773, 19.365886264161816 ], [ -99.223078413628883, 19.365899532764828 ], [ -99.222846927211322, 19.365889839114292 ], [ -99.222549806795101, 19.36575502528683 ], [ -99.222419467805835, 19.36556947400857 ], [ -99.222549806807478, 19.365755025311401 ], [ -99.222846927218711, 19.365889839128922 ], [ -99.22307841363245, 19.36589953277187 ], [ -99.223245875346336, 19.365886264164974 ], [ -99.223359196471421, 19.365789825115932 ], [ -99.223517320618754, 19.365678359470852 ], [ -99.223614527208625, 19.365511415816986 ], [ -99.223530111559185, 19.365393859575462 ], [ -99.223516763375628, 19.365269506906909 ], [ -99.223529821172448, 19.365124819722109 ], [ -99.223642342613218, 19.365017750687709 ], [ -99.2239006254663, 19.364879052139727 ], [ -99.223642342613203, 19.36501775068762 ], [ -99.223529821172434, 19.365124819722109 ], [ -99.223516763375599, 19.36526950690682 ], [ -99.223530111559171, 19.365393859575462 ], [ -99.223614527208611, 19.365511415816986 ], [ -99.223517320618569, 19.365678359470497 ], [ -99.223359196470952, 19.365789825115037 ] ], [ [ -99.221615582443292, 19.365944866062232 ], [ -99.221489600065013, 19.365900988957133 ], [ -99.221290774482227, 19.36590123066237 ], [ -99.22107876991511, 19.365958098090378 ], [ -99.221290774722362, 19.365901231137805 ], [ -99.221489600269393, 19.365900989361755 ], [ -99.221615582616067, 19.365944866404352 ], [ -99.221728182417337, 19.365894408903994 ], [ -99.22177443043465, 19.365787421718643 ], [ -99.221871234022089, 19.365646151642775 ], [ -99.221992797793035, 19.365535553574755 ], [ -99.22215173858001, 19.365447299001165 ], [ -99.222310772988223, 19.365428234729922 ], [ -99.222370522824349, 19.365503642366832 ], [ -99.222310772964178, 19.36542823468233 ], [ -99.222151738547012, 19.365447298935866 ], [ -99.221992797756556, 19.3655355535025 ], [ -99.221871233968415, 19.365646151536467 ], [ -99.221774430369578, 19.36578742158985 ], [ -99.221728182287194, 19.365894408646415 ], [ -99.221615582443292, 19.365944866062232 ] ], [ [ -99.22018402134978, 19.365934023258642 ], [ -99.220389643536734, 19.366059575476623 ], [ -99.220184022190566, 19.365934023407199 ], [ -99.220077955703857, 19.365915281350851 ], [ -99.22018402134978, 19.365934023258642 ] ], [ [ -99.228104029, 19.360434561999963 ], [ -99.227517919573899, 19.360819890176085 ], [ -99.228104029235354, 19.360434562391433 ], [ -99.228293697870441, 19.360310329345982 ], [ -99.228104029, 19.360434561999963 ] ], [ [ -99.224185438, 19.362307711 ], [ -99.224060382, 19.362406798000016 ], [ -99.223983042, 19.362508008000038 ], [ -99.223940378988559, 19.362646658949995 ], [ -99.223983042435364, 19.362508007924408 ], [ -99.224060382092063, 19.362406798160681 ], [ -99.224185438314407, 19.362307711099398 ], [ -99.224226770495193, 19.362285461937876 ], [ -99.224185438, 19.362307711 ] ], [ [ -99.223683386, 19.363265839999965 ], [ -99.223541941807866, 19.36343802668485 ], [ -99.223683386302326, 19.363265840148536 ], [ -99.22378241670215, 19.363094669689083 ], [ -99.223683386, 19.363265839999965 ] ], [ [ -99.223511457555247, 19.363475136430065 ], [ -99.223511457612389, 19.363475136360488 ], [ -99.223307963, 19.363664407999959 ], [ -99.223178507792056, 19.363757874415946 ], [ -99.223307963404579, 19.363664408341794 ], [ -99.223511457555247, 19.363475136430065 ] ], [ [ -99.223172632622052, 19.363762116244136 ], [ -99.223172632891334, 19.363762116049724 ], [ -99.223015347, 19.363834038 ], [ -99.22295840413652, 19.363853751395304 ], [ -99.223015346707129, 19.363834038227377 ], [ -99.223172632622052, 19.363762116244136 ] ], [ [ -99.221907252501623, 19.364208428147656 ], [ -99.222044579948673, 19.364159621084124 ], [ -99.222301457380624, 19.364070234085407 ], [ -99.222430661259892, 19.364028773908238 ], [ -99.222301457, 19.364070234000017 ], [ -99.22204458, 19.364159621000013 ], [ -99.221907252501623, 19.364208428147656 ] ], [ [ -99.220688553644152, 19.364684615137776 ], [ -99.220679141240225, 19.364688259219957 ], [ -99.220688553517007, 19.364684615244773 ], [ -99.220688553644152, 19.364684615137776 ] ], [ [ -99.220161809, 19.364888544000024 ], [ -99.220108081118454, 19.364915141395311 ], [ -99.22016180905122, 19.364888544052565 ], [ -99.220246359490147, 19.364855811261631 ], [ -99.220161809, 19.364888544000024 ] ], [ [ -99.225810761814884, 19.378541029388042 ], [ -99.225893512445481, 19.378468591215171 ], [ -99.225936486202869, 19.378389912358418 ], [ -99.225893512445467, 19.378468591215171 ], [ -99.225810761814884, 19.378541029388042 ] ], [ [ -99.227147231371561, 19.379812751560024 ], [ -99.227147231371546, 19.379812751560031 ], [ -99.227382944927072, 19.380542264631664 ], [ -99.227147231371561, 19.379812751560024 ] ], [ [ -99.229212082997833, 19.380185157520003 ], [ -99.22926055429545, 19.380391709864469 ], [ -99.229212083190916, 19.380185157562632 ], [ -99.229212082997833, 19.380185157520003 ] ], [ [ -99.227558533221639, 19.378409456974332 ], [ -99.227422589924672, 19.378344119549926 ], [ -99.227558533222194, 19.378409457366999 ], [ -99.227652635847747, 19.378486694585842 ], [ -99.227558533221639, 19.378409456974332 ] ], [ [ -99.227343977199936, 19.378316341744675 ], [ -99.227219473773644, 19.378292454708053 ], [ -99.227343977200476, 19.378316342137339 ], [ -99.227422589924672, 19.378344119549926 ], [ -99.227343977199936, 19.378316341744675 ] ], [ [ -99.224689180698377, 19.380221320775103 ], [ -99.22464031486011, 19.380308544063105 ], [ -99.224689180698391, 19.380221320775103 ], [ -99.224701331410813, 19.380151575409563 ], [ -99.224689180698377, 19.380221320775103 ] ], [ [ -99.222410777737522, 19.383653072352566 ], [ -99.222056980418657, 19.383616643520057 ], [ -99.222056980418657, 19.383616643520057 ], [ -99.222410777737522, 19.383653072352566 ] ], [ [ -99.214118843687146, 19.356789000194059 ], [ -99.214148367508059, 19.356785329006993 ], [ -99.214148367508059, 19.356785329006993 ], [ -99.214118843687146, 19.356789000194059 ] ], [ [ -99.212843510681296, 19.356967226996794 ], [ -99.212230714156092, 19.357048827388375 ], [ -99.212843510681296, 19.356967226996794 ], [ -99.21336173658247, 19.356907943917864 ], [ -99.212843510681296, 19.356967226996794 ] ], [ [ -99.218502775463406, 19.341725585150304 ], [ -99.218427795529408, 19.34148779304299 ], [ -99.218427795529379, 19.341487793043001 ], [ -99.218502775463406, 19.341725585150304 ] ], [ [ -99.213322658735947, 19.359699930329853 ], [ -99.213289615640235, 19.359714351312917 ], [ -99.213127088977899, 19.359735461273207 ], [ -99.213289615640235, 19.359714351313009 ], [ -99.213322658735947, 19.359699930329853 ] ], [ [ -99.201513428848813, 19.382980201677281 ], [ -99.201659319381193, 19.382996727722695 ], [ -99.201804526339032, 19.382953044159745 ], [ -99.201659319195684, 19.382996727355348 ], [ -99.201513428848813, 19.382980201677281 ] ], [ [ -99.20405180331646, 19.362856626323698 ], [ -99.204014084314409, 19.362864493507185 ], [ -99.203319045206769, 19.363002046384103 ], [ -99.204014084314409, 19.362864493507185 ], [ -99.20405180331646, 19.362856626323698 ] ], [ [ -99.210405374994878, 19.388537323283426 ], [ -99.210925817893695, 19.389251113430863 ], [ -99.210405374982315, 19.388537323258586 ], [ -99.210383848100463, 19.388507798858925 ], [ -99.210405374994878, 19.388537323283426 ] ], [ [ -99.197489540294924, 19.356282689501352 ], [ -99.198478290797752, 19.355859626081621 ], [ -99.197489540294924, 19.356282689501352 ], [ -99.197439663330371, 19.356304030498393 ], [ -99.197489540294924, 19.356282689501352 ] ], [ [ -99.196797921310306, 19.387049671877179 ], [ -99.196835237721032, 19.386996259249599 ], [ -99.196797921, 19.387049671999968 ], [ -99.196705545, 19.387142413999982 ], [ -99.196545153, 19.387291751000028 ], [ -99.196300654, 19.387503231000018 ], [ -99.196110622996585, 19.387683617978745 ], [ -99.196300654233028, 19.387503231360355 ], [ -99.19654515310134, 19.387291751134761 ], [ -99.196705544846239, 19.38714241448907 ], [ -99.196797921310306, 19.387049671877179 ] ], [ [ -99.196966044, 19.386862856999986 ], [ -99.196932665898032, 19.38688525163569 ], [ -99.196966043966285, 19.386862857368467 ], [ -99.196973747344956, 19.386833668359778 ], [ -99.196966044, 19.386862856999986 ] ], [ [ -99.197559098, 19.386223714999971 ], [ -99.19734904552638, 19.386418508350253 ], [ -99.19755909845216, 19.386223714782584 ], [ -99.197584040071817, 19.386201686305917 ], [ -99.197559098, 19.386223714999971 ] ], [ [ -99.199121682177875, 19.383673068731497 ], [ -99.199269027765922, 19.383179512598776 ], [ -99.199121682, 19.383673069000011 ], [ -99.199084381, 19.383837700999955 ], [ -99.199089231, 19.383971147999965 ], [ -99.199070291021599, 19.38405416978506 ], [ -99.199089231187472, 19.383971148142901 ], [ -99.199084381408895, 19.383837700961287 ], [ -99.199121682177875, 19.383673068731497 ] ], [ [ -99.19990365892275, 19.38161266727499 ], [ -99.199649556, 19.382517317000044 ], [ -99.199448482, 19.382578400000028 ], [ -99.199448481936187, 19.382578400213802 ], [ -99.199649556098322, 19.382517317403625 ], [ -99.199903659445084, 19.381612667170735 ], [ -99.19990365892275, 19.38161266727499 ] ], [ [ -99.199461423, 19.381225365999953 ], [ -99.199548440818788, 19.381256153960276 ], [ -99.199461423297649, 19.381225365912687 ], [ -99.19938387710053, 19.38089010052397 ], [ -99.199461423, 19.381225365999953 ] ], [ [ -99.199168083995303, 19.37915762344991 ], [ -99.19874967141422, 19.378137556873881 ], [ -99.1987496710572, 19.378137557139429 ], [ -99.199168083995303, 19.37915762344991 ] ], [ [ -99.198516936, 19.378310662 ], [ -99.198646451612362, 19.378214330201878 ], [ -99.198516935650758, 19.378310662031371 ], [ -99.198479268098012, 19.378326201114355 ], [ -99.198516936, 19.378310662 ] ], [ [ -99.197676915, 19.378493670999976 ], [ -99.198008360050196, 19.378433540856896 ], [ -99.197676914778825, 19.378493670803021 ], [ -99.196881982033403, 19.378814125568908 ], [ -99.197676915, 19.378493670999976 ] ], [ [ -99.196022392553658, 19.379462053793731 ], [ -99.19572604725775, 19.379757508659431 ], [ -99.195656168580911, 19.379827177145955 ], [ -99.195382737647094, 19.380213161584411 ], [ -99.19535423019812, 19.380240663655755 ], [ -99.195382738, 19.380213162000022 ], [ -99.195656169, 19.379827177 ], [ -99.195726047, 19.379757508999958 ], [ -99.196022393, 19.379462054000026 ], [ -99.196086125, 19.379410453999963 ], [ -99.196763826895392, 19.378861756084721 ], [ -99.196763826777371, 19.378861756132306 ], [ -99.196086124767703, 19.379410453689786 ], [ -99.196022392553658, 19.379462053793731 ] ], [ [ -99.195282208115131, 19.370279955043205 ], [ -99.195219724666316, 19.37047349530587 ], [ -99.195282208115145, 19.370279955043205 ], [ -99.195294008544991, 19.370174610777298 ], [ -99.195282208115131, 19.370279955043205 ] ], [ [ -99.200660958643184, 19.368508185568384 ], [ -99.201037177551058, 19.36832047723389 ], [ -99.20110234977443, 19.368287960485382 ], [ -99.201037177451298, 19.368320477036086 ], [ -99.200660958643184, 19.368508185568384 ] ], [ [ -99.199278616920481, 19.367744107598611 ], [ -99.199161929477015, 19.368683584982541 ], [ -99.199278616920495, 19.367744107598611 ], [ -99.198948679336624, 19.36772955815443 ], [ -99.199278616920481, 19.367744107598611 ] ], [ [ -99.201921522743248, 19.383196571354745 ], [ -99.202072950433973, 19.38348804992382 ], [ -99.201921522743248, 19.383196571354741 ], [ -99.201921522743248, 19.383196571354745 ] ], [ [ -99.195142262986678, 19.388052670238551 ], [ -99.195477183572919, 19.388087865972597 ], [ -99.195467752924912, 19.388151428164768 ], [ -99.195486187542514, 19.38816952849335 ], [ -99.195467753, 19.388151428000025 ], [ -99.195477184, 19.388087865999974 ], [ -99.195142263, 19.388052669999961 ], [ -99.194813421124735, 19.388018112682623 ], [ -99.195142262986678, 19.388052670238551 ] ], [ [ -99.19450545, 19.388552237999985 ], [ -99.1944837233534, 19.388578539446993 ], [ -99.194505450418916, 19.388552237649343 ], [ -99.194525419865528, 19.388246256275732 ], [ -99.19450545, 19.388552237999985 ] ], [ [ -99.193420597830169, 19.388515662986698 ], [ -99.192149836000013, 19.388382415999967 ], [ -99.191092198347818, 19.388292299029615 ], [ -99.191092198312631, 19.388292299294537 ], [ -99.192149835854607, 19.388382416121399 ], [ -99.193420597830169, 19.388515662986698 ] ], [ [ -99.191325156678502, 19.386538390033277 ], [ -99.191298476319147, 19.386739264401157 ], [ -99.191325157, 19.386538389999956 ], [ -99.191484599, 19.385864126000033 ], [ -99.191590507466003, 19.385445681721809 ], [ -99.19148459886199, 19.38586412575717 ], [ -99.191325156678502, 19.386538390033277 ] ], [ [ -99.191701632501292, 19.384936036907785 ], [ -99.191697766964438, 19.384953294592538 ], [ -99.191701633, 19.384936036999978 ], [ -99.191706932, 19.38491237800001 ], [ -99.191710802309245, 19.384895098296404 ], [ -99.191706931822367, 19.384912378089211 ], [ -99.191701632501292, 19.384936036907785 ] ], [ [ -99.191705152700223, 19.378048376133592 ], [ -99.191758454565417, 19.378067433895975 ], [ -99.191794162557599, 19.378080201063284 ], [ -99.191758454565431, 19.378067433895975 ], [ -99.191705152700223, 19.378048376133592 ] ], [ [ -99.19507386, 19.380511145999982 ], [ -99.195230865200244, 19.380359677758864 ], [ -99.195073859702759, 19.380511145541664 ], [ -99.19500606900705, 19.380548003658316 ], [ -99.19507386, 19.380511145999982 ] ], [ [ -99.194519779, 19.381022693 ], [ -99.194897175860959, 19.380645484557022 ], [ -99.194519778881357, 19.381022692695392 ], [ -99.194247083284949, 19.381295250273034 ], [ -99.194519779, 19.381022693 ] ], [ [ -99.193453239943608, 19.381332793049619 ], [ -99.194058405225945, 19.381483831774137 ], [ -99.194058405225945, 19.381483831774137 ], [ -99.193453239943608, 19.381332793049619 ] ], [ [ -99.191751003, 19.38473008 ], [ -99.191752448526898, 19.384724235450655 ], [ -99.191751002808715, 19.384730080285866 ], [ -99.191739356999136, 19.384777162639828 ], [ -99.191751003, 19.38473008 ] ], [ [ -99.191816389, 19.384453672000017 ], [ -99.191855741477681, 19.384337325715233 ], [ -99.191816388663668, 19.384453671925812 ], [ -99.191786849770168, 19.384579065308007 ], [ -99.191816389, 19.384453672000017 ] ], [ [ -99.192677104764968, 19.382921602787452 ], [ -99.192175264515967, 19.383733908124366 ], [ -99.192093430598632, 19.383888060654577 ], [ -99.191857164098934, 19.384333119746135 ], [ -99.191857164036008, 19.38433311993219 ], [ -99.192093431, 19.383888061000015 ], [ -99.192175265, 19.383733907999957 ], [ -99.192677105, 19.382921603000035 ], [ -99.1927201, 19.382896221000028 ], [ -99.192877701, 19.382754401000039 ], [ -99.192961185307539, 19.382658587570671 ], [ -99.192877700942034, 19.38275440085469 ], [ -99.192720100225714, 19.382896220526963 ], [ -99.192677104764968, 19.382921602787452 ] ], [ [ -99.189421339046476, 19.396314203138441 ], [ -99.189482123054447, 19.396277437926123 ], [ -99.18950471993243, 19.396263770193155 ], [ -99.189482123054447, 19.396277437926123 ], [ -99.189421339046476, 19.396314203138441 ] ] ] ] } },
{ "type": "Feature", "properties": { "id": 2044.0, "entidad": 9, "distrito_f": 8, "distrito_l": 26, "municipio": 3, "seccion": 407, "tipo": 2, "control": 35284.0, "SECCION_TX": "0407", "SECCION__1": null, "SECCION__2": null, "SECCION_N": "407", "ESTATUS": "COMPLETA", "ALCALDIA_N": "COYOACAN" }, "geometry": { "type": "MultiPolygon", "coordinates": [ [ [ [ -99.176737806083992, 19.303252267925984 ], [ -99.177161519991458, 19.303306436716515 ], [ -99.179257667631177, 19.303428614619964 ], [ -99.179337307980433, 19.303427368811462 ], [ -99.180104806851048, 19.303415510757002 ], [ -99.180276929318651, 19.303412667755438 ], [ -99.181390328622555, 19.303341698632543 ], [ -99.182191105427862, 19.303289810932014 ], [ -99.183332645427441, 19.303157843921152 ], [ -99.184390475073343, 19.303037723817539 ], [ -99.185976604649269, 19.302870011426229 ], [ -99.190651914711452, 19.302356275712256 ], [ -99.192921989966834, 19.302100823217462 ], [ -99.193732590799996, 19.3020265473161 ], [ -99.194368978780176, 19.302005688721447 ], [ -99.195272824910745, 19.302083629157455 ], [ -99.195949917176037, 19.302182555870679 ], [ -99.196590364464313, 19.3023562586597 ], [ -99.197160637006306, 19.302535781449478 ], [ -99.197767318916249, 19.302837198498402 ], [ -99.198509130673784, 19.30320574767731 ], [ -99.19942626394085, 19.303769198737097 ], [ -99.199540659434092, 19.30383702832529 ], [ -99.200664449699076, 19.304380378087146 ], [ -99.200951551392706, 19.304506400201067 ], [ -99.201307038130807, 19.304644817115371 ], [ -99.20197132590414, 19.304871630769568 ], [ -99.202741047860385, 19.305091640290239 ], [ -99.203877978731867, 19.305343527668789 ], [ -99.204856175984162, 19.30551327206198 ], [ -99.204853120708577, 19.30558354981277 ], [ -99.204851153234699, 19.305711443217593 ], [ -99.204854480549059, 19.305779721752412 ], [ -99.205119862583288, 19.305979419342325 ], [ -99.205121036521675, 19.306215461856024 ], [ -99.205383259310636, 19.306415078232327 ], [ -99.202753925863277, 19.308917311214948 ], [ -99.20190784424048, 19.309765760314729 ], [ -99.200898706519553, 19.31074306933316 ], [ -99.201739948629466, 19.311077159812811 ], [ -99.201543063635739, 19.311390446537882 ], [ -99.19770279543846, 19.317491954638069 ], [ -99.195178822616455, 19.321504342939598 ], [ -99.194825315447943, 19.322431060049116 ], [ -99.194935602451253, 19.323091283079883 ], [ -99.194747645569564, 19.329974219160462 ], [ -99.194774562719132, 19.330137564079543 ], [ -99.194916962227623, 19.330386601124999 ], [ -99.197611111111144, 19.332900000029284 ], [ -99.197828454238746, 19.333522268772139 ], [ -99.198048377343326, 19.333475485407043 ], [ -99.198201433237983, 19.33344071615257 ], [ -99.198429310622828, 19.333415600866218 ], [ -99.19866541494423, 19.333389578547767 ], [ -99.200026564842176, 19.333239552828402 ], [ -99.199448924907244, 19.33401005378763 ], [ -99.198723876098668, 19.335041621546189 ], [ -99.198027408265588, 19.335516786772494 ], [ -99.197724993581701, 19.33557953704339 ], [ -99.197422578662056, 19.335642286814306 ], [ -99.196090792047144, 19.335937278732757 ], [ -99.1959499707242, 19.335968470150952 ], [ -99.194608752100208, 19.33629313638076 ], [ -99.194520720895341, 19.336314445536832 ], [ -99.193359806812609, 19.336595456165313 ], [ -99.193236210293406, 19.33661104290006 ], [ -99.193158260376094, 19.33662087310552 ], [ -99.19308178473247, 19.336632055426438 ], [ -99.191890938199748, 19.336806177489194 ], [ -99.191216393384792, 19.336847802879234 ], [ -99.191124287579157, 19.336847501813686 ], [ -99.190388855185219, 19.337772117444178 ], [ -99.190427682605929, 19.338736606973175 ], [ -99.190351059636257, 19.338842117218498 ], [ -99.190270071867076, 19.338953637634173 ], [ -99.189970697699763, 19.339155451872237 ], [ -99.189533502550603, 19.339686589699294 ], [ -99.189471450780175, 19.339810346007447 ], [ -99.188737360931469, 19.340236543737653 ], [ -99.188567928002698, 19.340356801838553 ], [ -99.187799269072045, 19.341020834293538 ], [ -99.187779851490731, 19.341036457457118 ], [ -99.187760433905723, 19.341052080618539 ], [ -99.187685781599626, 19.34108198827041 ], [ -99.186882369921193, 19.341403853223444 ], [ -99.18681290969603, 19.341859208509273 ], [ -99.186649124509998, 19.341949887530184 ], [ -99.186448239279201, 19.342061106506595 ], [ -99.186412840130018, 19.342213086726037 ], [ -99.186402022686224, 19.342259529522149 ], [ -99.186118261385332, 19.34251208971483 ], [ -99.18531026624126, 19.343166807034429 ], [ -99.184716287702699, 19.343576190824571 ], [ -99.184442138164272, 19.343735146799382 ], [ -99.184118574672411, 19.34382896846844 ], [ -99.183767884437842, 19.344286729233861 ], [ -99.183667931855325, 19.3444171981177 ], [ -99.183469152430234, 19.344921644883364 ], [ -99.183441103687215, 19.345023924826283 ], [ -99.183379019636234, 19.345250314299577 ], [ -99.183214228922935, 19.345851220482285 ], [ -99.183123663644352, 19.346181463117372 ], [ -99.182961097519438, 19.346433945145332 ], [ -99.182397107024798, 19.34679051951041 ], [ -99.181824472511693, 19.347323588693413 ], [ -99.181612815601426, 19.347257102728619 ], [ -99.180871971214245, 19.347000472527085 ], [ -99.180830592080639, 19.347144360934074 ], [ -99.180731155942695, 19.347213249756248 ], [ -99.180613420696062, 19.347230361513983 ], [ -99.180144759244371, 19.349294712186946 ], [ -99.180141843239241, 19.349340466402534 ], [ -99.180134979352658, 19.349448165619457 ], [ -99.180112108047808, 19.349508176942585 ], [ -99.180014634818136, 19.349649589590971 ], [ -99.179980341903146, 19.349687903615148 ], [ -99.179834213330622, 19.349872061018175 ], [ -99.179609222922096, 19.350079130880491 ], [ -99.178319599117955, 19.351156609682089 ], [ -99.177722919054048, 19.351675953484424 ], [ -99.17760137800316, 19.351777808023634 ], [ -99.177528404576179, 19.351892271221775 ], [ -99.177480989155896, 19.351966645051959 ], [ -99.177415873807988, 19.352068782112728 ], [ -99.177303342798794, 19.352245292932682 ], [ -99.177237472789642, 19.352361287881678 ], [ -99.177171226198055, 19.352477945790955 ], [ -99.177104979512819, 19.352594603675303 ], [ -99.176064713881615, 19.353431805454552 ], [ -99.175585349673256, 19.353872608256051 ], [ -99.175481041146966, 19.353982734076535 ], [ -99.175255797468211, 19.354257516985157 ], [ -99.174983308633884, 19.354643497744426 ], [ -99.174216603173434, 19.355476563024858 ], [ -99.173584799359176, 19.356148294440523 ], [ -99.173018893378284, 19.356779497106345 ], [ -99.172763727654456, 19.357194013125241 ], [ -99.172450567117735, 19.357934376770622 ], [ -99.171854293503628, 19.359449264977084 ], [ -99.171802919858152, 19.359601083001532 ], [ -99.171663334064945, 19.359524655986434 ], [ -99.171031058229232, 19.359127124595531 ], [ -99.170579079672152, 19.35888660946615 ], [ -99.170464691935265, 19.358830359553529 ], [ -99.170295817961545, 19.358756224503122 ], [ -99.170084967272757, 19.358692818495353 ], [ -99.169641388851673, 19.35861806498221 ], [ -99.169303869555065, 19.358598719938694 ], [ -99.168815073477433, 19.358576046449105 ], [ -99.168472875012, 19.358560172309847 ], [ -99.167571457492841, 19.358504549521022 ], [ -99.167272666839068, 19.358486111378195 ], [ -99.16346975593224, 19.358278932211292 ], [ -99.161859226070021, 19.358195211809818 ], [ -99.157142475782521, 19.357925019416406 ], [ -99.156697246124693, 19.357899508703948 ], [ -99.153208300948279, 19.357709413242787 ], [ -99.152993783856331, 19.357698620081447 ], [ -99.149643657299066, 19.357501947461206 ], [ -99.146266779885764, 19.357365495242579 ], [ -99.144017627510365, 19.35726636769699 ], [ -99.143850438793365, 19.357258331373046 ], [ -99.144090282614144, 19.356310194129463 ], [ -99.144000588498358, 19.356356458541679 ], [ -99.143096954313606, 19.356822551020009 ], [ -99.140213390510141, 19.35664350522767 ], [ -99.135821171775092, 19.356355594549878 ], [ -99.134603716607344, 19.356253595629898 ], [ -99.134397186787851, 19.356236291651861 ], [ -99.134211203226158, 19.356229103397194 ], [ -99.133695374144125, 19.356290498195637 ], [ -99.133505715482016, 19.356348255374456 ], [ -99.133140969271778, 19.356459331688637 ], [ -99.132964426177693, 19.356545481040129 ], [ -99.132579254404831, 19.356733435931705 ], [ -99.132480376273534, 19.356795210876811 ], [ -99.132061940712404, 19.357056630906573 ], [ -99.131666709411348, 19.357485003303093 ], [ -99.131466685597218, 19.357800987451991 ], [ -99.131190889304335, 19.358286875581481 ], [ -99.131096594701617, 19.358455855918429 ], [ -99.131002350715988, 19.358624846616596 ], [ -99.130871871308372, 19.358611166360085 ], [ -99.130317661262112, 19.358550611512591 ], [ -99.130256191402722, 19.358543895002921 ], [ -99.13010611853278, 19.358577476385129 ], [ -99.129980453431997, 19.358513706881254 ], [ -99.129838641463834, 19.35849694191338 ], [ -99.129543871912034, 19.358462093981519 ], [ -99.129370307498206, 19.358441574804033 ], [ -99.129129229455543, 19.358413010688487 ], [ -99.128888269327575, 19.35838458626603 ], [ -99.128713320890469, 19.358363884261664 ], [ -99.128405768161002, 19.358327434607592 ], [ -99.128302153797762, 19.358315161443997 ], [ -99.127886880366674, 19.358267821834197 ], [ -99.127616409914921, 19.35823393326767 ], [ -99.127550937539965, 19.358227444472885 ], [ -99.127111355236707, 19.358174904680958 ], [ -99.126735887764823, 19.35813407387548 ], [ -99.126576325017609, 19.358116228310688 ], [ -99.1263006942701, 19.358087354726994 ], [ -99.1260760939156, 19.358063826494575 ], [ -99.125872402322685, 19.358038624597743 ], [ -99.125698979121552, 19.35801696376565 ], [ -99.125085853209441, 19.357940596971243 ], [ -99.124673533603726, 19.357888892510115 ], [ -99.124589075525222, 19.357878380686696 ], [ -99.123787884044305, 19.35779349202976 ], [ -99.122966822118244, 19.35770885915014 ], [ -99.122399309392449, 19.357653462806599 ], [ -99.121970183001991, 19.357619717854398 ], [ -99.121920637379986, 19.356840888391975 ], [ -99.121737691432529, 19.355227175250153 ], [ -99.12170042456701, 19.354959417925016 ], [ -99.12162896549232, 19.354445991717888 ], [ -99.121475767844188, 19.353928017507336 ], [ -99.1213044302594, 19.353321909972657 ], [ -99.121129002656659, 19.352701329079139 ], [ -99.12096477900748, 19.352284955188253 ], [ -99.120719694898384, 19.351669429898809 ], [ -99.120484925466712, 19.351048001688039 ], [ -99.12039401911656, 19.350942933511899 ], [ -99.120303112882908, 19.350837865288558 ], [ -99.120128365510794, 19.350510181124694 ], [ -99.119601871151048, 19.349716030585814 ], [ -99.118146392077549, 19.347455658968471 ], [ -99.117446187748641, 19.346266066893989 ], [ -99.11730631632409, 19.346028940499369 ], [ -99.116977398974583, 19.345471318182845 ], [ -99.11688099292158, 19.345318246745865 ], [ -99.116649323128115, 19.344886298117466 ], [ -99.116321211783799, 19.344247858835796 ], [ -99.116020765434484, 19.343820701551032 ], [ -99.115752931524227, 19.343528850166589 ], [ -99.115496917901154, 19.342975486699252 ], [ -99.115271765310752, 19.342475154941454 ], [ -99.114392688611474, 19.340521647454658 ], [ -99.114375389822072, 19.340392583576982 ], [ -99.114275094088256, 19.339644286812597 ], [ -99.114279466010387, 19.339084584468928 ], [ -99.114255101179211, 19.339038859662178 ], [ -99.114238112481246, 19.339006977424063 ], [ -99.114208443501823, 19.338951298404577 ], [ -99.114178818919655, 19.338895702661194 ], [ -99.114034517381668, 19.338125226465838 ], [ -99.113822880959972, 19.337299319699493 ], [ -99.113579629644605, 19.336749345972073 ], [ -99.113496739540992, 19.336607934241364 ], [ -99.113128327140572, 19.336033206985888 ], [ -99.113045603979259, 19.335861307953323 ], [ -99.112898287207329, 19.335715097086208 ], [ -99.112595168204834, 19.335024305813644 ], [ -99.112314547658272, 19.33453752749309 ], [ -99.112093176869593, 19.334236681440295 ], [ -99.112015474096182, 19.334131081936359 ], [ -99.111520700397207, 19.3336795746105 ], [ -99.111025476538927, 19.33333203942912 ], [ -99.110717815730808, 19.333169539576389 ], [ -99.110372627980226, 19.332952356028756 ], [ -99.110224462421201, 19.332816902448862 ], [ -99.110055066280594, 19.332565998819842 ], [ -99.109938443398434, 19.332149399269252 ], [ -99.109816559614998, 19.331772963749007 ], [ -99.109673569988317, 19.331466822504538 ], [ -99.109128361691774, 19.330699071240492 ], [ -99.108366074069806, 19.329529837712901 ], [ -99.107587916194106, 19.328335509556656 ], [ -99.107412492299176, 19.328186393187003 ], [ -99.107127584812602, 19.327944211038652 ], [ -99.107000420208038, 19.327789646271917 ], [ -99.106777647340337, 19.327573393356666 ], [ -99.106407892986809, 19.3271815737784 ], [ -99.105926327559501, 19.326654741220132 ], [ -99.105393544080357, 19.326043950810732 ], [ -99.104896680521932, 19.325526142697043 ], [ -99.104280602257404, 19.324918726857803 ], [ -99.103836241443133, 19.324667974165333 ], [ -99.10258251979181, 19.323965866150605 ], [ -99.102004582273821, 19.323619963712428 ], [ -99.101635600638488, 19.323399122110626 ], [ -99.101402636750706, 19.323243203658308 ], [ -99.101095994844997, 19.323037972950718 ], [ -99.100908499411702, 19.322901536726285 ], [ -99.100868509696113, 19.322872438537605 ], [ -99.100702968558124, 19.322717036454332 ], [ -99.100462907926484, 19.322491679431707 ], [ -99.100274649112862, 19.322304958443052 ], [ -99.099902452399945, 19.321935800246635 ], [ -99.099531142526146, 19.321489597364639 ], [ -99.09925173089141, 19.321153826431182 ], [ -99.099193718102939, 19.321037731013394 ], [ -99.099135705396691, 19.320921635575214 ], [ -99.099096712022558, 19.32075089979206 ], [ -99.09903252204461, 19.320469400426305 ], [ -99.099254996986929, 19.317962131753816 ], [ -99.099360397343972, 19.316776296578482 ], [ -99.09940151349717, 19.316310865326656 ], [ -99.099531169931581, 19.314849587643764 ], [ -99.099637141953593, 19.313655223375058 ], [ -99.099803369679393, 19.311781709047281 ], [ -99.099838786082799, 19.311382533510297 ], [ -99.099886214709414, 19.310847966150007 ], [ -99.099971039702496, 19.30988797139555 ], [ -99.10025312968645, 19.306715357108018 ], [ -99.100276073746642, 19.306457304176611 ], [ -99.100454010523549, 19.304623484558963 ], [ -99.100897024595952, 19.300015493754334 ], [ -99.103881544626972, 19.299848072994561 ], [ -99.104982760184853, 19.299694907837956 ], [ -99.106153102265694, 19.299626558943814 ], [ -99.106431232206901, 19.29961030500623 ], [ -99.107040642580174, 19.299574689519758 ], [ -99.10738054226789, 19.299557048499913 ], [ -99.108190135615018, 19.299518323939644 ], [ -99.108484985120157, 19.299510499933994 ], [ -99.108871231927424, 19.299500249925568 ], [ -99.109372406019745, 19.299547128878725 ], [ -99.109465075526458, 19.299612278415601 ], [ -99.110324805374688, 19.299812840710803 ], [ -99.111473150356318, 19.300055372884074 ], [ -99.112435852023722, 19.30029431205557 ], [ -99.113547086908227, 19.300581231708133 ], [ -99.113622143452375, 19.300597475464087 ], [ -99.113669579572488, 19.300606323312397 ], [ -99.113717955715273, 19.300615346481266 ], [ -99.114234813470162, 19.300718931373115 ], [ -99.115689997179373, 19.301058143855172 ], [ -99.115828826502181, 19.301090505163533 ], [ -99.115870348309556, 19.301100183931609 ], [ -99.116296252738181, 19.301199461998252 ], [ -99.116821596779118, 19.301321917841783 ], [ -99.117535503375862, 19.301469185940437 ], [ -99.117626564316524, 19.301496714491805 ], [ -99.117845826186894, 19.301562999126293 ], [ -99.119375594212102, 19.302025451516428 ], [ -99.119907685579491, 19.302186467775538 ], [ -99.120988747934518, 19.302513602473635 ], [ -99.121730506798585, 19.302738057824545 ], [ -99.12181442872533, 19.302759610111679 ], [ -99.12188779547202, 19.302785652722793 ], [ -99.122864785809256, 19.303171728485822 ], [ -99.124517658906171, 19.303824468589607 ], [ -99.124606384277556, 19.303859318409863 ], [ -99.124695109686314, 19.303894168186648 ], [ -99.125509479554438, 19.304214035601859 ], [ -99.126055202921478, 19.304428381561355 ], [ -99.127114160407871, 19.30486685628242 ], [ -99.127418718257346, 19.304992960728832 ], [ -99.127890104264111, 19.305188140226964 ], [ -99.128411354726268, 19.30536444998922 ], [ -99.129072311560506, 19.305709883592204 ], [ -99.129295203424846, 19.305804841899956 ], [ -99.129553910791387, 19.305922818101664 ], [ -99.130062523492995, 19.306146885191101 ], [ -99.13054811573933, 19.306360508524435 ], [ -99.131046592052797, 19.306573665000656 ], [ -99.13116457050188, 19.306624114198573 ], [ -99.131963093035495, 19.30698173135626 ], [ -99.132256311348542, 19.307106211359407 ], [ -99.132513318753041, 19.307215318196597 ], [ -99.132817214808185, 19.307354241280095 ], [ -99.134810939651516, 19.308251446405308 ], [ -99.135198655497859, 19.307759399400428 ], [ -99.135483110895152, 19.307386376741235 ], [ -99.135956232557689, 19.306802617246003 ], [ -99.136461582283616, 19.306256013057272 ], [ -99.137051404799209, 19.305664653618788 ], [ -99.137931027115499, 19.304687580528007 ], [ -99.138140979979795, 19.304454365256053 ], [ -99.138268222946792, 19.304290912656406 ], [ -99.138444405013942, 19.304122663783954 ], [ -99.138710598293457, 19.303851441370043 ], [ -99.13902757455952, 19.303484056699091 ], [ -99.139399042903506, 19.303069560181928 ], [ -99.139647146183265, 19.302779544034994 ], [ -99.140133784692182, 19.3022310435572 ], [ -99.140522705625187, 19.30180425861198 ], [ -99.14065846625563, 19.301663412532577 ], [ -99.140904367190899, 19.301379921372348 ], [ -99.141256710863715, 19.301056686017773 ], [ -99.14178045758733, 19.300493355406921 ], [ -99.142062927473077, 19.300186014443774 ], [ -99.142345402207113, 19.299885497955596 ], [ -99.142551965130835, 19.29964302994355 ], [ -99.143721186380532, 19.300062354450333 ], [ -99.144548399195557, 19.300383910917933 ], [ -99.144625772812233, 19.300413135188766 ], [ -99.145146174754629, 19.30060969159619 ], [ -99.145596182971047, 19.300731530937345 ], [ -99.146065499851105, 19.30082172940099 ], [ -99.146292072207231, 19.30086527409242 ], [ -99.146903877810971, 19.301020860542842 ], [ -99.147114212915739, 19.301104174596595 ], [ -99.147225413560534, 19.301165733187901 ], [ -99.147440351300276, 19.301284718364393 ], [ -99.147789682542566, 19.300870773183661 ], [ -99.150032298443719, 19.299125784190661 ], [ -99.150686820899836, 19.298659749377748 ], [ -99.150949499253969, 19.298468502200606 ], [ -99.15152941626458, 19.298060610616915 ], [ -99.151640840251048, 19.297981380475346 ], [ -99.151827087120196, 19.297865777474463 ], [ -99.15200257267125, 19.297809532103074 ], [ -99.152117364497755, 19.297783987662779 ], [ -99.152846309428497, 19.297621774853265 ], [ -99.155023992495728, 19.297148282228328 ], [ -99.156355717855462, 19.296847275580138 ], [ -99.156619837784532, 19.296781996399588 ], [ -99.156686037821558, 19.296872173459128 ], [ -99.157941943858432, 19.298516961680942 ], [ -99.158420721705141, 19.299183350125166 ], [ -99.15863503722737, 19.299441554330205 ], [ -99.1589020748645, 19.299695425249126 ], [ -99.159352724106313, 19.300052716618321 ], [ -99.159751635204756, 19.300319483933919 ], [ -99.16011093579003, 19.300553105081686 ], [ -99.160253503038021, 19.300636213155894 ], [ -99.160508121478074, 19.300763010627229 ], [ -99.161526655040561, 19.301122104857942 ], [ -99.161570152770182, 19.301130262862351 ], [ -99.161609864724383, 19.301137710834269 ], [ -99.16165898837707, 19.301146923956185 ], [ -99.161720928052844, 19.301158540697948 ], [ -99.16239284460255, 19.301284556705291 ], [ -99.162771667941087, 19.301338708228851 ], [ -99.1637121985558, 19.301476543705959 ], [ -99.164335786988261, 19.301545190550826 ], [ -99.166468877896165, 19.301851061189737 ], [ -99.167516783955733, 19.301996013833811 ], [ -99.16853181266255, 19.302139063655666 ], [ -99.170356295913436, 19.302376830665139 ], [ -99.171590504276608, 19.302547530115454 ], [ -99.171678121291492, 19.302561853304582 ], [ -99.172133229019309, 19.302627325879239 ], [ -99.172853394708994, 19.302730927716237 ], [ -99.173532602678407, 19.302822927551695 ], [ -99.174086402031818, 19.302890005890632 ], [ -99.175338774896204, 19.303073404553775 ], [ -99.176737806083992, 19.303252267925984 ] ], [ [ -99.177121154326173, 19.333618531493741 ], [ -99.177224487111729, 19.333644686060087 ], [ -99.177121154117742, 19.333618531078596 ], [ -99.177044950396905, 19.333599242877366 ], [ -99.176293335655373, 19.333353609201147 ], [ -99.177044950738008, 19.333599243556911 ], [ -99.177121154326173, 19.333618531493741 ] ], [ [ -99.163484013276303, 19.357457394985438 ], [ -99.163484013276303, 19.357457394984912 ], [ -99.163477519446715, 19.356537072722109 ], [ -99.163484013276303, 19.357457394985438 ] ], [ [ -99.15617558023078, 19.354311392831345 ], [ -99.155828935564699, 19.355235267967178 ], [ -99.15580413081986, 19.355301377756042 ], [ -99.155828935718063, 19.355235268272786 ], [ -99.15617558023078, 19.354311392831345 ] ], [ [ -99.144425008550371, 19.355117609776993 ], [ -99.144425008550371, 19.355117609776993 ], [ -99.144287611145842, 19.355085066257875 ], [ -99.144425008550371, 19.355117609776993 ] ], [ [ -99.128208371980662, 19.312375291042649 ], [ -99.127768833451015, 19.312145014406095 ], [ -99.128208371980662, 19.312375291042741 ], [ -99.12831912000081, 19.312430071287835 ], [ -99.128208371980662, 19.312375291042649 ] ], [ [ -99.127703383403869, 19.311270180125742 ], [ -99.127577085614064, 19.311519151738707 ], [ -99.127703383403883, 19.311270180125742 ], [ -99.12777692108628, 19.311186274325806 ], [ -99.127838727872231, 19.311161074742529 ], [ -99.127776921086266, 19.311186274325806 ], [ -99.127703383403869, 19.311270180125742 ] ], [ [ -99.134396306395033, 19.323266158359687 ], [ -99.134396306395047, 19.32326615835969 ], [ -99.133709480119208, 19.322366295045644 ], [ -99.134396306395033, 19.323266158359687 ] ], [ [ -99.133463925295032, 19.324974294484324 ], [ -99.133412542765527, 19.324933141877619 ], [ -99.133275708833736, 19.324841643441037 ], [ -99.133412542765527, 19.324933141877619 ], [ -99.133463925295032, 19.324974294484324 ] ], [ [ -99.130481437759926, 19.353571724736163 ], [ -99.130473772240066, 19.353674678345609 ], [ -99.130481437759926, 19.353571724736163 ], [ -99.130487366549801, 19.353166129847537 ], [ -99.130481437759926, 19.353571724736163 ] ], [ [ -99.120306279346678, 19.350205158873816 ], [ -99.120149865868385, 19.350065254702574 ], [ -99.120128142880333, 19.350045824527403 ], [ -99.120149865868356, 19.350065254702574 ], [ -99.120306279346678, 19.350205158873816 ] ], [ [ -99.106621319812064, 19.316698458364183 ], [ -99.106249478375034, 19.316616936843694 ], [ -99.106621319954755, 19.3166984586505 ], [ -99.106671479088249, 19.316471555951292 ], [ -99.106701196238532, 19.316337125465076 ], [ -99.106671479035157, 19.316471555844771 ], [ -99.106621319812064, 19.316698458364183 ] ] ] ] } },
{ "type": "Feature", "properties": { "id": 2678.0, "entidad": 9, "distrito_f": 11, "distrito_l": 10, "municipio": 17, "seccion": 5183, "tipo": 2, "control": 32716.0, "SECCION_TX": "5183", "SECCION__1": null, "SECCION__2": null, "SECCION_N": "5183", "ESTATUS": null, "ALCALDIA_N": "VENUSTIANO CARRANZA" }, "geometry": { "type": "MultiPolygon", "coordinates": [ [ [ [ -99.12568620668182, 19.404419001671162 ], [ -99.125697829602473, 19.404566904566824 ], [ -99.125825246021208, 19.40523183057828 ], [ -99.126166279861977, 19.406824601927038 ], [ -99.126711732598125, 19.408942687277577 ], [ -99.127459827906691, 19.411042841952113 ], [ -99.12771986923147, 19.412282331111157 ], [ -99.127856515184831, 19.413388289313136 ], [ -99.127866404910961, 19.413468332233073 ], [ -99.128001494543938, 19.413640087418955 ], [ -99.128168473651797, 19.413717470819659 ], [ -99.128039146188627, 19.414611259328371 ], [ -99.127899745364218, 19.415576587432831 ], [ -99.127840906994749, 19.415984030193929 ], [ -99.12762283453101, 19.41743540985955 ], [ -99.127406887482664, 19.418685341478287 ], [ -99.127354498332224, 19.419031536385983 ], [ -99.127162494172978, 19.420300314488866 ], [ -99.12713303937069, 19.42049495232618 ], [ -99.1265875056352, 19.421710953869916 ], [ -99.126091099088583, 19.422817433138086 ], [ -99.126056546954828, 19.422882086446712 ], [ -99.126021485889254, 19.422947217590139 ], [ -99.125961174282097, 19.42305966028545 ], [ -99.125900374863377, 19.423490543316234 ], [ -99.125856654407244, 19.423800387029555 ], [ -99.125787655729752, 19.424366379664114 ], [ -99.125665821977236, 19.425365766252707 ], [ -99.125658789735951, 19.425423450453582 ], [ -99.125645790194582, 19.425530083229045 ], [ -99.125640198713, 19.425574722468472 ], [ -99.125632790636715, 19.425636716002511 ], [ -99.125628597233856, 19.42566650668179 ], [ -99.125598426164402, 19.425880847002482 ], [ -99.125512378007144, 19.426492144420866 ], [ -99.125504331367353, 19.426556146049887 ], [ -99.125467516456339, 19.426810844968781 ], [ -99.125345113779289, 19.427683244998292 ], [ -99.125236584448317, 19.428348952060972 ], [ -99.125176676960791, 19.428755581635155 ], [ -99.125111351729302, 19.42919898252444 ], [ -99.124994837882028, 19.429830784990234 ], [ -99.124845813463622, 19.430840541332959 ], [ -99.1247861914119, 19.431231033296619 ], [ -99.124773844417803, 19.431311899149772 ], [ -99.124672995684321, 19.431972398526764 ], [ -99.124537863527024, 19.432817391434821 ], [ -99.12436668299506, 19.4339535071461 ], [ -99.12421949962625, 19.434731159462565 ], [ -99.124082747705216, 19.435591142718 ], [ -99.12395113633228, 19.436429526816372 ], [ -99.12378589709067, 19.437490342874764 ], [ -99.123613074307286, 19.438639563879249 ], [ -99.123409973493111, 19.439598729550852 ], [ -99.123335453311057, 19.44020000767668 ], [ -99.123254847313333, 19.440860170373384 ], [ -99.123167123419591, 19.4415749477091 ], [ -99.123022078755938, 19.442634809464025 ], [ -99.123661458803966, 19.443552580033302 ], [ -99.123699070486595, 19.443609335973935 ], [ -99.123723991237512, 19.443648319099452 ], [ -99.124199993107155, 19.444392916800215 ], [ -99.124363584219978, 19.444753687596783 ], [ -99.124439316500414, 19.444920700930638 ], [ -99.124451719014445, 19.44495955522989 ], [ -99.124566107620268, 19.445317908188546 ], [ -99.125371028745207, 19.446642556628067 ], [ -99.12556302052846, 19.446938927501254 ], [ -99.125673087045215, 19.447108832675831 ], [ -99.125937578241988, 19.447676145610838 ], [ -99.125868666529769, 19.448225855007657 ], [ -99.125861663020657, 19.448281721862539 ], [ -99.125670292778565, 19.449247394438039 ], [ -99.125551879835172, 19.449844911712852 ], [ -99.125455356539447, 19.450198815428354 ], [ -99.125217278788142, 19.451069128353257 ], [ -99.125054442436451, 19.451454484976139 ], [ -99.125025519638768, 19.451522931352176 ], [ -99.124874152159322, 19.451853440006264 ], [ -99.124779992624198, 19.452002210641858 ], [ -99.124440849592318, 19.453353515735081 ], [ -99.124254477381598, 19.454116406518761 ], [ -99.124148671035371, 19.454549508004991 ], [ -99.124089269312108, 19.454792658501333 ], [ -99.123784489036922, 19.456040211245295 ], [ -99.123711850466847, 19.456337538787214 ], [ -99.123675887940919, 19.45648474184523 ], [ -99.123547178225124, 19.457027169727684 ], [ -99.123537010400312, 19.457070020350542 ], [ -99.123311752348059, 19.457872837377632 ], [ -99.123132384986334, 19.45851209469231 ], [ -99.122394709738884, 19.459638023420894 ], [ -99.122272449701185, 19.45978871292305 ], [ -99.122141290799675, 19.45995063255145 ], [ -99.121970907409207, 19.459890395015265 ], [ -99.121888102186574, 19.459861119889215 ], [ -99.121541897524253, 19.459746697511996 ], [ -99.121110552764847, 19.45960413475208 ], [ -99.120799271063575, 19.459501252961161 ], [ -99.120330712344725, 19.459346388248203 ], [ -99.119828515488436, 19.459180310504301 ], [ -99.1193510171273, 19.459022581435942 ], [ -99.118841814595442, 19.458858868825967 ], [ -99.11836487781315, 19.458705528307448 ], [ -99.11789850892032, 19.458555583986914 ], [ -99.117629179335125, 19.458468989969465 ], [ -99.117294264320748, 19.458384210012852 ], [ -99.1171008418886, 19.458306048400637 ], [ -99.11703659249433, 19.458265807163198 ], [ -99.116808303222285, 19.458122822700894 ], [ -99.116681029562571, 19.458021300756148 ], [ -99.11622577036097, 19.457658153926083 ], [ -99.11607386590201, 19.457537813665592 ], [ -99.115751223727003, 19.45728234844222 ], [ -99.115347179511147, 19.456964095396707 ], [ -99.114912884657201, 19.456622012457395 ], [ -99.114541028282417, 19.456329108726912 ], [ -99.114458165247655, 19.45626852107933 ], [ -99.114412470766169, 19.45623511023333 ], [ -99.114390710941336, 19.456219199897028 ], [ -99.114356477455772, 19.456194169064993 ], [ -99.114330729457265, 19.45617534264008 ], [ -99.11427074800541, 19.456131485362832 ], [ -99.11422723873855, 19.456094987807372 ], [ -99.113817691948952, 19.455751439976517 ], [ -99.113528694461039, 19.455509013342358 ], [ -99.11339709554818, 19.455400517890411 ], [ -99.112966794297677, 19.455045758494698 ], [ -99.112931838314381, 19.455016939121403 ], [ -99.112637416506658, 19.454774203118774 ], [ -99.112511087751102, 19.454670051029467 ], [ -99.112194905160109, 19.454437096585622 ], [ -99.11211554965513, 19.454384597809401 ], [ -99.111918260409425, 19.454254077971033 ], [ -99.111483597175294, 19.454058665931623 ], [ -99.111070913450234, 19.453911118470579 ], [ -99.110838243170463, 19.453846728125303 ], [ -99.110588384580453, 19.453796301579764 ], [ -99.110383900027514, 19.453753328734766 ], [ -99.110149046893724, 19.453705592427006 ], [ -99.109731215992923, 19.453574649994348 ], [ -99.10936311429893, 19.453302218300134 ], [ -99.108972230050725, 19.452929829313454 ], [ -99.108896539192642, 19.452915849609731 ], [ -99.108721061442296, 19.452840666217028 ], [ -99.108545737114511, 19.452765419656995 ], [ -99.107897966028574, 19.45254076378616 ], [ -99.107261791916386, 19.452303653505489 ], [ -99.106822446343799, 19.452141783601878 ], [ -99.106613834959376, 19.452057444573107 ], [ -99.105990493412961, 19.451810657388545 ], [ -99.105364366100574, 19.45157748654357 ], [ -99.104729419100224, 19.451338720765524 ], [ -99.104283131696945, 19.451171647714787 ], [ -99.104083006739614, 19.451090601706873 ], [ -99.103460023977107, 19.450832007752744 ], [ -99.103036241514843, 19.450673751722693 ], [ -99.102556567411625, 19.450486305482201 ], [ -99.101959482514161, 19.450239031525712 ], [ -99.101792564950642, 19.450187404614734 ], [ -99.101376314862478, 19.450058647711202 ], [ -99.100927873107935, 19.449953386321734 ], [ -99.100449306893196, 19.449918579297279 ], [ -99.099864700892923, 19.449994547823117 ], [ -99.099083940940687, 19.450256798449537 ], [ -99.098487538205973, 19.450508189711812 ], [ -99.097981575753479, 19.450718508020412 ], [ -99.097442913990022, 19.450944836278012 ], [ -99.096743600211568, 19.451192820861802 ], [ -99.096033780843456, 19.451455951149534 ], [ -99.095392738714395, 19.451694924382746 ], [ -99.094808725935152, 19.451881019148274 ], [ -99.094248011405739, 19.451945047879843 ], [ -99.093799965459766, 19.451913693305141 ], [ -99.093469948124422, 19.451824846243554 ], [ -99.093176246202489, 19.45171587921898 ], [ -99.09297184875588, 19.451612684759084 ], [ -99.092706562481069, 19.451427244529111 ], [ -99.09245901131915, 19.45123712124445 ], [ -99.09211202126653, 19.45092019124197 ], [ -99.091847134730116, 19.450664507635263 ], [ -99.091736897961567, 19.450557537630605 ], [ -99.091322454846988, 19.450155374281209 ], [ -99.090998807205679, 19.449841314120686 ], [ -99.09080427877457, 19.449652550511878 ], [ -99.090638723363668, 19.449491900799181 ], [ -99.090424012626102, 19.449293960746861 ], [ -99.09007419538618, 19.448971465541707 ], [ -99.089711741416494, 19.448637318509171 ], [ -99.089389229896, 19.448339992725394 ], [ -99.088972759330034, 19.447968905226233 ], [ -99.088623269254271, 19.44767394511442 ], [ -99.088414174237684, 19.447476599024725 ], [ -99.087916765176772, 19.447007136177039 ], [ -99.087448813342831, 19.446537800391315 ], [ -99.087317888201227, 19.44634376212953 ], [ -99.087276835826131, 19.446279747373008 ], [ -99.087253353802581, 19.446243130803797 ], [ -99.08713142113271, 19.445974439440864 ], [ -99.087122106682187, 19.445953914036824 ], [ -99.087086804437874, 19.445876407719606 ], [ -99.087045379754699, 19.445785804958408 ], [ -99.087019088819687, 19.445728445001578 ], [ -99.086719729631255, 19.445946302685563 ], [ -99.086688999629004, 19.445962959281452 ], [ -99.085799011549128, 19.446616345543053 ], [ -99.085275203939958, 19.446997536445295 ], [ -99.084454393362876, 19.447514849900504 ], [ -99.083631809671942, 19.448032980173817 ], [ -99.083524436657129, 19.448109688591757 ], [ -99.082068978968294, 19.449147123766284 ], [ -99.081102205848993, 19.449810211012821 ], [ -99.080690075943522, 19.45009287813825 ], [ -99.080463795139678, 19.45009411545924 ], [ -99.080260191532204, 19.450077474992604 ], [ -99.080050939009979, 19.450019681437002 ], [ -99.07987365275963, 19.44996463004393 ], [ -99.07972252231086, 19.449915079937913 ], [ -99.079507458411271, 19.449857288307079 ], [ -99.079376674735769, 19.449818754901457 ], [ -99.079190687320903, 19.449796784371877 ], [ -99.078926241048748, 19.449774847805241 ], [ -99.078757694373138, 19.449763895151172 ], [ -99.078507772331278, 19.449730925758502 ], [ -99.078395877898288, 19.449693761706946 ], [ -99.078249262449702, 19.449647675325583 ], [ -99.078023885324711, 19.44959234379008 ], [ -99.077981340447096, 19.449597876647147 ], [ -99.077822337836437, 19.449612070257245 ], [ -99.076882429870693, 19.449285659510668 ], [ -99.07572168049056, 19.448904266446814 ], [ -99.074472529644211, 19.448468923030557 ], [ -99.074015646605702, 19.448311867530997 ], [ -99.070506321905327, 19.447105473566406 ], [ -99.069858680768959, 19.446876137273151 ], [ -99.069725289802363, 19.446829000622099 ], [ -99.06927617313174, 19.446669862879446 ], [ -99.068787008751045, 19.446508956123633 ], [ -99.06837365630966, 19.446402092296026 ], [ -99.068245955737595, 19.446397294961791 ], [ -99.068115647511959, 19.44640443652327 ], [ -99.067959007025621, 19.446426717917543 ], [ -99.067824477602727, 19.446469795143269 ], [ -99.0676906472345, 19.446514281371446 ], [ -99.067581635816182, 19.446550191256538 ], [ -99.067250126504376, 19.446679299038291 ], [ -99.067215412665846, 19.446655303911733 ], [ -99.067169181078668, 19.446623414578884 ], [ -99.067092090929137, 19.446583430559254 ], [ -99.067048282365818, 19.446560708534786 ], [ -99.067015000817307, 19.446543446506489 ], [ -99.066823102673283, 19.446474470993444 ], [ -99.065306780061348, 19.445943351057501 ], [ -99.065205560980431, 19.445906475180287 ], [ -99.064741711732495, 19.445747600971774 ], [ -99.064704286380191, 19.445686439456903 ], [ -99.064104081132314, 19.445483136670472 ], [ -99.063983607907318, 19.445444289389336 ], [ -99.063491129177351, 19.445275226600693 ], [ -99.063372757297174, 19.445235474394202 ], [ -99.062899407652907, 19.445075008631918 ], [ -99.062753658937709, 19.445027793740081 ], [ -99.062649872291999, 19.444991963096918 ], [ -99.062564493191132, 19.444960641560364 ], [ -99.062498605380199, 19.44494476711747 ], [ -99.062243535426518, 19.44485177757219 ], [ -99.062098341200013, 19.444905422118953 ], [ -99.061526176815477, 19.445120066222991 ], [ -99.061447534350251, 19.445145872230949 ], [ -99.060534851195911, 19.445486797990355 ], [ -99.060454185249753, 19.445512873716041 ], [ -99.0603842041306, 19.445538728583088 ], [ -99.059607119435796, 19.445825823959929 ], [ -99.059548413576337, 19.445847512771806 ], [ -99.059479956586088, 19.445872804096279 ], [ -99.058607165482854, 19.446195252406337 ], [ -99.057897525271997, 19.446461446425612 ], [ -99.057028489899523, 19.446782148838398 ], [ -99.056978788255776, 19.446800474629811 ], [ -99.056557442027383, 19.446953990808325 ], [ -99.05632700478192, 19.447037949360283 ], [ -99.056262295817888, 19.447061525649701 ], [ -99.055440574661205, 19.447365087557667 ], [ -99.054663241026475, 19.447652247266397 ], [ -99.054642977562068, 19.447663441423103 ], [ -99.054029731710358, 19.447890016054007 ], [ -99.053953472504304, 19.44791818706004 ], [ -99.053656429246814, 19.448027886020189 ], [ -99.052864402692137, 19.448317728205748 ], [ -99.052581363941698, 19.448421305171127 ], [ -99.052489222812227, 19.44851490144729 ], [ -99.052397081577084, 19.448608497675934 ], [ -99.051057835735762, 19.44996887394117 ], [ -99.051030352942419, 19.450000292237668 ], [ -99.050955644101037, 19.450085725771171 ], [ -99.050926765663377, 19.450121460606294 ], [ -99.050822213649809, 19.450233585255251 ], [ -99.050866264491859, 19.450331430257343 ], [ -99.050759616340031, 19.45047771787161 ], [ -99.050471423439262, 19.44979255183187 ], [ -99.049067805182318, 19.446455413656683 ], [ -99.04844129249814, 19.445076486503766 ], [ -99.04820291328565, 19.444551817176979 ], [ -99.047546188230513, 19.442975714567876 ], [ -99.047526987942348, 19.442929634062899 ], [ -99.047507787667485, 19.44288355438399 ], [ -99.047469387147899, 19.442791394190944 ], [ -99.046924545340914, 19.441437223407998 ], [ -99.046906234367071, 19.441390152293774 ], [ -99.04688960939626, 19.441347415278685 ], [ -99.046762991836871, 19.441021924798669 ], [ -99.047688774148398, 19.440307961045232 ], [ -99.04798455642036, 19.439925844801405 ], [ -99.048311738735293, 19.439481930858165 ], [ -99.049744326285392, 19.436338180184205 ], [ -99.051049736319442, 19.433473386667529 ], [ -99.051684183623294, 19.43208101355459 ], [ -99.052085453505484, 19.431256592317297 ], [ -99.052190050718963, 19.430895409764108 ], [ -99.052294647471939, 19.430534227137276 ], [ -99.052309147384634, 19.430484157415897 ], [ -99.052323647288461, 19.430434087693012 ], [ -99.052419854451983, 19.430101873230733 ], [ -99.052437225829195, 19.430041887706054 ], [ -99.052441310759548, 19.430012924372207 ], [ -99.052594221856609, 19.429673488557444 ], [ -99.054128977139783, 19.426266510018031 ], [ -99.05427301626311, 19.425946750997436 ], [ -99.055269987451325, 19.423781603908704 ], [ -99.056044446880605, 19.42214615691206 ], [ -99.056066444533215, 19.422099157727853 ], [ -99.05608844217322, 19.422052158540854 ], [ -99.056263337270281, 19.421797894905353 ], [ -99.056476525275173, 19.421590310742005 ], [ -99.056755318331739, 19.421346390185512 ], [ -99.056951783135702, 19.421208564292865 ], [ -99.057225142980585, 19.421068403716152 ], [ -99.057575069498014, 19.420964534123701 ], [ -99.057883581967332, 19.420928549270776 ], [ -99.057980377358533, 19.42092945951693 ], [ -99.058669034966826, 19.420935934037725 ], [ -99.059843910939961, 19.420928205897827 ], [ -99.059881010030722, 19.420929902651547 ], [ -99.059916523360599, 19.420927567198227 ], [ -99.059936294398014, 19.420927737185337 ], [ -99.060025914852048, 19.420928507695912 ], [ -99.060221089131389, 19.420925396440186 ], [ -99.060703454069454, 19.420917705910171 ], [ -99.061619377278532, 19.420900945349967 ], [ -99.063691883357649, 19.420889294365931 ], [ -99.064152348699594, 19.420885271038401 ], [ -99.064840640136865, 19.420873815172527 ], [ -99.064871097627318, 19.42087330818023 ], [ -99.065757416879222, 19.420858552362805 ], [ -99.067875478583161, 19.420809390034588 ], [ -99.067928258470502, 19.42080876946719 ], [ -99.067961760586002, 19.420805331039887 ], [ -99.068238263435916, 19.420776952443077 ], [ -99.068555386368587, 19.420704201729791 ], [ -99.068943564429574, 19.420558792211747 ], [ -99.069233310710899, 19.420403043510579 ], [ -99.069594115811682, 19.420185011736649 ], [ -99.069725304756204, 19.420076014478489 ], [ -99.06990021420475, 19.419909932856356 ], [ -99.069976712552332, 19.419780204653442 ], [ -99.070266313775463, 19.419292425547333 ], [ -99.070391013459783, 19.419111656155462 ], [ -99.07063997648207, 19.418750748457757 ], [ -99.070668266247722, 19.418686536520497 ], [ -99.071191353240408, 19.417884420866791 ], [ -99.071202706381541, 19.417866593991381 ], [ -99.071949003343633, 19.416694736988617 ], [ -99.072214757322982, 19.416278756083582 ], [ -99.072621431808798, 19.41560286603459 ], [ -99.072965681291507, 19.415078744923679 ], [ -99.073107062252788, 19.414896925120768 ], [ -99.073119147016243, 19.414881383758765 ], [ -99.073167594016454, 19.414819079450677 ], [ -99.07327433019708, 19.414644115189173 ], [ -99.073288923612253, 19.41462114875727 ], [ -99.073343980563962, 19.41453450264164 ], [ -99.073413630837649, 19.414424890066474 ], [ -99.073446523084669, 19.414373125616248 ], [ -99.073495576267703, 19.414295743226354 ], [ -99.073968844442874, 19.413551112777057 ], [ -99.074577599507151, 19.412593060929421 ], [ -99.074973059463787, 19.411967422858872 ], [ -99.07505430980909, 19.411838879915106 ], [ -99.075403101537376, 19.411288919929753 ], [ -99.07559860319526, 19.410989346754789 ], [ -99.076670473014488, 19.409330852060339 ], [ -99.076713867548833, 19.409256475231533 ], [ -99.076769297615542, 19.409145976288723 ], [ -99.076788278508559, 19.409110537271594 ], [ -99.076807330277134, 19.409074826695814 ], [ -99.076840473593677, 19.409012823786906 ], [ -99.076866610241552, 19.408968852503996 ], [ -99.076895515254336, 19.408916059274038 ], [ -99.076984947720987, 19.408742686668063 ], [ -99.077077043223412, 19.408570259252041 ], [ -99.0770950765679, 19.408536523116684 ], [ -99.077112321567483, 19.408507348224433 ], [ -99.077162796183842, 19.408428561318026 ], [ -99.077190656635523, 19.408382391581455 ], [ -99.077211895675632, 19.408341791372568 ], [ -99.077307620015674, 19.408190260737047 ], [ -99.077840627392916, 19.407352351806768 ], [ -99.077910978072325, 19.4072368721007 ], [ -99.077941766181283, 19.407204242624747 ], [ -99.078096435844557, 19.407129754251176 ], [ -99.078205773444807, 19.407077657701173 ], [ -99.078440103940636, 19.407030351196074 ], [ -99.078660056608356, 19.407032740629457 ], [ -99.078770515651755, 19.407036036253327 ], [ -99.078921546530822, 19.407033683783578 ], [ -99.079043565511057, 19.40704418260081 ], [ -99.079455889163114, 19.406959791481075 ], [ -99.079835884991653, 19.406908113797051 ], [ -99.080189547239144, 19.406933706612786 ], [ -99.080668411037308, 19.406990399050603 ], [ -99.081013033635344, 19.407032159232664 ], [ -99.081222558519542, 19.407057548407916 ], [ -99.081556691943035, 19.407109739505298 ], [ -99.083630958529625, 19.407390222529262 ], [ -99.085560204289095, 19.407657125169262 ], [ -99.087489456258055, 19.407924007295989 ], [ -99.09028458196633, 19.408351708097381 ], [ -99.090391755686682, 19.408366342018315 ], [ -99.091212761199657, 19.408478443151623 ], [ -99.091895321781564, 19.408568162391813 ], [ -99.092016432351443, 19.408577417981952 ], [ -99.092726099774737, 19.408675194994178 ], [ -99.093072844349152, 19.408721305774765 ], [ -99.093768340619661, 19.408813792172225 ], [ -99.093965479591049, 19.408841026339807 ], [ -99.094378810159185, 19.408898126014471 ], [ -99.096250877784428, 19.409155355153757 ], [ -99.096468583223725, 19.409164739633461 ], [ -99.097034464494598, 19.409189131465617 ], [ -99.09715063454631, 19.409188639281791 ], [ -99.097511944431872, 19.409185965029728 ], [ -99.097945049884103, 19.409149220061806 ], [ -99.098021881154722, 19.409141291476757 ], [ -99.09813614895225, 19.409129499576583 ], [ -99.099148868244995, 19.40896170641771 ], [ -99.099205387677486, 19.408952341776626 ], [ -99.100080796452858, 19.408803672221847 ], [ -99.100863819548437, 19.408663398461609 ], [ -99.101422520710997, 19.408608820909354 ], [ -99.101915185031629, 19.408483314680183 ], [ -99.103028096155896, 19.408232225932537 ], [ -99.103112420157188, 19.408210359267898 ], [ -99.103685843841106, 19.408061659446233 ], [ -99.103614635253194, 19.407994942590797 ], [ -99.103496530422802, 19.407884287455381 ], [ -99.103407330286018, 19.407800713641603 ], [ -99.103902141731794, 19.407691329792222 ], [ -99.105976894428721, 19.407232665218825 ], [ -99.10669815429074, 19.407073210501256 ], [ -99.107082577679691, 19.406992807509322 ], [ -99.108235842903028, 19.406747584818358 ], [ -99.111095765506036, 19.406152550116634 ], [ -99.112248761131681, 19.405916416981363 ], [ -99.113157267064423, 19.4057303496262 ], [ -99.113510518478833, 19.405528097936457 ], [ -99.113687028522151, 19.40555924618663 ], [ -99.113845854128016, 19.405609654271743 ], [ -99.113887997950513, 19.40573872489923 ], [ -99.11390591720847, 19.405793604759726 ], [ -99.114340944001981, 19.405720078241202 ], [ -99.114761570365673, 19.405647146139717 ], [ -99.115280015999133, 19.405596582853505 ], [ -99.117206054103633, 19.405583225225641 ], [ -99.118513211103306, 19.405584109786645 ], [ -99.11895071966552, 19.405555282700806 ], [ -99.119508207311355, 19.405471533775515 ], [ -99.120427772355114, 19.405303271098628 ], [ -99.12102698472404, 19.405200597837549 ], [ -99.121023353332561, 19.405095234745424 ], [ -99.121017990144736, 19.404939624136443 ], [ -99.121112732428841, 19.404717220896082 ], [ -99.121486113878703, 19.404640358247928 ], [ -99.121625670179171, 19.404663802971918 ], [ -99.121940352500062, 19.404716667527104 ], [ -99.122154709029971, 19.404715575155517 ], [ -99.122263588409197, 19.4048805838333 ], [ -99.12229594916073, 19.404966847808957 ], [ -99.123261797089867, 19.404792809554543 ], [ -99.125681041270667, 19.404353271177396 ], [ -99.12568620668182, 19.404419001671162 ] ], [ [ -99.101659312497091, 19.422489234915272 ], [ -99.101659312497091, 19.422489234915265 ], [ -99.100463592081013, 19.421878766574032 ], [ -99.101659312497091, 19.422489234915272 ] ], [ [ -99.110548752377994, 19.429020198941203 ], [ -99.110605484154974, 19.429349344510356 ], [ -99.11055390126289, 19.430378571121601 ], [ -99.110605484154974, 19.429349344510356 ], [ -99.110548752377994, 19.429020198941203 ] ], [ [ -99.119175014526064, 19.429005798160258 ], [ -99.119036340976592, 19.429915024967706 ], [ -99.119175014526064, 19.429005798160347 ], [ -99.119351181896562, 19.427850724829511 ], [ -99.119175014526064, 19.429005798160258 ] ], [ [ -99.120564851306028, 19.420393149701017 ], [ -99.120430452171391, 19.421347020698981 ], [ -99.120564851306028, 19.420393149701116 ], [ -99.120774722813337, 19.418903606441507 ], [ -99.120564851306028, 19.420393149701017 ] ], [ [ -99.120513574926051, 19.42213678638505 ], [ -99.120488793613461, 19.422132764187872 ], [ -99.120513575621956, 19.422136786498008 ], [ -99.120584879326429, 19.422148359616575 ], [ -99.120513574926051, 19.42213678638505 ] ], [ [ -99.113250660659546, 19.426604594942077 ], [ -99.113012862710974, 19.426705905684017 ], [ -99.11325066065956, 19.426604594942077 ], [ -99.113469621075495, 19.426417689564662 ], [ -99.113250660659546, 19.426604594942077 ] ], [ [ -99.115264588897162, 19.432582732386052 ], [ -99.115271150198083, 19.432484126182768 ], [ -99.115278050043742, 19.432380432052099 ], [ -99.115271150220806, 19.432484125841324 ], [ -99.115264588897162, 19.432582732386052 ] ], [ [ -99.11576664146483, 19.450015634758444 ], [ -99.115433082414256, 19.451386577461392 ], [ -99.115068115767599, 19.452886579796935 ], [ -99.11543308241427, 19.451386577461392 ], [ -99.11576664146483, 19.450015634758444 ] ], [ [ -99.115794738822643, 19.454715798089715 ], [ -99.116004086386269, 19.454138269640868 ], [ -99.115794738822615, 19.454715798089705 ], [ -99.115794738822643, 19.454715798089715 ] ], [ [ -99.117078238638143, 19.455097302940533 ], [ -99.116554344069741, 19.456374855470997 ], [ -99.117078238638172, 19.455097302940544 ], [ -99.117078238638143, 19.455097302940533 ] ], [ [ -99.110829239088901, 19.411869323260952 ], [ -99.110816452339208, 19.411704968538409 ], [ -99.110829239088886, 19.411869323260952 ], [ -99.111294030968196, 19.41190912758087 ], [ -99.110829239088901, 19.411869323260952 ] ], [ [ -99.109280747726729, 19.424195302598577 ], [ -99.109232609572146, 19.424588930933439 ], [ -99.109433157047988, 19.424630356791987 ], [ -99.109599553785998, 19.424712920662884 ], [ -99.109433157047988, 19.424630356791898 ], [ -99.10923260957216, 19.424588930933439 ], [ -99.109280747726729, 19.424195302598577 ] ], [ [ -99.109730927106881, 19.42529710933011 ], [ -99.109730927106881, 19.425297109330199 ], [ -99.109871260865276, 19.425319097453286 ], [ -99.109730927106881, 19.42529710933011 ] ], [ [ -99.108796009908531, 19.426630433608164 ], [ -99.109416129736402, 19.426923027027538 ], [ -99.108796009908531, 19.426630433608072 ], [ -99.108208404889382, 19.426348832440265 ], [ -99.108796009908531, 19.426630433608164 ] ], [ [ -99.107601688021035, 19.434235417827324 ], [ -99.107566451923148, 19.434208292520285 ], [ -99.107458080123962, 19.434163277035463 ], [ -99.107566451923134, 19.434208292520285 ], [ -99.107601688021035, 19.434235417827324 ] ], [ [ -99.107877071741399, 19.434447412033155 ], [ -99.107902597038091, 19.434467061710937 ], [ -99.107877071741399, 19.434447412033066 ], [ -99.107601688021035, 19.434235417827324 ], [ -99.107877071741399, 19.434447412033155 ] ], [ [ -99.103439221782693, 19.438030234672492 ], [ -99.103894559159684, 19.438231782442802 ], [ -99.103439221782693, 19.438030234672489 ], [ -99.103439221782693, 19.438030234672492 ] ], [ [ -99.078531753670802, 19.40995462062871 ], [ -99.078665107834624, 19.410030603333215 ], [ -99.079077870435057, 19.410267051857705 ], [ -99.078665107834638, 19.410030603333215 ], [ -99.078531753670802, 19.40995462062871 ] ], [ [ -99.095327189369655, 19.446719734196993 ], [ -99.094227072660544, 19.446399063705915 ], [ -99.095327189369641, 19.446719734196993 ], [ -99.096476537473066, 19.446940600879035 ], [ -99.095327189369655, 19.446719734196993 ] ], [ [ -99.085669023978738, 19.435118423799491 ], [ -99.084770790953769, 19.435142210614341 ], [ -99.085669023978738, 19.435118423799576 ], [ -99.085986232491507, 19.435124244516768 ], [ -99.085669023978738, 19.435118423799491 ] ], [ [ -99.087243401613691, 19.435598553669575 ], [ -99.087339353064749, 19.43561992287238 ], [ -99.087339353064763, 19.43561992287238 ], [ -99.087243401613691, 19.435598553669575 ] ], [ [ -99.086350594888032, 19.436939090001296 ], [ -99.086476128486083, 19.436395160272884 ], [ -99.086350594888017, 19.436939090001296 ], [ -99.086081954243554, 19.438354381599385 ], [ -99.086350594888032, 19.436939090001296 ] ], [ [ -99.08971863035157, 19.445413997014114 ], [ -99.089531419403215, 19.445927241765297 ], [ -99.08971863035157, 19.445413997014207 ], [ -99.090815394149701, 19.445773172043765 ], [ -99.08971863035157, 19.445413997014114 ] ], [ [ -99.070723981341018, 19.418878170197246 ], [ -99.070937076213241, 19.418901871522486 ], [ -99.070937076213241, 19.418901871522486 ], [ -99.070723981341018, 19.418878170197246 ] ], [ [ -99.077228252907176, 19.442867199099627 ], [ -99.077390145009986, 19.442834451485432 ], [ -99.077228252907162, 19.442867199099627 ], [ -99.077228252907176, 19.442867199099627 ] ] ] ] } },
{ "type": "Feature", "properties": { "id": 3324.0, "entidad": 9, "distrito_f": 13, "distrito_l": 15, "municipio": 6, "seccion": 1760, "tipo": 2, "control": 35416.0, "SECCION_TX": "1760", "SECCION__1": null, "SECCION__2": null, "SECCION_N": "1760", "ESTATUS": null, "ALCALDIA_N": "IZTACALCO" }, "geometry": { "type": "MultiPolygon", "coordinates": [ [ [ [ -99.123973576880246, 19.375936962093473 ], [ -99.124122312069829, 19.375966921610175 ], [ -99.124481952571202, 19.376037635312933 ], [ -99.124609185274821, 19.376059389495243 ], [ -99.125039712819188, 19.376134746859496 ], [ -99.125639926295108, 19.37625003310994 ], [ -99.125928045290308, 19.376303975961605 ], [ -99.12598264516356, 19.376314111616015 ], [ -99.126388793298844, 19.376389504816032 ], [ -99.126647635111667, 19.376437555690867 ], [ -99.12681786309868, 19.376469155200482 ], [ -99.127207529102591, 19.376541488456542 ], [ -99.127297768661577, 19.37655823939464 ], [ -99.127454597353534, 19.376587350988128 ], [ -99.127631404796929, 19.376620391272667 ], [ -99.128082926437969, 19.376703963061534 ], [ -99.12841921012307, 19.376766204762124 ], [ -99.129111979333871, 19.376899235969198 ], [ -99.129495358330757, 19.376972854309429 ], [ -99.129714503022626, 19.377003468965672 ], [ -99.130081586203019, 19.37704535955897 ], [ -99.130205466717044, 19.377057505941469 ], [ -99.130569435093975, 19.377093192242668 ], [ -99.130840305072965, 19.377124852604464 ], [ -99.131065172307316, 19.377151134197245 ], [ -99.131383081605179, 19.377189515977093 ], [ -99.13156053326648, 19.377210423757241 ], [ -99.132012838542636, 19.37726340336603 ], [ -99.132458450207665, 19.377316291543423 ], [ -99.132885201664067, 19.37734839877168 ], [ -99.133338152952035, 19.377387766290106 ], [ -99.133838853634373, 19.377423980669597 ], [ -99.134158847336749, 19.377435269062968 ], [ -99.135345101911398, 19.377318300752158 ], [ -99.135585100361411, 19.37727664331463 ], [ -99.135436506506522, 19.378031066771602 ], [ -99.135142451191768, 19.379363527948509 ], [ -99.134844715170516, 19.380708130300334 ], [ -99.13470701594531, 19.381410956155889 ], [ -99.134565397436873, 19.38208718611607 ], [ -99.134463063888575, 19.382618241772516 ], [ -99.134322608015125, 19.383292189500139 ], [ -99.13407815982238, 19.384564397539993 ], [ -99.133807878138001, 19.385778278702077 ], [ -99.133647117372504, 19.386508174574242 ], [ -99.133543864067761, 19.386976968068915 ], [ -99.133450135772492, 19.387402513494909 ], [ -99.133217077238029, 19.388460657571795 ], [ -99.13303541864731, 19.389286063808317 ], [ -99.132817516334256, 19.390276140321973 ], [ -99.132614614373324, 19.391230596484654 ], [ -99.1324904813888, 19.391218687054501 ], [ -99.132172043881667, 19.392555673059569 ], [ -99.132105535585225, 19.392896174539377 ], [ -99.132083631774975, 19.393008314819639 ], [ -99.131975752994876, 19.393484386544465 ], [ -99.131736153308921, 19.394577151047294 ], [ -99.131485900039323, 19.395623930221603 ], [ -99.131395129178188, 19.396052958660221 ], [ -99.13117921118014, 19.39658559306045 ], [ -99.131023279472728, 19.396917999566341 ], [ -99.130993968397291, 19.397681401651674 ], [ -99.130972342065562, 19.398803976628894 ], [ -99.131599475439018, 19.398819331398439 ], [ -99.131942149914352, 19.398819083026396 ], [ -99.132467852357451, 19.398845611378292 ], [ -99.132991499924543, 19.398870370476196 ], [ -99.13354241691367, 19.398884443677066 ], [ -99.134088346113018, 19.398899584527374 ], [ -99.13473068826984, 19.398931672543469 ], [ -99.135299926292205, 19.398960106755649 ], [ -99.135869164500377, 19.398988539184224 ], [ -99.136365786213091, 19.399013343084466 ], [ -99.137148908060269, 19.399052453535671 ], [ -99.137022109274341, 19.39992361444483 ], [ -99.136944929938039, 19.400453864381138 ], [ -99.136811763286161, 19.401368759375458 ], [ -99.136581388210246, 19.402890847898476 ], [ -99.136548184470485, 19.403110222738029 ], [ -99.136500978877805, 19.403424360707046 ], [ -99.136380845808759, 19.403417457195175 ], [ -99.136271518331426, 19.403411174562994 ], [ -99.134281346938536, 19.4032967954371 ], [ -99.133866218672765, 19.403272264628299 ], [ -99.133731649439554, 19.403264358026796 ], [ -99.133258370752557, 19.403237287135706 ], [ -99.132522504952306, 19.40318874230416 ], [ -99.13201117290447, 19.403154550654715 ], [ -99.131619453448323, 19.403128356252868 ], [ -99.131103072270804, 19.403104313265885 ], [ -99.130559531145693, 19.403131774275394 ], [ -99.130067586579131, 19.403209908921252 ], [ -99.128994623534751, 19.403501483980062 ], [ -99.128778527750583, 19.403560206584398 ], [ -99.128719718503078, 19.403577939542423 ], [ -99.127917289349384, 19.403819896526706 ], [ -99.127184537800531, 19.404044265098477 ], [ -99.125850426436813, 19.404318458975872 ], [ -99.125681041270667, 19.404353271177396 ], [ -99.123261797089867, 19.404792809554543 ], [ -99.12229594916073, 19.404966847808957 ], [ -99.122263588409197, 19.4048805838333 ], [ -99.122154709029971, 19.404715575155517 ], [ -99.121940352500062, 19.404716667527104 ], [ -99.121625670179171, 19.404663802971918 ], [ -99.121486113878703, 19.404640358247928 ], [ -99.121112732428841, 19.404717220896082 ], [ -99.121017990144736, 19.404939624136443 ], [ -99.121023353332561, 19.405095234745424 ], [ -99.12102698472404, 19.405200597837549 ], [ -99.120427772355114, 19.405303271098628 ], [ -99.119508207311355, 19.405471533775515 ], [ -99.11895071966552, 19.405555282700806 ], [ -99.118513211103306, 19.405584109786645 ], [ -99.117206054103633, 19.405583225225641 ], [ -99.115280015999133, 19.405596582853505 ], [ -99.114761570365673, 19.405647146139717 ], [ -99.114340944001981, 19.405720078241202 ], [ -99.11390591720847, 19.405793604759726 ], [ -99.113887997950513, 19.40573872489923 ], [ -99.113845854128016, 19.405609654271743 ], [ -99.113687028522151, 19.40555924618663 ], [ -99.113510518478833, 19.405528097936457 ], [ -99.113157267064423, 19.4057303496262 ], [ -99.112248761131681, 19.405916416981363 ], [ -99.111095765506036, 19.406152550116634 ], [ -99.108235842903028, 19.406747584818358 ], [ -99.107082577679691, 19.406992807509322 ], [ -99.10669815429074, 19.407073210501256 ], [ -99.105976894428721, 19.407232665218825 ], [ -99.103902141731794, 19.407691329792222 ], [ -99.103407330286018, 19.407800713641603 ], [ -99.103496530422802, 19.407884287455381 ], [ -99.103614635253194, 19.407994942590797 ], [ -99.103685843841106, 19.408061659446233 ], [ -99.103112420157188, 19.408210359267898 ], [ -99.103028096155896, 19.408232225932537 ], [ -99.101915185031629, 19.408483314680183 ], [ -99.101422520710997, 19.408608820909354 ], [ -99.100863819548437, 19.408663398461609 ], [ -99.100080796452858, 19.408803672221847 ], [ -99.099205387677486, 19.408952341776626 ], [ -99.099148868244995, 19.40896170641771 ], [ -99.09813614895225, 19.409129499576583 ], [ -99.098021881154722, 19.409141291476757 ], [ -99.097945049884103, 19.409149220061806 ], [ -99.097511944431872, 19.409185965029728 ], [ -99.09715063454631, 19.409188639281791 ], [ -99.097034464494598, 19.409189131465617 ], [ -99.096468583223725, 19.409164739633461 ], [ -99.096250877784428, 19.409155355153757 ], [ -99.094378810159185, 19.408898126014471 ], [ -99.093965479591049, 19.408841026339807 ], [ -99.093768340619661, 19.408813792172225 ], [ -99.093072844349152, 19.408721305774765 ], [ -99.092726099774737, 19.408675194994178 ], [ -99.092016432351443, 19.408577417981952 ], [ -99.091895321781564, 19.408568162391813 ], [ -99.091212761199657, 19.408478443151623 ], [ -99.090391755686682, 19.408366342018315 ], [ -99.09028458196633, 19.408351708097381 ], [ -99.087489456258055, 19.407924007295989 ], [ -99.085560204289095, 19.407657125169262 ], [ -99.083630958529625, 19.407390222529262 ], [ -99.081556691943035, 19.407109739505298 ], [ -99.081222558519542, 19.407057548407916 ], [ -99.081013033635344, 19.407032159232664 ], [ -99.080668411037308, 19.406990399050603 ], [ -99.080189547239144, 19.406933706612786 ], [ -99.079835884991653, 19.406908113797051 ], [ -99.079455889163114, 19.406959791481075 ], [ -99.079043565511057, 19.40704418260081 ], [ -99.078921546530822, 19.407033683783578 ], [ -99.078770515651755, 19.407036036253327 ], [ -99.078660056608356, 19.407032740629457 ], [ -99.078440103940636, 19.407030351196074 ], [ -99.078205773444807, 19.407077657701173 ], [ -99.078096435844557, 19.407129754251176 ], [ -99.077941766181283, 19.407204242624747 ], [ -99.077910978072325, 19.4072368721007 ], [ -99.077840627392916, 19.407352351806768 ], [ -99.077307620015674, 19.408190260737047 ], [ -99.077211895675632, 19.408341791372568 ], [ -99.077190656635523, 19.408382391581455 ], [ -99.077162796183842, 19.408428561318026 ], [ -99.077112321567483, 19.408507348224433 ], [ -99.0770950765679, 19.408536523116684 ], [ -99.077077043223412, 19.408570259252041 ], [ -99.076984947720973, 19.408742686668063 ], [ -99.076895515254336, 19.408916059274038 ], [ -99.076866610241552, 19.408968852503996 ], [ -99.076840473593677, 19.409012823786906 ], [ -99.076807330277134, 19.409074826695814 ], [ -99.076788278508559, 19.409110537271594 ], [ -99.076769297615542, 19.409145976288723 ], [ -99.076713867548833, 19.409256475231533 ], [ -99.076670473014488, 19.409330852060339 ], [ -99.07559860319526, 19.410989346754789 ], [ -99.075403101537376, 19.411288919929753 ], [ -99.07505430980909, 19.411838879915106 ], [ -99.074973059463787, 19.411967422858872 ], [ -99.074577599507151, 19.412593060929421 ], [ -99.073968844442874, 19.413551112777057 ], [ -99.073495576267703, 19.414295743226354 ], [ -99.073446523084669, 19.414373125616248 ], [ -99.073413630837649, 19.414424890066474 ], [ -99.073343980563962, 19.41453450264164 ], [ -99.073288923612253, 19.41462114875727 ], [ -99.07327433019708, 19.414644115189173 ], [ -99.073167594016454, 19.414819079450677 ], [ -99.073119147016243, 19.414881383758765 ], [ -99.073107062252788, 19.414896925120768 ], [ -99.072965681291507, 19.415078744923679 ], [ -99.072621431808798, 19.41560286603459 ], [ -99.072214757322982, 19.416278756083582 ], [ -99.071949003343633, 19.416694736988617 ], [ -99.071202706381541, 19.417866593991381 ], [ -99.071191353240408, 19.417884420866791 ], [ -99.070668266247722, 19.418686536520593 ], [ -99.07063997648207, 19.418750748457757 ], [ -99.070391013459783, 19.419111656155462 ], [ -99.070266313775463, 19.419292425547333 ], [ -99.069976712552332, 19.419780204653442 ], [ -99.06990021420475, 19.419909932856356 ], [ -99.069725304756204, 19.420076014478489 ], [ -99.069594115811682, 19.420185011736649 ], [ -99.069233310710899, 19.420403043510579 ], [ -99.068943564429574, 19.420558792211747 ], [ -99.068555386368587, 19.420704201729791 ], [ -99.068238263435916, 19.420776952443077 ], [ -99.067961760586002, 19.420805331039887 ], [ -99.067928258470502, 19.42080876946719 ], [ -99.067875478583161, 19.420809390034588 ], [ -99.065757416879222, 19.420858552362805 ], [ -99.064871097627318, 19.42087330818023 ], [ -99.064840640136865, 19.420873815172527 ], [ -99.064152348699594, 19.420885271038401 ], [ -99.063691883357649, 19.420889294365931 ], [ -99.061619377278532, 19.420900945349967 ], [ -99.060703454069454, 19.420917705910171 ], [ -99.060221089131389, 19.420925396440186 ], [ -99.060025914852048, 19.420928507695912 ], [ -99.059936294398014, 19.420927737185337 ], [ -99.059916523360599, 19.420927567198227 ], [ -99.059881010030722, 19.420929902651547 ], [ -99.059843910939961, 19.420928205897827 ], [ -99.058669034966826, 19.420935934037725 ], [ -99.057980377358533, 19.42092945951693 ], [ -99.057883581967332, 19.420928549270776 ], [ -99.057575069498014, 19.420964534123701 ], [ -99.057225142980585, 19.421068403716152 ], [ -99.056951783135702, 19.421208564292865 ], [ -99.056755318331739, 19.421346390185512 ], [ -99.056476525275173, 19.421590310742005 ], [ -99.056263337270281, 19.421797894905353 ], [ -99.05608844217322, 19.422052158540854 ], [ -99.056066444533215, 19.422099157727853 ], [ -99.056044446880605, 19.42214615691206 ], [ -99.055968501744189, 19.421778193476328 ], [ -99.056015970498734, 19.420570720838818 ], [ -99.056101343494461, 19.419832731713917 ], [ -99.056165082102083, 19.419281752951211 ], [ -99.056286509803016, 19.418232077897905 ], [ -99.056345697711834, 19.417720426389955 ], [ -99.056369620968283, 19.417513621109638 ], [ -99.056455589287893, 19.416756562524519 ], [ -99.056548983813471, 19.415934098944209 ], [ -99.056586673082421, 19.41557974355581 ], [ -99.056648535145385, 19.414985215843156 ], [ -99.056682919937543, 19.414654758267503 ], [ -99.056733403716024, 19.414169577779045 ], [ -99.056772157984597, 19.413797123217346 ], [ -99.056794984085599, 19.413589054168433 ], [ -99.05685258819905, 19.413057627995638 ], [ -99.056899809713414, 19.412622251296192 ], [ -99.056907665293323, 19.412551828613587 ], [ -99.056918120695173, 19.412462436343382 ], [ -99.056927065150248, 19.412373669521958 ], [ -99.056930979536773, 19.412337721604256 ], [ -99.057086250385666, 19.410882564961614 ], [ -99.057164371199562, 19.41014679320131 ], [ -99.057215884423684, 19.409663212806684 ], [ -99.057245451286832, 19.409385652584586 ], [ -99.057342052604739, 19.408544675402286 ], [ -99.057380705951132, 19.408209202160606 ], [ -99.057407592793808, 19.407939443687781 ], [ -99.057504120352817, 19.407041893735148 ], [ -99.057554537287857, 19.406575902383238 ], [ -99.057628559242161, 19.405810616554565 ], [ -99.0576879127198, 19.405363422106124 ], [ -99.057741576968468, 19.40487556928467 ], [ -99.057796032090948, 19.404359922444549 ], [ -99.057843210648485, 19.403861360260461 ], [ -99.057898134984853, 19.403393080220209 ], [ -99.058958420604739, 19.403492374274876 ], [ -99.057898134984868, 19.403393080175384 ], [ -99.057960112828567, 19.402834072947631 ], [ -99.057977974788329, 19.402672967589414 ], [ -99.058176632889499, 19.400881146838785 ], [ -99.058282680636566, 19.399936753493385 ], [ -99.058347254484787, 19.398492655668974 ], [ -99.058356994760004, 19.398329239614021 ], [ -99.058366160587369, 19.398174428070501 ], [ -99.058377542992574, 19.398005736396165 ], [ -99.058425565234018, 19.397661296642109 ], [ -99.058474256217039, 19.397140604762239 ], [ -99.058588763267522, 19.396084268298807 ], [ -99.058632247885882, 19.39562650994224 ], [ -99.058793355447875, 19.395103666989755 ], [ -99.059042683406659, 19.394294515175147 ], [ -99.059120103797454, 19.393824617529411 ], [ -99.05925092118926, 19.393030624318516 ], [ -99.059380610184533, 19.392304420517132 ], [ -99.059451571993748, 19.391910321730567 ], [ -99.059533393215418, 19.391395761900384 ], [ -99.05963575022362, 19.390708509732168 ], [ -99.059778414979178, 19.389911729712775 ], [ -99.059821699856158, 19.389686269757178 ], [ -99.059912860918743, 19.389140862984345 ], [ -99.060051268569566, 19.388312777955491 ], [ -99.060108071604233, 19.387972922288803 ], [ -99.060257329808451, 19.387079906422898 ], [ -99.060310794216718, 19.386760024538678 ], [ -99.060382526908015, 19.386168963891574 ], [ -99.060462138030104, 19.385746976557396 ], [ -99.060524746406173, 19.385308848284545 ], [ -99.060594615693688, 19.384852459976038 ], [ -99.060667088122273, 19.384379065158498 ], [ -99.060778456512892, 19.383548713520607 ], [ -99.06083127342967, 19.383138252732792 ], [ -99.060917327743809, 19.382679931063855 ], [ -99.063675743476821, 19.383156413780277 ], [ -99.065872522113594, 19.383539378630378 ], [ -99.066398235252663, 19.383635038268338 ], [ -99.066773750954283, 19.383728721883802 ], [ -99.067630968173162, 19.384140486906674 ], [ -99.068991767496399, 19.384864692317041 ], [ -99.069469045417094, 19.385118467745684 ], [ -99.069972453221695, 19.385386134583655 ], [ -99.070456634447694, 19.385643576312102 ], [ -99.070933830433162, 19.385897301888185 ], [ -99.071393033329542, 19.386141458587364 ], [ -99.071757766720154, 19.386326263483532 ], [ -99.072122500931869, 19.386511067641944 ], [ -99.072562299280861, 19.386733903892232 ], [ -99.073042956211239, 19.386977440377681 ], [ -99.073487335609926, 19.387202594189631 ], [ -99.073889993881835, 19.387406607669607 ], [ -99.074348793687662, 19.38763906447312 ], [ -99.074828047057537, 19.387881882387347 ], [ -99.075849855918534, 19.388420013276178 ], [ -99.075961673158588, 19.388478900740189 ], [ -99.076308828296476, 19.388661725912048 ], [ -99.076370100836627, 19.38869399426321 ], [ -99.076780864391907, 19.388910316445472 ], [ -99.07726802273659, 19.389166868792046 ], [ -99.077324161577579, 19.389196433070726 ], [ -99.077851945538114, 19.389465090888876 ], [ -99.078350749413104, 19.389719028389891 ], [ -99.078402492357981, 19.38974531440811 ], [ -99.078827346205031, 19.389961292531087 ], [ -99.078879373627203, 19.389987679247575 ], [ -99.079351828747207, 19.390228340171312 ], [ -99.079404181728066, 19.390255020276591 ], [ -99.079934225213137, 19.390525434724523 ], [ -99.07999161519399, 19.390555217189512 ], [ -99.08006103654715, 19.390591243282678 ], [ -99.080393882670421, 19.39076397290129 ], [ -99.08045876849809, 19.390797745051167 ], [ -99.080760941346909, 19.390954853258499 ], [ -99.080916757944934, 19.391033433683212 ], [ -99.081116812990672, 19.391131483616956 ], [ -99.08143345869901, 19.391286189617784 ], [ -99.081795329287331, 19.391487823486784 ], [ -99.081941700513312, 19.391569381015515 ], [ -99.082128067308517, 19.391667119084982 ], [ -99.082391433280108, 19.391805238020375 ], [ -99.08245260847184, 19.39184118804102 ], [ -99.082811644885126, 19.39202207314165 ], [ -99.083168520235731, 19.392211395555513 ], [ -99.083235406715929, 19.392242583256749 ], [ -99.0836068640278, 19.392435874711158 ], [ -99.083660385189361, 19.392463724871629 ], [ -99.084014906803773, 19.392648202362874 ], [ -99.084038275503687, 19.392521748803546 ], [ -99.084152845243111, 19.391901781998655 ], [ -99.084222704736831, 19.391506812658548 ], [ -99.084303053298612, 19.391065470836924 ], [ -99.08431287714437, 19.391014968689294 ], [ -99.084379841689582, 19.390670718412409 ], [ -99.084389866638617, 19.390619182186288 ], [ -99.08451192050633, 19.389953648473114 ], [ -99.084599885771496, 19.389432482985384 ], [ -99.084847054512622, 19.389671894255393 ], [ -99.086510690927355, 19.390052796507142 ], [ -99.086745468057458, 19.390156277991881 ], [ -99.086853149803488, 19.390234569880263 ], [ -99.088383242666254, 19.390673286233021 ], [ -99.088449985691639, 19.39069242280037 ], [ -99.088581222080236, 19.390732030198812 ], [ -99.088825077821383, 19.390361979424778 ], [ -99.08899884253664, 19.390095390866769 ], [ -99.089161130228362, 19.389848909647249 ], [ -99.089344256394938, 19.389569133810689 ], [ -99.089526139532595, 19.389291561178343 ], [ -99.089699596058168, 19.389026670555438 ], [ -99.089886107537154, 19.388741333599526 ], [ -99.090236959048141, 19.388191864853592 ], [ -99.09041066593494, 19.387919805362632 ], [ -99.090460551437772, 19.387841694403761 ], [ -99.090587333632669, 19.387643176113254 ], [ -99.090759436268485, 19.387373548513491 ], [ -99.090935423426757, 19.387098610694718 ], [ -99.091158836430793, 19.38675365181486 ], [ -99.091583313265986, 19.386078329115961 ], [ -99.091903413136407, 19.385569060910299 ], [ -99.092245180309192, 19.385025316618755 ], [ -99.092295573796264, 19.384945141293407 ], [ -99.092874884396352, 19.384023459657872 ], [ -99.092977762376947, 19.383861005989978 ], [ -99.093194604985513, 19.38351859058168 ], [ -99.093295238012189, 19.383359680743514 ], [ -99.093567419185504, 19.382929877012693 ], [ -99.093985023085907, 19.382270429756296 ], [ -99.094339484759786, 19.381678665405055 ], [ -99.094552877687576, 19.381322066640848 ], [ -99.094717828673737, 19.381046725505662 ], [ -99.094902085732215, 19.38073940779411 ], [ -99.095086014542886, 19.380432337463525 ], [ -99.095262709955122, 19.380137342074836 ], [ -99.095622742136257, 19.379536259632136 ], [ -99.095811479936827, 19.379625143560787 ], [ -99.096370579041235, 19.379742427914032 ], [ -99.096723855472291, 19.379784689200779 ], [ -99.097096124319876, 19.379822627039562 ], [ -99.097357217926756, 19.37984923456807 ], [ -99.097687745020451, 19.37988291737463 ], [ -99.09802598888588, 19.379917385932679 ], [ -99.098362960132846, 19.379948366575785 ], [ -99.098776259892901, 19.379993839596029 ], [ -99.099143904277639, 19.380031772189895 ], [ -99.099511548828929, 19.380069704040054 ], [ -99.100819152845219, 19.38019540939414 ], [ -99.10107824972809, 19.380223036037656 ], [ -99.101214683270697, 19.380232918795624 ], [ -99.101296849769085, 19.380240203704759 ], [ -99.101580631674025, 19.380270633566759 ], [ -99.103027020366071, 19.380462429373345 ], [ -99.103381090010529, 19.380509378328302 ], [ -99.103441719834677, 19.380518454596448 ], [ -99.103750259518819, 19.380558328733027 ], [ -99.104226278141027, 19.380620260486399 ], [ -99.1047684682637, 19.380693335114998 ], [ -99.105071502420429, 19.380733084476258 ], [ -99.105448506114399, 19.380782535780035 ], [ -99.10565381522045, 19.380804945673219 ], [ -99.105709534181116, 19.380809518096289 ], [ -99.105894824970321, 19.380824723350226 ], [ -99.10602164659781, 19.380836242968385 ], [ -99.106322243180628, 19.380882917613924 ], [ -99.106716170177918, 19.380937765025557 ], [ -99.106909084231617, 19.3809591201294 ], [ -99.10716978445636, 19.380985594615499 ], [ -99.107396209700326, 19.381005686616039 ], [ -99.10798124927264, 19.381056401001455 ], [ -99.108514404179815, 19.381102616077442 ], [ -99.108684771827697, 19.381121686897462 ], [ -99.108749544531264, 19.381128937459831 ], [ -99.108824934209125, 19.381138275965771 ], [ -99.108888877505649, 19.381146318487783 ], [ -99.109158056365516, 19.381180174430472 ], [ -99.109461815964622, 19.381216945940569 ], [ -99.109927118314118, 19.381281177671976 ], [ -99.110604514749923, 19.381401687256428 ], [ -99.110868788564829, 19.381442001957314 ], [ -99.111102487530886, 19.381476138654445 ], [ -99.111338773173216, 19.381514357490072 ], [ -99.11155419040648, 19.381546557425526 ], [ -99.111677354346156, 19.381564350242019 ], [ -99.112002461396457, 19.381608709530408 ], [ -99.112077709894663, 19.38161942896539 ], [ -99.112354414938082, 19.381658846372201 ], [ -99.112697662493034, 19.381714955180257 ], [ -99.112787909450489, 19.38172867364111 ], [ -99.113053279149938, 19.38176744510158 ], [ -99.113390314732257, 19.381807969789637 ], [ -99.113730515152611, 19.381844221463453 ], [ -99.114092912546255, 19.381881844227831 ], [ -99.114425971791235, 19.381923612461044 ], [ -99.11475211027161, 19.381966752038995 ], [ -99.115042644340704, 19.382004902939332 ], [ -99.115365039498172, 19.382051825532638 ], [ -99.115697840471114, 19.382074598552272 ], [ -99.116041998833055, 19.382110000264515 ], [ -99.116368298657434, 19.382153655631551 ], [ -99.116690766056252, 19.382173549229794 ], [ -99.117016358965131, 19.382199820546862 ], [ -99.117353142616835, 19.382229453108664 ], [ -99.117642155394591, 19.382214165426991 ], [ -99.117718786272761, 19.382210111866264 ], [ -99.11780716572153, 19.382215076411558 ], [ -99.1180789174974, 19.382230341273221 ], [ -99.118404373343239, 19.382271906357534 ], [ -99.118775647974189, 19.38229668107115 ], [ -99.120471156796242, 19.382349190672713 ], [ -99.120522841102414, 19.382350749910145 ], [ -99.120871229844127, 19.382373417685027 ], [ -99.121127997101553, 19.382392156633809 ], [ -99.12235557705965, 19.382476249319893 ], [ -99.122391036925961, 19.38144480452015 ], [ -99.122472290171828, 19.38016617664206 ], [ -99.122437720313982, 19.377766280934352 ], [ -99.122387038228851, 19.375651849028216 ], [ -99.122704750988376, 19.375703717724502 ], [ -99.123191683002489, 19.375786407535315 ], [ -99.123572719168209, 19.375861381887958 ], [ -99.123973576880246, 19.375936962093473 ] ], [ [ -99.113744616423304, 19.404988784024479 ], [ -99.113808816322916, 19.404372964876522 ], [ -99.11374461642329, 19.404988784024479 ], [ -99.113687028522151, 19.40555924618663 ], [ -99.113744616423304, 19.404988784024479 ] ], [ [ -99.098944070201156, 19.396881596046502 ], [ -99.098944070142068, 19.39688159603956 ], [ -99.098526689077488, 19.399599394112826 ], [ -99.098944070201156, 19.396881596046502 ] ], [ [ -99.119637836635818, 19.39796856740281 ], [ -99.119637118604643, 19.398027834634863 ], [ -99.119636642079527, 19.398067167625605 ], [ -99.119637118604658, 19.398027834634863 ], [ -99.119637836635818, 19.39796856740281 ] ], [ [ -99.120935271108152, 19.391187902958308 ], [ -99.120579458657645, 19.391996274500631 ], [ -99.120935271108166, 19.391187902958308 ], [ -99.120993641247424, 19.391147734329007 ], [ -99.120935271108152, 19.391187902958308 ] ], [ [ -99.125065899640973, 19.390517693918532 ], [ -99.125748223463944, 19.390556461556301 ], [ -99.125065899641058, 19.390517693918532 ], [ -99.125002771817165, 19.390514107050357 ], [ -99.125065899640973, 19.390517693918532 ] ], [ [ -99.122436028287325, 19.386126450827234 ], [ -99.122160250457711, 19.386158169323505 ], [ -99.121776939485187, 19.38620225499443 ], [ -99.122160250457711, 19.386158169323593 ], [ -99.122436028287325, 19.386126450827234 ] ], [ [ -99.11339345273592, 19.398276904510197 ], [ -99.113401351420023, 19.398386504680762 ], [ -99.113393452735934, 19.398276904510197 ], [ -99.113639354631971, 19.398276203955881 ], [ -99.11339345273592, 19.398276904510197 ] ], [ [ -99.107807728535462, 19.382022392782559 ], [ -99.108523892657459, 19.382129202409892 ], [ -99.108594233041401, 19.382139692904364 ], [ -99.108523892657459, 19.382129202409804 ], [ -99.107807728535462, 19.382022392782559 ] ], [ [ -99.060907637208956, 19.396037055724165 ], [ -99.061041055453856, 19.395416819314903 ], [ -99.062394384693079, 19.395642886371121 ], [ -99.061041055615647, 19.395416818442843 ], [ -99.060907637208956, 19.396037055724165 ] ] ] ] } },
{ "type": "Feature", "properties": { "id": 3815.0, "entidad": 9, "distrito_f": 15, "distrito_l": 17, "municipio": 14, "seccion": 4288, "tipo": 2, "control": 34206.0, "SECCION_TX": "4288", "SECCION__1": null, "SECCION__2": null, "SECCION_N": "4288", "ESTATUS": "PENDIENTE", "ALCALDIA_N": "BENITO JUAREZ" }, "geometry": { "type": "MultiPolygon", "coordinates": [ [ [ [ -99.186720322711778, 19.36204797249842 ], [ -99.186893619955313, 19.362113982186685 ], [ -99.187581149744631, 19.362572672980765 ], [ -99.18800500097619, 19.362861985013001 ], [ -99.188129538994588, 19.362925983560153 ], [ -99.188992073889537, 19.362939803891823 ], [ -99.18898266956279, 19.363081183347308 ], [ -99.189037582596669, 19.363084151788303 ], [ -99.189081029541981, 19.363086501249111 ], [ -99.189147733809108, 19.363089422224686 ], [ -99.189214438078366, 19.363092343175715 ], [ -99.189257941008805, 19.363102609059478 ], [ -99.190189544547991, 19.363322447382348 ], [ -99.190929115992006, 19.363536124069991 ], [ -99.191046745706956, 19.363579691038595 ], [ -99.191162033251075, 19.363614288135281 ], [ -99.190973235538607, 19.364820219719739 ], [ -99.190883007687617, 19.365396537326205 ], [ -99.19082845930383, 19.365892078297154 ], [ -99.190795864942814, 19.366188178098628 ], [ -99.190744594372958, 19.366645462208332 ], [ -99.190766786522929, 19.366885925331193 ], [ -99.190765652836447, 19.366935511021413 ], [ -99.190779702457846, 19.366988598304189 ], [ -99.190843700105319, 19.367230416545191 ], [ -99.190983922502411, 19.367535089717848 ], [ -99.191256338770472, 19.36801763404311 ], [ -99.191429188423186, 19.368313517295388 ], [ -99.19169938903984, 19.368947875783576 ], [ -99.191744090001876, 19.369121446326208 ], [ -99.191823238082051, 19.369430839120074 ], [ -99.191833494959866, 19.369470933547049 ], [ -99.191819260653176, 19.369982416635171 ], [ -99.191774024473858, 19.37040829665364 ], [ -99.191728788069952, 19.370834176642905 ], [ -99.19165782297587, 19.371455990016997 ], [ -99.191650892010458, 19.371871271778225 ], [ -99.191721083088041, 19.372195111178193 ], [ -99.191740372417328, 19.372284105797799 ], [ -99.191901955851051, 19.372626548414186 ], [ -99.19205002968603, 19.37299034139313 ], [ -99.192104866656308, 19.373157475070876 ], [ -99.192120595748946, 19.373217354761579 ], [ -99.192139703853769, 19.373395432071526 ], [ -99.192125574953479, 19.373633016959602 ], [ -99.192096201611506, 19.373865580761123 ], [ -99.192053817174425, 19.374253625658096 ], [ -99.19191513017239, 19.375283420948399 ], [ -99.191842845125421, 19.375925914004966 ], [ -99.191783223267237, 19.376356657635611 ], [ -99.191780080255157, 19.376379364555515 ], [ -99.19160975729163, 19.37760986597258 ], [ -99.191607518665592, 19.378013467617428 ], [ -99.191628205474046, 19.378264569725815 ], [ -99.191685117959594, 19.378955384707986 ], [ -99.191719227273452, 19.379640531298662 ], [ -99.19174395693058, 19.380137266741492 ], [ -99.191746039246127, 19.380179093288991 ], [ -99.191747112051573, 19.3802006422464 ], [ -99.191753336899723, 19.3803256778289 ], [ -99.191748943842882, 19.380921349828267 ], [ -99.191745272554343, 19.381419153191548 ], [ -99.19174365469236, 19.381622121423401 ], [ -99.191726496598733, 19.382759079849198 ], [ -99.19169676491893, 19.382979673875624 ], [ -99.19159966837654, 19.383296390345468 ], [ -99.190961728989961, 19.384734765968581 ], [ -99.190930136285502, 19.384806457904734 ], [ -99.190915426597556, 19.384840115690242 ], [ -99.190890450188647, 19.384897265108595 ], [ -99.190363268995497, 19.386103517262637 ], [ -99.190037316724698, 19.387364388629553 ], [ -99.190032470849943, 19.387383133631861 ], [ -99.18983214405327, 19.388158041752607 ], [ -99.189028476735913, 19.391127687667833 ], [ -99.188799899733297, 19.392075714478658 ], [ -99.188714721103096, 19.392319085708422 ], [ -99.188361783678232, 19.393406621651785 ], [ -99.188361917780441, 19.393523194515428 ], [ -99.188356792271122, 19.393710730303901 ], [ -99.188383720065787, 19.393903301275774 ], [ -99.18843199544115, 19.394080644945568 ], [ -99.188608735540384, 19.394496069765236 ], [ -99.188752907931885, 19.39484186370748 ], [ -99.189076980678536, 19.395630043623019 ], [ -99.189007458473014, 19.39563447398767 ], [ -99.188972098009472, 19.395636745409099 ], [ -99.188946312838553, 19.395638401745817 ], [ -99.188894529596155, 19.395641728084058 ], [ -99.188622832228845, 19.395659127678641 ], [ -99.188516359640744, 19.395665946108874 ], [ -99.187824489854862, 19.395710251434782 ], [ -99.187654358921719, 19.395705246698615 ], [ -99.187551442309143, 19.395702219126534 ], [ -99.186503455017359, 19.395638892699299 ], [ -99.185981190273736, 19.395778390155371 ], [ -99.185314779144505, 19.395956386739972 ], [ -99.185098584624001, 19.39602227675239 ], [ -99.184353947989806, 19.396144469243058 ], [ -99.184075099677642, 19.396190226528457 ], [ -99.183461305008436, 19.39642747581529 ], [ -99.182436961998008, 19.396795601683316 ], [ -99.182335082596197, 19.396900040112914 ], [ -99.182230294980158, 19.396918519056065 ], [ -99.18145048773539, 19.397056033411438 ], [ -99.181202964443514, 19.397102371555366 ], [ -99.180926897179432, 19.397143497217048 ], [ -99.180140718731451, 19.397313280006667 ], [ -99.179615005384477, 19.397435654991515 ], [ -99.179496196213066, 19.397491977189183 ], [ -99.178877251986492, 19.397644605001222 ], [ -99.178475128013375, 19.397738534459098 ], [ -99.178128410082365, 19.397817556661145 ], [ -99.17775204693406, 19.397903863420179 ], [ -99.177666472207861, 19.397920967277919 ], [ -99.176581081852959, 19.398125900940212 ], [ -99.176471379474208, 19.398156766183611 ], [ -99.176384121789084, 19.398237758182013 ], [ -99.176350945330469, 19.398328564434383 ], [ -99.176342728802354, 19.398423293170197 ], [ -99.176359427600985, 19.39848050410134 ], [ -99.176403178801692, 19.398553475577646 ], [ -99.176195116630154, 19.39846290327355 ], [ -99.176041148733106, 19.398393985200144 ], [ -99.175843504247482, 19.398321162545773 ], [ -99.175641125262075, 19.39824304843874 ], [ -99.175535615694088, 19.39822673930664 ], [ -99.175436261898327, 19.398223889181725 ], [ -99.175336172408606, 19.398249294421813 ], [ -99.175149201087009, 19.398323622065003 ], [ -99.172872423243234, 19.399012710898905 ], [ -99.172161398483453, 19.399218613962411 ], [ -99.171644182291487, 19.399389009026059 ], [ -99.170723054751406, 19.399713109776659 ], [ -99.170697072074248, 19.399722251752479 ], [ -99.170611848237115, 19.399752237630956 ], [ -99.170577219172941, 19.399762638351113 ], [ -99.170535273127712, 19.399775236690779 ], [ -99.170498325102756, 19.39978633388386 ], [ -99.170348554858705, 19.399824701847663 ], [ -99.17028020411135, 19.399841299986207 ], [ -99.170231317385046, 19.399853171508727 ], [ -99.170201824725112, 19.39986028376288 ], [ -99.167910849566852, 19.400397900955191 ], [ -99.165284044864691, 19.401314498844513 ], [ -99.163035433021818, 19.402140193944902 ], [ -99.162760547131953, 19.402236345936476 ], [ -99.162278204807023, 19.402405062577916 ], [ -99.162212849135344, 19.402425798627593 ], [ -99.162191051163518, 19.402432714682391 ], [ -99.162168509872018, 19.402439866574124 ], [ -99.161295381241274, 19.402716889838196 ], [ -99.160500206860888, 19.402953888117164 ], [ -99.160478195720856, 19.402960448382874 ], [ -99.16045098952246, 19.402968556994793 ], [ -99.160287239909849, 19.403017361287574 ], [ -99.160254192156614, 19.403027210890755 ], [ -99.160222549431921, 19.403036641730477 ], [ -99.160202725333775, 19.403042550127616 ], [ -99.160179497287118, 19.403049473038191 ], [ -99.159701977840399, 19.403191792631993 ], [ -99.159137302050979, 19.403353735931265 ], [ -99.157682609222192, 19.403785542159653 ], [ -99.157147196807145, 19.403944839560559 ], [ -99.156678855169901, 19.404027298615407 ], [ -99.156236199979574, 19.404053207927969 ], [ -99.155585952304904, 19.404055317287828 ], [ -99.155548259647063, 19.404055439488907 ], [ -99.15550825722238, 19.40405556916987 ], [ -99.155392991374882, 19.404055942792528 ], [ -99.155291706758831, 19.40405630943404 ], [ -99.155263686572084, 19.404056410854707 ], [ -99.155226332096319, 19.404056546054679 ], [ -99.152419175673316, 19.404066684246896 ], [ -99.150406417622506, 19.404045273486638 ], [ -99.15037249170355, 19.404044912407873 ], [ -99.150321834274493, 19.40404437324116 ], [ -99.150293688765018, 19.404044073671454 ], [ -99.150238462236473, 19.404043615828648 ], [ -99.150189829677998, 19.40404278758022 ], [ -99.150143662359454, 19.404042717375749 ], [ -99.150106903353233, 19.404042385041421 ], [ -99.150064393788199, 19.404042000707733 ], [ -99.150039061679237, 19.404041771672535 ], [ -99.149726347754211, 19.404038977015755 ], [ -99.147626888482591, 19.404019946315099 ], [ -99.14512241506317, 19.40388525030286 ], [ -99.145082703993239, 19.403883208780218 ], [ -99.144990198857514, 19.403879818575565 ], [ -99.144719962469097, 19.403863702377308 ], [ -99.144140779874533, 19.403832446354979 ], [ -99.143383807283314, 19.403791892871745 ], [ -99.142739055241734, 19.403757063564342 ], [ -99.142690989590037, 19.40375444972679 ], [ -99.140904385478009, 19.403665768885059 ], [ -99.140156115082732, 19.403623370585915 ], [ -99.140078861908663, 19.4036189931102 ], [ -99.139086212534721, 19.403562685698216 ], [ -99.138296757644795, 19.403520416572746 ], [ -99.138199124473758, 19.403515188841276 ], [ -99.137342401499581, 19.403458093195223 ], [ -99.136612361817583, 19.403428826254512 ], [ -99.136500978877805, 19.403424360707046 ], [ -99.136548184470485, 19.403110222738029 ], [ -99.136581388210246, 19.402890847898476 ], [ -99.136811763286161, 19.401368759375458 ], [ -99.136944929938039, 19.400453864381138 ], [ -99.137022109274341, 19.39992361444483 ], [ -99.137148908060269, 19.399052453535671 ], [ -99.136365786213091, 19.399013343084466 ], [ -99.135869164500377, 19.398988539184224 ], [ -99.135299926292205, 19.398960106755649 ], [ -99.13473068826984, 19.398931672543469 ], [ -99.134088346113018, 19.398899584527374 ], [ -99.13354241691367, 19.398884443677066 ], [ -99.132991499924543, 19.398870370476196 ], [ -99.132467852357451, 19.398845611378292 ], [ -99.131942149914352, 19.398819083026396 ], [ -99.131599475439018, 19.398819331398439 ], [ -99.130972342065562, 19.398803976628894 ], [ -99.130993968397291, 19.397681401651674 ], [ -99.131023279472728, 19.396917999566341 ], [ -99.13117921118014, 19.39658559306045 ], [ -99.131395129178188, 19.396052958660221 ], [ -99.131485900039323, 19.395623930221603 ], [ -99.131736153308921, 19.394577151047294 ], [ -99.131975752994876, 19.393484386544465 ], [ -99.132083631774975, 19.393008314819639 ], [ -99.132105535585225, 19.392896174539377 ], [ -99.132172043881667, 19.392555673059569 ], [ -99.1324904813888, 19.391218687054501 ], [ -99.132614614373324, 19.391230596484654 ], [ -99.132817516334256, 19.390276140321973 ], [ -99.13303541864731, 19.389286063808317 ], [ -99.133217077238029, 19.388460657571795 ], [ -99.133450135772492, 19.387402513494909 ], [ -99.133543864067761, 19.386976968068915 ], [ -99.133647117372504, 19.386508174574242 ], [ -99.133807878138001, 19.385778278702077 ], [ -99.13407815982238, 19.384564397539993 ], [ -99.134322608015125, 19.383292189500139 ], [ -99.134463063888575, 19.382618241772516 ], [ -99.134565397436873, 19.38208718611607 ], [ -99.13470701594531, 19.381410956155889 ], [ -99.134844715170516, 19.380708130300334 ], [ -99.135142451191768, 19.379363527948509 ], [ -99.135436506506522, 19.378031066771602 ], [ -99.135585100361411, 19.37727664331463 ], [ -99.135910669804559, 19.375885592284678 ], [ -99.136137213397745, 19.374919315674337 ], [ -99.13635941056323, 19.373876946572768 ], [ -99.136574950377835, 19.372906391590075 ], [ -99.136860313547956, 19.371653015414193 ], [ -99.137054211554869, 19.370789813174529 ], [ -99.137323437228886, 19.36964758618717 ], [ -99.137565245600896, 19.36866234281916 ], [ -99.137705936585903, 19.368005160941578 ], [ -99.137873143378258, 19.367260770880343 ], [ -99.137998688519914, 19.366712288542907 ], [ -99.138124337008378, 19.366128527291604 ], [ -99.138259834607837, 19.365520470025054 ], [ -99.138391075122485, 19.364905221600683 ], [ -99.138520096762875, 19.364294588510152 ], [ -99.138658216273512, 19.363654287040745 ], [ -99.13878704847167, 19.363082214658089 ], [ -99.138919727559667, 19.362493056132706 ], [ -99.139070065342722, 19.361825479370633 ], [ -99.139219915674616, 19.36116006164827 ], [ -99.139352503218191, 19.360519564023615 ], [ -99.139562434062256, 19.359575945546528 ], [ -99.139574530592697, 19.359518498667921 ], [ -99.139992788388909, 19.357532151605227 ], [ -99.140083942928783, 19.357253278256415 ], [ -99.140095741602892, 19.357196745444526 ], [ -99.140130158736397, 19.357031847042396 ], [ -99.140146060453446, 19.35695565789521 ], [ -99.140153118843173, 19.356921839342391 ], [ -99.140157208919319, 19.356902242733597 ], [ -99.140171709860468, 19.356835761596859 ], [ -99.14020660510478, 19.356674803652833 ], [ -99.140213390510141, 19.35664350522767 ], [ -99.143096954313606, 19.356822551020009 ], [ -99.144000588498358, 19.356356458541679 ], [ -99.144090282614144, 19.356310194129463 ], [ -99.143850438793365, 19.357258331373046 ], [ -99.144017627510365, 19.35726636769699 ], [ -99.146266779885764, 19.357365495242579 ], [ -99.149643657299066, 19.357501947461206 ], [ -99.152993783856331, 19.357698620081447 ], [ -99.153208300948279, 19.357709413242787 ], [ -99.156697246124693, 19.357899508703948 ], [ -99.157142475782521, 19.357925019416406 ], [ -99.161859226070021, 19.358195211809818 ], [ -99.16346975593224, 19.358278932211292 ], [ -99.167272666839068, 19.358486111378195 ], [ -99.167571457492841, 19.358504549521022 ], [ -99.168472875012, 19.358560172309847 ], [ -99.168815073477433, 19.358576046449105 ], [ -99.169303869555065, 19.358598719938694 ], [ -99.169641388851673, 19.35861806498221 ], [ -99.170084967272757, 19.358692818495353 ], [ -99.170295817961545, 19.358756224503122 ], [ -99.170464691935265, 19.358830359553529 ], [ -99.170579079672152, 19.35888660946615 ], [ -99.171031058229232, 19.359127124595531 ], [ -99.171663334064945, 19.359524655986434 ], [ -99.171802919858152, 19.359601083001532 ], [ -99.172438415154062, 19.359983009350465 ], [ -99.172956785354927, 19.360307675830342 ], [ -99.173324296580219, 19.360644205594511 ], [ -99.173475195204446, 19.360786447562045 ], [ -99.17364189696471, 19.360984212112452 ], [ -99.173732210082875, 19.361091353685424 ], [ -99.174379561542793, 19.362049055333813 ], [ -99.174527869734234, 19.362223205458669 ], [ -99.17476490792977, 19.362425212406212 ], [ -99.176573867055907, 19.36415848170499 ], [ -99.177110809770909, 19.364672944430726 ], [ -99.177573560637029, 19.365116319420917 ], [ -99.177680400524082, 19.365024896946366 ], [ -99.177821908675924, 19.364903808719319 ], [ -99.17825995674049, 19.364528970083256 ], [ -99.178682500450407, 19.364124743172237 ], [ -99.178856848672822, 19.363930263686935 ], [ -99.179037659423841, 19.363733732328345 ], [ -99.179212640594628, 19.363467524305999 ], [ -99.179253074111159, 19.36339990469714 ], [ -99.179385761919477, 19.363252673650166 ], [ -99.179454029122439, 19.363182171152864 ], [ -99.1795254548218, 19.363107203596812 ], [ -99.179688715207419, 19.362957903091761 ], [ -99.179803928423723, 19.362883134056943 ], [ -99.179923472941041, 19.362827791501459 ], [ -99.180073196993447, 19.362780600427232 ], [ -99.180229393959195, 19.362740561551082 ], [ -99.180604038898679, 19.362760461336666 ], [ -99.181254982629014, 19.36274974941329 ], [ -99.181525585484536, 19.362677913447321 ], [ -99.182539903702207, 19.362348258882857 ], [ -99.182675460846994, 19.362229166997846 ], [ -99.182809364078267, 19.362114703860726 ], [ -99.183591960429396, 19.361731152710625 ], [ -99.184054917652603, 19.361594523518129 ], [ -99.184735354721624, 19.36169893172957 ], [ -99.184975776186519, 19.361653114936196 ], [ -99.185131306890966, 19.361644009932579 ], [ -99.185535018732381, 19.361620375403891 ], [ -99.185797792283452, 19.361692491289872 ], [ -99.18606056606238, 19.361764606794139 ], [ -99.186220695368178, 19.361831338108161 ], [ -99.186676631096176, 19.362021340918734 ], [ -99.186720322711778, 19.36204797249842 ] ], [ [ -99.162072800419978, 19.401537702408564 ], [ -99.162072800419963, 19.401537702408611 ], [ -99.16216360145259, 19.402027324090867 ], [ -99.162072800419978, 19.401537702408564 ] ], [ [ -99.171887029535554, 19.379229404813302 ], [ -99.171887029478341, 19.379229405048896 ], [ -99.172493840580316, 19.379375091685517 ], [ -99.171887029535554, 19.379229404813302 ] ], [ [ -99.166119080022398, 19.397781622518373 ], [ -99.166103921336841, 19.397839944907169 ], [ -99.165885804046098, 19.398677519889613 ], [ -99.166103921336841, 19.397839944907169 ], [ -99.166119080022398, 19.397781622518373 ] ], [ [ -99.162485548868119, 19.374646247194701 ], [ -99.163167385458962, 19.374790057061148 ], [ -99.162485548958799, 19.374646246807462 ], [ -99.162414454029644, 19.374631252033318 ], [ -99.162485548868119, 19.374646247194701 ] ], [ [ -99.143830258272459, 19.357352998163563 ], [ -99.143771509528264, 19.357628587796789 ], [ -99.143652988767741, 19.358184564368425 ], [ -99.143771509528278, 19.357628587796789 ], [ -99.143830258272459, 19.357352998163563 ] ], [ [ -99.144431328101845, 19.392641655761494 ], [ -99.144611303420049, 19.391524603891966 ], [ -99.144431328101845, 19.392641655761402 ], [ -99.144055366170804, 19.394893041827082 ], [ -99.144431328101845, 19.392641655761494 ] ] ] ] } },
{ "type": "Feature", "properties": { "id": 2570.0, "entidad": 9, "distrito_f": 10, "distrito_l": 13, "municipio": 16, "seccion": 5078, "tipo": 2, "control": 34298.0, "SECCION_TX": "5078", "SECCION__1": null, "SECCION__2": null, "SECCION_N": "5078", "ESTATUS": null, "ALCALDIA_N": "MIGUEL HIDALGO" }, "geometry": { "type": "MultiPolygon", "coordinates": [ [ [ [ -99.239849917292275, 19.388887153245044 ], [ -99.240114737121019, 19.388721101450315 ], [ -99.240734643265753, 19.388374848047651 ], [ -99.241031975875813, 19.388230273132738 ], [ -99.241313441304968, 19.388058684824031 ], [ -99.241724411076731, 19.387700690053535 ], [ -99.24184768702149, 19.387583379008557 ], [ -99.242261935333971, 19.387278283618087 ], [ -99.242644599893893, 19.387071676137335 ], [ -99.242711009485973, 19.387039565663855 ], [ -99.242891427792713, 19.386965308692304 ], [ -99.243072837600408, 19.386963815633518 ], [ -99.243231989668487, 19.386971910230574 ], [ -99.243391141750607, 19.38698000468829 ], [ -99.243436775548616, 19.386982325592509 ], [ -99.243632071178652, 19.386992258066243 ], [ -99.24375871617832, 19.387013114806745 ], [ -99.243941989401634, 19.387072653239692 ], [ -99.244357257283355, 19.387207556981043 ], [ -99.24481018630847, 19.387338208038038 ], [ -99.24505399458738, 19.387388943874509 ], [ -99.24547806007574, 19.387386274213938 ], [ -99.245775503806868, 19.387319789536608 ], [ -99.246107675845707, 19.387193181927906 ], [ -99.246648303760637, 19.38679881640536 ], [ -99.247287035527776, 19.386262510591695 ], [ -99.247313805457679, 19.386469101024208 ], [ -99.247393827977632, 19.387067216367509 ], [ -99.247518802755778, 19.387503534207557 ], [ -99.247550485606297, 19.38761414647481 ], [ -99.247607680896721, 19.387905390025693 ], [ -99.247620993033877, 19.388022067651633 ], [ -99.247629156883235, 19.388113862103726 ], [ -99.247564011545464, 19.388315062876813 ], [ -99.247517615066087, 19.388548770947391 ], [ -99.24751804861441, 19.388835650827549 ], [ -99.247387748020458, 19.389232137196871 ], [ -99.247151283882729, 19.389498636422548 ], [ -99.247002442461451, 19.390001618786304 ], [ -99.247034474642263, 19.390575336136123 ], [ -99.247060202297419, 19.391101741528274 ], [ -99.247005047584523, 19.391728812770882 ], [ -99.246743841679788, 19.392125476343647 ], [ -99.246563571220037, 19.392456964167096 ], [ -99.246526517920557, 19.392687701705757 ], [ -99.246543700119517, 19.392874729271202 ], [ -99.246630502635014, 19.392970407494381 ], [ -99.246704214953752, 19.39303455273792 ], [ -99.246533722087335, 19.393332433346202 ], [ -99.246365765561393, 19.393563348257771 ], [ -99.246288822952877, 19.393710535160448 ], [ -99.246257142322648, 19.3938710784291 ], [ -99.246373934625481, 19.393783746431261 ], [ -99.246480157365326, 19.393764354251086 ], [ -99.246614442969175, 19.393778837489418 ], [ -99.246727712725814, 19.393831992671473 ], [ -99.246812398168672, 19.393924504757866 ], [ -99.24687133262556, 19.393997419372123 ], [ -99.246946281735291, 19.394094916059334 ], [ -99.247061762072207, 19.394201230235499 ], [ -99.247354830408128, 19.39426293991438 ], [ -99.247600994975187, 19.394282939506862 ], [ -99.247793986787698, 19.394270710337175 ], [ -99.247915818746961, 19.394244430757858 ], [ -99.248227135118029, 19.39400740374554 ], [ -99.248669120166795, 19.393616406061813 ], [ -99.249024131496114, 19.39342072333697 ], [ -99.24924850938757, 19.393402670753428 ], [ -99.249628949369765, 19.39353228015883 ], [ -99.249706339109864, 19.393587191597803 ], [ -99.24981721152885, 19.393653525409469 ], [ -99.249990779820337, 19.393721064916626 ], [ -99.25042712345244, 19.393720464518637 ], [ -99.25075124630888, 19.393708187742206 ], [ -99.250888346608349, 19.393684338407954 ], [ -99.251137540597696, 19.393589353513935 ], [ -99.251473939300837, 19.393452842306942 ], [ -99.251667158675687, 19.393440744884828 ], [ -99.251952560303664, 19.393469570570627 ], [ -99.252533747689199, 19.393528269325518 ], [ -99.252733264441744, 19.393557567418654 ], [ -99.252839279151885, 19.393586995324487 ], [ -99.252951600477758, 19.393663734844068 ], [ -99.253332483190164, 19.394077258523762 ], [ -99.253425730991452, 19.394182124678618 ], [ -99.253663435616502, 19.394449445641207 ], [ -99.254031698898729, 19.394762429454612 ], [ -99.254343696416655, 19.394969020225687 ], [ -99.254480944313727, 19.395039808849035 ], [ -99.254586951090545, 19.395063320674922 ], [ -99.254689845540668, 19.395052437367777 ], [ -99.254758303912951, 19.39498136081065 ], [ -99.254811008330563, 19.394838234752651 ], [ -99.254692295394435, 19.394660949429795 ], [ -99.254411419612808, 19.394424740432399 ], [ -99.254323966782181, 19.39430656166634 ], [ -99.254305100911836, 19.394200117057984 ], [ -99.254361000222787, 19.394069907656345 ], [ -99.254610031757665, 19.393871404780672 ], [ -99.254843598678093, 19.393749818959318 ], [ -99.255102094539538, 19.393625240341422 ], [ -99.255264095713756, 19.393580650086591 ], [ -99.255856146204778, 19.393497007250204 ], [ -99.255974526637075, 19.39346135031759 ], [ -99.256061735059902, 19.393422779678144 ], [ -99.256525604713516, 19.393087925280089 ], [ -99.256684349142219, 19.39295461253305 ], [ -99.256771552487393, 19.392913084034959 ], [ -99.256886848048524, 19.392898133561328 ], [ -99.258226889591555, 19.392801594740199 ], [ -99.258345296983975, 19.392783681397578 ], [ -99.258507207696397, 19.39268289537543 ], [ -99.25866906214516, 19.392546618961653 ], [ -99.258759390820984, 19.392511000124834 ], [ -99.258909007174822, 19.392519659752775 ], [ -99.258987760881936, 19.392577604198813 ], [ -99.25904296565713, 19.392698954963123 ], [ -99.259075274802925, 19.392806618499595 ], [ -99.259132487657936, 19.392888245823755 ], [ -99.259194472290602, 19.392989194810976 ], [ -99.259458971938272, 19.393796336556083 ], [ -99.259500545420181, 19.393935821525389 ], [ -99.259550898104777, 19.394130973234219 ], [ -99.259543340937981, 19.394227219157415 ], [ -99.259488581487531, 19.39435114949465 ], [ -99.259387005156412, 19.3944688911097 ], [ -99.2587330483736, 19.394836149653337 ], [ -99.258309226920446, 19.395062879909794 ], [ -99.257985604955621, 19.395265883180961 ], [ -99.257350892382419, 19.395723080150592 ], [ -99.25615854968656, 19.39669695736475 ], [ -99.25586812834851, 19.396973356352824 ], [ -99.25574472023257, 19.397129974836609 ], [ -99.255611277207109, 19.397459348532813 ], [ -99.255367033384843, 19.398224489463182 ], [ -99.255352794784358, 19.398457099457378 ], [ -99.255216336749768, 19.398895004917883 ], [ -99.255179517943262, 19.399267709415355 ], [ -99.255204745501032, 19.399456951100824 ], [ -99.255232411061968, 19.399603815604358 ], [ -99.255281437792945, 19.399749237939833 ], [ -99.255285025529915, 19.399777279800226 ], [ -99.255333214816616, 19.39992888391917 ], [ -99.255377136909757, 19.40011218880753 ], [ -99.255389918150456, 19.400313282584719 ], [ -99.255365352377581, 19.400549919127656 ], [ -99.255309590122536, 19.40076885432677 ], [ -99.255247713887329, 19.40106469374609 ], [ -99.255192089649483, 19.401372354460843 ], [ -99.255186123336301, 19.401543899292914 ], [ -99.255242423345521, 19.401669515063674 ], [ -99.255162663326729, 19.401724541117979 ], [ -99.255008554354049, 19.401830861882711 ], [ -99.254786727987863, 19.401983900593191 ], [ -99.254738851549618, 19.40201693054858 ], [ -99.254693807394844, 19.40204800648792 ], [ -99.254272572432853, 19.402338615163391 ], [ -99.254226246046159, 19.402370575469543 ], [ -99.254170719356708, 19.402408882979355 ], [ -99.25389577152967, 19.4025985672228 ], [ -99.25384091311517, 19.402636413489386 ], [ -99.253592857408279, 19.402807544193955 ], [ -99.25352699111248, 19.402852984457233 ], [ -99.253190727925883, 19.403084978324447 ], [ -99.253160732095338, 19.403105702025247 ], [ -99.252524266429617, 19.403545424874128 ], [ -99.252132171592578, 19.403960022676134 ], [ -99.251784799869043, 19.40430231511408 ], [ -99.25175873984351, 19.404327994004412 ], [ -99.251732463605521, 19.404353885933016 ], [ -99.251244521799592, 19.404743455729538 ], [ -99.251198344168841, 19.404777591740011 ], [ -99.251085643843936, 19.404458335563842 ], [ -99.251198344170035, 19.404777592518386 ], [ -99.251150995156308, 19.404810159602924 ], [ -99.250912208603509, 19.405017218450887 ], [ -99.250786233245691, 19.405149861330266 ], [ -99.250735069021076, 19.405215052296008 ], [ -99.250638676733573, 19.405337872271129 ], [ -99.25015941585886, 19.405618962350314 ], [ -99.250062465129304, 19.405698337032351 ], [ -99.249678874533032, 19.406012384282576 ], [ -99.248897127354027, 19.406625683093051 ], [ -99.248450058812821, 19.4069417173456 ], [ -99.248329669736705, 19.407075178557911 ], [ -99.248077065867591, 19.407279386154482 ], [ -99.248038120137821, 19.407309238973834 ], [ -99.248001221530757, 19.407333738555792 ], [ -99.247819103955621, 19.407485602404748 ], [ -99.247780076953106, 19.407519473984539 ], [ -99.247739283515173, 19.407551469278332 ], [ -99.247494149436704, 19.407743733492016 ], [ -99.24743211432164, 19.407792388914899 ], [ -99.247212771260962, 19.407964423506421 ], [ -99.246813197147532, 19.408277815317692 ], [ -99.246764626961919, 19.408315907310243 ], [ -99.246243672317107, 19.408724498492237 ], [ -99.246209116939511, 19.40875160082253 ], [ -99.246187431676077, 19.408768608666239 ], [ -99.246152582941818, 19.408795940662809 ], [ -99.245408370008803, 19.40937962596627 ], [ -99.245336098360113, 19.409436308149282 ], [ -99.245297128219207, 19.409456373284058 ], [ -99.245030863149452, 19.409593468777221 ], [ -99.244716165603634, 19.409676703531584 ], [ -99.244563501120467, 19.409724229449598 ], [ -99.24410176016265, 19.409914786661869 ], [ -99.243995956578829, 19.409953195282686 ], [ -99.243197142779195, 19.410650459477804 ], [ -99.243046144209742, 19.410783476552442 ], [ -99.242913209949336, 19.410900580203538 ], [ -99.242685940329167, 19.411087207911613 ], [ -99.242508473257246, 19.411226448488204 ], [ -99.242424391115819, 19.41127979612315 ], [ -99.242178299703724, 19.411386595157424 ], [ -99.242077600383183, 19.411415021996977 ], [ -99.241788826627612, 19.411496542238083 ], [ -99.241386919602448, 19.411630165200247 ], [ -99.241153308394402, 19.41174581884588 ], [ -99.240888608728483, 19.411917706371604 ], [ -99.240471105759326, 19.412045432945877 ], [ -99.240019292394209, 19.412158416270824 ], [ -99.23979489199094, 19.412179415233972 ], [ -99.239386483386525, 19.412132633385827 ], [ -99.238884462882169, 19.412017950653237 ], [ -99.238529054082662, 19.411977012231496 ], [ -99.238239194801452, 19.411998095194601 ], [ -99.238027348805403, 19.412078226006695 ], [ -99.237645694007895, 19.412208856669888 ], [ -99.237377743989853, 19.412292017624541 ], [ -99.237190812525228, 19.412357327290991 ], [ -99.237060040136882, 19.412458053799018 ], [ -99.236954230110939, 19.41257649280853 ], [ -99.236686912531511, 19.41309736556785 ], [ -99.236432113057816, 19.413653711922827 ], [ -99.236245555590045, 19.413979282282856 ], [ -99.235847330708722, 19.414512154044299 ], [ -99.235741774270565, 19.414808043462347 ], [ -99.235518038307418, 19.415293367597073 ], [ -99.235449631225791, 19.415411757227488 ], [ -99.235150749891659, 19.415666491403897 ], [ -99.234845565337295, 19.415873912855421 ], [ -99.2345466822144, 19.416128646043745 ], [ -99.234335163837017, 19.41644241654409 ], [ -99.23414839578497, 19.416626023847805 ], [ -99.234005077439093, 19.416676486423835 ], [ -99.233849216261234, 19.416675208366787 ], [ -99.233772800926786, 19.416644252718548 ], [ -99.233765752504397, 19.416661346405139 ], [ -99.23373634644247, 19.41673266133002 ], [ -99.233544473784704, 19.417194645831799 ], [ -99.233371483063067, 19.417461792195681 ], [ -99.233347490466201, 19.417498843479891 ], [ -99.2333188677935, 19.417543045270111 ], [ -99.233163497122888, 19.41781177892063 ], [ -99.232940381462996, 19.418740727541753 ], [ -99.232914970958717, 19.418770180441907 ], [ -99.232056543050447, 19.419765161888492 ], [ -99.230562478001147, 19.421334551803277 ], [ -99.229815397312905, 19.422092624503371 ], [ -99.229105319388111, 19.422566725277967 ], [ -99.228321165593641, 19.423573270498874 ], [ -99.227959796381597, 19.42374526077116 ], [ -99.227686016229271, 19.424135997196327 ], [ -99.227499174314232, 19.424278192432741 ], [ -99.227162667333459, 19.424396914575578 ], [ -99.226801221199452, 19.424515667246105 ], [ -99.226589439393777, 19.424657892697486 ], [ -99.226377935751685, 19.425001229078568 ], [ -99.226141836163208, 19.425593027708171 ], [ -99.225868391908179, 19.426232192815615 ], [ -99.225632076422485, 19.42667019986353 ], [ -99.225407870255452, 19.426847929637795 ], [ -99.22502147837163, 19.42696670975813 ], [ -99.224722372607417, 19.427085381054976 ], [ -99.224585289092403, 19.427144701097184 ], [ -99.224557972832571, 19.427171604881558 ], [ -99.223027550282822, 19.428678897359948 ], [ -99.223003781249005, 19.428702306839305 ], [ -99.223179366321247, 19.429162889105545 ], [ -99.223351348783197, 19.429443051095028 ], [ -99.22360913175612, 19.429723107255171 ], [ -99.223254174469233, 19.429754161275099 ], [ -99.223330983507182, 19.430236713919339 ], [ -99.222938341728522, 19.430281984843738 ], [ -99.222458817001126, 19.430337272038599 ], [ -99.22216887820305, 19.430496436661731 ], [ -99.221921350634332, 19.430632318631634 ], [ -99.221839608993363, 19.430677191146795 ], [ -99.221907580493777, 19.430791424796634 ], [ -99.222052065169137, 19.430989806199616 ], [ -99.222064123667096, 19.431006362819033 ], [ -99.223605247096188, 19.433122329081204 ], [ -99.223658243090966, 19.433195091485366 ], [ -99.222875404827661, 19.433762100698797 ], [ -99.222788212890919, 19.433825253306246 ], [ -99.222917135086803, 19.433892621217339 ], [ -99.226857724332845, 19.435951716912285 ], [ -99.227097117130739, 19.436076803419965 ], [ -99.227178384902743, 19.436119267421841 ], [ -99.227277341649071, 19.436167437237071 ], [ -99.228206231796221, 19.436619594840202 ], [ -99.228475767995974, 19.436750796391021 ], [ -99.228589798867773, 19.436806302674775 ], [ -99.229674202837003, 19.437334147507247 ], [ -99.230029944130024, 19.437089658983172 ], [ -99.230546094207313, 19.436734924750002 ], [ -99.231004844538049, 19.436419636701313 ], [ -99.231463592743197, 19.436104347756668 ], [ -99.231610749746835, 19.436152001840139 ], [ -99.231661684647264, 19.436167815767817 ], [ -99.231814454642247, 19.436217967672068 ], [ -99.232121851935204, 19.436299957027675 ], [ -99.232212077088917, 19.43633152708577 ], [ -99.232339118951344, 19.436416915266278 ], [ -99.232446102861502, 19.436489654858388 ], [ -99.23276379190618, 19.43676174272009 ], [ -99.233054788981931, 19.437052875560834 ], [ -99.233165249336722, 19.43722066663781 ], [ -99.233265658166346, 19.437366290738655 ], [ -99.233332657837167, 19.437505620641922 ], [ -99.233357022243638, 19.437643015416782 ], [ -99.233401509220727, 19.437849776103242 ], [ -99.233437257862803, 19.43812641891877 ], [ -99.233473074547916, 19.438450573844534 ], [ -99.2335208796449, 19.438917249961396 ], [ -99.233535778084473, 19.43903461390105 ], [ -99.233559506922902, 19.439146376802025 ], [ -99.233600912545967, 19.439258116945869 ], [ -99.233683599997761, 19.439394957449441 ], [ -99.233836966700778, 19.439512143005782 ], [ -99.233978489035891, 19.439587421164521 ], [ -99.234190662571137, 19.439623480354019 ], [ -99.235107130775603, 19.439776011338832 ], [ -99.235413524704555, 19.439772819309773 ], [ -99.236548130372867, 19.440008904952712 ], [ -99.237673949624778, 19.440278532992004 ], [ -99.238216557624256, 19.440632765554952 ], [ -99.238467261823274, 19.440825279500348 ], [ -99.238717966732906, 19.441017793840054 ], [ -99.239018855054795, 19.441277317382077 ], [ -99.23928732422992, 19.441528498658197 ], [ -99.239602842725361, 19.441718131053573 ], [ -99.240115849969996, 19.441971782856925 ], [ -99.240020943126538, 19.442009516346769 ], [ -99.239509290894517, 19.442212940189741 ], [ -99.238996762392375, 19.442286281639515 ], [ -99.238407698016388, 19.442404439563667 ], [ -99.238225214198039, 19.44252765192935 ], [ -99.238048663217711, 19.442678804670436 ], [ -99.237724835022604, 19.442852508921177 ], [ -99.236445335007375, 19.443449839628368 ], [ -99.236259975067654, 19.443536373494894 ], [ -99.236187959081349, 19.443569993445788 ], [ -99.235922817009651, 19.443581517717366 ], [ -99.23582136482689, 19.443651010690694 ], [ -99.235775652156292, 19.443682323033823 ], [ -99.235551805116046, 19.443727331111479 ], [ -99.235404317553446, 19.443604549810622 ], [ -99.235286308331965, 19.443492909501224 ], [ -99.235156490324727, 19.443364515410359 ], [ -99.235020932989741, 19.443342332363969 ], [ -99.234685130615574, 19.443387484345376 ], [ -99.234054972416061, 19.443617474714209 ], [ -99.233731082029621, 19.443752044273491 ], [ -99.233377808909864, 19.443942547741351 ], [ -99.232688571050446, 19.444066405655256 ], [ -99.232423292602206, 19.443982900621208 ], [ -99.232128592061727, 19.443927381185329 ], [ -99.231686613, 19.443894408063784 ], [ -99.231173980491334, 19.443900651581664 ], [ -99.23095551748419, 19.443936979674735 ], [ -99.230902992452997, 19.443945713991621 ], [ -99.230549624788722, 19.444071930901412 ], [ -99.23035234682412, 19.444156026507219 ], [ -99.230140376968649, 19.444268088883636 ], [ -99.230040260739926, 19.444307343529914 ], [ -99.229374454929641, 19.444336134788614 ], [ -99.229283161427006, 19.444364198525399 ], [ -99.229062418550015, 19.44452378292911 ], [ -99.228829917762951, 19.444702945739067 ], [ -99.228659185479543, 19.444809364711077 ], [ -99.228473706186861, 19.444904622754013 ], [ -99.228176266032989, 19.444997226609654 ], [ -99.227348935820089, 19.445400721411502 ], [ -99.226604154527962, 19.445846031899848 ], [ -99.226197975350146, 19.446137201586684 ], [ -99.225997932060707, 19.446355448002048 ], [ -99.225015816713096, 19.447759675788319 ], [ -99.224521325934788, 19.448112437601608 ], [ -99.223873725416425, 19.448538052781682 ], [ -99.223679438472288, 19.448661265159924 ], [ -99.223390869658914, 19.448784593456455 ], [ -99.223133375589398, 19.448871346158484 ], [ -99.22271647599355, 19.449011804266259 ], [ -99.222448522341679, 19.449129516090764 ], [ -99.222227739664532, 19.449269528417272 ], [ -99.222074710347613, 19.449401073041646 ], [ -99.221957154352154, 19.449619214005111 ], [ -99.22173143850361, 19.450466324850044 ], [ -99.221623039071034, 19.450919220455809 ], [ -99.221608652701349, 19.451173567931622 ], [ -99.221712602824653, 19.451547144110872 ], [ -99.22174781050532, 19.451673673137311 ], [ -99.2201503241659, 19.452467757225612 ], [ -99.220040409063273, 19.452527896523836 ], [ -99.219978704095681, 19.452561657927156 ], [ -99.219973651220585, 19.452861924233812 ], [ -99.219906842483411, 19.452860827570834 ], [ -99.219810769609879, 19.452860251338041 ], [ -99.219349491390219, 19.452877830344221 ], [ -99.218661935140489, 19.453063809217593 ], [ -99.218434067777068, 19.453125444984135 ], [ -99.218148041669892, 19.45325271284322 ], [ -99.217481750733029, 19.453549177743941 ], [ -99.217148169718556, 19.453960427215915 ], [ -99.216925895989874, 19.454228172262646 ], [ -99.215404388676845, 19.456060908396132 ], [ -99.215127185181387, 19.456621812796747 ], [ -99.215127185056843, 19.456621812691491 ], [ -99.214313672114017, 19.458438313942182 ], [ -99.214284931927395, 19.458502487391772 ], [ -99.214271248430606, 19.458533041008231 ], [ -99.214251667480966, 19.458612258143731 ], [ -99.21423412874887, 19.458683213846427 ], [ -99.21411550149891, 19.459163135015839 ], [ -99.214003060658698, 19.459880238477346 ], [ -99.213944173888166, 19.460264399405229 ], [ -99.213895809858158, 19.460438577911724 ], [ -99.21383926642811, 19.460551311422734 ], [ -99.213782722920527, 19.460664044915365 ], [ -99.212761233680439, 19.462263251572971 ], [ -99.212656594746718, 19.462427068012982 ], [ -99.212696685268895, 19.462448410513986 ], [ -99.213558894830427, 19.462907401894938 ], [ -99.212780102872571, 19.465109390379428 ], [ -99.212698189386046, 19.465340991884066 ], [ -99.212424346228843, 19.466177751450786 ], [ -99.212128126698659, 19.467082873750769 ], [ -99.21185272531288, 19.467057589754738 ], [ -99.211739398303493, 19.467103813111269 ], [ -99.211569285663785, 19.467647446048435 ], [ -99.211481297586474, 19.467928630131006 ], [ -99.211146726902896, 19.468077535424904 ], [ -99.210796162599607, 19.468385216379836 ], [ -99.210781584381621, 19.46840049195761 ], [ -99.210591267276399, 19.46859991265147 ], [ -99.210531948157737, 19.468662069087966 ], [ -99.210014341862475, 19.469236245665652 ], [ -99.209841836379681, 19.469451536496578 ], [ -99.209016409220212, 19.469990217843364 ], [ -99.208789624827986, 19.469985358023457 ], [ -99.208762725826503, 19.470062207231997 ], [ -99.207849868563713, 19.469791831998535 ], [ -99.207731540823588, 19.469882588924897 ], [ -99.207646723439368, 19.469944625549584 ], [ -99.207500567945814, 19.470557993291482 ], [ -99.207464851129885, 19.470715979719419 ], [ -99.206923482798246, 19.471208210877663 ], [ -99.206870693923562, 19.471218083333234 ], [ -99.206798193139193, 19.471231642238472 ], [ -99.206580716869823, 19.471370963656636 ], [ -99.206460499329026, 19.471447490339514 ], [ -99.205915638715979, 19.471794329467624 ], [ -99.205363001619716, 19.472075285476684 ], [ -99.205183588317041, 19.472172052468604 ], [ -99.205074477272277, 19.472221967752539 ], [ -99.204336991395408, 19.472390585087531 ], [ -99.202522112049635, 19.472944273053564 ], [ -99.20213345964055, 19.473042934819102 ], [ -99.201351086860555, 19.473241541996554 ], [ -99.201196180363709, 19.473280864919083 ], [ -99.200836155969213, 19.473271868726037 ], [ -99.200145212368341, 19.473060075346293 ], [ -99.199778318863977, 19.472947611009833 ], [ -99.199253877135035, 19.472786851648088 ], [ -99.197965628545148, 19.472391951486358 ], [ -99.197763251650159, 19.472329913793544 ], [ -99.197501340334, 19.472252139146864 ], [ -99.197117262158557, 19.472138086191354 ], [ -99.196657101522192, 19.472001439075299 ], [ -99.196166438280514, 19.471855732504668 ], [ -99.195698296213934, 19.471716712298843 ], [ -99.195230154935203, 19.47157769087471 ], [ -99.195172750736702, 19.471560366917398 ], [ -99.194763457619274, 19.471436846108691 ], [ -99.194663781775589, 19.471411849026392 ], [ -99.194168796328867, 19.471287713788531 ], [ -99.19344301186355, 19.471105694677522 ], [ -99.192885022185081, 19.470985686856583 ], [ -99.192507738774665, 19.47090454277372 ], [ -99.190960739480531, 19.470484605070652 ], [ -99.190494689112313, 19.470358091625798 ], [ -99.190498237275776, 19.470284272297867 ], [ -99.190556490047271, 19.469072318160627 ], [ -99.190594127549758, 19.467924280213534 ], [ -99.190681272179347, 19.466652361489604 ], [ -99.190705571562404, 19.465946968228351 ], [ -99.190708924172156, 19.465849644008635 ], [ -99.190773299366896, 19.464667237840164 ], [ -99.190706525955164, 19.464645003094983 ], [ -99.190175470748855, 19.464468166984339 ], [ -99.190118887641347, 19.464449325256506 ], [ -99.190042850025847, 19.464426389683421 ], [ -99.189998623839287, 19.464413286568995 ], [ -99.189963551536081, 19.464402470477005 ], [ -99.189873016538073, 19.464375161894278 ], [ -99.189825018186454, 19.464360683858235 ], [ -99.189143282025753, 19.464155045959156 ], [ -99.188004695204057, 19.463811597393814 ], [ -99.188028912245954, 19.463665081645903 ], [ -99.188259140441417, 19.46235297064073 ], [ -99.188537665303485, 19.460765580339135 ], [ -99.187332559299747, 19.460464109566757 ], [ -99.187283316101471, 19.460451790634149 ], [ -99.185443136012125, 19.46004924614293 ], [ -99.185292468968441, 19.460016286392133 ], [ -99.184227172211266, 19.459837347701583 ], [ -99.184164140640945, 19.459826760032872 ], [ -99.183154741492871, 19.459657203982459 ], [ -99.182082313087378, 19.459477053897508 ], [ -99.182008854009908, 19.459464785113827 ], [ -99.181147312340045, 19.459320892181719 ], [ -99.18099504010253, 19.459295459530331 ], [ -99.179930632541414, 19.459117677384587 ], [ -99.178964786028104, 19.458956351595301 ], [ -99.178835642177773, 19.458935904509246 ], [ -99.17870980401797, 19.458915332207567 ], [ -99.177989771544219, 19.458787965607073 ], [ -99.177733424852221, 19.458742619680951 ], [ -99.177085637402044, 19.458628028908116 ], [ -99.176877217257555, 19.458592882897801 ], [ -99.175770210070255, 19.458406203354077 ], [ -99.17461364549554, 19.458211159037745 ], [ -99.171124950716461, 19.457622774127543 ], [ -99.170303608398015, 19.457484240454562 ], [ -99.168933878241404, 19.457264506807498 ], [ -99.168744174300926, 19.457234073424821 ], [ -99.16861152048061, 19.457211474271983 ], [ -99.168524029641546, 19.457196569112398 ], [ -99.168343231642382, 19.457165767767524 ], [ -99.168129600645884, 19.457129372636931 ], [ -99.168043920949216, 19.457118564208805 ], [ -99.16788793076077, 19.457089121832684 ], [ -99.167731946710717, 19.457065596688089 ], [ -99.167669228919166, 19.457056384856539 ], [ -99.167601313851208, 19.457046128481903 ], [ -99.16749148490679, 19.457029542314981 ], [ -99.167328326557296, 19.457002876770392 ], [ -99.1667769529369, 19.45690501538844 ], [ -99.166059245749011, 19.456784999329237 ], [ -99.165630207291628, 19.456711213317146 ], [ -99.165525967388803, 19.456693285980347 ], [ -99.165154488813883, 19.456632640327459 ], [ -99.164951948280716, 19.456599574277206 ], [ -99.164325535005148, 19.456494057335895 ], [ -99.16400845526465, 19.45644230309431 ], [ -99.163814027791759, 19.456410568053062 ], [ -99.163739159296767, 19.456400017935209 ], [ -99.163719756909586, 19.45639728383637 ], [ -99.163681673894658, 19.456391917339449 ], [ -99.163605187623048, 19.456381139193354 ], [ -99.163741800842374, 19.455777763070333 ], [ -99.16385900069848, 19.45508140626443 ], [ -99.16389867499467, 19.454823432873024 ], [ -99.163979861361767, 19.454244352812143 ], [ -99.164056985537073, 19.453682503746649 ], [ -99.164079638302582, 19.453517477785923 ], [ -99.164138597391357, 19.45294707196954 ], [ -99.164170617103963, 19.452648534226611 ], [ -99.164194627759485, 19.452424668716468 ], [ -99.164207593844083, 19.452291697424204 ], [ -99.164253551982938, 19.451820380500635 ], [ -99.164233325892283, 19.450087321975435 ], [ -99.164237048566051, 19.450034791391772 ], [ -99.164240771237559, 19.449982260807655 ], [ -99.164421181096486, 19.449172700731886 ], [ -99.164643107497582, 19.448258648050345 ], [ -99.165024140221576, 19.446689256690306 ], [ -99.165318323730347, 19.445169382661682 ], [ -99.165600781368809, 19.44369310989698 ], [ -99.165590730758353, 19.443526597023311 ], [ -99.165584515694164, 19.443424611219033 ], [ -99.167384144414811, 19.44033579819704 ], [ -99.167630305824659, 19.439916657081412 ], [ -99.168188182878353, 19.438740712831617 ], [ -99.168494111051004, 19.438144523278179 ], [ -99.168758153639658, 19.43762995599295 ], [ -99.169530625522526, 19.436219857048812 ], [ -99.171079708553876, 19.434157147388326 ], [ -99.171370331353558, 19.433713090769505 ], [ -99.172329378352401, 19.432258107549156 ], [ -99.173021752607553, 19.430967441369447 ], [ -99.173552742811808, 19.429977598250229 ], [ -99.174000874279301, 19.429219462626445 ], [ -99.174778751235763, 19.428054470057717 ], [ -99.174847453354758, 19.42795192229519 ], [ -99.175596508168937, 19.426877753326085 ], [ -99.176735877109081, 19.425110727185384 ], [ -99.17703083206716, 19.424601287493228 ], [ -99.177588200592069, 19.423716319007521 ], [ -99.177456041874393, 19.423684153577561 ], [ -99.177582621796319, 19.423341582216882 ], [ -99.177659555894607, 19.423139338241011 ], [ -99.177685107092998, 19.422985943859871 ], [ -99.17770322313217, 19.422752386386652 ], [ -99.177699215713176, 19.422445651526129 ], [ -99.177691625281895, 19.42222257619596 ], [ -99.177683964784222, 19.4219350160663 ], [ -99.17767630431797, 19.421647455927104 ], [ -99.177679497140687, 19.421204772913214 ], [ -99.177682655861503, 19.420730718893122 ], [ -99.177678743269198, 19.420511125590391 ], [ -99.177689530170767, 19.420295003570846 ], [ -99.177718554024139, 19.419956865288643 ], [ -99.177733003386024, 19.419730282663163 ], [ -99.177758421370925, 19.419454889928602 ], [ -99.177813131898276, 19.419088841107605 ], [ -99.177860737083591, 19.418945882056057 ], [ -99.17891303132285, 19.417013787655282 ], [ -99.179837373114523, 19.41567786327256 ], [ -99.179875939589223, 19.415609968961714 ], [ -99.181172553623512, 19.413327526238451 ], [ -99.182195017713155, 19.411527565835591 ], [ -99.182349158741161, 19.411387984343907 ], [ -99.182899188122974, 19.410467214188195 ], [ -99.183471942478533, 19.40940763279632 ], [ -99.184276666032432, 19.407918887878644 ], [ -99.182509134712888, 19.407311054834736 ], [ -99.181209547475319, 19.406864128294853 ], [ -99.180702152052703, 19.406687781845164 ], [ -99.178952415276285, 19.406079642946139 ], [ -99.178222965123581, 19.405824225354941 ], [ -99.17781222092475, 19.405680401277479 ], [ -99.177115600050755, 19.405441215947238 ], [ -99.17686622162465, 19.405359347931981 ], [ -99.174398244917498, 19.404549116275007 ], [ -99.173945917942703, 19.404403555228019 ], [ -99.173493592046128, 19.404257992283561 ], [ -99.172580789406979, 19.403964239999386 ], [ -99.171690391854099, 19.40367776126314 ], [ -99.171306728594686, 19.403554318825336 ], [ -99.171176613728349, 19.403512346143867 ], [ -99.171145525771394, 19.403371891802397 ], [ -99.170995656293428, 19.402694782998182 ], [ -99.170911368251836, 19.4023139678809 ], [ -99.170818544180023, 19.401932748506592 ], [ -99.17077282923114, 19.401755954210792 ], [ -99.170495171612828, 19.400449268336608 ], [ -99.170461584801188, 19.400291203792996 ], [ -99.170411594864703, 19.400055943104395 ], [ -99.170348554858705, 19.399824701847663 ], [ -99.170498325102756, 19.39978633388386 ], [ -99.170535273127712, 19.399775236690779 ], [ -99.170577219172941, 19.399762638351113 ], [ -99.170611848237115, 19.399752237630956 ], [ -99.170697072074248, 19.399722251752479 ], [ -99.170723054751406, 19.399713109776659 ], [ -99.171644182291487, 19.399389009026059 ], [ -99.172161398483453, 19.399218613962411 ], [ -99.172872423243234, 19.399012710898905 ], [ -99.175149201087009, 19.398323622065003 ], [ -99.175336172408606, 19.398249294421813 ], [ -99.175436261898327, 19.398223889181725 ], [ -99.175535615694088, 19.39822673930664 ], [ -99.175641125262075, 19.39824304843874 ], [ -99.175843504247482, 19.398321162545773 ], [ -99.176041148733106, 19.398393985200144 ], [ -99.176195116630154, 19.39846290327355 ], [ -99.176403178801692, 19.398553475577646 ], [ -99.176359427600985, 19.39848050410134 ], [ -99.176342728802354, 19.398423293170197 ], [ -99.176350945330469, 19.398328564434383 ], [ -99.176384121789084, 19.398237758182013 ], [ -99.176471379474208, 19.398156766183611 ], [ -99.176581081852959, 19.398125900940212 ], [ -99.177666472207861, 19.397920967277919 ], [ -99.17775204693406, 19.397903863420179 ], [ -99.178128410082365, 19.397817556661145 ], [ -99.178475128013375, 19.397738534459098 ], [ -99.178877251986492, 19.397644605001222 ], [ -99.179496196213066, 19.397491977189183 ], [ -99.179615005384477, 19.397435654991515 ], [ -99.180140718731451, 19.397313280006667 ], [ -99.180926897179432, 19.397143497217048 ], [ -99.181202964443514, 19.397102371555366 ], [ -99.18145048773539, 19.397056033411438 ], [ -99.182230294980158, 19.396918519056065 ], [ -99.182335082596197, 19.396900040112914 ], [ -99.182436961998008, 19.396795601683316 ], [ -99.183461305008436, 19.39642747581529 ], [ -99.184075099677642, 19.396190226528457 ], [ -99.184353947989806, 19.396144469243058 ], [ -99.185098584624001, 19.39602227675239 ], [ -99.185314779144505, 19.395956386739972 ], [ -99.185981190273736, 19.395778390155371 ], [ -99.186503455017359, 19.395638892699299 ], [ -99.187551442309143, 19.395702219126534 ], [ -99.187654358921719, 19.395705246698615 ], [ -99.187824489854862, 19.395710251434782 ], [ -99.188516359640744, 19.395665946108874 ], [ -99.188622832228845, 19.395659127678641 ], [ -99.188894529596155, 19.395641728084058 ], [ -99.188946312838553, 19.395638401745817 ], [ -99.188972098009472, 19.395636745409099 ], [ -99.189007458473014, 19.39563447398767 ], [ -99.189076980678536, 19.395630043623019 ], [ -99.189150688996705, 19.395816842692504 ], [ -99.189255973891306, 19.39608366550571 ], [ -99.189372803398626, 19.3963469637449 ], [ -99.189565862733801, 19.396836888532267 ], [ -99.189866380769615, 19.397599503839132 ], [ -99.189921801527049, 19.397740142530072 ], [ -99.190185909943338, 19.398355572652147 ], [ -99.190536269365978, 19.399171978511959 ], [ -99.190630041675405, 19.399386340213457 ], [ -99.190827618817949, 19.399677390041457 ], [ -99.190881493399758, 19.399764800319968 ], [ -99.190957957685271, 19.39988886777725 ], [ -99.19109063847857, 19.400051422140116 ], [ -99.191215508662282, 19.400199194273608 ], [ -99.191332894224843, 19.400315888539041 ], [ -99.19150147631197, 19.400453290764009 ], [ -99.191738173270096, 19.400620168523584 ], [ -99.191940998029324, 19.400782648244803 ], [ -99.192065843505091, 19.400908234286209 ], [ -99.19216734300241, 19.401063425602228 ], [ -99.192261092485921, 19.401255600906552 ], [ -99.192331153552104, 19.401471193183987 ], [ -99.192347291888822, 19.401654848910166 ], [ -99.192324267196753, 19.401958075240046 ], [ -99.192277806837822, 19.402422724641866 ], [ -99.192252878414124, 19.402672032409711 ], [ -99.192193277115734, 19.403237578081566 ], [ -99.192199877536282, 19.4034885153335 ], [ -99.192206477980747, 19.403739452578105 ], [ -99.19232011465553, 19.403726815384061 ], [ -99.192387310755706, 19.403719248899311 ], [ -99.192412060433469, 19.403716370040954 ], [ -99.192461588530705, 19.403710809053351 ], [ -99.192513554163597, 19.403704974365532 ], [ -99.192974934554854, 19.403653170026057 ], [ -99.193854262807662, 19.403553242381143 ], [ -99.194686489521388, 19.403463014674692 ], [ -99.194940983604383, 19.403413734934482 ], [ -99.195137648900214, 19.403388429980687 ], [ -99.195466672875639, 19.403346093922355 ], [ -99.195895185810386, 19.403299517541207 ], [ -99.196367858824956, 19.403240266547286 ], [ -99.196655262230962, 19.403203849524431 ], [ -99.196752190758076, 19.403189592662127 ], [ -99.19762243905231, 19.403071264795297 ], [ -99.197887486643125, 19.403033245932054 ], [ -99.19810392863333, 19.402991087385207 ], [ -99.198280591320497, 19.402936395143819 ], [ -99.198448402207418, 19.402869135561048 ], [ -99.198916310015193, 19.402664721993286 ], [ -99.199024529120834, 19.402621321739428 ], [ -99.199852677654917, 19.402280678081006 ], [ -99.200440222184909, 19.40203600038063 ], [ -99.20054225781152, 19.401998135679762 ], [ -99.201005261000333, 19.401818256626179 ], [ -99.201420400174754, 19.401679451924164 ], [ -99.20151362828318, 19.401652532645912 ], [ -99.201894148681745, 19.401553072688099 ], [ -99.202234531005985, 19.401511675049687 ], [ -99.202466858266789, 19.40148577938632 ], [ -99.203066658682985, 19.401419522324908 ], [ -99.203779777634523, 19.401340744868282 ], [ -99.204557806581477, 19.401257832481662 ], [ -99.205087284470082, 19.401190579581677 ], [ -99.20620567292427, 19.401050874347892 ], [ -99.207845429439729, 19.400843910577489 ], [ -99.207882222621549, 19.400837859128266 ], [ -99.208426203502896, 19.400748388569678 ], [ -99.209069128858303, 19.40066048435455 ], [ -99.210255617172024, 19.400467967995166 ], [ -99.210426864800993, 19.400440181145544 ], [ -99.210522009410326, 19.400424742791213 ], [ -99.210546306163693, 19.400418294202268 ], [ -99.21096238804715, 19.400306196431949 ], [ -99.211492872170609, 19.400131932626373 ], [ -99.212041655403326, 19.399957645935547 ], [ -99.21232976049501, 19.399861803584027 ], [ -99.212565830303447, 19.399770890013368 ], [ -99.212730217611039, 19.399702807819498 ], [ -99.212891102855806, 19.399659434476856 ], [ -99.21299119908484, 19.399599828656221 ], [ -99.213260236641247, 19.399439619453286 ], [ -99.213703710276206, 19.399204674675126 ], [ -99.213891100391919, 19.399117082932843 ], [ -99.21421584972687, 19.398965347070913 ], [ -99.214845626377695, 19.398707794818623 ], [ -99.216938706366022, 19.398021396323045 ], [ -99.217302544535983, 19.397902394328025 ], [ -99.218306131280883, 19.397577796858375 ], [ -99.21979484332023, 19.397096279177109 ], [ -99.222165359960883, 19.396334735632884 ], [ -99.222437076791749, 19.396243438119349 ], [ -99.223015592777259, 19.396043865695837 ], [ -99.223658017251893, 19.395870035923657 ], [ -99.225004612427924, 19.395680689469263 ], [ -99.225869638311735, 19.395703352472815 ], [ -99.226696580324003, 19.395810770527937 ], [ -99.227056101804067, 19.395823397659054 ], [ -99.227400360362495, 19.395824083874558 ], [ -99.229826654194355, 19.395303285416933 ], [ -99.230537132754606, 19.395106108032536 ], [ -99.230900795709346, 19.394961781804927 ], [ -99.231247721441477, 19.394895483041022 ], [ -99.231597493486817, 19.394911799477406 ], [ -99.232004815889667, 19.394930799714842 ], [ -99.232392960687292, 19.394948904526991 ], [ -99.23259856352864, 19.394895413376091 ], [ -99.232901734057535, 19.394816537809241 ], [ -99.233652376097851, 19.394507614052081 ], [ -99.235710923592521, 19.39366040514059 ], [ -99.236080899772091, 19.393539185743656 ], [ -99.236566721618175, 19.393538554367016 ], [ -99.237214611264477, 19.39362552084425 ], [ -99.237645449339141, 19.393597517521901 ], [ -99.238076123669629, 19.393457006198769 ], [ -99.238451797250519, 19.393278148899693 ], [ -99.238801251815943, 19.392967609518788 ], [ -99.23889217893749, 19.392854982893009 ], [ -99.238983105934324, 19.392742356221795 ], [ -99.239092645068752, 19.392503477443782 ], [ -99.239121242275829, 19.392283913593538 ], [ -99.239111458726498, 19.392026782476922 ], [ -99.239099156814078, 19.391021666595634 ], [ -99.239099156814063, 19.391021666595613 ], [ -99.239142180459055, 19.390780131112912 ], [ -99.239261002774413, 19.390266315563704 ], [ -99.239605871108523, 19.389486164094386 ], [ -99.239763881562638, 19.389063994496237 ], [ -99.239849917292275, 19.388887153245044 ] ], [ [ -99.194933355681499, 19.448891395099796 ], [ -99.194947905032421, 19.448840768996753 ], [ -99.194933355681542, 19.448891395099615 ], [ -99.194877992760141, 19.449084036316865 ], [ -99.194933355681499, 19.448891395099796 ] ], [ [ -99.213136630873876, 19.450856489396401 ], [ -99.214911141145066, 19.452209362171242 ], [ -99.214911141145066, 19.452209362171239 ], [ -99.213136630873876, 19.450856489396401 ] ], [ [ -99.213224723283389, 19.446455330689712 ], [ -99.213224723283403, 19.446455330689712 ], [ -99.213273301470664, 19.445750958943581 ], [ -99.213224723283389, 19.446455330689712 ] ], [ [ -99.208351686910717, 19.440471161279383 ], [ -99.208796647195967, 19.440649633615994 ], [ -99.208909677000022, 19.440694969319615 ], [ -99.208796647195967, 19.440649633615909 ], [ -99.208351686910717, 19.440471161279383 ] ], [ [ -99.204336133312225, 19.416142992515667 ], [ -99.204579359808363, 19.416367732999781 ], [ -99.20470103857096, 19.416532240482894 ], [ -99.204579359808363, 19.416367732999781 ], [ -99.204336133312225, 19.416142992515667 ] ], [ [ -99.203490921654421, 19.413590694689695 ], [ -99.203178939500532, 19.412208726524934 ], [ -99.203490921654421, 19.413590694689784 ], [ -99.203523318319597, 19.413734605799 ], [ -99.203645397218821, 19.41422291466673 ], [ -99.203523318319597, 19.413734605798908 ], [ -99.203490921654421, 19.413590694689695 ] ], [ [ -99.202936266830619, 19.406787257046755 ], [ -99.202861386868591, 19.407039795912294 ], [ -99.202973749190534, 19.409026383388646 ], [ -99.202861386868591, 19.407039795912294 ], [ -99.202936266830619, 19.406787257046755 ] ], [ [ -99.215739781586691, 19.442183728782368 ], [ -99.215341791434525, 19.442368163636988 ], [ -99.215341791434497, 19.442368163637092 ], [ -99.215739781586691, 19.442183728782368 ] ], [ [ -99.223923360798224, 19.405661817828161 ], [ -99.223751808618175, 19.405724135686167 ], [ -99.223923360798224, 19.40566181782825 ], [ -99.224247600998211, 19.405570328411979 ], [ -99.223923360798224, 19.405661817828161 ] ], [ [ -99.210565939591717, 19.410001506994266 ], [ -99.210646713248622, 19.40984225690972 ], [ -99.210565939591689, 19.410001506994202 ], [ -99.210565939591717, 19.410001506994266 ] ], [ [ -99.210695043678939, 19.411439253577662 ], [ -99.210614665019321, 19.411905839769709 ], [ -99.210512716640565, 19.412207459672544 ], [ -99.210512716640565, 19.412207459672629 ], [ -99.210614665019321, 19.411905839769801 ], [ -99.210695043678939, 19.411439253577662 ] ], [ [ -99.239572607324604, 19.394483344269322 ], [ -99.239434689836088, 19.394631774990742 ], [ -99.239026225932477, 19.395071373265594 ], [ -99.239434689836088, 19.394631774990827 ], [ -99.239572607324604, 19.394483344269322 ] ], [ [ -99.217973256559958, 19.409921496137887 ], [ -99.218097599087073, 19.409937826363844 ], [ -99.217973256559958, 19.409921496137887 ], [ -99.217973256559958, 19.409921496137887 ] ], [ [ -99.198641914040735, 19.449161872567238 ], [ -99.19827643140566, 19.449080383764596 ], [ -99.19762083119528, 19.448934207661758 ], [ -99.198276431405645, 19.449080383764596 ], [ -99.198641914040735, 19.449161872567238 ] ], [ [ -99.184095447222191, 19.451649396329202 ], [ -99.183897467581559, 19.452736115169312 ], [ -99.184603128614654, 19.452861371423719 ], [ -99.183897467581559, 19.452736115169312 ], [ -99.184095447222191, 19.451649396329202 ] ], [ [ -99.174129519703527, 19.439104717519211 ], [ -99.173396615068, 19.438621101183557 ], [ -99.174129519703513, 19.439104717519211 ], [ -99.175357880583562, 19.43992117059522 ], [ -99.174129519703527, 19.439104717519211 ] ] ] ] } },
{ "type": "Feature", "properties": { "id": 2303.0, "entidad": 9, "distrito_f": 9, "distrito_l": 8, "municipio": 11, "seccion": 3661, "tipo": 2, "control": 36572.0, "SECCION_TX": "3661", "SECCION__1": null, "SECCION__2": null, "SECCION_N": "3661", "ESTATUS": null, "ALCALDIA_N": "TLAHUAC" }, "geometry": { "type": "MultiPolygon", "coordinates": [ [ [ [ -99.062787105825933, 19.281313283464062 ], [ -99.064555280956242, 19.28194809771329 ], [ -99.065938598674265, 19.282813685655608 ], [ -99.068490345289874, 19.284414672599752 ], [ -99.068901928288767, 19.284688017314188 ], [ -99.069094011018208, 19.284839888918082 ], [ -99.068973355962072, 19.284969875865642 ], [ -99.068741364880381, 19.285219998880024 ], [ -99.068610605191239, 19.285360978003624 ], [ -99.068522998498395, 19.285455431349813 ], [ -99.068487014978842, 19.285494227015846 ], [ -99.06843614525566, 19.28554907221314 ], [ -99.068254420259933, 19.285744998620277 ], [ -99.068071086474092, 19.28594265888281 ], [ -99.068031036047998, 19.285985838930454 ], [ -99.067903813213007, 19.286123003006612 ], [ -99.067705153998773, 19.286337184891458 ], [ -99.067531692453073, 19.286524199598265 ], [ -99.067345367353568, 19.286725082274309 ], [ -99.067159041799812, 19.286925964757192 ], [ -99.067040117804567, 19.287054179489175 ], [ -99.066957657939398, 19.287101910942333 ], [ -99.06692851008529, 19.287133335841649 ], [ -99.066912763544167, 19.287150312503638 ], [ -99.066671677669319, 19.287388739824731 ], [ -99.066312599361098, 19.287743856550868 ], [ -99.065985124761113, 19.288067716282903 ], [ -99.065922739468803, 19.288129412715829 ], [ -99.065693278235017, 19.288356339651607 ], [ -99.065661625969639, 19.288391983381313 ], [ -99.065414459598088, 19.288670317597823 ], [ -99.065340364817601, 19.288743593461135 ], [ -99.064978692312465, 19.289100947892209 ], [ -99.06427737724114, 19.289853049174933 ], [ -99.063714437946146, 19.290389722475904 ], [ -99.063517132066224, 19.290584153148771 ], [ -99.063382808234238, 19.29071651918288 ], [ -99.0627820068066, 19.291338241171587 ], [ -99.062438231523117, 19.291706957991046 ], [ -99.062054829913251, 19.292118173378043 ], [ -99.061614782144858, 19.292590140766702 ], [ -99.061592836473508, 19.293147161797041 ], [ -99.061570890659453, 19.293704182791213 ], [ -99.061554720949843, 19.294114594377135 ], [ -99.06171561770276, 19.294231970816291 ], [ -99.062005151987123, 19.294443189356254 ], [ -99.062129747562565, 19.29488946704214 ], [ -99.062351319066337, 19.295687779056902 ], [ -99.062458341328252, 19.296109123935793 ], [ -99.062521201896402, 19.296359572066017 ], [ -99.062640367934222, 19.296834349418315 ], [ -99.062652053043308, 19.296880904686088 ], [ -99.062659134608055, 19.296981727744061 ], [ -99.062674426605042, 19.29719944556059 ], [ -99.062663127777498, 19.29738460762584 ], [ -99.06283780506314, 19.297623690509962 ], [ -99.063043889343135, 19.297895515358555 ], [ -99.0632669059747, 19.298189672667185 ], [ -99.063460344741813, 19.298463343695321 ], [ -99.063478151858618, 19.298488536582404 ], [ -99.06349595898088, 19.298513729467675 ], [ -99.063615033159422, 19.298694172695093 ], [ -99.063650409589627, 19.298752198203946 ], [ -99.063723853001576, 19.298876060762527 ], [ -99.06409865433173, 19.299812690245496 ], [ -99.064126164837717, 19.299881438614502 ], [ -99.064425147290692, 19.300632094295668 ], [ -99.064600287392452, 19.301109133549662 ], [ -99.064791027648212, 19.301628660467383 ], [ -99.064504147722232, 19.30252568822182 ], [ -99.064486826541355, 19.302579848462148 ], [ -99.064434945249033, 19.302742071777132 ], [ -99.064361922885936, 19.302951054962353 ], [ -99.064160431245313, 19.303527702309864 ], [ -99.063823724484507, 19.304491311199225 ], [ -99.063708461785154, 19.304817270327625 ], [ -99.063439252820046, 19.305578579105461 ], [ -99.063414186923396, 19.305649463761171 ], [ -99.063391564859813, 19.305713437367178 ], [ -99.062599606628709, 19.305446514921019 ], [ -99.06084619457576, 19.304856293777117 ], [ -99.06047981733829, 19.304732963797516 ], [ -99.05982006535676, 19.304509661230274 ], [ -99.058390189799795, 19.30624062062288 ], [ -99.057438527814369, 19.307411884735288 ], [ -99.057267107094972, 19.307623192364019 ], [ -99.056929112467913, 19.308039274953831 ], [ -99.056532925406245, 19.308525510002312 ], [ -99.056372538473781, 19.308722124858441 ], [ -99.056298403822339, 19.30881020950557 ], [ -99.055758354410031, 19.309451876813458 ], [ -99.055670329250518, 19.309559628360617 ], [ -99.055182842158715, 19.310156949912365 ], [ -99.054885087329893, 19.310521788326184 ], [ -99.05457451082404, 19.310913309745558 ], [ -99.054371271668614, 19.31116951740103 ], [ -99.054249179559719, 19.311323428847459 ], [ -99.054104862928369, 19.311505356436211 ], [ -99.054020581626801, 19.311609319593536 ], [ -99.053911194565273, 19.311744251097515 ], [ -99.053842599007126, 19.311828865178995 ], [ -99.053568266069462, 19.312167259564916 ], [ -99.053367492983298, 19.312085226028856 ], [ -99.053042050188779, 19.311893176308661 ], [ -99.052861476429456, 19.311768352940476 ], [ -99.052778883981631, 19.311572493291383 ], [ -99.052742753773188, 19.311499047402844 ], [ -99.052049926709287, 19.311012591352576 ], [ -99.051669216426617, 19.311509241259483 ], [ -99.051458069520223, 19.311784688013347 ], [ -99.05121007285905, 19.312108205063542 ], [ -99.050379422035377, 19.311491122008043 ], [ -99.049920075058267, 19.311149873619375 ], [ -99.049627293076597, 19.310932364840834 ], [ -99.049325995412076, 19.311293067341932 ], [ -99.048931922195493, 19.311788071401544 ], [ -99.048131498509264, 19.312793489397201 ], [ -99.047859981789287, 19.312597578671362 ], [ -99.047751822569055, 19.312519558282212 ], [ -99.047690144448154, 19.312475066858195 ], [ -99.047560115092196, 19.312381270220854 ], [ -99.047405627231043, 19.312269830186963 ], [ -99.047376251360475, 19.312248639829782 ], [ -99.04722025785631, 19.312136113356043 ], [ -99.047188986052632, 19.312101922766765 ], [ -99.047157714261985, 19.312067732171876 ], [ -99.046900476507489, 19.311903764138382 ], [ -99.046583976133007, 19.311702020079696 ], [ -99.04589254935722, 19.312589349387775 ], [ -99.045266068773586, 19.313393320659422 ], [ -99.045135135805666, 19.31336069712513 ], [ -99.044603652484554, 19.312911469353061 ], [ -99.043629398798785, 19.31221437478073 ], [ -99.043514413513577, 19.31235432646719 ], [ -99.043497041674399, 19.312375470173254 ], [ -99.043271146041121, 19.312650412828546 ], [ -99.043167137355127, 19.312777003734052 ], [ -99.043041548577719, 19.312926831067845 ], [ -99.042837306479711, 19.313170490992864 ], [ -99.042817473844721, 19.313194151188355 ], [ -99.04268088095121, 19.313357105314587 ], [ -99.042608624734328, 19.313443306175973 ], [ -99.042507474026905, 19.313563977641561 ], [ -99.042404970727944, 19.313686262492077 ], [ -99.042219553552243, 19.31390746170376 ], [ -99.0421872098606, 19.313945629227703 ], [ -99.041965073895881, 19.314207519743718 ], [ -99.041793560094618, 19.314409962950432 ], [ -99.041725375646408, 19.314347417783271 ], [ -99.040477899894555, 19.315418248813859 ], [ -99.04013213792021, 19.315091521569176 ], [ -99.040076946413478, 19.315097049372941 ], [ -99.040036923337894, 19.315058670118667 ], [ -99.039870004486133, 19.314898606641144 ], [ -99.039800918076963, 19.314832357481077 ], [ -99.039719887558405, 19.314753308156689 ], [ -99.039276214378404, 19.314920981498375 ], [ -99.031949590522487, 19.317689659587618 ], [ -99.030045915994805, 19.318142884380684 ], [ -99.031363094024982, 19.314342133175987 ], [ -99.031373886366524, 19.314310990826275 ], [ -99.031480645545955, 19.314169920659097 ], [ -99.031496135344284, 19.314149452619148 ], [ -99.031650290896536, 19.314028288083726 ], [ -99.031820408430661, 19.31397273697679 ], [ -99.031910778274266, 19.313917199674584 ], [ -99.032076193598158, 19.313847285573353 ], [ -99.032155291125321, 19.313679928431345 ], [ -99.032734636641223, 19.312912618902601 ], [ -99.03309615067748, 19.312882269225195 ], [ -99.033239677047646, 19.312791389730162 ], [ -99.03340977841053, 19.312665173376693 ], [ -99.033494794561449, 19.312432976854073 ], [ -99.033531928472172, 19.312034224497108 ], [ -99.033531928472087, 19.312034224095772 ], [ -99.033494794561378, 19.312432976452637 ], [ -99.033409778410473, 19.312665172975347 ], [ -99.033239677047575, 19.312791389328815 ], [ -99.033096150677423, 19.312882268823845 ], [ -99.032734636641152, 19.312912618501247 ], [ -99.03215529112525, 19.31367992803008 ], [ -99.032076193598101, 19.313847285172088 ], [ -99.031910778274195, 19.313917199273408 ], [ -99.031820408430576, 19.313972736575618 ], [ -99.031650290896465, 19.314028287682465 ], [ -99.031496135344213, 19.314149452217979 ], [ -99.031480645545884, 19.314169920257928 ], [ -99.031373886366453, 19.314310990425106 ], [ -99.031363094024911, 19.314342132774907 ], [ -99.030045915994734, 19.318142883979974 ], [ -99.027320043768199, 19.318791817759294 ], [ -99.026787909, 19.318918495000027 ], [ -99.026162751248123, 19.319067314306782 ], [ -99.026056424398448, 19.319092625279914 ], [ -99.026035708433341, 19.319029530181062 ], [ -99.026035708342008, 19.319029530303268 ], [ -99.026056424398504, 19.319092625680458 ], [ -99.026018908174379, 19.319101556353896 ], [ -99.022865384172206, 19.319852216314093 ], [ -99.02132680247739, 19.32021843562265 ], [ -99.018630995264104, 19.320860067084332 ], [ -99.01050151670664, 19.322794699714283 ], [ -99.00887694297144, 19.32318126270285 ], [ -99.008830283296689, 19.323192365007259 ], [ -99.003883354075924, 19.324369371796493 ], [ -99.001373344145691, 19.324966512490331 ], [ -98.999763830179631, 19.325349401366505 ], [ -98.997350839165222, 19.325402560915474 ], [ -98.989424690814985, 19.32557695351252 ], [ -98.984494896670071, 19.325685245826204 ], [ -98.979634520147243, 19.325791882654677 ], [ -98.979599618933719, 19.325792647919613 ], [ -98.980641966216353, 19.324669216154071 ], [ -98.980332901982493, 19.324124179684379 ], [ -98.979935459348056, 19.324057059051679 ], [ -98.979761179455181, 19.323974310784308 ], [ -98.979705834646794, 19.323948032961486 ], [ -98.979440866668142, 19.32395638795553 ], [ -98.979377194299943, 19.323954906474302 ], [ -98.978974588218406, 19.323931853080325 ], [ -98.978698967921346, 19.323889225476432 ], [ -98.978601794860353, 19.324031753459909 ], [ -98.978539906816309, 19.324509672254038 ], [ -98.978425073114764, 19.324618659384573 ], [ -98.978301415842992, 19.324660568052455 ], [ -98.978336716188238, 19.324878573599666 ], [ -98.978389674597821, 19.325146889230073 ], [ -98.978389647038028, 19.325356505899425 ], [ -98.977841759345097, 19.325340436415253 ], [ -98.977398570528095, 19.325198482337846 ], [ -98.977193533638683, 19.325129058245114 ], [ -98.977035614958211, 19.325075587859125 ], [ -98.97692341017536, 19.325037595840044 ], [ -98.97687525107925, 19.325021289366838 ], [ -98.976799882746931, 19.324995769925408 ], [ -98.97670425184802, 19.324962919253114 ], [ -98.976475623564625, 19.324884381694158 ], [ -98.976384785731284, 19.324853177310516 ], [ -98.976234092823631, 19.32486616265836 ], [ -98.975917257697418, 19.324893464222551 ], [ -98.97328589107579, 19.324857647887828 ], [ -98.969271893592946, 19.324800141440448 ], [ -98.96898842268395, 19.324796432102456 ], [ -98.966754836598483, 19.324830135305248 ], [ -98.966153100145476, 19.324839210394583 ], [ -98.960185404596047, 19.32491565658021 ], [ -98.960075357722886, 19.324924078772607 ], [ -98.959994510798339, 19.324930266168991 ], [ -98.957901396685685, 19.323154874456552 ], [ -98.957960403217598, 19.323083789772273 ], [ -98.95856572356162, 19.322378465762515 ], [ -98.958818215334887, 19.322038264702975 ], [ -98.95916229997745, 19.321635856935586 ], [ -98.959222141195056, 19.321557632873596 ], [ -98.959847779956604, 19.320739795453164 ], [ -98.960855032436996, 19.319423089403283 ], [ -98.961391400903892, 19.318721923938377 ], [ -98.961817499684898, 19.318164902632297 ], [ -98.962468510547296, 19.317310021792835 ], [ -98.962607645967552, 19.317115618242639 ], [ -98.962964332831476, 19.316617244900954 ], [ -98.963110682105267, 19.316249700702887 ], [ -98.963400872101005, 19.31440460610375 ], [ -98.963435582509049, 19.314183906517854 ], [ -98.963530640892102, 19.313513725268454 ], [ -98.963628705955102, 19.31282233930256 ], [ -98.963726770188288, 19.312130954032458 ], [ -98.963866775377824, 19.311242678360053 ], [ -98.963879241904124, 19.311155695564846 ], [ -98.963897540560808, 19.311028020028367 ], [ -98.9640396944028, 19.3100361606296 ], [ -98.964129586549902, 19.309408943884218 ], [ -98.964190379403576, 19.308987364315126 ], [ -98.964202125124032, 19.308905911134659 ], [ -98.96434784774803, 19.307895359932413 ], [ -98.964502133936506, 19.307352643421329 ], [ -98.964620480500045, 19.307123953550004 ], [ -98.964835633999826, 19.306807472869917 ], [ -98.964960235946265, 19.306687468414712 ], [ -98.965126058639569, 19.306527763745802 ], [ -98.965366007037275, 19.30635574579237 ], [ -98.965425071948928, 19.306313402312185 ], [ -98.965491230059087, 19.306278162731875 ], [ -98.965758490352655, 19.30613580426698 ], [ -98.966051026004024, 19.306035796537454 ], [ -98.966191053792912, 19.306001672768897 ], [ -98.966285479751875, 19.305978661770691 ], [ -98.966822964130543, 19.305924870311259 ], [ -98.967036668281025, 19.305944168474884 ], [ -98.967225978420856, 19.305961263083372 ], [ -98.967214185225203, 19.305914089867123 ], [ -98.967199401057258, 19.30585495261229 ], [ -98.967172823727978, 19.305748641650307 ], [ -98.968121231640836, 19.299450856444761 ], [ -98.96883764882746, 19.294693249489605 ], [ -98.96893441912303, 19.294050592511738 ], [ -98.969018544445674, 19.293491907334335 ], [ -98.969105891182735, 19.29291182429257 ], [ -98.969176804865413, 19.292440872598977 ], [ -98.96939780805792, 19.290973129291885 ], [ -98.969507379752287, 19.290214229072351 ], [ -98.970219666470257, 19.285794878782404 ], [ -98.970810639596863, 19.28222553885287 ], [ -98.970965676010195, 19.281289126146341 ], [ -98.971502918717022, 19.277819071484871 ], [ -98.971654102527637, 19.276842544423229 ], [ -98.972275828341466, 19.273309858270565 ], [ -98.972438377262833, 19.272386216577726 ], [ -98.982399200514678, 19.273735048474862 ], [ -98.992113624072829, 19.275093732718329 ], [ -98.992201315413425, 19.274573427308479 ], [ -98.992339861416752, 19.274591650042279 ], [ -98.993222825559101, 19.274707782338133 ], [ -98.994303685842695, 19.274849936991128 ], [ -98.995406608123133, 19.274994986392954 ], [ -98.995489533079692, 19.274417911223441 ], [ -98.995494223527956, 19.274385270248494 ], [ -98.995572744806751, 19.273838836277307 ], [ -98.99565595594872, 19.27325976125654 ], [ -98.996731483091139, 19.273424392229145 ], [ -98.996813595084589, 19.272830268319172 ], [ -98.996813595029479, 19.272830268311427 ], [ -98.996731483091153, 19.27342439182264 ], [ -98.995655955948735, 19.273259760850035 ], [ -98.995572744806765, 19.273838835870809 ], [ -98.995494223527984, 19.274385269841989 ], [ -98.995489533079706, 19.274417910817029 ], [ -98.995406608123147, 19.274994985986542 ], [ -98.994303685842723, 19.274849936584804 ], [ -98.993222825559116, 19.274707781931717 ], [ -98.992339861416767, 19.274591649635866 ], [ -98.992201315413439, 19.274573426902062 ], [ -98.992113624072843, 19.275093732311912 ], [ -98.98239920051472, 19.273735048068357 ], [ -98.97243837726289, 19.272386216171039 ], [ -98.973139062029674, 19.268848699376438 ], [ -98.973262799427474, 19.267900814889899 ], [ -98.974503630563191, 19.26110852613315 ], [ -98.976361111111103, 19.253083333361825 ], [ -98.966027777777782, 19.250000000028511 ], [ -98.968583333333328, 19.232333333361598 ], [ -98.968605554339547, 19.232172105490932 ], [ -98.9685, 19.23213888891717 ], [ -98.968447179088074, 19.232111490593777 ], [ -98.967826732711288, 19.231788961570562 ], [ -98.966380904166783, 19.231333692538307 ], [ -98.966084762428878, 19.231240440440789 ], [ -98.966059015320056, 19.231232458256596 ], [ -98.966025595307471, 19.231222102725983 ], [ -98.96595793542096, 19.231201136997758 ], [ -98.965902275405355, 19.231183891411742 ], [ -98.965544957555849, 19.231072992964656 ], [ -98.965226599794519, 19.230974148604954 ], [ -98.964745461766768, 19.230823659879917 ], [ -98.963995365204681, 19.230589442554898 ], [ -98.96360630969339, 19.230467353608407 ], [ -98.963036735503195, 19.230289198076196 ], [ -98.962467162544087, 19.230111040771053 ], [ -98.962306219807871, 19.230060515620039 ], [ -98.962156978085304, 19.230013663642911 ], [ -98.961555688689302, 19.229825029929639 ], [ -98.96136583499657, 19.229765469411912 ], [ -98.960525176815565, 19.229501736938115 ], [ -98.960336542555623, 19.229442557684866 ], [ -98.960256734958179, 19.229417363962185 ], [ -98.960100860893604, 19.229368014970699 ], [ -98.959798162668832, 19.229272181680983 ], [ -98.959259649238078, 19.229102163507243 ], [ -98.95875623683861, 19.228944921438266 ], [ -98.957883888862341, 19.228672437468926 ], [ -98.956700742731726, 19.228295023317209 ], [ -98.956122930008377, 19.228113206720355 ], [ -98.954468106978979, 19.227592481936661 ], [ -98.953042865023633, 19.227229635510803 ], [ -98.95225, 19.22702777780604 ], [ -98.951087346043835, 19.22667311884922 ], [ -98.95093846793462, 19.226627704043928 ], [ -98.949924697093863, 19.226318452509847 ], [ -98.949593940090693, 19.226217553379215 ], [ -98.949152070115645, 19.226082757538226 ], [ -98.946103990903026, 19.225250732630055 ], [ -98.945648116824728, 19.225125992176309 ], [ -98.94565669217836, 19.224759786211376 ], [ -98.947147223445981, 19.219778088924802 ], [ -98.948636807674163, 19.214921960089743 ], [ -98.950183382600699, 19.215557045971064 ], [ -98.950830859791239, 19.215753639747582 ], [ -98.951560644519972, 19.215854713697954 ], [ -98.952281582123518, 19.215650694798967 ], [ -98.95228158219895, 19.215650695150792 ], [ -98.952688267961889, 19.215314934132568 ], [ -98.953656969327483, 19.215297686871647 ], [ -98.955159873051571, 19.215306454033456 ], [ -98.95563480751224, 19.215560598221558 ], [ -98.955955196334884, 19.215767114030559 ], [ -98.95613932997523, 19.215879124850083 ], [ -98.956385869694685, 19.216027519211892 ], [ -98.95674996420712, 19.216063635067361 ], [ -98.956921835592993, 19.216067862005378 ], [ -98.957045796848604, 19.216070910560152 ], [ -98.957212703964984, 19.215970066822315 ], [ -98.957576853989707, 19.215790003651456 ], [ -98.957842390150546, 19.215617123006819 ], [ -98.957974191279831, 19.215505882940487 ], [ -98.95814407824497, 19.215355358023249 ], [ -98.958374788244356, 19.215102944246727 ], [ -98.958471546484972, 19.215051908025941 ], [ -98.958696174825207, 19.214933424965146 ], [ -98.959022342282111, 19.214845637292967 ], [ -98.95917465200165, 19.214804642791137 ], [ -98.95941470645495, 19.214714547639389 ], [ -98.959436236210195, 19.21470646725848 ], [ -98.95948174196451, 19.214689388380393 ], [ -98.959810241193225, 19.214628406762429 ], [ -98.960060199451405, 19.214526707030682 ], [ -98.960424415908648, 19.214411463475582 ], [ -98.960710076595163, 19.214316553411912 ], [ -98.961059976710672, 19.214343762811833 ], [ -98.961281330287989, 19.214411646514463 ], [ -98.961321345988679, 19.214415587501339 ], [ -98.961488413192356, 19.214432041188164 ], [ -98.961513961672793, 19.214427552248544 ], [ -98.96153951015188, 19.21442306330545 ], [ -98.961582344458108, 19.214272241233367 ], [ -98.961635462446267, 19.214185781382451 ], [ -98.961508953114915, 19.213669122721026 ], [ -98.963315734282716, 19.212911850435631 ], [ -98.963751102463959, 19.212729371120822 ], [ -98.964587449881577, 19.213065497018881 ], [ -98.964659778775129, 19.212780601400258 ], [ -98.964789923097072, 19.212488851568281 ], [ -98.964829675478697, 19.212464830680545 ], [ -98.964898341503712, 19.212409921512279 ], [ -98.964959781439347, 19.212351578290821 ], [ -98.965042921948722, 19.212197125105963 ], [ -98.965104413893144, 19.211891631340595 ], [ -98.965147825747735, 19.211647921735764 ], [ -98.965155074903421, 19.211541511086573 ], [ -98.965209320180364, 19.211328697332167 ], [ -98.965234645464449, 19.211177665170055 ], [ -98.965158811902754, 19.210954529300995 ], [ -98.965158827808239, 19.210879011085424 ], [ -98.965198597080715, 19.210772606603989 ], [ -98.965520321967276, 19.210117031925339 ], [ -98.965677557660612, 19.209849314993988 ], [ -98.96574983138315, 19.209815002044976 ], [ -98.965885348956249, 19.209729211146957 ], [ -98.965993766441585, 19.20964341512229 ], [ -98.966078698261484, 19.209552465717813 ], [ -98.96617086084413, 19.209440921726276 ], [ -98.966230495369587, 19.209368847136965 ], [ -98.966302772263603, 19.209317370733697 ], [ -98.966574420537214, 19.208864908320862 ], [ -98.966597982569695, 19.208885383218398 ], [ -98.966621544608032, 19.208905858112956 ], [ -98.966645106652138, 19.208926333004364 ], [ -98.966668668702127, 19.208946807892705 ], [ -98.966694344712181, 19.208969449277618 ], [ -98.966838505518524, 19.209096568647674 ], [ -98.966902975249113, 19.209153417227295 ], [ -98.96700375903697, 19.209242286951429 ], [ -98.967495409070338, 19.209732849282833 ], [ -98.967610406627628, 19.209847591812064 ], [ -98.967645170095366, 19.209883403167396 ], [ -98.967885248070928, 19.210112038354737 ], [ -98.968450662084848, 19.210515746705326 ], [ -98.968539171806313, 19.210563002361315 ], [ -98.968618393972903, 19.210597678186499 ], [ -98.968654797565861, 19.210613612152738 ], [ -98.968855320262051, 19.21070976043492 ], [ -98.969108234549225, 19.2108179315968 ], [ -98.969283467146226, 19.21089862823635 ], [ -98.969415339329757, 19.210981033801225 ], [ -98.969572500411445, 19.211089188318027 ], [ -98.969697145542639, 19.211175025125293 ], [ -98.969767597591272, 19.211221377484282 ], [ -98.969872377242837, 19.21126430281516 ], [ -98.9699064132882, 19.211280852741538 ], [ -98.969950057663283, 19.2113020746758 ], [ -98.970046708899233, 19.211336416958371 ], [ -98.970143360175356, 19.211370759189812 ], [ -98.97040350335763, 19.211477213413094 ], [ -98.97063835451182, 19.211576797924199 ], [ -98.970777458594583, 19.211636891462682 ], [ -98.970958110522218, 19.211731317944576 ], [ -98.971033985024533, 19.211767372735345 ], [ -98.971465066050342, 19.211996569480199 ], [ -98.971784711525771, 19.212245482300826 ], [ -98.97238824099388, 19.212715456350185 ], [ -98.972661944789166, 19.212995703164971 ], [ -98.972812617322674, 19.213149977014204 ], [ -98.972916305567509, 19.213274592084897 ], [ -98.973021085073441, 19.213438352129501 ], [ -98.973134861146079, 19.21361617248369 ], [ -98.97316119187802, 19.213649534513941 ], [ -98.973286593459079, 19.213808422807752 ], [ -98.97341304431194, 19.213925151138632 ], [ -98.97355394985712, 19.214036732499352 ], [ -98.973661734568154, 19.214116046904884 ], [ -98.973772233850852, 19.214176051357498 ], [ -98.974018490895389, 19.214302062504991 ], [ -98.974280535316097, 19.214428075536439 ], [ -98.974323535600973, 19.214440336781134 ], [ -98.974469970990057, 19.214482091767014 ], [ -98.974899195635786, 19.214606334405858 ], [ -98.975435353680339, 19.214884111201904 ], [ -98.97589805202756, 19.215078714040622 ], [ -98.976529569192238, 19.215381745970735 ], [ -98.976857837313105, 19.215515442111428 ], [ -98.977601560513989, 19.215915535124097 ], [ -98.97762252901741, 19.215928781136096 ], [ -98.978316766191384, 19.216367335095523 ], [ -98.979044581899629, 19.216977537759572 ], [ -98.979929367761116, 19.217858918278946 ], [ -98.980575118218837, 19.218557233904949 ], [ -98.981220874130358, 19.219255547206874 ], [ -98.981684672557961, 19.219825037441996 ], [ -98.982077109644536, 19.220401298589465 ], [ -98.982326856869292, 19.220645369947558 ], [ -98.982771934853417, 19.221234854068783 ], [ -98.984412692722032, 19.223536262550301 ], [ -98.98441269282597, 19.223536262282938 ], [ -98.985262392675153, 19.221799423083841 ], [ -98.988265957477694, 19.225848030748594 ], [ -98.988398553253546, 19.226026755383153 ], [ -98.991513904442144, 19.226546048800149 ], [ -98.991537558103531, 19.226549991379805 ], [ -98.992480706678734, 19.22670719223553 ], [ -98.992598295010822, 19.226739465370468 ], [ -98.9927771407406, 19.226760708232927 ], [ -98.992807342464346, 19.226764295502782 ], [ -98.993130292056392, 19.226765142010269 ], [ -98.993499386303768, 19.226803945528104 ], [ -98.993596858011699, 19.226793746925583 ], [ -98.993632546447046, 19.226797789406302 ], [ -98.993632546557052, 19.226797789831409 ], [ -98.994308262649298, 19.226874327821108 ], [ -98.995280548206466, 19.226960926094417 ], [ -98.995324297899145, 19.226963339729767 ], [ -98.995801663480762, 19.227034976825259 ], [ -98.995903206603145, 19.226709914953588 ], [ -98.995923232332018, 19.226706456802425 ], [ -98.996027305286717, 19.226688484884285 ], [ -98.996373271895649, 19.226870670883883 ], [ -98.996553777157388, 19.226934972776192 ], [ -98.996701325328715, 19.226963369704329 ], [ -98.996728784429493, 19.226965873140678 ], [ -98.997409509853028, 19.227027933292177 ], [ -98.997429966373403, 19.227017329258896 ], [ -98.998559808137074, 19.226431648229795 ], [ -98.998582671364943, 19.226419796402926 ], [ -98.998689303193487, 19.226441816663733 ], [ -98.998746781986171, 19.226453686431093 ], [ -98.998890948256999, 19.226483457674156 ], [ -98.998993989377695, 19.226504736238425 ], [ -98.999239305679879, 19.226552241556266 ], [ -98.99936624180458, 19.226615505209121 ], [ -98.999554385352056, 19.226613023582971 ], [ -98.999702172820932, 19.226576085934497 ], [ -98.999734363324819, 19.226372236908958 ], [ -99.001919718295738, 19.226576076116849 ], [ -99.002069938862832, 19.226555689573555 ], [ -99.002220160396917, 19.226610047567078 ], [ -99.002356075955205, 19.226711970404608 ], [ -99.002481260076777, 19.226711968751584 ], [ -99.002506295407002, 19.226613441359959 ], [ -99.002592135043784, 19.226559080412667 ], [ -99.003102361803556, 19.226684232146074 ], [ -99.003145017236989, 19.226694694874698 ], [ -99.003243095006781, 19.226718751816367 ], [ -99.003314702456308, 19.226599031914844 ], [ -99.003332509225913, 19.226569260892727 ], [ -99.003658919919445, 19.226596612551781 ], [ -99.003903976706425, 19.226661332617848 ], [ -99.004375565150255, 19.226675026375371 ], [ -99.004451346217337, 19.226712257256256 ], [ -99.004498382805508, 19.226737077911601 ], [ -99.004613359290119, 19.226729628510505 ], [ -99.004723109409653, 19.226717214811316 ], [ -99.004739742649932, 19.226707266153504 ], [ -99.004793662056741, 19.226675015910782 ], [ -99.004871889750788, 19.226653926770517 ], [ -99.00494079058025, 19.22665317356801 ], [ -99.005214371285504, 19.226650182613046 ], [ -99.00567035634927, 19.226647683332605 ], [ -99.006493036217421, 19.22664317007996 ], [ -99.006854825759021, 19.22664118547053 ], [ -99.007035705233065, 19.226640192988118 ], [ -99.007297016620043, 19.226660039795622 ], [ -99.007430283210809, 19.226620319550936 ], [ -99.007500747253843, 19.226572547523066 ], [ -99.007574001699098, 19.226570670468003 ], [ -99.007699432309991, 19.226605415352541 ], [ -99.007839135302333, 19.226603097896444 ], [ -99.007953479583605, 19.226739774129651 ], [ -99.008060605212364, 19.226680408868472 ], [ -99.008161559046528, 19.226658485143425 ], [ -99.008233668463163, 19.226633822754607 ], [ -99.008323082614226, 19.226573540762622 ], [ -99.008452877644913, 19.226494077519458 ], [ -99.008457513064045, 19.226406001827907 ], [ -99.008550019694908, 19.226271250482494 ], [ -99.008617852663193, 19.226074008863588 ], [ -99.008747367104107, 19.225991982777902 ], [ -99.008952915135751, 19.225304567551163 ], [ -99.009030791395745, 19.225303900078945 ], [ -99.010342218987333, 19.225292654946848 ], [ -99.011145239755194, 19.225285764628445 ], [ -99.012625437585783, 19.225273054566966 ], [ -99.012625437676434, 19.225273054153259 ], [ -99.0135977331025, 19.22526469880351 ], [ -99.017183121768483, 19.225153457608055 ], [ -99.020179145110632, 19.225060448277077 ], [ -99.022711544732502, 19.224981793506391 ], [ -99.022775094602935, 19.224979819235287 ], [ -99.031278663852021, 19.22471544396355 ], [ -99.031743663068809, 19.224700975768755 ], [ -99.020422415041736, 19.239335096650425 ], [ -99.020127780392841, 19.239358594791092 ], [ -99.019821497153046, 19.239341909082913 ], [ -99.019653660287247, 19.239298909875242 ], [ -99.019502583909755, 19.239357561408042 ], [ -99.019353119501702, 19.239309743146862 ], [ -99.01925564765682, 19.239320554678518 ], [ -99.019316298827988, 19.239253351713788 ], [ -99.019509891592847, 19.238972449852415 ], [ -99.019611602495431, 19.238683824841857 ], [ -99.019591225079708, 19.238432118520862 ], [ -99.019457915274799, 19.238229047825516 ], [ -99.019202082454797, 19.238152455866974 ], [ -99.019149681354193, 19.238136768814012 ], [ -99.018738708016329, 19.238055048891955 ], [ -99.018436015724788, 19.237849356818703 ], [ -99.018287020037931, 19.237852512344499 ], [ -99.017950124335442, 19.238263488182184 ], [ -99.017797332178944, 19.238535169040023 ], [ -99.017436442918438, 19.239421394218713 ], [ -99.017253339066684, 19.23960465900463 ], [ -99.017342195617076, 19.240049115003814 ], [ -99.017139416938775, 19.240310250927582 ], [ -99.017099450348113, 19.240407336949488 ], [ -99.017023000625613, 19.240593048273986 ], [ -99.016918693789364, 19.240601177696185 ], [ -99.016847486037449, 19.24067753969528 ], [ -99.016252143784726, 19.241315970873941 ], [ -99.016238062749778, 19.241331070964488 ], [ -99.016212957336137, 19.241357993267069 ], [ -99.014677075634211, 19.24300500396734 ], [ -99.014396961433206, 19.243305380920528 ], [ -99.014153272921305, 19.243566695997458 ], [ -99.014098343925227, 19.243625597977513 ], [ -99.013822675522334, 19.243921204434592 ], [ -99.013781422139829, 19.243965441390856 ], [ -99.01355201296704, 19.244211441547563 ], [ -99.013506696812854, 19.244260034866894 ], [ -99.013003577161939, 19.24479953633811 ], [ -99.012957739588686, 19.244848688293597 ], [ -99.012717173887964, 19.245106647931955 ], [ -99.012640263869443, 19.245189118638361 ], [ -99.012107234250891, 19.245760683774826 ], [ -99.012066685569195, 19.245804163707316 ], [ -99.011692052162132, 19.246205877722566 ], [ -99.011631774218671, 19.246270512638741 ], [ -99.011138027157287, 19.24679994574916 ], [ -99.01110610195596, 19.246834178211753 ], [ -99.010886181527255, 19.247069991935152 ], [ -99.010843626477794, 19.247115622260434 ], [ -99.010307178294241, 19.247690834284928 ], [ -99.01026851327633, 19.247732293026957 ], [ -99.009929820785771, 19.248095456349652 ], [ -99.009735458924226, 19.248303860016815 ], [ -99.009653617477738, 19.2483916139341 ], [ -99.009599644633781, 19.248449485866082 ], [ -99.009159611960342, 19.248921305111139 ], [ -99.009125620275881, 19.248957752090341 ], [ -99.00898530158878, 19.249108206069028 ], [ -99.008963761355375, 19.249131302130557 ], [ -99.008939436021961, 19.249157384446114 ], [ -99.008415002595044, 19.249719694100293 ], [ -99.008373864813038, 19.24976380275492 ], [ -99.008358572597089, 19.249780199329866 ], [ -99.007516021335576, 19.250683590138458 ], [ -99.007477194350727, 19.250725220436205 ], [ -99.007436234144777, 19.25080539127422 ], [ -99.007381533742176, 19.250912455470168 ], [ -99.007043445900223, 19.251574185755839 ], [ -99.009721751595691, 19.25441318235557 ], [ -99.010701300110753, 19.2553037610578 ], [ -99.010761150985459, 19.255335531095433 ], [ -99.011216106257336, 19.255577029380788 ], [ -99.011250168934041, 19.255595110376344 ], [ -99.011271644230831, 19.255606509790614 ], [ -99.01129650356404, 19.255619705497811 ], [ -99.01148132293298, 19.255757601670847 ], [ -99.011530644627982, 19.255794401168238 ], [ -99.011628040089747, 19.255923394748972 ], [ -99.011705243731555, 19.256025645473439 ], [ -99.011739770259439, 19.256071373348377 ], [ -99.011848421490896, 19.2562152737924 ], [ -99.011834314145659, 19.256278162720637 ], [ -99.011794087266949, 19.2564574892642 ], [ -99.01173975288367, 19.256699704713625 ], [ -99.011982257181486, 19.256866457872171 ], [ -99.012200977494032, 19.257175266476956 ], [ -99.012308703793849, 19.257327363431802 ], [ -99.012532065777378, 19.257560673532339 ], [ -99.012994085532313, 19.258043267786562 ], [ -99.013580701767111, 19.258399143286368 ], [ -99.013816521308598, 19.258542204158061 ], [ -99.013905931932484, 19.258583283292101 ], [ -99.014524724699427, 19.258867581870977 ], [ -99.015415686373643, 19.259192941516577 ], [ -99.015453951899886, 19.259213703522946 ], [ -99.016055364375731, 19.259540014542281 ], [ -99.016239070267829, 19.259667484188807 ], [ -99.01661181599205, 19.259926123411965 ], [ -99.016649362572423, 19.259952175986545 ], [ -99.017540331981238, 19.260255829735591 ], [ -99.018796840920899, 19.260754701431981 ], [ -99.01973351318847, 19.261101730759929 ], [ -99.020281764652083, 19.260928106788562 ], [ -99.020321765662374, 19.260935225092535 ], [ -99.021012810867404, 19.261058197253838 ], [ -99.022314999509462, 19.261361779986586 ], [ -99.025833224695035, 19.262229136743869 ], [ -99.026130173444784, 19.262012139597079 ], [ -99.026278761494211, 19.261968322701112 ], [ -99.026741368575671, 19.261831904304199 ], [ -99.0267926416591, 19.261816784277023 ], [ -99.026938897771018, 19.261852897424028 ], [ -99.029514939508914, 19.262488944595844 ], [ -99.029602676387256, 19.262510606869938 ], [ -99.030242444791909, 19.263117976015668 ], [ -99.030535459429544, 19.264422584455414 ], [ -99.030539674558113, 19.264441351595117 ], [ -99.032550494049218, 19.266697335345608 ], [ -99.032642188971664, 19.266778704827939 ], [ -99.033601575900022, 19.267630050971945 ], [ -99.034424203271954, 19.268519412643364 ], [ -99.03586393697843, 19.270601901665 ], [ -99.037160961380408, 19.271654717827285 ], [ -99.037272074195101, 19.271668868646543 ], [ -99.037302820615395, 19.271679100101078 ], [ -99.037421448612918, 19.271718536796559 ], [ -99.037692128215454, 19.271808605467402 ], [ -99.038394612893384, 19.272002338189807 ], [ -99.038392238158025, 19.272062360700435 ], [ -99.038394613, 19.272002338 ], [ -99.040291424934168, 19.273108326392897 ], [ -99.040419485607202, 19.2732424535393 ], [ -99.040896338385224, 19.273481311809658 ], [ -99.041103866646949, 19.273619613030153 ], [ -99.041558644479167, 19.273845897452873 ], [ -99.041788218930918, 19.273870999252939 ], [ -99.044353398441373, 19.274604057157301 ], [ -99.045386544909206, 19.274914037878538 ], [ -99.04610181505339, 19.275173784926903 ], [ -99.047199372132752, 19.275571270416744 ], [ -99.047258614410993, 19.275592725045474 ], [ -99.047938554772728, 19.275793781033869 ], [ -99.048229969857715, 19.275919475026676 ], [ -99.048865819123392, 19.276305002803927 ], [ -99.049148416139204, 19.276464236518802 ], [ -99.050661088930056, 19.277402187064482 ], [ -99.051929767963301, 19.278141176556005 ], [ -99.05249109920625, 19.278449076488556 ], [ -99.053225881995729, 19.278754976158513 ], [ -99.053762970283515, 19.278978570429658 ], [ -99.054434592425068, 19.279237142231555 ], [ -99.054716858484809, 19.279314072999867 ], [ -99.055233218874505, 19.279338358540542 ], [ -99.056744093353927, 19.279409409797118 ], [ -99.057440881499573, 19.279483626267403 ], [ -99.057654286719696, 19.279545587525966 ], [ -99.058021930359146, 19.2796450779481 ], [ -99.058518018326183, 19.279796864019069 ], [ -99.058924950309077, 19.279926971187177 ], [ -99.059409618391072, 19.280100464831424 ], [ -99.059747400832464, 19.280221910099854 ], [ -99.062787105825933, 19.281313283464062 ] ], [ [ -99.036591601710114, 19.271597478580034 ], [ -99.035762031621346, 19.27147651067256 ], [ -99.035653969632975, 19.271462094922938 ], [ -99.035221577579577, 19.271399966354831 ], [ -99.034708933185755, 19.271348275618546 ], [ -99.034414428724347, 19.271286184752491 ], [ -99.03407219528836, 19.271172313526115 ], [ -99.033455922112424, 19.271058492012575 ], [ -99.033014179427468, 19.271027499046163 ], [ -99.031896186595588, 19.270934477701683 ], [ -99.030988149087207, 19.270805161897286 ], [ -99.030028298386569, 19.270642187382332 ], [ -99.029256587203861, 19.270429978458619 ], [ -99.027710436635687, 19.269961530754014 ], [ -99.026854203724199, 19.269757092777695 ], [ -99.025804377380112, 19.269573393730546 ], [ -99.024053770854863, 19.269319867322309 ], [ -99.024053770756851, 19.269319867715151 ], [ -99.025804377380169, 19.269573394137595 ], [ -99.02685420372427, 19.269757093184747 ], [ -99.027710436635758, 19.269961531161055 ], [ -99.029256587203918, 19.270429978865572 ], [ -99.03002829838664, 19.270642187789285 ], [ -99.030988149087307, 19.270805162304153 ], [ -99.03189618659566, 19.270934478108558 ], [ -99.033014179427539, 19.27102749945303 ], [ -99.033455922112509, 19.271058492419442 ], [ -99.034072195288459, 19.271172313932983 ], [ -99.034414428724418, 19.271286185159259 ], [ -99.034708933185826, 19.271348276025318 ], [ -99.035221577579676, 19.27139996676161 ], [ -99.035653969633074, 19.27146209532971 ], [ -99.035762031621445, 19.271476511079431 ], [ -99.036591601710185, 19.271597478986894 ], [ -99.037421448612918, 19.271718536796559 ], [ -99.036591601710114, 19.271597478580034 ] ], [ [ -99.027103531632633, 19.297748424676524 ], [ -99.027428648120065, 19.296502370827248 ], [ -99.027103531632633, 19.297748424676435 ], [ -99.026314220987445, 19.297860480098567 ], [ -99.027103531632633, 19.297748424676524 ] ], [ [ -99.027873364416536, 19.294797902513757 ], [ -99.028122875246169, 19.29384158399586 ], [ -99.027873364416536, 19.294797902513672 ], [ -99.027668659180918, 19.295582482732403 ], [ -99.027873364416536, 19.294797902513757 ] ], [ [ -99.030915851995474, 19.283115547445828 ], [ -99.030992189493418, 19.282779902283707 ], [ -99.030915851347871, 19.283115547688951 ], [ -99.030694867973835, 19.28396208467543 ], [ -99.030915851995474, 19.283115547445828 ] ], [ [ -99.051810843, 19.308285210000015 ], [ -99.051885415, 19.308195378 ], [ -99.051965088, 19.308099315 ], [ -99.051885415, 19.308195378 ], [ -99.051810843, 19.308285210000015 ] ], [ [ -99.046594982421567, 19.286568483292175 ], [ -99.046616359410407, 19.286573673233459 ], [ -99.046594982, 19.286568483000011 ], [ -99.046596478, 19.286724048000043 ], [ -99.046596699626122, 19.286747099311039 ], [ -99.046596478011693, 19.28672404798359 ], [ -99.046594982421567, 19.286568483292175 ] ], [ [ -99.04995105252604, 19.28738208336727 ], [ -99.049977883602494, 19.287387439326398 ], [ -99.050038067500012, 19.287399453085246 ], [ -99.049977884, 19.287387439000035 ], [ -99.049951053, 19.287382082999954 ], [ -99.049924221, 19.287376726999987 ], [ -99.047460682704667, 19.286778657196447 ], [ -99.049924221451334, 19.287376727404105 ], [ -99.04995105252604, 19.28738208336727 ] ], [ [ -99.050744754786436, 19.287528536522313 ], [ -99.050679256, 19.287527443999966 ], [ -99.050475446809159, 19.287486760997862 ], [ -99.050679255574579, 19.287527444100668 ], [ -99.050744754786436, 19.287528536522313 ] ], [ [ -99.050511213, 19.286655481999972 ], [ -99.050724527538222, 19.287230192653222 ], [ -99.050511212985199, 19.286655481879926 ], [ -99.050511213, 19.286655481999972 ] ], [ [ -99.05049113978248, 19.286286152906065 ], [ -99.05048023, 19.286403948999983 ], [ -99.050507173578652, 19.286622688326513 ], [ -99.050480230095417, 19.286403949403653 ], [ -99.05049113978248, 19.286286152906065 ] ], [ [ -99.050581368188034, 19.285070753951182 ], [ -99.05059425417997, 19.283901084416165 ], [ -99.050600138210669, 19.283173243374993 ], [ -99.050594254, 19.283901084000043 ], [ -99.050581368, 19.285070754000035 ], [ -99.050570768, 19.285257976999969 ], [ -99.050556984337518, 19.28550142777387 ], [ -99.050570768000767, 19.285257977451302 ], [ -99.050581368188034, 19.285070753951182 ] ], [ [ -99.054247084, 19.305232915000033 ], [ -99.054004614, 19.305538204999962 ], [ -99.053975501387683, 19.305574860294456 ], [ -99.054004613873047, 19.305538205326524 ], [ -99.054247084417625, 19.305232914528883 ], [ -99.054858438913101, 19.304463161338383 ], [ -99.055125970987646, 19.304126310204012 ], [ -99.055889104116105, 19.303165435225811 ], [ -99.055948088353261, 19.303088103393179 ], [ -99.055889104, 19.303165435 ], [ -99.055125971, 19.304126310000033 ], [ -99.054858439, 19.304463161 ], [ -99.054247084, 19.305232915000033 ] ], [ [ -99.05314216281846, 19.303622405893069 ], [ -99.053110610539065, 19.30366169743607 ], [ -99.053142163, 19.30362240600002 ], [ -99.054039885, 19.302468101 ], [ -99.054172254, 19.302297735000014 ], [ -99.054966531, 19.302621110999986 ], [ -99.056023472708858, 19.302989269898546 ], [ -99.05602347299056, 19.302989269529213 ], [ -99.054966531186182, 19.302621110918057 ], [ -99.054172254057917, 19.302297734732218 ], [ -99.054039885103464, 19.302468100803594 ], [ -99.05314216281846, 19.303622405893069 ] ], [ [ -99.053829732961177, 19.305758394187379 ], [ -99.053823965, 19.305765656 ], [ -99.053628961993013, 19.306011179733254 ], [ -99.053823965012995, 19.305765656476094 ], [ -99.053829732961177, 19.305758394187379 ] ], [ [ -99.053199786951467, 19.306558417536504 ], [ -99.053136221, 19.306639944000036 ], [ -99.053122998049432, 19.306656862632291 ], [ -99.053136221326341, 19.306639943657611 ], [ -99.053199786951467, 19.306558417536504 ] ], [ [ -99.038775818097221, 19.296380387064961 ], [ -99.038230691939901, 19.297785561693082 ], [ -99.038161155265811, 19.297964804899042 ], [ -99.038081280000526, 19.298067147538717 ], [ -99.038055285546037, 19.298150072273167 ], [ -99.038010707850191, 19.298224179668903 ], [ -99.037951340820086, 19.298626438894242 ], [ -99.037951340878095, 19.298626438904975 ], [ -99.038010707850276, 19.298224180072154 ], [ -99.038055285546122, 19.298150072676517 ], [ -99.038081280000625, 19.298067147942049 ], [ -99.038161155265911, 19.297964805302374 ], [ -99.038230691940015, 19.297785562096426 ], [ -99.038775818097321, 19.296380387468478 ], [ -99.038782929841489, 19.296335301949959 ], [ -99.03879808199865, 19.296239243452948 ], [ -99.03879808193615, 19.296239243445047 ], [ -99.038782929841418, 19.296335301546435 ], [ -99.038775818097221, 19.296380387064961 ] ], [ [ -99.040454161981245, 19.285154121567071 ], [ -99.040064667, 19.285064977999976 ], [ -99.039905738324492, 19.284157211623391 ], [ -99.040064666503653, 19.285064978099676 ], [ -99.040454161981245, 19.285154121567071 ] ], [ [ -99.039561946327922, 19.281617872224942 ], [ -99.039602446687937, 19.281896582252013 ], [ -99.039635697547368, 19.282126232881502 ], [ -99.039602447, 19.281896582 ], [ -99.039561946327922, 19.281617872224942 ] ], [ [ -99.038325062592648, 19.287743994482053 ], [ -99.037324793623014, 19.287728545695668 ], [ -99.038325062592733, 19.287743994886746 ], [ -99.039310089060663, 19.2877592024983 ], [ -99.038325062592648, 19.287743994482053 ] ], [ [ -99.03849429460486, 19.273807091830061 ], [ -99.038503528821181, 19.273863343922031 ], [ -99.038578874958745, 19.274496857745302 ], [ -99.038503529, 19.273863344 ], [ -99.038494295, 19.27380709199997 ], [ -99.038464358529524, 19.273624729915753 ], [ -99.03849429460486, 19.273807091830061 ] ], [ [ -99.038992788788974, 19.277735413997309 ], [ -99.03934561168073, 19.280142186509078 ], [ -99.039488582535299, 19.281117438082383 ], [ -99.039345612, 19.280142187000013 ], [ -99.038992789, 19.277735413999974 ], [ -99.038906289050942, 19.277075689335664 ], [ -99.038992788788974, 19.277735413997309 ] ], [ [ -99.04493121483074, 19.290134328237713 ], [ -99.045424717355274, 19.29006721118914 ], [ -99.045745557620378, 19.290023575710059 ], [ -99.045424717, 19.290067210999979 ], [ -99.044931215, 19.290134327999986 ], [ -99.04444838, 19.290199993000027 ], [ -99.043965544930828, 19.29026565670851 ], [ -99.044448380074698, 19.290199993111077 ], [ -99.04493121483074, 19.290134328237713 ] ], [ [ -99.042972892217364, 19.290400910970373 ], [ -99.042972892299488, 19.29040091149043 ], [ -99.043479127294191, 19.290331806166602 ], [ -99.042972892217364, 19.290400910970373 ] ], [ [ -99.042897265841049, 19.289922036141643 ], [ -99.04275341, 19.289011113999955 ], [ -99.042717044757794, 19.288780844183826 ], [ -99.042753409638806, 19.289011114387389 ], [ -99.042897265841049, 19.289922036141643 ] ], [ [ -99.046183646039609, 19.291834178316108 ], [ -99.046628171932667, 19.29177549651687 ], [ -99.046183646, 19.291834178 ], [ -99.0460562, 19.290953535999979 ], [ -99.046020650928568, 19.290707894471261 ], [ -99.046056199829522, 19.290953536026858 ], [ -99.046183646039609, 19.291834178316108 ] ], [ [ -99.041291571, 19.285465012000024 ], [ -99.041248934269547, 19.285454888800214 ], [ -99.041291570915533, 19.285465012415855 ], [ -99.041768630759421, 19.285578284410128 ], [ -99.041291571, 19.285465012000024 ] ], [ [ -99.040072307353824, 19.306855421829741 ], [ -99.039778590745527, 19.306610680635668 ], [ -99.039084049124199, 19.307485783423214 ], [ -99.038776013616257, 19.307263711014425 ], [ -99.038776013411749, 19.307263711269073 ], [ -99.039084049124313, 19.307485783825282 ], [ -99.039778590745641, 19.306610681037832 ], [ -99.040072307353924, 19.306855422231905 ], [ -99.040366024835777, 19.307100162945293 ], [ -99.040481721192407, 19.306958919625263 ], [ -99.040990554335707, 19.306338529321785 ], [ -99.040481721192307, 19.306958919223185 ], [ -99.040366024835691, 19.307100162543129 ], [ -99.040072307353824, 19.306855421829741 ] ], [ [ -99.039486661067201, 19.306378855022732 ], [ -99.039486660864512, 19.306378854872722 ], [ -99.039131299158569, 19.306821331904793 ], [ -99.039486661067201, 19.306378855022732 ] ], [ [ -99.03721190381323, 19.305532765725648 ], [ -99.03632363828315, 19.30523097002213 ], [ -99.036178574824376, 19.305541146332644 ], [ -99.036323638283235, 19.305230970424468 ], [ -99.03721190381323, 19.305532765725648 ] ], [ [ -99.035999658939588, 19.30592370449909 ], [ -99.035892131681507, 19.306153618871914 ], [ -99.035999658939673, 19.305923704901339 ], [ -99.036178574824376, 19.305541146332644 ], [ -99.035999658939588, 19.30592370449909 ] ], [ [ -99.035163527151951, 19.307856803024535 ], [ -99.035042910537143, 19.308116980609945 ], [ -99.035163527152037, 19.307856803426603 ], [ -99.035266695791947, 19.307623750282001 ], [ -99.035286845820039, 19.307578145229304 ], [ -99.035429484126581, 19.307255233419383 ], [ -99.035760922143339, 19.306464774393987 ], [ -99.03542948412651, 19.307255233017319 ], [ -99.035286845819968, 19.307578144827222 ], [ -99.035266695791876, 19.307623749879923 ], [ -99.035163527151951, 19.307856803024535 ] ], [ [ -99.034719508931147, 19.308814572147423 ], [ -99.034605138209471, 19.309047151324044 ], [ -99.034479604145631, 19.309302430928465 ], [ -99.034414527347181, 19.309434767806859 ], [ -99.03447960414573, 19.30930243133027 ], [ -99.034605138209557, 19.309047151725853 ], [ -99.034719508931232, 19.308814572549398 ], [ -99.035042910537143, 19.308116980609945 ], [ -99.034719508931147, 19.308814572147423 ] ], [ [ -99.034325297519231, 19.309616219722407 ], [ -99.034173519523662, 19.309855487769845 ], [ -99.034106364615369, 19.309883590499641 ], [ -99.034039209684181, 19.309911693606384 ], [ -99.03410636461544, 19.30988359090135 ], [ -99.034173519523748, 19.309855488171557 ], [ -99.034325297519317, 19.309616220124216 ], [ -99.034414527347181, 19.309434767806859 ], [ -99.034325297519231, 19.309616219722407 ] ], [ [ -99.033730973234384, 19.310464442155883 ], [ -99.033730973363973, 19.31046444232534 ], [ -99.034039209684181, 19.309911693606384 ], [ -99.033730973234384, 19.310464442155883 ] ], [ [ -99.033850624260651, 19.310620890172046 ], [ -99.033840029384308, 19.310805122326858 ], [ -99.03384002939238, 19.310805122589528 ], [ -99.033850624282223, 19.310620890200244 ], [ -99.033850624260651, 19.310620890172046 ] ], [ [ -99.033531837925821, 19.311590052248953 ], [ -99.033558381974387, 19.311403293115781 ], [ -99.03367964657798, 19.311291754063813 ], [ -99.033845381617027, 19.310979257470446 ], [ -99.033845381605346, 19.310979257090665 ], [ -99.03367964657788, 19.311291753662275 ], [ -99.033558381974288, 19.31140329271425 ], [ -99.03353183792575, 19.311590051847496 ], [ -99.033531837925821, 19.311590052248953 ] ], [ [ -99.025555004024838, 19.317701871700724 ], [ -99.025469060838986, 19.317265131645907 ], [ -99.025376998854739, 19.316923507282667 ], [ -99.0253238036818, 19.316700285820076 ], [ -99.025318529012395, 19.316463242201046 ], [ -99.02531762702499, 19.316422706820802 ], [ -99.025317627016648, 19.316422706843674 ], [ -99.025318529012452, 19.316463242601937 ], [ -99.025323803681871, 19.316700286220883 ], [ -99.025376998854824, 19.316923507683473 ], [ -99.025469060839043, 19.317265132046714 ], [ -99.025555004024895, 19.317701872101448 ], [ -99.025673637697366, 19.317981376760919 ], [ -99.025966107640642, 19.318511261171643 ], [ -99.026119498877051, 19.318771349341443 ], [ -99.026119498890495, 19.318771348963693 ], [ -99.025966107640585, 19.318511260771015 ], [ -99.025673637697324, 19.317981376360297 ], [ -99.025555004024838, 19.317701871700724 ] ], [ [ -99.03230762293083, 19.306873626547858 ], [ -99.032436948095622, 19.306039875456211 ], [ -99.032446651985055, 19.305998543741932 ], [ -99.03243694809548, 19.306039874651702 ], [ -99.03230762293083, 19.306873626547858 ] ], [ [ -99.033717691951836, 19.303144367616969 ], [ -99.033820298994399, 19.302972199905962 ], [ -99.034008151160748, 19.302659300151952 ], [ -99.033820298994229, 19.302972199100644 ], [ -99.033717691951836, 19.303144367616969 ] ], [ [ -99.034852389028913, 19.300163742948097 ], [ -99.034852389075397, 19.300163742553249 ], [ -99.034350064246226, 19.300075048940354 ], [ -99.034350064148484, 19.30007504932615 ], [ -99.034852389028913, 19.300163742948097 ] ], [ [ -99.034789992522079, 19.298338251321386 ], [ -99.034789992618826, 19.298338250939423 ], [ -99.034428263816878, 19.298258410845456 ], [ -99.034428263786026, 19.298258411241971 ], [ -99.034789992522079, 19.298338251321386 ] ], [ [ -99.035245104024668, 19.29815393728013 ], [ -99.035044899920493, 19.298115315969397 ], [ -99.035245104024867, 19.29815393808671 ], [ -99.035337244307129, 19.29817171313087 ], [ -99.035245104024668, 19.29815393728013 ] ], [ [ -99.038275119116619, 19.299240322039203 ], [ -99.038402123759326, 19.298709823896147 ], [ -99.038402123666785, 19.298709823879037 ], [ -99.038275119116534, 19.299240321636045 ], [ -99.038221766418388, 19.29957913980564 ], [ -99.038221766480646, 19.299579139813819 ], [ -99.038275119116619, 19.299240322039203 ] ], [ [ -99.041811806758716, 19.305332117344417 ], [ -99.04181180654119, 19.305332117208771 ], [ -99.041124484189382, 19.306175235620632 ], [ -99.041811806758716, 19.305332117344417 ] ], [ [ -99.041230266701533, 19.300858505892148 ], [ -99.040899620504447, 19.301972925037653 ], [ -99.040678556861053, 19.302718199740109 ], [ -99.040618443639687, 19.302920858996128 ], [ -99.04052486596521, 19.303236335676221 ], [ -99.04026337331932, 19.304135507851832 ], [ -99.040180836169384, 19.304318298266846 ], [ -99.040180836310526, 19.304318298357021 ], [ -99.040263373319419, 19.304135508254355 ], [ -99.040524865965295, 19.303236336078832 ], [ -99.040618443639801, 19.302920859398835 ], [ -99.040678556861138, 19.302718200142817 ], [ -99.040899620504561, 19.301972925440452 ], [ -99.041230266701533, 19.300858505892148 ] ], [ [ -99.024503414991244, 19.267517557147229 ], [ -99.02426890661738, 19.267439905244444 ], [ -99.024268906503337, 19.267439905613973 ], [ -99.024503414897396, 19.267517557523444 ], [ -99.024503414991244, 19.267517557147229 ] ], [ [ -99.024710474216178, 19.266378175366011 ], [ -99.024029190565784, 19.266163811900675 ], [ -99.023451840969869, 19.265982148485961 ], [ -99.022881598975047, 19.265802719295952 ], [ -99.022632132775556, 19.265724222959079 ], [ -99.022455221567441, 19.265668556320907 ], [ -99.022259074743161, 19.265606836785651 ], [ -99.022079108769162, 19.265568016986801 ], [ -99.021970598403385, 19.265532573905862 ], [ -99.02182551677187, 19.265485185313203 ], [ -99.021779669850659, 19.265468558539968 ], [ -99.021548797416642, 19.265386695157758 ], [ -99.021369152447164, 19.265331387602778 ], [ -99.020785135928691, 19.265151584118968 ], [ -99.020715831433833, 19.265130246918925 ], [ -99.020310573510926, 19.265005477038279 ], [ -99.020170697464366, 19.264962412068787 ], [ -99.019899241108618, 19.264878835847281 ], [ -99.019676538532011, 19.264810269617268 ], [ -99.019596102931544, 19.264785504821251 ], [ -99.019565017858156, 19.264775934227892 ], [ -99.019394104180876, 19.264719769612711 ], [ -99.019139641937073, 19.264636149407245 ], [ -99.018092584257417, 19.264460173977728 ], [ -99.017649930364556, 19.264381913102106 ], [ -99.017499323356105, 19.264355285634856 ], [ -99.017156157706154, 19.264294613114359 ], [ -99.0170819220792, 19.264281487984494 ], [ -99.016817228311993, 19.264197446894428 ], [ -99.016432144302414, 19.264035133573696 ], [ -99.01597801331836, 19.263843715422801 ], [ -99.015545415246393, 19.26366137202022 ], [ -99.015180424177174, 19.263507524374752 ], [ -99.014990455470269, 19.263447045139394 ], [ -99.014360237574252, 19.263246404589427 ], [ -99.013358979235434, 19.262927631544624 ], [ -99.013358979135788, 19.262927631920828 ], [ -99.014360237574294, 19.263246404997282 ], [ -99.014990455470297, 19.263447045547252 ], [ -99.015180424177217, 19.263507524782614 ], [ -99.015545415246436, 19.263661372428079 ], [ -99.015978013318403, 19.26384371583066 ], [ -99.01643214430247, 19.264035133981466 ], [ -99.016817228312036, 19.264197447302191 ], [ -99.017081922079228, 19.264281488392271 ], [ -99.017156157706196, 19.264294613522122 ], [ -99.01749932335612, 19.264355286042537 ], [ -99.017649930364584, 19.264381913509876 ], [ -99.018092584257474, 19.264460174385494 ], [ -99.01913964193713, 19.264636149814923 ], [ -99.019394104180932, 19.264719770020481 ], [ -99.019565017858213, 19.264775934635562 ], [ -99.019596102931601, 19.264785505228929 ], [ -99.019676538532039, 19.264810270024945 ], [ -99.019899241108689, 19.264878836254951 ], [ -99.020170697464422, 19.264962412476468 ], [ -99.020310573510983, 19.265005477445865 ], [ -99.020715831433904, 19.265130247326603 ], [ -99.020785135928733, 19.265151584526645 ], [ -99.021369152447235, 19.26533138801036 ], [ -99.021548797416699, 19.265386695565343 ], [ -99.02177966985073, 19.26546855894756 ], [ -99.021825516771926, 19.265485185720788 ], [ -99.021970598403456, 19.265532574313447 ], [ -99.022079108769219, 19.265568017394301 ], [ -99.022259074743218, 19.265606837193236 ], [ -99.022455221567498, 19.2656685567285 ], [ -99.022632132775598, 19.265724223366668 ], [ -99.022881598975118, 19.26580271970354 ], [ -99.02345184096994, 19.265982148893549 ], [ -99.024029190565841, 19.266163812308172 ], [ -99.024710474111842, 19.266378175740574 ], [ -99.024710474216178, 19.266378175366011 ] ], [ [ -99.000956313206615, 19.23527566751331 ], [ -99.000855353080055, 19.235283887725569 ], [ -99.000760162336078, 19.235344166039582 ], [ -99.000855353080055, 19.235283887725664 ], [ -99.000956313206615, 19.23527566751331 ] ], [ [ -99.001074580940241, 19.235292106283158 ], [ -99.001412023751783, 19.235300323704646 ], [ -99.001074580940241, 19.235292106283062 ], [ -99.000956313206615, 19.23527566751331 ], [ -99.001074580940241, 19.235292106283158 ] ], [ [ -99.009730477412475, 19.259885177730755 ], [ -99.009810695760507, 19.259910023188535 ], [ -99.009810695901095, 19.259910022823775 ], [ -99.009730477412447, 19.259885177322449 ], [ -99.009178332726975, 19.259714044018221 ], [ -99.008608093252036, 19.259548327201735 ], [ -99.008279491150489, 19.25944565506661 ], [ -99.007848024393866, 19.259311384118792 ], [ -99.007782190332819, 19.259290786756864 ], [ -99.007409227143398, 19.25917583852965 ], [ -99.006997116550551, 19.259046717875606 ], [ -99.006742957450513, 19.258967108709296 ], [ -99.00663477416775, 19.258933073731594 ], [ -99.006100863930413, 19.258765101874758 ], [ -99.005965051981249, 19.258722670271016 ], [ -99.00543654007592, 19.258568399554857 ], [ -99.005144489982598, 19.258466308961438 ], [ -99.004820396109963, 19.258365046832335 ], [ -99.004336539162821, 19.258213865922166 ], [ -99.00390377790832, 19.258078653202784 ], [ -99.003274450257109, 19.257882022691931 ], [ -99.000340803773753, 19.256924007200841 ], [ -99.000340803591072, 19.256924007549845 ], [ -99.003274450257109, 19.25788202310051 ], [ -99.003903777908334, 19.258078653611278 ], [ -99.004336539162836, 19.258213866330756 ], [ -99.004820396109963, 19.258365047240911 ], [ -99.005144489982627, 19.258466309369929 ], [ -99.00543654007592, 19.258568399963348 ], [ -99.005965051981264, 19.258722670679418 ], [ -99.006100863930428, 19.258765102283245 ], [ -99.00663477416775, 19.258933074140081 ], [ -99.006742957450527, 19.258967109117787 ], [ -99.006997116550579, 19.259046718284001 ], [ -99.007409227143398, 19.259175838938052 ], [ -99.007782190332847, 19.25929078716527 ], [ -99.007848024393894, 19.259311384527194 ], [ -99.008279491150518, 19.259445655475005 ], [ -99.008608093252064, 19.259548327610045 ], [ -99.009178332727004, 19.259714044426619 ], [ -99.009730477412475, 19.259885177730755 ] ], [ [ -99.000735126251442, 19.255655612300465 ], [ -98.999608947907731, 19.255314372372077 ], [ -98.999608947700906, 19.255314372718257 ], [ -99.000735126251442, 19.255655612709411 ], [ -99.000967863884796, 19.255726132800962 ], [ -99.000967864069565, 19.255726132448004 ], [ -99.000735126251442, 19.255655612300465 ] ], [ [ -99.004624242638258, 19.247259251648167 ], [ -99.003419016064925, 19.245765043187721 ], [ -99.003029942892482, 19.245282801801643 ], [ -99.002654350960967, 19.244958824439649 ], [ -99.002592958582085, 19.244898818048117 ], [ -99.002547944247127, 19.244854819910501 ], [ -99.002401778912443, 19.24471195401475 ], [ -99.002267949822524, 19.244544900146796 ], [ -99.002191668394133, 19.244417312316386 ], [ -99.002115387083677, 19.2442897244524 ], [ -99.00199225295151, 19.244083770229171 ], [ -99.001898751706051, 19.243927379588346 ], [ -99.00178492740028, 19.243829692027045 ], [ -99.001742801955388, 19.243793538611815 ], [ -99.001721739239841, 19.243775461900462 ], [ -99.001700676528927, 19.243757385186733 ], [ -99.001586077691982, 19.243645786075888 ], [ -99.001565546869585, 19.243625792642248 ], [ -99.001512147322714, 19.243573790780662 ], [ -99.00133793712358, 19.243399262544941 ], [ -99.001098100125915, 19.243118203492244 ], [ -99.001085503783344, 19.243103442114215 ], [ -99.000858263944707, 19.242837144116624 ], [ -99.00055035166919, 19.242486199757231 ], [ -99.000535053740208, 19.242468763823126 ], [ -99.000389667975412, 19.242303059012787 ], [ -98.999681085356528, 19.241552197808058 ], [ -98.999681085035633, 19.241552197878768 ], [ -99.000389667975412, 19.242303059423357 ], [ -99.000535053740208, 19.242468764233788 ], [ -99.00055035166919, 19.2424862001678 ], [ -99.000858263944707, 19.242837144527197 ], [ -99.001085503783344, 19.243103442524781 ], [ -99.001098100125915, 19.243118203902817 ], [ -99.00133793712358, 19.243399262955514 ], [ -99.001512147322714, 19.243573791191146 ], [ -99.001565546869585, 19.243625793052733 ], [ -99.001586077691982, 19.243645786486368 ], [ -99.001700676528927, 19.243757385597224 ], [ -99.001721739239841, 19.243775462310943 ], [ -99.001742801955388, 19.243793539022203 ], [ -99.00178492740028, 19.243829692437441 ], [ -99.001898751706051, 19.243927379998734 ], [ -99.00199225295151, 19.244083770639559 ], [ -99.002115387083677, 19.244289724862796 ], [ -99.002191668394147, 19.244417312726778 ], [ -99.002267949822524, 19.244544900557091 ], [ -99.002401778912443, 19.244711954425139 ], [ -99.002547944247141, 19.2448548203208 ], [ -99.002592958582099, 19.24489881845842 ], [ -99.002654350960981, 19.244958824849945 ], [ -99.003029942892482, 19.245282802211943 ], [ -99.003419016064939, 19.245765043597931 ], [ -99.004624242638272, 19.247259252058104 ], [ -99.004739993957799, 19.247516509908465 ], [ -99.00473999406114, 19.247516509728122 ], [ -99.004624242638258, 19.247259251648167 ] ], [ [ -99.010449982582614, 19.269561976478514 ], [ -99.010624487521213, 19.269458388815185 ], [ -99.0104499825826, 19.269561976478514 ], [ -99.010424917313117, 19.269578619727628 ], [ -99.010449982582614, 19.269561976478514 ] ], [ [ -99.010310117964238, 19.26965484599668 ], [ -99.009996255811245, 19.269863248372381 ], [ -99.010310117964238, 19.26965484599668 ], [ -99.010424917313117, 19.269578619727628 ], [ -99.010310117964238, 19.26965484599668 ] ], [ [ -99.011913061104053, 19.23931263331675 ], [ -99.011855360120876, 19.239527616467353 ], [ -99.011913061104067, 19.239312633727771 ], [ -99.012373932717892, 19.239432778100852 ], [ -99.011913061104053, 19.23931263331675 ] ], [ [ -99.011342541349705, 19.238443055890876 ], [ -99.01120644385945, 19.238518689476052 ], [ -99.011057177796587, 19.238625824094022 ], [ -99.010982554394644, 19.238713847308961 ], [ -99.010884824707517, 19.238829125719192 ], [ -99.010758644063628, 19.238824339205667 ], [ -99.010496592129343, 19.238918876952109 ], [ -99.009533883436092, 19.238473566492829 ], [ -99.009437916603233, 19.238581303408395 ], [ -99.009372617965951, 19.238654718554766 ], [ -99.009306011550862, 19.238722909414687 ], [ -99.009245435566314, 19.238747571612837 ], [ -99.009210820535259, 19.238758532970547 ], [ -99.00915024513057, 19.238794154749886 ], [ -99.009089672715547, 19.238884574572708 ], [ -99.008991604974952, 19.23906815292678 ], [ -99.008962764497838, 19.239177750465419 ], [ -99.008948344393332, 19.239235289135522 ], [ -99.008933922500333, 19.239259948967618 ], [ -99.008907961279192, 19.23927090984489 ], [ -99.00886180694323, 19.239270912084937 ], [ -99.00880122908525, 19.239265435201059 ], [ -99.008722506831646, 19.239229243710689 ], [ -99.008681773561975, 19.23921051712178 ], [ -99.008661092900979, 19.239198732668914 ], [ -99.008388713448767, 19.239043522416857 ], [ -99.008359867167158, 19.239046263639576 ], [ -99.008256026078612, 19.239166824089079 ], [ -99.008169492445163, 19.239281903900565 ], [ -99.008126224100323, 19.239309304856896 ], [ -99.00810026234744, 19.239310675753483 ], [ -99.008074300594146, 19.239312047057421 ], [ -99.007984874161394, 19.239262732724605 ], [ -99.007582074575126, 19.239060978454191 ], [ -99.007517551554741, 19.239043560262331 ], [ -99.007494476656291, 19.239092879464806 ], [ -99.007451212328064, 19.239210697064479 ], [ -99.007402175942559, 19.239268237018536 ], [ -99.007315638626835, 19.23931481884917 ], [ -99.007257947738196, 19.239361399497369 ], [ -99.007177182487368, 19.239473738705847 ], [ -99.007087765994157, 19.239651835883727 ], [ -99.006983927535515, 19.239865552303005 ], [ -99.0069464305748, 19.239950490719064 ], [ -99.006848358001179, 19.2400902294596 ], [ -99.006784899188645, 19.240180648615528 ], [ -99.006724325304802, 19.240279287350997 ], [ -99.006689712226901, 19.240350526090975 ], [ -99.006669522117747, 19.240413544590794 ], [ -99.006669522211666, 19.240413544708534 ], [ -99.006689712226915, 19.240350526501906 ], [ -99.006724325304816, 19.24027928776184 ], [ -99.006784899188645, 19.24018064902647 ], [ -99.006848358001193, 19.240090229870535 ], [ -99.006946430574814, 19.239950491129992 ], [ -99.006983927535515, 19.239865552713933 ], [ -99.007087765994171, 19.239651836294659 ], [ -99.007177182487382, 19.239473739116864 ], [ -99.007257947738211, 19.23936139990839 ], [ -99.007315638626849, 19.239314819260191 ], [ -99.007402175942559, 19.239268237429556 ], [ -99.007451212328078, 19.239210697475503 ], [ -99.007494476656319, 19.239092879875834 ], [ -99.007517551554741, 19.239043560673359 ], [ -99.00758207457514, 19.239060978865215 ], [ -99.007984874161423, 19.239262733135618 ], [ -99.008074300594174, 19.239312047468445 ], [ -99.008100262347455, 19.239310676164518 ], [ -99.008126224100351, 19.239309305267927 ], [ -99.008169492445191, 19.239281904311586 ], [ -99.008256026078641, 19.239166824500192 ], [ -99.008359867167187, 19.239046264050604 ], [ -99.008388713448795, 19.239043522827966 ], [ -99.008661092901008, 19.239198733079942 ], [ -99.008681773562003, 19.239210517532801 ], [ -99.008722506831646, 19.23922924412172 ], [ -99.008801229085279, 19.239265435612179 ], [ -99.008861806943258, 19.239270912495954 ], [ -99.00890796127922, 19.239270910256 ], [ -99.008933922500361, 19.239259949378646 ], [ -99.00894834439336, 19.239235289546638 ], [ -99.008962764497866, 19.23917775087644 ], [ -99.00899160497498, 19.239068153337893 ], [ -99.009089672715575, 19.238884574983825 ], [ -99.009150245130598, 19.238794155161006 ], [ -99.009210820535273, 19.238758533381667 ], [ -99.009245435566342, 19.23874757202395 ], [ -99.009306011550891, 19.238722909825803 ], [ -99.009372617965965, 19.238654718965872 ], [ -99.009437916603233, 19.238581303819515 ], [ -99.00953388343612, 19.238473566903949 ], [ -99.010496592129343, 19.238918877363133 ], [ -99.010758644063642, 19.238824339616784 ], [ -99.010884824707546, 19.238829126130302 ], [ -99.010982554394658, 19.238713847720074 ], [ -99.011057177796602, 19.238625824505135 ], [ -99.011206443859493, 19.238518689887169 ], [ -99.011342541349734, 19.238443056301993 ], [ -99.0115945593558, 19.238591132997026 ], [ -99.011727252997176, 19.23867934557898 ], [ -99.011859946780291, 19.238767558063916 ], [ -99.012075669372223, 19.238868360741279 ], [ -99.012075669551109, 19.238868360413861 ], [ -99.011859946780277, 19.238767557652807 ], [ -99.011727252997147, 19.238679345167863 ], [ -99.011594559355771, 19.23859113258591 ], [ -99.011342541349705, 19.238443055890876 ] ], [ [ -99.011468906530752, 19.227249034607759 ], [ -99.011458595358064, 19.22704851843708 ], [ -99.011458595339292, 19.227048518484089 ], [ -99.011468906530794, 19.227249035020325 ], [ -99.011546143031168, 19.22734684342554 ], [ -99.011582211293018, 19.22774298446226 ], [ -99.011582211326584, 19.227742984418736 ], [ -99.01154614303114, 19.227346843012889 ], [ -99.011468906530752, 19.227249034607759 ] ], [ [ -99.009862717723777, 19.230403605187849 ], [ -99.009754576831881, 19.230110171378378 ], [ -99.009754576803019, 19.230110171712258 ], [ -99.00986271768096, 19.230403605483787 ], [ -99.009862717723777, 19.230403605187849 ] ], [ [ -99.008292471203632, 19.232795216068361 ], [ -99.008204940271014, 19.232765876191809 ], [ -99.008204939852021, 19.232765876463191 ], [ -99.00829247120366, 19.232795216480294 ], [ -99.008457232356264, 19.232775646304962 ], [ -99.008539617820247, 19.23286367419712 ], [ -99.008539617973653, 19.232863673949129 ], [ -99.00845723235625, 19.232775645893124 ], [ -99.008292471203632, 19.232795216068361 ] ], [ [ -99.008301956378389, 19.24693337827642 ], [ -99.008540538294113, 19.24650496016357 ], [ -99.00854053811166, 19.246504960081126 ], [ -99.008301956378389, 19.24693337827642 ] ], [ [ -99.008082541541398, 19.247828179603744 ], [ -99.008202610306427, 19.24729829533727 ], [ -99.00808254154137, 19.247828179193807 ], [ -99.008021297763534, 19.248079599494748 ], [ -99.008082541541398, 19.247828179603744 ] ], [ [ -99.011939494675161, 19.260735741759692 ], [ -99.013272951184248, 19.261060629021756 ], [ -99.013272951293445, 19.261060628640152 ], [ -99.011939494675133, 19.260735741351464 ], [ -99.011870872517846, 19.26098024444104 ], [ -99.011478014615705, 19.2608899717642 ], [ -99.009632563081283, 19.260372203618246 ], [ -99.009632562939302, 19.260372203986623 ], [ -99.011478014615733, 19.260889972172418 ], [ -99.011870872517875, 19.260980244849176 ], [ -99.011939494675161, 19.260735741759692 ] ], [ [ -99.013594769744472, 19.262161139518529 ], [ -99.013594769823229, 19.262161139276149 ], [ -99.013560413227992, 19.262088916136797 ], [ -99.013197196638174, 19.261325371611925 ], [ -99.013197196565258, 19.261325371866729 ], [ -99.013560413228035, 19.262088916544837 ], [ -99.013594769744472, 19.262161139518529 ] ], [ [ -99.011044498799592, 19.270846303743959 ], [ -99.011148125682013, 19.270991306079825 ], [ -99.011208130764487, 19.271229530862165 ], [ -99.011148125682027, 19.270991306079825 ], [ -99.011044498799592, 19.270846303743959 ] ], [ [ -99.008930340169755, 19.293020683474779 ], [ -99.008827973724181, 19.293694664547477 ], [ -99.008930340169783, 19.293020683474694 ], [ -99.008987501185686, 19.292644332681633 ], [ -99.008930340169755, 19.293020683474779 ] ], [ [ -99.024054721582331, 19.294804753680125 ], [ -99.023987274521005, 19.294707727256288 ], [ -99.024054721582331, 19.294804753680218 ], [ -99.024377821987088, 19.295269549993698 ], [ -99.024054721582331, 19.294804753680125 ] ], [ [ -99.018871075326231, 19.290443741842282 ], [ -99.018113251846401, 19.289955407877571 ], [ -99.018871075326217, 19.290443741842282 ], [ -99.019361058010134, 19.290759478613253 ], [ -99.018871075326231, 19.290443741842282 ] ], [ [ -99.013253096914511, 19.286784144711493 ], [ -99.013923941862501, 19.286734895544743 ], [ -99.014349446217636, 19.287744742303687 ], [ -99.013923941862501, 19.286734895544654 ], [ -99.013253096914511, 19.286784144711493 ] ], [ [ -99.012644971458229, 19.286810082167364 ], [ -99.012969489987071, 19.286835953769767 ], [ -99.013082724660606, 19.286815268218195 ], [ -99.012969489987071, 19.286835953769675 ], [ -99.012644971458229, 19.286810082167364 ] ], [ [ -99.010898749241662, 19.286588733264459 ], [ -99.012121377062599, 19.286745381776875 ], [ -99.010898749241662, 19.28658873326437 ], [ -99.010419243225769, 19.286527294505674 ], [ -99.010898749241662, 19.286588733264459 ] ], [ [ -98.997821829996383, 19.248698310604901 ], [ -98.997953806085462, 19.249021380265813 ], [ -98.997821829996383, 19.248698310604901 ], [ -98.997704917254225, 19.248412113981132 ], [ -98.997821829996383, 19.248698310604901 ] ], [ [ -98.986384506588507, 19.251425058999658 ], [ -98.986413098960014, 19.251318137707205 ], [ -98.987189065413475, 19.247062716248934 ], [ -98.987189065349583, 19.247062716189468 ], [ -98.986413098960043, 19.251318137297805 ], [ -98.986384506486985, 19.251425058969954 ], [ -98.986384506588507, 19.251425058999658 ] ], [ [ -98.993786146290333, 19.264516993712618 ], [ -98.993000026171529, 19.264342237159983 ], [ -98.992988966074421, 19.264446502523658 ], [ -98.992600683412789, 19.265342722349686 ], [ -98.992590229081713, 19.265378174263333 ], [ -98.992579774746147, 19.265413626176233 ], [ -98.992454328597546, 19.26570291210626 ], [ -98.992454328639056, 19.265702912418114 ], [ -98.992579774746133, 19.265413626583829 ], [ -98.992590229081685, 19.265378174670918 ], [ -98.992600683412761, 19.265342722757271 ], [ -98.992988966074407, 19.26444650293142 ], [ -98.993000026171515, 19.264342237567661 ], [ -98.993786146290319, 19.264516994120392 ], [ -98.994073434042861, 19.262996664676471 ], [ -98.994826612777061, 19.258474772714631 ], [ -98.99553081141211, 19.254101077209828 ], [ -98.995530811349212, 19.254101077191432 ], [ -98.994826612777075, 19.258474772306137 ], [ -98.994073434042875, 19.262996664268528 ], [ -98.993786146290333, 19.264516993712618 ] ], [ [ -98.992621516558032, 19.26695935002537 ], [ -98.992621516520657, 19.266959349744617 ], [ -98.992600359129909, 19.267031022071421 ], [ -98.992600359232995, 19.267031022129508 ], [ -98.992621516558032, 19.26695935002537 ] ], [ [ -98.966977787065019, 19.222199796008045 ], [ -98.966924646218388, 19.222401551868369 ], [ -98.966905633413262, 19.222642946373632 ], [ -98.966924646218402, 19.222401551868369 ], [ -98.966977787065019, 19.222199796008045 ] ], [ [ -98.96541474837791, 19.224181960590997 ], [ -98.965227967031453, 19.224644066731511 ], [ -98.965414748529767, 19.224181960628119 ], [ -98.96541474837791, 19.224181960590997 ] ], [ [ -98.966521150113664, 19.21890021523005 ], [ -98.966268276182504, 19.21883888632739 ], [ -98.966118614282763, 19.218811894403803 ], [ -98.966268276182504, 19.218838886327486 ], [ -98.966521150113664, 19.21890021523005 ] ], [ [ -98.968079629010106, 19.219559893310404 ], [ -98.96761776603671, 19.219336743885975 ], [ -98.96729781019279, 19.219216573315556 ], [ -98.967617766036696, 19.219336743885975 ], [ -98.968079629010106, 19.219559893310404 ] ], [ [ -98.962791870780023, 19.224462699440537 ], [ -98.962898926496194, 19.224272952470102 ], [ -98.96289892629747, 19.224272952409521 ], [ -98.962791870780137, 19.224462699027615 ], [ -98.962545821247076, 19.224898798574863 ], [ -98.962304708310484, 19.225326145893476 ], [ -98.962304708523163, 19.225326145929209 ], [ -98.962545821246977, 19.224898798987788 ], [ -98.962791870780023, 19.224462699440537 ] ], [ [ -98.961766828175286, 19.224216709029925 ], [ -98.961794311100263, 19.224362342486561 ], [ -98.961835595097781, 19.22456083029822 ], [ -98.961835595144294, 19.224560830108501 ], [ -98.961794311100377, 19.224362342073547 ], [ -98.96176682822238, 19.224216708866024 ], [ -98.961766828175286, 19.224216709029925 ] ], [ [ -98.961864989699663, 19.224702154811588 ], [ -98.961824154681921, 19.224607497874199 ], [ -98.961824154617332, 19.224607498137647 ], [ -98.96186498967549, 19.224702155168742 ], [ -98.961864989699663, 19.224702154811588 ] ], [ [ -98.966483586938693, 19.226042646303735 ], [ -98.96667227192161, 19.226053882861525 ], [ -98.966483586938708, 19.226042646303735 ], [ -98.966347027623414, 19.22583444833278 ], [ -98.966483586938693, 19.226042646303735 ] ], [ [ -98.966124944132943, 19.22575225843643 ], [ -98.96632443095946, 19.225802704808601 ], [ -98.966124944132943, 19.225752258436341 ], [ -98.966094490931653, 19.225694375124423 ], [ -98.966124944132943, 19.22575225843643 ] ], [ [ -98.994667235797337, 19.235910541446064 ], [ -98.994529901445986, 19.235778300221032 ], [ -98.994184746947184, 19.235445944584814 ], [ -98.993861481710184, 19.235134664709378 ], [ -98.993585673474797, 19.23482764129967 ], [ -98.992947544154816, 19.234023070764948 ], [ -98.992480391667172, 19.233414513634873 ], [ -98.992174735729677, 19.233016118626125 ], [ -98.991711750428536, 19.23243827778413 ], [ -98.991440901697317, 19.232100235550782 ], [ -98.991427901901986, 19.232084010656294 ], [ -98.990075408609954, 19.233256020084745 ], [ -98.98975816067005, 19.233151172511032 ], [ -98.9896433487758, 19.233300387173607 ], [ -98.989546562065712, 19.233426175235046 ], [ -98.98871975925033, 19.238045812714745 ], [ -98.987895806731061, 19.242574862274779 ], [ -98.987126764731741, 19.247004741894681 ], [ -98.98712676479299, 19.247004741951685 ], [ -98.987895806731032, 19.242574862685437 ], [ -98.988719759250301, 19.23804581312595 ], [ -98.989546562065684, 19.233426175646883 ], [ -98.989643348775772, 19.233300387585437 ], [ -98.989758160670007, 19.233151172922874 ], [ -98.990075408609925, 19.233256020496583 ], [ -98.991427901901957, 19.232084011068309 ], [ -98.991440901697288, 19.232100235962701 ], [ -98.991711750428493, 19.23243827819606 ], [ -98.992174735729662, 19.233016119037966 ], [ -98.992480391667158, 19.233414514046711 ], [ -98.992947544154788, 19.234023071176697 ], [ -98.993585673474783, 19.234827641711245 ], [ -98.993861481710169, 19.235134665120942 ], [ -98.99418474694717, 19.235445944996378 ], [ -98.994529901445972, 19.235778300632514 ], [ -98.994667235797323, 19.235910541857539 ], [ -98.994726717541639, 19.23581694362532 ], [ -98.994764276545936, 19.234942499580704 ], [ -98.994764276543009, 19.234942499237725 ], [ -98.994726717541653, 19.235816943213838 ], [ -98.994667235797337, 19.235910541446064 ] ], [ [ -98.994222319029177, 19.229666314447201 ], [ -98.994222319102789, 19.229666314842827 ], [ -98.994259849956322, 19.22965781781155 ], [ -98.994325707447231, 19.229642907574078 ], [ -98.994325707358414, 19.229642907181816 ], [ -98.994259849956322, 19.229657817399257 ], [ -98.994222319029177, 19.229666314447201 ] ], [ [ -98.995849582434005, 19.272109316399291 ], [ -98.995936925416373, 19.27155026933573 ], [ -98.995992971440103, 19.27119153939335 ], [ -98.995992971382165, 19.271191539357361 ], [ -98.995936925416387, 19.271550268928863 ], [ -98.995849582434005, 19.272109315992605 ], [ -98.995760073879325, 19.272682219992554 ], [ -98.995760073941483, 19.272682220001283 ], [ -98.995849582434005, 19.272109316399291 ] ] ] ] } },
{ "type": "Feature", "properties": { "id": 5588.0, "entidad": 9, "distrito_f": 9, "distrito_l": 7, "municipio": 9, "seccion": 3731, "tipo": 2, "control": 36454.0, "SECCION_TX": "3731", "SECCION__1": null, "SECCION__2": null, "SECCION_N": "3731", "ESTATUS": "COMPLETA", "ALCALDIA_N": "MILPA ALTA" }, "geometry": { "type": "MultiPolygon", "coordinates": [ [ [ [ -99.069896185951109, 19.053993504426632 ], [ -99.105296931830551, 19.075484904445013 ], [ -99.125673210451112, 19.087848536942264 ], [ -99.150390193256882, 19.111656982341032 ], [ -99.142294617301118, 19.145789740014028 ], [ -99.141216487361376, 19.15082626718268 ], [ -99.138324397959053, 19.14867483283453 ], [ -99.130496153964842, 19.143204639916512 ], [ -99.113907804962764, 19.159212524436185 ], [ -99.100596832676587, 19.172054390837509 ], [ -99.106863228079987, 19.180919895833192 ], [ -99.106923074518832, 19.180983905301844 ], [ -99.106991207459885, 19.180859047689282 ], [ -99.107811637469069, 19.18193427014937 ], [ -99.107798998765944, 19.183876022602938 ], [ -99.107577755634509, 19.185712223892349 ], [ -99.107513558727547, 19.188064382469868 ], [ -99.107350446791514, 19.188922178920663 ], [ -99.10744941921908, 19.191471484905687 ], [ -99.107582165636487, 19.192501719783419 ], [ -99.107512822476039, 19.192765943155276 ], [ -99.107530411815631, 19.193291867548222 ], [ -99.10704015227796, 19.193456003112413 ], [ -99.10679179093097, 19.193475178253596 ], [ -99.106697839372444, 19.193362711564117 ], [ -99.106205445324989, 19.193218582491724 ], [ -99.1047653233408, 19.193398531298897 ], [ -99.104685702806506, 19.193461460316779 ], [ -99.10464691438743, 19.19349893021667 ], [ -99.104653344474258, 19.193760810653167 ], [ -99.104494820824456, 19.194044608797423 ], [ -99.104499376610477, 19.194645749216328 ], [ -99.104575239805754, 19.195215348067176 ], [ -99.104573987606315, 19.195278967548049 ], [ -99.104568015406031, 19.195582391694291 ], [ -99.104562650463521, 19.195639682212818 ], [ -99.104556408364701, 19.195675397232161 ], [ -99.104556789184443, 19.195705697461175 ], [ -99.104559774052419, 19.195758969727251 ], [ -99.10455355324747, 19.195828412224277 ], [ -99.104522281309428, 19.195909772817828 ], [ -99.104503645114434, 19.196159763653942 ], [ -99.10451828647642, 19.19619745074036 ], [ -99.104543361450979, 19.196223228059157 ], [ -99.104593498889642, 19.196254942994081 ], [ -99.104609881020536, 19.196290356557679 ], [ -99.104513146935744, 19.196611855705832 ], [ -99.104492327253141, 19.196711066060217 ], [ -99.104480013225555, 19.197052315880232 ], [ -99.104513530191596, 19.197218950242295 ], [ -99.104572088549276, 19.197357794743404 ], [ -99.104626427893479, 19.197429186661648 ], [ -99.104670243108856, 19.197524216616632 ], [ -99.104644933464868, 19.197675083961805 ], [ -99.10459595164869, 19.197986051663015 ], [ -99.104482170519972, 19.198075439781448 ], [ -99.104444099693936, 19.198133791252179 ], [ -99.104398869924964, 19.198280785216113 ], [ -99.104395518219093, 19.198310819640369 ], [ -99.104404000546737, 19.198332939902578 ], [ -99.104429420897446, 19.198357061892505 ], [ -99.104491371924226, 19.198398259730052 ], [ -99.104569188489194, 19.198419334782443 ], [ -99.104670831931728, 19.198455481493433 ], [ -99.10476614831741, 19.198529847826972 ], [ -99.104819116477657, 19.198594181459548 ], [ -99.104846665491664, 19.198636404520084 ], [ -99.104863659608924, 19.198726906534361 ], [ -99.104870058051759, 19.198801323631272 ], [ -99.10485740514315, 19.198879774364386 ], [ -99.1048332879719, 19.198934233250995 ], [ -99.104814255710281, 19.19896843744872 ], [ -99.104795218347448, 19.1989945961605 ], [ -99.104769834763289, 19.199028803982639 ], [ -99.104737884206912, 19.199059870960646 ], [ -99.104710412912794, 19.199079591700748 ], [ -99.10461799914026, 19.199138836934928 ], [ -99.104425130949835, 19.199255422406637 ], [ -99.104316551283617, 19.199304969195421 ], [ -99.104219059410994, 19.199375288241573 ], [ -99.104106003509045, 19.199452256366516 ], [ -99.104001634097386, 19.199516043693848 ], [ -99.103330992535902, 19.199925916293164 ], [ -99.103091144646427, 19.200051900245082 ], [ -99.102841964419994, 19.200212322583432 ], [ -99.102577638205503, 19.200336659600126 ], [ -99.102383929945077, 19.200495796771129 ], [ -99.102340640145457, 19.200543965408247 ], [ -99.102277482337115, 19.200614241145203 ], [ -99.102229207028486, 19.200688325446315 ], [ -99.102141819886398, 19.200844812590351 ], [ -99.10210573482523, 19.200993768616339 ], [ -99.101587211303084, 19.200878076018206 ], [ -99.10154407022452, 19.201059554263686 ], [ -99.101447678861263, 19.201030958915528 ], [ -99.101294901230006, 19.200981398059994 ], [ -99.101208464459418, 19.200958532565163 ], [ -99.101094053803521, 19.200953873100758 ], [ -99.100985385993866, 19.200979659333814 ], [ -99.100938031888191, 19.201009690558106 ], [ -99.100881797325599, 19.201076551729169 ], [ -99.100840782816661, 19.201151588061599 ], [ -99.100827600467653, 19.201189238202623 ], [ -99.100801500532683, 19.20123507899164 ], [ -99.100766492205508, 19.201271923304954 ], [ -99.100712249892823, 19.201310141803191 ], [ -99.10064393754115, 19.20134645857312 ], [ -99.10055551519342, 19.201363691996306 ], [ -99.100473104950012, 19.201352280558108 ], [ -99.100420836465901, 19.201331305403993 ], [ -99.100292174570043, 19.201277911636634 ], [ -99.100212516171538, 19.201227771241154 ], [ -99.100159509264287, 19.201251252055492 ], [ -99.099983576220652, 19.201365368358481 ], [ -99.099963533212161, 19.201457032165603 ], [ -99.099947613634541, 19.201720542868461 ], [ -99.09990346168307, 19.201827495284277 ], [ -99.099862438480443, 19.201889165354583 ], [ -99.099749926414461, 19.201954147379841 ], [ -99.099641424752136, 19.202003851677592 ], [ -99.099488697257527, 19.202038304432364 ], [ -99.099211254286132, 19.202061375143042 ], [ -99.099018391340621, 19.202034740126511 ], [ -99.098962090575299, 19.20199276295148 ], [ -99.098950862780541, 19.201938759024699 ], [ -99.098882432278884, 19.201778403401892 ], [ -99.098781858153743, 19.20164097828868 ], [ -99.098705425027887, 19.20154172882555 ], [ -99.098633032150516, 19.2014768469869 ], [ -99.098492279873597, 19.201369994276373 ], [ -99.098387704812168, 19.201263122049255 ], [ -99.098240923373325, 19.201156272376714 ], [ -99.098148442705465, 19.201108586019565 ], [ -99.098053964700938, 19.201081904469952 ], [ -99.097947432250137, 19.201062867051199 ], [ -99.097394512599024, 19.201031703674325 ], [ -99.097229026163745, 19.201008421551311 ], [ -99.097074260125183, 19.200993228062519 ], [ -99.096972618571115, 19.200987007726269 ], [ -99.096859215919878, 19.20100670781979 ], [ -99.096778830447136, 19.201020116307692 ], [ -99.096726596007031, 19.201056423136535 ], [ -99.096681259857277, 19.201101727681774 ], [ -99.096676276578052, 19.20093042694587 ], [ -99.096687989134566, 19.200857679122649 ], [ -99.096691129436223, 19.200794303403399 ], [ -99.096695077704524, 19.200672097462899 ], [ -99.096682077428241, 19.200538989652976 ], [ -99.096666810753391, 19.200450617867553 ], [ -99.096614498450251, 19.200353264231957 ], [ -99.096553140088957, 19.200278254225527 ], [ -99.09650589891605, 19.200234936420362 ], [ -99.096466825679684, 19.20019540464272 ], [ -99.096439509124437, 19.20012231465617 ], [ -99.096407323065435, 19.200072686258117 ], [ -99.096233616346112, 19.200075232737895 ], [ -99.095962270594271, 19.200041005089886 ], [ -99.095042442478302, 19.199874824584132 ], [ -99.094851508620209, 19.199873014002304 ], [ -99.094774441495503, 19.199997705791283 ], [ -99.094742295303462, 19.200016816756889 ], [ -99.094452869193162, 19.199995962262353 ], [ -99.093709179548128, 19.199897053138901 ], [ -99.093311963891594, 19.199831796236126 ], [ -99.092942230846774, 19.199788059798191 ], [ -99.092885943095297, 19.199765175088555 ], [ -99.092785436172548, 19.199736584432529 ], [ -99.091847931435936, 19.199617307722907 ], [ -99.091560363959701, 19.199576807562217 ], [ -99.09148298554895, 19.199575891460277 ], [ -99.091434746821463, 19.199570187210199 ], [ -99.091378464620902, 19.199556849212399 ], [ -99.091319170867379, 19.199549241004178 ], [ -99.091289027857229, 19.199556893754519 ], [ -99.091271852593536, 19.199568366091373 ], [ -99.091255884332782, 19.199590325375745 ], [ -99.091237808624385, 19.199613247598595 ], [ -99.091214707319082, 19.199634262883446 ], [ -99.091125206641237, 19.199651699884861 ], [ -99.091049914496551, 19.199656303285582 ], [ -99.090969520801607, 19.199654433746304 ], [ -99.090772560915553, 19.199658350212925 ], [ -99.090366574917965, 19.19965282240738 ], [ -99.089966621505084, 19.199653019051027 ], [ -99.08980562237042, 19.199698281735255 ], [ -99.089746886889031, 19.199759617860387 ], [ -99.089715803693338, 19.199814371793831 ], [ -99.089692782034859, 19.199860363583255 ], [ -99.089659387027723, 19.199901981343597 ], [ -99.089632893531999, 19.199920605460647 ], [ -99.089598328390053, 19.199929380547321 ], [ -99.089498078092419, 19.199933808597461 ], [ -99.089419720276439, 19.199934941595938 ], [ -99.089320615210667, 19.199926231696903 ], [ -99.089235335157085, 19.199912041145225 ], [ -99.08916042902996, 19.199903319382852 ], [ -99.089063622764101, 19.199883660482225 ], [ -99.088999084088911, 19.199868364971501 ], [ -99.088954135018113, 19.199853059936974 ], [ -99.088925314442761, 19.199830083649911 ], [ -99.088905715444724, 19.199812576760298 ], [ -99.088895328024094, 19.199781928109545 ], [ -99.088892993970873, 19.199727190515166 ], [ -99.088907914846004, 19.199616611055141 ], [ -99.08892285216875, 19.199536685271863 ], [ -99.088934338968656, 19.199468803680123 ], [ -99.088941223514752, 19.199414061613844 ], [ -99.088948119233663, 19.199380120258162 ], [ -99.088948102761904, 19.199349466578457 ], [ -99.088948088643278, 19.199323191995806 ], [ -99.088913502419402, 19.199292555079552 ], [ -99.088876622138997, 19.199281625210649 ], [ -99.088814386016026, 19.199261949418855 ], [ -99.088747532978516, 19.199228043770646 ], [ -99.088684135181936, 19.199190852103218 ], [ -99.088620746205379, 19.199170082028253 ], [ -99.08856197181241, 19.199159162674349 ], [ -99.088476688706891, 19.19913840312088 ], [ -99.088359135879131, 19.199108900881225 ], [ -99.088281922009543, 19.19909361122199 ], [ -99.088190879104303, 19.199076138631675 ], [ -99.088128646053391, 19.199061936477776 ], [ -99.088043359557744, 19.199034608076147 ], [ -99.087994949757714, 19.199011641043061 ], [ -99.08796962355845, 19.198986053229483 ], [ -99.087941914975659, 19.198959117299935 ], [ -99.087880773900423, 19.198966205996221 ], [ -99.0878832389282, 19.199133214591914 ], [ -99.087846402905228, 19.199205487364377 ], [ -99.087793425009934, 19.19926025146351 ], [ -99.087727777303726, 19.199325969354266 ], [ -99.087667894653265, 19.199398253112921 ], [ -99.087629910787768, 19.199479284585678 ], [ -99.087611509490529, 19.199547169401026 ], [ -99.087590796571916, 19.199601918023323 ], [ -99.087565463325348, 19.199635868132678 ], [ -99.087526195876478, 19.199654504386562 ], [ -99.087487122413592, 19.199668748759095 ], [ -99.087467560609852, 19.199721307268746 ], [ -99.087460684819064, 19.199793565668152 ], [ -99.087442313491394, 19.199918378725851 ], [ -99.087447011878197, 19.200086971761305 ], [ -99.087449403298095, 19.200251186795764 ], [ -99.087447191175571, 19.200426351767106 ], [ -99.087440339638349, 19.20054459067595 ], [ -99.087440400942938, 19.200660636738064 ], [ -99.087440455307757, 19.200763545508945 ], [ -99.087443934292082, 19.200805145278114 ], [ -99.087447413278198, 19.200846745047109 ], [ -99.087440532807179, 19.200910245244046 ], [ -99.087424467175055, 19.201037246734604 ], [ -99.087415307452858, 19.201148918088865 ], [ -99.087386545765639, 19.20124645112681 ], [ -99.087378498522369, 19.201273739910636 ], [ -99.087337070934609, 19.201381047533616 ], [ -99.087293247385631, 19.201501499920465 ], [ -99.087244940375314, 19.201584892690676 ], [ -99.087208162331365, 19.201672318858996 ], [ -99.087137933466252, 19.201793872194127 ], [ -99.087081426974777, 19.201901193260763 ], [ -99.086950283952987, 19.20214100471998 ], [ -99.086873163037083, 19.20230525741286 ], [ -99.086785673139659, 19.202473894075695 ], [ -99.086640161025272, 19.202543033037887 ], [ -99.086564925802392, 19.202631823583417 ], [ -99.085903654083992, 19.20218929195547 ], [ -99.085625304606907, 19.202077057267857 ], [ -99.085082272681603, 19.201925778761648 ], [ -99.084734610464224, 19.201760205472624 ], [ -99.084484047678899, 19.201562030112019 ], [ -99.08437248044838, 19.201304481601905 ], [ -99.083815849711655, 19.200967463796655 ], [ -99.083690545999033, 19.200822107631762 ], [ -99.083530386356429, 19.200537963559363 ], [ -99.083370277202746, 19.200352964816386 ], [ -99.082770050803063, 19.200041857394496 ], [ -99.082305433434115, 19.19956689145641 ], [ -99.082166191525729, 19.199368662866725 ], [ -99.082110439118551, 19.199177006505455 ], [ -99.082131215486854, 19.198985315866334 ], [ -99.082142797506293, 19.198805554492534 ], [ -99.08204908261213, 19.198744726639173 ], [ -99.081894541601031, 19.198721033647832 ], [ -99.081790112676131, 19.19857566681506 ], [ -99.081718706810847, 19.198392987801867 ], [ -99.081370317362854, 19.198103836884115 ], [ -99.081142775369102, 19.197914984168758 ], [ -99.080947847155528, 19.19765068221373 ], [ -99.080822519433681, 19.197445836707605 ], [ -99.080718043916008, 19.197201323717941 ], [ -99.080773947890179, 19.197035539536206 ], [ -99.080728448212284, 19.196980254103657 ], [ -99.080554159642944, 19.196869973788679 ], [ -99.080532005707411, 19.196759908376357 ], [ -99.080523648753967, 19.196636417365511 ], [ -99.080404608836545, 19.196444376893066 ], [ -99.080368642969859, 19.196418117191321 ], [ -99.080271814296978, 19.196352470931735 ], [ -99.080230417290267, 19.196330148558943 ], [ -99.075966671485958, 19.201321441629069 ], [ -99.074248089521774, 19.202319812690831 ], [ -99.07471074459697, 19.202604154299827 ], [ -99.075865478238526, 19.203567211930032 ], [ -99.076252564067119, 19.204600447800139 ], [ -99.076348814900683, 19.204705152432265 ], [ -99.077419547161043, 19.205869915627257 ], [ -99.0783045754049, 19.206716177568392 ], [ -99.077093818458621, 19.206729985382619 ], [ -99.077085499526788, 19.206181320305006 ], [ -99.076784044297781, 19.206125419305511 ], [ -99.076561228691133, 19.206081935542386 ], [ -99.076377899566083, 19.206405726482078 ], [ -99.076679378251498, 19.206511430361495 ], [ -99.076725334610856, 19.206698169474294 ], [ -99.076168533217157, 19.207109269998519 ], [ -99.07611623073258, 19.20737075338327 ], [ -99.076041228406325, 19.207410521833118 ], [ -99.072120701428034, 19.209438355034266 ], [ -99.071763996051118, 19.209395006082637 ], [ -99.071630484131305, 19.209411366656408 ], [ -99.071455002806758, 19.209413247182717 ], [ -99.070760772285439, 19.209431220818836 ], [ -99.069736375788906, 19.209770015812449 ], [ -99.0673471238715, 19.21056017482158 ], [ -99.067320198256283, 19.21056908138414 ], [ -99.067318322536224, 19.210646999760815 ], [ -99.067306936208567, 19.210790155041234 ], [ -99.067301243406121, 19.210862638699854 ], [ -99.067293070519426, 19.210889402011176 ], [ -99.067270186408209, 19.210906372454964 ], [ -99.06724022623365, 19.210913398190645 ], [ -99.067175372084108, 19.210909797891382 ], [ -99.067108606095047, 19.210895326034034 ], [ -99.067022760665154, 19.210868176855186 ], [ -99.066969343055376, 19.210844639869521 ], [ -99.066936910130764, 19.210828343363264 ], [ -99.066920321323792, 19.210800674823229 ], [ -99.066897677116017, 19.210773595971055 ], [ -99.066859550038672, 19.210801198182256 ], [ -99.066799585361849, 19.210853762008757 ], [ -99.066698520010874, 19.210924468341364 ], [ -99.066584093792429, 19.210973435001328 ], [ -99.066238877908816, 19.211033191689133 ], [ -99.066122527014059, 19.21105333181162 ], [ -99.065985206268138, 19.211089622080898 ], [ -99.065775418092457, 19.211163991089276 ], [ -99.065605682998623, 19.21123109736925 ], [ -99.065184211171029, 19.211412451655399 ], [ -99.065075504339887, 19.211455979221597 ], [ -99.064631147737074, 19.211651836671042 ], [ -99.064411838669372, 19.211771508452223 ], [ -99.063940831548777, 19.212110524675261 ], [ -99.063780652229497, 19.212230175060952 ], [ -99.063532750931401, 19.212404216903828 ], [ -99.063412616375999, 19.212494860456562 ], [ -99.06306174918538, 19.212766787357925 ], [ -99.062958761967224, 19.212816300708241 ], [ -99.062930158007262, 19.212827535891233 ], [ -99.062886293111475, 19.212844765316831 ], [ -99.062756117616416, 19.212866554402233 ], [ -99.062697463393775, 19.212866574476006 ], [ -99.062555692967734, 19.212821604307443 ], [ -99.062439926267956, 19.212785120640515 ], [ -99.061461055715256, 19.212274405384356 ], [ -99.060899602417052, 19.211988503768538 ], [ -99.060655368288451, 19.211865948033886 ], [ -99.060521286220464, 19.211798665957822 ], [ -99.060381522692296, 19.211718607122197 ], [ -99.060128480694601, 19.211512706194448 ], [ -99.059865774345937, 19.211228991844511 ], [ -99.059726004178529, 19.211128334091963 ], [ -99.059571786394997, 19.211048279340051 ], [ -99.059414850204135, 19.210987585119916 ], [ -99.058639076341635, 19.210687556151708 ], [ -99.058598490825545, 19.210669675447271 ], [ -99.058358199764356, 19.210563810483844 ], [ -99.051230459774757, 19.214420481954317 ], [ -99.05127655226083, 19.214591768226917 ], [ -99.051441640229996, 19.214956188255393 ], [ -99.051587525286365, 19.215255009596877 ], [ -99.051803268744408, 19.21551593469362 ], [ -99.051913770755334, 19.215674053672984 ], [ -99.051980137758036, 19.215886913378039 ], [ -99.052013252329331, 19.216043956936176 ], [ -99.051953875172288, 19.2166242150101 ], [ -99.051949917596374, 19.216662889929768 ], [ -99.051988947375193, 19.216825745652276 ], [ -99.052119511341772, 19.217197464088784 ], [ -99.052238539352558, 19.217485358483628 ], [ -99.052472712502905, 19.217911716998078 ], [ -99.052883475565238, 19.21865146518995 ], [ -99.052987111194042, 19.218789932379373 ], [ -99.053802742649509, 19.219396644657831 ], [ -99.054100027154462, 19.219609655906588 ], [ -99.054126910548334, 19.219689830505995 ], [ -99.054146124071565, 19.219780941349839 ], [ -99.054215227201283, 19.219908484043081 ], [ -99.05443006937044, 19.22015990910845 ], [ -99.054637407618046, 19.220476929280498 ], [ -99.054668196537392, 19.220615413607941 ], [ -99.054698907485147, 19.220666429688119 ], [ -99.054741120286792, 19.22069192970401 ], [ -99.054794839759722, 19.220706492287839 ], [ -99.054883094928357, 19.22073562315574 ], [ -99.054967533965694, 19.220826714352004 ], [ -99.055194018584444, 19.22117288899021 ], [ -99.055534208695363, 19.22201548361631 ], [ -99.055088721148678, 19.222030735671712 ], [ -99.054998683314807, 19.222040829141442 ], [ -99.054829050987593, 19.222166799886594 ], [ -99.054155140947287, 19.222143310755605 ], [ -99.054064515711985, 19.222210310276701 ], [ -99.053990008254701, 19.222256354936107 ], [ -99.053970273264341, 19.222311401180537 ], [ -99.053947899632504, 19.22235143717349 ], [ -99.053946613383971, 19.222445256465051 ], [ -99.053930835076031, 19.222519065321364 ], [ -99.053892655747518, 19.222549098608393 ], [ -99.053839985169333, 19.222561623283344 ], [ -99.053734381905514, 19.222637797499001 ], [ -99.05365435044844, 19.222695526057745 ], [ -99.05360959236971, 19.222743074075282 ], [ -99.053429427498017, 19.222751481735337 ], [ -99.053379055285006, 19.222751496418937 ], [ -99.053238236840883, 19.222746935125684 ], [ -99.053080200642924, 19.222709453419359 ], [ -99.052989301135327, 19.222650873648277 ], [ -99.052928316219479, 19.222625707297755 ], [ -99.052832865350084, 19.222598032471577 ], [ -99.052801056176264, 19.222613152029652 ], [ -99.052774554154695, 19.222643380441049 ], [ -99.052740091388813, 19.222650945559106 ], [ -99.052684408844897, 19.222625777600854 ], [ -99.052655240391545, 19.222608157200913 ], [ -99.052615462468921, 19.222575429455837 ], [ -99.052559783972796, 19.222562853448064 ], [ -99.052496154386503, 19.222557834895806 ], [ -99.052464343590984, 19.222567917600067 ], [ -99.0524166273904, 19.222583041646065 ], [ -99.052347698657655, 19.22258809815013 ], [ -99.052215136353766, 19.22257554398972 ], [ -99.05213559500983, 19.222555419458633 ], [ -99.052064010354826, 19.222545366223901 ], [ -99.052010986245307, 19.222542862886755 ], [ -99.051923486699252, 19.222507630134629 ], [ -99.051865153952591, 19.222484981075731 ], [ -99.051817419564998, 19.222442181816749 ], [ -99.051793546462903, 19.222401894198896 ], [ -99.051774982796829, 19.222384270659759 ], [ -99.051642415191893, 19.222354087299397 ], [ -99.051607939855046, 19.222321357839299 ], [ -99.051573458246594, 19.222268481189754 ], [ -99.051515100519737, 19.222165243286565 ], [ -99.051491225962579, 19.222119918832046 ], [ -99.051451442900969, 19.222069562046304 ], [ -99.051424928184929, 19.222059495898044 ], [ -99.051340080958752, 19.222026780518259 ], [ -99.051228723756381, 19.221999109309859 ], [ -99.05096358319939, 19.221918594514154 ], [ -99.050846921497836, 19.221883369353986 ], [ -99.050727607145589, 19.221843108057278 ], [ -99.050555252058288, 19.22174493816663 ], [ -99.050515487070555, 19.221752504329832 ], [ -99.050335233188775, 19.221833142684886 ], [ -99.050088707102773, 19.221936464576608 ], [ -99.049879280201381, 19.221984371279156 ], [ -99.049725513098011, 19.221984413077983 ], [ -99.04961119866455, 19.221948376316931 ], [ -99.049468319976171, 19.221881228375359 ], [ -99.049423254100233, 19.221893832529197 ], [ -99.049370244527182, 19.221939177989867 ], [ -99.049301315966773, 19.221944233347703 ], [ -99.049258896715074, 19.221941726359436 ], [ -99.049216487960919, 19.221974476933784 ], [ -99.049174079189953, 19.222007227498317 ], [ -99.049097202358155, 19.222029913700151 ], [ -99.049070687043425, 19.222017328812768 ], [ -99.049033543948127, 19.221926676420917 ], [ -99.048972537518154, 19.221825956807624 ], [ -99.048847723263705, 19.221667338747839 ], [ -99.048778966833183, 19.221702606930375 ], [ -99.048635814971561, 19.221737902563941 ], [ -99.048490011894927, 19.22177319878746 ], [ -99.048368075037956, 19.221828635782202 ], [ -99.048264695451635, 19.221881549409513 ], [ -99.048198429049222, 19.221924379625332 ], [ -99.048124202544344, 19.221944546323712 ], [ -99.048005083399119, 19.221936149213626 ], [ -99.047933309061932, 19.221909338790752 ], [ -99.047920045982991, 19.221884158277351 ], [ -99.047920032113353, 19.221836308713332 ], [ -99.047914723234967, 19.22181364451702 ], [ -99.047888206585583, 19.221796022661771 ], [ -99.047798057155532, 19.22176078862644 ], [ -99.047752974453132, 19.221715469212388 ], [ -99.047681386792505, 19.221692822272146 ], [ -99.04762306144049, 19.221692837442173 ], [ -99.047559435232657, 19.2216978907664 ], [ -99.047503760307549, 19.221695386812051 ], [ -99.047466640558454, 19.221682804440945 ], [ -99.047450727139775, 19.221660142977885 ], [ -99.04741890681656, 19.221637485631014 ], [ -99.047302133483029, 19.221551897445099 ], [ -99.047233199262905, 19.221536804839193 ], [ -99.047159062361814, 19.221526743169825 ], [ -99.047116550821329, 19.221544390069756 ], [ -99.047053022823775, 19.221549436019369 ], [ -99.046302669053361, 19.22127008495918 ], [ -99.046273530417153, 19.221355717869685 ], [ -99.046066724810231, 19.221297846819134 ], [ -99.046151510165018, 19.22111398238895 ], [ -99.04621509817764, 19.220972936040351 ], [ -99.046297246167896, 19.220839440174679 ], [ -99.046435055162377, 19.22066059899629 ], [ -99.046540366429412, 19.220535495559375 ], [ -99.046666347043498, 19.220180271623569 ], [ -99.04673846342908, 19.219964277088586 ], [ -99.046778129931411, 19.219854564790928 ], [ -99.046821850698862, 19.219706027417406 ], [ -99.046960400788507, 19.219354089227529 ], [ -99.047134496981357, 19.219053681915643 ], [ -99.047248417713533, 19.218784183869037 ], [ -99.047317512104129, 19.218540283546503 ], [ -99.047371424844656, 19.218349973296696 ], [ -99.047274165429499, 19.218374375781757 ], [ -99.046474986422552, 19.218562742833829 ], [ -99.046291937863472, 19.218619829097001 ], [ -99.046152156595497, 19.218636462952954 ], [ -99.046007476938399, 19.218631491240284 ], [ -99.045846985873851, 19.218615568292076 ], [ -99.045719137733485, 19.21860288387369 ], [ -99.045673268178717, 19.218598332916045 ], [ -99.045547726712485, 19.218585877232801 ], [ -99.045506288684038, 19.218587150385339 ], [ -99.045466973794447, 19.21858807105172 ], [ -99.04541998590598, 19.218582617263252 ], [ -99.045371076959711, 19.218565322148155 ], [ -99.045326956309282, 19.218525253161793 ], [ -99.045304890251813, 19.218484267806062 ], [ -99.045282814975423, 19.218409578892256 ], [ -99.045281842350846, 19.218359479249592 ], [ -99.045285656265136, 19.218280229400698 ], [ -99.045294272927947, 19.218231038294373 ], [ -99.045326855431597, 19.21815724677197 ], [ -99.045355611289153, 19.218116248842218 ], [ -99.045380530770942, 19.218072519136857 ], [ -99.045415040016266, 19.218031519772467 ], [ -99.045453379846322, 19.217972301311253 ], [ -99.045496521176176, 19.217938587045818 ], [ -99.045544460761278, 19.217918535182687 ], [ -99.045590479266139, 19.217886641993882 ], [ -99.045644166451723, 19.21784563781328 ], [ -99.045689222995449, 19.217802813954858 ], [ -99.045720857419667, 19.217769102504878 ], [ -99.045748652951175, 19.217723550216437 ], [ -99.045767815336788, 19.217667069195695 ], [ -99.045777385177104, 19.217597837870731 ], [ -99.045773535960734, 19.217548649852183 ], [ -99.045740917744624, 19.217492181760274 ], [ -99.045708300557948, 19.217439357290182 ], [ -99.04555099893534, 19.217286364072926 ], [ -99.042296542361584, 19.219011413588795 ], [ -99.036908711536583, 19.221926747321003 ], [ -99.036339466828196, 19.22223238959447 ], [ -99.034441861902721, 19.223250930833153 ], [ -99.031743663068809, 19.224700975768755 ], [ -99.031278663852092, 19.224715444376471 ], [ -99.022775094602977, 19.224979819648208 ], [ -99.022711544732559, 19.224981793919227 ], [ -99.020179145110674, 19.225060448689998 ], [ -99.017183121768525, 19.22515345802098 ], [ -99.013597733102529, 19.225264699216339 ], [ -99.012625437676476, 19.225273054566184 ], [ -99.011145239755194, 19.225285764628445 ], [ -99.010342218987333, 19.225292654946848 ], [ -99.009030791395745, 19.225303900078945 ], [ -99.008952915135751, 19.225304567551163 ], [ -99.008747367104107, 19.225991982777902 ], [ -99.008617852663193, 19.226074008863588 ], [ -99.008550019694908, 19.226271250482494 ], [ -99.008457513064045, 19.226406001827907 ], [ -99.008452877644913, 19.226494077519458 ], [ -99.008323082614226, 19.226573540762622 ], [ -99.008233668463163, 19.226633822754607 ], [ -99.008161559046528, 19.226658485143425 ], [ -99.008060605212364, 19.226680408868472 ], [ -99.007953479583605, 19.226739774129651 ], [ -99.007839135302333, 19.22660309830918 ], [ -99.007699432309991, 19.226605415765281 ], [ -99.007574001699098, 19.226570670468003 ], [ -99.007500747253843, 19.226572547523066 ], [ -99.007430283210809, 19.226620319963583 ], [ -99.007297016620058, 19.226660040208365 ], [ -99.007035705233065, 19.226640192988118 ], [ -99.006854825759035, 19.226641185883175 ], [ -99.006493036217421, 19.22664317007996 ], [ -99.00567035634927, 19.226647683332605 ], [ -99.005214371285504, 19.226650182613046 ], [ -99.00494079058025, 19.22665317356801 ], [ -99.004871889750788, 19.226653926770517 ], [ -99.004793662056741, 19.226675015910782 ], [ -99.004739742649932, 19.226707266153504 ], [ -99.004723109409653, 19.226717214811316 ], [ -99.004613359290119, 19.226729628510505 ], [ -99.004498382805508, 19.226737077911601 ], [ -99.004451346217337, 19.226712257256256 ], [ -99.004375565150255, 19.226675026375371 ], [ -99.003903976706425, 19.226661332617848 ], [ -99.003658919919445, 19.226596612551781 ], [ -99.003332509225913, 19.226569260892727 ], [ -99.003314702456308, 19.226599031914844 ], [ -99.003243095006781, 19.226718751816367 ], [ -99.003145017236989, 19.226694694874698 ], [ -99.003102361803556, 19.226684232146074 ], [ -99.002592135043784, 19.226559080412667 ], [ -99.002506295407002, 19.226613441359959 ], [ -99.002481260076777, 19.226711968751584 ], [ -99.002356075955205, 19.226711970404608 ], [ -99.002220160396917, 19.226610047567078 ], [ -99.002069938862832, 19.226555689573555 ], [ -99.001919718295738, 19.226576076116849 ], [ -98.999734363324819, 19.226372236908958 ], [ -98.999702172820932, 19.226576085934497 ], [ -98.999554385352056, 19.226613023582971 ], [ -98.99936624180458, 19.226615505209121 ], [ -98.999239305679879, 19.226552241556266 ], [ -98.998993989377695, 19.226504736238425 ], [ -98.998890948256999, 19.226483457674156 ], [ -98.998746781986171, 19.226453686431093 ], [ -98.998689303193487, 19.226441816663733 ], [ -98.998582671364943, 19.226419796402926 ], [ -98.998559808137074, 19.226431648229795 ], [ -98.997429966373403, 19.227017329258896 ], [ -98.997409509853028, 19.227027933292177 ], [ -98.996728784429493, 19.226965873140678 ], [ -98.996701325328715, 19.226963369704329 ], [ -98.996553777157388, 19.226934972776192 ], [ -98.996373271895649, 19.226870670883883 ], [ -98.996027305286717, 19.226688484884285 ], [ -98.995923232332018, 19.226706456802425 ], [ -98.995903206603145, 19.226709914953588 ], [ -98.995801663480762, 19.227034976825259 ], [ -98.995324297899145, 19.226963339729767 ], [ -98.995280548206466, 19.226960926094417 ], [ -98.994308262649298, 19.226874327821108 ], [ -98.993632546447031, 19.226797789818953 ], [ -98.993596858011699, 19.226793747338238 ], [ -98.993499386303753, 19.226803945940755 ], [ -98.993130292056378, 19.226765142422916 ], [ -98.992807342464332, 19.226764295915441 ], [ -98.992777140740586, 19.226760708645589 ], [ -98.992598295010822, 19.226739465783119 ], [ -98.992480706678705, 19.226707192648181 ], [ -98.991537558103502, 19.226549991792456 ], [ -98.991513904442101, 19.226546049212889 ], [ -98.988398553253518, 19.226026755795893 ], [ -98.988265957477665, 19.225848031161426 ], [ -98.985262392675111, 19.221799423497217 ], [ -98.984412692825927, 19.223536262696037 ], [ -98.982771934853417, 19.221234854068783 ], [ -98.982326856869292, 19.220645369947558 ], [ -98.982077109644521, 19.220401298589465 ], [ -98.981684672557961, 19.219825037441996 ], [ -98.981220874130358, 19.219255547206874 ], [ -98.980575118218837, 19.218557233904949 ], [ -98.979929367761116, 19.217858918278946 ], [ -98.979044581899629, 19.216977537759572 ], [ -98.978316766191384, 19.216367335095523 ], [ -98.97762252901741, 19.215928781136096 ], [ -98.977601560513989, 19.215915535124097 ], [ -98.976857837313105, 19.215515442111428 ], [ -98.976529569192238, 19.215381745970735 ], [ -98.97589805202756, 19.215078714040622 ], [ -98.975435353680339, 19.214884111201904 ], [ -98.974899195635786, 19.214606334405858 ], [ -98.974469970990057, 19.214482091767014 ], [ -98.974323535600973, 19.214440336781134 ], [ -98.974280535316097, 19.214428075536439 ], [ -98.974018490895389, 19.214302062504991 ], [ -98.973772233850852, 19.214176051357498 ], [ -98.973661734568154, 19.214116046904884 ], [ -98.97355394985712, 19.214036732499352 ], [ -98.97341304431194, 19.213925151138632 ], [ -98.973286593459079, 19.213808422807752 ], [ -98.97316119187802, 19.213649534513941 ], [ -98.973134861146079, 19.21361617248369 ], [ -98.973021085073441, 19.213438352129501 ], [ -98.972916305567509, 19.213274592084897 ], [ -98.972812617322674, 19.213149977014204 ], [ -98.972661944789166, 19.212995703164971 ], [ -98.97238824099388, 19.212715456350185 ], [ -98.971784711525771, 19.212245482300826 ], [ -98.971465066050342, 19.211996569480199 ], [ -98.971033985024533, 19.211767372735345 ], [ -98.970958110522218, 19.211731317944576 ], [ -98.970777458594583, 19.211636891462682 ], [ -98.97063835451182, 19.211576797924199 ], [ -98.97040350335763, 19.211477213413094 ], [ -98.970143360175356, 19.211370759189812 ], [ -98.970046708899233, 19.211336416958371 ], [ -98.969950057663283, 19.2113020746758 ], [ -98.9699064132882, 19.211280852741538 ], [ -98.969872377242837, 19.21126430281516 ], [ -98.969767597591272, 19.211221377484282 ], [ -98.969697145542639, 19.211175025125293 ], [ -98.969572500411445, 19.211089188318027 ], [ -98.969415339329757, 19.210981033801225 ], [ -98.969283467146226, 19.21089862823635 ], [ -98.969108234549225, 19.2108179315968 ], [ -98.968855320262051, 19.21070976043492 ], [ -98.968654797565861, 19.210613612152738 ], [ -98.968618393972903, 19.210597678186499 ], [ -98.968539171806313, 19.210563002361315 ], [ -98.968450662084848, 19.210515746705326 ], [ -98.967885248070928, 19.210112038354737 ], [ -98.967645170095366, 19.209883403167396 ], [ -98.967610406627628, 19.209847591812064 ], [ -98.967495409070338, 19.209732849282833 ], [ -98.96700375903697, 19.209242286951429 ], [ -98.966902975249113, 19.209153417227295 ], [ -98.966838505518524, 19.209096568647674 ], [ -98.966694344712181, 19.208969449277618 ], [ -98.966668668702127, 19.208946807892705 ], [ -98.966910045272812, 19.207859182378737 ], [ -98.966914932960648, 19.20783461549328 ], [ -98.96693061546533, 19.207755790789285 ], [ -98.966936819929984, 19.207727732744114 ], [ -98.966992096781794, 19.207477757414633 ], [ -98.967060201345404, 19.207025469355564 ], [ -98.967068076074725, 19.206973172399202 ], [ -98.967097038874897, 19.206688267825026 ], [ -98.967207669346394, 19.206219828708932 ], [ -98.96722451327453, 19.206148506753898 ], [ -98.967237176641277, 19.206062692813301 ], [ -98.9672624754906, 19.206031803498881 ], [ -98.967266103337892, 19.205958002210259 ], [ -98.967305871424145, 19.205844731914382 ], [ -98.967323949842523, 19.2057829474684 ], [ -98.967342034344625, 19.205690269186544 ], [ -98.967336634812156, 19.205587288774492 ], [ -98.967370977492735, 19.205501478680201 ], [ -98.967392682950134, 19.205369325577767 ], [ -98.9674306330446, 19.205312693623746 ], [ -98.967470390403179, 19.205252629333618 ], [ -98.967493886178687, 19.205202860097639 ], [ -98.967519203040453, 19.205079289237361 ], [ -98.967587902084219, 19.204835583344259 ], [ -98.967533712182004, 19.204792665648498 ], [ -98.967663874645297, 19.204349876962365 ], [ -98.967783095564471, 19.204427132547846 ], [ -98.967794013029064, 19.204027230871418 ], [ -98.967765145511279, 19.203831564806212 ], [ -98.967776000148689, 19.203754332110748 ], [ -98.967851882636438, 19.203726884238495 ], [ -98.967936804076061, 19.203668544073739 ], [ -98.968009079606432, 19.203608485338759 ], [ -98.968048834025254, 19.20356043518273 ], [ -98.968121110459592, 19.203495227429176 ], [ -98.968242170840028, 19.203399133843959 ], [ -98.968337929241628, 19.203352810055645 ], [ -98.968437298159117, 19.203320217019694 ], [ -98.968487885083192, 19.203308211448146 ], [ -98.968529440009561, 19.203291055338816 ], [ -98.968556542830342, 19.203270464092995 ], [ -98.96858364955412, 19.203229276948196 ], [ -98.968599929082586, 19.203122867608627 ], [ -98.968618028199046, 19.202947805050552 ], [ -98.968618052933323, 19.202817364377324 ], [ -98.968646970707766, 19.202752148984725 ], [ -98.968712027991558, 19.202645748503386 ], [ -98.966914532015565, 19.196777988327081 ], [ -98.972452566219602, 19.201939420936519 ], [ -98.966914532015679, 19.196777987783925 ], [ -98.966843659623919, 19.193701867121685 ], [ -98.96660522917692, 19.183352178246782 ], [ -98.953169899110506, 19.17295178206631 ], [ -98.956107309573198, 19.168261751761676 ], [ -98.957722029308528, 19.165683479399203 ], [ -98.961024953948922, 19.160409266362766 ], [ -98.956861495388651, 19.14866036126169 ], [ -98.954021719207631, 19.14849367012809 ], [ -98.953217006874667, 19.147555288423085 ], [ -98.951541047436351, 19.134108481586868 ], [ -98.955925458437591, 19.118165674822418 ], [ -98.959453508558369, 19.097043972814355 ], [ -98.961055719532723, 19.09040453124943 ], [ -98.964364881086553, 19.081165542069876 ], [ -98.972994787666664, 19.080647783005919 ], [ -98.984006549301199, 19.079797989589164 ], [ -99.002935766051934, 19.08235556212022 ], [ -99.028983024117395, 19.085951872499038 ], [ -99.044187314832186, 19.075726616071123 ], [ -99.060965149974137, 19.049519499138892 ], [ -99.069896185951109, 19.053993504426632 ] ], [ [ -99.037904727462717, 19.207332897659199 ], [ -99.037869275278581, 19.207448766324994 ], [ -99.037869275278595, 19.207448766325072 ], [ -99.037904727462717, 19.207332897659199 ] ], [ [ -99.037730817684974, 19.200039849857273 ], [ -99.037669341916413, 19.20000605318635 ], [ -99.03773081768496, 19.200039849857273 ], [ -99.037792294882124, 19.200079793654059 ], [ -99.037730817684974, 19.200039849857273 ] ], [ [ -99.037827824775462, 19.199830826870823 ], [ -99.037889276590661, 19.199760121991808 ], [ -99.037827824775448, 19.199830826870823 ], [ -99.037682273464839, 19.199966094073481 ], [ -99.037827824775462, 19.199830826870823 ] ], [ [ -99.038249623537283, 19.19813013759693 ], [ -99.038215464547164, 19.197987488237032 ], [ -99.038249623537268, 19.19813013759693 ], [ -99.038290600679574, 19.198241984694452 ], [ -99.038249623537283, 19.19813013759693 ] ], [ [ -98.996540615327419, 19.160273820180368 ], [ -98.996692404608098, 19.160115755436113 ], [ -98.996540615327419, 19.160273820180283 ], [ -98.996208404658162, 19.160802332170618 ], [ -98.996540615327419, 19.160273820180368 ] ], [ [ -99.045150101880353, 19.203116009569392 ], [ -99.045178896534722, 19.203002247662017 ], [ -99.045198818261241, 19.202875848511912 ], [ -99.045178896534722, 19.203002247661924 ], [ -99.045150101880353, 19.203116009569392 ] ], [ [ -99.038764190791483, 19.203511399528235 ], [ -99.039034724054233, 19.203572432684105 ], [ -99.039283080822784, 19.203620830768688 ], [ -99.039034724054233, 19.203572432684012 ], [ -99.038764190791483, 19.203511399528235 ] ], [ [ -99.036375842878101, 19.187744724190715 ], [ -99.036058090873226, 19.187941197420312 ], [ -99.035860653223139, 19.188067290619109 ], [ -99.036058090873226, 19.187941197420312 ], [ -99.036375842878101, 19.187744724190715 ] ], [ [ -99.089837678529364, 19.199254017342696 ], [ -99.089786694281116, 19.199483720423469 ], [ -99.089837678529378, 19.199254017342696 ], [ -99.089871794524413, 19.199160438268205 ], [ -99.089837678529364, 19.199254017342696 ] ], [ [ -99.090882660138604, 19.19425730689527 ], [ -99.090930667220121, 19.19394575383993 ], [ -99.090930667220107, 19.19394575383993 ], [ -99.090882660138604, 19.19425730689527 ] ], [ [ -99.095276533011187, 19.192797377583346 ], [ -99.095381069903297, 19.192850787495754 ], [ -99.095276533011187, 19.192797377583254 ], [ -99.095214210439224, 19.192761130638207 ], [ -99.095276533011187, 19.192797377583346 ] ], [ [ -99.095107652958902, 19.192688627306989 ], [ -99.095041289084762, 19.192614193656564 ], [ -99.095107652958887, 19.192688627306989 ], [ -99.095214210439224, 19.192761130638207 ], [ -99.095107652958902, 19.192688627306989 ] ], [ [ -99.090796051595774, 19.190782722004041 ], [ -99.090789723881969, 19.190819566455499 ], [ -99.090796051595788, 19.190782722004041 ], [ -99.09081776347368, 19.190643884315687 ], [ -99.090796051595774, 19.190782722004041 ] ], [ [ -99.091230177080689, 19.189588715348606 ], [ -99.091198355764149, 19.18964637693875 ], [ -99.091230177080703, 19.189588715348606 ], [ -99.091312461890055, 19.189384364562702 ], [ -99.091230177080689, 19.189588715348606 ] ], [ [ -99.092426999299278, 19.186063240201854 ], [ -99.092353046607286, 19.186201528429535 ], [ -99.092426999299292, 19.186063240201854 ], [ -99.092533021338994, 19.185861502322268 ], [ -99.092426999299278, 19.186063240201854 ] ], [ [ -99.094002813502215, 19.182620892720657 ], [ -99.093911752479812, 19.182668031306047 ], [ -99.094002813502229, 19.182620892720657 ], [ -99.09402637258502, 19.182608697130586 ], [ -99.094002813502215, 19.182620892720657 ] ], [ [ -99.092074362434417, 19.180470370072712 ], [ -99.092140965364592, 19.180514344062161 ], [ -99.092074362434431, 19.180470370072712 ], [ -99.092000534968761, 19.180448403386613 ], [ -99.092074362434417, 19.180470370072712 ] ], [ [ -99.091936845891652, 19.180438808677664 ], [ -99.091880398184344, 19.180437461711726 ], [ -99.091880398184344, 19.180437461711726 ], [ -99.091936845891652, 19.180438808677664 ] ], [ [ -99.090394346806505, 19.181143693433039 ], [ -99.090455109809525, 19.181095530390721 ], [ -99.090394346806505, 19.181143693432944 ], [ -99.090320555991127, 19.181189112403377 ], [ -99.090394346806505, 19.181143693433039 ] ], [ [ -99.086876721030066, 19.182891936274807 ], [ -99.086947644053467, 19.182894653150615 ], [ -99.087011330905142, 19.182898748661351 ], [ -99.087079352669861, 19.182889089778758 ], [ -99.087011330905142, 19.182898748661266 ], [ -99.086947644053481, 19.182894653150615 ], [ -99.086876721030066, 19.182891936274807 ] ], [ [ -99.090555071370346, 19.156556832438945 ], [ -99.090445896332128, 19.156211379145613 ], [ -99.090555071370318, 19.156556832438973 ], [ -99.090555071370346, 19.156556832438945 ] ], [ [ -99.085723860604972, 19.175059658203182 ], [ -99.085773590361171, 19.175243569493887 ], [ -99.085723860604972, 19.175059658203089 ], [ -99.08566919432154, 19.174927628166945 ], [ -99.085723860604972, 19.175059658203182 ] ], [ [ -99.085486412511443, 19.17660670528598 ], [ -99.085501485502476, 19.176960418433591 ], [ -99.085486412511457, 19.17660670528598 ], [ -99.085516062127667, 19.176352012947039 ], [ -99.085486412511443, 19.17660670528598 ] ], [ [ -99.085969098060886, 19.178969330308959 ], [ -99.086073470304072, 19.179233392383519 ], [ -99.085969098060886, 19.178969330308874 ], [ -99.085939228565167, 19.17879955865623 ], [ -99.085969098060886, 19.178969330308959 ] ], [ [ -99.086182855528392, 19.179591777384754 ], [ -99.086262366310962, 19.179770958192599 ], [ -99.086182855528392, 19.179591777384658 ], [ -99.086143053619651, 19.179412577906284 ], [ -99.086182855528392, 19.179591777384754 ] ], [ [ -99.08665446108904, 19.18199850841977 ], [ -99.08662101018767, 19.182190234071847 ], [ -99.086654461089054, 19.18199850841977 ], [ -99.086625727280406, 19.181718605231655 ], [ -99.08665446108904, 19.18199850841977 ] ], [ [ -99.04496390188983, 19.18915289711866 ], [ -99.044858351206088, 19.18925724769284 ], [ -99.044761255390767, 19.189393696061142 ], [ -99.044858351206102, 19.18925724769284 ], [ -99.04496390188983, 19.18915289711866 ] ], [ [ -99.010334128139235, 19.220277842060259 ], [ -99.010323749144476, 19.220447267528691 ], [ -99.010268362897875, 19.220596161458463 ], [ -99.010323749144476, 19.220447267528691 ], [ -99.010334128139235, 19.220277842060259 ] ], [ [ -99.010148951611527, 19.217733279263602 ], [ -99.010176705137241, 19.217747924156686 ], [ -99.010204458667872, 19.217762569045444 ], [ -99.010176705137241, 19.217747924156594 ], [ -99.010148951611527, 19.217733279263602 ] ], [ [ -99.010194137830823, 19.217081022168131 ], [ -99.010101627795947, 19.217053687128203 ], [ -99.009983935304533, 19.217019859501001 ], [ -99.010101627847916, 19.217053687395527 ], [ -99.010194137900896, 19.217081022281452 ], [ -99.010224536056299, 19.216997073414579 ], [ -99.010194137830823, 19.217081022168131 ] ], [ [ -99.009813819158552, 19.216969730180928 ], [ -99.009849083812625, 19.216980196785386 ], [ -99.009813819269937, 19.216969730184228 ], [ -99.009813819158552, 19.216969730180928 ] ], [ [ -99.009636994812951, 19.216975567907642 ], [ -99.009682251435791, 19.216965831433111 ], [ -99.009799341535697, 19.216969301145138 ], [ -99.009682250768549, 19.216965831187412 ], [ -99.009636994812951, 19.216975567907642 ] ], [ [ -99.009104607454532, 19.217317375112756 ], [ -99.009061440314341, 19.217385727658165 ], [ -99.009026495115691, 19.217424786628239 ], [ -99.009007994087497, 19.217444315709415 ], [ -99.008950433813681, 19.217444318529996 ], [ -99.008909317420915, 19.217418933369498 ], [ -99.008866528127214, 19.217395709105883 ], [ -99.008909317448953, 19.217418933641714 ], [ -99.008950433744062, 19.217444318788292 ], [ -99.009007994642303, 19.217444315967768 ], [ -99.009026495293611, 19.217424786480294 ], [ -99.009061440837456, 19.217385727601382 ], [ -99.009104607732624, 19.217317375441343 ], [ -99.009197110057102, 19.217206057930799 ], [ -99.009271556531814, 19.217166763802886 ], [ -99.009197109760635, 19.217206057749067 ], [ -99.009104607454532, 19.217317375112756 ] ], [ [ -99.008796249531372, 19.217393551667769 ], [ -99.00876815711851, 19.21740499079997 ], [ -99.008796250065757, 19.217393551953869 ], [ -99.008866145520997, 19.21739550144293 ], [ -99.008866145252156, 19.217395501297023 ], [ -99.008796249531372, 19.217393551667769 ] ], [ [ -99.008718140765737, 19.217573218547045 ], [ -99.008736325300688, 19.217642299802804 ], [ -99.00871814119985, 19.217573218594648 ], [ -99.008705804038925, 19.217522444881496 ], [ -99.008711031874142, 19.217482699254688 ], [ -99.008705803670566, 19.217522444805784 ], [ -99.008718140765737, 19.217573218547045 ] ], [ [ -99.008742820864242, 19.217786078764593 ], [ -99.008700569914723, 19.217832571593135 ], [ -99.008742821429706, 19.217786078903206 ], [ -99.008742818538693, 19.217731398889459 ], [ -99.008739214409729, 19.217661284576923 ], [ -99.008742817973186, 19.217731399346327 ], [ -99.008742820864242, 19.217786078764593 ] ], [ [ -99.008666762535583, 19.217866149862679 ], [ -99.008574256870418, 19.217926692625444 ], [ -99.008553932160055, 19.217938493070857 ], [ -99.008574257169926, 19.217926692616572 ], [ -99.008666762853366, 19.217866149678841 ], [ -99.008700569914723, 19.217832571593135 ], [ -99.008666762535583, 19.217866149862679 ] ], [ [ -99.008331679571938, 19.217961855063528 ], [ -99.008330039252172, 19.217961393464318 ], [ -99.008331680161945, 19.217961855243445 ], [ -99.008367512180698, 19.217969654024255 ], [ -99.008393726840779, 19.217975359597574 ], [ -99.008367512188883, 19.217969653672871 ], [ -99.008331679571938, 19.217961855063528 ] ], [ [ -99.008101430973213, 19.217862269734162 ], [ -99.008086549662949, 19.217857558403331 ], [ -99.008101430968424, 19.217862269829773 ], [ -99.008161913703276, 19.217892998369788 ], [ -99.008170316997536, 19.217897267700778 ], [ -99.00816191359921, 19.217892998070386 ], [ -99.008101430973213, 19.217862269734162 ] ], [ [ -99.007843409101952, 19.217579830030644 ], [ -99.007846504328427, 19.2175830220786 ], [ -99.007846504302691, 19.217583022029704 ], [ -99.007843409101952, 19.217579830030644 ] ], [ [ -99.007769718316482, 19.217507856329551 ], [ -99.007774549253398, 19.217508816635469 ], [ -99.007774549221608, 19.217508816602678 ], [ -99.007769718316482, 19.217507856329551 ] ], [ [ -99.007375450142817, 19.217516477621167 ], [ -99.007431240511394, 19.21751859528662 ], [ -99.007527687404263, 19.217506465136942 ], [ -99.007431239970941, 19.217518594932372 ], [ -99.007375450142817, 19.217516477621167 ] ], [ [ -99.007188084120514, 19.217469545862613 ], [ -99.007231831400858, 19.217481498968574 ], [ -99.00724993466433, 19.217487718424756 ], [ -99.007231830815002, 19.217481498663581 ], [ -99.007188084120514, 19.217469545862613 ] ], [ [ -99.006991283152843, 19.216864404950766 ], [ -99.006935354730373, 19.216825583302739 ], [ -99.006991282931153, 19.216864405248923 ], [ -99.007035555146842, 19.216900657957233 ], [ -99.007036479171049, 19.21690141460261 ], [ -99.007035555233998, 19.216900657983619 ], [ -99.006991283152843, 19.216864404950766 ] ], [ [ -99.006672634398157, 19.216637885333082 ], [ -99.006623764317737, 19.21661235459872 ], [ -99.00667263421974, 19.216637885616951 ], [ -99.006830930678106, 19.216753098399142 ], [ -99.006841436142906, 19.21676039066724 ], [ -99.006830930804384, 19.216753098248212 ], [ -99.006672634398157, 19.216637885333082 ] ], [ [ -99.006345768837107, 19.216563688441902 ], [ -99.006197756237285, 19.216577363590083 ], [ -99.006109360857721, 19.216602753725127 ], [ -99.006095905146168, 19.216602221659162 ], [ -99.006109361160384, 19.216602753819288 ], [ -99.006197756853354, 19.216577363698335 ], [ -99.006345769292082, 19.216563688627424 ], [ -99.006460890552489, 19.216565637462619 ], [ -99.006470366792612, 19.216566474521631 ], [ -99.00646089075137, 19.216565637417155 ], [ -99.006345768837107, 19.216563688441902 ] ], [ [ -99.005863599581104, 19.216575022808634 ], [ -99.005891452248662, 19.216577373801815 ], [ -99.005919268792752, 19.21658238441367 ], [ -99.00589145247514, 19.216577373693806 ], [ -99.005863599581104, 19.216575022808634 ] ], [ [ -99.005326126253721, 19.216630118328478 ], [ -99.005302057697506, 19.21663635477347 ], [ -99.005326126655831, 19.216630118267734 ], [ -99.005420689627613, 19.216602775484471 ], [ -99.005481473253496, 19.216594190403526 ], [ -99.00542068935485, 19.216602775390939 ], [ -99.005326126253721, 19.216630118328478 ] ], [ [ -99.00515969004762, 19.21664200491427 ], [ -99.005211006040611, 19.216649650156366 ], [ -99.005278059491317, 19.216642154353732 ], [ -99.005211005936019, 19.216649649810861 ], [ -99.00515969004762, 19.21664200491427 ] ], [ [ -99.00499048058748, 19.216629008033738 ], [ -99.004967893878288, 19.216631988999723 ], [ -99.004990480840604, 19.216629008289683 ], [ -99.005011598889553, 19.216626221423589 ], [ -99.005047189472862, 19.216629160393317 ], [ -99.005011598739642, 19.216626221204343 ], [ -99.00499048058748, 19.216629008033738 ] ], [ [ -99.004402194563909, 19.216637876219544 ], [ -99.004378235090741, 19.216640813791461 ], [ -99.004402194972869, 19.216637876327983 ], [ -99.004479162628343, 19.21660475377433 ], [ -99.004483029288977, 19.216604068850806 ], [ -99.004479162308428, 19.216604753821699 ], [ -99.004402194563909, 19.216637876219544 ] ], [ [ -99.003498570562002, 19.216335280415407 ], [ -99.003432877790061, 19.216314238350886 ], [ -99.003498570879316, 19.21633528072493 ], [ -99.003906878392385, 19.216507152293133 ], [ -99.003906911455601, 19.216507162404213 ], [ -99.003906878392399, 19.216507152293133 ], [ -99.003498570562002, 19.216335280415407 ] ], [ [ -99.002983586436073, 19.216310693431794 ], [ -99.00311620365882, 19.216284513318861 ], [ -99.003178891991112, 19.216276298255895 ], [ -99.003116203480218, 19.216284512981503 ], [ -99.002983586436073, 19.216310693431794 ] ], [ [ -99.002812902092245, 19.216325156283691 ], [ -99.002885701843695, 19.216320439920171 ], [ -99.00292321249556, 19.216318009764958 ], [ -99.002885702049994, 19.216320439810723 ], [ -99.002812902092245, 19.216325156283691 ] ], [ [ -99.002191125802185, 19.216399745130257 ], [ -99.002082172704235, 19.216477860900266 ], [ -99.002051067389331, 19.216510820081393 ], [ -99.002082172911628, 19.216477860921859 ], [ -99.002191125798532, 19.216399745334048 ], [ -99.002306557138226, 19.216316274506028 ], [ -99.00235066524624, 19.216294544605493 ], [ -99.002306556504578, 19.216316274510188 ], [ -99.002191125802185, 19.216399745130257 ] ], [ [ -99.001454756713102, 19.208904898365148 ], [ -99.001700450975065, 19.208906117338287 ], [ -99.00145475729343, 19.208904898015483 ], [ -99.001269270084038, 19.208886227835503 ], [ -99.001154370718297, 19.208856043554785 ], [ -99.001154370666313, 19.208856043880168 ], [ -99.001269269521401, 19.208886228307449 ], [ -99.001454756713102, 19.208904898365148 ] ], [ [ -99.002318033457954, 19.208766813037236 ], [ -99.002652143578999, 19.208866148500537 ], [ -99.002802620732965, 19.208887952799753 ], [ -99.002883114324803, 19.208899587672803 ], [ -99.002802620533075, 19.208887952338937 ], [ -99.002652143746246, 19.208866148229855 ], [ -99.002318033698629, 19.208766812728872 ], [ -99.002104575522665, 19.208850044004709 ], [ -99.001829616974675, 19.20889435868963 ], [ -99.002104575233105, 19.208850044487399 ], [ -99.002318033457954, 19.208766813037236 ] ], [ [ -99.003391775881155, 19.208994551682707 ], [ -99.003391776079312, 19.208994551162252 ], [ -99.00322344578953, 19.208955787393215 ], [ -99.002980017337364, 19.208914981556799 ], [ -99.003223445871313, 19.208955787541608 ], [ -99.003391775881155, 19.208994551682707 ] ], [ [ -99.003500445287003, 19.208895838808065 ], [ -99.003435131508084, 19.208880672794933 ], [ -99.003411934795594, 19.208941602060857 ], [ -99.00343513154192, 19.208880673192034 ], [ -99.003500445287003, 19.208895838808065 ] ], [ [ -99.003858507200349, 19.208938814630535 ], [ -99.003851583857681, 19.208938108138799 ], [ -99.003858507166171, 19.208938814633548 ], [ -99.003858507200349, 19.208938814630535 ] ], [ [ -99.004521621722802, 19.208856420125141 ], [ -99.004610723568177, 19.208795954524977 ], [ -99.00452162168267, 19.208856419939966 ], [ -99.004353293161245, 19.20889519085538 ], [ -99.003863879253885, 19.208938341005414 ], [ -99.004353292677877, 19.208895191378755 ], [ -99.004521621722802, 19.208856420125141 ] ], [ [ -99.00530281024075, 19.208536504485384 ], [ -99.005233187212099, 19.208560803841682 ], [ -99.005153094989993, 19.208578098913858 ], [ -99.005233186827269, 19.208560804159994 ], [ -99.00530281024075, 19.208536504485384 ] ], [ [ -99.005684614895344, 19.208546253024277 ], [ -99.00578408157692, 19.208531712220214 ], [ -99.005784081588473, 19.208531712200259 ], [ -99.005684615130193, 19.208546252833131 ], [ -99.005485680028457, 19.208529298400695 ], [ -99.00541384376389, 19.208522476092007 ], [ -99.005485679953225, 19.208529298444077 ], [ -99.005684614895344, 19.208546253024277 ] ], [ [ -99.006202419658777, 19.208223268022959 ], [ -99.006016162475461, 19.208265182642823 ], [ -99.005949504980933, 19.208294985255474 ], [ -99.006016162291317, 19.208265183094078 ], [ -99.006202419658777, 19.208223268022959 ] ], [ [ -99.006209994162759, 19.20822156348045 ], [ -99.006209994129733, 19.208221563487889 ], [ -99.006211118081751, 19.208221363241996 ], [ -99.006209994162759, 19.20822156348045 ] ], [ [ -99.006511879429951, 19.207721049762437 ], [ -99.006493778464261, 19.207774364334547 ], [ -99.006475780838215, 19.207824262545035 ], [ -99.006493778413414, 19.207774364653115 ], [ -99.006511879429951, 19.207721049762437 ] ], [ [ -99.006912421641871, 19.2065763846125 ], [ -99.006912421283204, 19.206576384934067 ], [ -99.006925449152334, 19.206593020155317 ], [ -99.006912421641871, 19.2065763846125 ] ], [ [ -99.00743606175341, 19.203614209254102 ], [ -99.007445374605453, 19.203706434588184 ], [ -99.007436061753424, 19.203614209254102 ], [ -99.00743606175341, 19.203614209254102 ] ], [ [ -99.017114039376466, 19.193619029317198 ], [ -99.016997524776613, 19.193621026789444 ], [ -99.016997524776613, 19.193621026789444 ], [ -99.017114039376466, 19.193619029317198 ] ], [ [ -99.010348743033418, 19.216829141086411 ], [ -99.010451947775294, 19.216836055655385 ], [ -99.01034874283846, 19.216829140936493 ], [ -99.01034358949282, 19.216828376442582 ], [ -99.010348743033418, 19.216829141086411 ] ], [ [ -99.01056871943743, 19.216793406864959 ], [ -99.010512812198272, 19.216836564107755 ], [ -99.010568719807168, 19.216793407155315 ], [ -99.010683405679373, 19.21673088809619 ], [ -99.010775963802288, 19.216667888092996 ], [ -99.010683405478645, 19.216730888012432 ], [ -99.01056871943743, 19.216793406864959 ] ], [ [ -99.010869529824575, 19.21655227038536 ], [ -99.010855086412136, 19.216574569564823 ], [ -99.010869529953951, 19.216552270266149 ], [ -99.010914644474767, 19.216411168143274 ], [ -99.010908013052543, 19.216299475496331 ], [ -99.010914644333653, 19.216411168341747 ], [ -99.010869529824575, 19.21655227038536 ] ], [ [ -99.010339304921843, 19.216232594616176 ], [ -99.010296056835671, 19.216159368331656 ], [ -99.010296056748089, 19.216159368611564 ], [ -99.010339304212764, 19.216232595019015 ], [ -99.010459632230109, 19.216196866671677 ], [ -99.010563040727135, 19.216196860740126 ], [ -99.010683370862409, 19.216195067959674 ], [ -99.010807462968188, 19.21622720968853 ], [ -99.010900700640832, 19.216280678930694 ], [ -99.010807463439264, 19.216227209397857 ], [ -99.010683371064232, 19.216195067433414 ], [ -99.010563041215576, 19.216196860477744 ], [ -99.010459632652669, 19.216196866409117 ], [ -99.010339304921843, 19.216232594616176 ] ], [ [ -99.010327994474665, 19.215761072937259 ], [ -99.010279121342947, 19.215939683031493 ], [ -99.010292288149657, 19.216032557701233 ], [ -99.010316734129788, 19.216093282728718 ], [ -99.010303851823409, 19.216134455191334 ], [ -99.010316734357772, 19.216093282510627 ], [ -99.010292288569758, 19.216032557540444 ], [ -99.010279121720245, 19.215939682692653 ], [ -99.010327994538002, 19.215761073044384 ], [ -99.010327994474665, 19.215761072937259 ] ], [ [ -99.010249017367073, 19.215586042887285 ], [ -99.010249016672205, 19.215586042929964 ], [ -99.010250900262108, 19.215630694274115 ], [ -99.010250900274528, 19.215630694295125 ], [ -99.010249017367073, 19.215586042887285 ] ], [ [ -99.010559240078067, 19.21555744799559 ], [ -99.010590964789543, 19.215550988096009 ], [ -99.010559240144204, 19.215557447919675 ], [ -99.010544067341613, 19.215559279171412 ], [ -99.010559240078067, 19.21555744799559 ] ], [ [ -99.010779213485037, 19.215496708840831 ], [ -99.010829163475435, 19.215460795645317 ], [ -99.010779213376281, 19.215496708707178 ], [ -99.010728622972124, 19.215516140428015 ], [ -99.010779213485037, 19.215496708840831 ] ], [ [ -99.010916456252289, 19.215375248019406 ], [ -99.010931028113376, 19.215381761182361 ], [ -99.010916455830966, 19.215375247770812 ], [ -99.010857847272035, 19.21543711840069 ], [ -99.010916456252289, 19.215375248019406 ] ], [ [ -99.010981967089876, 19.215403570423764 ], [ -99.010980383104425, 19.215403821296448 ], [ -99.010980383125386, 19.215403821305831 ], [ -99.010981967089876, 19.215403570423764 ] ], [ [ -99.011409026255649, 19.214964422116143 ], [ -99.011409026248458, 19.214964422093388 ], [ -99.011378947865353, 19.215025150342449 ], [ -99.01128870446847, 19.215075165694547 ], [ -99.011172148867232, 19.215269854503404 ], [ -99.011115749936778, 19.215353803412174 ], [ -99.011115750324322, 19.215353803210533 ], [ -99.011172149036554, 19.215269854533041 ], [ -99.011288704747102, 19.215075165855211 ], [ -99.011378948167007, 19.215025150337812 ], [ -99.011409026255649, 19.214964422116143 ] ], [ [ -99.01139210094486, 19.214910840830857 ], [ -99.01140758550072, 19.214959860978563 ], [ -99.011392101289772, 19.21491084109374 ], [ -99.011360136683408, 19.214878693832553 ], [ -99.011353946805528, 19.214877969269295 ], [ -99.011360136306934, 19.214878693805193 ], [ -99.01139210094486, 19.214910840830857 ] ], [ [ -99.011273643121456, 19.214775107128098 ], [ -99.011268618524696, 19.21477797151514 ], [ -99.011273643149934, 19.214775107160069 ], [ -99.011273643121456, 19.214775107128098 ] ], [ [ -99.011252959463562, 19.214751889429163 ], [ -99.011269914190422, 19.214770921253582 ], [ -99.011252960035392, 19.214751889531474 ], [ -99.011252959463562, 19.214751889429163 ] ], [ [ -99.011060482610461, 19.214558250788158 ], [ -99.011136382024418, 19.214621513647923 ], [ -99.0111401469062, 19.214684025635528 ], [ -99.011123228310552, 19.214728679020727 ], [ -99.01122928653102, 19.214747653970466 ], [ -99.011123228865031, 19.214728678551378 ], [ -99.011140147108335, 19.214684025793215 ], [ -99.011136382622141, 19.214621513598807 ], [ -99.011060482831709, 19.214558250817479 ], [ -99.011060482610461, 19.214558250788158 ] ], [ [ -99.010795765250805, 19.214084776237378 ], [ -99.010761853425777, 19.21396473094714 ], [ -99.010837648543955, 19.213725959006613 ], [ -99.010962153360524, 19.213333738810082 ], [ -99.010891255566904, 19.21321369574234 ], [ -99.010903575259022, 19.213077543808009 ], [ -99.010943632933873, 19.212919430345025 ], [ -99.010963658928532, 19.212797917856729 ], [ -99.011014508314361, 19.212704219353288 ], [ -99.01108846181647, 19.212610534630738 ], [ -99.011014507729115, 19.212704219524131 ], [ -99.010963658422696, 19.21279791771352 ], [ -99.010943632286569, 19.212919430500417 ], [ -99.010903575279812, 19.213077543546287 ], [ -99.010891254915322, 19.213213695673691 ], [ -99.010962152771768, 19.213333738960145 ], [ -99.010837648241719, 19.21372595928354 ], [ -99.010761853323373, 19.21396473115654 ], [ -99.010795765095878, 19.214084776665583 ], [ -99.010870774895125, 19.214160349026727 ], [ -99.010986876941615, 19.214333643832891 ], [ -99.011005376750077, 19.214433194130905 ], [ -99.011012288562398, 19.214551864805554 ], [ -99.01104346531632, 19.2145559957427 ], [ -99.011012288890882, 19.214551864396764 ], [ -99.011005376884697, 19.214433193685164 ], [ -99.010986877134144, 19.214333643392212 ], [ -99.010870775010872, 19.214160349108866 ], [ -99.010795765250805, 19.214084776237378 ] ], [ [ -99.010894291832855, 19.212524155878238 ], [ -99.010999087025411, 19.212553429238319 ], [ -99.011093096528057, 19.212604663346823 ], [ -99.011093096650271, 19.212604663192007 ], [ -99.01099908750048, 19.212553429154877 ], [ -99.01089429231773, 19.212524155583495 ], [ -99.010864097127012, 19.212529735045685 ], [ -99.010894291832855, 19.212524155878238 ] ], [ [ -99.010838813736797, 19.21253440673032 ], [ -99.010787958100394, 19.212525625864565 ], [ -99.010681338128094, 19.212486468814632 ], [ -99.010787957521728, 19.212525626239287 ], [ -99.010838813559459, 19.212534406763083 ], [ -99.010838813736797, 19.21253440673032 ] ], [ [ -99.010593777521279, 19.212449509631625 ], [ -99.010574063387466, 19.212430003638293 ], [ -99.010593776812442, 19.212449509471249 ], [ -99.01065673775615, 19.212476478806728 ], [ -99.010593777521279, 19.212449509631625 ] ], [ [ -99.01042424947515, 19.212301656184838 ], [ -99.01045871954976, 19.21232243430579 ], [ -99.010424249809475, 19.212301656205991 ], [ -99.01042424947515, 19.212301656184838 ] ], [ [ -99.010285552519875, 19.212292880092459 ], [ -99.010175546857937, 19.21228627212604 ], [ -99.010285552117907, 19.21229288042958 ], [ -99.010404625369588, 19.212300414469976 ], [ -99.010285552519875, 19.212292880092459 ] ], [ [ -99.009596686457471, 19.212196294011608 ], [ -99.009553538077995, 19.212225576097175 ], [ -99.009445663718466, 19.212240221603814 ], [ -99.009304140695193, 19.212254842427615 ], [ -99.009445663154452, 19.212240221780167 ], [ -99.009553537691858, 19.212225576378891 ], [ -99.009596686522968, 19.21219629450442 ], [ -99.009635212534505, 19.212194828411757 ], [ -99.009696857889423, 19.212227032923739 ], [ -99.00976158351105, 19.21224020522661 ], [ -99.009788964223375, 19.21224722227144 ], [ -99.009793030336795, 19.212248264344158 ], [ -99.009788964717046, 19.212247222379503 ], [ -99.00976158396179, 19.212240205050804 ], [ -99.009696858066391, 19.212227032562403 ], [ -99.009635213220903, 19.2121948279988 ], [ -99.009596686457471, 19.212196294011608 ] ], [ [ -99.009303885011818, 19.212254868842102 ], [ -99.009303885699708, 19.212254868771037 ], [ -99.009276736261853, 19.212252847296661 ], [ -99.009303885011818, 19.212254868842102 ] ], [ [ -99.009166721557776, 19.21211140489061 ], [ -99.009172891545163, 19.212208027871718 ], [ -99.009217055576613, 19.212242574925742 ], [ -99.009172891770817, 19.21220802764342 ], [ -99.009166722119957, 19.212111404507759 ], [ -99.009191372939497, 19.211997211955691 ], [ -99.009191372776968, 19.211997212411919 ], [ -99.009166721557776, 19.21211140489061 ] ], [ [ -99.009641306608586, 19.210978250599808 ], [ -99.009493363926751, 19.210966546387596 ], [ -99.009400898180459, 19.210931415350615 ], [ -99.009283774581107, 19.210878717653458 ], [ -99.009283774616009, 19.210878717670038 ], [ -99.009400898029554, 19.21093141556662 ], [ -99.009493364064298, 19.210966546711497 ], [ -99.009641306256199, 19.210978250658304 ], [ -99.009638231298709, 19.211104153745495 ], [ -99.009413254407207, 19.211426244005242 ], [ -99.009311554212744, 19.211604855981918 ], [ -99.009259169189974, 19.211806889653687 ], [ -99.009192357637673, 19.211994447646497 ], [ -99.009259169464315, 19.211806889605487 ], [ -99.009311554482622, 19.211604856103644 ], [ -99.009413254835863, 19.211426243923526 ], [ -99.009638231819054, 19.211104154052748 ], [ -99.009641306608586, 19.210978250599808 ] ], [ [ -99.009172815134335, 19.210826019497979 ], [ -99.009190225865666, 19.210834288412396 ], [ -99.009172815135003, 19.210826019497915 ], [ -99.009172815134335, 19.210826019497979 ] ], [ [ -99.008914566394935, 19.210737240386571 ], [ -99.008944734924469, 19.210773326795188 ], [ -99.009009462389287, 19.21083188377844 ], [ -99.009077269138871, 19.210834808576205 ], [ -99.009111558497949, 19.210831654602188 ], [ -99.00915854786183, 19.210827331872043 ], [ -99.009111558755123, 19.210831654153733 ], [ -99.009077269823521, 19.210834808205185 ], [ -99.009009462968308, 19.210831883566932 ], [ -99.008944735229832, 19.210773327065031 ], [ -99.008914566394935, 19.210737240386571 ] ], [ [ -99.008728982251981, 19.210688425941353 ], [ -99.0086517336307, 19.210666006617213 ], [ -99.008728981590778, 19.210688426465012 ], [ -99.008761946973593, 19.210686858556503 ], [ -99.008728982251981, 19.210688425941353 ] ], [ [ -99.008143354840954, 19.2101877676782 ], [ -99.008134681886375, 19.210158285159928 ], [ -99.008084785011377, 19.209988667370347 ], [ -99.008038549995149, 19.209918397790787 ], [ -99.008004065485551, 19.209865986991513 ], [ -99.008038549716474, 19.209918397904122 ], [ -99.008084784401333, 19.209988667699879 ], [ -99.008134681835614, 19.210158285432684 ], [ -99.008143354572425, 19.210187768017754 ], [ -99.008155689953412, 19.210334166506012 ], [ -99.008220416899931, 19.210372227671048 ], [ -99.008285456805936, 19.21040918713015 ], [ -99.008414595064124, 19.210486410124354 ], [ -99.008500973528442, 19.21057871612301 ], [ -99.008414595754758, 19.210486409770056 ], [ -99.008285457175234, 19.210409186905189 ], [ -99.008220416769305, 19.210372227216009 ], [ -99.008155690500374, 19.210334166318546 ], [ -99.008143354840954, 19.2101877676782 ] ], [ [ -99.008016969579998, 19.209807135821414 ], [ -99.008016969360327, 19.2098071357211 ], [ -99.007992315070879, 19.209848128096151 ], [ -99.007992315075668, 19.209848128103424 ], [ -99.008016969579998, 19.209807135821414 ] ], [ [ -99.00817724253784, 19.209880327711069 ], [ -99.008175245104667, 19.209879415544052 ], [ -99.00817724285973, 19.209880327865683 ], [ -99.008245661860414, 19.209906021086326 ], [ -99.008278816545825, 19.20991847157249 ], [ -99.008245661715677, 19.209906020912996 ], [ -99.00817724253784, 19.209880327711069 ] ], [ [ -99.008309775459111, 19.209930097479365 ], [ -99.008309775864575, 19.209930097631631 ], [ -99.008442306408966, 19.209930091575767 ], [ -99.008548542500421, 19.209895680263561 ], [ -99.008442306279548, 19.209930091423313 ], [ -99.008309775459111, 19.209930097479365 ] ], [ [ -99.00865463151024, 19.209804704837165 ], [ -99.008577916513758, 19.209886165608477 ], [ -99.008577916781732, 19.209886165521677 ], [ -99.00865463151024, 19.209804704837165 ] ], [ [ -99.008747418474599, 19.209631422741346 ], [ -99.008682702238829, 19.209774897484969 ], [ -99.008682702507471, 19.209774897199701 ], [ -99.008747419079995, 19.209631422909329 ], [ -99.008787481497293, 19.209540653632104 ], [ -99.008787481238173, 19.209540653795401 ], [ -99.008747418474599, 19.209631422741346 ] ], [ [ -99.008916737911434, 19.208592746707943 ], [ -99.008916737890161, 19.208592746859001 ], [ -99.008973203830479, 19.208748773505466 ], [ -99.009019402018069, 19.208846289274064 ], [ -99.008978361563777, 19.209216861442382 ], [ -99.008875725259514, 19.209485041927032 ], [ -99.008859030734172, 19.209495562915023 ], [ -99.008875725402589, 19.209485041860866 ], [ -99.008978362098347, 19.209216861247413 ], [ -99.009019402329187, 19.208846289278842 ], [ -99.008973204156035, 19.208748773134641 ], [ -99.008916737911434, 19.208592746707943 ] ], [ [ -99.009014218138077, 19.207900360794543 ], [ -99.008968189290613, 19.208227296812677 ], [ -99.00901421824851, 19.207900360899437 ], [ -99.009014218138077, 19.207900360794543 ] ], [ [ -99.009010149737719, 19.207896496187679 ], [ -99.0089526249226, 19.20784185286497 ], [ -99.008888727763363, 19.20781074867233 ], [ -99.008888727705667, 19.207810748673992 ], [ -99.008952624483385, 19.20784185329418 ], [ -99.009010149737719, 19.207896496187679 ] ], [ [ -99.008212127023171, 19.20751549206236 ], [ -99.008426496296622, 19.207632579184654 ], [ -99.00853688513574, 19.207729727010818 ], [ -99.008667522936108, 19.207789473858355 ], [ -99.008536885703819, 19.207729726510575 ], [ -99.008426496652191, 19.207632579245189 ], [ -99.008212127228092, 19.207515491859816 ], [ -99.007994578506128, 19.207397109491428 ], [ -99.008212127023171, 19.20751549206236 ] ], [ [ -99.007951762248126, 19.207373810276305 ], [ -99.007951762481852, 19.207373810403489 ], [ -99.007930907610316, 19.207355980942577 ], [ -99.007951762248126, 19.207373810276305 ] ], [ [ -99.007582208819571, 19.207066643180607 ], [ -99.007373693550761, 19.206937604796234 ], [ -99.007582208272211, 19.207066643705435 ], [ -99.007728726333951, 19.207185941071508 ], [ -99.007582208819571, 19.207066643180607 ] ], [ [ -99.006935397787728, 19.206605724110705 ], [ -99.006943261210864, 19.206615765491978 ], [ -99.006988644594642, 19.206721580947239 ], [ -99.007087656637168, 19.206803878793576 ], [ -99.00716133446096, 19.206837491752271 ], [ -99.007229057009667, 19.206866566661859 ], [ -99.00716133492746, 19.206837491790299 ], [ -99.007087656690615, 19.206803878767722 ], [ -99.006988644755594, 19.206721580668244 ], [ -99.006943261460862, 19.206615765662239 ], [ -99.006935397787728, 19.206605724110705 ] ], [ [ -98.986916527586416, 19.171495632753267 ], [ -98.98719600649828, 19.171752341934191 ], [ -98.987365515306365, 19.171877050228904 ], [ -98.98719600649828, 19.171752341934098 ], [ -98.986916527586416, 19.171495632753267 ] ], [ [ -99.001172883153217, 19.208740171441871 ], [ -99.001172883155263, 19.208740171429159 ], [ -99.000994821240383, 19.208681422730244 ], [ -99.001172883153217, 19.208740171441871 ] ], [ [ -99.000764809401048, 19.208330698934887 ], [ -99.00074695738239, 19.208599643612853 ], [ -99.00074695807109, 19.208599643840085 ], [ -99.000764809932193, 19.208330698814233 ], [ -99.000679597676509, 19.208296614160496 ], [ -99.000764809401048, 19.208330698934887 ] ], [ [ -99.000225867771618, 19.208376105056544 ], [ -99.000351638469382, 19.20836946737418 ], [ -99.000468958687534, 19.208333122879306 ], [ -99.000512596340982, 19.208324087400751 ], [ -99.000468958956859, 19.208333122737503 ], [ -99.000351638815289, 19.208369466915432 ], [ -99.000225867771618, 19.208376105056544 ] ], [ [ -98.999571200995263, 19.209382250721038 ], [ -98.99977013650242, 19.209295025834088 ], [ -98.99977013672742, 19.209295025639769 ], [ -98.999571201519871, 19.209382250468529 ], [ -98.999513380796486, 19.209399415797392 ], [ -98.999571200995263, 19.209382250721038 ] ], [ [ -98.999214137503998, 19.209459782987441 ], [ -98.999244453131368, 19.209456423102175 ], [ -98.999214137351828, 19.209459782962682 ], [ -98.999181011408737, 19.209457461291986 ], [ -98.999214137503998, 19.209459782987441 ] ], [ [ -98.99829342187904, 19.209481583264562 ], [ -98.998322164671251, 19.209470531219228 ], [ -98.998293422183437, 19.209481583049836 ], [ -98.998292340049915, 19.209482339504707 ], [ -98.99829342187904, 19.209481583264562 ] ], [ [ -98.998007768276253, 19.20970933573307 ], [ -98.998092071545614, 19.209634678873776 ], [ -98.99800776822957, 19.209709335339944 ], [ -98.997918657164163, 19.209830523765824 ], [ -98.998007768276253, 19.20970933573307 ] ], [ [ -98.997904583650396, 19.209849663309935 ], [ -98.997904583504393, 19.209849663508486 ], [ -98.997895245216696, 19.209873108304162 ], [ -98.997904583650396, 19.209849663309935 ] ], [ [ -98.997478765288506, 19.210926547339319 ], [ -98.997476973282858, 19.210929247989721 ], [ -98.997476973303378, 19.210929247965534 ], [ -98.997478765288506, 19.210926547339319 ] ], [ [ -98.994937548105838, 19.213697443456674 ], [ -98.995078176866954, 19.213596317987143 ], [ -98.995334340872148, 19.213412111092548 ], [ -98.995357312280163, 19.213392516555611 ], [ -98.995334341117896, 19.213412110780396 ], [ -98.995078177488082, 19.213596317497597 ], [ -98.994937548105838, 19.213697443456674 ] ], [ [ -98.994892901154799, 19.213729548830592 ], [ -98.994892900969049, 19.213729548964157 ], [ -98.994883036958839, 19.214061201435793 ], [ -98.994892901154799, 19.213729548830592 ] ], [ [ -98.994864575366734, 19.214652653314847 ], [ -98.994847475749566, 19.215156112777006 ], [ -98.994847475855067, 19.215156112781418 ], [ -98.994864575366734, 19.214652653314847 ] ], [ [ -98.996130850916529, 19.215209733882084 ], [ -98.996349178101653, 19.215218854981494 ], [ -98.99634917815024, 19.215218854750191 ], [ -98.996130850916529, 19.215209733882084 ] ], [ [ -98.996567462217129, 19.216178832435638 ], [ -98.996149012003016, 19.216171650788677 ], [ -98.996218399973088, 19.215841364188258 ], [ -98.996246145931892, 19.215709292699962 ], [ -98.996218399814879, 19.215841364446991 ], [ -98.996149011805187, 19.216171650997897 ], [ -98.996567462217129, 19.216178832435638 ] ], [ [ -98.976995253704914, 19.205116898275691 ], [ -98.977081573806828, 19.204835872230262 ], [ -98.976995253704914, 19.205116898275605 ], [ -98.976929471583773, 19.205433056462379 ], [ -98.976995253704914, 19.205116898275691 ] ], [ [ -99.001900244695477, 19.216886986586626 ], [ -99.00187866002895, 19.216913350411886 ], [ -99.001878660155754, 19.216913350428886 ], [ -99.001900245120581, 19.216886986625479 ], [ -99.001921830078544, 19.216860622819535 ], [ -99.001962943424019, 19.21673954519639 ], [ -99.001999944859179, 19.216587221881078 ], [ -99.002028724288209, 19.216534494812333 ], [ -99.002028724273501, 19.216534494827911 ], [ -99.0019999444566, 19.216587221572272 ], [ -99.001962943219056, 19.216739544971816 ], [ -99.001921829776037, 19.216860623148417 ], [ -99.001900244695477, 19.216886986586626 ] ], [ [ -99.001529184007794, 19.216866484935856 ], [ -99.001450977172723, 19.216853981005755 ], [ -99.001529183958169, 19.216866485090215 ], [ -99.001606106044918, 19.216876800529349 ], [ -99.001529184007794, 19.216866484935856 ] ], [ [ -99.000721278037531, 19.216753224148029 ], [ -99.000671260344021, 19.216732106980498 ], [ -99.000721277955734, 19.216753224295346 ], [ -99.000813562097264, 19.216772196329799 ], [ -99.000721278037531, 19.216753224148029 ] ], [ [ -99.000295675732346, 19.216629435181069 ], [ -99.000369746419608, 19.216628242438823 ], [ -99.000369746092758, 19.21662824235997 ], [ -99.000295675732346, 19.216629435181069 ] ], [ [ -99.000200604984784, 19.216644659570299 ], [ -99.000248457889626, 19.21663019555649 ], [ -99.000248457511944, 19.216630195562566 ], [ -99.000200604984784, 19.216644659570299 ] ], [ [ -98.999927319562502, 19.216876863179792 ], [ -98.999999713988032, 19.216794235730074 ], [ -99.000078859880347, 19.216725885687705 ], [ -99.000158005535852, 19.216657535758664 ], [ -99.000158005307966, 19.21665753582754 ], [ -99.000078859982906, 19.216725885386207 ], [ -98.99999971364106, 19.216794235813946 ], [ -98.999927319436082, 19.216876863137529 ], [ -98.999927319562502, 19.216876863179792 ] ], [ [ -98.999878248885466, 19.21686045876255 ], [ -98.99985747476731, 19.216850361519839 ], [ -98.999878249166784, 19.216860459074795 ], [ -98.999891164431332, 19.216864776615562 ], [ -98.999878248885466, 19.21686045876255 ] ], [ [ -98.998546309453019, 19.216511065219155 ], [ -98.998510038622683, 19.216504231071557 ], [ -98.998546309492639, 19.216511065570081 ], [ -98.998792127633379, 19.216544298575993 ], [ -98.998546309453019, 19.216511065219155 ] ], [ [ -98.998176306714015, 19.216428605808712 ], [ -98.998101984866253, 19.216406281410666 ], [ -98.998176307065236, 19.216428606164428 ], [ -98.998256616471792, 19.216447542858567 ], [ -98.998176306714015, 19.216428605808712 ] ] ] ] } },
{ "type": "Feature", "properties": { "id": 1093.0, "entidad": 9, "distrito_f": 4, "distrito_l": 28, "municipio": 7, "seccion": 2889, "tipo": 2, "control": 36750.0, "SECCION_TX": "2889", "SECCION__1": null, "SECCION__2": null, "SECCION_N": "2889", "ESTATUS": null, "ALCALDIA_N": "IZTAPALAPA" }, "geometry": { "type": "MultiPolygon", "coordinates": [ [ [ [ -99.114279466010387, 19.339084584468928 ], [ -99.114275094088256, 19.339644286812597 ], [ -99.114375389822072, 19.340392583576982 ], [ -99.114392688611474, 19.340521647454658 ], [ -99.115271765310752, 19.342475154941454 ], [ -99.115496917901154, 19.342975486699252 ], [ -99.115752931524227, 19.343528850166589 ], [ -99.116020765434484, 19.343820701551032 ], [ -99.116321211783799, 19.344247858835796 ], [ -99.116649323128115, 19.344886298117466 ], [ -99.11688099292158, 19.345318246745865 ], [ -99.116977398974583, 19.345471318182845 ], [ -99.11730631632409, 19.346028940499369 ], [ -99.117446187748641, 19.346266066893989 ], [ -99.118146392077549, 19.347455658968471 ], [ -99.119601871151048, 19.349716030585814 ], [ -99.120128365510794, 19.350510181124694 ], [ -99.120303112882908, 19.350837865288558 ], [ -99.12039401911656, 19.350942933511899 ], [ -99.120484925466712, 19.351048001688039 ], [ -99.120719694898384, 19.351669429898809 ], [ -99.12096477900748, 19.352284955188253 ], [ -99.121129002656659, 19.352701329079139 ], [ -99.1213044302594, 19.353321909972657 ], [ -99.121475767844188, 19.353928017507336 ], [ -99.12162896549232, 19.354445991717888 ], [ -99.12170042456701, 19.354959417925016 ], [ -99.121737691432529, 19.355227175250153 ], [ -99.121920637379986, 19.356840888391975 ], [ -99.121970183001991, 19.357619717854398 ], [ -99.122399309392449, 19.357653462806599 ], [ -99.122966822118244, 19.35770885915014 ], [ -99.123787884044305, 19.35779349202976 ], [ -99.124589075525222, 19.357878380686696 ], [ -99.124673533603726, 19.357888892510115 ], [ -99.125085853209441, 19.357940596971243 ], [ -99.125698979121552, 19.35801696376565 ], [ -99.125872402322685, 19.358038624597743 ], [ -99.1260760939156, 19.358063826494575 ], [ -99.1263006942701, 19.358087354726994 ], [ -99.126576325017609, 19.358116228310688 ], [ -99.126735887764823, 19.35813407387548 ], [ -99.127111355236707, 19.358174904680958 ], [ -99.127550937539965, 19.358227444472885 ], [ -99.127616409914921, 19.35823393326767 ], [ -99.127886880366674, 19.358267821834197 ], [ -99.128302153797762, 19.358315161443997 ], [ -99.128405768161002, 19.358327434607592 ], [ -99.128713320890469, 19.358363884261664 ], [ -99.128888269327575, 19.35838458626603 ], [ -99.129129229455543, 19.358413010688487 ], [ -99.129370307498206, 19.358441574804033 ], [ -99.129543871912034, 19.358462093981519 ], [ -99.129838641463834, 19.35849694191338 ], [ -99.129980453431997, 19.358513706881254 ], [ -99.13010611853278, 19.358577476385129 ], [ -99.130256191402722, 19.358543895002921 ], [ -99.130317661262112, 19.358550611512591 ], [ -99.130871871308372, 19.358611166360085 ], [ -99.131002350715988, 19.358624846616596 ], [ -99.131096594701617, 19.358455855918429 ], [ -99.131190889304335, 19.358286875581481 ], [ -99.131466685597218, 19.357800987451991 ], [ -99.131666709411348, 19.357485003303093 ], [ -99.132061940712404, 19.357056630906573 ], [ -99.132480376273534, 19.356795210876811 ], [ -99.132579254404831, 19.356733435931705 ], [ -99.132964426177693, 19.356545481040129 ], [ -99.133140969271778, 19.356459331688637 ], [ -99.133505715482016, 19.356348255374456 ], [ -99.133695374144125, 19.356290498195637 ], [ -99.134211203226158, 19.356229103397194 ], [ -99.134397186787851, 19.356236291651861 ], [ -99.134603716607344, 19.356253595629898 ], [ -99.135821171775092, 19.356355594549878 ], [ -99.140213390510141, 19.35664350522767 ], [ -99.14020660510478, 19.356674803652833 ], [ -99.140171709860468, 19.356835761596859 ], [ -99.140157208919319, 19.356902242733597 ], [ -99.140153118843173, 19.356921839342391 ], [ -99.140146060453446, 19.35695565789521 ], [ -99.140130158736397, 19.357031847042396 ], [ -99.140095741602892, 19.357196745444526 ], [ -99.140083942928783, 19.357253278256415 ], [ -99.139992788388909, 19.357532151605227 ], [ -99.139574530592697, 19.359518498667921 ], [ -99.139562434062256, 19.359575945546528 ], [ -99.139352503218191, 19.360519564023615 ], [ -99.139219915674616, 19.36116006164827 ], [ -99.139070065342722, 19.361825479370633 ], [ -99.138919727559667, 19.362493056132706 ], [ -99.13878704847167, 19.363082214658089 ], [ -99.138658216273512, 19.363654287040745 ], [ -99.138520096762875, 19.364294588510152 ], [ -99.138391075122485, 19.364905221600683 ], [ -99.138259834607837, 19.365520470025054 ], [ -99.138124337008378, 19.366128527291604 ], [ -99.137998688519914, 19.366712288542907 ], [ -99.137873143378258, 19.367260770880343 ], [ -99.137705936585903, 19.368005160941578 ], [ -99.137565245600896, 19.36866234281916 ], [ -99.137323437228886, 19.36964758618717 ], [ -99.137054211554869, 19.370789813174529 ], [ -99.136860313547956, 19.371653015414193 ], [ -99.136574950377835, 19.372906391590075 ], [ -99.13635941056323, 19.373876946572768 ], [ -99.136137213397745, 19.374919315674337 ], [ -99.135910669804559, 19.375885592284678 ], [ -99.135585100361411, 19.37727664331463 ], [ -99.135345101911398, 19.377318300752158 ], [ -99.134158847336749, 19.377435269062968 ], [ -99.133838853634373, 19.377423980669597 ], [ -99.133338152952035, 19.377387766290106 ], [ -99.132885201664067, 19.37734839877168 ], [ -99.132458450207665, 19.377316291543423 ], [ -99.132012838542636, 19.37726340336603 ], [ -99.13156053326648, 19.377210423757241 ], [ -99.131383081605179, 19.377189515977093 ], [ -99.131065172307316, 19.377151134197245 ], [ -99.130840305072965, 19.377124852604464 ], [ -99.130569435093975, 19.377093192242668 ], [ -99.130205466717044, 19.377057505941469 ], [ -99.130081586203019, 19.37704535955897 ], [ -99.129714503022626, 19.377003468965672 ], [ -99.129495358330757, 19.376972854309429 ], [ -99.129111979333871, 19.376899235969198 ], [ -99.12841921012307, 19.376766204762124 ], [ -99.128082926437969, 19.376703963061534 ], [ -99.127631404796929, 19.376620391272667 ], [ -99.127454597353534, 19.376587350988128 ], [ -99.127297768661577, 19.37655823939464 ], [ -99.127207529102591, 19.376541488456542 ], [ -99.12681786309868, 19.376469155200482 ], [ -99.126647635111667, 19.376437555690867 ], [ -99.126388793298432, 19.376389504013066 ], [ -99.12598264516356, 19.376314111616015 ], [ -99.125928045290308, 19.376303975961605 ], [ -99.125639926295108, 19.37625003310994 ], [ -99.125039712819188, 19.376134746859496 ], [ -99.124609185274821, 19.376059389495243 ], [ -99.124481952571202, 19.376037635312933 ], [ -99.124122312069829, 19.375966921610175 ], [ -99.123973576880246, 19.375936962093473 ], [ -99.123572719168209, 19.375861381887958 ], [ -99.123191683002489, 19.375786407535315 ], [ -99.122704750988376, 19.375703717724502 ], [ -99.122387038228851, 19.375651849028216 ], [ -99.122437720313982, 19.377766280934352 ], [ -99.122472290171828, 19.38016617664206 ], [ -99.122391036925578, 19.381444803718633 ], [ -99.12235557705965, 19.382476249319893 ], [ -99.121127997101553, 19.382392156633809 ], [ -99.120871229844127, 19.382373417685027 ], [ -99.120522841102414, 19.382350749910145 ], [ -99.120471156796242, 19.382349190672713 ], [ -99.118775647974189, 19.38229668107115 ], [ -99.118404373343239, 19.382271906357534 ], [ -99.1180789174974, 19.382230341273221 ], [ -99.11780716572153, 19.382215076411558 ], [ -99.117718786272761, 19.382210111866264 ], [ -99.117642155394591, 19.382214165426991 ], [ -99.117353142616835, 19.382229453108664 ], [ -99.117016358965131, 19.382199820546862 ], [ -99.116690766056252, 19.382173549229794 ], [ -99.116368298657434, 19.382153655631551 ], [ -99.116041998833055, 19.382110000264515 ], [ -99.115697840471114, 19.382074598552272 ], [ -99.115365039498172, 19.382051825532638 ], [ -99.115042644340704, 19.382004902939332 ], [ -99.11475211027161, 19.381966752038995 ], [ -99.114425971791235, 19.381923612461044 ], [ -99.114092912546255, 19.381881844227831 ], [ -99.113730515152611, 19.381844221463453 ], [ -99.113390314732257, 19.381807969789637 ], [ -99.113053279149938, 19.38176744510158 ], [ -99.112787909450489, 19.38172867364111 ], [ -99.112697662492707, 19.381714954378829 ], [ -99.112354414938082, 19.381658846372201 ], [ -99.112077709894663, 19.38161942896539 ], [ -99.112002461396457, 19.381608709530408 ], [ -99.111677354346156, 19.381564350242019 ], [ -99.11155419040648, 19.381546557425526 ], [ -99.111338773173216, 19.381514357490072 ], [ -99.111102487530886, 19.381476138654445 ], [ -99.110868788564829, 19.381442001957314 ], [ -99.110604514749923, 19.381401687256428 ], [ -99.109927118314118, 19.381281177671976 ], [ -99.109461815964622, 19.381216945940569 ], [ -99.109158056365516, 19.381180174430472 ], [ -99.108888877505649, 19.381146318487783 ], [ -99.108824934209125, 19.381138275965771 ], [ -99.108749544531264, 19.381128937459831 ], [ -99.108684771827697, 19.381121686897462 ], [ -99.108514404179815, 19.381102616077442 ], [ -99.10798124927264, 19.381056401001455 ], [ -99.107396209700326, 19.381005686616039 ], [ -99.10716978445636, 19.380985594615499 ], [ -99.106909084231617, 19.3809591201294 ], [ -99.106716170177918, 19.380937765025557 ], [ -99.106322243180628, 19.380882917613924 ], [ -99.10602164659781, 19.380836242968385 ], [ -99.105894824970321, 19.380824723350226 ], [ -99.105709534181116, 19.380809518096289 ], [ -99.10565381522045, 19.380804945673219 ], [ -99.105448506114399, 19.380782535780035 ], [ -99.105071502420429, 19.380733084476258 ], [ -99.1047684682637, 19.380693335114998 ], [ -99.104226278141027, 19.380620260486399 ], [ -99.103750259518819, 19.380558328733027 ], [ -99.103441719834677, 19.380518454596448 ], [ -99.103381090010529, 19.380509378328302 ], [ -99.103027020366071, 19.380462429373345 ], [ -99.101580631674025, 19.380270633566759 ], [ -99.101296849769085, 19.380240203704759 ], [ -99.101214683270697, 19.380232918795624 ], [ -99.10107824972809, 19.380223036037656 ], [ -99.100819152845219, 19.38019540939414 ], [ -99.099511548828929, 19.380069704040054 ], [ -99.099143904277639, 19.380031772189895 ], [ -99.098776259892901, 19.379993839596029 ], [ -99.098362960132846, 19.379948366575785 ], [ -99.09802598888588, 19.379917385932679 ], [ -99.097687745020451, 19.37988291737463 ], [ -99.097357217926756, 19.37984923456807 ], [ -99.097096124319876, 19.379822627039562 ], [ -99.096723855472291, 19.379784689200779 ], [ -99.096370579041235, 19.379742427914032 ], [ -99.095811479936827, 19.379625143560787 ], [ -99.095622742136257, 19.379536259632136 ], [ -99.095262709955122, 19.380137342074836 ], [ -99.095086014542886, 19.380432337463525 ], [ -99.094902085732215, 19.38073940779411 ], [ -99.094717828673737, 19.381046725505662 ], [ -99.094552877687576, 19.381322066640848 ], [ -99.094339484759786, 19.381678665405055 ], [ -99.093985023085907, 19.382270429756296 ], [ -99.093567419185504, 19.382929877012693 ], [ -99.093295238012189, 19.383359680743514 ], [ -99.093194604985513, 19.38351859058168 ], [ -99.092977762376947, 19.383861005989978 ], [ -99.092874884396352, 19.384023459657872 ], [ -99.092295573796264, 19.384945141293407 ], [ -99.092245180309192, 19.385025316618755 ], [ -99.091903413136407, 19.385569060910299 ], [ -99.091583313265986, 19.386078329115961 ], [ -99.091158836430793, 19.38675365181486 ], [ -99.090935423426757, 19.387098610694718 ], [ -99.090935423426771, 19.387098610694718 ], [ -99.090759436268485, 19.387373548513491 ], [ -99.090587333632669, 19.387643176113254 ], [ -99.090460551437772, 19.387841694403761 ], [ -99.09041066593494, 19.387919805362632 ], [ -99.090236959048141, 19.388191864853592 ], [ -99.089886107537154, 19.388741333599526 ], [ -99.089699596058168, 19.389026670555438 ], [ -99.089526139532595, 19.389291561178343 ], [ -99.089344256394938, 19.389569133810689 ], [ -99.089161130228362, 19.389848909647249 ], [ -99.08899884253664, 19.390095390866769 ], [ -99.088825077821383, 19.390361979424778 ], [ -99.088581222080236, 19.390732030198812 ], [ -99.088449985691639, 19.39069242280037 ], [ -99.088383242666254, 19.390673286233021 ], [ -99.086853149803488, 19.390234569880263 ], [ -99.086745468057458, 19.390156277991881 ], [ -99.086510690927355, 19.390052796507142 ], [ -99.084847054512622, 19.389671894255393 ], [ -99.084599885771496, 19.389432482985384 ], [ -99.08451192050633, 19.389953648473114 ], [ -99.084389866638617, 19.390619182186288 ], [ -99.084379841689582, 19.390670718412409 ], [ -99.08431287714437, 19.391014968689294 ], [ -99.084303053298612, 19.391065470836924 ], [ -99.084222704736831, 19.391506812658548 ], [ -99.084152845243111, 19.391901781998655 ], [ -99.084038275503687, 19.392521748803546 ], [ -99.084014906803773, 19.392648202362874 ], [ -99.083660385189361, 19.392463724871629 ], [ -99.0836068640278, 19.392435874711158 ], [ -99.083235406715929, 19.392242583256749 ], [ -99.083168520235731, 19.392211395555513 ], [ -99.082811644885126, 19.39202207314165 ], [ -99.08245260847184, 19.39184118804102 ], [ -99.082391433280108, 19.391805238020375 ], [ -99.082128067308517, 19.391667119084982 ], [ -99.081941700513312, 19.391569381015515 ], [ -99.081795329287331, 19.391487823486784 ], [ -99.08143345869901, 19.391286189617784 ], [ -99.081116812990672, 19.391131483616956 ], [ -99.080916757944934, 19.391033433683212 ], [ -99.080760941346909, 19.390954853258499 ], [ -99.08045876849809, 19.390797745051167 ], [ -99.080393882670421, 19.39076397290129 ], [ -99.08006103654715, 19.390591243282678 ], [ -99.07999161519399, 19.390555217189512 ], [ -99.079934225213137, 19.390525434724523 ], [ -99.079404181728066, 19.390255020276591 ], [ -99.079351828747207, 19.390228340171312 ], [ -99.078879373627203, 19.389987679247575 ], [ -99.078827346205031, 19.389961292531087 ], [ -99.078402492357981, 19.38974531440811 ], [ -99.078350749413104, 19.389719028389891 ], [ -99.077851945538114, 19.389465090888876 ], [ -99.077324161577579, 19.389196433070726 ], [ -99.07726802273659, 19.389166868792046 ], [ -99.076780864391907, 19.388910316445472 ], [ -99.076370100836627, 19.38869399426321 ], [ -99.076308828296476, 19.388661725912048 ], [ -99.075961673158588, 19.388478900740189 ], [ -99.075849855918534, 19.388420013276178 ], [ -99.074828047057537, 19.387881882387347 ], [ -99.074348793687662, 19.38763906447312 ], [ -99.073889993881835, 19.387406607669607 ], [ -99.073487335609926, 19.387202594189631 ], [ -99.073042956211239, 19.386977440377681 ], [ -99.072562299280861, 19.386733903892232 ], [ -99.072122500931869, 19.386511067641944 ], [ -99.071757766720154, 19.386326263483532 ], [ -99.071393033329542, 19.386141458587364 ], [ -99.070933830433162, 19.385897301888185 ], [ -99.070456634447694, 19.385643576312102 ], [ -99.069972453221695, 19.385386134583655 ], [ -99.069469045417094, 19.385118467745684 ], [ -99.068991767496399, 19.384864692317041 ], [ -99.067630968173162, 19.384140486906674 ], [ -99.066773750954283, 19.383728721883802 ], [ -99.066398235252663, 19.383635038268338 ], [ -99.065872522113594, 19.383539378630378 ], [ -99.063675743476821, 19.383156413780277 ], [ -99.060917327743809, 19.382679931063855 ], [ -99.06083127342967, 19.383138252732792 ], [ -99.060778456512892, 19.383548713520607 ], [ -99.060667088122273, 19.384379065158498 ], [ -99.060594615693688, 19.384852459976038 ], [ -99.060524746406173, 19.385308848284545 ], [ -99.060462138030104, 19.385746976557396 ], [ -99.060382526908015, 19.386168963891574 ], [ -99.060310794216718, 19.386760024538678 ], [ -99.060257329808451, 19.387079906422898 ], [ -99.060108071604233, 19.387972922288803 ], [ -99.060051268569566, 19.388312777955491 ], [ -99.059912860918743, 19.389140862984345 ], [ -99.059821699856158, 19.389686269757178 ], [ -99.059778414979178, 19.389911729712775 ], [ -99.05963575022362, 19.390708509732168 ], [ -99.059533393215418, 19.391395761900384 ], [ -99.059451571993748, 19.391910321730567 ], [ -99.059380610184533, 19.392304420517132 ], [ -99.05925092118926, 19.393030624318516 ], [ -99.059120103797454, 19.393824617529411 ], [ -99.059042683406659, 19.394294515175147 ], [ -99.058793355447875, 19.395103666989755 ], [ -99.058632247885882, 19.39562650994224 ], [ -99.058588763267522, 19.396084268298807 ], [ -99.058474256217039, 19.397140604762239 ], [ -99.058425565234018, 19.397661296642109 ], [ -99.058377542992574, 19.398005736396165 ], [ -99.058366160587369, 19.398174428070501 ], [ -99.058356994760004, 19.398329239614021 ], [ -99.058347254484787, 19.398492655668974 ], [ -99.058282680636566, 19.399936753493385 ], [ -99.058176632889499, 19.400881146838785 ], [ -99.056360758022208, 19.400037887114696 ], [ -99.055010926298721, 19.399411032339945 ], [ -99.053889010009968, 19.398890009408891 ], [ -99.052617966214697, 19.398310767338316 ], [ -99.051493207193573, 19.397798179909277 ], [ -99.05071128747683, 19.397441828926674 ], [ -99.049195826087413, 19.39675116109521 ], [ -99.048259413264432, 19.396323996662879 ], [ -99.047103839333573, 19.395796847518 ], [ -99.046193272736772, 19.395381457951729 ], [ -99.045734365857527, 19.395172107389119 ], [ -99.044677592915534, 19.39469000811247 ], [ -99.04338405314806, 19.394099779693363 ], [ -99.043256427195104, 19.39404154455498 ], [ -99.042351899225878, 19.393626293095725 ], [ -99.041749530116306, 19.393349753177858 ], [ -99.04098578230834, 19.392999122426673 ], [ -99.040237470386444, 19.392659674115297 ], [ -99.039558058399948, 19.392351476261336 ], [ -99.038491872564165, 19.391865871635147 ], [ -99.037996979635707, 19.391640452947417 ], [ -99.037183900382558, 19.391266887511197 ], [ -99.03682386972153, 19.391101471001939 ], [ -99.03579162128824, 19.390627198548955 ], [ -99.034755433997859, 19.390114892022527 ], [ -99.034519312352529, 19.389998148121155 ], [ -99.034519312148802, 19.389998148461668 ], [ -99.034372533782857, 19.390089667603981 ], [ -99.03325952568035, 19.389567396340951 ], [ -99.032874309037112, 19.389386633797436 ], [ -99.032904552708914, 19.389342778881641 ], [ -99.032874309037041, 19.389386633355777 ], [ -99.032117602163794, 19.389047276524714 ], [ -99.031423414684298, 19.388735953213111 ], [ -99.030458205544562, 19.38828410652593 ], [ -99.029997492063885, 19.388068428194757 ], [ -99.030060001231561, 19.38795177234498 ], [ -99.029142942436266, 19.387564929590948 ], [ -99.028953253679362, 19.387482744834564 ], [ -99.027756583976725, 19.386956747346325 ], [ -99.027336308499997, 19.386772012118549 ], [ -99.026335157106502, 19.386313825334145 ], [ -99.024974931767218, 19.38568810955363 ], [ -99.023555620848924, 19.385050862920593 ], [ -99.022777262922929, 19.384683021995496 ], [ -99.022442294333032, 19.384534381568574 ], [ -99.021972281145537, 19.384318297902102 ], [ -99.021165337891958, 19.383944309093931 ], [ -99.0203836702849, 19.383585344702233 ], [ -99.019581303104658, 19.38321757336703 ], [ -99.019046189538926, 19.382971068799741 ], [ -99.018803154461764, 19.38284754967151 ], [ -99.018016928192878, 19.382447925797354 ], [ -99.017237754429004, 19.382051944695196 ], [ -99.016448558156, 19.381638770034456 ], [ -99.015837842568416, 19.381320096856907 ], [ -99.015130732765826, 19.380948214816868 ], [ -99.015895236152517, 19.379590372232357 ], [ -99.015130732765741, 19.380948214032159 ], [ -99.014130803523699, 19.380380242410208 ], [ -99.013362333735657, 19.379943736055818 ], [ -99.01258827641918, 19.379504050217243 ], [ -99.011814223255342, 19.379064361062166 ], [ -99.011071181574309, 19.378642282170627 ], [ -99.010147178425157, 19.378114157240006 ], [ -99.010133252435224, 19.378024122258079 ], [ -99.010147178425186, 19.378114157632769 ], [ -99.009591656660803, 19.377853268572622 ], [ -99.009301385153648, 19.377682706045576 ], [ -99.008788857845104, 19.377396897469531 ], [ -99.007919264654859, 19.376887507323676 ], [ -99.007308735163832, 19.376531127770274 ], [ -99.005720062026271, 19.375603765510117 ], [ -99.004597711964735, 19.374955792303108 ], [ -99.004268092089916, 19.374770001726763 ], [ -99.002999844538465, 19.374055143355271 ], [ -99.002780278167464, 19.373928697020478 ], [ -99.000156692673926, 19.372417761572709 ], [ -98.999563015085315, 19.372082287304547 ], [ -98.998395622259892, 19.371422608976463 ], [ -98.998395622084232, 19.371422609270866 ], [ -98.998307457703987, 19.371371452721888 ], [ -98.997961701958488, 19.371170830493181 ], [ -98.997636701497797, 19.370982250315326 ], [ -98.99728569786609, 19.370778580761218 ], [ -98.996870324763762, 19.370536874862186 ], [ -98.99654966371078, 19.370350280830916 ], [ -98.996211254238361, 19.370153357841634 ], [ -98.99591875046066, 19.369983146826087 ], [ -98.995673283306118, 19.369840306276942 ], [ -98.995599412747197, 19.369797321068042 ], [ -98.995427826843368, 19.369697471367381 ], [ -98.994643966780387, 19.369241327183889 ], [ -98.99430447545862, 19.369043768406407 ], [ -98.993992061124203, 19.368861965444253 ], [ -98.993632977955798, 19.368653003369456 ], [ -98.993209452251477, 19.368411964478909 ], [ -98.993007008470016, 19.368296748145365 ], [ -98.992650800183299, 19.368094019252364 ], [ -98.992330934374152, 19.367911972656895 ], [ -98.991696721414286, 19.367551017894435 ], [ -98.99177464856335, 19.367079732862468 ], [ -98.991808360020656, 19.366875852884863 ], [ -98.991853396443844, 19.36660348102804 ], [ -98.991917523711919, 19.366371067388435 ], [ -98.992038248035826, 19.365933529660289 ], [ -98.992179865886158, 19.365420265012624 ], [ -98.992343072509854, 19.364787173760529 ], [ -98.992477071930537, 19.36426737573305 ], [ -98.992597678722717, 19.36379952620889 ], [ -98.99266457983785, 19.363540006834945 ], [ -98.992703641785553, 19.363388479336379 ], [ -98.992782009716223, 19.363084476809917 ], [ -98.992905956384064, 19.362603664221105 ], [ -98.992954260020582, 19.362433322807828 ], [ -98.99301175134606, 19.362230580786058 ], [ -98.993063196442478, 19.36204916022696 ], [ -98.993195018597191, 19.361584288952081 ], [ -98.993439427381887, 19.360722373254099 ], [ -98.993582621029802, 19.360217391697372 ], [ -98.993608954028048, 19.360121541879206 ], [ -98.993914147186018, 19.359010656860004 ], [ -98.994075519570785, 19.359033126014818 ], [ -98.99421752778683, 19.359039257079214 ], [ -98.994340172423577, 19.359010670598224 ], [ -98.994490789875471, 19.358937157215205 ], [ -98.994585466286907, 19.358810545717056 ], [ -98.994654322359906, 19.358700270746009 ], [ -98.994673690819653, 19.358585909973431 ], [ -98.994650028539297, 19.358410282933313 ], [ -98.994589787076535, 19.358279582475109 ], [ -98.994445633609544, 19.358103951783338 ], [ -98.994036839062574, 19.357683252464771 ], [ -98.993934771159701, 19.357449204091495 ], [ -98.993063315881884, 19.356774057106243 ], [ -98.99258225259922, 19.356394469890411 ], [ -98.991696261832772, 19.355695363120084 ], [ -98.990571137385913, 19.354643370370614 ], [ -98.987597140040961, 19.351766708486831 ], [ -98.987168609983442, 19.351363127330128 ], [ -98.986160797555371, 19.350413976435568 ], [ -98.985049361258817, 19.349337410947438 ], [ -98.983245533329537, 19.347608630756465 ], [ -98.982583189144549, 19.346980184339483 ], [ -98.981338866254802, 19.34580135773416 ], [ -98.981265864757589, 19.345732197956085 ], [ -98.981132790751886, 19.345606126771337 ], [ -98.979768783744504, 19.344304352620206 ], [ -98.979500812071208, 19.344032054393242 ], [ -98.979443988172633, 19.343973242300997 ], [ -98.978640390210842, 19.343141527247617 ], [ -98.978213043424674, 19.342622066190764 ], [ -98.977236790992634, 19.341251144360349 ], [ -98.976863471706096, 19.340666202345808 ], [ -98.976732601125292, 19.340461144279242 ], [ -98.976595384595115, 19.340231219115537 ], [ -98.976569574174093, 19.340187970112229 ], [ -98.976318560814761, 19.339767360717453 ], [ -98.975839577232534, 19.338965653423795 ], [ -98.975368709360936, 19.338225610866203 ], [ -98.97504800888693, 19.337876011786047 ], [ -98.974344025884832, 19.337108585553331 ], [ -98.971841047619549, 19.334995497246968 ], [ -98.968391155343866, 19.332082538194591 ], [ -98.965412902666088, 19.329547117721859 ], [ -98.964044432309151, 19.328382080774563 ], [ -98.959994510798339, 19.324930266168991 ], [ -98.960075357722886, 19.324924078772607 ], [ -98.960185404596047, 19.32491565658021 ], [ -98.966153100145476, 19.324839210394583 ], [ -98.966754836598483, 19.324830135305248 ], [ -98.96898842268395, 19.324796432102456 ], [ -98.969271893592946, 19.324800141440448 ], [ -98.97328589107579, 19.324857647887828 ], [ -98.975917257697418, 19.324893464222551 ], [ -98.976234092823631, 19.32486616265836 ], [ -98.976384785731284, 19.324853177310516 ], [ -98.976475623564625, 19.324884381694158 ], [ -98.97670425184802, 19.324962919253114 ], [ -98.976799882746931, 19.324995769925408 ], [ -98.97687525107925, 19.325021289366838 ], [ -98.97692341017536, 19.325037595840044 ], [ -98.977035614958211, 19.325075587859125 ], [ -98.977193533638683, 19.325129058245114 ], [ -98.977398570528095, 19.325198482337846 ], [ -98.977841759345097, 19.325340436415253 ], [ -98.978389647038028, 19.325356505899425 ], [ -98.978389674597821, 19.325146889230073 ], [ -98.978336716188238, 19.324878573599666 ], [ -98.978301415842992, 19.324660568052455 ], [ -98.978425073114764, 19.324618659384573 ], [ -98.978539906816309, 19.324509672254038 ], [ -98.978601794860353, 19.324031753459909 ], [ -98.978698967921346, 19.323889225476432 ], [ -98.978974588218406, 19.323931853080325 ], [ -98.979377194299943, 19.323954906474302 ], [ -98.979440866668142, 19.32395638795553 ], [ -98.979705834646794, 19.323948032961486 ], [ -98.979761179455181, 19.323974310784308 ], [ -98.979935459348056, 19.324057059051679 ], [ -98.980332901982493, 19.324124179684379 ], [ -98.980641966216353, 19.324669216154071 ], [ -98.979599618933719, 19.325792647919613 ], [ -98.979634520147243, 19.325791882654677 ], [ -98.984494896670071, 19.325685245826204 ], [ -98.989424690814985, 19.32557695351252 ], [ -98.997350839165222, 19.325402560915474 ], [ -98.999763830179631, 19.325349401366505 ], [ -99.001373344145691, 19.324966512490331 ], [ -99.003883354075924, 19.324369371796493 ], [ -99.008830283296689, 19.323192365007259 ], [ -99.00887694297144, 19.32318126270285 ], [ -99.01050151670664, 19.322794699714283 ], [ -99.018630995264104, 19.320860067084332 ], [ -99.02132680247739, 19.32021843562265 ], [ -99.021326802744298, 19.320218435822866 ], [ -99.022865384172206, 19.319852216314093 ], [ -99.026018908174379, 19.319101556353896 ], [ -99.026056424398504, 19.319092625680458 ], [ -99.026162751248123, 19.319067314306782 ], [ -99.026787909, 19.318918495000027 ], [ -99.027320044, 19.318791818000022 ], [ -99.030045915994805, 19.318142884380684 ], [ -99.031949590522487, 19.317689659587618 ], [ -99.039276214378404, 19.314920981498375 ], [ -99.039719887558405, 19.314753308156689 ], [ -99.039800918076963, 19.314832357481077 ], [ -99.039870004486133, 19.314898606641144 ], [ -99.040036923337894, 19.315058670118667 ], [ -99.040076946413478, 19.315097049372941 ], [ -99.04013213792021, 19.315091521569176 ], [ -99.040477899894555, 19.315418248813859 ], [ -99.040477900049396, 19.31541824895762 ], [ -99.041725376, 19.314347418 ], [ -99.04179356, 19.314409962999974 ], [ -99.041965074, 19.31420752 ], [ -99.04218721, 19.313945629000017 ], [ -99.042219554, 19.313907462 ], [ -99.042404971, 19.313686262000022 ], [ -99.042507474, 19.313563977999987 ], [ -99.042608624734228, 19.313443305774712 ], [ -99.04268088095121, 19.313357105314587 ], [ -99.042817473844607, 19.313194150787002 ], [ -99.042837306479711, 19.313170490992864 ], [ -99.043041548577719, 19.312926831067845 ], [ -99.043167137355127, 19.312777003734052 ], [ -99.043271146041121, 19.312650412828546 ], [ -99.043497041674399, 19.312375470173254 ], [ -99.043514413513577, 19.31235432646719 ], [ -99.043629398798785, 19.31221437478073 ], [ -99.044603652484554, 19.312911469353061 ], [ -99.045135135805666, 19.31336069712513 ], [ -99.045266068773586, 19.313393320659422 ], [ -99.04589254935722, 19.312589349387775 ], [ -99.046583976133007, 19.311702020079696 ], [ -99.046900476507489, 19.311903764138382 ], [ -99.047157714261985, 19.312067732171876 ], [ -99.047188986052632, 19.312101922766765 ], [ -99.04722025785631, 19.312136113356043 ], [ -99.047376251360475, 19.312248639829782 ], [ -99.047405627231043, 19.312269830186963 ], [ -99.047560115092196, 19.312381270220854 ], [ -99.047690144448154, 19.312475066858195 ], [ -99.047751822569055, 19.312519558282212 ], [ -99.047859981789287, 19.312597578671362 ], [ -99.048131498509264, 19.312793489397201 ], [ -99.048931922195493, 19.311788071401544 ], [ -99.049325995412076, 19.311293067341932 ], [ -99.049627293076597, 19.310932364840834 ], [ -99.049920075058267, 19.311149873619375 ], [ -99.050379422035377, 19.311491122008043 ], [ -99.05121007285905, 19.312108205063542 ], [ -99.051458069520223, 19.311784688013347 ], [ -99.051669216426617, 19.311509241259483 ], [ -99.052049926709287, 19.311012591352576 ], [ -99.052742753773188, 19.311499047402844 ], [ -99.052778883981631, 19.311572493291383 ], [ -99.052861476429456, 19.311768352940476 ], [ -99.053042050188779, 19.311893176308661 ], [ -99.053367492983298, 19.312085226028856 ], [ -99.053568266069462, 19.312167259564916 ], [ -99.053842599007126, 19.311828865178995 ], [ -99.053911194565273, 19.311744251097515 ], [ -99.054020581626801, 19.311609319593536 ], [ -99.054104862928369, 19.311505356436211 ], [ -99.054249179559719, 19.311323428847459 ], [ -99.054371271668614, 19.31116951740103 ], [ -99.05457451082404, 19.310913309745558 ], [ -99.054885087329893, 19.310521788326184 ], [ -99.055182842158715, 19.310156949912365 ], [ -99.055670329250518, 19.309559628360617 ], [ -99.055758354410031, 19.309451876813458 ], [ -99.056298403822339, 19.30881020950557 ], [ -99.056372538473781, 19.308722124858441 ], [ -99.056532925406245, 19.308525510002312 ], [ -99.056929112467913, 19.308039274953831 ], [ -99.057267107094972, 19.307623192364019 ], [ -99.057438527814369, 19.307411884735288 ], [ -99.058390189799795, 19.30624062062288 ], [ -99.05982006535676, 19.304509661230274 ], [ -99.06047981733829, 19.304732963797516 ], [ -99.06084619457576, 19.304856293777117 ], [ -99.062599606628709, 19.305446514921019 ], [ -99.063391564859813, 19.305713437367178 ], [ -99.063414186923396, 19.305649463761171 ], [ -99.063439252820046, 19.305578579105461 ], [ -99.063708461785154, 19.304817270327625 ], [ -99.063823724484507, 19.304491311199225 ], [ -99.064160431245313, 19.303527702309864 ], [ -99.064361922885936, 19.302951054962353 ], [ -99.064434945249033, 19.302742071777132 ], [ -99.064486826541355, 19.302579848462148 ], [ -99.064504147722232, 19.30252568822182 ], [ -99.064791027648212, 19.301628660467383 ], [ -99.064600287392452, 19.301109133549662 ], [ -99.064425147290692, 19.300632094295668 ], [ -99.064126164837717, 19.299881438614502 ], [ -99.06409865433173, 19.299812690245496 ], [ -99.063723853001576, 19.298876060762527 ], [ -99.063650409589627, 19.298752198203946 ], [ -99.063615033159422, 19.298694172695093 ], [ -99.06349595898088, 19.298513729467675 ], [ -99.063478151858618, 19.298488536582404 ], [ -99.063460344741813, 19.298463343695321 ], [ -99.0632669059747, 19.298189672667185 ], [ -99.063043889343135, 19.297895515358555 ], [ -99.06283780506314, 19.297623690509962 ], [ -99.062663127777498, 19.29738460762584 ], [ -99.062674426605042, 19.29719944556059 ], [ -99.062659134608055, 19.296981727744061 ], [ -99.062652053043308, 19.296880904686088 ], [ -99.062640367934222, 19.296834349418315 ], [ -99.062521201896402, 19.296359572066017 ], [ -99.062458341328252, 19.296109123935793 ], [ -99.062351319066337, 19.295687779056902 ], [ -99.062129747562565, 19.29488946704214 ], [ -99.062005151987123, 19.294443189356254 ], [ -99.06171561770276, 19.294231970816291 ], [ -99.061554720949843, 19.294114594377135 ], [ -99.061570890659453, 19.293704182791213 ], [ -99.061592836473508, 19.293147161797041 ], [ -99.061614782144858, 19.292590140766702 ], [ -99.062054829913251, 19.292118173378043 ], [ -99.062438231523117, 19.291706957991046 ], [ -99.0627820068066, 19.291338241171587 ], [ -99.063382808234238, 19.29071651918288 ], [ -99.063517132066224, 19.290584153148771 ], [ -99.063714437946146, 19.290389722475904 ], [ -99.06427737724114, 19.289853049174933 ], [ -99.064978692312465, 19.289100947892209 ], [ -99.065340364817601, 19.288743593461135 ], [ -99.065414459598088, 19.288670317597823 ], [ -99.065661625969639, 19.288391983381313 ], [ -99.065693278235017, 19.288356339651607 ], [ -99.065922739468803, 19.288129412715829 ], [ -99.065985124761113, 19.288067716282903 ], [ -99.066312599361098, 19.287743856550868 ], [ -99.066671677669319, 19.287388739824731 ], [ -99.066912763544167, 19.287150312503638 ], [ -99.06692851008529, 19.287133335841649 ], [ -99.066957657939398, 19.287101910942333 ], [ -99.067040117804567, 19.287054179489175 ], [ -99.067159041799812, 19.286925964757192 ], [ -99.067345367353568, 19.286725082274309 ], [ -99.067531692453073, 19.286524199598265 ], [ -99.067705153998773, 19.286337184891458 ], [ -99.067903813213007, 19.286123003006612 ], [ -99.068031036047998, 19.285985838930454 ], [ -99.068071086474092, 19.28594265888281 ], [ -99.068254420259933, 19.285744998620277 ], [ -99.06843614525566, 19.28554907221314 ], [ -99.068487014978842, 19.285494227015846 ], [ -99.068522998498395, 19.285455431349813 ], [ -99.068610605191239, 19.285360978003624 ], [ -99.068741364880381, 19.285219998880024 ], [ -99.068973355962072, 19.284969875865642 ], [ -99.069094011018208, 19.284839888918082 ], [ -99.07141140698063, 19.287050436573754 ], [ -99.072035634785593, 19.287572491599445 ], [ -99.072183944257262, 19.287696525167334 ], [ -99.072433441333047, 19.287928930957154 ], [ -99.074501200414957, 19.289327671363026 ], [ -99.075041558810128, 19.289693190224359 ], [ -99.075330259747176, 19.2900789160452 ], [ -99.076066867309152, 19.290968616160669 ], [ -99.076908531567128, 19.29197744961639 ], [ -99.076982866349596, 19.292066606336256 ], [ -99.077811122506034, 19.293088032007685 ], [ -99.077894046594295, 19.293190295099972 ], [ -99.078084638767422, 19.293425012500666 ], [ -99.078701948486511, 19.294185233569902 ], [ -99.07900713051913, 19.294561063897628 ], [ -99.079233612403414, 19.294839973886553 ], [ -99.079730669770385, 19.295452090313447 ], [ -99.080009491087353, 19.295795450701913 ], [ -99.080416289219187, 19.296296407470969 ], [ -99.082281504276537, 19.298501785315043 ], [ -99.082557521761061, 19.29881909733032 ], [ -99.083119820378911, 19.299465515412912 ], [ -99.083241850663157, 19.299592843075072 ], [ -99.083393171735636, 19.299750732658701 ], [ -99.083545018669071, 19.299931471891576 ], [ -99.083783884555146, 19.300215786323662 ], [ -99.084029389620895, 19.300508001796587 ], [ -99.08454827996033, 19.301125657267939 ], [ -99.084812849072961, 19.30144051496378 ], [ -99.085077401025401, 19.301755394935366 ], [ -99.085312453678881, 19.302035162353906 ], [ -99.085502725956246, 19.302261629764946 ], [ -99.085612194181536, 19.302387687890704 ], [ -99.085858641176074, 19.302671482950608 ], [ -99.08610508902126, 19.302955277665728 ], [ -99.086342378386433, 19.303228524767245 ], [ -99.086599295865668, 19.303524372952403 ], [ -99.08662836088503, 19.303557842103562 ], [ -99.086874775265898, 19.303841594147475 ], [ -99.087056424309964, 19.304050766511605 ], [ -99.087202473187872, 19.30420362170759 ], [ -99.087656314330545, 19.304678610634241 ], [ -99.087717061109672, 19.304742187754492 ], [ -99.088057149061214, 19.305169247575485 ], [ -99.088800805763668, 19.306103072147934 ], [ -99.089128744929184, 19.306514867531867 ], [ -99.089394474598748, 19.306848544075237 ], [ -99.089717344821466, 19.307253969601312 ], [ -99.089949948441472, 19.307546046476038 ], [ -99.090447826248777, 19.308171219637995 ], [ -99.090885059329622, 19.308720237587483 ], [ -99.092395558314777, 19.310616880529913 ], [ -99.094409271868727, 19.313145291429791 ], [ -99.095547947790919, 19.314551090232111 ], [ -99.095698327204516, 19.314714071291409 ], [ -99.096546966446311, 19.315742939550162 ], [ -99.096815513610963, 19.316048534451166 ], [ -99.097223751801337, 19.316588453061478 ], [ -99.097535331325048, 19.317046892507008 ], [ -99.097975815219385, 19.317647939541786 ], [ -99.098727888347, 19.318707422756152 ], [ -99.098749523362883, 19.31898257442349 ], [ -99.098728328941036, 19.319441191504247 ], [ -99.098814416608533, 19.319787646894813 ], [ -99.098889886135211, 19.32032774144367 ], [ -99.098781452643848, 19.320493984338565 ], [ -99.09903252204461, 19.320469400426305 ], [ -99.099096712022558, 19.32075089979206 ], [ -99.099135705396691, 19.320921635575214 ], [ -99.099193718102939, 19.321037731013394 ], [ -99.09925173089141, 19.321153826431182 ], [ -99.099531142526146, 19.321489597364639 ], [ -99.099902452399945, 19.321935800246635 ], [ -99.100274649112862, 19.322304958443052 ], [ -99.100462907926484, 19.322491679431707 ], [ -99.100702968558124, 19.322717036454332 ], [ -99.100868509696113, 19.322872438537605 ], [ -99.100908499411702, 19.322901536726285 ], [ -99.101095994844997, 19.323037972950718 ], [ -99.101402636750706, 19.323243203658308 ], [ -99.101635600638488, 19.323399122110626 ], [ -99.102004582273821, 19.323619963712428 ], [ -99.10258251979181, 19.323965866150605 ], [ -99.103836241443133, 19.324667974165333 ], [ -99.104280602257404, 19.324918726857803 ], [ -99.104896680521932, 19.325526142697043 ], [ -99.105393544080357, 19.326043950810732 ], [ -99.105926327559501, 19.326654741220132 ], [ -99.106407892986809, 19.3271815737784 ], [ -99.106777647340337, 19.327573393356666 ], [ -99.107000420208038, 19.327789646271917 ], [ -99.107127584812602, 19.327944211038652 ], [ -99.107412492299176, 19.328186393187003 ], [ -99.107587916194106, 19.328335509556656 ], [ -99.108366074069806, 19.329529837712901 ], [ -99.109128361691774, 19.330699071240492 ], [ -99.109673569988317, 19.331466822504538 ], [ -99.109816559614998, 19.331772963749007 ], [ -99.109938443398434, 19.332149399269252 ], [ -99.110055066280594, 19.332565998819842 ], [ -99.110224462421201, 19.332816902448862 ], [ -99.110372627980226, 19.332952356028756 ], [ -99.110717815730808, 19.333169539576389 ], [ -99.111025476538927, 19.33333203942912 ], [ -99.111520700397207, 19.3336795746105 ], [ -99.112015474096182, 19.334131081936359 ], [ -99.112093176869593, 19.334236681440295 ], [ -99.112314547658272, 19.33453752749309 ], [ -99.112595168204834, 19.335024305813644 ], [ -99.112898287207329, 19.335715097086208 ], [ -99.113045603979259, 19.335861307953323 ], [ -99.113128327140572, 19.336033206985888 ], [ -99.113496739540992, 19.336607934241364 ], [ -99.113579629644605, 19.336749345972073 ], [ -99.113822880959972, 19.337299319699493 ], [ -99.114034517381668, 19.338125226465838 ], [ -99.114178818919655, 19.338895702661194 ], [ -99.114208443501823, 19.338951298404577 ], [ -99.114238112481246, 19.339006977424063 ], [ -99.114255101179211, 19.339038859662178 ], [ -99.114279466010387, 19.339084584468928 ] ], [ [ -99.039186244, 19.315099839 ], [ -99.039086925000021, 19.315297281000028 ], [ -99.038982718, 19.315504439999984 ], [ -99.038775468, 19.315759665999959 ], [ -99.038662022429833, 19.315833470291558 ], [ -99.038775467794494, 19.31575966636629 ], [ -99.038982718458783, 19.315504439519636 ], [ -99.039086925255305, 19.315297281152798 ], [ -99.039186244456801, 19.315099838557796 ], [ -99.039276214378404, 19.314920981498375 ], [ -99.039186244, 19.315099839 ] ], [ [ -99.069779370454938, 19.348685964271397 ], [ -99.067876254424561, 19.34781674353291 ], [ -99.066914558377533, 19.347377502357748 ], [ -99.067876254424561, 19.34781674353291 ], [ -99.069779370454938, 19.348685964271397 ] ], [ [ -99.084368199055405, 19.359759215959997 ], [ -99.084431243416915, 19.359840279599684 ], [ -99.084652054869053, 19.360124202354228 ], [ -99.084431243416915, 19.359840279599595 ], [ -99.084368199055405, 19.359759215959997 ] ], [ [ -99.082329934410566, 19.357781772512848 ], [ -99.082374620286899, 19.357818119039521 ], [ -99.082784829599234, 19.358151773159882 ], [ -99.082374620286913, 19.357818119039521 ], [ -99.082329934410566, 19.357781772512848 ] ], [ [ -99.082824516526358, 19.354533651777498 ], [ -99.082781439133242, 19.354621301295243 ], [ -99.082824516526358, 19.354533651777498 ], [ -99.082824516526358, 19.354533651777498 ] ], [ [ -99.082701974325374, 19.32747429305779 ], [ -99.08237247020385, 19.329310649515939 ], [ -99.082701974325374, 19.32747429305779 ], [ -99.082701974325374, 19.32747429305779 ] ], [ [ -99.085009265588738, 19.324124868009228 ], [ -99.08484870043435, 19.3240967840329 ], [ -99.083376041224668, 19.323839198515163 ], [ -99.083376041131487, 19.323839199023034 ], [ -99.0848487, 19.324096784000027 ], [ -99.085009265588738, 19.324124868009228 ] ], [ [ -99.121339593726049, 19.373225743807481 ], [ -99.121339593562183, 19.373225743780967 ], [ -99.121330048240281, 19.37327112680541 ], [ -99.121339593726049, 19.373225743807481 ] ], [ [ -99.130985942044163, 19.362701236677832 ], [ -99.130985942186527, 19.362701236692356 ], [ -99.131297348437684, 19.360963202946706 ], [ -99.130985942044163, 19.362701236677832 ] ], [ [ -99.130132350359489, 19.362488249757714 ], [ -99.130126063277075, 19.362348862254478 ], [ -99.13012606324024, 19.362348862234601 ], [ -99.130132350359489, 19.362488249757714 ] ], [ [ -99.128197624870253, 19.360390937591806 ], [ -99.128628136633608, 19.360618876470301 ], [ -99.128672493392799, 19.360534872468477 ], [ -99.12862813663321, 19.360618875663089 ], [ -99.128197624870253, 19.360390937591806 ] ], [ [ -99.133212976499294, 19.369998899845612 ], [ -99.132881872762638, 19.369962384686893 ], [ -99.132506317442406, 19.369920967431405 ], [ -99.131945956941976, 19.369859167880289 ], [ -99.131421522763176, 19.369801329674253 ], [ -99.131945956942403, 19.369859168684968 ], [ -99.132506317442846, 19.369920968236077 ], [ -99.132881872763065, 19.369962385491572 ], [ -99.133212976499294, 19.369998899845612 ] ], [ [ -99.130889227799344, 19.36974262131708 ], [ -99.129874930148333, 19.369630748587944 ], [ -99.13088922779977, 19.369742622121851 ], [ -99.131421522763176, 19.369801329674253 ], [ -99.130889227799344, 19.36974262131708 ] ], [ [ -99.120480756746943, 19.375271482125598 ], [ -99.120888760942279, 19.37535289443797 ], [ -99.121291742759453, 19.375441234426443 ], [ -99.120888760941881, 19.37535289363473 ], [ -99.120480756746943, 19.375271482125598 ] ], [ [ -99.094645318, 19.330121292999955 ], [ -99.093969985097559, 19.329932499972255 ], [ -99.094645317510384, 19.330121293438793 ], [ -99.095072013155772, 19.330255718373078 ], [ -99.094645318, 19.330121292999955 ] ], [ [ -99.092228406290573, 19.32914239394675 ], [ -99.092237817361635, 19.329099984060999 ], [ -99.092237817, 19.329099984000027 ], [ -99.092228406290573, 19.32914239394675 ] ], [ [ -99.091164292915636, 19.331813915395511 ], [ -99.091164292996112, 19.331813914999341 ], [ -99.089829247869218, 19.331589034106528 ], [ -99.091164292915636, 19.331813915395511 ] ], [ [ -99.089230431971444, 19.334172313094143 ], [ -99.089712452142095, 19.331569360023899 ], [ -99.089712452, 19.331569359999968 ], [ -99.089230431971444, 19.334172313094143 ] ], [ [ -99.089219192097602, 19.334233006473006 ], [ -99.089219192452148, 19.334233006531825 ], [ -99.089230431971444, 19.334172313094143 ], [ -99.089219192097602, 19.334233006473006 ] ], [ [ -99.088784019192659, 19.332305414876696 ], [ -99.088862145982446, 19.332318005086726 ], [ -99.088862146, 19.332318004999987 ], [ -99.088784019192659, 19.332305414876696 ] ], [ [ -99.087907044, 19.332164087 ], [ -99.087855777362705, 19.332155825067851 ], [ -99.087907044116108, 19.332164087036634 ], [ -99.088784019192659, 19.332305414876696 ], [ -99.087907044, 19.332164087 ] ], [ [ -99.086963643457239, 19.332012049476859 ], [ -99.08731554039538, 19.332068761459702 ], [ -99.086963643535256, 19.332012049086252 ], [ -99.086963643457239, 19.332012049476859 ] ], [ [ -99.096223982000012, 19.32741818800001 ], [ -99.096228959764261, 19.327420919159131 ], [ -99.096223981666199, 19.327418187642756 ], [ -99.096031013813814, 19.327538619377197 ], [ -99.096223982000012, 19.32741818800001 ] ], [ [ -99.095312012971632, 19.327100738572408 ], [ -99.095180099767205, 19.32718941658808 ], [ -99.094838810416093, 19.327400261932052 ], [ -99.0951801, 19.327189416999978 ], [ -99.095312013, 19.327100738999953 ], [ -99.095579091202822, 19.3273763091875 ], [ -99.095312012971632, 19.327100738572408 ] ], [ [ -99.094416935, 19.327666443000016 ], [ -99.094667888131312, 19.327507434052311 ], [ -99.094416934600659, 19.32766644296597 ], [ -99.094362136539459, 19.32768691215432 ], [ -99.094416935, 19.327666443000016 ] ], [ [ -99.0939218, 19.327790753000013 ], [ -99.093938979779821, 19.327789967475397 ], [ -99.093921800381665, 19.327790752937815 ], [ -99.093850567276263, 19.327780928868727 ], [ -99.0939218, 19.327790753000013 ] ], [ [ -99.093364620010874, 19.327660455577341 ], [ -99.093220148151957, 19.327595237748586 ], [ -99.093133495930076, 19.327529502821545 ], [ -99.093220148, 19.327595238 ], [ -99.09336462, 19.327660456000018 ], [ -99.093492038675052, 19.327708030728409 ], [ -99.093364620010874, 19.327660455577341 ] ], [ [ -99.093123118059992, 19.327460535338158 ], [ -99.093082532, 19.327490841000028 ], [ -99.093082532205713, 19.327490841156095 ], [ -99.093123118059992, 19.327460535338158 ] ], [ [ -99.09317878100002, 19.327418971000039 ], [ -99.093138545698281, 19.327449015378278 ], [ -99.093178781125772, 19.327418971199528 ], [ -99.093205432088936, 19.32741227604054 ], [ -99.09317878100002, 19.327418971000039 ] ], [ [ -99.093302167, 19.326687641000031 ], [ -99.093371802217831, 19.32670347029935 ], [ -99.093302167075024, 19.326687640625746 ], [ -99.093225649494201, 19.326666941813514 ], [ -99.093302167, 19.326687641000031 ] ], [ [ -99.093090415733258, 19.326783974161856 ], [ -99.093090416, 19.326783974 ], [ -99.093135223, 19.326732683999989 ], [ -99.093158062948135, 19.326685828839825 ], [ -99.093135222576478, 19.32673268365426 ], [ -99.093090415733258, 19.326783974161856 ] ], [ [ -99.092912112308881, 19.326763889935958 ], [ -99.092898993304104, 19.326725070998865 ], [ -99.092900503426876, 19.326681852861405 ], [ -99.09289899300002, 19.326725071 ], [ -99.092912112, 19.32676389 ], [ -99.092934606708639, 19.326782759723493 ], [ -99.092912112308881, 19.326763889935958 ] ], [ [ -99.092621029, 19.326270121000022 ], [ -99.092638172778621, 19.326282626183453 ], [ -99.092621028585313, 19.326270120655725 ], [ -99.092483436031458, 19.326204898734016 ], [ -99.092352732378004, 19.326159260743811 ], [ -99.092274255103646, 19.326143618114262 ], [ -99.092352732, 19.326159261000026 ], [ -99.092483436, 19.326204899 ], [ -99.092621029, 19.326270121000022 ] ], [ [ -99.092184210000013, 19.326129964999957 ], [ -99.09220693949085, 19.326131914702195 ], [ -99.092184210138583, 19.326129964716117 ], [ -99.092161821408496, 19.326128043949712 ], [ -99.092184210000013, 19.326129964999957 ] ], [ [ -99.092008821140141, 19.326120259521417 ], [ -99.091946921079156, 19.326120290739286 ], [ -99.091888428882854, 19.326064822232539 ], [ -99.091946921, 19.326120290999967 ], [ -99.092008821, 19.326120260000017 ], [ -99.092047738235493, 19.326120239883721 ], [ -99.092008821140141, 19.326120259521417 ] ], [ [ -99.091829936942631, 19.326009353911957 ], [ -99.091829937, 19.326009354000021 ], [ -99.091888428882854, 19.326064822232539 ], [ -99.091829936942631, 19.326009353911957 ] ], [ [ -99.085755545, 19.324255311000023 ], [ -99.087685613674608, 19.324588052216974 ], [ -99.085755545319202, 19.32425531069098 ], [ -99.085739293940151, 19.324252508879702 ], [ -99.085755545, 19.324255311000023 ] ], [ [ -99.095862023786722, 19.32998339390285 ], [ -99.095861391, 19.32998579500001 ], [ -99.095860128582586, 19.329990585238665 ], [ -99.095861390870468, 19.32998579549821 ], [ -99.095862023786722, 19.32998339390285 ] ], [ [ -99.087334071537924, 19.33015758792412 ], [ -99.087162393451464, 19.33101705939966 ], [ -99.087334072, 19.330157587999988 ], [ -99.087334071537924, 19.33015758792412 ] ], [ [ -99.085288466260067, 19.329410514395803 ], [ -99.085287762862578, 19.329415130316814 ], [ -99.085359902940041, 19.329402327527312 ], [ -99.085359903, 19.329402326999958 ], [ -99.085287763, 19.32941513 ], [ -99.085288466260067, 19.329410514395803 ] ], [ [ -99.072939231151381, 19.327726169481618 ], [ -99.0728389643876, 19.328255280612964 ], [ -99.072939231151381, 19.327726169481711 ], [ -99.072949648756392, 19.327671195226362 ], [ -99.072939231151381, 19.327726169481618 ] ], [ [ -99.075152413635792, 19.328062204341943 ], [ -99.075152413656355, 19.328062204035376 ], [ -99.072949648756392, 19.327671195226362 ], [ -99.075152413635792, 19.328062204341943 ] ], [ [ -99.070849317550511, 19.32547386941479 ], [ -99.072267048335945, 19.325700048578852 ], [ -99.075275569879437, 19.32622605760989 ], [ -99.075184730112838, 19.327580401053321 ], [ -99.075275570366472, 19.326226057460484 ], [ -99.072267048890851, 19.325700048227265 ], [ -99.070849317550511, 19.32547386941479 ] ], [ [ -99.073104089978514, 19.321881883657909 ], [ -99.073138045935266, 19.321771401978658 ], [ -99.073138045935238, 19.321771401978662 ], [ -99.073104089978514, 19.321881883657909 ] ], [ [ -99.077079039957553, 19.312349421497469 ], [ -99.077291402324647, 19.312501879181614 ], [ -99.077079039957553, 19.312349421497469 ], [ -99.077079039957553, 19.312349421497469 ] ], [ [ -99.076681896256062, 19.312377667634905 ], [ -99.076395546789939, 19.312153769528216 ], [ -99.076056359167538, 19.311888555618118 ], [ -99.076395546789939, 19.312153769528308 ], [ -99.076681896256062, 19.312377667634905 ] ], [ [ -99.079189929676645, 19.346168409995897 ], [ -99.078687228007539, 19.346107542094707 ], [ -99.079189929676645, 19.34616840999599 ], [ -99.079562472383685, 19.346213517122706 ], [ -99.079189929676645, 19.346168409995897 ] ], [ [ -99.077863662532181, 19.346007820407028 ], [ -99.077924409701751, 19.345650019614233 ], [ -99.07798200339559, 19.345310791336786 ], [ -99.077924409701751, 19.345650019614233 ], [ -99.077863662532181, 19.346007820407028 ] ], [ [ -99.083376518811704, 19.345157232713614 ], [ -99.082947154838266, 19.345288656785005 ], [ -99.083376518811932, 19.345157233110712 ], [ -99.083532168842595, 19.345073940899319 ], [ -99.083376518811704, 19.345157232713614 ] ], [ [ -99.082234453843256, 19.345374130618783 ], [ -99.081694839401365, 19.345373292415434 ], [ -99.082234453843668, 19.345374131412896 ], [ -99.082423336292621, 19.345404762568702 ], [ -99.082234453843256, 19.345374130618783 ] ], [ [ -99.067669117173409, 19.328620255823587 ], [ -99.067669117173409, 19.328620255823587 ], [ -99.067618930057108, 19.3285857115388 ], [ -99.067669117173409, 19.328620255823587 ] ], [ [ -99.067608953003713, 19.328512142196075 ], [ -99.067584189647476, 19.328459169915408 ], [ -99.06761331730317, 19.328423335320871 ], [ -99.067584189647476, 19.328459169915408 ], [ -99.067608953003713, 19.328512142196075 ] ], [ [ -99.069113658494771, 19.326997459291942 ], [ -99.069370668484382, 19.326671461247191 ], [ -99.069113658304872, 19.326997459258305 ], [ -99.067816786461364, 19.328632818343095 ], [ -99.069113658494771, 19.326997459291942 ] ], [ [ -99.023647850286793, 19.327231528286688 ], [ -99.023395485076193, 19.326957269813878 ], [ -99.02315514445776, 19.326696077910164 ], [ -99.023395485076179, 19.326957269813878 ], [ -99.023647850286793, 19.327231528286688 ] ], [ [ -99.024285911184251, 19.322538734132078 ], [ -99.024036354471889, 19.32277655865623 ], [ -99.024285911184251, 19.322538734132078 ], [ -99.024285911184251, 19.322538734132078 ] ], [ [ -99.022696863616389, 19.321246179802063 ], [ -99.023849096590055, 19.322110503311031 ], [ -99.02421524277355, 19.322469454564018 ], [ -99.023849097, 19.322110503 ], [ -99.022696863616389, 19.321246179802063 ] ], [ [ -99.024202382338402, 19.327893357226827 ], [ -99.024018259258057, 19.327393376403286 ], [ -99.024202382338387, 19.327893357226827 ], [ -99.024242419682523, 19.328002077028618 ], [ -99.024202382338402, 19.327893357226827 ] ], [ [ -99.05499817336262, 19.362908432780578 ], [ -99.055019448338584, 19.362811475479941 ], [ -99.054560263491737, 19.362777209938756 ], [ -99.05501944833857, 19.362811475479941 ], [ -99.05499817336262, 19.362908432780578 ] ], [ [ -99.055883649430484, 19.359015398499011 ], [ -99.056132325845795, 19.359087434733315 ], [ -99.055883649430484, 19.359015398499011 ], [ -99.055458460593016, 19.358903450376097 ], [ -99.055883649430484, 19.359015398499011 ] ], [ [ -99.058513508542646, 19.363247777221424 ], [ -99.058372724698813, 19.363232772297426 ], [ -99.058513508542632, 19.363247777221424 ], [ -99.058821771061702, 19.363280631848973 ], [ -99.058513508542646, 19.363247777221424 ] ], [ [ -99.064240261664665, 19.344070457654755 ], [ -99.064075272406185, 19.344086117269146 ], [ -99.063062718444144, 19.343855514178244 ], [ -99.064075272406185, 19.344086117269235 ], [ -99.064240261664665, 19.344070457654755 ] ], [ [ -99.046194665282471, 19.325116169932816 ], [ -99.046397805979467, 19.325082820837082 ], [ -99.046534134715159, 19.325060439957905 ], [ -99.046794685256103, 19.325017665475382 ], [ -99.046890024900421, 19.325002013503859 ], [ -99.047186728297007, 19.324953303175999 ], [ -99.047220964289906, 19.324947682558758 ], [ -99.047558620160061, 19.324892248300447 ], [ -99.047220964182799, 19.324947682342888 ], [ -99.047186728179028, 19.324953302938162 ], [ -99.046890024688324, 19.32500201307635 ], [ -99.046794685013779, 19.325017664986881 ], [ -99.046534134390157, 19.325060439302874 ], [ -99.046397805611235, 19.325082820094849 ], [ -99.046194665282471, 19.325116169932816 ] ], [ [ -99.035193413000016, 19.32200631799995 ], [ -99.035151409, 19.322000285999984 ], [ -99.03515140861542, 19.322000286458753 ], [ -99.035193413198812, 19.322006318430905 ], [ -99.035235417891172, 19.322012350408592 ], [ -99.035235417979621, 19.32201234999706 ], [ -99.035193413000016, 19.32200631799995 ] ], [ [ -99.035236569477689, 19.322006992000912 ], [ -99.035251500359138, 19.321937517596744 ], [ -99.035337166771953, 19.321782786294317 ], [ -99.0352515, 19.32193751799997 ], [ -99.035236569477689, 19.322006992000912 ] ], [ [ -99.035443623066499, 19.321662294250309 ], [ -99.035603178267934, 19.321505374341406 ], [ -99.035443623, 19.321662293999985 ], [ -99.035337166771953, 19.321782786294317 ], [ -99.035443623066499, 19.321662294250309 ] ], [ [ -99.03595224, 19.321084835000029 ], [ -99.035797535, 19.321295627999977 ], [ -99.03579604418718, 19.321297507291998 ], [ -99.035797534984965, 19.321295628025833 ], [ -99.035952240128537, 19.321084835087298 ], [ -99.035998682303187, 19.321010843457408 ], [ -99.03595224, 19.321084835000029 ] ], [ [ -99.038225151129794, 19.316142445858606 ], [ -99.03818916500002, 19.31617011499997 ], [ -99.038064098, 19.316369459999969 ], [ -99.037992233, 19.316567173 ], [ -99.037962146933481, 19.316764935641416 ], [ -99.037992233153687, 19.31656717289685 ], [ -99.038064098044941, 19.316369459994629 ], [ -99.038189165334629, 19.316170114828733 ], [ -99.038225151129794, 19.316142445858606 ] ], [ [ -99.045254971649058, 19.321495279125678 ], [ -99.045281817737589, 19.32145912119578 ], [ -99.045254971649058, 19.321495279125585 ], [ -99.045228125548718, 19.321531437051412 ], [ -99.045254971649058, 19.321495279125678 ] ], [ [ -99.042539751507775, 19.321949946272213 ], [ -99.042903860430158, 19.322033148173748 ], [ -99.042982757, 19.321795761 ], [ -99.04290386, 19.322033147999974 ], [ -99.04253975200001, 19.321949945999982 ], [ -99.04264491, 19.32148767800004 ], [ -99.042628063152577, 19.32144768891462 ], [ -99.042644909824332, 19.321487677863072 ], [ -99.042539751507775, 19.321949946272213 ] ], [ [ -99.042500783771786, 19.32115159907281 ], [ -99.042503989393069, 19.321157152038911 ], [ -99.042500784, 19.321151599 ], [ -99.042419082765136, 19.32107601295036 ], [ -99.042500783771786, 19.32115159907281 ] ], [ [ -99.042042930425211, 19.321388954248043 ], [ -99.042194242453704, 19.320868000184234 ], [ -99.04204293, 19.321388953999971 ], [ -99.041974085090985, 19.321625981565049 ], [ -99.042042930425211, 19.321388954248043 ] ], [ [ -99.041917427928666, 19.32177407884496 ], [ -99.041930145702153, 19.321777259932801 ], [ -99.041930145704129, 19.321777259925963 ], [ -99.041917427928666, 19.32177407884496 ] ], [ [ -99.04143188866918, 19.320809986196547 ], [ -99.041390133920927, 19.320976343950925 ], [ -99.041431889, 19.320809986 ], [ -99.041241525482135, 19.320697569743956 ], [ -99.04143188866918, 19.320809986196547 ] ], [ [ -99.041075962, 19.320599798 ], [ -99.040901651, 19.320473916 ], [ -99.040901570493361, 19.320458490223846 ], [ -99.040901650976807, 19.320473916039667 ], [ -99.041075962492883, 19.32059979843098 ], [ -99.041102814184754, 19.320615655405977 ], [ -99.041075962, 19.320599798 ] ], [ [ -99.036910110736585, 19.319911881969919 ], [ -99.036976416225485, 19.319941749496074 ], [ -99.036976416225485, 19.319941749496071 ], [ -99.036910110736585, 19.319911881969919 ] ], [ [ -99.043155601092295, 19.317872137736892 ], [ -99.043134512936135, 19.31785365689618 ], [ -99.043091641651955, 19.31781608614795 ], [ -99.043134513, 19.317853657 ], [ -99.043155601092295, 19.317872137736892 ] ], [ [ -99.042915863000019, 19.31766204 ], [ -99.042915863440513, 19.317662040386043 ], [ -99.043306794, 19.317441788000025 ], [ -99.042915863000019, 19.31766204 ] ], [ [ -99.040581369, 19.315514314000016 ], [ -99.040500178109795, 19.315438932954827 ], [ -99.040581369068704, 19.315514314385361 ], [ -99.040674463914598, 19.315600747803035 ], [ -99.040581369, 19.315514314000016 ] ], [ [ -99.043553293, 19.314005337999962 ], [ -99.043950954, 19.314300442000022 ], [ -99.044191899000012, 19.314481684 ], [ -99.043950954, 19.314300442000022 ], [ -99.043553293, 19.314005337999962 ] ], [ [ -99.039147000906624, 19.385432348858462 ], [ -99.039162903425577, 19.385407229042563 ], [ -99.039147000852196, 19.385432348827052 ], [ -99.039147000906624, 19.385432348858462 ] ], [ [ -99.041849363876722, 19.381823034527137 ], [ -99.04184936358655, 19.381823034370946 ], [ -99.041433615472428, 19.382354567469942 ], [ -99.04135514322293, 19.38306572833126 ], [ -99.041784591822974, 19.383090738462212 ], [ -99.041355143625168, 19.383065728053182 ], [ -99.04143361556666, 19.382354567489077 ], [ -99.041849363876722, 19.381823034527137 ] ], [ [ -99.040585271506515, 19.381123918868258 ], [ -99.041613858401234, 19.381693427457975 ], [ -99.040585271978756, 19.381123918914337 ], [ -99.040753519220729, 19.3808261621685 ], [ -99.040585271506515, 19.381123918868258 ] ], [ [ -99.038158941297453, 19.380804477098838 ], [ -99.037784460406741, 19.380219399635227 ], [ -99.038158941137596, 19.380804476945517 ], [ -99.038393675105539, 19.381120150895516 ], [ -99.038158941297453, 19.380804477098838 ] ], [ [ -99.040164070307085, 19.372934964477238 ], [ -99.039991022106236, 19.37306436941439 ], [ -99.039476640637332, 19.373934729618735 ], [ -99.039209955688904, 19.374364221872199 ], [ -99.039174739211859, 19.374425417250212 ], [ -99.039209955570357, 19.374364222159162 ], [ -99.039476640872564, 19.373934729322627 ], [ -99.039991022125676, 19.373064369518048 ], [ -99.040164070307085, 19.372934964477238 ] ], [ [ -99.037937550535474, 19.376578229064947 ], [ -99.037937550535474, 19.376578229064947 ], [ -99.037850364529334, 19.37654506586971 ], [ -99.037937550535474, 19.376578229064947 ] ], [ [ -99.037164777717464, 19.37793251425585 ], [ -99.037159091033743, 19.37794263635994 ], [ -99.037078826679604, 19.37813013374948 ], [ -99.03707256427677, 19.378157330014293 ], [ -99.037078826848273, 19.378130133557672 ], [ -99.037159091056779, 19.377942636331568 ], [ -99.037164777717464, 19.37793251425585 ] ], [ [ -99.042512407527354, 19.377713282616991 ], [ -99.043881884886616, 19.375400563504044 ], [ -99.043759550190273, 19.37531367587053 ], [ -99.043881884617491, 19.375400563454583 ], [ -99.042512406913744, 19.37771328307397 ], [ -99.041745536713975, 19.379071691743668 ], [ -99.041699257544963, 19.379149820972458 ], [ -99.041745537134588, 19.379071692023548 ], [ -99.042512407527354, 19.377713282616991 ] ], [ [ -99.042426154890563, 19.383611740091379 ], [ -99.042331564206776, 19.383728157926754 ], [ -99.041470980912479, 19.384805139388153 ], [ -99.04144552444356, 19.384836885289925 ], [ -99.041470981477232, 19.384805139533434 ], [ -99.042331564831287, 19.383728158186525 ], [ -99.042426155623957, 19.383611740177557 ], [ -99.042426154890563, 19.383611740091379 ] ], [ [ -99.039148236933428, 19.38338244825345 ], [ -99.039153864387387, 19.383377082514816 ], [ -99.039210724458599, 19.383322978567911 ], [ -99.039153864634812, 19.383377082220871 ], [ -99.039148236933428, 19.38338244825345 ] ], [ [ -99.041961224614454, 19.383101024990484 ], [ -99.041961223893495, 19.383101024948502 ], [ -99.041935065343992, 19.383554030374231 ], [ -99.042028200838303, 19.383564975130753 ], [ -99.041935065737874, 19.383554030372515 ], [ -99.041961224614454, 19.383101024990484 ] ], [ [ -99.033154127, 19.326035469000015 ], [ -99.03310274788862, 19.326036900680993 ], [ -99.033154126724256, 19.326035469334084 ], [ -99.03345408977755, 19.326027112468033 ], [ -99.033154127, 19.326035469000015 ] ], [ [ -99.02754662291116, 19.3247413910074 ], [ -99.027701909278861, 19.324727291465113 ], [ -99.027771676756117, 19.324602061376552 ], [ -99.027701909, 19.324727291 ], [ -99.02754662291116, 19.3247413910074 ] ], [ [ -99.02754638, 19.324883078 ], [ -99.027423552619084, 19.324863194754471 ], [ -99.02754638029549, 19.324883078427323 ], [ -99.02754662291116, 19.3247413910074 ], [ -99.02754638, 19.324883078 ] ], [ [ -99.027089291816267, 19.324791081018663 ], [ -99.026880316, 19.324738986000039 ], [ -99.026769997, 19.324711247000021 ], [ -99.026721230181764, 19.324691971358359 ], [ -99.026769996704928, 19.324711247420034 ], [ -99.026880315928906, 19.324738986423359 ], [ -99.027089291816267, 19.324791081018663 ] ], [ [ -99.025689126137067, 19.32400280738236 ], [ -99.025911309539552, 19.324163284246055 ], [ -99.0261200764416, 19.324314070211315 ], [ -99.02591131, 19.324163284 ], [ -99.025689126137067, 19.32400280738236 ] ], [ [ -99.025057613759614, 19.323091886031111 ], [ -99.025371668923896, 19.323316996958567 ], [ -99.025559259775051, 19.323451459247273 ], [ -99.025328299554928, 19.32374219117256 ], [ -99.025541789272168, 19.323896389757675 ], [ -99.0253283, 19.323742190999972 ], [ -99.02555926, 19.323451458999987 ], [ -99.025371669, 19.323316997000038 ], [ -99.025057614, 19.323091886 ], [ -99.024916357543972, 19.322990634911935 ], [ -99.025057613759614, 19.323091886031111 ] ], [ [ -99.032662542004346, 19.326050117062888 ], [ -99.032877950835129, 19.326043163061144 ], [ -99.032892759493038, 19.326042750531162 ], [ -99.032877951, 19.326043163000019 ], [ -99.032662542000011, 19.326050116999987 ], [ -99.032435009, 19.326057461999955 ], [ -99.032060734, 19.326077675 ], [ -99.031941898466926, 19.326085006896882 ], [ -99.032060733553337, 19.326077675338983 ], [ -99.032435009484331, 19.326057462174472 ], [ -99.032662542004346, 19.326050117062888 ] ], [ [ -99.031737639, 19.326098244999969 ], [ -99.03166600472936, 19.326090374826325 ], [ -99.031737638842728, 19.326098245116487 ], [ -99.031941898466926, 19.326085006896882 ], [ -99.031737639, 19.326098244999969 ] ], [ [ -99.027283139408354, 19.327387073394149 ], [ -99.027343378906536, 19.327163382105827 ], [ -99.027283139408354, 19.327387073394107 ], [ -99.027283139408354, 19.327387073394149 ] ], [ [ -99.030071841901275, 19.325582359259368 ], [ -99.030299135042128, 19.325647597376129 ], [ -99.030353084485228, 19.3256630820003 ], [ -99.030299135000021, 19.325647597 ], [ -99.030071841901275, 19.325582359259368 ] ], [ [ -99.030399349709555, 19.32567636107709 ], [ -99.030548163657556, 19.325707691178703 ], [ -99.03069271780457, 19.325749473531523 ], [ -99.030548164, 19.325707690999984 ], [ -99.03039935, 19.325676361000038 ], [ -99.030353084485228, 19.3256630820003 ], [ -99.030399349709555, 19.32567636107709 ] ], [ [ -99.030641589666004, 19.32582230656886 ], [ -99.030641590180281, 19.325822306743166 ], [ -99.03069271780457, 19.325749473531523 ], [ -99.030641589666004, 19.32582230656886 ] ], [ [ -99.029815458877167, 19.325547328966557 ], [ -99.029795669841661, 19.325541943086616 ], [ -99.029815458622409, 19.325547328944662 ], [ -99.029815458877167, 19.325547328966557 ] ], [ [ -99.02895661300002, 19.325280786999969 ], [ -99.028634068893041, 19.325164524730916 ], [ -99.028956613128287, 19.325280787210698 ], [ -99.029133573427202, 19.32534457301114 ], [ -99.02895661300002, 19.325280786999969 ] ], [ [ -99.02822414494311, 19.32501676478784 ], [ -99.028200473073341, 19.324928505460083 ], [ -99.02822414452946, 19.325016764638733 ], [ -99.02822414494311, 19.32501676478784 ] ], [ [ -99.031403063, 19.326050853000012 ], [ -99.031245723093292, 19.326017601921709 ], [ -99.03140306304438, 19.326050853402709 ], [ -99.03146343549254, 19.326063612190641 ], [ -99.031403063, 19.326050853000012 ] ], [ [ -99.030749825, 19.325858992000036 ], [ -99.030725971959725, 19.325850907295159 ], [ -99.030749824782689, 19.325858992016254 ], [ -99.030904388555129, 19.325911736417396 ], [ -99.030749825, 19.325858992000036 ] ], [ [ -99.028817720222676, 19.344391658872958 ], [ -99.029363165286426, 19.344342543330004 ], [ -99.02953868812358, 19.344326836229968 ], [ -99.029363165290093, 19.344342543329642 ], [ -99.028817720222676, 19.344391658872958 ] ], [ [ -99.027920971807973, 19.344487314359803 ], [ -99.028214904103152, 19.344456843782442 ], [ -99.028506238948708, 19.344425079586337 ], [ -99.028214904103123, 19.344456843782442 ], [ -99.027920971807973, 19.344487314359803 ] ], [ [ -98.989356218293352, 19.334738532132917 ], [ -98.989662376431312, 19.334815031085341 ], [ -98.989887964640431, 19.334906821338667 ], [ -98.989662376431312, 19.334815031085252 ], [ -98.989356218293352, 19.334738532132917 ] ], [ [ -98.988696950666977, 19.335305365159108 ], [ -98.989068168844668, 19.335351967460408 ], [ -98.989279280561988, 19.335378469832506 ], [ -98.989068168844668, 19.335351967460308 ], [ -98.988696950666977, 19.335305365159108 ] ], [ [ -98.987238455891969, 19.336701515329409 ], [ -98.987238455891969, 19.336701515329409 ], [ -98.987287292674409, 19.336510484330844 ], [ -98.987238455891969, 19.336701515329409 ] ], [ [ -98.987397870293407, 19.336077944853315 ], [ -98.987397870293421, 19.33607794485324 ], [ -98.987209333282763, 19.335967135904369 ], [ -98.987397870293407, 19.336077944853315 ] ], [ [ -98.98828331936906, 19.331150147052956 ], [ -98.989174191130004, 19.326822020942121 ], [ -98.989352872149269, 19.325953905919089 ], [ -98.989174191130004, 19.326822020942025 ], [ -98.98828331936906, 19.331150147052956 ] ], [ [ -98.976601073549205, 19.333112676274066 ], [ -98.976726261255365, 19.332412412723905 ], [ -98.976726261255351, 19.332412412723905 ], [ -98.976601073549205, 19.333112676274066 ] ], [ [ -98.978694320635114, 19.332548801793749 ], [ -98.978621900924779, 19.332957577533449 ], [ -98.978694320635128, 19.332548801793752 ], [ -98.978694320635114, 19.332548801793749 ] ], [ [ -98.979652226111085, 19.332729612903293 ], [ -98.979216984108604, 19.332652946551615 ], [ -98.979216984108604, 19.332652946551704 ], [ -98.979652226111085, 19.332729612903293 ] ], [ [ -98.978885657442049, 19.330598883806555 ], [ -98.978812867887669, 19.330612611079754 ], [ -98.978885657442049, 19.330598883806644 ], [ -98.979011541681174, 19.330566109719495 ], [ -98.978885657442049, 19.330598883806555 ] ], [ [ -98.994317166687765, 19.360734111456889 ], [ -98.994269841617566, 19.361631191004072 ], [ -98.994591832154626, 19.36165147921411 ], [ -98.994269841617566, 19.361631191004072 ], [ -98.994317166687765, 19.360734111456889 ] ], [ [ -98.998256094807317, 19.363859920003978 ], [ -98.998021743866772, 19.363848232229561 ], [ -98.997855960280646, 19.363839963928644 ], [ -98.998021743866772, 19.363848232229561 ], [ -98.998256094807317, 19.363859920003978 ] ] ] ] } },
{ "type": "Feature", "properties": { "id": 1321.0, "entidad": 9, "distrito_f": 5, "distrito_l": 19, "municipio": 13, "seccion": 4132, "tipo": 2, "control": 36269.0, "SECCION_TX": "4132", "SECCION__1": null, "SECCION__2": null, "SECCION_N": "4132", "ESTATUS": null, "ALCALDIA_N": "XOCHIMILCO" }, "geometry": { "type": "MultiPolygon", "coordinates": [ [ [ [ -99.107512822476039, 19.192765943155276 ], [ -99.107582165636487, 19.192501719783419 ], [ -99.10744941921908, 19.191471484905687 ], [ -99.107350446791514, 19.188922178920663 ], [ -99.107513558727547, 19.188064382469868 ], [ -99.107577755634509, 19.185712223892349 ], [ -99.107798998765944, 19.183876022602938 ], [ -99.107811637469069, 19.18193427014937 ], [ -99.106991207459885, 19.180859047689282 ], [ -99.106923074518832, 19.180983905301844 ], [ -99.106863228079987, 19.180919895833192 ], [ -99.100596832676587, 19.172054390837509 ], [ -99.113907804962764, 19.159212524436185 ], [ -99.130496153964842, 19.143204639916512 ], [ -99.129394003028011, 19.154634826669795 ], [ -99.125319061866719, 19.156990869646453 ], [ -99.124011798857296, 19.161838339254821 ], [ -99.124887905987691, 19.164745675902431 ], [ -99.124015319138977, 19.166546461333819 ], [ -99.124819006399207, 19.167937568257575 ], [ -99.125256043009514, 19.170007460596501 ], [ -99.125038359803895, 19.171046115894057 ], [ -99.124093249594651, 19.173331634642974 ], [ -99.123002033510645, 19.174994015632063 ], [ -99.123221638848477, 19.176517059297925 ], [ -99.121475120303813, 19.178526098471497 ], [ -99.120457054634926, 19.180673099574772 ], [ -99.121768999397219, 19.181987740852744 ], [ -99.123517976360461, 19.183232851163854 ], [ -99.124402441174439, 19.184638176991346 ], [ -99.124538916877597, 19.184686127465035 ], [ -99.122851182702234, 19.189283670552612 ], [ -99.122756138464723, 19.189357968301263 ], [ -99.122967907037264, 19.189978324017954 ], [ -99.122950963422326, 19.190288358361073 ], [ -99.122745362933884, 19.190810632816063 ], [ -99.122702609635439, 19.191055416386043 ], [ -99.122848956806749, 19.191552986864551 ], [ -99.122823528711223, 19.192001721293753 ], [ -99.12294408576615, 19.192458516416615 ], [ -99.123260192158213, 19.19269546717474 ], [ -99.124192146119768, 19.193997923775925 ], [ -99.12432799155323, 19.194317720911585 ], [ -99.124680382498639, 19.194741723485489 ], [ -99.125230397020474, 19.195320601933584 ], [ -99.125191936778705, 19.195561303772671 ], [ -99.126631036815709, 19.196314309689473 ], [ -99.127184191327387, 19.195727189469594 ], [ -99.127888602215123, 19.195938813333637 ], [ -99.128817542070024, 19.196303442949045 ], [ -99.129947004396982, 19.196703429017482 ], [ -99.129272508047265, 19.197679445094391 ], [ -99.129199740755823, 19.197977517475234 ], [ -99.129152698895737, 19.198344689876624 ], [ -99.129272692681354, 19.198393749685916 ], [ -99.129418946461556, 19.198271068597808 ], [ -99.129465364672257, 19.198443112637602 ], [ -99.129390222928365, 19.198555685846248 ], [ -99.1290603939335, 19.199371060330837 ], [ -99.129153930096962, 19.199796893089449 ], [ -99.129317307256898, 19.200074166594884 ], [ -99.129489342594312, 19.200441177208116 ], [ -99.129505221617407, 19.200554418820648 ], [ -99.129513631851779, 19.200658844965709 ], [ -99.129523934897605, 19.200751175350781 ], [ -99.129507379226197, 19.201542560403837 ], [ -99.129474638955529, 19.20181295041353 ], [ -99.129444327624441, 19.202064707165466 ], [ -99.129413522949335, 19.202317682985189 ], [ -99.129392360062099, 19.20246995470638 ], [ -99.129302369580472, 19.202937806409679 ], [ -99.129710431092846, 19.20300230120522 ], [ -99.13029973480144, 19.203164428539043 ], [ -99.130050008480509, 19.203904974118068 ], [ -99.130222143907218, 19.203920896146485 ], [ -99.130449818854927, 19.203971884699829 ], [ -99.130564382017923, 19.203999413629663 ], [ -99.130587623690644, 19.204004998472382 ], [ -99.130764507865976, 19.204047852470691 ], [ -99.130875515478593, 19.204123972371178 ], [ -99.131019671402598, 19.204262570625584 ], [ -99.131126639229635, 19.204430514296593 ], [ -99.131197869001795, 19.204564093175808 ], [ -99.131230716941118, 19.204697122433586 ], [ -99.131233964714099, 19.204801621759355 ], [ -99.131273106200908, 19.204889507494915 ], [ -99.131318441764648, 19.205008647008579 ], [ -99.131357642276996, 19.20517077096158 ], [ -99.131437986670491, 19.205352401800727 ], [ -99.131518281553483, 19.205471516192109 ], [ -99.131623256669897, 19.205594520107212 ], [ -99.131752915193061, 19.205725320778527 ], [ -99.132043077630783, 19.205984945985904 ], [ -99.132215974769878, 19.206182138889755 ], [ -99.132308599801746, 19.206289522194741 ], [ -99.132438290685528, 19.206459395114525 ], [ -99.132481571094218, 19.206578535798101 ], [ -99.132524900072667, 19.20675823922922 ], [ -99.132551744806932, 19.206896928156773 ], [ -99.132528655054486, 19.207068570526072 ], [ -99.132514948052588, 19.20717046414434 ], [ -99.132484176583787, 19.207264261029238 ], [ -99.1324123622842, 19.207465537668849 ], [ -99.132344652884257, 19.207657043121799 ], [ -99.132357083750577, 19.207772298809484 ], [ -99.132404486723132, 19.207903158345989 ], [ -99.132474520082141, 19.208045723345482 ], [ -99.132534225929845, 19.208131640273269 ], [ -99.132653559492056, 19.208205792213484 ], [ -99.132742035427043, 19.208266290953972 ], [ -99.132768800640207, 19.208305344335155 ], [ -99.132799702291166, 19.208373699288462 ], [ -99.132799857536952, 19.208567109352934 ], [ -99.132804205677402, 19.208860151917897 ], [ -99.132806386027738, 19.209014487744358 ], [ -99.132806520899251, 19.209182500516047 ], [ -99.13279428719278, 19.209313403123801 ], [ -99.132796439315285, 19.209432573480267 ], [ -99.132829441577542, 19.209555628759013 ], [ -99.132858291729789, 19.209629846091953 ], [ -99.132911830516804, 19.209717720985378 ], [ -99.132924265081172, 19.209836883049004 ], [ -99.132899653356205, 19.209918953683939 ], [ -99.132854451783302, 19.209969781863414 ], [ -99.132875036900245, 19.209995164234595 ], [ -99.132932658934905, 19.21004591703965 ], [ -99.133031394761716, 19.210077103614942 ], [ -99.133152721957174, 19.210071154609995 ], [ -99.13325141063136, 19.210043731967261 ], [ -99.133325399561855, 19.209988976309059 ], [ -99.133389057254846, 19.209873665367102 ], [ -99.13419062921335, 19.209437426267954 ], [ -99.136622487488822, 19.209444006753902 ], [ -99.136657177244345, 19.209650314027076 ], [ -99.136839297736387, 19.210414659680652 ], [ -99.137832786188596, 19.211852437035155 ], [ -99.137858888678736, 19.21408085369875 ], [ -99.139190747794629, 19.214488755318794 ], [ -99.141555446697424, 19.215212950544494 ], [ -99.143426540941192, 19.21578595184091 ], [ -99.145543187439245, 19.216434122802365 ], [ -99.146823341753162, 19.216826124211916 ], [ -99.149742669883238, 19.217720023345912 ], [ -99.149774576342935, 19.217729792801762 ], [ -99.149807214278212, 19.21773978622166 ], [ -99.155125953162667, 19.219368238431485 ], [ -99.153637612216144, 19.222850853537146 ], [ -99.153584677041948, 19.222974940006313 ], [ -99.15355009400237, 19.223055794094602 ], [ -99.152818993115233, 19.224766534257625 ], [ -99.15277725411687, 19.224864378921566 ], [ -99.15274489754286, 19.224939915725123 ], [ -99.149837709819394, 19.231741782459782 ], [ -99.149798127852776, 19.231496235387002 ], [ -99.149223973868686, 19.23133032497131 ], [ -99.149094444015248, 19.231181764669596 ], [ -99.148975916658799, 19.231206081455607 ], [ -99.14885296811498, 19.231180966989076 ], [ -99.148699777933913, 19.231065773769291 ], [ -99.148569520844504, 19.230954176789282 ], [ -99.148301329122191, 19.230974818773241 ], [ -99.14807302180229, 19.230910747349075 ], [ -99.147730617408797, 19.230824354874194 ], [ -99.147567522203275, 19.230803158019533 ], [ -99.147229190459086, 19.230695432972311 ], [ -99.146890046324899, 19.230636600478054 ], [ -99.146795386803348, 19.230699846529447 ], [ -99.146734578817814, 19.230740474878882 ], [ -99.146585655043978, 19.230927940193681 ], [ -99.146158129718117, 19.230877672259052 ], [ -99.146147696970544, 19.230699914212714 ], [ -99.146055401175786, 19.230692577147 ], [ -99.146009000304986, 19.230617964921905 ], [ -99.145833928599771, 19.230609428479813 ], [ -99.145715167451513, 19.230692396306967 ], [ -99.145629751245963, 19.230718220944848 ], [ -99.145661055531065, 19.230828452773874 ], [ -99.14543007933753, 19.230865599458415 ], [ -99.14548036642033, 19.231247933445772 ], [ -99.145597249302355, 19.231408255043668 ], [ -99.145620867504149, 19.231541719191267 ], [ -99.145570847942636, 19.231679489479465 ], [ -99.146112008281392, 19.231707402740646 ], [ -99.146182034490351, 19.231711013210212 ], [ -99.146225933357883, 19.231738297624251 ], [ -99.146793327971267, 19.231812569309543 ], [ -99.146893262570686, 19.231825650511912 ], [ -99.146982294078668, 19.231898254833968 ], [ -99.14704528218266, 19.232025963532791 ], [ -99.146807879133362, 19.232541287784588 ], [ -99.14669119264002, 19.233373626904072 ], [ -99.146684969460196, 19.233418017378153 ], [ -99.147048702896925, 19.233367857084186 ], [ -99.147001488996153, 19.233473444131711 ], [ -99.146967836117653, 19.233647554910519 ], [ -99.147012881389287, 19.23376784573351 ], [ -99.147001860456939, 19.233890906837754 ], [ -99.146952152653753, 19.234019396888698 ], [ -99.146938495065243, 19.234035832073236 ], [ -99.146891719008636, 19.234092121122618 ], [ -99.146801061682893, 19.234193601840122 ], [ -99.146815353906263, 19.234271697264802 ], [ -99.14682311793068, 19.234314121337427 ], [ -99.146763168233278, 19.234287553830018 ], [ -99.146559545432254, 19.234196918507937 ], [ -99.146379413834651, 19.234157961869588 ], [ -99.146243067725209, 19.234172733590551 ], [ -99.146037307473435, 19.234246211678478 ], [ -99.145867581559955, 19.234336767401818 ], [ -99.145757859419177, 19.234331812086076 ], [ -99.145725277161034, 19.234330340580165 ], [ -99.145574282705041, 19.234339444614722 ], [ -99.145481728046875, 19.234415275837929 ], [ -99.145389134590275, 19.234447118725111 ], [ -99.145319670664193, 19.234449617663721 ], [ -99.145219298551623, 19.234413040362579 ], [ -99.145100899595562, 19.234356926927415 ], [ -99.145021122984218, 19.234334995968378 ], [ -99.144923362410765, 19.234342404756728 ], [ -99.144830764600272, 19.234369359774437 ], [ -99.144779342538214, 19.234408501170677 ], [ -99.144748502993352, 19.234447626282563 ], [ -99.144717629244141, 19.234516414772067 ], [ -99.144574350435605, 19.234580815813718 ], [ -99.144006638440672, 19.233514703230814 ], [ -99.143613427760471, 19.232619138936204 ], [ -99.143075341329521, 19.230790980374774 ], [ -99.143006743729927, 19.230536231825727 ], [ -99.142985544728091, 19.23035139215424 ], [ -99.142985544702498, 19.230351392340221 ], [ -99.143006743730297, 19.230536232237917 ], [ -99.143075341329876, 19.230790980786882 ], [ -99.143613427760826, 19.232619139348031 ], [ -99.144006638441027, 19.233514703642651 ], [ -99.14457435043596, 19.234580816225371 ], [ -99.144604548668283, 19.234637525375661 ], [ -99.146237912793509, 19.237803263721712 ], [ -99.147016989901729, 19.239313199441622 ], [ -99.147319325292898, 19.239893113133238 ], [ -99.14750724347239, 19.240253559249574 ], [ -99.147326671766635, 19.24044508656123 ], [ -99.147133688212946, 19.240428135219759 ], [ -99.146917518067241, 19.240376989171406 ], [ -99.146760522789748, 19.240323351640619 ], [ -99.146624091351313, 19.240247703359191 ], [ -99.146503045447503, 19.24011339160754 ], [ -99.146392284856717, 19.23997174016597 ], [ -99.146305758904148, 19.239827623347917 ], [ -99.146253003961149, 19.239583288239913 ], [ -99.146184560717643, 19.239403522416019 ], [ -99.146108696851982, 19.239329248880935 ], [ -99.145985176358238, 19.239304909482222 ], [ -99.145725342173705, 19.239336885827822 ], [ -99.145092223148652, 19.239470226970415 ], [ -99.144665504721289, 19.239560111705149 ], [ -99.143904078280457, 19.239734221234734 ], [ -99.144066735796557, 19.240894973262026 ], [ -99.144136674009957, 19.241394059151624 ], [ -99.144203326286487, 19.241869693345265 ], [ -99.144140298292314, 19.242124065857954 ], [ -99.144080055902705, 19.242342422105317 ], [ -99.144086119751861, 19.242487624976881 ], [ -99.14410355786039, 19.242905190438023 ], [ -99.144180664921009, 19.243562948962975 ], [ -99.144239782618868, 19.24409076013508 ], [ -99.144191120321935, 19.244361263947646 ], [ -99.14417991060283, 19.244700037597479 ], [ -99.144078192556108, 19.244665659767314 ], [ -99.143731064894268, 19.244552864021554 ], [ -99.1434405114979, 19.244509380377242 ], [ -99.142280968622998, 19.24409502533404 ], [ -99.142252068280627, 19.243936593266845 ], [ -99.142154097313693, 19.243734503254295 ], [ -99.141975658625213, 19.243614434864561 ], [ -99.141728243545856, 19.243559987118847 ], [ -99.141712720471716, 19.243611787927801 ], [ -99.141697343525976, 19.24368266984197 ], [ -99.141679362149873, 19.243716896869429 ], [ -99.141602198426085, 19.243746282104865 ], [ -99.141192984472411, 19.243614633393506 ], [ -99.140508583098764, 19.243622491454712 ], [ -99.140382526275033, 19.243621052827145 ], [ -99.140081825416232, 19.244207742436995 ], [ -99.140035265067368, 19.244260348184454 ], [ -99.138888888888914, 19.245555555583991 ], [ -99.139188880372657, 19.2460085776904 ], [ -99.139329090939654, 19.246220310953884 ], [ -99.140131194773971, 19.247431562636134 ], [ -99.140368599115803, 19.247897928537387 ], [ -99.140788231628889, 19.248213100811395 ], [ -99.141770475283394, 19.248950823394289 ], [ -99.141739655385209, 19.249191460515238 ], [ -99.141764284148692, 19.249465247553559 ], [ -99.141733373320747, 19.249623236561845 ], [ -99.141702457010268, 19.249774906964269 ], [ -99.141534247430883, 19.250158365686016 ], [ -99.14131284487037, 19.25057767074021 ], [ -99.141155548781668, 19.250758925404451 ], [ -99.140903022154006, 19.251089793530195 ], [ -99.140672611586524, 19.251351139682722 ], [ -99.140482049571546, 19.251532419333135 ], [ -99.140468838782255, 19.251644058100588 ], [ -99.140422347314455, 19.251736766606321 ], [ -99.140375846837685, 19.251818944104443 ], [ -99.140198591580372, 19.252002319445999 ], [ -99.140183141455751, 19.252088685499697 ], [ -99.140141188716171, 19.252303550073549 ], [ -99.140145763506837, 19.25246783019352 ], [ -99.140181324544727, 19.25256047576362 ], [ -99.14017917309026, 19.252638406821504 ], [ -99.140148240495677, 19.252773227333208 ], [ -99.140103969760148, 19.252870146448771 ], [ -99.140055313717241, 19.253026042514687 ], [ -99.139948930688277, 19.253101947125426 ], [ -99.139909159339723, 19.253274685954427 ], [ -99.139802811768362, 19.253392714454446 ], [ -99.139734096483082, 19.253430678550508 ], [ -99.139665381166083, 19.253468642620891 ], [ -99.139550305138542, 19.253755173640709 ], [ -99.139484070781748, 19.254104853349595 ], [ -99.139484346723421, 19.254431314127228 ], [ -99.139395848022076, 19.254677806963009 ], [ -99.139453706922069, 19.254913657246508 ], [ -99.139551655249818, 19.255351672098747 ], [ -99.139782663710804, 19.255787479052689 ], [ -99.139960355802998, 19.256113804115117 ], [ -99.140040308983941, 19.25625064589088 ], [ -99.140160118240203, 19.256313740117459 ], [ -99.14037086035907, 19.256385189309078 ], [ -99.140552803075863, 19.256492465774791 ], [ -99.140617184560782, 19.256572451871342 ], [ -99.140717166085864, 19.256789313515522 ], [ -99.14080605934501, 19.257006183633784 ], [ -99.140810559466317, 19.257082003340667 ], [ -99.140757377619281, 19.257132593050432 ], [ -99.140615499965847, 19.257197994340487 ], [ -99.140475841702127, 19.257265500015496 ], [ -99.140418208140019, 19.257297137252767 ], [ -99.140280810399815, 19.257415189823341 ], [ -99.140214363176653, 19.257514232127313 ], [ -99.140176747949283, 19.25761535851359 ], [ -99.140154667421044, 19.257729110183728 ], [ -99.140176948368421, 19.257851252656479 ], [ -99.140261336228434, 19.257985984706455 ], [ -99.140381254359156, 19.258175450623732 ], [ -99.140541064892361, 19.258333292827196 ], [ -99.140787422764276, 19.258556360457604 ], [ -99.140940573670818, 19.258705782631743 ], [ -99.141060421073462, 19.258811000185862 ], [ -99.141251210797606, 19.258886676107167 ], [ -99.141384328825538, 19.258949759222602 ], [ -99.141584098242802, 19.259151799772312 ], [ -99.141814865780319, 19.259294842505081 ], [ -99.141948227192415, 19.259640155620275 ], [ -99.142032628298679, 19.259787523994113 ], [ -99.14224120513353, 19.259913733815019 ], [ -99.142245709635091, 19.25999376585176 ], [ -99.14230793370858, 19.260141151336192 ], [ -99.142387892622679, 19.260280098197683 ], [ -99.142428386763783, 19.26094562531636 ], [ -99.142353222882292, 19.26122370198928 ], [ -99.142140796805037, 19.261779903494116 ], [ -99.142234349968604, 19.26225161910061 ], [ -99.142276593248539, 19.26244097149317 ], [ -99.142354796939074, 19.26320840362694 ], [ -99.142459721458621, 19.263400017987305 ], [ -99.142432105709389, 19.263967848071651 ], [ -99.14249863495769, 19.264079416727188 ], [ -99.142451102274023, 19.265253895298667 ], [ -99.142609572664753, 19.265314435078771 ], [ -99.142788530429982, 19.265428342425285 ], [ -99.143192321128154, 19.265520234885976 ], [ -99.143343227881942, 19.265697253473288 ], [ -99.143448334559977, 19.266095122248057 ], [ -99.143359250295077, 19.266468312594608 ], [ -99.143345358236132, 19.266562915032857 ], [ -99.143227116356741, 19.267337679783694 ], [ -99.143150478403314, 19.267357152050565 ], [ -99.143142664232172, 19.267430332495259 ], [ -99.143082704219736, 19.267991861510524 ], [ -99.143011358810682, 19.268557208107676 ], [ -99.142992489470927, 19.268706729590264 ], [ -99.142978248894323, 19.268819572371768 ], [ -99.142964485190575, 19.268928636252664 ], [ -99.142906665789184, 19.269386796860939 ], [ -99.143357743841719, 19.269514826504039 ], [ -99.143168826469733, 19.269794406956233 ], [ -99.143105931535629, 19.270129214077688 ], [ -99.142913268113929, 19.270382012234585 ], [ -99.142880330551733, 19.270407388176213 ], [ -99.142511142380869, 19.270691820072809 ], [ -99.142512064873088, 19.270782585950982 ], [ -99.142513565456937, 19.270916017035969 ], [ -99.142475119761073, 19.271096279274413 ], [ -99.142443546415478, 19.271323436561808 ], [ -99.14247548143473, 19.27151478442504 ], [ -99.142299846888562, 19.273008710538019 ], [ -99.142074951718527, 19.273956423507801 ], [ -99.141973377941625, 19.27466768421451 ], [ -99.141954759466358, 19.274852923446815 ], [ -99.14193188404515, 19.275080515396176 ], [ -99.1419169124799, 19.275198067145322 ], [ -99.141872031850298, 19.275550453923675 ], [ -99.141850266754602, 19.275725910233621 ], [ -99.141844159779779, 19.275775140700755 ], [ -99.141651450018998, 19.277328626795001 ], [ -99.141626237122537, 19.27753187271162 ], [ -99.141563459842203, 19.278037930065796 ], [ -99.14151249371622, 19.2784487736239 ], [ -99.141465713865571, 19.278825869375567 ], [ -99.14147068583631, 19.278944996928889 ], [ -99.141444150018856, 19.279207082987849 ], [ -99.141414913447051, 19.279415947209113 ], [ -99.141367028250116, 19.27975803489451 ], [ -99.141187795991982, 19.281011789732023 ], [ -99.141157986386787, 19.281220310272392 ], [ -99.141117684764339, 19.281860469034612 ], [ -99.141055767437919, 19.282293404248215 ], [ -99.141041484461269, 19.28240034909583 ], [ -99.141025851651946, 19.282502579091879 ], [ -99.14053662533631, 19.282430511678051 ], [ -99.139837213471537, 19.282344306881217 ], [ -99.138943072025356, 19.282234821533194 ], [ -99.137680531421225, 19.282207680892409 ], [ -99.135636823441715, 19.282368783975961 ], [ -99.13440163886672, 19.282619840688479 ], [ -99.13198661225195, 19.283295208082418 ], [ -99.130379689677909, 19.283744071439525 ], [ -99.129575855843541, 19.283968658903067 ], [ -99.129240182674323, 19.284062427082386 ], [ -99.128603023433442, 19.284240411502022 ], [ -99.128249386100748, 19.284339195628444 ], [ -99.127938598030624, 19.284426009691416 ], [ -99.127543949707842, 19.284536496439397 ], [ -99.125149969888696, 19.28520669967703 ], [ -99.125023777380463, 19.285242005488769 ], [ -99.124935386347403, 19.28526103207081 ], [ -99.124449966176527, 19.285365520185554 ], [ -99.122334033002772, 19.286199949592326 ], [ -99.117949060665822, 19.288053945054351 ], [ -99.115936140282287, 19.288947791985517 ], [ -99.114679076107365, 19.289506097487855 ], [ -99.113911078955425, 19.289849171247162 ], [ -99.113911078898397, 19.289849171043478 ], [ -99.112930601, 19.290269067000029 ], [ -99.110512440502788, 19.291309615572771 ], [ -99.110388632608036, 19.291357907823851 ], [ -99.110318398780635, 19.29138530259279 ], [ -99.107950954489482, 19.29239690860966 ], [ -99.106104794659146, 19.293028791128553 ], [ -99.105756119627912, 19.293148129807125 ], [ -99.105632922052322, 19.293190295334071 ], [ -99.104574073238695, 19.293620271471095 ], [ -99.10381921561337, 19.293926798085447 ], [ -99.102933877229447, 19.294311395455111 ], [ -99.102439979020772, 19.294513716180603 ], [ -99.101433264516288, 19.294920590356973 ], [ -99.101315230552729, 19.294957912119681 ], [ -99.101328290073369, 19.295200573660431 ], [ -99.10133791940234, 19.295375060138966 ], [ -99.101354013089889, 19.295630129575105 ], [ -99.101277082402376, 19.296404054039449 ], [ -99.101256758478499, 19.296674275414709 ], [ -99.10117019146027, 19.296747827715588 ], [ -99.101086778698615, 19.29790380335103 ], [ -99.101009795048029, 19.298622086397355 ], [ -99.100897024595952, 19.300015493754334 ], [ -99.100454010523549, 19.304623484558963 ], [ -99.100276073746642, 19.306457304176611 ], [ -99.10025312968645, 19.306715357108018 ], [ -99.099971039702496, 19.30988797139555 ], [ -99.099886214709414, 19.310847966150007 ], [ -99.099838786082799, 19.311382533510297 ], [ -99.099803369679393, 19.311781709047281 ], [ -99.099637141953593, 19.313655223375058 ], [ -99.099531169931581, 19.314849587643764 ], [ -99.09940151349717, 19.316310865326656 ], [ -99.099360397343972, 19.316776296578482 ], [ -99.099254996986929, 19.317962131753816 ], [ -99.09903252204461, 19.320469400426305 ], [ -99.098781452643848, 19.320493984338565 ], [ -99.098889886135211, 19.32032774144367 ], [ -99.098814416608533, 19.319787646894813 ], [ -99.098728328941036, 19.319441191504247 ], [ -99.098749523362883, 19.31898257442349 ], [ -99.098727888347, 19.318707422756152 ], [ -99.097975815219385, 19.317647939541786 ], [ -99.097535331325048, 19.317046892507008 ], [ -99.097223751801337, 19.316588453061478 ], [ -99.096815513610963, 19.316048534451166 ], [ -99.096546966446311, 19.315742939550162 ], [ -99.095698327204516, 19.314714071291409 ], [ -99.095547947790919, 19.314551090232111 ], [ -99.094409271868727, 19.313145291429791 ], [ -99.092395558314777, 19.310616880529913 ], [ -99.090885059329622, 19.308720237587483 ], [ -99.090447826248777, 19.308171219637995 ], [ -99.089949948441472, 19.307546046476038 ], [ -99.089717344821466, 19.307253969601312 ], [ -99.089394474598748, 19.306848544075237 ], [ -99.089128744929184, 19.306514867531867 ], [ -99.088800805763668, 19.306103072147934 ], [ -99.088057149061214, 19.305169247575485 ], [ -99.087717061109672, 19.304742187754492 ], [ -99.087656314330559, 19.304678610634241 ], [ -99.087202473187872, 19.30420362170759 ], [ -99.087056424309964, 19.304050766511605 ], [ -99.086874775265898, 19.303841594147475 ], [ -99.08662836088503, 19.303557842103562 ], [ -99.086599295865668, 19.303524372952403 ], [ -99.086342378386433, 19.303228524767245 ], [ -99.08610508902126, 19.302955277665728 ], [ -99.085858641176074, 19.302671482950608 ], [ -99.085612194181536, 19.302387687890704 ], [ -99.085502725956246, 19.302261629764946 ], [ -99.085312453678895, 19.302035162353906 ], [ -99.085077401025401, 19.301755394935366 ], [ -99.084812849072961, 19.30144051496378 ], [ -99.08454827996033, 19.301125657267939 ], [ -99.084029389620895, 19.300508001796587 ], [ -99.083783884555146, 19.300215786323662 ], [ -99.083545018669071, 19.299931471891576 ], [ -99.083393171735636, 19.299750732658701 ], [ -99.083241850663157, 19.299592843075072 ], [ -99.083119820378911, 19.299465515412912 ], [ -99.082557521761061, 19.29881909733032 ], [ -99.082281504276537, 19.298501785315043 ], [ -99.080416289219187, 19.296296407470884 ], [ -99.080009491087353, 19.295795450701913 ], [ -99.079730669770385, 19.295452090313447 ], [ -99.079233612403414, 19.294839973886553 ], [ -99.07900713051913, 19.294561063897628 ], [ -99.078701948486511, 19.294185233569902 ], [ -99.078084638767422, 19.293425012500666 ], [ -99.077894046594295, 19.293190295099972 ], [ -99.077811122506034, 19.293088032007685 ], [ -99.076982866349596, 19.292066606336256 ], [ -99.076908531567128, 19.29197744961639 ], [ -99.076066867309152, 19.290968616160669 ], [ -99.075330259747176, 19.2900789160452 ], [ -99.075041558810128, 19.289693190224359 ], [ -99.074501200414957, 19.289327671363026 ], [ -99.072433441333047, 19.287928930957154 ], [ -99.072183944257262, 19.287696525167334 ], [ -99.072035634785593, 19.287572491599445 ], [ -99.07141140698063, 19.287050436573754 ], [ -99.069094011018208, 19.284839888918082 ], [ -99.068901928288767, 19.284688017314188 ], [ -99.068490345289888, 19.284414672599752 ], [ -99.065938598674265, 19.282813685655608 ], [ -99.064555280956242, 19.28194809771329 ], [ -99.062787105825933, 19.281313283464062 ], [ -99.059747400832464, 19.280221910099854 ], [ -99.059409618391072, 19.280100464831424 ], [ -99.058924950309077, 19.279926971187177 ], [ -99.058518018326183, 19.279796864019069 ], [ -99.058021930359146, 19.2796450779481 ], [ -99.057654286719696, 19.279545587525966 ], [ -99.057440881499573, 19.279483626267403 ], [ -99.056744093353927, 19.279409409797118 ], [ -99.055233218874505, 19.279338358540542 ], [ -99.054716858484809, 19.279314072999867 ], [ -99.054434592425068, 19.279237142231555 ], [ -99.053762970283515, 19.278978570429658 ], [ -99.053225881995729, 19.278754976158513 ], [ -99.05249109920625, 19.278449076488556 ], [ -99.051929767963301, 19.278141176556005 ], [ -99.050661088930056, 19.277402187064482 ], [ -99.049148416139204, 19.276464236518802 ], [ -99.048865819123392, 19.276305002803927 ], [ -99.048229969857715, 19.275919475026676 ], [ -99.047938554772728, 19.275793781033869 ], [ -99.047258614410993, 19.275592725045474 ], [ -99.047199372132752, 19.275571270416744 ], [ -99.04610181505339, 19.275173784926903 ], [ -99.045386544909206, 19.274914037878538 ], [ -99.044353398441373, 19.274604057157301 ], [ -99.041788218930918, 19.273870999252939 ], [ -99.041558644479167, 19.273845897452873 ], [ -99.041103866646949, 19.273619613030153 ], [ -99.040896338385224, 19.273481311809658 ], [ -99.040419485607202, 19.2732424535393 ], [ -99.040291424934168, 19.273108326392897 ], [ -99.038394612893384, 19.272002338189807 ], [ -99.037692128215454, 19.271808605467402 ], [ -99.037421448612918, 19.271718536796559 ], [ -99.037302820615395, 19.271679100101078 ], [ -99.037272074195101, 19.271668868646543 ], [ -99.037160961380408, 19.271654717827285 ], [ -99.03586393697843, 19.270601901665 ], [ -99.034424203271954, 19.268519412643364 ], [ -99.033601575900022, 19.267630050971945 ], [ -99.032642188971664, 19.266778704827939 ], [ -99.032550494049218, 19.266697335345608 ], [ -99.030539674558113, 19.264441351595117 ], [ -99.030535459429544, 19.264422584455414 ], [ -99.030242444791909, 19.263117976015668 ], [ -99.029602676387256, 19.262510606869938 ], [ -99.029514939508914, 19.262488944595844 ], [ -99.026938897771018, 19.261852897424028 ], [ -99.0267926416591, 19.261816784277023 ], [ -99.026741368575671, 19.261831904304199 ], [ -99.026278761494211, 19.261968322701112 ], [ -99.026130173444784, 19.262012139597079 ], [ -99.025833224695035, 19.262229136743869 ], [ -99.022314999509462, 19.261361779986586 ], [ -99.021012810867404, 19.261058197253838 ], [ -99.020321765662374, 19.260935225092535 ], [ -99.020281764652083, 19.260928106788562 ], [ -99.01973351318847, 19.261101730759929 ], [ -99.018796840920899, 19.260754701431981 ], [ -99.017540331981238, 19.260255829735591 ], [ -99.016649362572423, 19.259952175986545 ], [ -99.01661181599205, 19.259926123411965 ], [ -99.016239070267829, 19.259667484188807 ], [ -99.016055364375731, 19.259540014542281 ], [ -99.015453951899886, 19.259213703522946 ], [ -99.015415686373643, 19.259192941516577 ], [ -99.014524724699427, 19.258867581870977 ], [ -99.013905931932484, 19.258583283292101 ], [ -99.013816521308598, 19.258542204158061 ], [ -99.013580701767111, 19.258399143286368 ], [ -99.012994085532313, 19.258043267786562 ], [ -99.012532065777378, 19.257560673532339 ], [ -99.012308703793849, 19.257327363431802 ], [ -99.012200977494032, 19.257175266476956 ], [ -99.011982257181486, 19.256866457872171 ], [ -99.01173975288367, 19.256699704713625 ], [ -99.011794087266949, 19.2564574892642 ], [ -99.011834314145659, 19.256278162720637 ], [ -99.011848421490896, 19.2562152737924 ], [ -99.011739770259439, 19.256071373348377 ], [ -99.011705243731555, 19.256025645473439 ], [ -99.011628040089747, 19.255923394748972 ], [ -99.011530644627982, 19.255794401168238 ], [ -99.01148132293298, 19.255757601670847 ], [ -99.01129650356404, 19.255619705497811 ], [ -99.011271644230831, 19.255606509790614 ], [ -99.011250168934041, 19.255595110376344 ], [ -99.011216106257336, 19.255577029380788 ], [ -99.010761150985459, 19.255335531095433 ], [ -99.010701300110753, 19.2553037610578 ], [ -99.009721751595691, 19.25441318235557 ], [ -99.007043445900223, 19.251574185755839 ], [ -99.007381533742176, 19.250912455470168 ], [ -99.007436234144777, 19.25080539127422 ], [ -99.007477194350727, 19.250725220436205 ], [ -99.007516021335576, 19.250683590138458 ], [ -99.008358572597089, 19.249780199329866 ], [ -99.008373864813038, 19.24976380275492 ], [ -99.008415002595044, 19.249719694100293 ], [ -99.008939436021961, 19.249157384446114 ], [ -99.008963761355375, 19.249131302130557 ], [ -99.00898530158878, 19.249108206069028 ], [ -99.009125620275881, 19.248957752090341 ], [ -99.009159611960342, 19.248921305111139 ], [ -99.009599644633781, 19.248449485866082 ], [ -99.009653617477738, 19.2483916139341 ], [ -99.009735458924226, 19.248303860016815 ], [ -99.009929820785771, 19.248095456349652 ], [ -99.01026851327633, 19.247732293026957 ], [ -99.010307178294241, 19.247690834284928 ], [ -99.010843626477794, 19.247115622260434 ], [ -99.010886181527255, 19.247069991935152 ], [ -99.01110610195596, 19.246834178211753 ], [ -99.011138027157287, 19.24679994574916 ], [ -99.011631774218671, 19.246270512638741 ], [ -99.011692052162132, 19.246205877722566 ], [ -99.012066685569195, 19.245804163707316 ], [ -99.012107234250891, 19.245760683774826 ], [ -99.012640263869443, 19.245189118638361 ], [ -99.012717173887964, 19.245106647931955 ], [ -99.012957739588686, 19.244848688293597 ], [ -99.013003577161939, 19.24479953633811 ], [ -99.013506696812854, 19.244260034866894 ], [ -99.01355201296704, 19.244211441547563 ], [ -99.013781422139829, 19.243965441390856 ], [ -99.013822675522334, 19.243921204434592 ], [ -99.014098343925227, 19.243625597977513 ], [ -99.014153272921305, 19.243566695997458 ], [ -99.014396961433206, 19.243305380920528 ], [ -99.014677075634211, 19.24300500396734 ], [ -99.016212957336137, 19.241357993267069 ], [ -99.016238062749778, 19.241331070964488 ], [ -99.016252143784726, 19.241315970873941 ], [ -99.016847486037449, 19.24067753969528 ], [ -99.016918693789364, 19.240601177696185 ], [ -99.017023000625613, 19.240593048273986 ], [ -99.017099450348113, 19.240407336949488 ], [ -99.017139416938775, 19.240310250927582 ], [ -99.017342195617118, 19.240049115414745 ], [ -99.017253339066727, 19.239604659415573 ], [ -99.017436442918466, 19.239421394629737 ], [ -99.017797332178972, 19.238535169451136 ], [ -99.017950124335485, 19.238263488593301 ], [ -99.018287020037974, 19.237852512755708 ], [ -99.018436015724831, 19.237849357229912 ], [ -99.018738708016386, 19.238055049303153 ], [ -99.019149681354193, 19.238136768814012 ], [ -99.019202082454797, 19.238152455866974 ], [ -99.019457915274799, 19.238229047825516 ], [ -99.019591225079708, 19.238432118520862 ], [ -99.019611602495431, 19.238683824841857 ], [ -99.019509891592847, 19.238972449852415 ], [ -99.019316298827988, 19.239253351713788 ], [ -99.01925564765682, 19.239320554678518 ], [ -99.019353119501702, 19.239309743146862 ], [ -99.019502583909755, 19.239357561408042 ], [ -99.019653660287247, 19.239298909875242 ], [ -99.019821497153046, 19.239341909082913 ], [ -99.020127780392841, 19.239358594791092 ], [ -99.020422415041736, 19.239335096650425 ], [ -99.031743663068809, 19.224700975768755 ], [ -99.034441861902721, 19.223250930833153 ], [ -99.036339466828196, 19.22223238959447 ], [ -99.036908711536583, 19.221926747321003 ], [ -99.042296542361584, 19.219011413588795 ], [ -99.04555099893534, 19.217286364072926 ], [ -99.045708300557948, 19.217439357290182 ], [ -99.045740917744624, 19.217492181760274 ], [ -99.045773535960734, 19.217548649852183 ], [ -99.045777385177104, 19.217597837870731 ], [ -99.045767815336788, 19.217667069195695 ], [ -99.045748652951175, 19.217723550216437 ], [ -99.045720857419667, 19.217769102504878 ], [ -99.045689222995449, 19.217802813954858 ], [ -99.045644166451723, 19.21784563781328 ], [ -99.045590479266139, 19.217886641993882 ], [ -99.045544460761278, 19.217918535182687 ], [ -99.045496521176176, 19.217938587045818 ], [ -99.045453379846322, 19.217972301311253 ], [ -99.045415040016266, 19.218031519772467 ], [ -99.045380530770942, 19.218072519136857 ], [ -99.045355611289153, 19.218116248842218 ], [ -99.045326855431597, 19.21815724677197 ], [ -99.045294272927947, 19.218231038294373 ], [ -99.045285656265136, 19.218280229400698 ], [ -99.045281842350846, 19.218359479249592 ], [ -99.045282814975423, 19.218409578892256 ], [ -99.045304890251813, 19.218484267806062 ], [ -99.045326956309282, 19.218525253161793 ], [ -99.045371076959711, 19.218565322148063 ], [ -99.04541998590598, 19.218582617263252 ], [ -99.045466973794447, 19.21858807105172 ], [ -99.045506288684038, 19.218587150385339 ], [ -99.045547726712485, 19.218585877232801 ], [ -99.045673268178717, 19.218598332916045 ], [ -99.045719137733485, 19.21860288387369 ], [ -99.045846985873851, 19.218615568292076 ], [ -99.046007476938399, 19.218631491240284 ], [ -99.046152156595497, 19.218636462952954 ], [ -99.046291937863472, 19.218619829097001 ], [ -99.046474986422552, 19.218562742833829 ], [ -99.047274165429499, 19.218374375781757 ], [ -99.047371424844656, 19.218349973296696 ], [ -99.047317512104129, 19.218540283546503 ], [ -99.047248417713533, 19.218784183869037 ], [ -99.047134496981357, 19.219053681915643 ], [ -99.046960400788507, 19.219354089227529 ], [ -99.046821850698862, 19.219706027417406 ], [ -99.046778129931411, 19.219854564790928 ], [ -99.04673846342908, 19.219964277088586 ], [ -99.046666347043498, 19.220180271623569 ], [ -99.046540366429412, 19.220535495559375 ], [ -99.046435055162377, 19.22066059899629 ], [ -99.046297246167896, 19.220839440174679 ], [ -99.04621509817764, 19.220972936040351 ], [ -99.046151510165018, 19.22111398238895 ], [ -99.046066724810231, 19.221297846819134 ], [ -99.046273530417153, 19.221355717869685 ], [ -99.046302669053361, 19.22127008495918 ], [ -99.047053022823775, 19.221549436019369 ], [ -99.047116550821329, 19.221544390069756 ], [ -99.047159062361814, 19.221526743169825 ], [ -99.047233199262905, 19.221536804839193 ], [ -99.047302133483029, 19.221551897445099 ], [ -99.04741890681656, 19.221637485631014 ], [ -99.047450727139775, 19.221660142977885 ], [ -99.047466640558454, 19.221682804440945 ], [ -99.047503760307549, 19.221695386812051 ], [ -99.047559435232657, 19.2216978907664 ], [ -99.04762306144049, 19.221692837442173 ], [ -99.047681386792505, 19.221692822272146 ], [ -99.047752974453132, 19.221715469212388 ], [ -99.047798057155532, 19.22176078862644 ], [ -99.047888206585583, 19.221796022661771 ], [ -99.047914723234967, 19.22181364451702 ], [ -99.047920032113353, 19.221836308713332 ], [ -99.047920045982991, 19.221884158277351 ], [ -99.047933309061932, 19.221909338790752 ], [ -99.048005083399119, 19.221936149213626 ], [ -99.048124202544344, 19.221944546323712 ], [ -99.048198429049222, 19.221924379625332 ], [ -99.048264695451635, 19.221881549409513 ], [ -99.048368075037956, 19.221828635782202 ], [ -99.048490011894927, 19.22177319878746 ], [ -99.048635814971561, 19.221737902563941 ], [ -99.048778966833183, 19.221702606930375 ], [ -99.048847723263719, 19.221667338747839 ], [ -99.048972537518154, 19.221825956807624 ], [ -99.049033543948127, 19.221926676420917 ], [ -99.049070687043425, 19.222017328812768 ], [ -99.049097202358155, 19.222029913700151 ], [ -99.049174079189953, 19.222007227498317 ], [ -99.049216487960919, 19.221974476933784 ], [ -99.049258896715074, 19.221941726359436 ], [ -99.049301315966773, 19.221944233347703 ], [ -99.049370244527182, 19.221939177989867 ], [ -99.049423254100233, 19.221893832529197 ], [ -99.049468319976171, 19.221881228375359 ], [ -99.04961119866455, 19.221948376316931 ], [ -99.049725513098011, 19.221984413077983 ], [ -99.049879280201381, 19.221984371279156 ], [ -99.050088707102773, 19.221936464576608 ], [ -99.050335233188775, 19.221833142684886 ], [ -99.050515487070555, 19.221752504329832 ], [ -99.050555252058288, 19.22174493816663 ], [ -99.050727607145589, 19.221843108057278 ], [ -99.050846921497836, 19.221883369353986 ], [ -99.05096358319939, 19.221918594514154 ], [ -99.051228723756381, 19.221999109309859 ], [ -99.051340080958767, 19.222026780518259 ], [ -99.051424928184929, 19.222059495898044 ], [ -99.051451442900969, 19.222069562046304 ], [ -99.051491225962579, 19.222119918832046 ], [ -99.051515100519751, 19.222165243286565 ], [ -99.051573458246594, 19.222268481189754 ], [ -99.051607939855046, 19.222321357839299 ], [ -99.051642415191893, 19.222354087299397 ], [ -99.051774982796829, 19.222384270659759 ], [ -99.051793546462903, 19.222401894198896 ], [ -99.051817419564998, 19.222442181816749 ], [ -99.051865153952591, 19.222484981075731 ], [ -99.051923486699252, 19.222507630134629 ], [ -99.052010986245307, 19.222542862886755 ], [ -99.052064010354826, 19.222545366223901 ], [ -99.05213559500983, 19.222555419458633 ], [ -99.052215136353766, 19.22257554398972 ], [ -99.052347698657655, 19.22258809815013 ], [ -99.0524166273904, 19.222583041646065 ], [ -99.052464343590984, 19.222567917600067 ], [ -99.052496154386503, 19.222557834895806 ], [ -99.052559783972796, 19.222562853448064 ], [ -99.052615462468921, 19.222575429455837 ], [ -99.052655240391545, 19.222608157200913 ], [ -99.052684408844897, 19.222625777600854 ], [ -99.052740091388813, 19.222650945559106 ], [ -99.052774554154695, 19.222643380441049 ], [ -99.052801056176264, 19.222613152029652 ], [ -99.052832865350084, 19.222598032471577 ], [ -99.052928316219479, 19.222625707297755 ], [ -99.052989301135327, 19.222650873648277 ], [ -99.053080200642924, 19.222709453419359 ], [ -99.053238236840883, 19.222746935125684 ], [ -99.053379055285006, 19.222751496418937 ], [ -99.053429427498017, 19.222751481735337 ], [ -99.05360959236971, 19.222743074075282 ], [ -99.05365435044844, 19.222695526057745 ], [ -99.053734381905514, 19.222637797499001 ], [ -99.053839985169333, 19.222561623283344 ], [ -99.053892655747518, 19.222549098608393 ], [ -99.053930835076031, 19.222519065321364 ], [ -99.053946613383971, 19.222445256465051 ], [ -99.053947899632504, 19.22235143717349 ], [ -99.053970273264341, 19.222311401180537 ], [ -99.053990008254701, 19.222256354936107 ], [ -99.054064515711985, 19.222210310276701 ], [ -99.054155140947287, 19.222143310755605 ], [ -99.054829050987593, 19.222166799886594 ], [ -99.054998683314807, 19.222040829141442 ], [ -99.055088721148678, 19.222030735671712 ], [ -99.055534208695363, 19.22201548361631 ], [ -99.055194018584444, 19.22117288899021 ], [ -99.054967533965694, 19.220826714352004 ], [ -99.054883094928357, 19.22073562315574 ], [ -99.054794839759722, 19.220706492287839 ], [ -99.054741120286792, 19.220691929703921 ], [ -99.054698907485147, 19.220666429688119 ], [ -99.054668196537392, 19.220615413607941 ], [ -99.054637407618046, 19.220476929280498 ], [ -99.05443006937044, 19.22015990910845 ], [ -99.054215227201283, 19.219908484043081 ], [ -99.054146124071565, 19.21978094134975 ], [ -99.054126910548334, 19.219689830505995 ], [ -99.054100027154462, 19.219609655906588 ], [ -99.053802742649509, 19.219396644657831 ], [ -99.052987111194042, 19.218789932379373 ], [ -99.052883475565238, 19.21865146518995 ], [ -99.052472712502905, 19.217911716998078 ], [ -99.052238539352558, 19.217485358483628 ], [ -99.052119511341772, 19.217197464088784 ], [ -99.051988947375193, 19.216825745652276 ], [ -99.051949917596374, 19.216662889929768 ], [ -99.051953875172288, 19.2166242150101 ], [ -99.052013252329331, 19.216043956936176 ], [ -99.051980137758036, 19.215886913378039 ], [ -99.051913770755334, 19.215674053672984 ], [ -99.051803268744408, 19.21551593469362 ], [ -99.051587525286365, 19.215255009596877 ], [ -99.051441640229996, 19.214956188255393 ], [ -99.05127655226083, 19.214591768226917 ], [ -99.051230459774757, 19.214420481954317 ], [ -99.058358199764356, 19.210563810483844 ], [ -99.058598490825545, 19.210669675447271 ], [ -99.058639076341635, 19.210687556151708 ], [ -99.059414850204135, 19.210987585119916 ], [ -99.059571786394997, 19.211048279340051 ], [ -99.059726004178529, 19.211128334091963 ], [ -99.059865774345937, 19.211228991844511 ], [ -99.060128480694601, 19.211512706194448 ], [ -99.060381522692296, 19.211718607122197 ], [ -99.060521286220464, 19.211798665957822 ], [ -99.060655368288451, 19.211865948033886 ], [ -99.060899602417052, 19.211988503768538 ], [ -99.061461055715256, 19.212274405384356 ], [ -99.062439926267956, 19.212785120640515 ], [ -99.062555692967734, 19.212821604307443 ], [ -99.062697463393775, 19.212866574476006 ], [ -99.062756117616416, 19.212866554402233 ], [ -99.062886293111475, 19.212844765316831 ], [ -99.062930158007262, 19.212827535891233 ], [ -99.062958761967224, 19.212816300708241 ], [ -99.06306174918538, 19.212766787357925 ], [ -99.063412616375999, 19.212494860456562 ], [ -99.063532750931401, 19.212404216903828 ], [ -99.063780652229497, 19.212230175060952 ], [ -99.063940831548777, 19.212110524675261 ], [ -99.064411838669372, 19.211771508452223 ], [ -99.064631147737074, 19.211651836671042 ], [ -99.065075504339887, 19.211455979221597 ], [ -99.065184211171029, 19.211412451655399 ], [ -99.065605682998623, 19.21123109736925 ], [ -99.065775418092457, 19.211163991089276 ], [ -99.065985206268138, 19.211089622080898 ], [ -99.066122527014059, 19.21105333181162 ], [ -99.066238877908816, 19.211033191689133 ], [ -99.066584093792429, 19.210973435001328 ], [ -99.066698520010874, 19.210924468341364 ], [ -99.066799585361849, 19.210853762008757 ], [ -99.066859550038672, 19.210801198182256 ], [ -99.066897677116017, 19.210773595971055 ], [ -99.066920321323792, 19.210800674823229 ], [ -99.066936910130764, 19.210828343363264 ], [ -99.066969343055376, 19.210844639869521 ], [ -99.067022760665154, 19.210868176855186 ], [ -99.067108606095047, 19.210895326034034 ], [ -99.067175372084108, 19.210909797891382 ], [ -99.06724022623365, 19.210913398190645 ], [ -99.067270186408209, 19.210906372454964 ], [ -99.067293070519426, 19.210889402011176 ], [ -99.067301243406121, 19.210862638699854 ], [ -99.067306936208567, 19.210790155041234 ], [ -99.067318322536224, 19.210646999760815 ], [ -99.067320198256283, 19.21056908138414 ], [ -99.0673471238715, 19.21056017482158 ], [ -99.069736375788906, 19.209770015812449 ], [ -99.070760772285439, 19.209431220818836 ], [ -99.071455002806758, 19.209413247182717 ], [ -99.071630484131305, 19.209411366656408 ], [ -99.071763996051118, 19.209395006082637 ], [ -99.072120701428034, 19.209438355034266 ], [ -99.076041228406325, 19.207410521833118 ], [ -99.07611623073258, 19.20737075338327 ], [ -99.076168533217157, 19.207109269998519 ], [ -99.076725334610856, 19.206698169474294 ], [ -99.076679378251498, 19.206511430361495 ], [ -99.076377899566083, 19.206405726482078 ], [ -99.076561228691133, 19.206081935542386 ], [ -99.076784044297781, 19.206125419305511 ], [ -99.077085499526788, 19.206181320305006 ], [ -99.077093818458621, 19.206729985382619 ], [ -99.0783045754049, 19.206716177568392 ], [ -99.077419547161043, 19.205869915627257 ], [ -99.076348814900683, 19.204705152432265 ], [ -99.076252564067119, 19.204600447800139 ], [ -99.075865478238526, 19.203567211930032 ], [ -99.07471074459697, 19.202604154299827 ], [ -99.074248089521774, 19.202319812690831 ], [ -99.075966671485958, 19.201321441629069 ], [ -99.080230417290267, 19.196330148558943 ], [ -99.080271814296978, 19.196352470931735 ], [ -99.080368642969859, 19.196418117191321 ], [ -99.080404608836545, 19.196444376893066 ], [ -99.080523648753967, 19.196636417365511 ], [ -99.080532005707411, 19.196759908376357 ], [ -99.080554159642944, 19.196869973788679 ], [ -99.080728448212284, 19.196980254103657 ], [ -99.080773947890179, 19.197035539536206 ], [ -99.080718043916008, 19.197201323717941 ], [ -99.080822519433681, 19.197445836707605 ], [ -99.080947847155528, 19.19765068221373 ], [ -99.081142775369102, 19.197914984168758 ], [ -99.081370317362854, 19.198103836884115 ], [ -99.081718706810847, 19.198392987801867 ], [ -99.081790112676131, 19.19857566681506 ], [ -99.081894541601031, 19.198721033647832 ], [ -99.08204908261213, 19.198744726639173 ], [ -99.082142797506293, 19.198805554492534 ], [ -99.082131215486854, 19.198985315866334 ], [ -99.082110439118551, 19.199177006505455 ], [ -99.082166191525729, 19.199368662866725 ], [ -99.082305433434115, 19.19956689145641 ], [ -99.082770050803063, 19.200041857394496 ], [ -99.083370277202746, 19.200352964816386 ], [ -99.083530386356429, 19.200537963559363 ], [ -99.083690545999033, 19.200822107631762 ], [ -99.083815849711655, 19.200967463796655 ], [ -99.08437248044838, 19.201304481601905 ], [ -99.084484047678899, 19.201562030112019 ], [ -99.084734610464224, 19.201760205472624 ], [ -99.085082272681603, 19.201925778761648 ], [ -99.085625304606907, 19.202077057267857 ], [ -99.085903654083992, 19.20218929195547 ], [ -99.086564925802392, 19.202631823583417 ], [ -99.086640161025272, 19.202543033037887 ], [ -99.086785673139659, 19.202473894075695 ], [ -99.086873163037083, 19.20230525741286 ], [ -99.086950283952987, 19.20214100471998 ], [ -99.087081426974777, 19.201901193260763 ], [ -99.087137933466252, 19.201793872194127 ], [ -99.087208162331365, 19.201672318858996 ], [ -99.087244940375314, 19.201584892690676 ], [ -99.087293247385631, 19.201501499920465 ], [ -99.087337070934609, 19.201381047533616 ], [ -99.087378498522369, 19.201273739910636 ], [ -99.087386545765639, 19.20124645112681 ], [ -99.087415307452858, 19.201148918088865 ], [ -99.087424467175055, 19.201037246734604 ], [ -99.087440532807179, 19.200910245244046 ], [ -99.087447413278198, 19.200846745047109 ], [ -99.087443934292082, 19.200805145278114 ], [ -99.087440455307757, 19.200763545508945 ], [ -99.087440400942938, 19.200660636738064 ], [ -99.087440339638349, 19.20054459067595 ], [ -99.087447191175571, 19.200426351767106 ], [ -99.087449403298095, 19.200251186795764 ], [ -99.087447011878197, 19.200086971761305 ], [ -99.087442313491394, 19.199918378725851 ], [ -99.087460684819064, 19.199793565668152 ], [ -99.087467560609852, 19.199721307268746 ], [ -99.087487122413592, 19.199668748759095 ], [ -99.087526195876478, 19.199654504386562 ], [ -99.087565463325348, 19.199635868132678 ], [ -99.087590796571916, 19.199601918023323 ], [ -99.087611509490529, 19.199547169401026 ], [ -99.087629910787768, 19.199479284585678 ], [ -99.087667894653265, 19.199398253112921 ], [ -99.087727777303726, 19.199325969354266 ], [ -99.087793425009934, 19.19926025146351 ], [ -99.087846402905228, 19.199205487364377 ], [ -99.0878832389282, 19.199133214591914 ], [ -99.087880773900423, 19.198966205996221 ], [ -99.087941914975659, 19.198959117299935 ], [ -99.08796962355845, 19.198986053229483 ], [ -99.087994949757714, 19.199011641043061 ], [ -99.088043359557744, 19.199034608076147 ], [ -99.088128646053391, 19.199061936477776 ], [ -99.088190879104303, 19.199076138631675 ], [ -99.088281922009543, 19.19909361122199 ], [ -99.088359135879131, 19.199108900881225 ], [ -99.088476688706891, 19.19913840312088 ], [ -99.08856197181241, 19.199159162674349 ], [ -99.088620746205379, 19.199170082028253 ], [ -99.088684135181936, 19.199190852103218 ], [ -99.088747532978516, 19.199228043770646 ], [ -99.088814386016026, 19.199261949418855 ], [ -99.088876622138997, 19.199281625210649 ], [ -99.088913502419402, 19.199292555079552 ], [ -99.088948088643278, 19.199323191995806 ], [ -99.088948102761904, 19.199349466578457 ], [ -99.088948119233663, 19.199380120258162 ], [ -99.088941223514752, 19.199414061613844 ], [ -99.088934338968656, 19.199468803680123 ], [ -99.08892285216875, 19.199536685271863 ], [ -99.088907914846004, 19.199616611055141 ], [ -99.088892993970873, 19.199727190515166 ], [ -99.088895328024094, 19.199781928109545 ], [ -99.088905715444724, 19.199812576760298 ], [ -99.088925314442761, 19.199830083649911 ], [ -99.088954135018113, 19.199853059936974 ], [ -99.088999084088911, 19.199868364971501 ], [ -99.089063622764101, 19.199883660482225 ], [ -99.08916042902996, 19.199903319382852 ], [ -99.089235335157085, 19.199912041145225 ], [ -99.089320615210667, 19.199926231696903 ], [ -99.089419720276439, 19.199934941595938 ], [ -99.089498078092419, 19.199933808597461 ], [ -99.089598328390053, 19.199929380547321 ], [ -99.089632893531999, 19.199920605460647 ], [ -99.089659387027723, 19.199901981343597 ], [ -99.089692782034859, 19.199860363583255 ], [ -99.089715803693338, 19.199814371793831 ], [ -99.089746886889031, 19.199759617860387 ], [ -99.08980562237042, 19.199698281735255 ], [ -99.089966621505084, 19.199653019051027 ], [ -99.090366574917965, 19.19965282240738 ], [ -99.090772560915553, 19.199658350212925 ], [ -99.090969520801607, 19.199654433746304 ], [ -99.091049914496551, 19.199656303285582 ], [ -99.091125206641237, 19.199651699884861 ], [ -99.091214707319082, 19.199634262883446 ], [ -99.091237808624385, 19.199613247598595 ], [ -99.091255884332782, 19.199590325375745 ], [ -99.091271852593536, 19.199568366091373 ], [ -99.091289027857229, 19.199556893754519 ], [ -99.091319170867379, 19.199549241004178 ], [ -99.091378464620902, 19.199556849212399 ], [ -99.091434746821463, 19.199570187210199 ], [ -99.09148298554895, 19.199575891460277 ], [ -99.091560363959701, 19.199576807562217 ], [ -99.091847931435936, 19.199617307722907 ], [ -99.092785436172548, 19.199736584432529 ], [ -99.092885943095297, 19.199765175088555 ], [ -99.092942230846774, 19.199788059798191 ], [ -99.093311963891594, 19.199831796236126 ], [ -99.093709179548128, 19.199897053138901 ], [ -99.094452869193162, 19.199995962262353 ], [ -99.094742295303462, 19.200016816756889 ], [ -99.094774441495503, 19.199997705791283 ], [ -99.094851508620209, 19.199873014002304 ], [ -99.095042442478302, 19.199874824584132 ], [ -99.095962270594271, 19.200041005089886 ], [ -99.096233616346112, 19.200075232737895 ], [ -99.096407323065179, 19.200072685841949 ], [ -99.096439509124437, 19.20012231465617 ], [ -99.096466825679684, 19.20019540464272 ], [ -99.09650589891605, 19.200234936420362 ], [ -99.096553140088957, 19.200278254225527 ], [ -99.096614498450251, 19.200353264231957 ], [ -99.096666810753391, 19.200450617867553 ], [ -99.096682077428241, 19.200538989652976 ], [ -99.096695077704524, 19.200672097462899 ], [ -99.096691129436223, 19.200794303403399 ], [ -99.096687989134566, 19.200857679122649 ], [ -99.096676276578052, 19.20093042694587 ], [ -99.096681259857277, 19.201101727681774 ], [ -99.096726596007031, 19.201056423136535 ], [ -99.096778830447136, 19.201020116307692 ], [ -99.096859215919878, 19.20100670781979 ], [ -99.096972618571115, 19.200987007726269 ], [ -99.097074260125183, 19.200993228062519 ], [ -99.097229026163745, 19.201008421551311 ], [ -99.097394512599024, 19.201031703674325 ], [ -99.097947432250137, 19.201062867051199 ], [ -99.098053964700938, 19.201081904469952 ], [ -99.098148442705465, 19.201108586019565 ], [ -99.098240923373325, 19.201156272376714 ], [ -99.098387704812168, 19.201263122049255 ], [ -99.098492279873597, 19.201369994276373 ], [ -99.098633032150516, 19.2014768469869 ], [ -99.098705425027887, 19.20154172882555 ], [ -99.098781858153743, 19.20164097828868 ], [ -99.098882432278884, 19.201778403401892 ], [ -99.098950862780541, 19.201938759024699 ], [ -99.098962090575299, 19.20199276295148 ], [ -99.099018391340621, 19.202034740126511 ], [ -99.099211254286132, 19.202061375143042 ], [ -99.099488697257527, 19.202038304432364 ], [ -99.099641424752136, 19.202003851677592 ], [ -99.099749926414461, 19.201954147379841 ], [ -99.099862438480443, 19.201889165354583 ], [ -99.09990346168307, 19.201827495284277 ], [ -99.099947613634541, 19.201720542868461 ], [ -99.099963533212161, 19.201457032165603 ], [ -99.099983576220652, 19.201365368358481 ], [ -99.100159509264287, 19.201251252055492 ], [ -99.100212516171538, 19.201227771241154 ], [ -99.100292174570043, 19.201277911636634 ], [ -99.100420836465901, 19.201331305403993 ], [ -99.100473104950012, 19.201352280558108 ], [ -99.10055551519342, 19.201363691996306 ], [ -99.10064393754115, 19.20134645857312 ], [ -99.100712249892823, 19.201310141803191 ], [ -99.100766492205508, 19.201271923304954 ], [ -99.100801500532683, 19.20123507899164 ], [ -99.100827600467653, 19.201189238202623 ], [ -99.100840782816661, 19.201151588061599 ], [ -99.100881797325599, 19.201076551729169 ], [ -99.100938031888191, 19.201009690558106 ], [ -99.100985385993866, 19.200979659333814 ], [ -99.101094053803521, 19.200953873100758 ], [ -99.101208464459418, 19.200958532565163 ], [ -99.101294901230006, 19.200981398059994 ], [ -99.101447678861263, 19.201030958915528 ], [ -99.10154407022452, 19.201059554263686 ], [ -99.101587211303084, 19.200878076018206 ], [ -99.10210573482523, 19.200993768616339 ], [ -99.102141819886398, 19.200844812590351 ], [ -99.102229207028486, 19.200688325446315 ], [ -99.102277482337115, 19.200614241145203 ], [ -99.102340640145457, 19.200543965408247 ], [ -99.102383929945077, 19.200495796771129 ], [ -99.102577638205503, 19.200336659600126 ], [ -99.102841964419994, 19.200212322583432 ], [ -99.103091144646427, 19.200051900245082 ], [ -99.103330992535902, 19.199925916293164 ], [ -99.104001634097386, 19.199516043693848 ], [ -99.104106003509045, 19.199452256366516 ], [ -99.104219059410994, 19.199375288241573 ], [ -99.104316551283617, 19.199304969195421 ], [ -99.104425130949835, 19.199255422406637 ], [ -99.10461799914026, 19.199138836934928 ], [ -99.104710412912794, 19.199079591700748 ], [ -99.104737884206912, 19.199059870960646 ], [ -99.104769834763289, 19.199028803982639 ], [ -99.104795218347448, 19.1989945961605 ], [ -99.104814255710281, 19.19896843744872 ], [ -99.1048332879719, 19.198934233250995 ], [ -99.10485740514315, 19.198879774364386 ], [ -99.104870058051759, 19.198801323631272 ], [ -99.104863659608924, 19.198726906534361 ], [ -99.104846665491664, 19.198636404520084 ], [ -99.104819116477657, 19.198594181459548 ], [ -99.10476614831741, 19.198529847826972 ], [ -99.104670831931728, 19.198455481493433 ], [ -99.104569188489194, 19.198419334782443 ], [ -99.104491371924226, 19.198398259730052 ], [ -99.104429420897446, 19.198357061892505 ], [ -99.104404000546737, 19.198332939902578 ], [ -99.104395518219093, 19.198310819640369 ], [ -99.104398869924964, 19.198280785216113 ], [ -99.104444099693936, 19.198133791252179 ], [ -99.104482170519972, 19.198075439781448 ], [ -99.10459595164869, 19.197986051663015 ], [ -99.104644933464868, 19.197675083961805 ], [ -99.104670243108856, 19.197524216616632 ], [ -99.104626427893479, 19.197429186661648 ], [ -99.104572088549276, 19.197357794743404 ], [ -99.104513530191596, 19.197218950242295 ], [ -99.104480013225555, 19.197052315880232 ], [ -99.104492327253141, 19.196711066060217 ], [ -99.104513146935744, 19.196611855705832 ], [ -99.104609881020536, 19.196290356557679 ], [ -99.104593498889642, 19.196254942994081 ], [ -99.104543361450979, 19.196223228059157 ], [ -99.10451828647642, 19.19619745074036 ], [ -99.104503645114434, 19.196159763653942 ], [ -99.104522281309428, 19.195909772817828 ], [ -99.10455355324747, 19.195828412224277 ], [ -99.104559774052419, 19.195758969727251 ], [ -99.104556789184443, 19.195705697461175 ], [ -99.104556408364701, 19.195675397232161 ], [ -99.104562650463521, 19.195639682212818 ], [ -99.104568015406031, 19.195582391694291 ], [ -99.104573987606315, 19.195278967548049 ], [ -99.104575239805754, 19.195215348067176 ], [ -99.104499376610477, 19.194645749216328 ], [ -99.104494820824456, 19.194044608797423 ], [ -99.104653344474258, 19.193760810653167 ], [ -99.10464691438743, 19.19349893021667 ], [ -99.104685702806506, 19.193461460316779 ], [ -99.1047653233408, 19.193398531298897 ], [ -99.106205445324989, 19.193218582491724 ], [ -99.106697839372444, 19.193362711564117 ], [ -99.10679179093097, 19.193475178253596 ], [ -99.10704015227796, 19.193456003112413 ], [ -99.107530411815631, 19.193291867548222 ], [ -99.107512822476039, 19.192765943155276 ] ], [ [ -99.113886969100321, 19.289763065850984 ], [ -99.113862859270654, 19.289676960450596 ], [ -99.113956213905794, 19.289451096629026 ], [ -99.113862859, 19.28967695999998 ], [ -99.113886968987288, 19.289763065502036 ], [ -99.1138898325394, 19.28977329227811 ], [ -99.113886969100321, 19.289763065850984 ] ], [ [ -99.115394932966623, 19.285592515853029 ], [ -99.115773951539452, 19.284456927855786 ], [ -99.115394933, 19.285592514999966 ], [ -99.115001192577424, 19.286933720867772 ], [ -99.115394932966623, 19.285592515853029 ] ], [ [ -99.116402589099422, 19.282530345749198 ], [ -99.116449543002688, 19.282373092949197 ], [ -99.116402589, 19.282530346000044 ], [ -99.11619839700036, 19.283157339518436 ], [ -99.116402589099422, 19.282530345749198 ] ], [ [ -99.117712978492719, 19.278284152302049 ], [ -99.117777703078005, 19.27806309945133 ], [ -99.117712978, 19.278284151999966 ], [ -99.117663586978381, 19.278454169273406 ], [ -99.117712978492719, 19.278284152302049 ] ], [ [ -99.113941752807435, 19.277826235537223 ], [ -99.113169368450542, 19.278242489737245 ], [ -99.11394175300002, 19.277826236 ], [ -99.115366900053971, 19.277058179563475 ], [ -99.113941752807435, 19.277826235537223 ] ], [ [ -99.097459835297457, 19.232961664171846 ], [ -99.097455236123679, 19.232938034286224 ], [ -99.097324451011474, 19.232354822348011 ], [ -99.097455236, 19.232938033999982 ], [ -99.097459835, 19.232961664000022 ], [ -99.097486307481446, 19.233097674263842 ], [ -99.097459835297457, 19.232961664171846 ] ], [ [ -99.097233167380324, 19.231183002832818 ], [ -99.097221660317373, 19.231044814253696 ], [ -99.097233167, 19.231183003000027 ], [ -99.097228768312462, 19.231476867612386 ], [ -99.097233167380324, 19.231183002832818 ] ], [ [ -99.097187183463447, 19.230485919257646 ], [ -99.09737108248558, 19.230111678747964 ], [ -99.097500069982303, 19.229855021252838 ], [ -99.097371082, 19.230111679 ], [ -99.097187183000017, 19.230485918999964 ], [ -99.097178217114006, 19.230505822738866 ], [ -99.097187183463447, 19.230485919257646 ] ], [ [ -99.107322197166269, 19.211737503641988 ], [ -99.107381583725939, 19.212345303074496 ], [ -99.107327179747074, 19.212422930794155 ], [ -99.107381583725953, 19.212345303074496 ], [ -99.107322197166269, 19.211737503641988 ] ], [ [ -99.111713308902026, 19.21913798275272 ], [ -99.112001767818086, 19.21923084937232 ], [ -99.112767728194669, 19.219562825006864 ], [ -99.1120017678181, 19.21923084937232 ], [ -99.111713308902026, 19.21913798275272 ] ], [ [ -99.109832022970821, 19.217399318026867 ], [ -99.109921721514553, 19.217358679978449 ], [ -99.109967554760487, 19.217373691443576 ], [ -99.109921721514553, 19.217358679978361 ], [ -99.109832022970821, 19.217399318026867 ] ], [ [ -99.117139972666266, 19.222571758450385 ], [ -99.117143955501817, 19.222720658840974 ], [ -99.117139972666266, 19.222571758450385 ], [ -99.117130024407544, 19.222276328183426 ], [ -99.117139972666266, 19.222571758450385 ] ], [ [ -99.115939513717137, 19.222119823456161 ], [ -99.116150498783256, 19.22203377107197 ], [ -99.115939513717137, 19.222119823456072 ], [ -99.115695111383076, 19.222097511958872 ], [ -99.115939513717137, 19.222119823456161 ] ], [ [ -99.138822224230793, 19.273117224252051 ], [ -99.137521091047688, 19.272714590554461 ], [ -99.137269838111237, 19.272694404577972 ], [ -99.136423377201879, 19.272452370578556 ], [ -99.136423376986713, 19.272452371330118 ], [ -99.137269838111919, 19.272694405391245 ], [ -99.13752109104837, 19.272714591367741 ], [ -99.138822224231475, 19.273117225065239 ], [ -99.139912409849032, 19.273407655082465 ], [ -99.140861075961226, 19.273644297317283 ], [ -99.141152586461033, 19.273735196562402 ], [ -99.140861075960544, 19.273644296504187 ], [ -99.13991240984835, 19.27340765426937 ], [ -99.138822224230793, 19.273117224252051 ] ], [ [ -99.130630371165182, 19.26223246287725 ], [ -99.131099454871929, 19.262384001311968 ], [ -99.13156853943363, 19.262535538535801 ], [ -99.131099454871944, 19.262384001311876 ], [ -99.130630371165182, 19.26223246287725 ] ], [ [ -99.144960512726442, 19.225177505784753 ], [ -99.144960512714377, 19.225177506124371 ], [ -99.145117278663506, 19.22610301263629 ], [ -99.145117278669744, 19.226103012262477 ], [ -99.144960512726442, 19.225177505784753 ] ], [ [ -99.142911158443255, 19.223401843972976 ], [ -99.142600819701443, 19.223372109057163 ], [ -99.142369425780657, 19.223402265772251 ], [ -99.142127538463797, 19.223462407081975 ], [ -99.141790982432468, 19.223605212224907 ], [ -99.141533466817137, 19.223762634462613 ], [ -99.141112928687022, 19.224027753460543 ], [ -99.140734431728418, 19.224252870207888 ], [ -99.140503083254146, 19.22433798178275 ], [ -99.140503082932455, 19.224337982314232 ], [ -99.14073443172876, 19.224252870620898 ], [ -99.141112928687363, 19.224027753873557 ], [ -99.141533466817492, 19.223762634875712 ], [ -99.141790982432809, 19.223605212638013 ], [ -99.142127538464152, 19.223462407495074 ], [ -99.142369425780998, 19.223402266185349 ], [ -99.142600819701812, 19.223372109470265 ], [ -99.14291115844361, 19.223401844386075 ], [ -99.143247761775115, 19.223506507274177 ], [ -99.144177824267288, 19.223929034350881 ], [ -99.14456863890976, 19.224229900423378 ], [ -99.144800291784023, 19.224494511997726 ], [ -99.144974120646765, 19.224794141874757 ], [ -99.144974120660549, 19.224794141486214 ], [ -99.144800291783667, 19.224494511584716 ], [ -99.144568638909405, 19.224229900010371 ], [ -99.144177824266933, 19.223929033937871 ], [ -99.143247761774759, 19.223506506861085 ], [ -99.142911158443255, 19.223401843972976 ] ], [ [ -99.119846332770791, 19.273759446335998 ], [ -99.119847316095061, 19.273759365858581 ], [ -99.119961970272485, 19.273749982271614 ], [ -99.119847316095047, 19.273759365858581 ], [ -99.119846332770791, 19.273759446335998 ] ], [ [ -99.123345176008073, 19.275655596949544 ], [ -99.123018071375284, 19.275545568463549 ], [ -99.122647954376873, 19.275421070982318 ], [ -99.12301807137527, 19.275545568463549 ], [ -99.123345176008073, 19.275655596949544 ] ], [ [ -99.12226726177164, 19.275293015167382 ], [ -99.121751753177449, 19.275119608917187 ], [ -99.12226726177164, 19.27529301516747 ], [ -99.122647954376873, 19.275421070982318 ], [ -99.12226726177164, 19.275293015167382 ] ], [ [ -99.106427678718632, 19.269030036505754 ], [ -99.106374996876184, 19.269081874476512 ], [ -99.106322315000654, 19.269133712431966 ], [ -99.106374996876198, 19.269081874476512 ], [ -99.106427678718632, 19.269030036505754 ] ], [ [ -99.107685458791835, 19.266743852864817 ], [ -99.107629308370619, 19.26672645668765 ], [ -99.107685458791835, 19.266743852864817 ], [ -99.107736391890512, 19.266759632625227 ], [ -99.107685458791835, 19.266743852864817 ] ], [ [ -99.106130839496771, 19.266004056459764 ], [ -99.106346025963006, 19.26605025213604 ], [ -99.106544699058347, 19.266092902516075 ], [ -99.10634602596302, 19.26605025213604 ], [ -99.106130839496771, 19.266004056459764 ] ], [ [ -99.078439137530651, 19.23056533265969 ], [ -99.078740734837623, 19.230662928203099 ], [ -99.078900381048939, 19.230666229320292 ], [ -99.078740734837623, 19.230662928203099 ], [ -99.078439137530651, 19.23056533265969 ] ], [ [ -99.076906931336381, 19.231384850304082 ], [ -99.077101897707337, 19.231051155522682 ], [ -99.077240250392208, 19.231037617917689 ], [ -99.077101897707337, 19.231051155522596 ], [ -99.076906931336381, 19.231384850304082 ] ], [ [ -99.09092345400002, 19.227590888000027 ], [ -99.091182036, 19.227638353 ], [ -99.09092345400002, 19.227590888000027 ], [ -99.09063878, 19.227516609 ], [ -99.09092345400002, 19.227590888000027 ] ], [ [ -99.076909693294027, 19.242278199453285 ], [ -99.076685755647674, 19.242181696682312 ], [ -99.07660777141048, 19.24203371995743 ], [ -99.076685755647674, 19.242181696682312 ], [ -99.076909693294027, 19.242278199453285 ] ], [ [ -99.09621807663639, 19.238499503632422 ], [ -99.09614044855978, 19.238432399004324 ], [ -99.09621807663639, 19.238499503632514 ], [ -99.096381584372722, 19.238640845578828 ], [ -99.09621807663639, 19.238499503632422 ] ], [ [ -99.093189516904033, 19.238795923897509 ], [ -99.092863476399899, 19.238714682320705 ], [ -99.093189516904019, 19.238795923897509 ], [ -99.093277953380948, 19.238817960060263 ], [ -99.093189516904033, 19.238795923897509 ] ], [ [ -99.092677853396935, 19.238388400187205 ], [ -99.09251327103479, 19.238322000330982 ], [ -99.092677853396935, 19.238388400187297 ], [ -99.092707472001095, 19.23867580948265 ], [ -99.092677853396935, 19.238388400187205 ] ], [ [ -99.091792616884419, 19.236532587772952 ], [ -99.091761791932228, 19.236299357775824 ], [ -99.091792616884405, 19.236532587772952 ], [ -99.091807484873755, 19.236592868638265 ], [ -99.091792616884419, 19.236532587772952 ] ], [ [ -99.091106112984704, 19.235931164480629 ], [ -99.090863076242115, 19.235667892371371 ], [ -99.091106112984704, 19.235931164480721 ], [ -99.091199250190812, 19.235983027657763 ], [ -99.091106112984704, 19.235931164480629 ] ], [ [ -99.086918204752976, 19.232221662945516 ], [ -99.08695903768438, 19.232703207585629 ], [ -99.08691820475299, 19.232221662945488 ], [ -99.086918204752976, 19.232221662945516 ] ], [ [ -99.08105109167289, 19.236538953668312 ], [ -99.079639978851915, 19.236590454096238 ], [ -99.08105109167289, 19.236538953668404 ], [ -99.081926618263154, 19.236107203511867 ], [ -99.08105109167289, 19.236538953668312 ] ], [ [ -99.095047502, 19.233477912 ], [ -99.095111208, 19.233475267999989 ], [ -99.095239795, 19.233469933000038 ], [ -99.095111208, 19.233475267999989 ], [ -99.095047502, 19.233477912 ] ], [ [ -99.093935961, 19.233265952000018 ], [ -99.094032320000011, 19.233258102999965 ], [ -99.094225042, 19.233250204000043 ], [ -99.094032320000011, 19.233258102999965 ], [ -99.093935961, 19.233265952000018 ] ], [ [ -99.089854265, 19.231346124000048 ], [ -99.090109575, 19.231340814 ], [ -99.089854265, 19.231346123999959 ], [ -99.089796786, 19.231605072999958 ], [ -99.089854265, 19.231346124000048 ] ], [ [ -99.098332253828744, 19.264788775082682 ], [ -99.098292772214734, 19.26496511958474 ], [ -99.09824517052725, 19.265177731857516 ], [ -99.098198882689516, 19.265384475302305 ], [ -99.097968976141189, 19.265321093283728 ], [ -99.097683310338581, 19.265200850570903 ], [ -99.097598975942134, 19.265457624630152 ], [ -99.09744026968346, 19.265435210520639 ], [ -99.097220692180073, 19.265359194291925 ], [ -99.097008887529839, 19.265285868654402 ], [ -99.097008887416393, 19.265285869022637 ], [ -99.097220692180315, 19.26535919469951 ], [ -99.097440269683702, 19.265435210928217 ], [ -99.097598975942375, 19.265457625037737 ], [ -99.097683310338837, 19.265200850978584 ], [ -99.097968976141431, 19.265321093691306 ], [ -99.098198882689772, 19.265384475709894 ], [ -99.098245170527491, 19.265177732265105 ], [ -99.098292772214975, 19.264965119992421 ], [ -99.098332253828957, 19.264788775490352 ], [ -99.09834670431637, 19.264724232338558 ], [ -99.098380593863567, 19.264439893380917 ], [ -99.098380593816074, 19.264439893369776 ], [ -99.098346704316128, 19.264724231930877 ], [ -99.098332253828744, 19.264788775082682 ] ], [ [ -99.099327127725218, 19.277146009041346 ], [ -99.099730620113249, 19.276781151577037 ], [ -99.099327127725203, 19.277146009041346 ], [ -99.098802510586253, 19.27762038964514 ], [ -99.099327127725218, 19.277146009041346 ] ], [ [ -99.094062251199688, 19.264768563038075 ], [ -99.094088228906131, 19.264677259510194 ], [ -99.094102291780231, 19.264633773844967 ], [ -99.094239786312798, 19.264245518949508 ], [ -99.09442863878057, 19.26430059654988 ], [ -99.094795439915387, 19.264407571063604 ], [ -99.09479544001185, 19.264407570684032 ], [ -99.094428638780343, 19.264300596142117 ], [ -99.094239786312571, 19.264245518541738 ], [ -99.094102291780018, 19.264633773437289 ], [ -99.094088228905903, 19.264677259102509 ], [ -99.09406225119946, 19.264768562630401 ], [ -99.093995547133773, 19.265003006116213 ], [ -99.093853692169048, 19.26543438610182 ], [ -99.092985914471214, 19.26519806309857 ], [ -99.092451418101348, 19.26506613848975 ], [ -99.092985914471441, 19.265198063506247 ], [ -99.093853692169276, 19.265434386509412 ], [ -99.093995547133986, 19.265003006523894 ], [ -99.094062251199688, 19.264768563038075 ] ], [ [ -99.083407608176685, 19.262833672269863 ], [ -99.081185787146183, 19.26228513747764 ], [ -99.081185786628268, 19.262285137757665 ], [ -99.083407608176685, 19.262833672269863 ] ], [ [ -99.095724616288322, 19.26478374302085 ], [ -99.095631781389613, 19.264763445271093 ], [ -99.095388671538444, 19.264711420224259 ], [ -99.095182068391935, 19.26466720726258 ], [ -99.094752801032485, 19.264575343456023 ], [ -99.094752800934231, 19.264575343842633 ], [ -99.095182068392148, 19.264667207670261 ], [ -99.095388671538686, 19.264711420631933 ], [ -99.095631781389855, 19.264763445678778 ], [ -99.095724616288564, 19.264783743428527 ], [ -99.095757300752425, 19.264790905466757 ], [ -99.096293515978005, 19.264908106282327 ], [ -99.096494383073974, 19.264951527977747 ], [ -99.096847046067808, 19.265023512710435 ], [ -99.097084776342939, 19.265039539430944 ], [ -99.097084776465977, 19.265039539031577 ], [ -99.096847046067566, 19.265023512302754 ], [ -99.096494383073761, 19.264951527570069 ], [ -99.096293515977777, 19.264908105874646 ], [ -99.095757300752183, 19.264790905059076 ], [ -99.095724616288322, 19.26478374302085 ] ], [ [ -99.093158376108562, 19.26302873111235 ], [ -99.093169511171865, 19.262975585966352 ], [ -99.09321203328328, 19.262772637197539 ], [ -99.093217463527338, 19.262746719789721 ], [ -99.093217463443537, 19.262746719780651 ], [ -99.093212033283052, 19.262772636789585 ], [ -99.093169511171638, 19.262975585558408 ], [ -99.093158376102039, 19.263028730734401 ], [ -99.093158376108562, 19.26302873111235 ] ], [ [ -99.037846948201491, 19.249584617366406 ], [ -99.037846766923764, 19.249599349231957 ], [ -99.037846766923764, 19.249599349231964 ], [ -99.037846948201491, 19.249584617366406 ] ], [ [ -99.029743546599946, 19.253499999670559 ], [ -99.029620429569476, 19.253869054919839 ], [ -99.029602453020289, 19.253922941225049 ], [ -99.028923824038827, 19.253717664440007 ], [ -99.028859469891188, 19.253991971977708 ], [ -99.028723794034832, 19.254570282984471 ], [ -99.028698872561435, 19.254676508964049 ], [ -99.028562423415863, 19.255258111089216 ], [ -99.028215657967451, 19.255205048012261 ], [ -99.027768423023161, 19.256348900031963 ], [ -99.02776842316716, 19.256348900072624 ], [ -99.02821565796755, 19.255205048421296 ], [ -99.028562423415934, 19.255258111498154 ], [ -99.028698872561534, 19.254676509373084 ], [ -99.028723794034903, 19.254570283393502 ], [ -99.028859469891273, 19.253991972386835 ], [ -99.028923824038898, 19.25371766484913 ], [ -99.029602453020374, 19.253922941634169 ], [ -99.029620429569547, 19.253869055328966 ], [ -99.029743546600031, 19.253500000079775 ], [ -99.029950624215957, 19.252879260891568 ], [ -99.030157700277272, 19.252258521428999 ], [ -99.0301577001553, 19.252258521385123 ], [ -99.029950624215886, 19.252879260482349 ], [ -99.029743546599946, 19.253499999670559 ] ], [ [ -99.024844437617432, 19.246540556755672 ], [ -99.024958819826665, 19.246288082584424 ], [ -99.025118971477369, 19.246047305438477 ], [ -99.02530905682751, 19.245865040909052 ], [ -99.025624127256947, 19.245707837394367 ], [ -99.025715646949806, 19.245604166048622 ], [ -99.025824476724353, 19.245463841381113 ], [ -99.025876348218517, 19.245396958380631 ], [ -99.025962039484796, 19.245286468082202 ], [ -99.026087168387448, 19.245114746765239 ], [ -99.026120432107106, 19.245069097047228 ], [ -99.026299856473187, 19.24489863026665 ], [ -99.026347042347723, 19.244851256297228 ], [ -99.02642667307417, 19.244751389887309 ], [ -99.026486495726246, 19.24458084625531 ], [ -99.026606146587255, 19.24427654097973 ], [ -99.026731107533678, 19.244147024191879 ], [ -99.026799745847271, 19.244075883330847 ], [ -99.027070786761925, 19.243811681389236 ], [ -99.027119061995421, 19.243773841767968 ], [ -99.027352395699211, 19.243590947167636 ], [ -99.027531918815313, 19.243437104365359 ], [ -99.027802025170047, 19.242935965705634 ], [ -99.027873314424653, 19.242851883538254 ], [ -99.027976540041195, 19.242693867207823 ], [ -99.028043335971688, 19.242591616738089 ], [ -99.028366078015537, 19.242193074515701 ], [ -99.028436476030564, 19.242119499462621 ], [ -99.028535016852118, 19.241922198502937 ], [ -99.028535016682298, 19.241922198432103 ], [ -99.028436476030492, 19.24211949905196 ], [ -99.028366078015466, 19.242193074105035 ], [ -99.028043335971617, 19.242591616327509 ], [ -99.027976540041138, 19.242693866797261 ], [ -99.027873314424582, 19.242851883127685 ], [ -99.027802025169976, 19.242935965295061 ], [ -99.027531918815257, 19.243437103954889 ], [ -99.02735239569914, 19.243590946757156 ], [ -99.027119061995379, 19.24377384135758 ], [ -99.027070786761868, 19.243811680978837 ], [ -99.0267997458472, 19.244075882920455 ], [ -99.026731107533593, 19.244147023781483 ], [ -99.026606146587184, 19.244276540569334 ], [ -99.026486495726189, 19.244580845844919 ], [ -99.026426673074127, 19.24475138947701 ], [ -99.026347042347638, 19.244851255886928 ], [ -99.026299856473116, 19.244898629856351 ], [ -99.026120432107035, 19.245069096636932 ], [ -99.026087168387392, 19.245114746354943 ], [ -99.025962039484725, 19.245286467671903 ], [ -99.025876348218446, 19.245396957970421 ], [ -99.025824476724296, 19.245463840970825 ], [ -99.025715646949749, 19.245604165638415 ], [ -99.025624127256876, 19.24570783698416 ], [ -99.025309056827439, 19.245865040498927 ], [ -99.025118971477312, 19.246047305028352 ], [ -99.024958819826622, 19.246288082174306 ], [ -99.024844437617389, 19.246540556345639 ], [ -99.024754686699552, 19.246707759634926 ], [ -99.024657884343213, 19.246808087378135 ], [ -99.024571162592139, 19.246845268302049 ], [ -99.024334075702185, 19.246942077400224 ], [ -99.024012744235563, 19.247141257994549 ], [ -99.023787406998323, 19.2471915372357 ], [ -99.023422191935751, 19.247190860318337 ], [ -99.023341321268646, 19.247199907154478 ], [ -99.022704283477466, 19.247271169985016 ], [ -99.02262800426827, 19.247279702877613 ], [ -99.022413240916563, 19.247335225022159 ], [ -99.022198477420147, 19.247390746914558 ], [ -99.022059733228502, 19.247477144948185 ], [ -99.022010568366085, 19.247507760578646 ], [ -99.021740556790704, 19.247747774321827 ], [ -99.021571595289075, 19.247848286553921 ], [ -99.021443698343674, 19.247990790576964 ], [ -99.021294399002969, 19.248207999430299 ], [ -99.02122980410978, 19.248377507896169 ], [ -99.021144249419535, 19.248917588182358 ], [ -99.021098107627324, 19.248995315456394 ], [ -99.020673952314851, 19.248584446193057 ], [ -99.020318022047064, 19.248351159710275 ], [ -99.020009339120691, 19.248141798276773 ], [ -99.019952661814429, 19.248264450369728 ], [ -99.019899127861322, 19.248336248922573 ], [ -99.019815941079429, 19.248467054992968 ], [ -99.019801527541233, 19.248638387216488 ], [ -99.019766894783402, 19.248743088678591 ], [ -99.019666127651277, 19.248904633155259 ], [ -99.019250364601945, 19.248743143744598 ], [ -99.019133909410499, 19.249425186778797 ], [ -99.019088699122051, 19.249454416116436 ], [ -99.018907155914235, 19.249571787141047 ], [ -99.018491945002765, 19.249437118005602 ], [ -99.018146502772737, 19.249325076694703 ], [ -99.017479467786373, 19.249070152164581 ], [ -99.017009722591297, 19.248890625052361 ], [ -99.017009722363795, 19.24889062537515 ], [ -99.017479467786401, 19.249070152574348 ], [ -99.018146502772794, 19.249325077104462 ], [ -99.018491945002822, 19.249437118415358 ], [ -99.018907155914306, 19.249571787550718 ], [ -99.019088699122094, 19.249454416526103 ], [ -99.019133909410556, 19.249425187188557 ], [ -99.019250364601987, 19.248743144154357 ], [ -99.01966612765132, 19.248904633565015 ], [ -99.019766894783459, 19.248743089088432 ], [ -99.019801527541304, 19.248638387626254 ], [ -99.019815941079472, 19.24846705540282 ], [ -99.019899127861365, 19.248336249332425 ], [ -99.019952661814457, 19.24826445077958 ], [ -99.020009339120747, 19.24814179868671 ], [ -99.020318022047121, 19.248351160120126 ], [ -99.020673952314908, 19.248584446602909 ], [ -99.021098107627381, 19.248995315866146 ], [ -99.021144249419592, 19.248917588592121 ], [ -99.021229804109836, 19.248377508306014 ], [ -99.021294399003011, 19.24820799984014 ], [ -99.021443698343717, 19.247990790986911 ], [ -99.021571595289146, 19.247848286963766 ], [ -99.021740556790746, 19.247747774731771 ], [ -99.022010568366142, 19.247507760988675 ], [ -99.022059733228559, 19.247477145358214 ], [ -99.022198477420204, 19.247390747324491 ], [ -99.02241324091662, 19.247335225432185 ], [ -99.022628004268341, 19.247279703287553 ], [ -99.022704283477538, 19.247271170395045 ], [ -99.023341321268703, 19.247199907564418 ], [ -99.023422191935794, 19.247190860728278 ], [ -99.02378740699838, 19.247191537645644 ], [ -99.02401274423562, 19.247141258404579 ], [ -99.024334075702257, 19.246942077810257 ], [ -99.024571162592181, 19.246845268712072 ], [ -99.024657884343256, 19.246808087788246 ], [ -99.024754686699595, 19.246707760044956 ], [ -99.024844437617432, 19.246540556755672 ] ], [ [ -99.014258382117291, 19.252457810859553 ], [ -99.014308651384155, 19.25231454247572 ], [ -99.014308651241819, 19.252314542471932 ], [ -99.014258381989563, 19.252457810814185 ], [ -99.014258382117291, 19.252457810859553 ] ], [ [ -99.013396531485412, 19.24748119774792 ], [ -99.013507928693087, 19.247371965547607 ], [ -99.013566576903429, 19.247224716725217 ], [ -99.013612639542373, 19.246890428521173 ], [ -99.01368802045738, 19.246416852767801 ], [ -99.013688020423459, 19.246416852570565 ], [ -99.013612639542345, 19.246890428111151 ], [ -99.013566576903386, 19.247224716315191 ], [ -99.013507928693059, 19.24737196513767 ], [ -99.01339653148537, 19.247481197337983 ], [ -99.01321179411643, 19.247684715508058 ], [ -99.013021928182155, 19.247905264153243 ], [ -99.012917592960619, 19.24835565773013 ], [ -99.012287011381773, 19.248147922073443 ], [ -99.012115455294463, 19.248506454278136 ], [ -99.011454845786119, 19.248278347244515 ], [ -99.011144382346444, 19.248200738659627 ], [ -99.011144382384614, 19.248200739079007 ], [ -99.011454845786147, 19.248278347654367 ], [ -99.012115455294492, 19.248506454687984 ], [ -99.012287011381801, 19.248147922483287 ], [ -99.012917592960662, 19.248355658139989 ], [ -99.013021928182198, 19.247905264563183 ], [ -99.013211794116458, 19.247684715918005 ], [ -99.013396531485412, 19.24748119774792 ] ], [ [ -99.011187836568766, 19.248678178135414 ], [ -99.01118783654367, 19.248678177859645 ], [ -99.01117249855389, 19.248760150794155 ], [ -99.01117249861386, 19.248760150883708 ], [ -99.011187836568766, 19.248678178135414 ] ], [ [ -99.01079645769002, 19.24919404112385 ], [ -99.010400730498574, 19.248991377603758 ], [ -99.009714380063187, 19.248697061643874 ], [ -99.00961895846045, 19.249064754155285 ], [ -99.009600335396286, 19.249106227199466 ], [ -99.009495156173841, 19.249340457962589 ], [ -99.009052514033542, 19.250326199837122 ], [ -99.009052514132421, 19.250326200026581 ], [ -99.009495156173855, 19.249340458372259 ], [ -99.0096003353963, 19.249106227609229 ], [ -99.009618958460479, 19.24906475456504 ], [ -99.009714380063201, 19.248697062053633 ], [ -99.010400730498603, 19.248991378013525 ], [ -99.010796457690034, 19.249194041533606 ], [ -99.011236153413037, 19.249385497725722 ], [ -99.011281186334699, 19.249271420177948 ], [ -99.011327286348774, 19.249080953190251 ], [ -99.011327286306098, 19.249080952956767 ], [ -99.011281186334699, 19.249271419768199 ], [ -99.011236153413009, 19.249385497316059 ], [ -99.01079645769002, 19.24919404112385 ] ], [ [ -99.056738166931368, 19.249208630650028 ], [ -99.05682251211941, 19.24919301840302 ], [ -99.056738166931368, 19.249208630649928 ], [ -99.055619436678754, 19.249415703033922 ], [ -99.056738166931368, 19.249208630650028 ] ], [ [ -99.053238640520419, 19.249489673445208 ], [ -99.053238093093114, 19.249438877448924 ], [ -99.053238640520419, 19.249489673445296 ], [ -99.053246940616276, 19.249834472907416 ], [ -99.053238640520419, 19.249489673445208 ] ], [ [ -99.049970603460125, 19.244133448260939 ], [ -99.049734413416502, 19.243963862258205 ], [ -99.04997060346011, 19.244133448260939 ], [ -99.050246166269872, 19.244354780877263 ], [ -99.049970603460125, 19.244133448260939 ] ], [ [ -99.049513374734389, 19.2438402787201 ], [ -99.049319590845116, 19.243742566436406 ], [ -99.049513374734374, 19.2438402787201 ], [ -99.049734413416502, 19.243963862258205 ], [ -99.049513374734389, 19.2438402787201 ] ], [ [ -99.049159099315759, 19.243613215282544 ], [ -99.049034964288325, 19.243575867995922 ], [ -99.049159099315759, 19.243613215282636 ], [ -99.049319590845116, 19.243742566436406 ], [ -99.049159099315759, 19.243613215282544 ] ], [ [ -99.048486847324355, 19.243046934956585 ], [ -99.048338482716673, 19.242972213023908 ], [ -99.048486847324355, 19.243046934956585 ], [ -99.048595871894477, 19.243176300381258 ], [ -99.048486847324355, 19.243046934956585 ] ], [ [ -99.032727647755848, 19.249195983314376 ], [ -99.032694199277259, 19.249185957829255 ], [ -99.032727647755848, 19.249195983314468 ], [ -99.032752306140381, 19.249264527241525 ], [ -99.032727647755848, 19.249195983314376 ] ], [ [ -99.031086762468206, 19.248655434334168 ], [ -99.030968959137525, 19.248624495912008 ], [ -99.031086762468206, 19.248655434334253 ], [ -99.03113079325756, 19.248592681437195 ], [ -99.031086762468206, 19.248655434334168 ] ], [ [ -99.026254511451171, 19.246934930954644 ], [ -99.026324883101324, 19.246677446517033 ], [ -99.026254511451157, 19.246934930954644 ], [ -99.0273248545965, 19.24735776779502 ], [ -99.026254511451171, 19.246934930954644 ] ], [ [ -99.017073971320016, 19.248381405183398 ], [ -99.017206277030397, 19.248611727552266 ], [ -99.017206277160099, 19.248611727368242 ], [ -99.017073971319988, 19.24838140477355 ], [ -99.017055068085853, 19.248324570757141 ], [ -99.017055068043433, 19.248324571039333 ], [ -99.017073971320016, 19.248381405183398 ] ], [ [ -99.017759557877966, 19.241603111770992 ], [ -99.017595501716542, 19.241873055407574 ], [ -99.017526839622278, 19.241955825681288 ], [ -99.017513739548662, 19.241971364496603 ], [ -99.0174072357824, 19.242097695119735 ], [ -99.017272698150691, 19.242257278055909 ], [ -99.017221856156723, 19.242317584605239 ], [ -99.017213480932185, 19.242361360803425 ], [ -99.017213480981013, 19.242361360959038 ], [ -99.017221856156766, 19.242317585015901 ], [ -99.017272698150748, 19.242257278466575 ], [ -99.017407235782429, 19.242097695530394 ], [ -99.017513739548676, 19.241971364907354 ], [ -99.01752683962232, 19.241955826092042 ], [ -99.017595501716585, 19.241873055818239 ], [ -99.017759557878037, 19.241603112181746 ], [ -99.018725521663626, 19.241991401597751 ], [ -99.019227407769165, 19.24213284669414 ], [ -99.019246445059977, 19.242138211886321 ], [ -99.019580299111993, 19.242245865561106 ], [ -99.019580299346927, 19.242245865226309 ], [ -99.019246445059906, 19.242138211475663 ], [ -99.019227407769108, 19.242132846283475 ], [ -99.018725521663569, 19.241991401186997 ], [ -99.017759557877966, 19.241603111770992 ] ], [ [ -99.01714049639493, 19.24314373789862 ], [ -99.01711924879244, 19.243209536047797 ], [ -99.017109457863455, 19.243291394880803 ], [ -99.017109457889219, 19.243291395076373 ], [ -99.017119248792497, 19.243209536458277 ], [ -99.017140496394973, 19.243143738309094 ], [ -99.017180788040761, 19.243018965693139 ], [ -99.017217727467013, 19.242904573843425 ], [ -99.017265603840386, 19.242740807763223 ], [ -99.017280553609311, 19.242689670464937 ], [ -99.017284733931731, 19.242598139669877 ], [ -99.01728473391546, 19.242598139614621 ], [ -99.017280553609282, 19.242689670054371 ], [ -99.017265603840372, 19.24274080735265 ], [ -99.017217727466956, 19.242904573432948 ], [ -99.017180788040704, 19.243018965282566 ], [ -99.01714049639493, 19.24314373789862 ] ], [ [ -99.017134089103848, 19.2444446795839 ], [ -99.017016774665876, 19.244484486346874 ], [ -99.016914130907026, 19.244581995615466 ], [ -99.016761231416837, 19.244914304754776 ], [ -99.016390414446875, 19.244858624194734 ], [ -99.016222814841782, 19.244845705486529 ], [ -99.016055215262796, 19.244832786624716 ], [ -99.015810102165204, 19.244826838589539 ], [ -99.015744898290961, 19.245089788954896 ], [ -99.015679694209311, 19.245352739289533 ], [ -99.015679694286632, 19.245352739388121 ], [ -99.015744898290976, 19.24508978936511 ], [ -99.015810102165233, 19.244826838999842 ], [ -99.016055215262838, 19.244832787035016 ], [ -99.016222814841825, 19.244845705896829 ], [ -99.016390414446903, 19.244858624605033 ], [ -99.016761231416851, 19.244914305165075 ], [ -99.016914130907054, 19.244581996025858 ], [ -99.017016774665919, 19.244484486757262 ], [ -99.017134089103891, 19.244444679994288 ], [ -99.017287023449754, 19.244456604359122 ], [ -99.017423200963449, 19.244496387264764 ], [ -99.017470940085843, 19.244282795193321 ], [ -99.017553037772913, 19.244010865865071 ], [ -99.017573974961934, 19.243893466185536 ], [ -99.017573974955525, 19.24389346581081 ], [ -99.017553037772856, 19.24401086545468 ], [ -99.017470940085801, 19.244282794782926 ], [ -99.017423200963407, 19.244496386854465 ], [ -99.017287023449711, 19.244456603948731 ], [ -99.017134089103848, 19.2444446795839 ] ], [ [ -99.014228693031811, 19.24602359780646 ], [ -99.013734062431993, 19.24583980964012 ], [ -99.013654484345921, 19.246221855390093 ], [ -99.013654484384574, 19.246221855614841 ], [ -99.013734062432036, 19.245839810050327 ], [ -99.014228693031853, 19.246023598216581 ], [ -99.015083282862804, 19.246341131054699 ], [ -99.015361825066577, 19.245934910925115 ], [ -99.015434786362619, 19.245828505292334 ], [ -99.015648342330692, 19.245530712848929 ], [ -99.015730412229559, 19.245417409394033 ], [ -99.015730412075072, 19.245417409197046 ], [ -99.01564834233065, 19.245530712438718 ], [ -99.015434786362576, 19.245828504882216 ], [ -99.015361825066549, 19.245934910514901 ], [ -99.015083282862761, 19.246341130644574 ], [ -99.014228693031811, 19.24602359780646 ] ], [ [ -99.026468330548255, 19.241073177199702 ], [ -99.026450769771699, 19.241333998048695 ], [ -99.026450769798728, 19.241333998059094 ], [ -99.026468330548312, 19.241073177610538 ], [ -99.026510543391794, 19.24086585437805 ], [ -99.02673581895894, 19.240638441538554 ], [ -99.026905816199871, 19.240643532947896 ], [ -99.026735818958883, 19.240638441127711 ], [ -99.026510543391723, 19.240865853967296 ], [ -99.026468330548255, 19.241073177199702 ] ], [ [ -99.023662181475871, 19.238963608280603 ], [ -99.023662181392226, 19.238963608266914 ], [ -99.023616446503127, 19.239180959133236 ], [ -99.023662181475871, 19.238963608280603 ] ], [ [ -99.012600094864254, 19.252024473436226 ], [ -99.01231051462166, 19.252773075215156 ], [ -99.012600094864254, 19.252024473436226 ], [ -99.012600094864254, 19.252024473436226 ] ], [ [ -99.013921237877156, 19.25439091678172 ], [ -99.013921237998744, 19.254390916813037 ], [ -99.014045268560807, 19.254005554287922 ], [ -99.014280121426268, 19.253292127545052 ], [ -99.014549606625621, 19.25256125733441 ], [ -99.014549606492167, 19.252561257287006 ], [ -99.014280121426239, 19.253292127135921 ], [ -99.014045268560778, 19.254005553878795 ], [ -99.013921237877156, 19.25439091678172 ] ], [ [ -99.036266892117325, 19.258557201984402 ], [ -99.03614761586519, 19.259122458672813 ], [ -99.036083988418667, 19.25963879633246 ], [ -99.036008224238174, 19.260253619514604 ], [ -99.036008224287585, 19.260253619522661 ], [ -99.036083988418753, 19.259638796740859 ], [ -99.036147615865275, 19.259122459081215 ], [ -99.036266892117411, 19.258557202392897 ], [ -99.036283911855762, 19.258477813942203 ], [ -99.037103782261383, 19.258525320658517 ], [ -99.037183110750291, 19.257869825730392 ], [ -99.03718311069899, 19.257869825745001 ], [ -99.037103782261283, 19.258525320249934 ], [ -99.036283911855676, 19.258477813533709 ], [ -99.036266892117325, 19.258557201984402 ] ], [ [ -99.023691947007208, 19.25636467824669 ], [ -99.023667798121309, 19.256313998770548 ], [ -99.023667798014898, 19.256313998955886 ], [ -99.023691947007251, 19.256364678655451 ], [ -99.02374901183093, 19.256395500953648 ], [ -99.023749011991683, 19.256395500631747 ], [ -99.023691947007208, 19.25636467824669 ] ], [ [ -99.029834538047197, 19.258494286175299 ], [ -99.02983453025054, 19.258451171367422 ], [ -99.02983424737522, 19.256886818637607 ], [ -99.029834530250454, 19.258451170958928 ], [ -99.029834538047183, 19.258494286175306 ], [ -99.029834538047197, 19.258494286175299 ] ], [ [ -99.037823974088298, 19.262814845264543 ], [ -99.03729467936742, 19.26333384326194 ], [ -99.037823974204628, 19.262814845558424 ], [ -99.037823974088298, 19.262814845264543 ] ], [ [ -99.03700057011666, 19.261049944165261 ], [ -99.037000570119446, 19.261049944168469 ], [ -99.037005250099696, 19.260347013827872 ], [ -99.037005250096897, 19.26034701382779 ], [ -99.03700057011666, 19.261049944165261 ] ], [ [ -99.033295261040607, 19.26545421951198 ], [ -99.033374327480672, 19.265429174496358 ], [ -99.033374327480672, 19.265429174496358 ], [ -99.033295261040607, 19.26545421951198 ] ] ] ] } },
{ "type": "Feature", "properties": { "id": 1.0, "entidad": 9, "distrito_f": 1, "distrito_l": 1, "municipio": 5, "seccion": 821, "tipo": 2, "control": 1749.0, "SECCION_TX": "0821", "SECCION__1": null, "SECCION__2": null, "SECCION_N": "821", "ESTATUS": "PENDIENTE", "ALCALDIA_N": "GUSTAVO A MADERO" }, "geometry": { "type": "MultiPolygon", "coordinates": [ [ [ [ -99.153036003351986, 19.492045616402407 ], [ -99.153163434680238, 19.49238843790819 ], [ -99.153215201999615, 19.492527704238999 ], [ -99.153277639799072, 19.492695676341292 ], [ -99.153993816352582, 19.494622329860388 ], [ -99.154200862311072, 19.495181510014621 ], [ -99.155742104172191, 19.49933041967423 ], [ -99.155899766077027, 19.499781855804375 ], [ -99.155938620959233, 19.499893109264324 ], [ -99.156384593215051, 19.501170053070041 ], [ -99.156970994047356, 19.502739021878284 ], [ -99.15710136522884, 19.5030116675049 ], [ -99.157589568438951, 19.504137159185294 ], [ -99.157981243523423, 19.505149770523655 ], [ -99.15827848329748, 19.505918227110826 ], [ -99.158928210827256, 19.507639525017858 ], [ -99.159321453656432, 19.508652984140575 ], [ -99.159420931591569, 19.508909355177149 ], [ -99.159715358979525, 19.509685418072191 ], [ -99.159727453938714, 19.5097172975048 ], [ -99.160140446728818, 19.510805866333978 ], [ -99.160167983016251, 19.51087548986429 ], [ -99.160195519332262, 19.510945113771619 ], [ -99.160744281294285, 19.512332610353301 ], [ -99.160923127873119, 19.512784802554254 ], [ -99.161175267256652, 19.513622752654339 ], [ -99.161654266431739, 19.514917178377601 ], [ -99.162166974460703, 19.51624887991025 ], [ -99.162760035999227, 19.517742678766112 ], [ -99.16289748463528, 19.517816361422632 ], [ -99.16477314264786, 19.518927708248256 ], [ -99.165944449608574, 19.519623660133703 ], [ -99.166040878514892, 19.519678835126317 ], [ -99.166442841749245, 19.519919228636947 ], [ -99.166858306824778, 19.520163148635955 ], [ -99.167289631674095, 19.520418699257164 ], [ -99.167363689480183, 19.520468732293633 ], [ -99.167732367135571, 19.520681008461185 ], [ -99.167799737161062, 19.520720923272151 ], [ -99.168227009245655, 19.520994901971374 ], [ -99.168259108368048, 19.521015645376046 ], [ -99.168664454052305, 19.52127585599591 ], [ -99.169125109422595, 19.521571218396364 ], [ -99.169495345360545, 19.521808616408254 ], [ -99.169949154120275, 19.522099559711116 ], [ -99.170007886287038, 19.522119082040906 ], [ -99.170437903827022, 19.522259684519142 ], [ -99.17088925350393, 19.522384839601973 ], [ -99.17135113027382, 19.522558617205696 ], [ -99.171822035990985, 19.522712703526064 ], [ -99.172287974380779, 19.522869619992164 ], [ -99.172764226060821, 19.523020757534603 ], [ -99.173251359029507, 19.523168154629438 ], [ -99.173709569005084, 19.523348368387662 ], [ -99.174155785000252, 19.523483950037527 ], [ -99.174949581850342, 19.523753675441114 ], [ -99.174466528319599, 19.524229699454775 ], [ -99.173949789407587, 19.524742316784351 ], [ -99.173517723034877, 19.5251408089817 ], [ -99.173117132062615, 19.525510268938433 ], [ -99.172284466847415, 19.526278216884517 ], [ -99.171922697676507, 19.526614314952376 ], [ -99.171323118032049, 19.527171343813293 ], [ -99.171166635788254, 19.527360284660038 ], [ -99.171203611812246, 19.527386442151879 ], [ -99.171266129321793, 19.527431180188675 ], [ -99.172014587194255, 19.527966779681542 ], [ -99.172058805664548, 19.527998421758944 ], [ -99.172238546843857, 19.528127044042712 ], [ -99.172892435069727, 19.528594961368039 ], [ -99.172987762111674, 19.528663176230857 ], [ -99.173661727853741, 19.529145205988769 ], [ -99.173815925744506, 19.529255531033467 ], [ -99.174180306575337, 19.52951623600978 ], [ -99.174288554947125, 19.529593684589727 ], [ -99.174652516735549, 19.529854412986055 ], [ -99.174917381882111, 19.530043862665483 ], [ -99.175514716474439, 19.530471114171473 ], [ -99.175635270234707, 19.530557341334106 ], [ -99.176209149587407, 19.530967811329809 ], [ -99.17631155156144, 19.531041054425916 ], [ -99.17619843307412, 19.531519656887067 ], [ -99.176180560145369, 19.53159388799034 ], [ -99.176126941262808, 19.531816581286847 ], [ -99.174902013187946, 19.53163557356482 ], [ -99.174005753139724, 19.531355478771946 ], [ -99.173120929289865, 19.531031216782942 ], [ -99.171225258663327, 19.530414871933907 ], [ -99.170251547919591, 19.530098275916579 ], [ -99.170098502926407, 19.530048513802818 ], [ -99.16989208553548, 19.529981397934037 ], [ -99.16983067201113, 19.529961900713829 ], [ -99.16924634456818, 19.529776390442212 ], [ -99.166592385334567, 19.528918068758692 ], [ -99.164816413142546, 19.528388877944039 ], [ -99.162754396229474, 19.527858474543802 ], [ -99.160701283082062, 19.527252774029943 ], [ -99.159603993481966, 19.526929044970021 ], [ -99.159510657135144, 19.526901507944451 ], [ -99.158896146765954, 19.527284788669693 ], [ -99.1576446516641, 19.527721614300408 ], [ -99.156970042152096, 19.527957077235563 ], [ -99.156706698849035, 19.528048992694597 ], [ -99.15859712036081, 19.528896563432745 ], [ -99.158587392215594, 19.528933849115099 ], [ -99.158576151074342, 19.52897693373194 ], [ -99.158544254683591, 19.529027093655714 ], [ -99.158493620501901, 19.52906578114797 ], [ -99.158265864539715, 19.529340659599047 ], [ -99.157957790919781, 19.529715871847309 ], [ -99.157593693901305, 19.530173369957915 ], [ -99.157556872918633, 19.530218730360993 ], [ -99.157410005988339, 19.530396672921693 ], [ -99.157143602331828, 19.530684535943472 ], [ -99.15699292601731, 19.530847348839302 ], [ -99.156721421211188, 19.531158312141169 ], [ -99.15573496302099, 19.53228811994008 ], [ -99.157006725969026, 19.532954804784218 ], [ -99.157063695861993, 19.533049200441951 ], [ -99.157159345946113, 19.533141090694802 ], [ -99.157402712257266, 19.533264425275146 ], [ -99.158479038457656, 19.5338153250764 ], [ -99.158677587872106, 19.533902646616585 ], [ -99.158782647415734, 19.533812892502159 ], [ -99.159146002394507, 19.534023809841596 ], [ -99.158961650603231, 19.534233943412538 ], [ -99.15852246375259, 19.534734547649066 ], [ -99.158033286169555, 19.535356293540641 ], [ -99.157932250664842, 19.535484709152836 ], [ -99.157784437212371, 19.535675414067963 ], [ -99.157375294367156, 19.536203275755078 ], [ -99.156004583937204, 19.537730744593677 ], [ -99.15526344903887, 19.538556619411739 ], [ -99.153916663672234, 19.540238553909685 ], [ -99.153528019413301, 19.540887537756561 ], [ -99.153223393270906, 19.541419422039642 ], [ -99.152893813814202, 19.541933568399408 ], [ -99.152630585099274, 19.542362329891784 ], [ -99.15237135586824, 19.542746008500515 ], [ -99.152080615477928, 19.543203293565778 ], [ -99.152009224712927, 19.543305454520347 ], [ -99.151607338272058, 19.54393928846082 ], [ -99.151403340944569, 19.544256489607701 ], [ -99.151160908471965, 19.544633480380135 ], [ -99.151074802157467, 19.544767427605937 ], [ -99.152825030647577, 19.545683702141638 ], [ -99.154160735867052, 19.546280922005167 ], [ -99.154349992714046, 19.546365541323954 ], [ -99.154623943932634, 19.546507236186379 ], [ -99.155317596270081, 19.546866008620885 ], [ -99.155820237656854, 19.547117273579797 ], [ -99.156527940896453, 19.547471043936174 ], [ -99.157027139619316, 19.54765829646923 ], [ -99.15711397609013, 19.547690869181519 ], [ -99.158190518723444, 19.548112487964275 ], [ -99.158674647211456, 19.548263065649628 ], [ -99.15871582827873, 19.548275874061616 ], [ -99.158945316297789, 19.548347250719424 ], [ -99.159186830324657, 19.548473918122621 ], [ -99.159242526755023, 19.54841250700143 ], [ -99.159517430116537, 19.548561643995331 ], [ -99.159545998657194, 19.548573916164699 ], [ -99.159580296084741, 19.548587755721353 ], [ -99.15960758297426, 19.548604065911082 ], [ -99.160149096065695, 19.548924959087525 ], [ -99.159625657273907, 19.549391110909145 ], [ -99.159695923791602, 19.549526992561319 ], [ -99.16145493629277, 19.549446644242206 ], [ -99.159809576868966, 19.55241565828922 ], [ -99.158147306551555, 19.553465219220822 ], [ -99.157791192816816, 19.553769778491226 ], [ -99.157408534372607, 19.554459606393667 ], [ -99.157270503422239, 19.554723966986032 ], [ -99.157250539930189, 19.555317823713668 ], [ -99.157353688130669, 19.555785017249359 ], [ -99.157549321961, 19.556265828949371 ], [ -99.157968904352586, 19.556895883160632 ], [ -99.158144437407728, 19.557558864602676 ], [ -99.158184037593983, 19.558314067042559 ], [ -99.15767943143419, 19.558959223003118 ], [ -99.156961352398028, 19.559899289532645 ], [ -99.154048355971483, 19.561835942418575 ], [ -99.153213073610686, 19.562168220328729 ], [ -99.152222016373031, 19.56216905906976 ], [ -99.151541293935779, 19.561543337345153 ], [ -99.151094331090164, 19.561525291915217 ], [ -99.147957229347725, 19.564177132943897 ], [ -99.146726218739985, 19.566152418682321 ], [ -99.146805851656467, 19.568252279919971 ], [ -99.146564842572843, 19.569723969786939 ], [ -99.146496883788444, 19.570426138792321 ], [ -99.145992550188453, 19.571467300060228 ], [ -99.143138093637745, 19.574057652654634 ], [ -99.142293164310857, 19.574527973975023 ], [ -99.142030981082499, 19.574767712382197 ], [ -99.141768831323461, 19.575007383673448 ], [ -99.140215852668348, 19.577025630558865 ], [ -99.14009025424626, 19.577863855864212 ], [ -99.140373153738381, 19.579134642694889 ], [ -99.139868944769475, 19.580396830719405 ], [ -99.138879796334464, 19.582755403885489 ], [ -99.136004278049313, 19.583779926172245 ], [ -99.135742058529701, 19.583964327506877 ], [ -99.135227742722236, 19.584821261460871 ], [ -99.13521032153632, 19.587234343669607 ], [ -99.133296794828482, 19.588294939677962 ], [ -99.133296794784968, 19.588294939311808 ], [ -99.132072688942387, 19.588252045752274 ], [ -99.130634728010008, 19.589061332595865 ], [ -99.130275285445236, 19.589208955672657 ], [ -99.129914876235631, 19.589354638687421 ], [ -99.128633285803943, 19.589615382630551 ], [ -99.127355675702518, 19.59086905878323 ], [ -99.125510019158412, 19.59373165943849 ], [ -99.125067600685753, 19.593781299762838 ], [ -99.123115248117941, 19.593338647802188 ], [ -99.121111000233327, 19.593093340984773 ], [ -99.120277887440864, 19.592748568598054 ], [ -99.119574528949855, 19.591885711091006 ], [ -99.120091749850673, 19.587420740587483 ], [ -99.120507080788016, 19.585965142741554 ], [ -99.119099847975022, 19.583450098631413 ], [ -99.118760706627071, 19.582340331313635 ], [ -99.118350865597023, 19.581952423029914 ], [ -99.117198134123726, 19.580861365177114 ], [ -99.116312901487447, 19.580319275403863 ], [ -99.115842781628473, 19.577976262537504 ], [ -99.115021189471932, 19.575784773518205 ], [ -99.113522279773804, 19.57178644880738 ], [ -99.113522279635262, 19.571786448803937 ], [ -99.113329626769527, 19.571359067327499 ], [ -99.11314151428634, 19.570680099648907 ], [ -99.112504327270415, 19.568307851948671 ], [ -99.112419491615086, 19.5680471158805 ], [ -99.111485549691366, 19.563400271949554 ], [ -99.113050248947516, 19.562088696226784 ], [ -99.113367440122602, 19.561727404707085 ], [ -99.116187879879149, 19.558071951785049 ], [ -99.117023558203257, 19.557090177767176 ], [ -99.117032417506792, 19.556815816363734 ], [ -99.116994585530662, 19.554947790831555 ], [ -99.117010977585096, 19.554512598161551 ], [ -99.118568654377711, 19.553241763807648 ], [ -99.118815885149331, 19.553040056489991 ], [ -99.119182801113936, 19.552740700614049 ], [ -99.120202578901555, 19.550961273593202 ], [ -99.121233646707708, 19.548964276580421 ], [ -99.122416557005195, 19.546346269391567 ], [ -99.122605289365609, 19.545891131718356 ], [ -99.122697258720734, 19.545669341839034 ], [ -99.122877812622065, 19.5452339203976 ], [ -99.123317340811212, 19.544866314893152 ], [ -99.123375136582624, 19.544817976003447 ], [ -99.123680691151947, 19.544433595773338 ], [ -99.123824638636265, 19.544209925392519 ], [ -99.123929378888363, 19.544114628557161 ], [ -99.124069050293031, 19.544011027239339 ], [ -99.124247867893004, 19.543700387239632 ], [ -99.12437007632542, 19.543605078873508 ], [ -99.124447546621312, 19.543596620867383 ], [ -99.124525109484779, 19.543588152720741 ], [ -99.124683648161096, 19.543454892405496 ], [ -99.124930582819218, 19.543077007244801 ], [ -99.125099853320052, 19.542670120557833 ], [ -99.125704124533343, 19.542013058833597 ], [ -99.126069571505582, 19.541652522572452 ], [ -99.126249386252908, 19.54167370400004 ], [ -99.126427062882186, 19.541572855863869 ], [ -99.126560338482889, 19.541737549153329 ], [ -99.127479974883599, 19.541216914351445 ], [ -99.127861821573987, 19.540944437830014 ], [ -99.128109287363941, 19.540767851433309 ], [ -99.128701602877186, 19.53979607946836 ], [ -99.129490816820578, 19.538501246215063 ], [ -99.130436918540141, 19.536840583158362 ], [ -99.130857450464134, 19.53610242398199 ], [ -99.129746320978384, 19.535617820764969 ], [ -99.129645313045671, 19.53351301207158 ], [ -99.129556497322497, 19.531662215379352 ], [ -99.129289290981504, 19.52964785908393 ], [ -99.129287501542976, 19.529392372681421 ], [ -99.129280228172192, 19.528353910802565 ], [ -99.129232794334484, 19.526882152982633 ], [ -99.128485461213103, 19.525185904499612 ], [ -99.127734384627118, 19.52448531800346 ], [ -99.12783025109934, 19.524407940870393 ], [ -99.127834979509103, 19.524321532137133 ], [ -99.127590286691628, 19.524221657412021 ], [ -99.127441506966832, 19.524103523878772 ], [ -99.127297477510496, 19.523926267647969 ], [ -99.12726861397806, 19.523817144773258 ], [ -99.127267197588949, 19.523729408880115 ], [ -99.127234482848863, 19.523646810475551 ], [ -99.127178954437653, 19.523506612741269 ], [ -99.126989751983572, 19.523254843953602 ], [ -99.126677357779357, 19.522796906155488 ], [ -99.126605273690473, 19.522769157239633 ], [ -99.126580546199676, 19.522697796752944 ], [ -99.126506659663434, 19.522569930657969 ], [ -99.126473490429973, 19.522512528937472 ], [ -99.126418374811067, 19.522411799188305 ], [ -99.126372177832209, 19.522390838007226 ], [ -99.126326474037057, 19.522248838475779 ], [ -99.12632394833355, 19.522196532144719 ], [ -99.126243914242849, 19.521777918226935 ], [ -99.126232425999191, 19.52171150545437 ], [ -99.126116885342384, 19.521043569459454 ], [ -99.125933561939064, 19.521056165357937 ], [ -99.12583392601988, 19.52096433464305 ], [ -99.125426552081066, 19.520588870076814 ], [ -99.124786130915311, 19.519998606582092 ], [ -99.124338374290744, 19.519585915514991 ], [ -99.124332057077467, 19.519385507522045 ], [ -99.124325788233975, 19.519186633476895 ], [ -99.124175970534608, 19.519062081011214 ], [ -99.124127189277402, 19.51902152614916 ], [ -99.121776668814022, 19.517067353872694 ], [ -99.12135430074342, 19.516716197625602 ], [ -99.120931934854696, 19.516365041081325 ], [ -99.120881360378775, 19.516322993083062 ], [ -99.120788693044759, 19.516245948673149 ], [ -99.120695837933042, 19.516168748021421 ], [ -99.120666824311073, 19.516144625786172 ], [ -99.11917245481618, 19.514902175681989 ], [ -99.116820060595927, 19.512946288358794 ], [ -99.114344656415724, 19.51088802371882 ], [ -99.114036375872445, 19.510879958911012 ], [ -99.110733444092034, 19.51069416455266 ], [ -99.109492026287043, 19.510660298951226 ], [ -99.109174831794306, 19.510660490637274 ], [ -99.108944665442351, 19.511097945027675 ], [ -99.10871148077139, 19.510667712891209 ], [ -99.108690203345603, 19.510628455324934 ], [ -99.108637968900354, 19.510624738643212 ], [ -99.107830590528479, 19.51056728862557 ], [ -99.107794392605797, 19.510564713208492 ], [ -99.107607800439069, 19.510986274314934 ], [ -99.107577055881222, 19.510894568723135 ], [ -99.107499856612478, 19.510550369581573 ], [ -99.107451633297856, 19.510545958299129 ], [ -99.106822019060317, 19.510488367715109 ], [ -99.105716337249575, 19.510346807782192 ], [ -99.105598617744249, 19.510331735835308 ], [ -99.105469043702527, 19.510319996172786 ], [ -99.10392889247143, 19.511027718397081 ], [ -99.10366406108966, 19.511072371294745 ], [ -99.103492205870211, 19.511101347332044 ], [ -99.10293856642231, 19.511271892885624 ], [ -99.102363069136956, 19.511450508914585 ], [ -99.10166439928139, 19.511610675170154 ], [ -99.101517431065943, 19.511691332033291 ], [ -99.10135150549236, 19.511764492819374 ], [ -99.101280413483963, 19.511826359195407 ], [ -99.101155949036183, 19.511848911216557 ], [ -99.100986590240311, 19.511760432542317 ], [ -99.100559247425437, 19.511860639451513 ], [ -99.099717519111806, 19.512058011617288 ], [ -99.099445006580879, 19.512121910615303 ], [ -99.099173015792758, 19.512185686815162 ], [ -99.098899745145971, 19.51224976265328 ], [ -99.098638486955394, 19.512311021406553 ], [ -99.098271253357467, 19.512397128500776 ], [ -99.097739305952317, 19.512534223771723 ], [ -99.097411350722098, 19.512621864778573 ], [ -99.095887586034479, 19.511762012492959 ], [ -99.095078092876122, 19.511339797984512 ], [ -99.094608926624844, 19.511098572818682 ], [ -99.093275388030349, 19.510561720936025 ], [ -99.092713693277673, 19.510334596735373 ], [ -99.091941858200855, 19.510024859155958 ], [ -99.090575360859688, 19.509489493033367 ], [ -99.089565223526904, 19.509054132612999 ], [ -99.089285768865608, 19.508932821043263 ], [ -99.087951384489827, 19.508357452517252 ], [ -99.087951384327241, 19.508357452825276 ], [ -99.087022434666338, 19.507991487423936 ], [ -99.086076536082828, 19.507615883947597 ], [ -99.085273153629899, 19.507298053286636 ], [ -99.084252528609056, 19.506835702356632 ], [ -99.083337127843492, 19.50641828584881 ], [ -99.082857862766517, 19.506202354807346 ], [ -99.081486243770655, 19.505606510721396 ], [ -99.081102911260302, 19.505438983000097 ], [ -99.080114634787222, 19.505010656163623 ], [ -99.077783863986866, 19.504026210549902 ], [ -99.077185093343772, 19.503744083463847 ], [ -99.076491838613393, 19.50342070250602 ], [ -99.076145212278576, 19.503259011023374 ], [ -99.075427633274103, 19.502921537377944 ], [ -99.075105337395541, 19.502773932561009 ], [ -99.073993613283832, 19.502346794893111 ], [ -99.073495283211699, 19.502161165143761 ], [ -99.073198606897748, 19.502048063086693 ], [ -99.072752850933625, 19.501878030658368 ], [ -99.071885241108589, 19.501548383322682 ], [ -99.069019190711643, 19.500343050489022 ], [ -99.067895900205798, 19.499870769076662 ], [ -99.067007413110829, 19.49952056950827 ], [ -99.066177735818144, 19.499193449256488 ], [ -99.066118929827084, 19.499170365553901 ], [ -99.065040912284474, 19.498781131211647 ], [ -99.063962899879783, 19.498391890417736 ], [ -99.063913430733166, 19.498362661024721 ], [ -99.064058327800026, 19.498089632809531 ], [ -99.064197186976344, 19.497806413779543 ], [ -99.064794685664125, 19.496588310208143 ], [ -99.065097174800513, 19.496782412719575 ], [ -99.064794685663969, 19.496588309823608 ], [ -99.065079535702651, 19.495980509116695 ], [ -99.065474023880398, 19.495138758161637 ], [ -99.065523270009976, 19.495033677057958 ], [ -99.065671240668479, 19.495129932345613 ], [ -99.065523270009805, 19.495033676688973 ], [ -99.065938930120069, 19.494093846324461 ], [ -99.066178257465751, 19.493552709027323 ], [ -99.066345396933372, 19.493221503538056 ], [ -99.066735771776095, 19.492447925740862 ], [ -99.066770963827381, 19.492205669306486 ], [ -99.066979296517545, 19.491715967303076 ], [ -99.067158648851787, 19.491294383292335 ], [ -99.067307399785591, 19.490944728108619 ], [ -99.067503475063674, 19.490483831189081 ], [ -99.067720388348647, 19.490625686514608 ], [ -99.067503475063361, 19.490483830433575 ], [ -99.068097634176539, 19.489111351514033 ], [ -99.067869015674077, 19.489048973585177 ], [ -99.067667237585241, 19.488310507038484 ], [ -99.067488535228577, 19.487927811613581 ], [ -99.067321735837595, 19.487535034736112 ], [ -99.067048779030188, 19.486892275383138 ], [ -99.066777522912062, 19.486268089306321 ], [ -99.066359914734235, 19.485472416232884 ], [ -99.066257908240033, 19.485278061386214 ], [ -99.066035088153839, 19.484769572283259 ], [ -99.065747784228279, 19.484113921951554 ], [ -99.06542718923734, 19.483382291918613 ], [ -99.065414887559086, 19.483324342072226 ], [ -99.065116960314086, 19.482564506455741 ], [ -99.064855585834238, 19.482043052352058 ], [ -99.064776221703625, 19.481852107272029 ], [ -99.06466611942065, 19.481649147267174 ], [ -99.064546123080717, 19.481479723429324 ], [ -99.064530548416542, 19.481436949120486 ], [ -99.064514973762158, 19.481394174811985 ], [ -99.064489517861347, 19.48132426254891 ], [ -99.064318322964183, 19.480794090232159 ], [ -99.064280742293164, 19.480730679648026 ], [ -99.063984725164488, 19.480231202272151 ], [ -99.064023634317095, 19.480063196799275 ], [ -99.063908581271917, 19.480043787916888 ], [ -99.063262548796047, 19.478548291783504 ], [ -99.062590331244778, 19.476992145175718 ], [ -99.062621882113518, 19.476584053767883 ], [ -99.062452683162547, 19.476639448499771 ], [ -99.061888565814641, 19.475262333665395 ], [ -99.06147627617257, 19.474255841380749 ], [ -99.061413783985088, 19.474107938011777 ], [ -99.060826738601264, 19.472718533112666 ], [ -99.060641553932001, 19.472312224786545 ], [ -99.06042580334605, 19.471838849840697 ], [ -99.059139371447316, 19.469016289943095 ], [ -99.059079624588264, 19.46888519628623 ], [ -99.058033655267451, 19.466471758730517 ], [ -99.057897214795929, 19.466156934748852 ], [ -99.057850754559126, 19.466049731563817 ], [ -99.057798807152281, 19.465929867000952 ], [ -99.057746859894038, 19.465810002587588 ], [ -99.057724063097737, 19.465757400623971 ], [ -99.057701317336935, 19.465704916384087 ], [ -99.057655645921628, 19.465599532702129 ], [ -99.057626027577882, 19.465531190310131 ], [ -99.057596325793071, 19.46546265531741 ], [ -99.057568082524824, 19.465397485700802 ], [ -99.056664911674943, 19.463280876827643 ], [ -99.056064106688339, 19.461872837364176 ], [ -99.056064106182191, 19.461872836961859 ], [ -99.055940562481354, 19.461721753677146 ], [ -99.055330804983754, 19.46034056976065 ], [ -99.055043074445109, 19.459688811169801 ], [ -99.054640883647011, 19.458777770441817 ], [ -99.054439832219941, 19.458337638698666 ], [ -99.05429941281659, 19.458030237590652 ], [ -99.054112604355737, 19.457621282182927 ], [ -99.053929500968309, 19.457197680761197 ], [ -99.0537521573238, 19.456787402742957 ], [ -99.053571324101185, 19.456369048970544 ], [ -99.05339049180823, 19.455950694996325 ], [ -99.053214834263713, 19.455551652186802 ], [ -99.053035351285132, 19.455141503798167 ], [ -99.052851023877835, 19.454720833849599 ], [ -99.052669063392415, 19.45430600175732 ], [ -99.052487624942941, 19.45389235749057 ], [ -99.052306187415553, 19.453478713021315 ], [ -99.052133981871918, 19.453086113659595 ], [ -99.051949982365443, 19.452666586598582 ], [ -99.051839598700397, 19.452414414384208 ], [ -99.051821245376033, 19.452372486010088 ], [ -99.051801433398495, 19.452327953395759 ], [ -99.051787331842121, 19.452294042888632 ], [ -99.051774645619162, 19.452263535870355 ], [ -99.051708256204364, 19.452095812588166 ], [ -99.051166485955633, 19.45072709422967 ], [ -99.050926765663377, 19.450121460606294 ], [ -99.050955644101037, 19.450085725771171 ], [ -99.051030352942419, 19.450000292237668 ], [ -99.051057835735762, 19.44996887394117 ], [ -99.052397081577084, 19.448608497675934 ], [ -99.052489222812227, 19.44851490144729 ], [ -99.052581363941698, 19.448421305171127 ], [ -99.052864402692137, 19.448317728205748 ], [ -99.053656429246814, 19.448027886020189 ], [ -99.053953472504304, 19.44791818706004 ], [ -99.054029731710358, 19.447890016054007 ], [ -99.054642977562068, 19.447663441423188 ], [ -99.054663241026475, 19.447652247266397 ], [ -99.055440574661205, 19.447365087557667 ], [ -99.056262295817888, 19.447061525649701 ], [ -99.05632700478192, 19.447037949360283 ], [ -99.056557442027383, 19.446953990808325 ], [ -99.056978788255776, 19.446800474629811 ], [ -99.057028489899523, 19.446782148838398 ], [ -99.057897525271997, 19.446461446425612 ], [ -99.058607165482854, 19.446195252406337 ], [ -99.059479956586088, 19.445872804096279 ], [ -99.059548413576337, 19.445847512771806 ], [ -99.059607119435796, 19.445825823959929 ], [ -99.0603842041306, 19.445538728583088 ], [ -99.060454185249753, 19.445512873716041 ], [ -99.060534851195911, 19.445486797990355 ], [ -99.061447534350251, 19.445145872230949 ], [ -99.061526176815477, 19.445120066222991 ], [ -99.062098341200013, 19.444905422118953 ], [ -99.062243535426518, 19.44485177757219 ], [ -99.062498605380199, 19.44494476711747 ], [ -99.062564493191132, 19.444960641560364 ], [ -99.062649872291999, 19.444991963096918 ], [ -99.062753658937709, 19.445027793740081 ], [ -99.062899407652907, 19.445075008631918 ], [ -99.063372757297174, 19.445235474394202 ], [ -99.063491129177351, 19.445275226600693 ], [ -99.063983607907318, 19.445444289389336 ], [ -99.064104081132314, 19.445483136670472 ], [ -99.064704286380191, 19.445686439456903 ], [ -99.064741711732495, 19.445747600971774 ], [ -99.065205560980431, 19.445906475180287 ], [ -99.065306780061348, 19.445943351057501 ], [ -99.066823102673283, 19.446474470993444 ], [ -99.067015000817307, 19.446543446506489 ], [ -99.067048282365818, 19.446560708534786 ], [ -99.067092090929137, 19.446583430559254 ], [ -99.067169181078668, 19.446623414578884 ], [ -99.067215412665846, 19.446655303911733 ], [ -99.067250126504376, 19.446679299038291 ], [ -99.067581635816182, 19.446550191256538 ], [ -99.0676906472345, 19.446514281371446 ], [ -99.067824477602727, 19.446469795143269 ], [ -99.067959007025621, 19.446426717917543 ], [ -99.068115647511959, 19.44640443652327 ], [ -99.068245955737595, 19.446397294961791 ], [ -99.06837365630966, 19.446402092296026 ], [ -99.068787008751045, 19.446508956123633 ], [ -99.06927617313174, 19.446669862879446 ], [ -99.069725289802363, 19.446829000622099 ], [ -99.069858680768945, 19.446876137273151 ], [ -99.070506321905327, 19.447105473566406 ], [ -99.074015646605702, 19.448311867530997 ], [ -99.074472529644211, 19.448468923030557 ], [ -99.07572168049056, 19.448904266446814 ], [ -99.076882429870693, 19.449285659510668 ], [ -99.077822337836437, 19.449612070257245 ], [ -99.077981340447096, 19.449597876647147 ], [ -99.078023885324711, 19.44959234379008 ], [ -99.078249262449702, 19.449647675325583 ], [ -99.078395877898288, 19.449693761706946 ], [ -99.078507772331278, 19.449730925758502 ], [ -99.078757694373138, 19.449763895151172 ], [ -99.078926241048762, 19.449774847805241 ], [ -99.079190687320903, 19.449796784371877 ], [ -99.079376674735769, 19.449818754901361 ], [ -99.079507458411271, 19.449857288307079 ], [ -99.07972252231086, 19.449915079937913 ], [ -99.07987365275963, 19.44996463004393 ], [ -99.080050939009979, 19.450019681437002 ], [ -99.080260191532204, 19.450077474992604 ], [ -99.080463795139678, 19.45009411545924 ], [ -99.080690075943522, 19.45009287813825 ], [ -99.081102205848993, 19.449810211012821 ], [ -99.08206897896828, 19.449147123766284 ], [ -99.083524436657129, 19.448109688591757 ], [ -99.083631809671942, 19.448032980173817 ], [ -99.084454393362876, 19.447514849900504 ], [ -99.085275203939958, 19.446997536445295 ], [ -99.085799011549128, 19.446616345543053 ], [ -99.086688999629004, 19.445962959281452 ], [ -99.086719729631255, 19.445946302685563 ], [ -99.087019088819687, 19.445728445001578 ], [ -99.087045379754699, 19.445785804958408 ], [ -99.087086804437874, 19.445876407719606 ], [ -99.087122106682187, 19.445953914036824 ], [ -99.08713142113271, 19.445974439440864 ], [ -99.087253353802581, 19.446243130803797 ], [ -99.087276835826131, 19.446279747373008 ], [ -99.087317888201227, 19.44634376212953 ], [ -99.087448813342831, 19.446537800391315 ], [ -99.087916765176772, 19.447007136177039 ], [ -99.088414174237684, 19.447476599024725 ], [ -99.088623269254271, 19.44767394511442 ], [ -99.088972759330034, 19.447968905226233 ], [ -99.089389229896, 19.448339992725394 ], [ -99.089711741416494, 19.448637318509171 ], [ -99.09007419538618, 19.448971465541707 ], [ -99.090424012626102, 19.449293960746861 ], [ -99.090638723363668, 19.449491900799181 ], [ -99.09080427877457, 19.449652550511878 ], [ -99.090998807205679, 19.449841314120686 ], [ -99.091322454846988, 19.450155374281209 ], [ -99.091736897961567, 19.450557537630605 ], [ -99.091847134730116, 19.450664507635263 ], [ -99.09211202126653, 19.45092019124197 ], [ -99.09245901131915, 19.45123712124445 ], [ -99.092706562481069, 19.451427244529111 ], [ -99.09297184875588, 19.451612684759084 ], [ -99.093176246202489, 19.45171587921898 ], [ -99.093469948124422, 19.451824846243554 ], [ -99.093799965459766, 19.451913693305141 ], [ -99.094248011405739, 19.451945047879843 ], [ -99.094808725935152, 19.451881019148274 ], [ -99.095392738714395, 19.451694924382746 ], [ -99.096033780843456, 19.451455951149534 ], [ -99.096743600211568, 19.451192820861802 ], [ -99.097442913990022, 19.450944836278012 ], [ -99.097981575753479, 19.450718508020412 ], [ -99.098487538205973, 19.450508189711812 ], [ -99.099083940940687, 19.450256798449537 ], [ -99.099864700892923, 19.449994547823117 ], [ -99.100449306893196, 19.449918579297279 ], [ -99.100927873107935, 19.449953386321734 ], [ -99.101376314862478, 19.450058647711202 ], [ -99.101792564950642, 19.450187404614734 ], [ -99.101959482514161, 19.450239031525712 ], [ -99.102556567411625, 19.450486305482201 ], [ -99.103036241514843, 19.450673751722693 ], [ -99.103460023977107, 19.450832007752744 ], [ -99.104083006739614, 19.451090601706873 ], [ -99.104283131696945, 19.451171647714787 ], [ -99.104729419100224, 19.451338720765524 ], [ -99.105364366100574, 19.45157748654357 ], [ -99.105990493412961, 19.451810657388545 ], [ -99.106613834959376, 19.452057444573107 ], [ -99.106822446343799, 19.452141783601878 ], [ -99.107261791916386, 19.452303653505489 ], [ -99.107897966028574, 19.45254076378616 ], [ -99.108545737114511, 19.452765419656995 ], [ -99.108721061442296, 19.452840666217028 ], [ -99.108896539192642, 19.452915849609731 ], [ -99.108972230050725, 19.452929829313454 ], [ -99.10936311429893, 19.453302218300134 ], [ -99.109731215992923, 19.453574649994348 ], [ -99.110149046893724, 19.453705592427006 ], [ -99.110383900027514, 19.453753328734766 ], [ -99.110588384580453, 19.453796301579764 ], [ -99.110838243170463, 19.453846728125303 ], [ -99.111070913450234, 19.453911118470579 ], [ -99.111483597175294, 19.454058665931623 ], [ -99.111918260409425, 19.454254077971033 ], [ -99.11211554965513, 19.454384597809401 ], [ -99.112194905160109, 19.454437096585622 ], [ -99.112511087751102, 19.454670051029467 ], [ -99.112637416506658, 19.454774203118774 ], [ -99.112931838314381, 19.455016939121403 ], [ -99.112966794297677, 19.455045758494698 ], [ -99.11339709554818, 19.455400517890411 ], [ -99.113528694461039, 19.455509013342358 ], [ -99.113817691948952, 19.455751439976517 ], [ -99.11422723873855, 19.456094987807372 ], [ -99.11427074800541, 19.456131485362832 ], [ -99.114330729457265, 19.45617534264008 ], [ -99.114356477455772, 19.456194169064993 ], [ -99.114390710941336, 19.456219199897028 ], [ -99.114412470766169, 19.45623511023333 ], [ -99.114458165247655, 19.45626852107933 ], [ -99.114541028282417, 19.456329108726912 ], [ -99.114912884657201, 19.456622012457395 ], [ -99.115347179511147, 19.456964095396707 ], [ -99.115751223727003, 19.45728234844222 ], [ -99.11607386590201, 19.457537813665592 ], [ -99.11622577036097, 19.457658153926083 ], [ -99.116681029562571, 19.458021300756148 ], [ -99.116808303222285, 19.458122822700894 ], [ -99.11703659249433, 19.458265807163198 ], [ -99.1171008418886, 19.458306048400637 ], [ -99.117294264320748, 19.458384210012852 ], [ -99.117629179335125, 19.458468989969465 ], [ -99.11789850892032, 19.458555583986914 ], [ -99.11836487781315, 19.458705528307448 ], [ -99.118841814595442, 19.458858868825967 ], [ -99.1193510171273, 19.459022581435942 ], [ -99.119828515488436, 19.459180310504301 ], [ -99.120330712344725, 19.459346388248203 ], [ -99.120799271063575, 19.459501252961161 ], [ -99.121110552764847, 19.45960413475208 ], [ -99.121541897524253, 19.459746697511996 ], [ -99.121888102186574, 19.459861119889215 ], [ -99.121970907409207, 19.459890395015265 ], [ -99.122141290799675, 19.45995063255145 ], [ -99.122276222448875, 19.459996478597585 ], [ -99.122348612821312, 19.46001935913074 ], [ -99.122778695789734, 19.460156603888144 ], [ -99.123215544715848, 19.460296006460698 ], [ -99.12366187608184, 19.460438433630653 ], [ -99.124087617604232, 19.460581648711774 ], [ -99.124520765023647, 19.460721569003937 ], [ -99.125380678601417, 19.46101070132481 ], [ -99.126248752825944, 19.46129817006215 ], [ -99.126349365919623, 19.461331369857206 ], [ -99.126450101400664, 19.46136453707755 ], [ -99.127378021708708, 19.461677491160721 ], [ -99.127449815382278, 19.461704463775639 ], [ -99.127521600202087, 19.461731536190321 ], [ -99.127802363833837, 19.461880437379701 ], [ -99.128054061138116, 19.462008975148525 ], [ -99.128414831115762, 19.462220812387876 ], [ -99.128772450290001, 19.462429663920744 ], [ -99.12914583148472, 19.462656426812227 ], [ -99.129498727277166, 19.462863786649219 ], [ -99.130437006342447, 19.463401457553175 ], [ -99.13098278445861, 19.463729013282343 ], [ -99.131364928882803, 19.463963957479145 ], [ -99.132192745154029, 19.46445552214497 ], [ -99.132317208963045, 19.464531605348029 ], [ -99.132441672887879, 19.464607688464305 ], [ -99.132698473429102, 19.464758355066376 ], [ -99.132786489064983, 19.464807044897753 ], [ -99.132838686046384, 19.464835919985568 ], [ -99.132942663344181, 19.464892600861983 ], [ -99.132966083496441, 19.464901870132106 ], [ -99.133029300588646, 19.464926890286286 ], [ -99.133103340158883, 19.464961188918842 ], [ -99.133191549747707, 19.46499248989489 ], [ -99.133289206433332, 19.465022287224947 ], [ -99.133319135776929, 19.465034217128107 ], [ -99.133344337314924, 19.465041666631482 ], [ -99.133405765844216, 19.465059544729815 ], [ -99.133471918531569, 19.465077419329031 ], [ -99.13355696659103, 19.465093786376208 ], [ -99.133638855445668, 19.465098206850385 ], [ -99.133745936071961, 19.465098127880033 ], [ -99.13385459631634, 19.465104022110999 ], [ -99.133990019363608, 19.465100934851261 ], [ -99.134086076984502, 19.465100863827011 ], [ -99.1341931625265, 19.46510675901974 ], [ -99.134276619969441, 19.465103710005891 ], [ -99.134521732846196, 19.465083415496618 ], [ -99.134731681783279, 19.465066032174125 ], [ -99.134940452718524, 19.465073549301206 ], [ -99.136153896490683, 19.465117233435979 ], [ -99.137454517407761, 19.465164398657706 ], [ -99.138608037543449, 19.465219079952863 ], [ -99.139834704544455, 19.465292636162282 ], [ -99.140286787120189, 19.465334240025921 ], [ -99.140803001040311, 19.465360799329957 ], [ -99.140945525434233, 19.465374621857148 ], [ -99.141021958330114, 19.465388705715455 ], [ -99.141076027269648, 19.465406342772496 ], [ -99.141143145185481, 19.465425737566481 ], [ -99.141209448817747, 19.465462375865556 ], [ -99.141256910105113, 19.465501669197604 ], [ -99.141302778453451, 19.465549408252269 ], [ -99.141324069443968, 19.46556879524627 ], [ -99.141348320337045, 19.465591761489204 ], [ -99.141406158610209, 19.465657129147989 ], [ -99.141449059479172, 19.465692451643431 ], [ -99.141490091846464, 19.465722476421814 ], [ -99.141525523250678, 19.465741893515506 ], [ -99.141557222217386, 19.465756014351676 ], [ -99.141590785110751, 19.465770131440109 ], [ -99.141679091202377, 19.465784310425036 ], [ -99.141825779685874, 19.465809491039742 ], [ -99.141992600576359, 19.465771679723918 ], [ -99.14215940168063, 19.465711259836727 ], [ -99.142334141489386, 19.465643297418801 ], [ -99.14249335602598, 19.465546472392692 ], [ -99.142532671254074, 19.465522563117087 ], [ -99.142558385925099, 19.465501186023687 ], [ -99.14272322235378, 19.465364154156536 ], [ -99.142929657247208, 19.465198196327503 ], [ -99.143060518585131, 19.465136744668111 ], [ -99.143031334982254, 19.465325199835146 ], [ -99.143034296723883, 19.465460693702951 ], [ -99.143051335051439, 19.465638803994434 ], [ -99.143642100316683, 19.467158598364176 ], [ -99.143681764949974, 19.467270091227924 ], [ -99.143708155534767, 19.46734427212975 ], [ -99.144401033327881, 19.469238210750348 ], [ -99.144466762784873, 19.469417875690446 ], [ -99.144662117928675, 19.469965832435115 ], [ -99.145047311944111, 19.470987098395003 ], [ -99.145823113365239, 19.473014222470134 ], [ -99.145863760196576, 19.473116836430449 ], [ -99.145904487184481, 19.473219339627793 ], [ -99.146512064443229, 19.474743667932156 ], [ -99.146908139232863, 19.475800855204209 ], [ -99.147071854655721, 19.4762284978003 ], [ -99.147314387467148, 19.476871950864716 ], [ -99.147614495134505, 19.477668145608217 ], [ -99.147914605758857, 19.478464339765338 ], [ -99.147973726605358, 19.478623923483649 ], [ -99.148148927183001, 19.479096836912667 ], [ -99.148860669442826, 19.480983515178359 ], [ -99.149714456612685, 19.483246661991878 ], [ -99.15047882203055, 19.485291933773286 ], [ -99.151826038434677, 19.48889664969963 ], [ -99.152959058876704, 19.491838500035886 ], [ -99.153036003351986, 19.492045616402407 ] ], [ [ -99.059526251891413, 19.46869156998774 ], [ -99.059526251752288, 19.468691569667342 ], [ -99.059079624588264, 19.46888519628623 ], [ -99.059526251891413, 19.46869156998774 ] ], [ [ -99.13090631612603, 19.573386907837136 ], [ -99.131024451166653, 19.573467180245636 ], [ -99.130906316125731, 19.573386907470496 ], [ -99.13077759600155, 19.573562993289521 ], [ -99.13090631612603, 19.573386907837136 ] ], [ [ -99.130726938542793, 19.573041406868114 ], [ -99.130761080156319, 19.572932276396621 ], [ -99.130726938542509, 19.573041406501478 ], [ -99.130648833564749, 19.573169074649829 ], [ -99.130726938542793, 19.573041406868114 ] ], [ [ -99.130906283770997, 19.571984043478128 ], [ -99.130844346417959, 19.572105471816329 ], [ -99.130906283771296, 19.571984043844942 ], [ -99.130988829042053, 19.571985624821092 ], [ -99.130906283770997, 19.571984043478128 ] ], [ [ -99.130778364733004, 19.572317520858942 ], [ -99.130740740416456, 19.57228980776037 ], [ -99.130778364733274, 19.572317521225667 ], [ -99.130821254176922, 19.57219384982627 ], [ -99.130778364733004, 19.572317520858942 ] ], [ [ -99.129574028065122, 19.573612832422214 ], [ -99.129554967150483, 19.573642009664802 ], [ -99.12957402806542, 19.573612832788761 ], [ -99.129642184109798, 19.573562094090171 ], [ -99.129574028065122, 19.573612832422214 ] ], [ [ -99.128556574548995, 19.573633754944392 ], [ -99.12850341404625, 19.573607888909304 ], [ -99.128556574549265, 19.573633755310937 ], [ -99.128731208879216, 19.573718725711522 ], [ -99.128556574548995, 19.573633754944392 ] ], [ [ -99.128379772541905, 19.573570977195384 ], [ -99.128361186806572, 19.573561265394275 ], [ -99.128379772542203, 19.573570977561928 ], [ -99.12850341404625, 19.573607888909304 ], [ -99.128379772541905, 19.573570977195384 ] ], [ [ -99.127959154493354, 19.573490691511722 ], [ -99.127888275944954, 19.57349124790769 ], [ -99.127959154493638, 19.573490691878355 ], [ -99.12809155436824, 19.573548424539634 ], [ -99.127959154493354, 19.573490691511722 ] ], [ [ -99.128191791418701, 19.572501462894337 ], [ -99.128244179165989, 19.572195879047054 ], [ -99.128244179103163, 19.572195879045058 ], [ -99.128191791418402, 19.572501462527697 ], [ -99.128005973311559, 19.572948635172285 ], [ -99.128005973329095, 19.572948635497411 ], [ -99.128191791418701, 19.572501462894337 ] ], [ [ -99.115254188765874, 19.571829424974478 ], [ -99.115254188765888, 19.571829424974478 ], [ -99.115867562581457, 19.570356487015111 ], [ -99.115254188765874, 19.571829424974478 ] ], [ [ -99.142888557986851, 19.554493976472251 ], [ -99.142780179904904, 19.554629101958248 ], [ -99.142888557986851, 19.554493976472259 ], [ -99.142888557986851, 19.554493976472251 ] ], [ [ -99.169749867430511, 19.527813257261162 ], [ -99.170052659406608, 19.528219538230637 ], [ -99.170273166716299, 19.528561034288337 ], [ -99.170052659406608, 19.528219538230545 ], [ -99.169749867430511, 19.527813257261162 ] ], [ [ -99.17012699302191, 19.528990957521184 ], [ -99.170089282156823, 19.529149928154034 ], [ -99.170007121883302, 19.529496274741486 ], [ -99.170089282156823, 19.529149928154034 ], [ -99.17012699302191, 19.528990957521184 ] ], [ [ -99.1467691, 19.559619540999954 ], [ -99.146868386502575, 19.559569448869276 ], [ -99.146769099745725, 19.559619540520927 ], [ -99.146768217896934, 19.559618004785399 ], [ -99.1467691, 19.559619540999954 ] ], [ [ -99.147477776314304, 19.558144550362154 ], [ -99.147477775930895, 19.55814455011047 ], [ -99.146934535726245, 19.55901275418432 ], [ -99.147477776314304, 19.558144550362154 ] ], [ [ -99.14791025952654, 19.556351031734085 ], [ -99.147910259622307, 19.55635103157535 ], [ -99.147406199970547, 19.556067967946777 ], [ -99.14698988359072, 19.556776509642329 ], [ -99.146430543426547, 19.556569839862828 ], [ -99.146989884000021, 19.556776509999956 ], [ -99.1474062, 19.556067967999976 ], [ -99.14791025952654, 19.556351031734085 ] ], [ [ -99.143617165788683, 19.559261324884929 ], [ -99.143733970015674, 19.559477364156002 ], [ -99.143753261191435, 19.55951475913756 ], [ -99.14373397, 19.559477364000038 ], [ -99.143617165788683, 19.559261324884929 ] ], [ [ -99.144665024584071, 19.560610802809645 ], [ -99.144407856314686, 19.560748935830944 ], [ -99.144407856410737, 19.56074893598851 ], [ -99.144665024584071, 19.560610802809645 ] ], [ [ -99.144378542, 19.560700846999985 ], [ -99.144351807322536, 19.560656990144416 ], [ -99.144378542063393, 19.560700847221437 ], [ -99.144382831339584, 19.560707883573389 ], [ -99.144378542, 19.560700846999985 ] ], [ [ -99.144023075, 19.560089122 ], [ -99.143972079422383, 19.559969953075981 ], [ -99.144023074718731, 19.560089122013334 ], [ -99.144092805703337, 19.560215069526357 ], [ -99.144023075, 19.560089122 ] ], [ [ -99.133594921982152, 19.584230986330361 ], [ -99.133691958992287, 19.583769257241762 ], [ -99.133691958946841, 19.583769257091426 ], [ -99.133594921981839, 19.584230985965263 ], [ -99.133547189754651, 19.585415941319585 ], [ -99.133271398048421, 19.585693139599602 ], [ -99.133077179791258, 19.586447322928205 ], [ -99.133077179821029, 19.586447323178639 ], [ -99.13327139804872, 19.585693139964519 ], [ -99.13354718975495, 19.585415941684595 ], [ -99.133594921982152, 19.584230986330361 ] ], [ [ -99.134469716781609, 19.58186049581769 ], [ -99.134761620821905, 19.58144478640595 ], [ -99.134842340053837, 19.580890737306973 ], [ -99.134842340022658, 19.580890737153283 ], [ -99.134761620821607, 19.581444786040482 ], [ -99.134469716781311, 19.581860495452226 ], [ -99.133901695290746, 19.582153300966102 ], [ -99.133788474478081, 19.582676596547667 ], [ -99.133464029926714, 19.583015385561218 ], [ -99.133464030010714, 19.583015385839094 ], [ -99.133788474478393, 19.582676596913039 ], [ -99.133901695291044, 19.58215330133147 ], [ -99.134469716781609, 19.58186049581769 ] ], [ [ -99.1324720472183, 19.578126077667608 ], [ -99.132550728056188, 19.578184210756653 ], [ -99.132681360791366, 19.578084772961887 ], [ -99.132834236377349, 19.57804421134923 ], [ -99.132681360791068, 19.57808477259589 ], [ -99.13255072805589, 19.578184210390649 ], [ -99.1324720472183, 19.578126077667608 ] ], [ [ -99.131083657754857, 19.575639763255385 ], [ -99.131083657656063, 19.575639763600481 ], [ -99.13128798088681, 19.575683437489587 ], [ -99.131564343518903, 19.57574250882778 ], [ -99.131611946390123, 19.575753488762995 ], [ -99.131564343518619, 19.575742508461509 ], [ -99.131287980886526, 19.575683437123313 ], [ -99.131083657754857, 19.575639763255385 ] ], [ [ -99.131146239119303, 19.575421138249144 ], [ -99.131151061635151, 19.5751619665796 ], [ -99.131151061629296, 19.575161966512972 ], [ -99.131146239119303, 19.575421138249144 ] ], [ [ -99.131248607223256, 19.573936561575415 ], [ -99.13124860745279, 19.57393656135423 ], [ -99.131179301360774, 19.57389275486965 ], [ -99.131248607223256, 19.573936561575415 ] ], [ [ -99.133169195844658, 19.542570680355922 ], [ -99.133169195844658, 19.542570680355912 ], [ -99.133117880653984, 19.542527888064456 ], [ -99.133169195844658, 19.542570680355922 ] ], [ [ -99.137631035600663, 19.570439974865955 ], [ -99.13787078015811, 19.570162296953693 ], [ -99.137631035411687, 19.570439974717466 ], [ -99.137631035600663, 19.570439974865955 ] ], [ [ -99.127977652180462, 19.488728598004098 ], [ -99.127857776219173, 19.488684870777035 ], [ -99.127518584775913, 19.488561143149262 ], [ -99.127857776219159, 19.488684870777035 ], [ -99.127977652180462, 19.488728598004098 ] ], [ [ -99.130069579379509, 19.543499401261702 ], [ -99.129794661692472, 19.543104103475017 ], [ -99.130069579379509, 19.543499401261702 ], [ -99.130177417494863, 19.543572085828554 ], [ -99.130069579379509, 19.543499401261702 ] ], [ [ -99.127459509970635, 19.552118044659718 ], [ -99.127548818804783, 19.552145597920081 ], [ -99.128112774132532, 19.552319586276262 ], [ -99.128345183551474, 19.55225383560537 ], [ -99.128832338793501, 19.55237154293664 ], [ -99.129073978766129, 19.551794236848863 ], [ -99.129166048992218, 19.551575229867154 ], [ -99.129298705803507, 19.551272090010269 ], [ -99.129706029923682, 19.551366493004743 ], [ -99.12980181117635, 19.551031349377158 ], [ -99.129813486675701, 19.551004445282874 ], [ -99.129982050833348, 19.550616018335607 ], [ -99.130085054437856, 19.550581971248391 ], [ -99.130246170254921, 19.550528715448326 ], [ -99.130246170115015, 19.550528715124766 ], [ -99.130085054437572, 19.550581970878678 ], [ -99.129982050833064, 19.550616017965989 ], [ -99.129813486675417, 19.551004444913257 ], [ -99.129801811176051, 19.551031349007545 ], [ -99.129706029923398, 19.551366492635211 ], [ -99.129298705803222, 19.551272089640648 ], [ -99.129166048991934, 19.551575229497541 ], [ -99.129073978765831, 19.551794236479338 ], [ -99.128832338793217, 19.552371542567197 ], [ -99.12834518355119, 19.552253835235934 ], [ -99.128112774132234, 19.552319585906826 ], [ -99.127548818804499, 19.552145597550641 ], [ -99.12745950997035, 19.552118044290189 ], [ -99.127368620863095, 19.552096230427182 ], [ -99.12711075271811, 19.552034340436759 ], [ -99.126828655088204, 19.552260153438578 ], [ -99.126784096935154, 19.552242487247131 ], [ -99.126504674833726, 19.552075679279316 ], [ -99.126343150225566, 19.551979252794176 ], [ -99.126325917114201, 19.552005686261371 ], [ -99.126299128661927, 19.552046776422539 ], [ -99.12558264229223, 19.551538999202847 ], [ -99.125413570530512, 19.551535911194843 ], [ -99.125214317157187, 19.551664880400761 ], [ -99.124951191558281, 19.551835191041455 ], [ -99.124790504406633, 19.551939197021433 ], [ -99.124705566681158, 19.551900042326167 ], [ -99.124680265083811, 19.551877232407676 ], [ -99.124563074881863, 19.551771582861868 ], [ -99.124434102695233, 19.551588476967872 ], [ -99.124434102649872, 19.551588477272599 ], [ -99.124563074882133, 19.551771583231314 ], [ -99.124680265084095, 19.551877232777201 ], [ -99.124705566681428, 19.551900042695692 ], [ -99.124790504406917, 19.551939197390965 ], [ -99.124951191558566, 19.551835191410976 ], [ -99.125214317157472, 19.551664880770289 ], [ -99.125413570530782, 19.551535911564365 ], [ -99.125582642292514, 19.551538999572465 ], [ -99.126299128662211, 19.552046776791979 ], [ -99.126325917114499, 19.552005686630803 ], [ -99.12634315022585, 19.551979253163616 ], [ -99.12650467483401, 19.552075679648755 ], [ -99.126784096935438, 19.552242487616567 ], [ -99.126828655088502, 19.552260153808021 ], [ -99.127110752718394, 19.552034340806198 ], [ -99.127368620863393, 19.552096230796707 ], [ -99.127459509970635, 19.552118044659718 ] ], [ [ -99.124439242949805, 19.550714404981996 ], [ -99.124445255906338, 19.550959220973983 ], [ -99.124501561128682, 19.551135264407971 ], [ -99.124501561166142, 19.551135264156343 ], [ -99.124445255906053, 19.550959220604359 ], [ -99.124439242957962, 19.550714404956075 ], [ -99.124439242949805, 19.550714404981996 ] ], [ [ -99.123968724896258, 19.550402851501911 ], [ -99.124162026281653, 19.550444730239125 ], [ -99.124501087733066, 19.550518187335559 ], [ -99.12450108784212, 19.550518186989546 ], [ -99.124162026281368, 19.550444729869412 ], [ -99.123968724986099, 19.550402851151816 ], [ -99.123968724896258, 19.550402851501911 ] ], [ [ -99.125662531363403, 19.547907892705066 ], [ -99.125994727656817, 19.547560186341773 ], [ -99.125662531363403, 19.547907892705066 ], [ -99.125662531363403, 19.547907892705066 ] ], [ [ -99.128970850811456, 19.550322656458572 ], [ -99.128970850889033, 19.550322656493972 ], [ -99.129008343493382, 19.550160517477398 ], [ -99.129008343424871, 19.550160517402681 ], [ -99.128970850811456, 19.550322656458572 ] ], [ [ -99.127622691563147, 19.549529262403425 ], [ -99.127622691568547, 19.549529262412797 ], [ -99.127627258865445, 19.549207064318463 ], [ -99.127627258859974, 19.549207064315141 ], [ -99.127622691563147, 19.549529262403425 ] ], [ [ -99.126973244946413, 19.548418268272076 ], [ -99.127056050042313, 19.54801498578443 ], [ -99.127056049977426, 19.548014985728951 ], [ -99.126973244906068, 19.548418268097183 ], [ -99.126973244946413, 19.548418268272076 ] ], [ [ -99.120950303539175, 19.473040511365525 ], [ -99.121570970037638, 19.473269774516165 ], [ -99.121570970037666, 19.473269774516076 ], [ -99.120950303539175, 19.473040511365525 ] ], [ [ -99.122676833219501, 19.477419933428987 ], [ -99.122676832968523, 19.477419933337217 ], [ -99.122164457097199, 19.478785230418236 ], [ -99.121986984929691, 19.479258124127366 ], [ -99.121986985187789, 19.479258124199525 ], [ -99.122164457097725, 19.478785231176907 ], [ -99.122676833219501, 19.477419933428987 ] ], [ [ -99.119766258909195, 19.478226547573477 ], [ -99.119880452431886, 19.478254288628072 ], [ -99.120622660906108, 19.478509029783929 ], [ -99.121035855920425, 19.478641093916767 ], [ -99.121035856175553, 19.478641093239808 ], [ -99.120622660905553, 19.47850902902525 ], [ -99.119880452431332, 19.478254287869309 ], [ -99.119766258908641, 19.478226546814717 ], [ -99.119652065691042, 19.478198805752623 ], [ -99.119652065425001, 19.47819880644662 ], [ -99.119766258909195, 19.478226547573477 ] ], [ [ -99.122239727343526, 19.477260101062996 ], [ -99.122873036457349, 19.475579458911199 ], [ -99.122873036204169, 19.47557945882205 ], [ -99.122239727091653, 19.477260100970891 ], [ -99.122239727343526, 19.477260101062996 ] ], [ [ -99.122419128125557, 19.475419621373153 ], [ -99.122419128378795, 19.475419621462336 ], [ -99.123022969599575, 19.47381777295114 ], [ -99.12302296935286, 19.473817772844118 ], [ -99.122419128125557, 19.475419621373153 ] ], [ [ -99.119872015530348, 19.476530549503039 ], [ -99.120241928194417, 19.476660068837116 ], [ -99.120241928194417, 19.476660068837116 ], [ -99.119872015530348, 19.476530549503039 ] ], [ [ -99.092623364652709, 19.501013908886872 ], [ -99.092475624483328, 19.500980691579993 ], [ -99.092097171528565, 19.500895601122906 ], [ -99.092475624483328, 19.500980691579993 ], [ -99.092623364652709, 19.501013908886872 ] ], [ [ -99.10013368313254, 19.496356486640586 ], [ -99.100226537075258, 19.496417805819554 ], [ -99.100272352855683, 19.4963642494289 ], [ -99.100226537075017, 19.496417805442611 ], [ -99.10013368313254, 19.496356486640586 ] ], [ [ -99.100109196410742, 19.496285579027916 ], [ -99.099495811315521, 19.497198042097999 ], [ -99.100109196410969, 19.496285579404852 ], [ -99.10013368313254, 19.496356486640586 ], [ -99.100109196410742, 19.496285579027916 ] ], [ [ -99.098253172187739, 19.481466246615685 ], [ -99.098149733903014, 19.481694114105366 ], [ -99.098141817430061, 19.481711553526811 ], [ -99.097825399589837, 19.482408595960614 ], [ -99.09769164826875, 19.482352513172145 ], [ -99.097538115712581, 19.482288135814652 ], [ -99.097360152043152, 19.482213514079852 ], [ -99.097151456259596, 19.48212600578772 ], [ -99.097151455984758, 19.482126006429972 ], [ -99.097360152043592, 19.482213514837525 ], [ -99.09753811571305, 19.482288136572325 ], [ -99.097691648269219, 19.482352513929829 ], [ -99.097825399590306, 19.482408596718297 ], [ -99.098141817430516, 19.481711554284669 ], [ -99.098149733903483, 19.481694114863227 ], [ -99.098253172188194, 19.481466247373639 ], [ -99.098299682961326, 19.481363787083662 ], [ -99.099075197553233, 19.479655356716336 ], [ -99.099075197259936, 19.479655356603043 ], [ -99.098299682960857, 19.481363786325719 ], [ -99.098253172187739, 19.481466246615685 ] ], [ [ -99.103557537640981, 19.481443346033846 ], [ -99.10327208464436, 19.481331428520864 ], [ -99.102049831212184, 19.480852212951433 ], [ -99.10327208464436, 19.481331428520956 ], [ -99.103557537640981, 19.481443346033846 ] ], [ [ -99.099045796062811, 19.489661164724339 ], [ -99.099313674, 19.489713069999972 ], [ -99.099804776, 19.489808226 ], [ -99.100258802, 19.489896197000029 ], [ -99.100429139877775, 19.489983310937514 ], [ -99.100429140405808, 19.48998331056664 ], [ -99.100258801635604, 19.489896196809184 ], [ -99.099804776084781, 19.4898082258042 ], [ -99.099313674285071, 19.489713069594956 ], [ -99.099045796062811, 19.489661164724339 ] ], [ [ -99.097780852133965, 19.489416059666137 ], [ -99.09740603070756, 19.489256957237597 ], [ -99.097780852, 19.489416060000039 ], [ -99.098069759407267, 19.489472041359246 ], [ -99.097780852133965, 19.489416059666137 ] ], [ [ -99.096897203156672, 19.489040970775946 ], [ -99.096833843281246, 19.489019549181503 ], [ -99.096897203, 19.489040970999973 ], [ -99.09713728396558, 19.48914288021825 ], [ -99.096897203156672, 19.489040970775946 ] ], [ [ -99.096044072150391, 19.488752529950922 ], [ -99.095792898909252, 19.488650409062874 ], [ -99.096044072, 19.488752529999989 ], [ -99.096206250329104, 19.488807362256235 ], [ -99.096044072150391, 19.488752529950922 ] ], [ [ -99.095279909501613, 19.488441838647681 ], [ -99.095097232198967, 19.488367565519539 ], [ -99.09527991, 19.488441838999961 ], [ -99.095754674833117, 19.488634868047775 ], [ -99.095279909501613, 19.488441838647681 ] ], [ [ -99.093689876777944, 19.489483255015006 ], [ -99.094246341880918, 19.48802160631281 ], [ -99.094246341839039, 19.488021606295774 ], [ -99.093689876777944, 19.489483255015006 ] ], [ [ -99.097269236941472, 19.471011161618542 ], [ -99.097768753443816, 19.471260989511656 ], [ -99.098856598287725, 19.471805054791727 ], [ -99.098856598399792, 19.471805054500585 ], [ -99.097768753755332, 19.471260989017789 ], [ -99.097269236892132, 19.471011161427882 ], [ -99.096769721555034, 19.470761332447598 ], [ -99.096285840400085, 19.470514542060805 ], [ -99.096234695143011, 19.47065258998235 ], [ -99.095517439188328, 19.472588533991736 ], [ -99.096234695067082, 19.470652590496069 ], [ -99.096285840514014, 19.470514542512511 ], [ -99.096769721012436, 19.470761332335648 ], [ -99.097269236941472, 19.471011161618542 ] ], [ [ -99.095417911636716, 19.472857164729209 ], [ -99.095912017402796, 19.473109399860579 ], [ -99.095417911659368, 19.472857164668053 ], [ -99.095417911636716, 19.472857164729209 ] ], [ [ -99.099019883850389, 19.474537720965905 ], [ -99.0985036744121, 19.47429737656558 ], [ -99.098760178777141, 19.473634020631142 ], [ -99.098503674177266, 19.474297376703621 ], [ -99.099019883850389, 19.474537720965905 ] ], [ [ -99.099336524036644, 19.472143490640086 ], [ -99.099336524147233, 19.4721434903541 ], [ -99.098818119955453, 19.471905023711617 ], [ -99.098839312233366, 19.471849964971156 ], [ -99.098818119683131, 19.471905023788938 ], [ -99.099336524036644, 19.472143490640086 ] ], [ [ -99.097615734626331, 19.481041103536619 ], [ -99.097615734902973, 19.481041102890185 ], [ -99.097416788303917, 19.480961036168317 ], [ -99.097615734626331, 19.481041103536619 ] ], [ [ -99.09518805609676, 19.484580464439972 ], [ -99.094704457154577, 19.484366862632392 ], [ -99.093563050083205, 19.484215615934179 ], [ -99.093259958167195, 19.484181957172538 ], [ -99.092146918565788, 19.483903361013304 ], [ -99.092146918405831, 19.483903361351874 ], [ -99.093259958167408, 19.484181957551097 ], [ -99.093563050083418, 19.484215616312742 ], [ -99.094704457154791, 19.484366863010965 ], [ -99.09518805609676, 19.484580464439972 ] ], [ [ -99.100151414981241, 19.490178373279576 ], [ -99.100329788509399, 19.490053091282753 ], [ -99.100151415, 19.490178373000045 ], [ -99.099118445338377, 19.491524035300678 ], [ -99.100151414981241, 19.490178373279576 ] ], [ [ -99.098319948954043, 19.492564386378866 ], [ -99.098428361688988, 19.492423149972222 ], [ -99.098319949, 19.492564386 ], [ -99.098181589251396, 19.49253843561878 ], [ -99.098319948954043, 19.492564386378866 ] ], [ [ -99.082819652826402, 19.497851422601517 ], [ -99.081671585447083, 19.499518245132343 ], [ -99.081529771505572, 19.499724134929881 ], [ -99.08022082408749, 19.501624474684654 ], [ -99.080220824300866, 19.501624474751381 ], [ -99.081529771505757, 19.499724135306369 ], [ -99.081671585447268, 19.499518245508828 ], [ -99.082819652826586, 19.497851422978282 ], [ -99.083556601471571, 19.496779599517581 ], [ -99.083556601195014, 19.496779599542684 ], [ -99.082819652826402, 19.497851422601517 ] ], [ [ -99.067645815549028, 19.476389284888857 ], [ -99.068357851313181, 19.475773957046751 ], [ -99.067645815549028, 19.476389284888764 ], [ -99.067332049976272, 19.476041539604822 ], [ -99.067645815549028, 19.476389284888857 ] ], [ [ -99.069179766720168, 19.473759981145385 ], [ -99.069226173322619, 19.473807476856013 ], [ -99.069179766720168, 19.473759981145385 ], [ -99.068923843932524, 19.473498051435609 ], [ -99.069179766720168, 19.473759981145385 ] ], [ [ -99.087515986127201, 19.487672023505766 ], [ -99.087864929569051, 19.486724446345171 ], [ -99.087923869587613, 19.486564388266306 ], [ -99.087864929569051, 19.486724446345082 ], [ -99.087515986127201, 19.487672023505766 ] ], [ [ -99.088635191440574, 19.504258051176887 ], [ -99.088713279610957, 19.504122392528014 ], [ -99.088713279443652, 19.504122392442362 ], [ -99.08863519144036, 19.504258050801031 ], [ -99.087831815176756, 19.505653700813134 ], [ -99.08783181534524, 19.505653700896481 ], [ -99.088635191440574, 19.504258051176887 ] ], [ [ -99.08780889005719, 19.506627138421603 ], [ -99.088251176282313, 19.505861174489411 ], [ -99.088251176113431, 19.505861174405858 ], [ -99.087808890056991, 19.506627138046024 ], [ -99.087150939598686, 19.507766576018792 ], [ -99.08780889005719, 19.506627138421603 ] ], [ [ -99.075431453415419, 19.453165620151019 ], [ -99.075431453415419, 19.453165620151015 ], [ -99.074932839569584, 19.451152614432385 ], [ -99.075431453415419, 19.453165620151019 ] ], [ [ -99.080637532219981, 19.503792038212246 ], [ -99.081353603875684, 19.501978691986199 ], [ -99.081353603743281, 19.501978691944803 ], [ -99.080637532088915, 19.503792038167713 ], [ -99.080637532219981, 19.503792038212246 ] ], [ [ -99.081587216772334, 19.504114691705645 ], [ -99.08158721665194, 19.504114691664746 ], [ -99.081182169660195, 19.505243663972095 ], [ -99.081587216772334, 19.504114691705645 ] ], [ [ -99.062032959525979, 19.452495286228629 ], [ -99.062333467976103, 19.452385033775965 ], [ -99.062613245735946, 19.45228238654882 ], [ -99.062333467976103, 19.452385033775965 ], [ -99.062032959525979, 19.452495286228629 ] ], [ [ -99.059852546027628, 19.466538681280884 ], [ -99.059572304996919, 19.466286716077729 ], [ -99.059448113944498, 19.466373574200986 ], [ -99.059448114074442, 19.466373574491211 ], [ -99.059572304997062, 19.466286716458743 ], [ -99.05985254602777, 19.466538681661802 ], [ -99.060348297352775, 19.466984409558549 ], [ -99.061258053537045, 19.467802357513435 ], [ -99.061321849543049, 19.467934112254454 ], [ -99.061701490438352, 19.467768145725014 ], [ -99.062272984808743, 19.46751830501838 ], [ -99.062272984515417, 19.467518304765726 ], [ -99.06170149043821, 19.467768145344273 ], [ -99.061321849542921, 19.467934111873713 ], [ -99.061258053536903, 19.467802357132602 ], [ -99.060348297352633, 19.466984409177627 ], [ -99.059852546027628, 19.466538681280884 ] ], [ [ -99.059409156802133, 19.467117736054565 ], [ -99.059722936477399, 19.466987406925391 ], [ -99.059722936333571, 19.466987406604151 ], [ -99.059409156801991, 19.467117735673742 ], [ -99.059245592397431, 19.466807727255524 ], [ -99.058794537953077, 19.467006313768326 ], [ -99.058794538091945, 19.467006314088167 ], [ -99.059245592397573, 19.466807727636439 ], [ -99.059409156802133, 19.467117736054565 ] ], [ [ -99.058580254134426, 19.464337360561732 ], [ -99.058467010880747, 19.464239808856529 ], [ -99.058425070324816, 19.464203679918096 ], [ -99.058467010880733, 19.464239808856529 ], [ -99.058580254134426, 19.464337360561732 ] ], [ [ -99.059320631330451, 19.463384167173821 ], [ -99.059320631330451, 19.463384167173821 ], [ -99.058894863356585, 19.463573776835535 ], [ -99.059320631330451, 19.463384167173821 ] ], [ [ -99.058514627180955, 19.463795280553747 ], [ -99.058407180030841, 19.463794986133415 ], [ -99.058407179919755, 19.463794986514483 ], [ -99.058514627180955, 19.463795280553747 ] ] ] ] } },
{ "type": "Feature", "properties": { "id": 4288.0, "entidad": 9, "distrito_f": 17, "distrito_l": 20, "municipio": 4, "seccion": 747, "tipo": 2, "control": 11382.0, "SECCION_TX": "0747", "SECCION__1": null, "SECCION__2": null, "SECCION_N": "747", "ESTATUS": null, "ALCALDIA_N": "CUAJIMALPA" }, "geometry": { "type": "MultiPolygon", "coordinates": [ [ [ [ -99.324249709991491, 19.255270728726185 ], [ -99.328768657240431, 19.206023880004835 ], [ -99.335063684572859, 19.20637336699621 ], [ -99.339063175223799, 19.206595273625908 ], [ -99.361987012866038, 19.212051445266766 ], [ -99.368689780833364, 19.230946205900906 ], [ -99.368442519042944, 19.233806661157033 ], [ -99.367808866501605, 19.241140646164656 ], [ -99.361716566277494, 19.244586128553809 ], [ -99.342976342890992, 19.2435969818921 ], [ -99.345552520994872, 19.25518770091848 ], [ -99.345559136235607, 19.258344278428691 ], [ -99.35455381748946, 19.267002114915165 ], [ -99.36372244417467, 19.267887840950678 ], [ -99.365640179698858, 19.269638797358486 ], [ -99.366568848827455, 19.269872811820672 ], [ -99.367476124450761, 19.270583765465428 ], [ -99.36937335754503, 19.270882783256322 ], [ -99.369949365008765, 19.271716126760289 ], [ -99.370591172107353, 19.272479610855331 ], [ -99.371547181043738, 19.274066569632456 ], [ -99.371558747571243, 19.274448147505879 ], [ -99.372007159269913, 19.274628659394065 ], [ -99.372290057967192, 19.275202315975882 ], [ -99.373474511646009, 19.275405679139819 ], [ -99.37405650042831, 19.276971291267284 ], [ -99.374234706759623, 19.278417712202938 ], [ -99.370717031557433, 19.284812192802438 ], [ -99.364549506123481, 19.291393924994093 ], [ -99.363739669336354, 19.292290686083994 ], [ -99.356173701438422, 19.292320779849625 ], [ -99.353488201913635, 19.292393866936816 ], [ -99.358245030680806, 19.297681103027539 ], [ -99.359497919381795, 19.303482315016034 ], [ -99.355775319263856, 19.306045628469597 ], [ -99.352685812374304, 19.308172868893756 ], [ -99.344796320393996, 19.313604513098483 ], [ -99.341400025025479, 19.315942495996556 ], [ -99.338743489410149, 19.317798382222254 ], [ -99.338031789593074, 19.31945142793878 ], [ -99.337242300639161, 19.320409176174749 ], [ -99.336261958054052, 19.321868185151267 ], [ -99.335878963104008, 19.322233190567044 ], [ -99.335304281723083, 19.322689622601136 ], [ -99.335041294940098, 19.3230999431002 ], [ -99.334395073199332, 19.323761421836867 ], [ -99.334353250866883, 19.323841212819513 ], [ -99.33418005054402, 19.324171653155155 ], [ -99.334157455121812, 19.324854756563784 ], [ -99.334086659669623, 19.325424104564064 ], [ -99.333895803440399, 19.32592536663886 ], [ -99.33372879174388, 19.326358278204921 ], [ -99.333489317692553, 19.326540866106292 ], [ -99.333081813738772, 19.326655454473194 ], [ -99.332866230733785, 19.32679245999395 ], [ -99.332770477418791, 19.326883710136293 ], [ -99.332723153865331, 19.327202558701408 ], [ -99.332963460059375, 19.327429807399795 ], [ -99.333059767296305, 19.327611781361242 ], [ -99.333084490202197, 19.327976035846063 ], [ -99.33298901314042, 19.328203897480158 ], [ -99.332629888795381, 19.328523315066949 ], [ -99.332450210944572, 19.32862610199253 ], [ -99.332270532867128, 19.32872888874326 ], [ -99.331935298750864, 19.329002723991309 ], [ -99.331791895907401, 19.329253440961505 ], [ -99.331744110185198, 19.329344602807243 ], [ -99.331648400725356, 19.329458620533973 ], [ -99.331624829448657, 19.329663581460977 ], [ -99.331769060352642, 19.329822700647249 ], [ -99.3318173059657, 19.329959225207595 ], [ -99.331817765742301, 19.330186911611619 ], [ -99.331866287418848, 19.330460047988488 ], [ -99.331851989858151, 19.3306125884504 ], [ -99.331842808257761, 19.330710546669991 ], [ -99.331794976177221, 19.330778939881728 ], [ -99.331651249914174, 19.330870276248806 ], [ -99.331411675169136, 19.331007324186199 ], [ -99.331076710279348, 19.331417769710722 ], [ -99.330861669573949, 19.331827997044726 ], [ -99.33069505654754, 19.33246582349571 ], [ -99.330791685231901, 19.332807179001328 ], [ -99.330888314327666, 19.333148533965726 ], [ -99.33110450379867, 19.333307522502075 ], [ -99.331248737461621, 19.333466641523309 ], [ -99.331369123748459, 19.333694110388411 ], [ -99.331417416152689, 19.333853403616679 ], [ -99.331514185034138, 19.334263064545226 ], [ -99.331587152661214, 19.334763843541559 ], [ -99.331486102691656, 19.335456777880637 ], [ -99.331472527824516, 19.336216935861923 ], [ -99.331457997836097, 19.336503805019493 ], [ -99.33145889500689, 19.336948409614028 ], [ -99.331490096843666, 19.337435985485431 ], [ -99.331566162510896, 19.337694005570381 ], [ -99.331476464092617, 19.338167459141442 ], [ -99.331356055247866, 19.338397152209531 ], [ -99.331145252217866, 19.338756088642562 ], [ -99.331100069695168, 19.338827881389015 ], [ -99.33102481358155, 19.338971439409502 ], [ -99.331055320775192, 19.339114805334567 ], [ -99.33113118416702, 19.339272430991546 ], [ -99.331191909693231, 19.339415741986617 ], [ -99.331252953532243, 19.339716815831217 ], [ -99.331203088110911, 19.339838390246836 ], [ -99.331094588034063, 19.339900453729509 ], [ -99.330877504536204, 19.339983336417113 ], [ -99.330776287436578, 19.340066008609309 ], [ -99.33071133394219, 19.340176111108523 ], [ -99.330545522690002, 19.340547610020945 ], [ -99.330473410162028, 19.340698969652859 ], [ -99.330393986655551, 19.340815972312932 ], [ -99.330177205644915, 19.341050082491883 ], [ -99.330104748950745, 19.341119123223557 ], [ -99.329938685052142, 19.341277357732565 ], [ -99.329873702908685, 19.341373711905966 ], [ -99.329816404212437, 19.341690021397 ], [ -99.329802334911776, 19.341896268019998 ], [ -99.32973749048044, 19.342061362279466 ], [ -99.329708647688648, 19.342123280808796 ], [ -99.329578516839362, 19.342233500801704 ], [ -99.329448289275874, 19.342295602607525 ], [ -99.329238471100481, 19.342392218316498 ], [ -99.329166122323358, 19.34242671919754 ], [ -99.329014458371304, 19.342633214223245 ], [ -99.32900033290916, 19.342811964724863 ], [ -99.32913827131425, 19.342983566611796 ], [ -99.329189156803537, 19.343079711236967 ], [ -99.32918228708796, 19.343265322673357 ], [ -99.329037781564338, 19.343430560551102 ], [ -99.328965459833796, 19.343478809382116 ], [ -99.328860799870995, 19.343532797002222 ], [ -99.32875613983866, 19.343586784562831 ], [ -99.328575195382697, 19.344386837595625 ], [ -99.328526968571694, 19.344846767367148 ], [ -99.328478741511333, 19.345306697106636 ], [ -99.328522361269506, 19.346053029921126 ], [ -99.328411570770342, 19.346826298576957 ], [ -99.328174105897048, 19.34745317880498 ], [ -99.327951586917493, 19.348533210072663 ], [ -99.327881881094328, 19.348786581737116 ], [ -99.327869010158892, 19.349373070850351 ], [ -99.327994123813795, 19.349703604602407 ], [ -99.328010180011688, 19.349746022791741 ], [ -99.328207200569693, 19.349958928292548 ], [ -99.32839047250647, 19.350318474814287 ], [ -99.328559249153344, 19.350451458201601 ], [ -99.328615739375437, 19.350611301539235 ], [ -99.328682262333174, 19.350680193145358 ], [ -99.328719873786355, 19.350720584076534 ], [ -99.328763492770619, 19.350764315799552 ], [ -99.328911246441663, 19.350917329933406 ], [ -99.328939839064233, 19.351170524893824 ], [ -99.329207449730518, 19.351569904502945 ], [ -99.329404821825889, 19.351956081939402 ], [ -99.32941964030833, 19.352342589343202 ], [ -99.32944828751171, 19.352622441601831 ], [ -99.32928025670536, 19.352862663176523 ], [ -99.328845573910002, 19.35318333875087 ], [ -99.328467273872306, 19.353610541753739 ], [ -99.328046577005665, 19.353904532692162 ], [ -99.327499280442709, 19.35409212021445 ], [ -99.327204248534116, 19.35402600659696 ], [ -99.326923206548614, 19.353933209859111 ], [ -99.326923304112853, 19.353982182596461 ], [ -99.326923843842138, 19.354253099082005 ], [ -99.326798228197589, 19.354639858673359 ], [ -99.326686654865924, 19.355026592984341 ], [ -99.326588911718076, 19.355306672309734 ], [ -99.326406645463749, 19.355453615429994 ], [ -99.326111955879853, 19.355560773398754 ], [ -99.325971764806951, 19.35568098322312 ], [ -99.325902000111725, 19.355907697050888 ], [ -99.325677656540464, 19.356081372260519 ], [ -99.32513016505294, 19.356175651288293 ], [ -99.324919731323646, 19.356282657381797 ], [ -99.324723524977728, 19.356482938759378 ], [ -99.324700852659632, 19.35651239884238 ], [ -99.324569447262448, 19.356683144856959 ], [ -99.324415685425933, 19.357043295426308 ], [ -99.324135851027506, 19.357563615436451 ], [ -99.324109251966277, 19.357595870921305 ], [ -99.323827639169082, 19.357937369078719 ], [ -99.323575546043813, 19.358284364978424 ], [ -99.323351144214172, 19.358431379927964 ], [ -99.322958328525203, 19.358632008388778 ], [ -99.322396914607396, 19.358792948265329 ], [ -99.322022041500091, 19.358775822687097 ], [ -99.32183513349689, 19.358767284381052 ], [ -99.321413628026136, 19.35866139866085 ], [ -99.321076251867026, 19.358488719831335 ], [ -99.320865369315086, 19.358369132609308 ], [ -99.320415674981504, 19.35820997915182 ], [ -99.320191139860569, 19.358235798419528 ], [ -99.319962355064149, 19.358245064278929 ], [ -99.319719656948962, 19.358303105017971 ], [ -99.319644946031204, 19.358303236160651 ], [ -99.319532836494815, 19.35828127346516 ], [ -99.319378658968475, 19.358237225049955 ], [ -99.319285106480692, 19.358153183257048 ], [ -99.319210240415231, 19.358073540548617 ], [ -99.319098131090229, 19.358051577581879 ], [ -99.319023463370925, 19.358073867363853 ], [ -99.318944048664321, 19.358056279371858 ], [ -99.318771193802618, 19.358012263144587 ], [ -99.318677788095229, 19.358003562837578 ], [ -99.318649909272708, 19.358074521335695 ], [ -99.318659420286423, 19.358163142413776 ], [ -99.318654888585968, 19.358234060975668 ], [ -99.318598984512846, 19.358300637070428 ], [ -99.318426284313176, 19.358336394195632 ], [ -99.318342251702177, 19.358345404874253 ], [ -99.318169396687054, 19.358301388079202 ], [ -99.318075870548796, 19.358230641270715 ], [ -99.318019760058903, 19.358190852284395 ], [ -99.317860853469739, 19.358115787631846 ], [ -99.317543203701817, 19.35804986346005 ], [ -99.317435849775208, 19.358072210039612 ], [ -99.31740548135258, 19.358063399195935 ], [ -99.317375112933163, 19.358054588347038 ], [ -99.317272231283582, 19.357974993647932 ], [ -99.317225382796153, 19.357895301298061 ], [ -99.317164551798356, 19.357828928945331 ], [ -99.317043061234912, 19.357784821611094 ], [ -99.316959071629796, 19.357815991007943 ], [ -99.316912437357445, 19.357847095368609 ], [ -99.316840791011259, 19.357894074771846 ], [ -99.316673575673335, 19.358026825802547 ], [ -99.316243606718004, 19.358375752824266 ], [ -99.315893151250336, 19.358603434886561 ], [ -99.315638305705178, 19.358785535828819 ], [ -99.315351705635223, 19.359043382688437 ], [ -99.315208565236432, 19.359255565625258 ], [ -99.315144998862976, 19.359376781685629 ], [ -99.315065540765474, 19.359528301729462 ], [ -99.314938058761001, 19.359589075262019 ], [ -99.314810460459711, 19.35958929588352 ], [ -99.314746661308419, 19.359589406160747 ], [ -99.314635012792579, 19.359589599092065 ], [ -99.314555234825178, 19.359574598652198 ], [ -99.314379816179937, 19.359590039821001 ], [ -99.314236442067468, 19.359681117270075 ], [ -99.314004013092088, 19.35981675938892 ], [ -99.313893694608396, 19.359829033485418 ], [ -99.313689840668104, 19.359752853309043 ], [ -99.313638821380238, 19.359704605538894 ], [ -99.313579221921117, 19.359608036882118 ], [ -99.313349712649099, 19.359431201225725 ], [ -99.313137533115238, 19.359439622129983 ], [ -99.312993302045939, 19.359472093842058 ], [ -99.312959000490551, 19.359485360530613 ], [ -99.312836392985204, 19.359532783015418 ], [ -99.312622424820319, 19.359557417323014 ], [ -99.311801137496914, 19.359651972075017 ], [ -99.311611799650592, 19.359946363164344 ], [ -99.311788823634728, 19.360163698752604 ], [ -99.311912708296887, 19.360315793768656 ], [ -99.311933966201821, 19.360335897210071 ], [ -99.311955323690682, 19.360408364097218 ], [ -99.311972398971164, 19.360460698464014 ], [ -99.312002297976363, 19.360561346505346 ], [ -99.312027891794202, 19.360629778152653 ], [ -99.312049165078975, 19.360657937493873 ], [ -99.312121357880699, 19.360681981593274 ], [ -99.312146848293395, 19.360696035797719 ], [ -99.312172338710425, 19.360710089998609 ], [ -99.312223419223912, 19.360790561834225 ], [ -99.312232014427835, 19.360846938682819 ], [ -99.312193964664047, 19.360923535357234 ], [ -99.312083829204326, 19.361032479342146 ], [ -99.311990677031375, 19.361145422134388 ], [ -99.312007936280921, 19.361294427464401 ], [ -99.311974398388784, 19.361511995318565 ], [ -99.311957744318562, 19.361681198596965 ], [ -99.311902971157082, 19.361890746869232 ], [ -99.311831260276179, 19.362120463978563 ], [ -99.311801766890667, 19.362233297642472 ], [ -99.311742619234749, 19.36237437786156 ], [ -99.311670685965979, 19.362487284156593 ], [ -99.311547878384374, 19.362628473264358 ], [ -99.31148424925702, 19.362644694001503 ], [ -99.3114290927859, 19.362652844285918 ], [ -99.311369684680002, 19.362656973854193 ], [ -99.31124233463278, 19.36264107970058 ], [ -99.311123380887267, 19.362576835471724 ], [ -99.311042699427716, 19.362552805490651 ], [ -99.311013014481674, 19.362564940106445 ], [ -99.310953713302496, 19.362625460936382 ], [ -99.310924058878769, 19.362653707365745 ], [ -99.31089901490715, 19.362875288475983 ], [ -99.310928936626922, 19.362988020540396 ], [ -99.310933340971857, 19.363072599930344 ], [ -99.310916517710353, 19.363153188509305 ], [ -99.310874169370265, 19.363201596454189 ], [ -99.310789312332858, 19.363213825223159 ], [ -99.310704424760601, 19.363209942125508 ], [ -99.310606789944956, 19.363198024794041 ], [ -99.310543152872938, 19.363210217248806 ], [ -99.3105008806602, 19.363298904221526 ], [ -99.310513727045546, 19.363359302316965 ], [ -99.310556258576852, 19.363407565417582 ], [ -99.31059035552029, 19.363484038683836 ], [ -99.310573806634835, 19.363709633214668 ], [ -99.310569684661758, 19.363774087759609 ], [ -99.310595362314928, 19.363886827107493 ], [ -99.310612414657427, 19.363927077713271 ], [ -99.310633878863015, 19.364055936119072 ], [ -99.310616986702016, 19.364100272601693 ], [ -99.310583156585309, 19.364164777368675 ], [ -99.310502611681642, 19.364213250378299 ], [ -99.310324538007308, 19.364306197725174 ], [ -99.310150639599939, 19.364362885152229 ], [ -99.31010821456168, 19.364371013354997 ], [ -99.310061591183057, 19.364403316969259 ], [ -99.309998098259143, 19.364492040412841 ], [ -99.309955848268615, 19.364592811579932 ], [ -99.30986692144441, 19.364697690152028 ], [ -99.309701632237619, 19.364818810467941 ], [ -99.309587172444765, 19.364887480609962 ], [ -99.309468612927816, 19.365032689067757 ], [ -99.309396676942029, 19.365145594469404 ], [ -99.309350227955349, 19.365270540446861 ], [ -99.309329174846113, 19.365359191541984 ], [ -99.30934201337557, 19.365415561298491 ], [ -99.309363317231075, 19.365459832761879 ], [ -99.309384621098232, 19.365504104222303 ], [ -99.309427213667448, 19.365584591222206 ], [ -99.309457013289446, 19.365632876203062 ], [ -99.309461325757709, 19.365669120595058 ], [ -99.309440234658751, 19.365737631918183 ], [ -99.309376687697636, 19.365798159450801 ], [ -99.309181757546938, 19.365867167018308 ], [ -99.309113730319936, 19.365891249394721 ], [ -99.308952470948284, 19.365899579058087 ], [ -99.308719123070148, 19.365940254133182 ], [ -99.308579296192107, 19.366061330714587 ], [ -99.308511550178395, 19.36614603288055 ], [ -99.308439484258528, 19.366190462648479 ], [ -99.308371609354964, 19.366206689505098 ], [ -99.308261263391472, 19.366206876376872 ], [ -99.30815945856115, 19.366235244055783 ], [ -99.30801954022499, 19.366307984281352 ], [ -99.307968838222806, 19.366428909587182 ], [ -99.307930868398913, 19.366549812435952 ], [ -99.307947965763844, 19.366614231476483 ], [ -99.307977976963272, 19.366775299473407 ], [ -99.307939938994281, 19.366859951168003 ], [ -99.307901825355245, 19.36690432329215 ], [ -99.307829736252287, 19.366936668953191 ], [ -99.307634477672238, 19.366920887132494 ], [ -99.307451989167959, 19.366925222928458 ], [ -99.307282248032692, 19.366937593871146 ], [ -99.307146527531728, 19.366986158531315 ], [ -99.307010874820733, 19.367070974699605 ], [ -99.306938785463885, 19.367103320010646 ], [ -99.306820003439952, 19.367131716023902 ], [ -99.306726345128752, 19.367321744434701 ], [ -99.306604412096803, 19.367452399147368 ], [ -99.306370564399643, 19.367626724807977 ], [ -99.306253712553598, 19.367752539280193 ], [ -99.306167350743621, 19.367849314118583 ], [ -99.306137031915128, 19.367970151505965 ], [ -99.306132121592853, 19.368066788881542 ], [ -99.306167864954233, 19.36812470624065 ], [ -99.306259633474923, 19.36819702326104 ], [ -99.306356402544296, 19.368221018166718 ], [ -99.306407427254754, 19.368283741214572 ], [ -99.306397336064407, 19.368332072756143 ], [ -99.306382095448058, 19.368349008049464 ], [ -99.306366854830259, 19.368365944246772 ], [ -99.306366972184549, 19.368428752519744 ], [ -99.30640814953891, 19.368670255991638 ], [ -99.306383192339368, 19.368936028497668 ], [ -99.306347773693773, 19.369052042582158 ], [ -99.306307435729963, 19.369259863038117 ], [ -99.306226191012101, 19.36937112365159 ], [ -99.306181204147308, 19.369815693190578 ], [ -99.30618159211987, 19.3700234450979 ], [ -99.306100527351646, 19.370231333992187 ], [ -99.305851519955766, 19.370468493843916 ], [ -99.305780464964428, 19.370584568135151 ], [ -99.305740026821695, 19.370739242611275 ], [ -99.305679144259628, 19.370850467869019 ], [ -99.305618216584762, 19.370937536811923 ], [ -99.305430099315245, 19.371068301843088 ], [ -99.30510970116427, 19.37124277155749 ], [ -99.305028328811588, 19.371286391031777 ], [ -99.304983478512511, 19.371324849450147 ], [ -99.30496674683279, 19.371339196592007 ], [ -99.304906346579742, 19.371392887411471 ], [ -99.304845687813113, 19.371624898043621 ], [ -99.30481038430608, 19.37180372176833 ], [ -99.304790299381565, 19.371953530036265 ], [ -99.304739624385604, 19.37207923314941 ], [ -99.30468337136297, 19.372195779088738 ], [ -99.304622884862468, 19.372267855282885 ], [ -99.304592501284844, 19.372354872307262 ], [ -99.304577426180018, 19.372461189525726 ], [ -99.304648913802282, 19.372577024779602 ], [ -99.304705057061241, 19.372654234060523 ], [ -99.304781635735253, 19.372770060734588 ], [ -99.30480725181998, 19.372856984005949 ], [ -99.304827839940771, 19.37297773586976 ], [ -99.304792329527459, 19.373045435242631 ], [ -99.304746691204954, 19.373142141189348 ], [ -99.304655198894963, 19.373219597620551 ], [ -99.3045127796223, 19.373287476313269 ], [ -99.304431468909357, 19.373364915597591 ], [ -99.304416411561718, 19.373480895670838 ], [ -99.304386135317458, 19.373625889916472 ], [ -99.304371185570844, 19.373799847245124 ], [ -99.304335755527376, 19.373911029923779 ], [ -99.304303825303791, 19.374018684642053 ], [ -99.304248664551523, 19.374110671229595 ], [ -99.304186538592901, 19.374176414680115 ], [ -99.304100186832045, 19.374232352268233 ], [ -99.303941261218611, 19.374314666244839 ], [ -99.303823803615941, 19.374380501971551 ], [ -99.303723643081796, 19.37444959026535 ], [ -99.303595913977887, 19.374571235818483 ], [ -99.303475113281024, 19.374699433644665 ], [ -99.303447587249877, 19.374774964568442 ], [ -99.303433881943519, 19.374843908529506 ], [ -99.303485907237359, 19.374925870718577 ], [ -99.303544836884058, 19.375001257011295 ], [ -99.303669552000855, 19.375119199420308 ], [ -99.303752646854633, 19.375171572065309 ], [ -99.303825470484611, 19.375279755543318 ], [ -99.30391566450308, 19.375430574528703 ], [ -99.303957467669264, 19.37559460302241 ], [ -99.303947372911395, 19.375745589463754 ], [ -99.303871547103483, 19.375883558740664 ], [ -99.303598771146923, 19.376113750566635 ], [ -99.303325708948265, 19.376189691377462 ], [ -99.303132156009582, 19.376249089120762 ], [ -99.302921275250895, 19.376288823312692 ], [ -99.302796778043685, 19.376289030956904 ], [ -99.302665273411364, 19.376240020363365 ], [ -99.302505993790732, 19.376131980614435 ], [ -99.302429797170348, 19.376069750070684 ], [ -99.301546216149049, 19.375132576415705 ], [ -99.301421357678592, 19.374935865778898 ], [ -99.301393136657595, 19.374633971924197 ], [ -99.301139249945194, 19.372449852518702 ], [ -99.300929325240872, 19.370643877329549 ], [ -99.300969931214425, 19.370158080146982 ], [ -99.301121461921625, 19.369816506161008 ], [ -99.300442534677003, 19.369086042025494 ], [ -99.300371339051281, 19.369006696703675 ], [ -99.299643435148596, 19.368195765513423 ], [ -99.299027980915497, 19.367510078409879 ], [ -99.299362539159702, 19.366517183974235 ], [ -99.299382241000757, 19.366441322733817 ], [ -99.299443240654867, 19.36619623408653 ], [ -99.299540605594188, 19.365745241447456 ], [ -99.299544296024635, 19.365497790819646 ], [ -99.299550460942513, 19.364638184639702 ], [ -99.299568053042591, 19.364586844820309 ], [ -99.29962128766654, 19.364416816901596 ], [ -99.299640933875807, 19.364252720013795 ], [ -99.299640933853297, 19.364252719801275 ], [ -99.299621287665815, 19.364416816507124 ], [ -99.299568053041853, 19.36458684442583 ], [ -99.299550460941788, 19.36463818424523 ], [ -99.299544296023896, 19.365497790425351 ], [ -99.299540605593464, 19.36574524105308 ], [ -99.299443240654142, 19.366196233692328 ], [ -99.299382241000046, 19.366441322339618 ], [ -99.299362539158977, 19.366517183580036 ], [ -99.299027980914786, 19.367510078015769 ], [ -99.298924901845439, 19.367497626896562 ], [ -99.298705434702782, 19.36746643626471 ], [ -99.298615693454792, 19.367476048750849 ], [ -99.298565879328976, 19.367504526235795 ], [ -99.298330117487311, 19.367653201881076 ], [ -99.298720140462763, 19.368239408415324 ], [ -99.298667220104164, 19.368387784252263 ], [ -99.298518247898087, 19.368731933082731 ], [ -99.298408944182924, 19.368952968337769 ], [ -99.298306179957962, 19.369114046169852 ], [ -99.298229838769572, 19.369180428068297 ], [ -99.298047144608532, 19.36926275953093 ], [ -99.297758160284545, 19.369395746086202 ], [ -99.297532190803963, 19.369446596954621 ], [ -99.29735264875805, 19.369434269982271 ], [ -99.296997774825186, 19.369304628689893 ], [ -99.29661534183515, 19.369222226631013 ], [ -99.29636354251906, 19.3691754902176 ], [ -99.296223461754138, 19.369167048846194 ], [ -99.295967612459194, 19.369124118096156 ], [ -99.295787916871021, 19.369098402025443 ], [ -99.295678290327558, 19.369092800539406 ], [ -99.295599149181484, 19.369107378049833 ], [ -99.295516973545261, 19.369127740042568 ], [ -99.295419635904423, 19.369182804146821 ], [ -99.295334555858517, 19.369281195238447 ], [ -99.295176533437555, 19.369454839260154 ], [ -99.295054971501145, 19.369585077122846 ], [ -99.294896880920518, 19.369721153678263 ], [ -99.294732648314252, 19.369828342092521 ], [ -99.294629225370272, 19.369886305426 ], [ -99.294507522520831, 19.369938518688372 ], [ -99.294272222222276, 19.369961111140761 ], [ -99.294172767489385, 19.370140397860016 ], [ -99.294147544416802, 19.370080846951897 ], [ -99.294134911505836, 19.370039153196871 ], [ -99.294077198169731, 19.36999048195365 ], [ -99.294020104218433, 19.369944413755437 ], [ -99.294001416704106, 19.369929334695438 ], [ -99.293983711530586, 19.369869796694427 ], [ -99.293872811091603, 19.36969505333327 ], [ -99.293594722319881, 19.369442447409835 ], [ -99.293594722139687, 19.369442447639354 ], [ -99.293872811092314, 19.369695053727117 ], [ -99.293983711531283, 19.369869797088175 ], [ -99.29400141670483, 19.369929335089282 ], [ -99.293987137120808, 19.369960455867087 ], [ -99.293972857530747, 19.369991576249898 ], [ -99.29377696888065, 19.370388383341012 ], [ -99.293622100293774, 19.370820108533383 ], [ -99.293438365171056, 19.371143039508912 ], [ -99.293189415486381, 19.371644884477998 ], [ -99.292972876956242, 19.371948431989772 ], [ -99.292923844667058, 19.372014592704513 ], [ -99.292884829148875, 19.372095518869969 ], [ -99.292854471884141, 19.372158529425157 ], [ -99.292740356746918, 19.372477460486056 ], [ -99.292667082047359, 19.372730244459575 ], [ -99.292601763000746, 19.372850851574402 ], [ -99.292429902191444, 19.372944419729137 ], [ -99.292204759952881, 19.373018637451626 ], [ -99.29191806836026, 19.373030758997633 ], [ -99.291742193854773, 19.373267513911571 ], [ -99.291640315396961, 19.373462679071057 ], [ -99.291583076485026, 19.373521078696594 ], [ -99.291415220452564, 19.373564106349093 ], [ -99.291370365874727, 19.37367690592815 ], [ -99.291256067243737, 19.373894770075591 ], [ -99.291189418277909, 19.374054296566761 ], [ -99.291107767543707, 19.374249730385351 ], [ -99.291865193393747, 19.374172393097137 ], [ -99.29218559044989, 19.373918131736353 ], [ -99.29233714766653, 19.373943263083021 ], [ -99.292408628485219, 19.374044647153514 ], [ -99.292470843900048, 19.374336789561664 ], [ -99.292392116183763, 19.374780540692157 ], [ -99.292481467728933, 19.374907270730318 ], [ -99.292499624840573, 19.375093322847857 ], [ -99.292660412875776, 19.375296062124978 ], [ -99.292714069397746, 19.375397474714635 ], [ -99.292821291976509, 19.375549550545596 ], [ -99.292799101242252, 19.375600333280691 ], [ -99.292776910498802, 19.375651120834057 ], [ -99.292732710247151, 19.375854189699538 ], [ -99.292643871456022, 19.376015039141055 ], [ -99.292635215606154, 19.376158843136839 ], [ -99.292546467143083, 19.376370441820665 ], [ -99.29252051435077, 19.376810311988802 ], [ -99.292958669341516, 19.377613139797379 ], [ -99.292973675221759, 19.377819168394844 ], [ -99.293021935175943, 19.378103615730989 ], [ -99.293013491300499, 19.378365834693067 ], [ -99.292951586180877, 19.378636597963997 ], [ -99.292925483012553, 19.378991885945428 ], [ -99.292801021971471, 19.379169709243047 ], [ -99.292703480250267, 19.379448987993086 ], [ -99.292532236483765, 19.379677319268755 ], [ -99.292454752978259, 19.379914590954797 ], [ -99.292770331767045, 19.380303561496621 ], [ -99.293249747559358, 19.380894466701637 ], [ -99.293222939753718, 19.380928993008371 ], [ -99.291533495968139, 19.383104824143718 ], [ -99.291301924078937, 19.383457987002387 ], [ -99.28682844997563, 19.383013139280706 ], [ -99.286934859197487, 19.382020889733145 ], [ -99.287026781979662, 19.38100410665237 ], [ -99.287118374085281, 19.380802256212537 ], [ -99.287343225603706, 19.380704494682671 ], [ -99.287673170766396, 19.380919570048356 ], [ -99.287953052692146, 19.380956329757787 ], [ -99.288196194950473, 19.380880465436498 ], [ -99.288281736288951, 19.380704494682696 ], [ -99.288589685107596, 19.380132589733133 ], [ -99.289068397973793, 19.38019473034559 ], [ -99.28909804506219, 19.380198578765757 ], [ -99.289762823464301, 19.37989551802325 ], [ -99.289877501696481, 19.379340264245283 ], [ -99.290083261195917, 19.378654690364634 ], [ -99.290110573195093, 19.378466670334078 ], [ -99.290123617609495, 19.378256390108806 ], [ -99.290148473279615, 19.378125433459278 ], [ -99.290085276258168, 19.37773618382796 ], [ -99.289853053104764, 19.377648960184867 ], [ -99.289594339428376, 19.377494206119444 ], [ -99.289454244168198, 19.377309230907166 ], [ -99.289611676045553, 19.376858498510391 ], [ -99.290064991009544, 19.376103958854348 ], [ -99.289644532880274, 19.375994180912766 ], [ -99.289297887536037, 19.376897738223423 ], [ -99.288203485199105, 19.376487072766697 ], [ -99.287773637011043, 19.376325794023682 ], [ -99.287651112924152, 19.376687640595204 ], [ -99.287593051658092, 19.376761364129937 ], [ -99.287602868518249, 19.376828844399668 ], [ -99.28765479266491, 19.376942277964414 ], [ -99.287732638623908, 19.377089418417761 ], [ -99.286908045974911, 19.376961864796364 ], [ -99.286818542093172, 19.377541856042381 ], [ -99.286902665263568, 19.37758160729939 ], [ -99.286877296774378, 19.37786390237984 ], [ -99.286793672781485, 19.378109473395742 ], [ -99.28632801091058, 19.378033506978852 ], [ -99.286286289602828, 19.378208448056331 ], [ -99.28618981892059, 19.378503126848187 ], [ -99.286135080267428, 19.378629000520217 ], [ -99.285898932876037, 19.378543467993726 ], [ -99.285953323713926, 19.378218175583587 ], [ -99.286004958045524, 19.378165938602109 ], [ -99.285955742841594, 19.377751837278357 ], [ -99.285926005093032, 19.377383724723803 ], [ -99.285679597714136, 19.377556493067615 ], [ -99.285632176886224, 19.377589741530102 ], [ -99.285048635256217, 19.378020399889728 ], [ -99.285060586536218, 19.37842034896207 ], [ -99.285062142425033, 19.378472416535221 ], [ -99.285068976474832, 19.37870111644386 ], [ -99.285077354223688, 19.378981474801154 ], [ -99.285092820417489, 19.379054237167676 ], [ -99.284870535812956, 19.379134650570073 ], [ -99.284648605001934, 19.379418865624295 ], [ -99.284449720779108, 19.379724880805099 ], [ -99.284365542252942, 19.379834192278125 ], [ -99.284281249967407, 19.379877995954207 ], [ -99.28407408898461, 19.379834647102758 ], [ -99.283368175753779, 19.379668339120066 ], [ -99.283230031007292, 19.379617603589796 ], [ -99.283107150516614, 19.379523172241406 ], [ -99.282970011501618, 19.380054727769018 ], [ -99.282548183175081, 19.380062661975604 ], [ -99.282441194413238, 19.380288466107594 ], [ -99.281998408065263, 19.380244728013626 ], [ -99.281733636625887, 19.380934111293506 ], [ -99.281362033433766, 19.381133233332243 ], [ -99.280857026279762, 19.381486985596435 ], [ -99.280555245595963, 19.381735634949813 ], [ -99.280381169615339, 19.381895844381042 ], [ -99.280311788227408, 19.382105528225583 ], [ -99.280277097468485, 19.382210370359669 ], [ -99.280248161740815, 19.382282112457318 ], [ -99.280248463618534, 19.382458598199449 ], [ -99.279427327321329, 19.382930755100336 ], [ -99.278728867141638, 19.383332367351141 ], [ -99.278686465216239, 19.383356747625214 ], [ -99.278612436389935, 19.383387566428308 ], [ -99.278471237831198, 19.383446348422641 ], [ -99.278402091826905, 19.383487259158457 ], [ -99.278000276610683, 19.383778520646004 ], [ -99.277603198913852, 19.384089160290291 ], [ -99.276631557961323, 19.384697737459643 ], [ -99.276520634501225, 19.384728880444236 ], [ -99.276044289834857, 19.384847306391634 ], [ -99.27601200475651, 19.385057980883452 ], [ -99.275946954335367, 19.385194366661462 ], [ -99.275823308172662, 19.385423764285626 ], [ -99.274976119477287, 19.386094206356073 ], [ -99.27448402291428, 19.386383175322994 ], [ -99.274275000419024, 19.386504824877523 ], [ -99.273961401520339, 19.386648692504611 ], [ -99.273850227956018, 19.386759850045429 ], [ -99.273532338927851, 19.387256009084439 ], [ -99.273451249177754, 19.387421587256608 ], [ -99.273277261408538, 19.387642456479231 ], [ -99.273138677873163, 19.388183153132495 ], [ -99.273081257848361, 19.388602394457607 ], [ -99.272826287447828, 19.389055022463285 ], [ -99.272733608999886, 19.38924267845259 ], [ -99.272827132689955, 19.389562419345083 ], [ -99.272990326591767, 19.38983793407531 ], [ -99.273025657996371, 19.390113640639335 ], [ -99.272839932647045, 19.390268344733048 ], [ -99.272166184935045, 19.390534083464697 ], [ -99.271515938969458, 19.390954209565429 ], [ -99.271306944984858, 19.391097916899625 ], [ -99.271179099411654, 19.391109137962655 ], [ -99.270725162187176, 19.390745811586623 ], [ -99.270142945195389, 19.390128975759872 ], [ -99.26989887927931, 19.39015139889597 ], [ -99.269713641380861, 19.390603919521276 ], [ -99.269423913648012, 19.391133807471821 ], [ -99.269110627845663, 19.391476213269531 ], [ -99.268739057623108, 19.39171943120386 ], [ -99.26849562212314, 19.392127915018548 ], [ -99.268193667515789, 19.392293816356478 ], [ -99.268077661537987, 19.392437382404161 ], [ -99.268136937950274, 19.39314323959303 ], [ -99.268090983212232, 19.393474218853608 ], [ -99.268021255145214, 19.393636804436291 ], [ -99.267951526942952, 19.393799390869678 ], [ -99.267856548932244, 19.394085542088341 ], [ -99.267676062229981, 19.394305083181965 ], [ -99.267525793877937, 19.394572248185728 ], [ -99.267365228943888, 19.394686888858093 ], [ -99.267285008647207, 19.394782343886487 ], [ -99.267365587018276, 19.394906163638932 ], [ -99.267365820547639, 19.395049168927947 ], [ -99.267265692792748, 19.395259057720811 ], [ -99.267175534034038, 19.395421263266073 ], [ -99.267075296946786, 19.395564416152684 ], [ -99.266894745415115, 19.395745821725232 ], [ -99.266774211799458, 19.395765066029231 ], [ -99.266683881451797, 19.395822400790095 ], [ -99.266623800920684, 19.39594642710917 ], [ -99.266503577510449, 19.396156344944544 ], [ -99.266463839179892, 19.396432880718127 ], [ -99.266484166158122, 19.396575856543507 ], [ -99.266564744828898, 19.396699676623108 ], [ -99.266715544758895, 19.396756657325223 ], [ -99.266886392412104, 19.39678500813287 ], [ -99.266956846629014, 19.396861174357678 ], [ -99.26693686119529, 19.396927939650293 ], [ -99.266916937922545, 19.39703283967701 ], [ -99.266876998050478, 19.397185437617352 ], [ -99.266857230120706, 19.397385674473924 ], [ -99.266827244041394, 19.397481055549701 ], [ -99.266777520933118, 19.397795740827881 ], [ -99.266767660185565, 19.397910159770895 ], [ -99.266747892046098, 19.398110396602284 ], [ -99.26671795237678, 19.398234378703851 ], [ -99.266738202146044, 19.398329686052776 ], [ -99.266798578671597, 19.39838679969397 ], [ -99.266979553009051, 19.39846280366676 ], [ -99.267190544705514, 19.398462493702027 ], [ -99.267381441951201, 19.398462213046685 ], [ -99.267431693643431, 19.398471672838941 ], [ -99.267582573428612, 19.398576321588081 ], [ -99.267612917739697, 19.398700215086762 ], [ -99.267593057040628, 19.398843249454952 ], [ -99.267623572871045, 19.39907201388047 ], [ -99.267613774997358, 19.399224567572457 ], [ -99.26749331681539, 19.399291480781901 ], [ -99.267282355190019, 19.399310858083812 ], [ -99.266790147450337, 19.399378317395595 ], [ -99.26643843056803, 19.399340698388176 ], [ -99.266146935489132, 19.399264855724866 ], [ -99.26595606826865, 19.399284202460066 ], [ -99.265855734878286, 19.399370152559491 ], [ -99.265765711817565, 19.399618160516994 ], [ -99.265374130044506, 19.399780805535755 ], [ -99.26526360967847, 19.399780966835046 ], [ -99.26507263366581, 19.399733576871341 ], [ -99.265022242787012, 19.399638313285969 ], [ -99.26505196785871, 19.399380859901843 ], [ -99.264830480344258, 19.399104705215926 ], [ -99.26483024897712, 19.398961699961269 ], [ -99.264729622230377, 19.398866509454866 ], [ -99.264629041838262, 19.398799919942451 ], [ -99.264367705648922, 19.398733564208175 ], [ -99.264146435546948, 19.398590880230891 ], [ -99.264025945625676, 19.398638723789503 ], [ -99.263845571732901, 19.39893453056758 ], [ -99.263695354372018, 19.399239827131172 ], [ -99.263635331764107, 19.399401987194455 ], [ -99.263575140169522, 19.399459276711251 ], [ -99.263434508828212, 19.399478547962936 ], [ -99.263082899677798, 19.399507658248993 ], [ -99.262882076346528, 19.399584218410951 ], [ -99.262701301523506, 19.399632148262079 ], [ -99.26259085770684, 19.399679976358989 ], [ -99.262530528021344, 19.39965146237116 ], [ -99.262399913116397, 19.399651650946172 ], [ -99.262108556666362, 19.39966160496045 ], [ -99.26202810194691, 19.399614052405365 ], [ -99.26189716673133, 19.399414033225774 ], [ -99.261676050226114, 19.399366683095497 ], [ -99.261605749715102, 19.399385851687089 ], [ -99.2614249747202, 19.399433780271938 ], [ -99.261133755464272, 19.399529535894249 ], [ -99.2609733483675, 19.399749041514045 ], [ -99.260883196113625, 19.399920777647086 ], [ -99.260602296215168, 19.400188124351139 ], [ -99.260271052521006, 19.400388806756581 ], [ -99.259979891447003, 19.400522695291183 ], [ -99.259738891067002, 19.400608843161471 ], [ -99.259628203741258, 19.400504130495108 ], [ -99.259567254374218, 19.400084734383096 ], [ -99.259496681234367, 19.399932295803623 ], [ -99.259385873660648, 19.399751313478706 ], [ -99.259013323659559, 19.399246558074815 ], [ -99.258892680925356, 19.399199061371412 ], [ -99.258647140535373, 19.399127422549679 ], [ -99.258185495737678, 19.397510671283296 ], [ -99.258159946436919, 19.397421301408443 ], [ -99.258055796934315, 19.39760527823352 ], [ -99.256983678098692, 19.398966413514557 ], [ -99.256892764873157, 19.399369068894046 ], [ -99.256285103638064, 19.399439199135038 ], [ -99.256138667741183, 19.399557309073302 ], [ -99.255983663934757, 19.399613286960282 ], [ -99.25565618474667, 19.399657909740959 ], [ -99.25548579023787, 19.399660756770036 ], [ -99.255281437792945, 19.399749237939833 ], [ -99.255232411061968, 19.399603815604358 ], [ -99.255204745501032, 19.399456951100824 ], [ -99.255179517943262, 19.399267709415355 ], [ -99.255216336749768, 19.398895004917883 ], [ -99.255352794784358, 19.398457099457378 ], [ -99.255367033384843, 19.398224489463182 ], [ -99.255611277207109, 19.397459348532813 ], [ -99.25574472023257, 19.397129974836609 ], [ -99.25586812834851, 19.396973356352824 ], [ -99.25615854968656, 19.39669695736475 ], [ -99.257350892382419, 19.395723080150592 ], [ -99.257985604955621, 19.395265883180961 ], [ -99.258309226920446, 19.395062879909794 ], [ -99.2587330483736, 19.394836149653337 ], [ -99.259387005156412, 19.3944688911097 ], [ -99.259488581487531, 19.39435114949465 ], [ -99.259543340937981, 19.394227219157415 ], [ -99.259550898104777, 19.394130973234219 ], [ -99.259500545420181, 19.393935821525389 ], [ -99.259458971938272, 19.393796336556083 ], [ -99.259194472290602, 19.392989194810976 ], [ -99.259132487657936, 19.392888245823755 ], [ -99.259075274802925, 19.392806618499595 ], [ -99.25904296565713, 19.392698954963123 ], [ -99.258987760881936, 19.392577604198813 ], [ -99.258909007174822, 19.392519659752775 ], [ -99.258759390820984, 19.392511000124834 ], [ -99.25866906214516, 19.392546618961653 ], [ -99.258507207696397, 19.39268289537543 ], [ -99.258345296983975, 19.392783681397578 ], [ -99.258226889591555, 19.392801594740199 ], [ -99.256886848048524, 19.392898133561328 ], [ -99.256771552487393, 19.392913084034959 ], [ -99.256684349142219, 19.39295461253305 ], [ -99.256525604713516, 19.393087925280089 ], [ -99.256061735059902, 19.393422779678144 ], [ -99.255974526637075, 19.39346135031759 ], [ -99.255856146204778, 19.393497007250204 ], [ -99.255264095713756, 19.393580650086591 ], [ -99.255102094539538, 19.393625240341422 ], [ -99.254843598678093, 19.393749818959318 ], [ -99.254610031757665, 19.393871404780672 ], [ -99.254361000222787, 19.394069907656345 ], [ -99.254305100911836, 19.394200117057984 ], [ -99.254323966782181, 19.39430656166634 ], [ -99.254411419612808, 19.394424740432399 ], [ -99.254692295394435, 19.394660949429795 ], [ -99.254811008330563, 19.394838234752651 ], [ -99.254758303912951, 19.39498136081065 ], [ -99.254689845540668, 19.395052437367777 ], [ -99.254586951090545, 19.395063320674922 ], [ -99.254480944313727, 19.395039808849035 ], [ -99.254343696416655, 19.394969020225687 ], [ -99.254031698898729, 19.394762429454612 ], [ -99.253663435616502, 19.394449445641207 ], [ -99.253425730991452, 19.394182124678618 ], [ -99.253332483190164, 19.394077258523762 ], [ -99.252951600477758, 19.393663734844068 ], [ -99.252839279151885, 19.393586995324487 ], [ -99.252733264441744, 19.393557567418654 ], [ -99.252533747689199, 19.393528269325518 ], [ -99.251952560303664, 19.393469570570627 ], [ -99.251667158675687, 19.393440744884828 ], [ -99.251473939300837, 19.393452842306942 ], [ -99.251137540597696, 19.393589353513935 ], [ -99.250888346608349, 19.393684338407954 ], [ -99.25075124630888, 19.393708187742206 ], [ -99.25042712345244, 19.393720464518637 ], [ -99.249990779820337, 19.393721064916626 ], [ -99.24981721152885, 19.393653525409469 ], [ -99.249706339109864, 19.393587191597803 ], [ -99.249628949369765, 19.39353228015883 ], [ -99.24924850938757, 19.393402670753428 ], [ -99.249024131496114, 19.39342072333697 ], [ -99.248669120166795, 19.393616406061813 ], [ -99.248227135118029, 19.39400740374554 ], [ -99.247915818746961, 19.394244430757858 ], [ -99.247793986787698, 19.394270710337175 ], [ -99.247600994975187, 19.394282939506862 ], [ -99.247354830408128, 19.39426293991438 ], [ -99.247061762072207, 19.394201230235499 ], [ -99.246946281735291, 19.394094916059334 ], [ -99.24687133262556, 19.393997419372123 ], [ -99.246812398168672, 19.393924504757866 ], [ -99.246727712725814, 19.393831992671473 ], [ -99.246614442969175, 19.393778837489418 ], [ -99.246480157365326, 19.393764354251086 ], [ -99.246373934625481, 19.393783746431261 ], [ -99.246257142322648, 19.3938710784291 ], [ -99.246288822952877, 19.393710535160448 ], [ -99.246365765561393, 19.393563348257771 ], [ -99.246533722087335, 19.393332433346202 ], [ -99.246704214953752, 19.39303455273792 ], [ -99.246630502635014, 19.392970407494381 ], [ -99.246543700119517, 19.392874729271202 ], [ -99.246526517920557, 19.392687701705757 ], [ -99.246563571220037, 19.392456964167096 ], [ -99.246743841679788, 19.392125476343647 ], [ -99.247005047584523, 19.391728812770882 ], [ -99.247060202297419, 19.391101741528274 ], [ -99.247034474642263, 19.390575336136123 ], [ -99.247002442461451, 19.390001618786304 ], [ -99.247151283882729, 19.389498636422548 ], [ -99.247387748020458, 19.389232137196871 ], [ -99.24751804861441, 19.388835650827549 ], [ -99.247517615066087, 19.388548770947391 ], [ -99.247564011545464, 19.388315062876813 ], [ -99.247629156883235, 19.388113862103726 ], [ -99.247620993033877, 19.388022067651633 ], [ -99.247607680896721, 19.387905390025693 ], [ -99.247550485606297, 19.38761414647481 ], [ -99.247518802755778, 19.387503534207557 ], [ -99.247393827977646, 19.387067216367509 ], [ -99.247313805457679, 19.386469101024208 ], [ -99.247287035527791, 19.386262510591695 ], [ -99.247441543600488, 19.38615254328537 ], [ -99.247595872688805, 19.38602481192326 ], [ -99.249695688742023, 19.384308120394191 ], [ -99.251220219110053, 19.383280569221704 ], [ -99.254282032311281, 19.381328152773605 ], [ -99.254634341322216, 19.381117611082182 ], [ -99.255106218658938, 19.38081493413527 ], [ -99.256110409575328, 19.380164666093897 ], [ -99.256580761206877, 19.379855193255757 ], [ -99.257139778558852, 19.379372321299407 ], [ -99.257952408850272, 19.378682748326394 ], [ -99.259254984226672, 19.377517845966821 ], [ -99.259437579998078, 19.377358744179222 ], [ -99.260452472635365, 19.376470830362667 ], [ -99.260933549872647, 19.376092936102591 ], [ -99.261504117244002, 19.37576666681143 ], [ -99.261873334781143, 19.375570254793079 ], [ -99.26266681470274, 19.375188986400133 ], [ -99.26289906159181, 19.375083161485282 ], [ -99.263107765684325, 19.374999746887216 ], [ -99.263367015257643, 19.374929045524294 ], [ -99.265086356161333, 19.374667159121774 ], [ -99.26588422958325, 19.374541786973431 ], [ -99.266333777635381, 19.374464409977204 ], [ -99.266613193307549, 19.374368101273685 ], [ -99.266784811707524, 19.374265556889402 ], [ -99.26689244209004, 19.37416949949829 ], [ -99.267003399015309, 19.37404786394082 ], [ -99.26710757746028, 19.373900665041212 ], [ -99.267272150904191, 19.373609528017482 ], [ -99.267396549135697, 19.373468692562543 ], [ -99.26754798232659, 19.373382160383247 ], [ -99.267699493661993, 19.373343577758408 ], [ -99.267834215609284, 19.37333698624542 ], [ -99.267997986712317, 19.3733992385521 ], [ -99.268595814984025, 19.373556432920612 ], [ -99.268868373504091, 19.373590934171169 ], [ -99.269286713569883, 19.373543926383082 ], [ -99.269714061959306, 19.373452754003605 ], [ -99.270111985671264, 19.37316073361319 ], [ -99.270243355871415, 19.372685234598499 ], [ -99.270176994135085, 19.372384117704016 ], [ -99.27015233439721, 19.372325156944562 ], [ -99.269779325708924, 19.371493334613806 ], [ -99.269532885538922, 19.370788296592597 ], [ -99.269509335034257, 19.370026496020252 ], [ -99.26969395669478, 19.369299657232929 ], [ -99.27006457783682, 19.36868540689327 ], [ -99.271266712001335, 19.367505595944131 ], [ -99.271185013448559, 19.367455658724602 ], [ -99.271166666666716, 19.367444444474106 ], [ -99.270805897400635, 19.367123277149545 ], [ -99.270746253073753, 19.367070179837246 ], [ -99.269146507052966, 19.365646011332455 ], [ -99.268888888888938, 19.365416666696287 ], [ -99.268868210196203, 19.365401722165196 ], [ -99.268788652022337, 19.365344225271802 ], [ -99.266865721894519, 19.365895154993993 ], [ -99.266618735834172, 19.36589708843594 ], [ -99.266536563743443, 19.365351311239937 ], [ -99.266467709697963, 19.364894595309131 ], [ -99.266460601948125, 19.364634647286348 ], [ -99.266490136808969, 19.364514685416367 ], [ -99.266519205809402, 19.364437041469074 ], [ -99.266638143067127, 19.364119442597048 ], [ -99.266766442415701, 19.363800018353881 ], [ -99.266746548303985, 19.363792647974446 ], [ -99.26671863259061, 19.363779758086327 ], [ -99.266641429049656, 19.363744109850686 ], [ -99.266602767899727, 19.363726258296513 ], [ -99.266535463476558, 19.363695180853561 ], [ -99.266505608399896, 19.363681395426141 ], [ -99.266446199050989, 19.363653963444602 ], [ -99.266256365437727, 19.363471251498094 ], [ -99.265903259717135, 19.363363214332864 ], [ -99.265675045915756, 19.363309823697438 ], [ -99.265525020407395, 19.363197993124761 ], [ -99.265283575978273, 19.363034593390193 ], [ -99.265173666412238, 19.363048232343306 ], [ -99.264977197987193, 19.36313842839014 ], [ -99.264983297566417, 19.363043982768104 ], [ -99.264970648677775, 19.362933003984296 ], [ -99.264886831078783, 19.362886027274062 ], [ -99.26421488698638, 19.362685284339769 ], [ -99.263542944509496, 19.36248453890197 ], [ -99.263356899292845, 19.362428956464651 ], [ -99.263170854200027, 19.362373373835307 ], [ -99.262848080630107, 19.362239903204948 ], [ -99.26252530757948, 19.362106431994288 ], [ -99.262362800812269, 19.362004822759822 ], [ -99.262201670683638, 19.361904130727584 ], [ -99.262205443634869, 19.361852265647567 ], [ -99.262146507725845, 19.361847935004473 ], [ -99.262076704746875, 19.36183626081451 ], [ -99.262006901777511, 19.361824586597752 ], [ -99.261935543357978, 19.361809970924032 ], [ -99.261876562822309, 19.361777675415283 ], [ -99.261842347451022, 19.361715907600221 ], [ -99.261826590800268, 19.361667590883979 ], [ -99.261810834158965, 19.36161927416601 ], [ -99.261589916477817, 19.361459796372532 ], [ -99.26154562986585, 19.361418273683949 ], [ -99.261391152371374, 19.361292292741709 ], [ -99.261236675113722, 19.361166311663894 ], [ -99.261172955979134, 19.361079564862212 ], [ -99.261109236912219, 19.360992818036618 ], [ -99.26106245201764, 19.36082803970687 ], [ -99.261009806202111, 19.360607998604515 ], [ -99.260931381722997, 19.360174636251763 ], [ -99.260852957672654, 19.359741273839909 ], [ -99.260770174529483, 19.359228224685744 ], [ -99.260512866861106, 19.358077563495545 ], [ -99.260384214417869, 19.357502232693971 ], [ -99.260319888543961, 19.357214567241517 ], [ -99.260161372570224, 19.356505678879635 ], [ -99.260239589012173, 19.356495294711419 ], [ -99.260223820652527, 19.356423873900408 ], [ -99.259984199065372, 19.355246860851977 ], [ -99.259978806236902, 19.355220355834458 ], [ -99.259842132438067, 19.354548640194981 ], [ -99.259659568863668, 19.354444334965066 ], [ -99.259632180224983, 19.354428686809229 ], [ -99.259545901771318, 19.3543793926478 ], [ -99.259416666666738, 19.354305555585064 ], [ -99.259391522950239, 19.354234991154172 ], [ -99.259340087201309, 19.35409063940272 ], [ -99.259244444444505, 19.353822222251686 ], [ -99.259268405990852, 19.353199222825594 ], [ -99.259277777777839, 19.352955555585069 ], [ -99.259082000298093, 19.352555299710488 ], [ -99.2590602677422, 19.352510868605027 ], [ -99.259040974002389, 19.352501139934162 ], [ -99.259027777777831, 19.352444444473964 ], [ -99.258889296429444, 19.351747425526401 ], [ -99.258738118941409, 19.350151551483762 ], [ -99.258603280717793, 19.350184080176341 ], [ -99.258447677718664, 19.350192661750174 ], [ -99.258338996146605, 19.350164946689915 ], [ -99.258250854528256, 19.350128841686381 ], [ -99.25817146003395, 19.350053707351876 ], [ -99.258125617803216, 19.349983773713948 ], [ -99.258108947089241, 19.34993877953039 ], [ -99.258096990900611, 19.349875771544578 ], [ -99.25810163108541, 19.349810489155686 ], [ -99.258113371349552, 19.349736193146292 ], [ -99.258147383465996, 19.34968029406296 ], [ -99.258211869051635, 19.349610529652793 ], [ -99.258296925123432, 19.349551883740812 ], [ -99.258399580434798, 19.349482065144439 ], [ -99.258522819366519, 19.349431725730614 ], [ -99.258659883779586, 19.349375413995329 ], [ -99.258611810885654, 19.348869064828985 ], [ -99.25852775710689, 19.348387241515709 ], [ -99.258509193899172, 19.348294453636917 ], [ -99.258753997777561, 19.348346680759555 ], [ -99.258833604431217, 19.348363317525408 ], [ -99.258839174538451, 19.348309635676014 ], [ -99.25892958263718, 19.348266568067928 ], [ -99.258950028867275, 19.348228430383884 ], [ -99.259004344149147, 19.348127117769209 ], [ -99.259116197667396, 19.347995325635551 ], [ -99.259593509638407, 19.347779112776763 ], [ -99.2600160023337, 19.347705320770533 ], [ -99.26008222217358, 19.347679880492734 ], [ -99.260047469307281, 19.347551164142633 ], [ -99.259859841048822, 19.347412785328107 ], [ -99.259644761126182, 19.347372252679175 ], [ -99.259355664144536, 19.347405058749231 ], [ -99.258562481985166, 19.347680038092751 ], [ -99.258262026634824, 19.347612105991036 ], [ -99.257959700615274, 19.34772231862561 ], [ -99.257311709656435, 19.347728864873503 ], [ -99.257054495819361, 19.347766526474313 ], [ -99.256784851676215, 19.347915397078623 ], [ -99.255925872386157, 19.348125618206723 ], [ -99.255650469045506, 19.34803054872971 ], [ -99.256247458632984, 19.347708973899834 ], [ -99.256550837441353, 19.347489537066732 ], [ -99.257273169217299, 19.347184586437098 ], [ -99.257559861395364, 19.346835553386938 ], [ -99.257875229743433, 19.346631008067494 ], [ -99.25812396823369, 19.346587716714637 ], [ -99.259073480166137, 19.346285795060595 ], [ -99.259751972552664, 19.346241889966006 ], [ -99.261153648023225, 19.345913436274227 ], [ -99.261703034674767, 19.345717839354691 ], [ -99.262386513879292, 19.34542074614939 ], [ -99.265134820319972, 19.342952906933849 ], [ -99.266112940485527, 19.342743920072976 ], [ -99.266633081280276, 19.342242072793493 ], [ -99.2669072567288, 19.341774130767003 ], [ -99.267412982687716, 19.341220123972175 ], [ -99.267546733678287, 19.341059301889079 ], [ -99.268947733459825, 19.34116578676208 ], [ -99.26987600773289, 19.340596829900463 ], [ -99.270483436343852, 19.340157756989839 ], [ -99.270823498796986, 19.340016075897715 ], [ -99.270986942951481, 19.339939657622416 ], [ -99.27129079194242, 19.339731305674217 ], [ -99.271700497279696, 19.339584175901503 ], [ -99.272169164647437, 19.339201407163561 ], [ -99.272124003888322, 19.338478142211468 ], [ -99.272706317802374, 19.337742350290426 ], [ -99.273130476677395, 19.337013188067552 ], [ -99.273429959631898, 19.336213563561564 ], [ -99.273707695572625, 19.336029946625761 ], [ -99.274047042663668, 19.336042656826532 ], [ -99.27516031941191, 19.336279454184471 ], [ -99.276345753639959, 19.336177590780441 ], [ -99.277296702253608, 19.335258071026228 ], [ -99.278038250764382, 19.334936016920238 ], [ -99.27845038318948, 19.334445161944991 ], [ -99.278719777342317, 19.334341009454604 ], [ -99.279017738252065, 19.333897926164301 ], [ -99.279417331852841, 19.333619171776373 ], [ -99.279570977280443, 19.33362043641813 ], [ -99.279694444444516, 19.333277777807091 ], [ -99.279757367766678, 19.333180528174715 ], [ -99.280290078702876, 19.33235720409925 ], [ -99.280319890685774, 19.332311128309836 ], [ -99.280412223333272, 19.33216842334819 ], [ -99.280424618154626, 19.332149266952459 ], [ -99.28054233487893, 19.331967329623541 ], [ -99.280557200106458, 19.331944354606208 ], [ -99.280760918058974, 19.331629496669422 ], [ -99.280782479395882, 19.33159617228646 ], [ -99.280819944668977, 19.33153826734598 ], [ -99.280848873136406, 19.331493556543641 ], [ -99.281717707429721, 19.330150703989634 ], [ -99.281794938634988, 19.330031335758381 ], [ -99.282475747377205, 19.328979071710567 ], [ -99.28259763468094, 19.328790679927494 ], [ -99.282712922579108, 19.328612487865268 ], [ -99.28279537081751, 19.328485053380234 ], [ -99.282867344913257, 19.328373807855012 ], [ -99.283371491922495, 19.327594576693414 ], [ -99.283394418388795, 19.327559140359625 ], [ -99.283413768490078, 19.327529231826741 ], [ -99.283526327492837, 19.327355254465012 ], [ -99.28357856619435, 19.327274511317761 ], [ -99.283678016730192, 19.32712079457955 ], [ -99.283703202366894, 19.327081866088527 ], [ -99.283720400210356, 19.327055282666922 ], [ -99.283842491392249, 19.326866571889145 ], [ -99.283856942837758, 19.32684423475451 ], [ -99.28401812614149, 19.326595098418277 ], [ -99.284036345564076, 19.326566937131407 ], [ -99.284632968217039, 19.325644746734095 ], [ -99.284643002453294, 19.325629236865847 ], [ -99.284654601429693, 19.325611308382335 ], [ -99.284884509915187, 19.325255938958353 ], [ -99.284913995415806, 19.325210363104254 ], [ -99.284961830623445, 19.325136423972321 ], [ -99.285133200818407, 19.324871535515349 ], [ -99.2851835497585, 19.32479371051236 ], [ -99.285746937339724, 19.323922869152902 ], [ -99.285758218264107, 19.323905431852648 ], [ -99.285768917248419, 19.323888894072784 ], [ -99.286078107618451, 19.323410966416208 ], [ -99.286107597697978, 19.323365382274453 ], [ -99.287418329567743, 19.321339294900042 ], [ -99.287473341647669, 19.321254257696289 ], [ -99.290437370434503, 19.316672333518419 ], [ -99.290483915771759, 19.316600379310792 ], [ -99.292022612961048, 19.31422167299872 ], [ -99.292194989752517, 19.313955185656802 ], [ -99.311817225314641, 19.283613489253437 ], [ -99.322194444444506, 19.267561944473059 ], [ -99.32024414364615, 19.265659842016976 ], [ -99.32286642549262, 19.261262069814894 ], [ -99.325279012168863, 19.258013645752129 ], [ -99.326045810317709, 19.257166199292385 ], [ -99.326831366532758, 19.256344565861827 ], [ -99.324249709991491, 19.255270728726185 ] ], [ [ -99.295192846376523, 19.365595729449907 ], [ -99.295148715446729, 19.365509750326456 ], [ -99.294988005070849, 19.365456478006557 ], [ -99.295148715447453, 19.36550975072084 ], [ -99.295192846377219, 19.365595729844298 ], [ -99.295279323920965, 19.365895365406036 ], [ -99.295192846376523, 19.365595729449907 ] ], [ [ -99.294697785246626, 19.364338303920405 ], [ -99.294856337686994, 19.364153996216253 ], [ -99.294697785245916, 19.364338303525845 ], [ -99.29455292130379, 19.364527555713234 ], [ -99.294697785246626, 19.364338303920405 ] ], [ [ -99.299552411946095, 19.362239225524373 ], [ -99.299600915517331, 19.361741850240346 ], [ -99.2996328225083, 19.361613003532639 ], [ -99.299600915516592, 19.361741849845505 ], [ -99.299552411945371, 19.362239225129542 ], [ -99.299506836792062, 19.363010981257876 ], [ -99.299506836802522, 19.363010981487729 ], [ -99.299552411946095, 19.362239225524373 ] ], [ [ -99.299851782745279, 19.360728793922636 ], [ -99.299851782665115, 19.360728793848384 ], [ -99.2996328225083, 19.361613003532639 ], [ -99.299851782745279, 19.360728793922636 ] ], [ [ -99.296846005341038, 19.361516544516675 ], [ -99.296847684761786, 19.361628250668588 ], [ -99.296847684766988, 19.361628250667749 ], [ -99.296846005345955, 19.361516544495728 ], [ -99.296846005341038, 19.361516544516675 ] ], [ [ -99.293099645119284, 19.363156902265871 ], [ -99.293113367429697, 19.364071503391969 ], [ -99.293099645123917, 19.363156902225867 ], [ -99.293099645119284, 19.363156902265871 ] ], [ [ -99.31568876284561, 19.321184329896589 ], [ -99.315882836853675, 19.321073950000685 ], [ -99.315688762845582, 19.321184329896589 ], [ -99.315462739943158, 19.321326663757652 ], [ -99.31568876284561, 19.321184329896589 ] ], [ [ -99.325365238650761, 19.321147051946241 ], [ -99.325382322920547, 19.320982433289917 ], [ -99.325381543757516, 19.320958167298421 ], [ -99.325382322920532, 19.320982433289917 ], [ -99.325365238650761, 19.321147051946241 ] ], [ [ -99.325292221319771, 19.319011448494102 ], [ -99.325255395629128, 19.318831183334815 ], [ -99.325247042537598, 19.318651448127234 ], [ -99.3252553956291, 19.318831183334815 ], [ -99.325292221319771, 19.319011448494102 ] ], [ [ -99.324452261114132, 19.320099476686668 ], [ -99.324097282855689, 19.320228138114828 ], [ -99.32379178087244, 19.320255664732919 ], [ -99.324097282855689, 19.320228138114917 ], [ -99.324452261114132, 19.320099476686668 ] ], [ [ -99.323394473018553, 19.320145603098698 ], [ -99.323175959931092, 19.320013592641615 ], [ -99.32281049591387, 19.31973850718374 ], [ -99.323175959931078, 19.320013592641615 ], [ -99.323394473018553, 19.320145603098698 ] ], [ [ -99.322465763288207, 19.319479024747984 ], [ -99.322275360179873, 19.319393575900811 ], [ -99.322056501645847, 19.319348812236182 ], [ -99.322275360179873, 19.319393575900811 ], [ -99.322465763288207, 19.319479024747984 ] ], [ [ -99.328757429670674, 19.303391411099824 ], [ -99.328757429670674, 19.303391411099891 ], [ -99.328926555371979, 19.302703079712646 ], [ -99.328757429670674, 19.303391411099824 ] ], [ [ -99.318387981134492, 19.300173977073882 ], [ -99.317748914854491, 19.297903553588846 ], [ -99.317580418872708, 19.297526935052051 ], [ -99.317748914854491, 19.297903553588945 ], [ -99.318387981134492, 19.300173977073882 ] ], [ [ -99.314278088590257, 19.303233371743872 ], [ -99.313475832818639, 19.303415317286799 ], [ -99.313009897928538, 19.303964548194624 ], [ -99.313475832818639, 19.303415317286884 ], [ -99.314278088590257, 19.303233371743872 ] ], [ [ -99.285389085088866, 19.371398006727802 ], [ -99.285324176437186, 19.371808238152273 ], [ -99.285216212909603, 19.372444422358228 ], [ -99.285324176437186, 19.371808238152273 ], [ -99.285389085088866, 19.371398006727802 ] ], [ [ -99.280020047622685, 19.335434460265105 ], [ -99.280131468608516, 19.335253987980323 ], [ -99.280321024987131, 19.335166640310408 ], [ -99.280131468608516, 19.335253987980238 ], [ -99.280020047622685, 19.335434460265105 ] ] ] ] } }
]
}
