{
"type": "FeatureCollection",
"name": "secciones_VENUSTIANO_CARRANZA",
"crs": { "type": "name", "properties": { "name": "urn:ogc:def:crs:OGC:1.3:CRS84" } },
"features": [
{ "type": "Feature", "properties": { "id": 2947.0, "entidad": 9, "distrito_f": 11, "distrito_l": 11, "municipio": 17, "seccion": 5446, "tipo": 2, "control": 34029.0, "SECCION_TX": "5446", "SECCION__1": null, "SECCION__2": null, "SECCION_N": "5446", "ESTATUS": null, "ALCALDIA_N": "VENUSTIANO CARRANZA", "EN_OPERATI": null, "EN_OP": "NO", "SEC_N": "5446", "EST": null, "ALC_N": "VENUSTIANO CARRANZA", "OP": "NO", "NOMBRE": "ADOLFO LOPEZ MATEOS" }, "geometry": { "type": "MultiPolygon", "coordinates": [ [ [ [ -99.072923304830567, 19.42816633504999 ], [ -99.071988061333727, 19.428045571351092 ], [ -99.071992275630976, 19.428011491951395 ], [ -99.072104372990509, 19.427060247315591 ], [ -99.071582587488749, 19.426988044058142 ], [ -99.071726143331716, 19.425999439427997 ], [ -99.07122998418707, 19.425939289403615 ], [ -99.070697393305224, 19.425874721152788 ], [ -99.070858134508072, 19.42479055343555 ], [ -99.07086322737257, 19.424753092141092 ], [ -99.072415559683066, 19.425028531041121 ], [ -99.073508152779354, 19.4252194817985 ], [ -99.07350069413971, 19.425266609056383 ], [ -99.073364356045772, 19.426128525770686 ], [ -99.073531793716498, 19.426148917998916 ], [ -99.073522886591135, 19.426221034532166 ], [ -99.073267253175956, 19.427981595602361 ], [ -99.073179256620435, 19.428030558807286 ], [ -99.073079978676702, 19.428083225661911 ], [ -99.072980698900153, 19.42813588893338 ], [ -99.072923304830567, 19.42816633504999 ] ] ] ] } },
{ "type": "Feature", "properties": { "id": 2948.0, "entidad": 9, "distrito_f": 11, "distrito_l": 11, "municipio": 17, "seccion": 5447, "tipo": 2, "control": 34033.0, "SECCION_TX": "5447", "SECCION__1": null, "SECCION__2": null, "SECCION_N": "5447", "ESTATUS": "PENDIENTE", "ALCALDIA_N": "VENUSTIANO CARRANZA", "EN_OPERATI": null, "EN_OP": "SI", "SEC_N": "5447", "EST": "PENDIENTE", "ALC_N": "VENUSTIANO CARRANZA", "OP": "SI", "NOMBRE": "ADOLFO LOPEZ MATEOS" }, "geometry": { "type": "MultiPolygon", "coordinates": [ [ [ [ -99.071582587488749, 19.426988044058142 ], [ -99.07108222652478, 19.426918804000444 ], [ -99.070575570031806, 19.426848691300194 ], [ -99.070047634563196, 19.426775632379751 ], [ -99.069523417554706, 19.426704217262156 ], [ -99.069662569217257, 19.425749535079174 ], [ -99.069829031517031, 19.424607467203089 ], [ -99.069835647018863, 19.424562720829336 ], [ -99.069841080158014, 19.424527162191936 ], [ -99.070049998153195, 19.423159830471036 ], [ -99.070557761650846, 19.42325002992613 ], [ -99.071065525704086, 19.423340227958857 ], [ -99.07155463106858, 19.423427110067088 ], [ -99.072090582076001, 19.423522311968785 ], [ -99.072615302004081, 19.423615517232736 ], [ -99.072422044435527, 19.424982657098674 ], [ -99.072415559683066, 19.425028531041121 ], [ -99.07086322737257, 19.424753092141092 ], [ -99.070858134508072, 19.42479055343555 ], [ -99.070697393305224, 19.425874721152788 ], [ -99.07122998418707, 19.425939289403615 ], [ -99.071726143331716, 19.425999439427997 ], [ -99.071582587488749, 19.426988044058142 ] ] ] ] } },
{ "type": "Feature", "properties": { "id": 2951.0, "entidad": 9, "distrito_f": 11, "distrito_l": 11, "municipio": 17, "seccion": 5450, "tipo": 2, "control": 34032.0, "SECCION_TX": "5450", "SECCION__1": null, "SECCION__2": null, "SECCION_N": "5450", "ESTATUS": null, "ALCALDIA_N": "VENUSTIANO CARRANZA", "EN_OPERATI": null, "EN_OP": "NO", "SEC_N": "5450", "EST": null, "ALC_N": "VENUSTIANO CARRANZA", "OP": "NO", "NOMBRE": "ADOLFO LOPEZ MATEOS" }, "geometry": { "type": "MultiPolygon", "coordinates": [ [ [ [ -99.069523417554706, 19.426704217262156 ], [ -99.069007935179229, 19.426650471767339 ], [ -99.068498372749374, 19.426579805428347 ], [ -99.067955549538823, 19.42651283708847 ], [ -99.0680896011812, 19.425542127379664 ], [ -99.06757765345337, 19.425468301479629 ], [ -99.067063805781643, 19.425403431007101 ], [ -99.066652078516043, 19.425351451592881 ], [ -99.067189247068029, 19.424526595696221 ], [ -99.067406871734292, 19.424192416579828 ], [ -99.067439431498599, 19.424142418461351 ], [ -99.067767136664841, 19.424202336339814 ], [ -99.068271892498373, 19.424294625061655 ], [ -99.068803063210112, 19.424391741806698 ], [ -99.069315462311167, 19.424471611321213 ], [ -99.069835647018863, 19.424562720829336 ], [ -99.069829031517031, 19.424607467203089 ], [ -99.069662569217257, 19.425749535079174 ], [ -99.069523417554706, 19.426704217262156 ] ] ] ] } },
{ "type": "Feature", "properties": { "id": 2952.0, "entidad": 9, "distrito_f": 11, "distrito_l": 11, "municipio": 17, "seccion": 5451, "tipo": 2, "control": 34040.0, "SECCION_TX": "5451", "SECCION__1": null, "SECCION__2": null, "SECCION_N": "5451", "ESTATUS": "PENDIENTE", "ALCALDIA_N": "VENUSTIANO CARRANZA", "EN_OPERATI": null, "EN_OP": "SI", "SEC_N": "5451", "EST": "PENDIENTE", "ALC_N": "VENUSTIANO CARRANZA", "OP": "SI", "NOMBRE": "ADOLFO LOPEZ MATEOS" }, "geometry": { "type": "MultiPolygon", "coordinates": [ [ [ [ -99.069835647018863, 19.424562720829336 ], [ -99.069315462311167, 19.424471611321213 ], [ -99.068803063210112, 19.424391741806698 ], [ -99.068271892498373, 19.424294625061655 ], [ -99.067767136664841, 19.424202336339814 ], [ -99.067439431498599, 19.424142418461351 ], [ -99.067463766658889, 19.424105310913763 ], [ -99.06784274564194, 19.423527420983444 ], [ -99.068282896375351, 19.422855348762074 ], [ -99.06832193682412, 19.42279671445543 ], [ -99.068548101154377, 19.422440828007673 ], [ -99.06914427119807, 19.421492234302171 ], [ -99.06935259460748, 19.421155024998136 ], [ -99.070279440614897, 19.42140331482203 ], [ -99.0702456284683, 19.421720814308298 ], [ -99.070049998153195, 19.423159830471036 ], [ -99.069841080158014, 19.424527162191936 ], [ -99.069835647018863, 19.424562720829336 ] ] ] ] } },
{ "type": "Feature", "properties": { "id": 2953.0, "entidad": 9, "distrito_f": 11, "distrito_l": 11, "municipio": 17, "seccion": 5452, "tipo": 2, "control": 34017.0, "SECCION_TX": "5452", "SECCION__1": null, "SECCION__2": null, "SECCION_N": "5452", "ESTATUS": "COMPLETA", "ALCALDIA_N": "VENUSTIANO CARRANZA", "EN_OPERATI": null, "EN_OP": "SI", "SEC_N": "5452", "EST": "COMPLETA", "ALC_N": "VENUSTIANO CARRANZA", "OP": "SI", "NOMBRE": "ADOLFO LOPEZ MATEOS" }, "geometry": { "type": "MultiPolygon", "coordinates": [ [ [ [ -99.067439431498599, 19.424142418461351 ], [ -99.06700232822962, 19.424071926879954 ], [ -99.066485675710709, 19.423988604965931 ], [ -99.065960148307823, 19.423903850179226 ], [ -99.065475365074519, 19.423825665008145 ], [ -99.065535160570022, 19.423196640690918 ], [ -99.065578219824886, 19.422743671839264 ], [ -99.06562076378961, 19.422296121211332 ], [ -99.065641970861421, 19.42207302782694 ], [ -99.065646453788261, 19.422025868417986 ], [ -99.065677362890355, 19.42170071069463 ], [ -99.065687066960152, 19.421598625508 ], [ -99.065744752089074, 19.420991785006752 ], [ -99.065748480208441, 19.420950659782594 ], [ -99.065757416879222, 19.420858552362805 ], [ -99.067875478583161, 19.420809390034588 ], [ -99.067928258470502, 19.42080876946719 ], [ -99.067961760586002, 19.420805331039887 ], [ -99.068238263435916, 19.420776952443077 ], [ -99.068555386368587, 19.420704201729791 ], [ -99.068943564429574, 19.420558792211747 ], [ -99.069233310710899, 19.420403043510579 ], [ -99.069594115811682, 19.420185011736649 ], [ -99.069725304756204, 19.420076014478489 ], [ -99.06990021420475, 19.419909932856356 ], [ -99.069976712552332, 19.419780204653442 ], [ -99.070266313775463, 19.419292425547333 ], [ -99.070391013459783, 19.419111656155462 ], [ -99.07063997648207, 19.418750748457757 ], [ -99.070745713443628, 19.418782688421874 ], [ -99.07085233588765, 19.418815676208997 ], [ -99.070996710923666, 19.418860344102907 ], [ -99.070937076213255, 19.418901871522486 ], [ -99.070723981341018, 19.418878170197246 ], [ -99.070445926931853, 19.419362067514037 ], [ -99.070099165673298, 19.419965530540122 ], [ -99.069552469008826, 19.420458182550739 ], [ -99.069530115179077, 19.4204970973291 ], [ -99.069371304435393, 19.420773563206186 ], [ -99.069533538934351, 19.420852325909991 ], [ -99.069515845125864, 19.420881925678128 ], [ -99.06935259460748, 19.421155024998136 ], [ -99.06914427119807, 19.421492234302171 ], [ -99.068548101154377, 19.422440828007673 ], [ -99.06832193682412, 19.42279671445543 ], [ -99.068282896375351, 19.422855348762074 ], [ -99.06784274564194, 19.423527420983444 ], [ -99.067463766658889, 19.424105310913763 ], [ -99.067439431498599, 19.424142418461351 ] ] ] ] } },
{ "type": "Feature", "properties": { "id": 2956.0, "entidad": 9, "distrito_f": 11, "distrito_l": 11, "municipio": 17, "seccion": 5455, "tipo": 2, "control": 34036.0, "SECCION_TX": "5455", "SECCION__1": null, "SECCION__2": null, "SECCION_N": "5455", "ESTATUS": null, "ALCALDIA_N": "VENUSTIANO CARRANZA", "EN_OPERATI": null, "EN_OP": "NO", "SEC_N": "5455", "EST": null, "ALC_N": "VENUSTIANO CARRANZA", "OP": "NO", "NOMBRE": "ADOLFO LOPEZ MATEOS" }, "geometry": { "type": "MultiPolygon", "coordinates": [ [ [ [ -99.072615302004081, 19.423615517232736 ], [ -99.072090582076001, 19.423522311968785 ], [ -99.07155463106858, 19.423427110067088 ], [ -99.071065525704086, 19.423340227958857 ], [ -99.070557761650846, 19.42325002992613 ], [ -99.070049998153195, 19.423159830471036 ], [ -99.0702456284683, 19.421720814308298 ], [ -99.070740414023675, 19.421804268810192 ], [ -99.071265981095962, 19.421892913598423 ], [ -99.071798702521804, 19.421982763423944 ], [ -99.072300888161536, 19.422067461501783 ], [ -99.07279928509665, 19.42215151911962 ], [ -99.072615302004081, 19.423615517232736 ] ] ] ] } },
{ "type": "Feature", "properties": { "id": 2957.0, "entidad": 9, "distrito_f": 11, "distrito_l": 11, "municipio": 17, "seccion": 5456, "tipo": 2, "control": 34042.0, "SECCION_TX": "5456", "SECCION__1": null, "SECCION__2": null, "SECCION_N": "5456", "ESTATUS": null, "ALCALDIA_N": "VENUSTIANO CARRANZA", "EN_OPERATI": null, "EN_OP": "NO", "SEC_N": "5456", "EST": null, "ALC_N": "VENUSTIANO CARRANZA", "OP": "NO", "NOMBRE": "ADOLFO LOPEZ MATEOS" }, "geometry": { "type": "MultiPolygon", "coordinates": [ [ [ [ -99.0738414209236, 19.422339352889416 ], [ -99.073320352713381, 19.422245436753443 ], [ -99.07279928509665, 19.42215151911962 ], [ -99.072300888161536, 19.422067461501783 ], [ -99.071798702521804, 19.421982763423944 ], [ -99.071265981095962, 19.421892913598423 ], [ -99.070740414023675, 19.421804268810192 ], [ -99.0702456284683, 19.421720814308298 ], [ -99.070279440614897, 19.42140331482203 ], [ -99.06935259460748, 19.421155024998136 ], [ -99.069515845125864, 19.420881925678128 ], [ -99.069533538934351, 19.420852325909991 ], [ -99.069371304435393, 19.420773563206186 ], [ -99.069530115179077, 19.4204970973291 ], [ -99.069552469008826, 19.420458182550739 ], [ -99.070099165673298, 19.419965530540122 ], [ -99.070445926931853, 19.419362067514037 ], [ -99.070723981341018, 19.418878170197246 ], [ -99.070937076213241, 19.418901871522486 ], [ -99.070996710923666, 19.418860344102907 ], [ -99.071171921940206, 19.418891530551001 ], [ -99.071689291460217, 19.418983617982466 ], [ -99.072198931168273, 19.419074328028312 ], [ -99.07197646766825, 19.420491602248013 ], [ -99.072509639035985, 19.420589334269199 ], [ -99.073042811035748, 19.420687064722109 ], [ -99.073539967051545, 19.420778191926189 ], [ -99.074024413302638, 19.420866988059998 ], [ -99.073851179831493, 19.422086436502752 ], [ -99.0738414209236, 19.422339352889416 ] ] ] ] } },
{ "type": "Feature", "properties": { "id": 2958.0, "entidad": 9, "distrito_f": 11, "distrito_l": 11, "municipio": 17, "seccion": 5457, "tipo": 2, "control": 34049.0, "SECCION_TX": "5457", "SECCION__1": null, "SECCION__2": null, "SECCION_N": "5457", "ESTATUS": "COMPLETA", "ALCALDIA_N": "VENUSTIANO CARRANZA", "EN_OPERATI": null, "EN_OP": "SI", "SEC_N": "5457", "EST": "COMPLETA", "ALC_N": "VENUSTIANO CARRANZA", "OP": "SI", "NOMBRE": "ADOLFO LOPEZ MATEOS" }, "geometry": { "type": "MultiPolygon", "coordinates": [ [ [ [ -99.074024413302638, 19.420866988059998 ], [ -99.073539967051545, 19.420778191926189 ], [ -99.073042811035748, 19.420687064722109 ], [ -99.072509639035985, 19.420589334269199 ], [ -99.07197646766825, 19.420491602248013 ], [ -99.072198931168273, 19.419074328028312 ], [ -99.072714414885652, 19.419177560765025 ], [ -99.07289746145338, 19.417829702878119 ], [ -99.073400977107553, 19.417916996540495 ], [ -99.073904493294421, 19.418004288804553 ], [ -99.074387447163701, 19.418088014874488 ], [ -99.07422240224551, 19.419404950152831 ], [ -99.0741497121831, 19.419984955867065 ], [ -99.074024413302638, 19.420866988059998 ] ] ] ] } },
{ "type": "Feature", "properties": { "id": 2959.0, "entidad": 9, "distrito_f": 11, "distrito_l": 11, "municipio": 17, "seccion": 5458, "tipo": 2, "control": 37483.0, "SECCION_TX": "5458", "SECCION__1": null, "SECCION__2": null, "SECCION_N": "5458", "ESTATUS": null, "ALCALDIA_N": "VENUSTIANO CARRANZA", "EN_OPERATI": null, "EN_OP": "NO", "SEC_N": "5458", "EST": null, "ALC_N": "VENUSTIANO CARRANZA", "OP": "NO", "NOMBRE": "ADOLFO LOPEZ MATEOS" }, "geometry": { "type": "MultiPolygon", "coordinates": [ [ [ [ -99.072714414885652, 19.419177560765025 ], [ -99.072198931168273, 19.419074328028312 ], [ -99.071689291460217, 19.418983617982466 ], [ -99.071171921940206, 19.418891530551001 ], [ -99.070996710923666, 19.418860344102907 ], [ -99.07085233588765, 19.418815676208997 ], [ -99.070745713443628, 19.418782688421874 ], [ -99.07063997648207, 19.418750748457757 ], [ -99.070668266247722, 19.418686536520497 ], [ -99.071191353240408, 19.417884420866791 ], [ -99.071202706381541, 19.417866593991381 ], [ -99.071949003343633, 19.416694736988617 ], [ -99.072214757322982, 19.416278756083582 ], [ -99.072621431808798, 19.41560286603459 ], [ -99.072965681291507, 19.415078744923679 ], [ -99.073107062252788, 19.414896925120768 ], [ -99.073119147016243, 19.414881383758765 ], [ -99.073167594016454, 19.414819079450677 ], [ -99.07327433019708, 19.414644115189173 ], [ -99.073516925634479, 19.414821997966367 ], [ -99.074879027989297, 19.41559163364786 ], [ -99.075572978119155, 19.4159837331012 ], [ -99.075124896694064, 19.416034221592614 ], [ -99.075078452192699, 19.416082849491382 ], [ -99.075032007663708, 19.416131477378187 ], [ -99.074884203267544, 19.416984055879105 ], [ -99.074691712389921, 19.417142226305742 ], [ -99.074556226821258, 19.417652502271551 ], [ -99.074387447163701, 19.418088014874488 ], [ -99.073904493294421, 19.418004288804553 ], [ -99.073400977107553, 19.417916996540495 ], [ -99.07289746145338, 19.417829702878119 ], [ -99.072714414885652, 19.419177560765025 ] ] ] ] } },
{ "type": "Feature", "properties": { "id": 3005.0, "entidad": 9, "distrito_f": 11, "distrito_l": 11, "municipio": 17, "seccion": 5494, "tipo": 2, "control": 37835.0, "SECCION_TX": "5494", "SECCION__1": null, "SECCION__2": null, "SECCION_N": "5494", "ESTATUS": "COMPLETA", "ALCALDIA_N": "VENUSTIANO CARRANZA", "EN_OPERATI": null, "EN_OP": "SI", "SEC_N": "5494", "EST": "COMPLETA", "ALC_N": "VENUSTIANO CARRANZA", "OP": "SI", "NOMBRE": "ADOLFO LOPEZ MATEOS" }, "geometry": { "type": "MultiPolygon", "coordinates": [ [ [ [ -99.050759616340031, 19.45047771787161 ], [ -99.050471423439262, 19.44979255183187 ], [ -99.049067805182318, 19.446455413656683 ], [ -99.04844129249814, 19.445076486503766 ], [ -99.04820291328565, 19.444551817176979 ], [ -99.047546188230513, 19.442975714567876 ], [ -99.047526987942348, 19.442929634062899 ], [ -99.047507787667485, 19.44288355438399 ], [ -99.047469387147899, 19.442791394190944 ], [ -99.046924545340914, 19.441437223407998 ], [ -99.046906234367071, 19.441390152293774 ], [ -99.04688960939626, 19.441347415278685 ], [ -99.046762991836871, 19.441021924798669 ], [ -99.047688774148398, 19.440307961045232 ], [ -99.04798455642036, 19.439925844801405 ], [ -99.048311738735293, 19.439481930858165 ], [ -99.049744326285392, 19.436338180184205 ], [ -99.051049736319442, 19.433473386667529 ], [ -99.051684183623294, 19.43208101355459 ], [ -99.052085453505484, 19.431256592317297 ], [ -99.052190050718963, 19.430895409764108 ], [ -99.052294647471939, 19.430534227137276 ], [ -99.052309147384634, 19.430484157415897 ], [ -99.052323647288461, 19.430434087693012 ], [ -99.052419854451983, 19.430101873230733 ], [ -99.052437225829195, 19.430041887706054 ], [ -99.052588651139104, 19.430133953936206 ], [ -99.052740076619457, 19.430226020038724 ], [ -99.053115336906984, 19.430416375438803 ], [ -99.053632104192843, 19.43055673033221 ], [ -99.055205443627685, 19.430959044918229 ], [ -99.055641408315878, 19.431071210491247 ], [ -99.056007574174359, 19.43116541719926 ], [ -99.05641529495027, 19.431270314107483 ], [ -99.056834106464606, 19.431379591955181 ], [ -99.057202117027487, 19.431475799134741 ], [ -99.057569854441439, 19.431571934046389 ], [ -99.058434439031046, 19.43179795270726 ], [ -99.05884760949499, 19.431912182328361 ], [ -99.059568258332064, 19.43211141814227 ], [ -99.061135342349445, 19.432539124266647 ], [ -99.061314163834368, 19.432657944659987 ], [ -99.061416689111027, 19.432813300605503 ], [ -99.061479704358192, 19.433003435237932 ], [ -99.061482787728153, 19.433290245341702 ], [ -99.061625842253349, 19.433346782990775 ], [ -99.061796922387529, 19.433056716618815 ], [ -99.063043902777707, 19.430805445236839 ], [ -99.063351642705896, 19.430206992582281 ], [ -99.063787633325859, 19.42935912619814 ], [ -99.064058076294728, 19.428989041953361 ], [ -99.064650306742578, 19.428525159538228 ], [ -99.06470786837383, 19.428439273752382 ], [ -99.064893832900722, 19.428471992308257 ], [ -99.065503931957679, 19.429122151697438 ], [ -99.065950506269118, 19.429596968731186 ], [ -99.066016608879153, 19.429670579007141 ], [ -99.066462063990301, 19.429867902605608 ], [ -99.066941606711609, 19.430085515957401 ], [ -99.067456646299959, 19.430318792624448 ], [ -99.067937678128885, 19.43053120546103 ], [ -99.06834564087022, 19.430712668427429 ], [ -99.068472514657799, 19.430642261890089 ], [ -99.069019143169328, 19.4303389176096 ], [ -99.069097438428102, 19.430295468461303 ], [ -99.069602289750847, 19.430010616794661 ], [ -99.070184363490384, 19.4296821910334 ], [ -99.070732673616064, 19.429372812928438 ], [ -99.071303205721847, 19.42905089330155 ], [ -99.071898309630043, 19.428716521200847 ], [ -99.07245963253591, 19.428405578165382 ], [ -99.072842831170348, 19.428207857548035 ], [ -99.072923304830567, 19.42816633504999 ], [ -99.072980698900153, 19.42813588893338 ], [ -99.073079978676702, 19.428083225661911 ], [ -99.073179256620435, 19.428030558807286 ], [ -99.073267253175928, 19.427981595602361 ], [ -99.073522886403055, 19.426221034156836 ], [ -99.073531793716498, 19.426148917998916 ], [ -99.073364356045772, 19.426128525770686 ], [ -99.07350069413971, 19.425266609056383 ], [ -99.073508152779354, 19.4252194817985 ], [ -99.073514369617726, 19.425180200814783 ], [ -99.073734507811636, 19.42378956046073 ], [ -99.073900726229979, 19.422486080414458 ], [ -99.073864504855734, 19.42244238189323 ], [ -99.0738414209236, 19.422339352889416 ], [ -99.073851179831493, 19.422086436502752 ], [ -99.074024413302638, 19.420866988059998 ], [ -99.0741497121831, 19.419984955867065 ], [ -99.07422240224551, 19.419404950152831 ], [ -99.074387447163701, 19.418088014874488 ], [ -99.074556226821258, 19.417652502271551 ], [ -99.074691712389921, 19.417142226305742 ], [ -99.074884203267544, 19.416984055879105 ], [ -99.075032007663708, 19.416131477378187 ], [ -99.075078452192699, 19.416082849491382 ], [ -99.075124896694064, 19.416034221592614 ], [ -99.075572978119155, 19.4159837331012 ], [ -99.076097434547407, 19.416271061216399 ], [ -99.076377976395193, 19.416424757519454 ], [ -99.076626640467595, 19.41656672050761 ], [ -99.077150639257013, 19.416865870894693 ], [ -99.077663791063188, 19.417158826210365 ], [ -99.07822496800631, 19.417479195914368 ], [ -99.07825780947384, 19.417416324479824 ], [ -99.078299401260765, 19.417331193481431 ], [ -99.079175076632723, 19.417957023471811 ], [ -99.080143923871034, 19.418649431205218 ], [ -99.080182375022289, 19.418676910926912 ], [ -99.080520466992596, 19.419013091464773 ], [ -99.080804718051454, 19.41951190304707 ], [ -99.081422250657027, 19.420307717360696 ], [ -99.082615289031892, 19.421074431803827 ], [ -99.08263379977798, 19.421085468978941 ], [ -99.082663490916758, 19.421103172542416 ], [ -99.082747158846104, 19.421153060123601 ], [ -99.082769597067326, 19.4211664390563 ], [ -99.083768589469742, 19.421762089598712 ], [ -99.084451446981618, 19.422153373553225 ], [ -99.084632897673842, 19.422259585344257 ], [ -99.084713888681378, 19.422303309888189 ], [ -99.084732119131218, 19.422312964183849 ], [ -99.086026603531465, 19.423066056418815 ], [ -99.087376576321432, 19.423847004840969 ], [ -99.088752874524332, 19.424640095967771 ], [ -99.08970993363863, 19.425190429013679 ], [ -99.092316561265676, 19.426736542177053 ], [ -99.092472205820584, 19.426805977216283 ], [ -99.092652755360305, 19.426905208517997 ], [ -99.092613575939623, 19.426979466544555 ], [ -99.09258442858372, 19.427034710424074 ], [ -99.091896009467604, 19.428238939476422 ], [ -99.091764837811766, 19.428478972421132 ], [ -99.090918574639176, 19.430027542572056 ], [ -99.090825705878274, 19.430175994510329 ], [ -99.089970402106076, 19.431703669655803 ], [ -99.089080312803048, 19.433323619768196 ], [ -99.087992246254657, 19.435297650584427 ], [ -99.087938400086244, 19.435268779150501 ], [ -99.087867827415295, 19.43536625287647 ], [ -99.087749380569875, 19.435491233033616 ], [ -99.087704248173395, 19.435520700948388 ], [ -99.087659115760616, 19.435550168851911 ], [ -99.08758388786022, 19.43558589741124 ], [ -99.087533105661834, 19.435603768029971 ], [ -99.087444698006649, 19.435618087540231 ], [ -99.087339353064777, 19.43561992287238 ], [ -99.087243401613691, 19.435598553669575 ], [ -99.087173779036334, 19.435562894875144 ], [ -99.08706123423508, 19.435513135720814 ], [ -99.086995959425082, 19.435471964962421 ], [ -99.086965580152182, 19.435452772739101 ], [ -99.086931037042973, 19.435430949984347 ], [ -99.086707248289443, 19.435346489784372 ], [ -99.086549959446373, 19.435260945351672 ], [ -99.086412294458498, 19.435203285390322 ], [ -99.086245657541554, 19.435152511181293 ], [ -99.085986232491507, 19.435124244516768 ], [ -99.085669023978738, 19.435118423799491 ], [ -99.084770790953769, 19.435142210614341 ], [ -99.084498490892628, 19.43527977937055 ], [ -99.08396555050561, 19.435556384651093 ], [ -99.083853861476683, 19.43563046280816 ], [ -99.08338312557261, 19.435942678621384 ], [ -99.083101716491242, 19.436109927598721 ], [ -99.082814304007954, 19.436273701097573 ], [ -99.082705457947782, 19.436335723599157 ], [ -99.082378537271666, 19.436522008380226 ], [ -99.080944778129435, 19.437300092994626 ], [ -99.079877062735136, 19.437890651469321 ], [ -99.079302396809695, 19.438219074170071 ], [ -99.078562872091752, 19.438641709363143 ], [ -99.077657102202338, 19.439174329014449 ], [ -99.07749148996426, 19.439726066885729 ], [ -99.077336953094502, 19.440325212301552 ], [ -99.077201089754496, 19.440859082179902 ], [ -99.077064134009774, 19.441397240982077 ], [ -99.076766502689651, 19.442566751537839 ], [ -99.077228252907176, 19.442867199099627 ], [ -99.077390145009986, 19.442834451485432 ], [ -99.080874978409199, 19.444723989311104 ], [ -99.080998206717609, 19.444860723539328 ], [ -99.080390296022273, 19.445256799475949 ], [ -99.075985640747277, 19.448404289530686 ], [ -99.076001672110436, 19.448569023770347 ], [ -99.076040675186576, 19.448808778004576 ], [ -99.076129654236951, 19.448924432885757 ], [ -99.076445662688471, 19.449043225771337 ], [ -99.076882429870693, 19.449285659510668 ], [ -99.07572168049056, 19.448904266446814 ], [ -99.074472529644211, 19.448468923030557 ], [ -99.074015646605702, 19.448311867530997 ], [ -99.070506321905327, 19.447105473566406 ], [ -99.069858680768959, 19.446876137273151 ], [ -99.069725289802363, 19.446829000622099 ], [ -99.06927617313174, 19.446669862879446 ], [ -99.068787008751045, 19.446508956123633 ], [ -99.06837365630966, 19.446402092296026 ], [ -99.068245955737595, 19.446397294961791 ], [ -99.068115647511959, 19.44640443652327 ], [ -99.067959007025621, 19.446426717917543 ], [ -99.067824477602727, 19.446469795143269 ], [ -99.0676906472345, 19.446514281371446 ], [ -99.067581635816182, 19.446550191256538 ], [ -99.067250126504376, 19.446679299038291 ], [ -99.067215412665846, 19.446655303911733 ], [ -99.067169181078668, 19.446623414578884 ], [ -99.067092090929137, 19.446583430559254 ], [ -99.067048282365818, 19.446560708534786 ], [ -99.067015000817307, 19.446543446506489 ], [ -99.066823102673283, 19.446474470993444 ], [ -99.065306780061348, 19.445943351057501 ], [ -99.065205560980431, 19.445906475180287 ], [ -99.064741711732495, 19.445747600971774 ], [ -99.064704286380191, 19.445686439456903 ], [ -99.064104081132314, 19.445483136670472 ], [ -99.063983607907318, 19.445444289389336 ], [ -99.063491129177351, 19.445275226600693 ], [ -99.063372757297174, 19.445235474394202 ], [ -99.062899407652907, 19.445075008631918 ], [ -99.062753658937709, 19.445027793740081 ], [ -99.062649872291999, 19.444991963096918 ], [ -99.062564493191132, 19.444960641560364 ], [ -99.062498605380199, 19.44494476711747 ], [ -99.062243535426518, 19.44485177757219 ], [ -99.062098341200013, 19.444905422118953 ], [ -99.061526176815477, 19.445120066222991 ], [ -99.061447534350251, 19.445145872230949 ], [ -99.060534851195911, 19.445486797990355 ], [ -99.060454185249753, 19.445512873716041 ], [ -99.0603842041306, 19.445538728583088 ], [ -99.059607119435796, 19.445825823959929 ], [ -99.059548413576337, 19.445847512771806 ], [ -99.059479956586088, 19.445872804096279 ], [ -99.058607165482854, 19.446195252406337 ], [ -99.057897525271997, 19.446461446425612 ], [ -99.057028489899523, 19.446782148838398 ], [ -99.056978788255776, 19.446800474629811 ], [ -99.056557442027383, 19.446953990808325 ], [ -99.05632700478192, 19.447037949360283 ], [ -99.056262295817888, 19.447061525649701 ], [ -99.055440574661205, 19.447365087557667 ], [ -99.054663241026475, 19.447652247266397 ], [ -99.054642977562068, 19.447663441423103 ], [ -99.054029731710358, 19.447890016054007 ], [ -99.053953472504304, 19.44791818706004 ], [ -99.053656429246814, 19.448027886020189 ], [ -99.052864402692137, 19.448317728205748 ], [ -99.052581363941698, 19.448421305171127 ], [ -99.052489222812227, 19.44851490144729 ], [ -99.052397081577084, 19.448608497675934 ], [ -99.051057835735762, 19.44996887394117 ], [ -99.051030352942419, 19.450000292237668 ], [ -99.050955644101037, 19.450085725771171 ], [ -99.050926765663377, 19.450121460606294 ], [ -99.050822213649809, 19.450233585255251 ], [ -99.050866264491859, 19.450331430257343 ], [ -99.050759616340031, 19.45047771787161 ] ] ] ] } },
{ "type": "Feature", "properties": { "id": 3012.0, "entidad": 9, "distrito_f": 11, "distrito_l": 11, "municipio": 17, "seccion": 5502, "tipo": 2, "control": 34034.0, "SECCION_TX": "5502", "SECCION__1": null, "SECCION__2": null, "SECCION_N": "5502", "ESTATUS": "COMPLETA", "ALCALDIA_N": "VENUSTIANO CARRANZA", "EN_OPERATI": null, "EN_OP": "SI", "SEC_N": "5502", "EST": "COMPLETA", "ALC_N": "VENUSTIANO CARRANZA", "OP": "SI", "NOMBRE": "ADOLFO LOPEZ MATEOS" }, "geometry": { "type": "MultiPolygon", "coordinates": [ [ [ [ -99.073514369617726, 19.425180200814783 ], [ -99.073508152779354, 19.4252194817985 ], [ -99.072415559683066, 19.425028531041121 ], [ -99.072422044435527, 19.424982657098674 ], [ -99.072615302004081, 19.423615517232736 ], [ -99.07279928509665, 19.42215151911962 ], [ -99.073320352713381, 19.422245436753443 ], [ -99.0738414209236, 19.422339352889416 ], [ -99.073864504855734, 19.42244238189323 ], [ -99.073900726229979, 19.422486080414458 ], [ -99.073734507811636, 19.42378956046073 ], [ -99.073514369617726, 19.425180200814783 ] ] ] ] } },
{ "type": "Feature", "properties": { "id": 2933.0, "entidad": 9, "distrito_f": 11, "distrito_l": 11, "municipio": 17, "seccion": 5432, "tipo": 2, "control": 34154.0, "SECCION_TX": "5432", "SECCION__1": null, "SECCION__2": null, "SECCION_N": "5432", "ESTATUS": null, "ALCALDIA_N": "VENUSTIANO CARRANZA", "EN_OPERATI": null, "EN_OP": "NO", "SEC_N": "5432", "EST": null, "ALC_N": "VENUSTIANO CARRANZA", "OP": "NO", "NOMBRE": "EL ARENAL PUERTO AEREO" }, "geometry": { "type": "MultiPolygon", "coordinates": [ [ [ [ -99.063043902777707, 19.430805445236839 ], [ -99.062961180168912, 19.430801546684503 ], [ -99.062388963217657, 19.430774578198342 ], [ -99.061456601966185, 19.42968072028378 ], [ -99.061561227980022, 19.428728405989197 ], [ -99.061642099662649, 19.428713420083351 ], [ -99.061709063535233, 19.428697434176097 ], [ -99.061824418404044, 19.428601436039344 ], [ -99.062322614337333, 19.429131801835148 ], [ -99.06321256603691, 19.430060578717207 ], [ -99.063226056380984, 19.430074619880415 ], [ -99.063283367528342, 19.430134271039183 ], [ -99.063307350878915, 19.430159498512559 ], [ -99.063351642705896, 19.430206992582281 ], [ -99.063043902777707, 19.430805445236839 ] ] ] ] } },
{ "type": "Feature", "properties": { "id": 2934.0, "entidad": 9, "distrito_f": 11, "distrito_l": 11, "municipio": 17, "seccion": 5433, "tipo": 2, "control": 34153.0, "SECCION_TX": "5433", "SECCION__1": null, "SECCION__2": null, "SECCION_N": "5433", "ESTATUS": null, "ALCALDIA_N": "VENUSTIANO CARRANZA", "EN_OPERATI": null, "EN_OP": "NO", "SEC_N": "5433", "EST": null, "ALC_N": "VENUSTIANO CARRANZA", "OP": "NO", "NOMBRE": "EL ARENAL PUERTO AEREO" }, "geometry": { "type": "MultiPolygon", "coordinates": [ [ [ [ -99.062388963217657, 19.430774578198342 ], [ -99.06162679007808, 19.430738654294412 ], [ -99.060880989799557, 19.429845201924607 ], [ -99.060361396290318, 19.429222732646902 ], [ -99.060482917973061, 19.428296389835744 ], [ -99.061051049728619, 19.428354535537924 ], [ -99.061213398850967, 19.428261039171552 ], [ -99.06112647699949, 19.428158313518072 ], [ -99.061145289509795, 19.428143946767474 ], [ -99.061164730435522, 19.428126260898548 ], [ -99.061289073749236, 19.428034141373946 ], [ -99.061824418404044, 19.428601436039344 ], [ -99.061709063535233, 19.428697434176097 ], [ -99.061642099662649, 19.428713420083351 ], [ -99.061561227980022, 19.428728405989197 ], [ -99.061456601966185, 19.42968072028378 ], [ -99.062388963217657, 19.430774578198342 ] ] ] ] } },
{ "type": "Feature", "properties": { "id": 2935.0, "entidad": 9, "distrito_f": 11, "distrito_l": 11, "municipio": 17, "seccion": 5434, "tipo": 2, "control": 34152.0, "SECCION_TX": "5434", "SECCION__1": null, "SECCION__2": null, "SECCION_N": "5434", "ESTATUS": null, "ALCALDIA_N": "VENUSTIANO CARRANZA", "EN_OPERATI": null, "EN_OP": "NO", "SEC_N": "5434", "EST": null, "ALC_N": "VENUSTIANO CARRANZA", "OP": "NO", "NOMBRE": "EL ARENAL PUERTO AEREO" }, "geometry": { "type": "MultiPolygon", "coordinates": [ [ [ [ -99.060361396290318, 19.429222732646902 ], [ -99.059537123392701, 19.42825119703728 ], [ -99.05927644150691, 19.427943939109895 ], [ -99.058924899764278, 19.427529584947909 ], [ -99.058215835007985, 19.426693818097913 ], [ -99.057964631560068, 19.426385820800821 ], [ -99.058535545535179, 19.426486876429404 ], [ -99.059409397390354, 19.426641550385728 ], [ -99.05967858462482, 19.426662959147585 ], [ -99.059963175623921, 19.42666899705242 ], [ -99.060647473730924, 19.427359784438494 ], [ -99.061115149253581, 19.427846525651038 ], [ -99.061289073749236, 19.428034141373946 ], [ -99.061164730435522, 19.428126260898548 ], [ -99.061145289509795, 19.428143946767474 ], [ -99.06112647699949, 19.428158313518072 ], [ -99.061213398850967, 19.428261039171552 ], [ -99.061051049728619, 19.428354535537924 ], [ -99.060482917973061, 19.428296389835744 ], [ -99.060361396290318, 19.429222732646902 ] ] ] ] } },
{ "type": "Feature", "properties": { "id": 2938.0, "entidad": 9, "distrito_f": 11, "distrito_l": 11, "municipio": 17, "seccion": 5437, "tipo": 2, "control": 33935.0, "SECCION_TX": "5437", "SECCION__1": null, "SECCION__2": null, "SECCION_N": "5437", "ESTATUS": null, "ALCALDIA_N": "VENUSTIANO CARRANZA", "EN_OPERATI": null, "EN_OP": "NO", "SEC_N": "5437", "EST": null, "ALC_N": "VENUSTIANO CARRANZA", "OP": "NO", "NOMBRE": "EL ARENAL PUERTO AEREO" }, "geometry": { "type": "MultiPolygon", "coordinates": [ [ [ [ -99.056795075710383, 19.428038252143267 ], [ -99.056606989995444, 19.428033376351589 ], [ -99.056795012513675, 19.426284275804328 ], [ -99.056301206044168, 19.426224311163523 ], [ -99.056421315589262, 19.425078292357057 ], [ -99.056527001747313, 19.424069880229059 ], [ -99.056571191769436, 19.423648234243203 ], [ -99.057035452772269, 19.424145467383944 ], [ -99.057490098583415, 19.42462351289187 ], [ -99.058063256095025, 19.425226164003469 ], [ -99.058613715814985, 19.42580494340265 ], [ -99.059409397390354, 19.426641550385728 ], [ -99.058535545535179, 19.426486876429404 ], [ -99.057964631560068, 19.426385820800821 ], [ -99.057926853104931, 19.426745187846912 ], [ -99.057982406209803, 19.426816375485082 ], [ -99.05719514968392, 19.427360067886909 ], [ -99.057083966377419, 19.427966665676664 ], [ -99.056795075710383, 19.428038252143267 ] ] ] ] } },
{ "type": "Feature", "properties": { "id": 3020.0, "entidad": 9, "distrito_f": 11, "distrito_l": 11, "municipio": 17, "seccion": 5520, "tipo": 2, "control": 34136.0, "SECCION_TX": "5520", "SECCION__1": null, "SECCION__2": null, "SECCION_N": "5520", "ESTATUS": null, "ALCALDIA_N": "VENUSTIANO CARRANZA", "EN_OPERATI": null, "EN_OP": "NO", "SEC_N": "5520", "EST": null, "ALC_N": "VENUSTIANO CARRANZA", "OP": "NO", "NOMBRE": "EL ARENAL PUERTO AEREO" }, "geometry": { "type": "MultiPolygon", "coordinates": [ [ [ [ -99.063351642705896, 19.430206992582281 ], [ -99.063307350878915, 19.430159498512559 ], [ -99.063283367528342, 19.430134271039183 ], [ -99.063226056380984, 19.430074619880415 ], [ -99.06321256603691, 19.430060578717207 ], [ -99.062322614337333, 19.429131801835148 ], [ -99.062363234404771, 19.42869852522438 ], [ -99.06270479946302, 19.428703513672165 ], [ -99.062719667972331, 19.428537022176517 ], [ -99.062947926080227, 19.428795917396961 ], [ -99.063229814085688, 19.428751583551051 ], [ -99.063359235680096, 19.428888976179259 ], [ -99.063661064896095, 19.429231546639535 ], [ -99.06372039655119, 19.429295315545545 ], [ -99.063758386137437, 19.4293277641403 ], [ -99.063787633325859, 19.42935912619814 ], [ -99.063351642705896, 19.430206992582281 ] ] ] ] } },
{ "type": "Feature", "properties": { "id": 3022.0, "entidad": 9, "distrito_f": 11, "distrito_l": 11, "municipio": 17, "seccion": 5522, "tipo": 2, "control": 34137.0, "SECCION_TX": "5522", "SECCION__1": null, "SECCION__2": null, "SECCION_N": "5522", "ESTATUS": null, "ALCALDIA_N": "VENUSTIANO CARRANZA", "EN_OPERATI": null, "EN_OP": "NO", "SEC_N": "5522", "EST": null, "ALC_N": "VENUSTIANO CARRANZA", "OP": "NO", "NOMBRE": "EL ARENAL PUERTO AEREO" }, "geometry": { "type": "MultiPolygon", "coordinates": [ [ [ [ -99.062322614337333, 19.429131801835148 ], [ -99.061824418404044, 19.428601436039344 ], [ -99.061289073749236, 19.428034141373946 ], [ -99.061115149253581, 19.427846525651038 ], [ -99.06123199378527, 19.427011709998773 ], [ -99.061987089338444, 19.42777019806454 ], [ -99.062389515605545, 19.428176697917696 ], [ -99.062719667972331, 19.428537022176517 ], [ -99.06270479946302, 19.428703513672165 ], [ -99.062363234404771, 19.42869852522438 ], [ -99.062322614337333, 19.429131801835148 ] ] ] ] } },
{ "type": "Feature", "properties": { "id": 3024.0, "entidad": 9, "distrito_f": 11, "distrito_l": 11, "municipio": 17, "seccion": 5524, "tipo": 2, "control": 34147.0, "SECCION_TX": "5524", "SECCION__1": null, "SECCION__2": null, "SECCION_N": "5524", "ESTATUS": null, "ALCALDIA_N": "VENUSTIANO CARRANZA", "EN_OPERATI": null, "EN_OP": "NO", "SEC_N": "5524", "EST": null, "ALC_N": "VENUSTIANO CARRANZA", "OP": "NO", "NOMBRE": "EL ARENAL PUERTO AEREO" }, "geometry": { "type": "MultiPolygon", "coordinates": [ [ [ [ -99.061115149253581, 19.427846525651038 ], [ -99.060647473730924, 19.427359784438494 ], [ -99.059963175623921, 19.42666899705242 ], [ -99.059919058885811, 19.426624466450818 ], [ -99.059200593844764, 19.425899183140224 ], [ -99.059319434356567, 19.424967225967833 ], [ -99.060059562337358, 19.425758415054769 ], [ -99.060116601174173, 19.425819388529145 ], [ -99.060654616611629, 19.4263945140552 ], [ -99.06123199378527, 19.427011709998773 ], [ -99.061115149253581, 19.427846525651038 ] ] ] ] } },
{ "type": "Feature", "properties": { "id": 3026.0, "entidad": 9, "distrito_f": 11, "distrito_l": 11, "municipio": 17, "seccion": 5526, "tipo": 2, "control": 34148.0, "SECCION_TX": "5526", "SECCION__1": null, "SECCION__2": null, "SECCION_N": "5526", "ESTATUS": null, "ALCALDIA_N": "VENUSTIANO CARRANZA", "EN_OPERATI": null, "EN_OP": "NO", "SEC_N": "5526", "EST": null, "ALC_N": "VENUSTIANO CARRANZA", "OP": "NO", "NOMBRE": "EL ARENAL PUERTO AEREO" }, "geometry": { "type": "MultiPolygon", "coordinates": [ [ [ [ -99.059963175623921, 19.42666899705242 ], [ -99.05967858462482, 19.426662959147585 ], [ -99.059409397390354, 19.426641550385728 ], [ -99.058613715814985, 19.42580494340265 ], [ -99.058063256095025, 19.425226164003469 ], [ -99.057490098583415, 19.42462351289187 ], [ -99.057035452772269, 19.424145467383944 ], [ -99.057066629191439, 19.423762076770913 ], [ -99.057320586164138, 19.424035287044561 ], [ -99.05735756181106, 19.424002086504128 ], [ -99.057526353952781, 19.42385716442902 ], [ -99.057587338550604, 19.423803933008294 ], [ -99.057651896406057, 19.423743159463072 ], [ -99.057840734697578, 19.423580438418895 ], [ -99.058313940016447, 19.424109899204097 ], [ -99.058239181298376, 19.424179609153729 ], [ -99.058710413708013, 19.424307832121002 ], [ -99.059319434356567, 19.424967225967833 ], [ -99.059200593844764, 19.425899183140224 ], [ -99.059919058885811, 19.426624466450818 ], [ -99.059963175623921, 19.42666899705242 ] ] ] ] } },
{ "type": "Feature", "properties": { "id": 3014.0, "entidad": 9, "distrito_f": 11, "distrito_l": 10, "municipio": 17, "seccion": 5506, "tipo": 2, "control": 33553.0, "SECCION_TX": "5506", "SECCION__1": null, "SECCION__2": null, "SECCION_N": "5506", "ESTATUS": null, "ALCALDIA_N": "VENUSTIANO CARRANZA", "EN_OPERATI": null, "EN_OP": "NO", "SEC_N": "5506", "EST": null, "ALC_N": "VENUSTIANO CARRANZA", "OP": "NO", "NOMBRE": "ARTES GRAFICAS" }, "geometry": { "type": "MultiPolygon", "coordinates": [ [ [ [ -99.127840906994749, 19.415984030193929 ], [ -99.126881207878057, 19.415896889942069 ], [ -99.125702304925923, 19.415809896421258 ], [ -99.12498617929505, 19.41573644266904 ], [ -99.124591589641668, 19.415708983269123 ], [ -99.124221356189793, 19.415681506358712 ], [ -99.124314320840369, 19.414660222567015 ], [ -99.12441094014028, 19.413598776585385 ], [ -99.124891694509245, 19.413583491016521 ], [ -99.12614400824144, 19.413543667758802 ], [ -99.12616468795251, 19.412728206753364 ], [ -99.125425984239698, 19.412721978968577 ], [ -99.125404375948548, 19.412331118596821 ], [ -99.12549335845658, 19.41233123872361 ], [ -99.12633996436179, 19.412332379465958 ], [ -99.127055791940975, 19.412333340915744 ], [ -99.12771986923147, 19.412282331111157 ], [ -99.127856515184831, 19.413388289313136 ], [ -99.127866404910961, 19.413468332233073 ], [ -99.128001494543938, 19.413640087418955 ], [ -99.128168473651797, 19.413717470819659 ], [ -99.128039146188627, 19.414611259328371 ], [ -99.127899745364218, 19.415576587432831 ], [ -99.127840906994749, 19.415984030193929 ] ] ] ] } },
{ "type": "Feature", "properties": { "id": 3015.0, "entidad": 9, "distrito_f": 11, "distrito_l": 10, "municipio": 17, "seccion": 5507, "tipo": 2, "control": 34070.0, "SECCION_TX": "5507", "SECCION__1": null, "SECCION__2": null, "SECCION_N": "5507", "ESTATUS": null, "ALCALDIA_N": "VENUSTIANO CARRANZA", "EN_OPERATI": null, "EN_OP": "NO", "SEC_N": "5507", "EST": null, "ALC_N": "VENUSTIANO CARRANZA", "OP": "NO", "NOMBRE": "ARTES GRAFICAS" }, "geometry": { "type": "MultiPolygon", "coordinates": [ [ [ [ -99.12614400824144, 19.413543667758802 ], [ -99.124891694509245, 19.413583491016521 ], [ -99.12441094014028, 19.413598776585385 ], [ -99.123988902738716, 19.41361524312595 ], [ -99.12363485476331, 19.413629056179435 ], [ -99.123494814556224, 19.413634519606436 ], [ -99.12312068469042, 19.413649115106164 ], [ -99.122746554753149, 19.41366370983588 ], [ -99.122310747212595, 19.413686156015299 ], [ -99.121826910228606, 19.413711074710168 ], [ -99.121942077073655, 19.412610512426841 ], [ -99.121957363548646, 19.412464430070557 ], [ -99.121943233213798, 19.411485427737947 ], [ -99.121940046384012, 19.411264630304679 ], [ -99.122387610565966, 19.411246410955272 ], [ -99.122835174641551, 19.411228190504104 ], [ -99.123344741019253, 19.411207444576082 ], [ -99.123886065960818, 19.411185404093832 ], [ -99.123895209633744, 19.41241637311828 ], [ -99.124359715967472, 19.412364634592574 ], [ -99.125111599946806, 19.412340512383913 ], [ -99.125404375948548, 19.412331118596821 ], [ -99.125425984239698, 19.412721978968577 ], [ -99.12616468795251, 19.412728206753364 ], [ -99.12614400824144, 19.413543667758802 ] ] ] ] } },
{ "type": "Feature", "properties": { "id": 3016.0, "entidad": 9, "distrito_f": 11, "distrito_l": 10, "municipio": 17, "seccion": 5508, "tipo": 2, "control": 33556.0, "SECCION_TX": "5508", "SECCION__1": null, "SECCION__2": null, "SECCION_N": "5508", "ESTATUS": "PENDIENTE", "ALCALDIA_N": "VENUSTIANO CARRANZA", "EN_OPERATI": null, "EN_OP": "SI", "SEC_N": "5508", "EST": "PENDIENTE", "ALC_N": "VENUSTIANO CARRANZA", "OP": "SI", "NOMBRE": "ARTES GRAFICAS" }, "geometry": { "type": "MultiPolygon", "coordinates": [ [ [ [ -99.12771986923147, 19.412282331111157 ], [ -99.127055791940975, 19.412333340915744 ], [ -99.12633996436179, 19.412332379465958 ], [ -99.12549335845658, 19.41233123872361 ], [ -99.125404375948548, 19.412331118596821 ], [ -99.125111599946806, 19.412340512383913 ], [ -99.124359715967472, 19.412364634592574 ], [ -99.124272254193386, 19.411138660940271 ], [ -99.124828919998947, 19.411127332642405 ], [ -99.12538558571687, 19.411116002639588 ], [ -99.125379036788857, 19.410097961394978 ], [ -99.1248252630146, 19.41011476274014 ], [ -99.124259611330672, 19.410136406520635 ], [ -99.123885000620717, 19.410142773032515 ], [ -99.123849481504308, 19.408944130263574 ], [ -99.124255949926209, 19.408922717013198 ], [ -99.124790908571526, 19.408894533347919 ], [ -99.125358011531148, 19.4088637360266 ], [ -99.126711732598125, 19.408942687277577 ], [ -99.127459827906691, 19.411042841952113 ], [ -99.12771986923147, 19.412282331111157 ] ] ] ] } },
{ "type": "Feature", "properties": { "id": 3017.0, "entidad": 9, "distrito_f": 11, "distrito_l": 10, "municipio": 17, "seccion": 5509, "tipo": 2, "control": 34071.0, "SECCION_TX": "5509", "SECCION__1": null, "SECCION__2": null, "SECCION_N": "5509", "ESTATUS": null, "ALCALDIA_N": "VENUSTIANO CARRANZA", "EN_OPERATI": null, "EN_OP": "NO", "SEC_N": "5509", "EST": null, "ALC_N": "VENUSTIANO CARRANZA", "OP": "NO", "NOMBRE": "ARTES GRAFICAS" }, "geometry": { "type": "MultiPolygon", "coordinates": [ [ [ [ -99.12538558571687, 19.411116002639588 ], [ -99.124828919998947, 19.411127332642405 ], [ -99.124272254193386, 19.411138660940271 ], [ -99.124359715967472, 19.412364634592574 ], [ -99.123895209633744, 19.41241637311828 ], [ -99.123886065960818, 19.411185404093832 ], [ -99.123344741019253, 19.411207444576082 ], [ -99.122835174641551, 19.411228190504104 ], [ -99.122387610565966, 19.411246410955272 ], [ -99.121940046384012, 19.411264630304679 ], [ -99.121933396079825, 19.411058151668598 ], [ -99.121906424696377, 19.410220738292619 ], [ -99.122379422242062, 19.410182106798558 ], [ -99.122835146607457, 19.410187272671422 ], [ -99.123331226513301, 19.410159569826206 ], [ -99.123885000620717, 19.410142773032515 ], [ -99.124259611330672, 19.410136406520635 ], [ -99.1248252630146, 19.41011476274014 ], [ -99.125379036788857, 19.410097961394978 ], [ -99.12538558571687, 19.411116002639588 ] ] ] ] } },
{ "type": "Feature", "properties": { "id": 3018.0, "entidad": 9, "distrito_f": 11, "distrito_l": 10, "municipio": 17, "seccion": 5510, "tipo": 2, "control": 33557.0, "SECCION_TX": "5510", "SECCION__1": null, "SECCION__2": null, "SECCION_N": "5510", "ESTATUS": null, "ALCALDIA_N": "VENUSTIANO CARRANZA", "EN_OPERATI": null, "EN_OP": "NO", "SEC_N": "5510", "EST": null, "ALC_N": "VENUSTIANO CARRANZA", "OP": "NO", "NOMBRE": "ARTES GRAFICAS" }, "geometry": { "type": "MultiPolygon", "coordinates": [ [ [ [ -99.126711732598125, 19.408942687277577 ], [ -99.125358011531148, 19.4088637360266 ], [ -99.124790908571526, 19.408894533347919 ], [ -99.124255949926209, 19.408922717013198 ], [ -99.123849481504308, 19.408944130263574 ], [ -99.123885000620717, 19.410142773032515 ], [ -99.123331226513301, 19.410159569826206 ], [ -99.122835146607457, 19.410187272671422 ], [ -99.122379422242062, 19.410182106798558 ], [ -99.121906424696377, 19.410220738292619 ], [ -99.121873785743261, 19.40918762315512 ], [ -99.121840544588309, 19.406964129644791 ], [ -99.12309579962519, 19.406923581713766 ], [ -99.123518262792047, 19.406909933124609 ], [ -99.126166279861977, 19.406824601927038 ], [ -99.126711732598125, 19.408942687277577 ] ] ] ] } },
{ "type": "Feature", "properties": { "id": 2927.0, "entidad": 9, "distrito_f": 11, "distrito_l": 11, "municipio": 17, "seccion": 5442, "tipo": 2, "control": 33955.0, "SECCION_TX": "5442", "SECCION__1": null, "SECCION__2": null, "SECCION_N": "5442", "ESTATUS": null, "ALCALDIA_N": "VENUSTIANO CARRANZA", "EN_OPERATI": null, "EN_OP": "NO", "SEC_N": "5442", "EST": null, "ALC_N": "VENUSTIANO CARRANZA", "OP": "NO", "NOMBRE": "CARACOL" }, "geometry": { "type": "MultiPolygon", "coordinates": [ [ [ [ -99.065459452515796, 19.427284656652372 ], [ -99.065035752202306, 19.427215848166533 ], [ -99.06505312902334, 19.42718902165425 ], [ -99.065116760308442, 19.427087552854989 ], [ -99.065642204146442, 19.426249654993931 ], [ -99.065200235924806, 19.426187476987664 ], [ -99.064653371003303, 19.426110540103011 ], [ -99.064766241621143, 19.425111559370908 ], [ -99.064945740633277, 19.4237402463427 ], [ -99.065475365074519, 19.423825665008145 ], [ -99.065960148307823, 19.423903850179226 ], [ -99.066485675710709, 19.423988604965931 ], [ -99.06700232822962, 19.424071926879954 ], [ -99.067439431498599, 19.424142418461351 ], [ -99.067406871734292, 19.424192416579828 ], [ -99.067189247068029, 19.424526595696221 ], [ -99.066652078516043, 19.425351451592881 ], [ -99.066492034957122, 19.425597206558098 ], [ -99.066051009482948, 19.426274418865713 ], [ -99.06581437171458, 19.42667870522865 ], [ -99.065477599226398, 19.427253675008426 ], [ -99.065459452515796, 19.427284656652372 ] ] ] ] } },
{ "type": "Feature", "properties": { "id": 2944.0, "entidad": 9, "distrito_f": 11, "distrito_l": 11, "municipio": 17, "seccion": 5443, "tipo": 2, "control": 34020.0, "SECCION_TX": "5443", "SECCION__1": null, "SECCION__2": null, "SECCION_N": "5443", "ESTATUS": "COMPLETA", "ALCALDIA_N": "VENUSTIANO CARRANZA", "EN_OPERATI": null, "EN_OP": "SI", "SEC_N": "5443", "EST": "COMPLETA", "ALC_N": "VENUSTIANO CARRANZA", "OP": "SI", "NOMBRE": "CARACOL" }, "geometry": { "type": "MultiPolygon", "coordinates": [ [ [ [ -99.067937678128885, 19.43053120546103 ], [ -99.067456646299959, 19.430318792624448 ], [ -99.066941606711609, 19.430085515957401 ], [ -99.066462063990301, 19.429867902605608 ], [ -99.066016608879153, 19.429670579007141 ], [ -99.065950506269118, 19.429596968731186 ], [ -99.065503931957679, 19.429122151697438 ], [ -99.064893832900722, 19.428471992308257 ], [ -99.06470786837383, 19.428439273752382 ], [ -99.064317855580597, 19.428361505056422 ], [ -99.065011485568178, 19.427253311224447 ], [ -99.065035752202306, 19.427215848166533 ], [ -99.065459452515796, 19.427284656652372 ], [ -99.065436207575729, 19.427323127004822 ], [ -99.064840083610676, 19.428274390598997 ], [ -99.065608028255639, 19.428352451075174 ], [ -99.06611916687676, 19.428411490093882 ], [ -99.066652233802756, 19.428472591621176 ], [ -99.067158713755589, 19.428530617882085 ], [ -99.067637884571567, 19.428585514057616 ], [ -99.067671949100074, 19.428589416608666 ], [ -99.068185184809082, 19.428648213883037 ], [ -99.067937678128885, 19.43053120546103 ] ] ] ] } },
{ "type": "Feature", "properties": { "id": 2945.0, "entidad": 9, "distrito_f": 11, "distrito_l": 11, "municipio": 17, "seccion": 5444, "tipo": 2, "control": 34019.0, "SECCION_TX": "5444", "SECCION__1": null, "SECCION__2": null, "SECCION_N": "5444", "ESTATUS": null, "ALCALDIA_N": "VENUSTIANO CARRANZA", "EN_OPERATI": null, "EN_OP": "NO", "SEC_N": "5444", "EST": null, "ALC_N": "VENUSTIANO CARRANZA", "OP": "NO", "NOMBRE": "CARACOL" }, "geometry": { "type": "MultiPolygon", "coordinates": [ [ [ [ -99.06834564087022, 19.430712668427429 ], [ -99.067937678128885, 19.43053120546103 ], [ -99.068185184809082, 19.428648213883037 ], [ -99.068318711815905, 19.427645576999556 ], [ -99.068322857038225, 19.427605193451633 ], [ -99.069375435576049, 19.427747225501889 ], [ -99.069899544768077, 19.427811921612907 ], [ -99.069894467221218, 19.427853496037429 ], [ -99.069774568998866, 19.42883520403101 ], [ -99.070282103885901, 19.428906818239948 ], [ -99.070792654581268, 19.428978856489536 ], [ -99.071303205721847, 19.42905089330155 ], [ -99.070732673616064, 19.429372812928438 ], [ -99.070184363490384, 19.4296821910334 ], [ -99.069602289750847, 19.430010616794746 ], [ -99.069097438428102, 19.430295468461303 ], [ -99.069019143169328, 19.4303389176096 ], [ -99.068472514657799, 19.430642261890178 ], [ -99.06834564087022, 19.430712668427429 ] ] ] ] } },
{ "type": "Feature", "properties": { "id": 2946.0, "entidad": 9, "distrito_f": 11, "distrito_l": 11, "municipio": 17, "seccion": 5445, "tipo": 2, "control": 34027.0, "SECCION_TX": "5445", "SECCION__1": null, "SECCION__2": null, "SECCION_N": "5445", "ESTATUS": null, "ALCALDIA_N": "VENUSTIANO CARRANZA", "EN_OPERATI": null, "EN_OP": "NO", "SEC_N": "5445", "EST": null, "ALC_N": "VENUSTIANO CARRANZA", "OP": "NO", "NOMBRE": "CARACOL" }, "geometry": { "type": "MultiPolygon", "coordinates": [ [ [ [ -99.071303205721847, 19.42905089330155 ], [ -99.070792654581268, 19.428978856489536 ], [ -99.070282103885901, 19.428906818239948 ], [ -99.069774568998866, 19.42883520403101 ], [ -99.069894467221218, 19.427853496037429 ], [ -99.069899544768077, 19.427811921612907 ], [ -99.069375435576049, 19.427747225501889 ], [ -99.069380517085349, 19.427710429180454 ], [ -99.069523417554706, 19.426704217262156 ], [ -99.070047634563196, 19.426775632379751 ], [ -99.070575570031806, 19.426848691300194 ], [ -99.07108222652478, 19.426918804000444 ], [ -99.071582587488749, 19.426988044058142 ], [ -99.072104372990509, 19.427060247315591 ], [ -99.071992275630976, 19.428011491951395 ], [ -99.071988061333727, 19.428045571351092 ], [ -99.072923304830567, 19.42816633504999 ], [ -99.072842831170348, 19.428207857548035 ], [ -99.07245963253591, 19.428405578165382 ], [ -99.071898309630043, 19.428716521200847 ], [ -99.071303205721847, 19.42905089330155 ] ] ] ] } },
{ "type": "Feature", "properties": { "id": 2949.0, "entidad": 9, "distrito_f": 11, "distrito_l": 11, "municipio": 17, "seccion": 5448, "tipo": 2, "control": 34031.0, "SECCION_TX": "5448", "SECCION__1": null, "SECCION__2": null, "SECCION_N": "5448", "ESTATUS": null, "ALCALDIA_N": "VENUSTIANO CARRANZA", "EN_OPERATI": null, "EN_OP": "NO", "SEC_N": "5448", "EST": null, "ALC_N": "VENUSTIANO CARRANZA", "OP": "NO", "NOMBRE": "CARACOL" }, "geometry": { "type": "MultiPolygon", "coordinates": [ [ [ [ -99.069375435576049, 19.427747225501889 ], [ -99.068322857038225, 19.427605193451633 ], [ -99.067301373239189, 19.42749465154024 ], [ -99.066790631850779, 19.427439378427518 ], [ -99.066279890803131, 19.427384103876857 ], [ -99.066283573721734, 19.427353720920802 ], [ -99.066409380482213, 19.426315846689949 ], [ -99.066051009482948, 19.426274418865713 ], [ -99.066492034957122, 19.425597206558098 ], [ -99.066652078516043, 19.425351451592881 ], [ -99.067063805781643, 19.425403431007101 ], [ -99.06757765345337, 19.425468301479629 ], [ -99.0680896011812, 19.425542127379664 ], [ -99.067955549538823, 19.42651283708847 ], [ -99.068498372749374, 19.426579805428347 ], [ -99.069007935179229, 19.426650471767339 ], [ -99.069523417554706, 19.426704217262156 ], [ -99.069380517085349, 19.427710429180454 ], [ -99.069375435576049, 19.427747225501889 ] ] ] ] } },
{ "type": "Feature", "properties": { "id": 2950.0, "entidad": 9, "distrito_f": 11, "distrito_l": 11, "municipio": 17, "seccion": 5449, "tipo": 2, "control": 34024.0, "SECCION_TX": "5449", "SECCION__1": null, "SECCION__2": null, "SECCION_N": "5449", "ESTATUS": "PENDIENTE", "ALCALDIA_N": "VENUSTIANO CARRANZA", "EN_OPERATI": null, "EN_OP": "SI", "SEC_N": "5449", "EST": "PENDIENTE", "ALC_N": "VENUSTIANO CARRANZA", "OP": "SI", "NOMBRE": "CARACOL" }, "geometry": { "type": "MultiPolygon", "coordinates": [ [ [ [ -99.068185184809082, 19.428648213883037 ], [ -99.067671949100074, 19.428589416608666 ], [ -99.067637884571567, 19.428585514057616 ], [ -99.067158713755589, 19.428530617882085 ], [ -99.066652233802756, 19.428472591621176 ], [ -99.06611916687676, 19.428411490093882 ], [ -99.065608028255639, 19.428352451075174 ], [ -99.064840083610676, 19.428274390598997 ], [ -99.065436207575729, 19.427323127004822 ], [ -99.065459452515796, 19.427284656652372 ], [ -99.065477599226398, 19.427253675008426 ], [ -99.06581437171458, 19.42667870522865 ], [ -99.066051009482948, 19.426274418865713 ], [ -99.066409380482213, 19.426315846689949 ], [ -99.066283573721734, 19.427353720920802 ], [ -99.066279890803131, 19.427384103876857 ], [ -99.066790631850779, 19.427439378427518 ], [ -99.067301373239189, 19.42749465154024 ], [ -99.068322857038225, 19.427605193451633 ], [ -99.068318711815905, 19.427645576999556 ], [ -99.068185184809082, 19.428648213883037 ] ] ] ] } },
{ "type": "Feature", "properties": { "id": 3011.0, "entidad": 9, "distrito_f": 11, "distrito_l": 11, "municipio": 17, "seccion": 5500, "tipo": 2, "control": 33950.0, "SECCION_TX": "5500", "SECCION__1": null, "SECCION__2": null, "SECCION_N": "5500", "ESTATUS": null, "ALCALDIA_N": "VENUSTIANO CARRANZA", "EN_OPERATI": null, "EN_OP": "NO", "SEC_N": "5500", "EST": null, "ALC_N": "VENUSTIANO CARRANZA", "OP": "NO", "NOMBRE": "CARACOL" }, "geometry": { "type": "MultiPolygon", "coordinates": [ [ [ [ -99.064158535099097, 19.428378356458694 ], [ -99.064106019848566, 19.428321962552445 ], [ -99.063955617714299, 19.428160451760487 ], [ -99.063488188492073, 19.427658495494669 ], [ -99.062997900182268, 19.427131986989938 ], [ -99.063015484396288, 19.426988575683875 ], [ -99.063145986158247, 19.425924236566328 ], [ -99.063663467634512, 19.425988195567495 ], [ -99.064180949511183, 19.426052153092321 ], [ -99.064653371003303, 19.426110540103011 ], [ -99.065200235924806, 19.426187476987664 ], [ -99.065642204146442, 19.426249654993931 ], [ -99.065116760308442, 19.427087552854989 ], [ -99.06505312902334, 19.42718902165425 ], [ -99.065035752202306, 19.427215848166533 ], [ -99.065011485568178, 19.427253311224447 ], [ -99.064317855580597, 19.428361505056422 ], [ -99.064158535099097, 19.428378356458694 ] ] ] ] } },
{ "type": "Feature", "properties": { "id": 2679.0, "entidad": 9, "distrito_f": 11, "distrito_l": 10, "municipio": 17, "seccion": 5184, "tipo": 2, "control": 32718.0, "SECCION_TX": "5184", "SECCION__1": null, "SECCION__2": null, "SECCION_N": "5184", "ESTATUS": null, "ALCALDIA_N": "VENUSTIANO CARRANZA", "EN_OPERATI": null, "EN_OP": "NO", "SEC_N": "5184", "EST": null, "ALC_N": "VENUSTIANO CARRANZA", "OP": "NO", "NOMBRE": "POPULAR RASTRO" }, "geometry": { "type": "MultiPolygon", "coordinates": [ [ [ [ -99.1193510171273, 19.459022581435942 ], [ -99.118841814595442, 19.458858868825967 ], [ -99.11836487781315, 19.458705528307448 ], [ -99.11789850892032, 19.458555583986914 ], [ -99.117629179335125, 19.458468989969465 ], [ -99.117641425461599, 19.458438418960107 ], [ -99.117651800338962, 19.458412589006876 ], [ -99.117681591325393, 19.458338383272181 ], [ -99.117706442070684, 19.458276496222741 ], [ -99.117730330336499, 19.458217006036467 ], [ -99.117770914508668, 19.458115868322835 ], [ -99.118270588313763, 19.456870958629029 ], [ -99.119012505260784, 19.457110186482854 ], [ -99.119192676848513, 19.456643094309396 ], [ -99.119307573289419, 19.456677263505121 ], [ -99.119641803400242, 19.455852020243395 ], [ -99.119861234231252, 19.455310221527778 ], [ -99.120727883770371, 19.455577378379807 ], [ -99.120511687086335, 19.456124487055305 ], [ -99.120139589118949, 19.45705359612705 ], [ -99.119947065791209, 19.457534312304212 ], [ -99.119927310722957, 19.457578510873049 ], [ -99.119490918061203, 19.458673266531225 ], [ -99.119476053603009, 19.458710420931343 ], [ -99.119463274579275, 19.458742178740231 ], [ -99.119433615568255, 19.458816426686244 ], [ -99.119419267575211, 19.458852220316555 ], [ -99.119405927957175, 19.458885498360161 ], [ -99.119369327863083, 19.458976894010362 ], [ -99.119361204802601, 19.458997165254956 ], [ -99.1193510171273, 19.459022581435942 ] ] ] ] } },
{ "type": "Feature", "properties": { "id": 2680.0, "entidad": 9, "distrito_f": 11, "distrito_l": 10, "municipio": 17, "seccion": 5185, "tipo": 2, "control": 32719.0, "SECCION_TX": "5185", "SECCION__1": null, "SECCION__2": null, "SECCION_N": "5185", "ESTATUS": null, "ALCALDIA_N": "VENUSTIANO CARRANZA", "EN_OPERATI": null, "EN_OP": "NO", "SEC_N": "5185", "EST": null, "ALC_N": "VENUSTIANO CARRANZA", "OP": "NO", "NOMBRE": "POPULAR RASTRO" }, "geometry": { "type": "MultiPolygon", "coordinates": [ [ [ [ -99.117629179335125, 19.458468989969465 ], [ -99.117294264320748, 19.458384210012852 ], [ -99.1171008418886, 19.458306048400637 ], [ -99.11703659249433, 19.458265807163198 ], [ -99.116808303222285, 19.458122822700894 ], [ -99.11682221205858, 19.458088203221216 ], [ -99.116834210137469, 19.45805843168489 ], [ -99.116845102073071, 19.458031404876646 ], [ -99.116878578003096, 19.457948488603876 ], [ -99.1169109165685, 19.457868149618321 ], [ -99.116944031940378, 19.457785880717527 ], [ -99.116971232310007, 19.457718264956942 ], [ -99.11699010728195, 19.457671210700735 ], [ -99.117004351931726, 19.457636038973892 ], [ -99.117409493830607, 19.456630072540946 ], [ -99.117599730854351, 19.456157709839157 ], [ -99.118030139615925, 19.456285417303835 ], [ -99.118343178086079, 19.455482699693057 ], [ -99.118773585635594, 19.455610405409139 ], [ -99.118999266969311, 19.455039504232044 ], [ -99.119861234231252, 19.455310221527778 ], [ -99.119641803400242, 19.455852020243395 ], [ -99.119307573289419, 19.456677263505121 ], [ -99.119192676848513, 19.456643094309396 ], [ -99.119012505260784, 19.457110186482854 ], [ -99.118270588313763, 19.456870958629029 ], [ -99.117770914508668, 19.458115868322835 ], [ -99.117730330336499, 19.458217006036467 ], [ -99.117706442070684, 19.458276496222741 ], [ -99.117681591325393, 19.458338383272181 ], [ -99.117651800338962, 19.458412589006876 ], [ -99.117641425461599, 19.458438418960107 ], [ -99.117629179335125, 19.458468989969465 ] ] ] ] } },
{ "type": "Feature", "properties": { "id": 2681.0, "entidad": 9, "distrito_f": 11, "distrito_l": 10, "municipio": 17, "seccion": 5186, "tipo": 2, "control": 32722.0, "SECCION_TX": "5186", "SECCION__1": null, "SECCION__2": null, "SECCION_N": "5186", "ESTATUS": null, "ALCALDIA_N": "VENUSTIANO CARRANZA", "EN_OPERATI": null, "EN_OP": "NO", "SEC_N": "5186", "EST": null, "ALC_N": "VENUSTIANO CARRANZA", "OP": "NO", "NOMBRE": "POPULAR RASTRO" }, "geometry": { "type": "MultiPolygon", "coordinates": [ [ [ [ -99.116808303222285, 19.458122822700894 ], [ -99.116681029562571, 19.458021300756148 ], [ -99.11622577036097, 19.457658153926083 ], [ -99.11607386590201, 19.457537813665592 ], [ -99.116084035376417, 19.457513435954311 ], [ -99.116097736101437, 19.457480614739357 ], [ -99.116109528858729, 19.457452364206784 ], [ -99.116141066396295, 19.457376756826079 ], [ -99.116179205173324, 19.457285391718361 ], [ -99.116208893000106, 19.457214271598158 ], [ -99.116238370942014, 19.457143587337693 ], [ -99.116263269201866, 19.457083673853141 ], [ -99.116284227581289, 19.457033544481437 ], [ -99.116554344069741, 19.456374855470997 ], [ -99.117078238638172, 19.455097302940544 ], [ -99.116646828049682, 19.454969072558853 ], [ -99.116214210459987, 19.454840482177367 ], [ -99.115794738822615, 19.454715798089797 ], [ -99.116004086386269, 19.454138269640868 ], [ -99.116447883032961, 19.454271809554257 ], [ -99.116873301775826, 19.454399818265887 ], [ -99.117293828438832, 19.454526353766383 ], [ -99.117704570249842, 19.454649943893255 ], [ -99.118144997019598, 19.454782464828298 ], [ -99.118999266969311, 19.455039504232044 ], [ -99.118773585635594, 19.455610405409139 ], [ -99.118343178086079, 19.455482699693057 ], [ -99.118030139615925, 19.456285417303835 ], [ -99.117599730854351, 19.456157709839157 ], [ -99.117409493830607, 19.456630072540946 ], [ -99.117004351931726, 19.457636038973892 ], [ -99.11699010728195, 19.457671210700735 ], [ -99.116971232310007, 19.457718264956942 ], [ -99.116944031940378, 19.457785880717527 ], [ -99.1169109165685, 19.457868149618321 ], [ -99.116878578003096, 19.457948488603876 ], [ -99.116845102073071, 19.458031404876646 ], [ -99.116834210137469, 19.45805843168489 ], [ -99.11682221205858, 19.458088203221216 ], [ -99.116808303222285, 19.458122822700894 ] ] ] ] } },
{ "type": "Feature", "properties": { "id": 2682.0, "entidad": 9, "distrito_f": 11, "distrito_l": 10, "municipio": 17, "seccion": 5187, "tipo": 2, "control": 32724.0, "SECCION_TX": "5187", "SECCION__1": null, "SECCION__2": null, "SECCION_N": "5187", "ESTATUS": null, "ALCALDIA_N": "VENUSTIANO CARRANZA", "EN_OPERATI": null, "EN_OP": "NO", "SEC_N": "5187", "EST": null, "ALC_N": "VENUSTIANO CARRANZA", "OP": "NO", "NOMBRE": "POPULAR RASTRO" }, "geometry": { "type": "MultiPolygon", "coordinates": [ [ [ [ -99.11607386590201, 19.457537813665592 ], [ -99.115751223727003, 19.45728234844222 ], [ -99.115347179511147, 19.456964095396707 ], [ -99.114912884657201, 19.456622012457395 ], [ -99.114541028282417, 19.456329108726912 ], [ -99.114458165247655, 19.45626852107933 ], [ -99.114412470766169, 19.45623511023333 ], [ -99.114390710941336, 19.456219199897028 ], [ -99.114356477455772, 19.456194169064993 ], [ -99.114330729457265, 19.45617534264008 ], [ -99.11427074800541, 19.456131485362832 ], [ -99.114280358848717, 19.456092356207829 ], [ -99.114289334199086, 19.456055714909144 ], [ -99.114294794506449, 19.45603342354238 ], [ -99.114303912554277, 19.45599619966282 ], [ -99.114325660817869, 19.455907444275137 ], [ -99.114352383662052, 19.455798387323039 ], [ -99.114382959096076, 19.455673607620938 ], [ -99.114401283146179, 19.455599009662969 ], [ -99.114415985995763, 19.455538576108946 ], [ -99.114424425253276, 19.455504085465748 ], [ -99.1146952842263, 19.454398269593597 ], [ -99.114782265732671, 19.454043153383608 ], [ -99.114846229911763, 19.4537985104391 ], [ -99.114900844165746, 19.453814079162953 ], [ -99.11494156663143, 19.453825743084501 ], [ -99.114975528105504, 19.453835470482428 ], [ -99.115051408306442, 19.453857173091905 ], [ -99.115584537673726, 19.454009599077629 ], [ -99.116004086386269, 19.454138269640868 ], [ -99.115794738822615, 19.454715798089705 ], [ -99.116214210459987, 19.454840482177367 ], [ -99.116646828049682, 19.454969072558853 ], [ -99.117078238638172, 19.455097302940452 ], [ -99.116554344069741, 19.456374855470997 ], [ -99.116284227581289, 19.457033544481437 ], [ -99.116263269201866, 19.457083673853141 ], [ -99.116238370942014, 19.457143587337693 ], [ -99.116208893000106, 19.457214271598158 ], [ -99.116179205173324, 19.457285391718361 ], [ -99.116141066396295, 19.457376756826079 ], [ -99.116109528858729, 19.457452364206784 ], [ -99.116097736101437, 19.457480614739357 ], [ -99.116084035376417, 19.457513435954311 ], [ -99.11607386590201, 19.457537813665592 ] ] ] ] } },
{ "type": "Feature", "properties": { "id": 2683.0, "entidad": 9, "distrito_f": 11, "distrito_l": 10, "municipio": 17, "seccion": 5188, "tipo": 2, "control": 32757.0, "SECCION_TX": "5188", "SECCION__1": null, "SECCION__2": null, "SECCION_N": "5188", "ESTATUS": null, "ALCALDIA_N": "VENUSTIANO CARRANZA", "EN_OPERATI": null, "EN_OP": "NO", "SEC_N": "5188", "EST": null, "ALC_N": "VENUSTIANO CARRANZA", "OP": "NO", "NOMBRE": "POPULAR RASTRO" }, "geometry": { "type": "MultiPolygon", "coordinates": [ [ [ [ -99.121730259403563, 19.45587882731807 ], [ -99.121595629795678, 19.455838339937849 ], [ -99.120727883770371, 19.455577378379807 ], [ -99.119861234231252, 19.455310221527778 ], [ -99.118999266969311, 19.455039504232044 ], [ -99.118144997019598, 19.454782464828298 ], [ -99.117704570249842, 19.454649943893255 ], [ -99.117293828438832, 19.454526353766383 ], [ -99.116873301775826, 19.454399818265887 ], [ -99.116447883032961, 19.454271809554257 ], [ -99.116004086386269, 19.454138269640868 ], [ -99.115584537673726, 19.454009599077629 ], [ -99.115051408306442, 19.453857173091905 ], [ -99.114975528105504, 19.453835470482428 ], [ -99.11494156663143, 19.453825743084501 ], [ -99.114900844165746, 19.453814079162953 ], [ -99.114846229911763, 19.4537985104391 ], [ -99.115068115767599, 19.452886579796935 ], [ -99.11543308241427, 19.451386577461392 ], [ -99.11576664146483, 19.450015634758444 ], [ -99.115834200858757, 19.450030112882772 ], [ -99.115868765401402, 19.450037581801347 ], [ -99.115906534087259, 19.450045743082477 ], [ -99.11596803445866, 19.450059032428076 ], [ -99.116486410309491, 19.450170734799563 ], [ -99.116944222307737, 19.450269385189817 ], [ -99.117407248014018, 19.450369157742792 ], [ -99.117943335386002, 19.450484671955781 ], [ -99.117747490647915, 19.451307191409899 ], [ -99.117613922772321, 19.451868152229036 ], [ -99.117444088485968, 19.452581419697154 ], [ -99.118571341869114, 19.452817922230139 ], [ -99.119704984448717, 19.453069375597053 ], [ -99.120828130558834, 19.453314192058873 ], [ -99.121834740956061, 19.453530164235303 ], [ -99.121954566332647, 19.453555872824939 ], [ -99.122044421114708, 19.453580552309397 ], [ -99.121748874220316, 19.455742650939477 ], [ -99.121730259403563, 19.45587882731807 ] ] ] ] } },
{ "type": "Feature", "properties": { "id": 2660.0, "entidad": 9, "distrito_f": 11, "distrito_l": 10, "municipio": 17, "seccion": 5190, "tipo": 2, "control": 32751.0, "SECCION_TX": "5190", "SECCION__1": null, "SECCION__2": null, "SECCION_N": "5190", "ESTATUS": null, "ALCALDIA_N": "VENUSTIANO CARRANZA", "EN_OPERATI": null, "EN_OP": "NO", "SEC_N": "5190", "EST": null, "ALC_N": "VENUSTIANO CARRANZA", "OP": "NO", "NOMBRE": "POPULAR RASTRO" }, "geometry": { "type": "MultiPolygon", "coordinates": [ [ [ [ -99.123675887940919, 19.45648474184523 ], [ -99.123320633070335, 19.456387390070532 ], [ -99.123128632052456, 19.456918126717898 ], [ -99.122239343178123, 19.456652744343831 ], [ -99.121366333935882, 19.456392215054482 ], [ -99.120511687086335, 19.456124487055305 ], [ -99.120727883770371, 19.455577378379807 ], [ -99.121595629795678, 19.455838339937849 ], [ -99.121730259403563, 19.45587882731807 ], [ -99.121748874220316, 19.455742650939477 ], [ -99.122044421114708, 19.453580552309397 ], [ -99.121954566332647, 19.453555872824939 ], [ -99.122127922549495, 19.452860289367315 ], [ -99.123237607616758, 19.453096931214763 ], [ -99.124440849592318, 19.453353515735081 ], [ -99.124254477381598, 19.454116406518761 ], [ -99.124148671035371, 19.454549508004991 ], [ -99.124089269312108, 19.454792658501333 ], [ -99.123784489036922, 19.456040211245295 ], [ -99.123711850466847, 19.456337538787214 ], [ -99.123675887940919, 19.45648474184523 ] ] ] ] } },
{ "type": "Feature", "properties": { "id": 2673.0, "entidad": 9, "distrito_f": 11, "distrito_l": 10, "municipio": 17, "seccion": 5192, "tipo": 2, "control": 32758.0, "SECCION_TX": "5192", "SECCION__1": null, "SECCION__2": null, "SECCION_N": "5192", "ESTATUS": "PENDIENTE", "ALCALDIA_N": "VENUSTIANO CARRANZA", "EN_OPERATI": null, "EN_OP": "SI", "SEC_N": "5192", "EST": "PENDIENTE", "ALC_N": "VENUSTIANO CARRANZA", "OP": "SI", "NOMBRE": "POPULAR RASTRO" }, "geometry": { "type": "MultiPolygon", "coordinates": [ [ [ [ -99.121954566332647, 19.453555872824939 ], [ -99.121834740956047, 19.453530164235303 ], [ -99.120828130558834, 19.453314192058873 ], [ -99.119704984448717, 19.453069375597053 ], [ -99.118571341869114, 19.452817922230139 ], [ -99.117444088485968, 19.452581419697154 ], [ -99.117613922772321, 19.451868152229036 ], [ -99.117747490647915, 19.451307191409899 ], [ -99.117943335386002, 19.450484671955781 ], [ -99.118237618320563, 19.450551030366451 ], [ -99.11850098774751, 19.45061041758078 ], [ -99.118763265442993, 19.450669558196502 ], [ -99.11905864095877, 19.450736161485089 ], [ -99.120209424674172, 19.450995642939901 ], [ -99.121225097669608, 19.451224652541953 ], [ -99.121282905432693, 19.451237686598283 ], [ -99.121340924101148, 19.451250768187279 ], [ -99.121387728603935, 19.451261321280089 ], [ -99.121434533112719, 19.451271874360785 ], [ -99.121490562772621, 19.451284507432053 ], [ -99.122452484631637, 19.451501390038523 ], [ -99.12228285739215, 19.452211600165782 ], [ -99.122127922549495, 19.452860289367315 ], [ -99.121954566332647, 19.453555872824939 ] ] ] ] } },
{ "type": "Feature", "properties": { "id": 2674.0, "entidad": 9, "distrito_f": 11, "distrito_l": 10, "municipio": 17, "seccion": 5193, "tipo": 2, "control": 32761.0, "SECCION_TX": "5193", "SECCION__1": null, "SECCION__2": null, "SECCION_N": "5193", "ESTATUS": null, "ALCALDIA_N": "VENUSTIANO CARRANZA", "EN_OPERATI": null, "EN_OP": "NO", "SEC_N": "5193", "EST": null, "ALC_N": "VENUSTIANO CARRANZA", "OP": "NO", "NOMBRE": "POPULAR RASTRO" }, "geometry": { "type": "MultiPolygon", "coordinates": [ [ [ [ -99.115433082414256, 19.451386577461392 ], [ -99.114657541468333, 19.451216912587753 ], [ -99.113986813520597, 19.451070174659698 ], [ -99.113479918479314, 19.450959277310201 ], [ -99.11299585712851, 19.450853373997866 ], [ -99.112548488486482, 19.450755497071114 ], [ -99.112096568371527, 19.450656623114671 ], [ -99.11166768480561, 19.4505627880866 ], [ -99.111227711334493, 19.45046652554052 ], [ -99.111138896606548, 19.450447093471212 ], [ -99.110792290364657, 19.450371257879187 ], [ -99.110347362293879, 19.450273908920561 ], [ -99.110153039669001, 19.450231391319928 ], [ -99.110026221071863, 19.45020364341018 ], [ -99.110158292330013, 19.449808132541861 ], [ -99.110475270102896, 19.448872714695526 ], [ -99.110581315582152, 19.448895621871465 ], [ -99.110663141472344, 19.448913297260425 ], [ -99.111101263478673, 19.449007936256002 ], [ -99.111539385987442, 19.449102574190022 ], [ -99.111625046204068, 19.449121077338877 ], [ -99.111996134073152, 19.449201234150298 ], [ -99.112177713861556, 19.449240455975058 ], [ -99.112439241924946, 19.449296946533845 ], [ -99.1127118747238, 19.449355835292689 ], [ -99.112884041113347, 19.449393023046362 ], [ -99.113313189308201, 19.449485717804997 ], [ -99.113796966733943, 19.449590210972005 ], [ -99.114341302464993, 19.449707782681923 ], [ -99.114885638971444, 19.449825352752967 ], [ -99.114968912868719, 19.44984333874358 ], [ -99.11534402091938, 19.449924356282725 ], [ -99.11576664146483, 19.450015634758444 ], [ -99.115433082414256, 19.451386577461392 ] ] ] ] } },
{ "type": "Feature", "properties": { "id": 2695.0, "entidad": 9, "distrito_f": 11, "distrito_l": 10, "municipio": 17, "seccion": 5205, "tipo": 2, "control": 32787.0, "SECCION_TX": "5205", "SECCION__1": null, "SECCION__2": null, "SECCION_N": "5205", "ESTATUS": null, "ALCALDIA_N": "VENUSTIANO CARRANZA", "EN_OPERATI": null, "EN_OP": "NO", "SEC_N": "5205", "EST": null, "ALC_N": "VENUSTIANO CARRANZA", "OP": "NO", "NOMBRE": "POPULAR RASTRO" }, "geometry": { "type": "MultiPolygon", "coordinates": [ [ [ [ -99.113796966733943, 19.449590210972005 ], [ -99.114056005001757, 19.448574266787663 ], [ -99.114315040078793, 19.447558322135954 ], [ -99.114530382419957, 19.447611566626119 ], [ -99.11456867830266, 19.447469941069727 ], [ -99.114856796383222, 19.44753611087966 ], [ -99.115421202200579, 19.447661456064647 ], [ -99.115873548024624, 19.447761913171455 ], [ -99.1162858457933, 19.447853475300676 ], [ -99.116241716257377, 19.448031081151189 ], [ -99.116010305405197, 19.448997771398517 ], [ -99.11576664146483, 19.450015634758444 ], [ -99.11534402091938, 19.449924356282725 ], [ -99.114968912868719, 19.44984333874358 ], [ -99.114885638971444, 19.449825352752967 ], [ -99.114341302464993, 19.449707782681923 ], [ -99.113796966733943, 19.449590210972005 ] ] ] ] } },
{ "type": "Feature", "properties": { "id": 2696.0, "entidad": 9, "distrito_f": 11, "distrito_l": 10, "municipio": 17, "seccion": 5206, "tipo": 2, "control": 32778.0, "SECCION_TX": "5206", "SECCION__1": null, "SECCION__2": null, "SECCION_N": "5206", "ESTATUS": null, "ALCALDIA_N": "VENUSTIANO CARRANZA", "EN_OPERATI": null, "EN_OP": "NO", "SEC_N": "5206", "EST": null, "ALC_N": "VENUSTIANO CARRANZA", "OP": "NO", "NOMBRE": "POPULAR RASTRO" }, "geometry": { "type": "MultiPolygon", "coordinates": [ [ [ [ -99.119315767084586, 19.44970634873091 ], [ -99.119202946209626, 19.450158207899658 ], [ -99.119192669400846, 19.450199367444945 ], [ -99.11905864095877, 19.450736161485089 ], [ -99.118763265442993, 19.450669558196502 ], [ -99.11850098774751, 19.45061041758078 ], [ -99.118237618320563, 19.450551030366451 ], [ -99.117943335386002, 19.450484671955781 ], [ -99.117407248014018, 19.450369157742792 ], [ -99.116944222307737, 19.450269385189817 ], [ -99.116486410309491, 19.450170734799563 ], [ -99.11596803445866, 19.450059032428076 ], [ -99.115906534087259, 19.450045743082477 ], [ -99.115868765401402, 19.450037581801347 ], [ -99.115834200858757, 19.450030112882772 ], [ -99.11576664146483, 19.450015634758444 ], [ -99.116010305405197, 19.448997771398517 ], [ -99.116241716257377, 19.448031081151189 ], [ -99.116313969992049, 19.448045794546292 ], [ -99.116352665226131, 19.448053667446207 ], [ -99.116397898515814, 19.448062870562104 ], [ -99.116479006468239, 19.448079379255152 ], [ -99.116980901392481, 19.448181533944403 ], [ -99.117425443481807, 19.448272013883525 ], [ -99.117883047727062, 19.448365151185577 ], [ -99.117650125074576, 19.449343663208225 ], [ -99.11816399730246, 19.449455558217018 ], [ -99.119315767084586, 19.44970634873091 ] ] ] ] } },
{ "type": "Feature", "properties": { "id": 2697.0, "entidad": 9, "distrito_f": 11, "distrito_l": 10, "municipio": 17, "seccion": 5207, "tipo": 2, "control": 32776.0, "SECCION_TX": "5207", "SECCION__1": null, "SECCION__2": null, "SECCION_N": "5207", "ESTATUS": null, "ALCALDIA_N": "VENUSTIANO CARRANZA", "EN_OPERATI": null, "EN_OP": "NO", "SEC_N": "5207", "EST": null, "ALC_N": "VENUSTIANO CARRANZA", "OP": "NO", "NOMBRE": "POPULAR RASTRO" }, "geometry": { "type": "MultiPolygon", "coordinates": [ [ [ [ -99.121246717299925, 19.449605731579478 ], [ -99.121258806524764, 19.450150916422931 ], [ -99.121266395386229, 19.450493147339383 ], [ -99.121282905432693, 19.451237686598283 ], [ -99.121225097669608, 19.451224652541953 ], [ -99.120209424674172, 19.450995642939901 ], [ -99.11905864095877, 19.450736161485089 ], [ -99.119192669400846, 19.450199367444945 ], [ -99.119202946209626, 19.450158207899658 ], [ -99.119315767084586, 19.44970634873091 ], [ -99.119433605363568, 19.449234391607913 ], [ -99.121246717299925, 19.449605731579478 ] ] ] ] } },
{ "type": "Feature", "properties": { "id": 2698.0, "entidad": 9, "distrito_f": 11, "distrito_l": 10, "municipio": 17, "seccion": 5208, "tipo": 2, "control": 32775.0, "SECCION_TX": "5208", "SECCION__1": null, "SECCION__2": null, "SECCION_N": "5208", "ESTATUS": null, "ALCALDIA_N": "VENUSTIANO CARRANZA", "EN_OPERATI": null, "EN_OP": "NO", "SEC_N": "5208", "EST": null, "ALC_N": "VENUSTIANO CARRANZA", "OP": "NO", "NOMBRE": "POPULAR RASTRO" }, "geometry": { "type": "MultiPolygon", "coordinates": [ [ [ [ -99.124779992624198, 19.452002210641858 ], [ -99.124695266023735, 19.451983980208293 ], [ -99.123582871305203, 19.451744624662545 ], [ -99.122452484631637, 19.451501390038523 ], [ -99.121490562772621, 19.451284507432053 ], [ -99.121434533112719, 19.451271874360785 ], [ -99.121387728603935, 19.451261321280089 ], [ -99.121340924101148, 19.451250768187279 ], [ -99.121282905432693, 19.451237686598283 ], [ -99.121266395386229, 19.450493147339383 ], [ -99.121258806524764, 19.450150916422931 ], [ -99.121246717299925, 19.449605731579478 ], [ -99.121234610661801, 19.449059757276963 ], [ -99.121223381776602, 19.448553363352119 ], [ -99.121216325611769, 19.448235146574262 ], [ -99.121210529988517, 19.447973776255839 ], [ -99.121369742637043, 19.448121968810565 ], [ -99.122329789219094, 19.449015555872602 ], [ -99.122522038471814, 19.449194494808125 ], [ -99.123472703992363, 19.450261279448117 ], [ -99.123788131775285, 19.450615230956529 ], [ -99.124364710760844, 19.451272611597098 ], [ -99.124874152159322, 19.451853440006264 ], [ -99.124779992624198, 19.452002210641858 ] ] ] ] } },
{ "type": "Feature", "properties": { "id": 2764.0, "entidad": 9, "distrito_f": 11, "distrito_l": 10, "municipio": 17, "seccion": 5272, "tipo": 2, "control": 32760.0, "SECCION_TX": "5272", "SECCION__1": null, "SECCION__2": null, "SECCION_N": "5272", "ESTATUS": null, "ALCALDIA_N": "VENUSTIANO CARRANZA", "EN_OPERATI": null, "EN_OP": "NO", "SEC_N": "5272", "EST": null, "ALC_N": "VENUSTIANO CARRANZA", "OP": "NO", "NOMBRE": "POPULAR RASTRO" }, "geometry": { "type": "MultiPolygon", "coordinates": [ [ [ [ -99.108896539192642, 19.452915849609731 ], [ -99.108721061442296, 19.452840666217028 ], [ -99.108545737114511, 19.452765419656995 ], [ -99.108613283007898, 19.452591818369385 ], [ -99.108677026281811, 19.45242798992119 ], [ -99.108999243887041, 19.451599843670067 ], [ -99.109014739890725, 19.45156001645352 ], [ -99.109199788043512, 19.451220964576446 ], [ -99.109486519554494, 19.450936616916728 ], [ -99.109649441109539, 19.450775049226731 ], [ -99.109867639238331, 19.450536403450297 ], [ -99.110026221071863, 19.45020364341018 ], [ -99.110153039669001, 19.450231391319928 ], [ -99.110347362293879, 19.450273908920561 ], [ -99.110792290364657, 19.450371257879187 ], [ -99.111138896606548, 19.450447093471212 ], [ -99.111227711334493, 19.45046652554052 ], [ -99.11166768480561, 19.4505627880866 ], [ -99.112096568371527, 19.450656623114671 ], [ -99.112548488486482, 19.450755497071114 ], [ -99.11299585712851, 19.450853373997866 ], [ -99.113479918479314, 19.450959277310201 ], [ -99.113986813520597, 19.451070174659698 ], [ -99.114657541468333, 19.451216912587753 ], [ -99.115433082414256, 19.451386577461392 ], [ -99.115068115767599, 19.452886579796935 ], [ -99.114540241287273, 19.452775170054121 ], [ -99.114045839475693, 19.452670823300032 ], [ -99.113629073075742, 19.452582860857561 ], [ -99.113226894680309, 19.452493220193034 ], [ -99.112738626666797, 19.452384389867944 ], [ -99.112551955608311, 19.453056893092029 ], [ -99.112072673611493, 19.452909264672908 ], [ -99.111593392475555, 19.452761634980636 ], [ -99.111519856330261, 19.453030635128588 ], [ -99.111046635702209, 19.453134701356003 ], [ -99.111000488605868, 19.453295008846514 ], [ -99.110735383685991, 19.45319587968083 ], [ -99.110508402903037, 19.453111005650282 ], [ -99.110255158675955, 19.453016310592353 ], [ -99.109763704923452, 19.452832541041708 ], [ -99.109193114410374, 19.452619177643758 ], [ -99.109045878128455, 19.452564120555664 ], [ -99.108980101461498, 19.452719040603327 ], [ -99.108896539192642, 19.452915849609731 ] ] ] ] } },
{ "type": "Feature", "properties": { "id": 2887.0, "entidad": 9, "distrito_f": 11, "distrito_l": 10, "municipio": 17, "seccion": 5388, "tipo": 2, "control": 37925.0, "SECCION_TX": "5388", "SECCION__1": null, "SECCION__2": null, "SECCION_N": "5388", "ESTATUS": "PENDIENTE", "ALCALDIA_N": "VENUSTIANO CARRANZA", "EN_OPERATI": null, "EN_OP": "SI", "SEC_N": "5388", "EST": "PENDIENTE", "ALC_N": "VENUSTIANO CARRANZA", "OP": "SI", "NOMBRE": "MORELOS" }, "geometry": { "type": "MultiPolygon", "coordinates": [ [ [ [ -99.112830216787302, 19.408347734018733 ], [ -99.111063888751914, 19.408317019127239 ], [ -99.11104640704329, 19.408198263995978 ], [ -99.110765392373281, 19.406746679715347 ], [ -99.110748111581728, 19.406669968149792 ], [ -99.111159423522906, 19.406569431004797 ], [ -99.111167124580675, 19.406628166487685 ], [ -99.111180323723474, 19.406728835417308 ], [ -99.111259703833113, 19.407334259193217 ], [ -99.111693307122337, 19.407320833931628 ], [ -99.112045022287816, 19.407302767364101 ], [ -99.112647110546845, 19.407278080368517 ], [ -99.112676404048329, 19.40686916013426 ], [ -99.11314286292064, 19.406839142567364 ], [ -99.113242529525323, 19.406832728664195 ], [ -99.113292804861359, 19.406219344191801 ], [ -99.113248381461204, 19.406131177305927 ], [ -99.113199996388275, 19.406016481284581 ], [ -99.113185015481619, 19.405916163605099 ], [ -99.113178631707328, 19.405873415457869 ], [ -99.113157267064423, 19.4057303496262 ], [ -99.113510518478833, 19.405528097936457 ], [ -99.113687028522151, 19.40555924618663 ], [ -99.113845854128016, 19.405609654271743 ], [ -99.113887997950513, 19.40573872489923 ], [ -99.11390591720847, 19.405793604759726 ], [ -99.113911183438233, 19.405872873368221 ], [ -99.113884182989366, 19.406046594286014 ], [ -99.113723747910399, 19.40621105735735 ], [ -99.113578732360295, 19.407560754638268 ], [ -99.113492864154594, 19.408359941898876 ], [ -99.113429304507548, 19.408358771051294 ], [ -99.113365744861298, 19.408357600181478 ], [ -99.113315340707331, 19.408356671640988 ], [ -99.113252035758265, 19.408355505423316 ], [ -99.113188730809981, 19.408354339183688 ], [ -99.113145889657702, 19.408353549927234 ], [ -99.113119124312078, 19.408353056827899 ], [ -99.113062911268358, 19.408352021199267 ], [ -99.112830216787302, 19.408347734018733 ] ] ] ] } },
{ "type": "Feature", "properties": { "id": 2889.0, "entidad": 9, "distrito_f": 11, "distrito_l": 10, "municipio": 17, "seccion": 5390, "tipo": 2, "control": 37926.0, "SECCION_TX": "5390", "SECCION__1": null, "SECCION__2": null, "SECCION_N": "5390", "ESTATUS": null, "ALCALDIA_N": "VENUSTIANO CARRANZA", "EN_OPERATI": null, "EN_OP": "NO", "SEC_N": "5390", "EST": null, "ALC_N": "VENUSTIANO CARRANZA", "OP": "NO", "NOMBRE": "MORELOS" }, "geometry": { "type": "MultiPolygon", "coordinates": [ [ [ [ -99.111095765506036, 19.406152550116634 ], [ -99.111109154435326, 19.406240231145116 ], [ -99.111116218094978, 19.406286488000749 ], [ -99.111124389406442, 19.406339998771937 ], [ -99.111129680176532, 19.406374647686196 ], [ -99.111138883455155, 19.406434919331637 ], [ -99.111155851475758, 19.406546038594126 ], [ -99.111159423522906, 19.406569431004797 ], [ -99.110748111581728, 19.406669968149792 ], [ -99.110765392373025, 19.406746679326385 ], [ -99.111046407043006, 19.408198263607286 ], [ -99.111063888751914, 19.408317019127239 ], [ -99.110028582045572, 19.408314688287827 ], [ -99.109577886689479, 19.408313671263777 ], [ -99.109131584784393, 19.408312663052268 ], [ -99.10838529144219, 19.408307364348705 ], [ -99.108352379592617, 19.408307130603081 ], [ -99.106973587204948, 19.408307772597624 ], [ -99.106947135108726, 19.408189208253319 ], [ -99.106893223055408, 19.407947561546635 ], [ -99.106805329523596, 19.407553600134985 ], [ -99.106789602802692, 19.407483108718825 ], [ -99.106760320244092, 19.407351856203171 ], [ -99.106755992748944, 19.407332459156038 ], [ -99.106731221806982, 19.407220092480831 ], [ -99.106716823899419, 19.407156893166785 ], [ -99.10669815429074, 19.407073210501256 ], [ -99.107082577679691, 19.406992807509322 ], [ -99.108235842903028, 19.406747584818358 ], [ -99.111095765506036, 19.406152550116634 ] ] ] ] } },
{ "type": "Feature", "properties": { "id": 2732.0, "entidad": 9, "distrito_f": 11, "distrito_l": 10, "municipio": 17, "seccion": 5240, "tipo": 2, "control": 33895.0, "SECCION_TX": "5240", "SECCION__1": null, "SECCION__2": null, "SECCION_N": "5240", "ESTATUS": null, "ALCALDIA_N": "VENUSTIANO CARRANZA", "EN_OPERATI": null, "EN_OP": "NO", "SEC_N": "5240", "EST": null, "ALC_N": "VENUSTIANO CARRANZA", "OP": "NO", "NOMBRE": "10 DE MAYO" }, "geometry": { "type": "MultiPolygon", "coordinates": [ [ [ [ -99.115308002577152, 19.431932324303514 ], [ -99.115278050043742, 19.432380432052099 ], [ -99.115271150220806, 19.432484125841324 ], [ -99.115264588897162, 19.432582732386052 ], [ -99.115224697233018, 19.433180812143512 ], [ -99.115220954137115, 19.433203057432003 ], [ -99.115162780582054, 19.433548783170991 ], [ -99.115137491306129, 19.433699077010488 ], [ -99.115023048466654, 19.434379205851645 ], [ -99.114858547531028, 19.435356817827543 ], [ -99.114754626700091, 19.43533924255139 ], [ -99.11464115473423, 19.435326521032607 ], [ -99.114186772108596, 19.435263195438086 ], [ -99.113775075409691, 19.435205817794515 ], [ -99.113366454682264, 19.435148867880866 ], [ -99.112983444853143, 19.435095486513749 ], [ -99.112470022835112, 19.43502392783742 ], [ -99.112384312239072, 19.435011981694821 ], [ -99.112479982198352, 19.434963619866455 ], [ -99.113035241135236, 19.434682931058109 ], [ -99.113109885561727, 19.434195896564212 ], [ -99.112601593852091, 19.434135271815496 ], [ -99.112129192536855, 19.434078926452671 ], [ -99.111693686996475, 19.434026980685172 ], [ -99.111672726342988, 19.434024444251211 ], [ -99.111389238447671, 19.433990139335421 ], [ -99.111038957126908, 19.434124958523668 ], [ -99.111001214521153, 19.434139485158077 ], [ -99.110967438361143, 19.434153676857409 ], [ -99.110705656337558, 19.43383516442864 ], [ -99.112154246320955, 19.433384502367542 ], [ -99.113323940760878, 19.433303909723829 ], [ -99.114847386438726, 19.433498174235694 ], [ -99.11495907901228, 19.433513055809041 ], [ -99.115060417764084, 19.432701719109097 ], [ -99.115033832172301, 19.432233599688857 ], [ -99.115029638251016, 19.43215958486476 ], [ -99.115026114500765, 19.432097519127506 ], [ -99.115015552945906, 19.431911492395489 ], [ -99.11515367203566, 19.431914913328789 ], [ -99.115308002577152, 19.431932324303514 ] ] ] ] } },
{ "type": "Feature", "properties": { "id": 2734.0, "entidad": 9, "distrito_f": 11, "distrito_l": 10, "municipio": 17, "seccion": 5242, "tipo": 2, "control": 34047.0, "SECCION_TX": "5242", "SECCION__1": null, "SECCION__2": null, "SECCION_N": "5242", "ESTATUS": null, "ALCALDIA_N": "VENUSTIANO CARRANZA", "EN_OPERATI": null, "EN_OP": "NO", "SEC_N": "5242", "EST": null, "ALC_N": "VENUSTIANO CARRANZA", "OP": "NO", "NOMBRE": "10 DE MAYO" }, "geometry": { "type": "MultiPolygon", "coordinates": [ [ [ [ -99.119654840435516, 19.435967413637506 ], [ -99.118862683683474, 19.435872794738394 ], [ -99.118795746726718, 19.435864830021661 ], [ -99.118758911107108, 19.435860447001904 ], [ -99.1187158817756, 19.435855326991053 ], [ -99.118645156964476, 19.435846811707179 ], [ -99.117967777901356, 19.435754800874701 ], [ -99.117834473390204, 19.435739806111837 ], [ -99.117436605199714, 19.435695051294594 ], [ -99.117562594661237, 19.434719597476274 ], [ -99.117933804305977, 19.434768423022707 ], [ -99.11795397489054, 19.434771076055707 ], [ -99.118305014168257, 19.434817247808553 ], [ -99.118751651791939, 19.434875992471024 ], [ -99.118833487258485, 19.434887564221043 ], [ -99.118871370491448, 19.434892920996706 ], [ -99.118915322736399, 19.434899135934099 ], [ -99.118978196031279, 19.434908026327324 ], [ -99.119760410134305, 19.435018630858107 ], [ -99.119654840435516, 19.435967413637506 ] ] ] ] } },
{ "type": "Feature", "properties": { "id": 2735.0, "entidad": 9, "distrito_f": 11, "distrito_l": 10, "municipio": 17, "seccion": 5243, "tipo": 2, "control": 34043.0, "SECCION_TX": "5243", "SECCION__1": null, "SECCION__2": null, "SECCION_N": "5243", "ESTATUS": null, "ALCALDIA_N": "VENUSTIANO CARRANZA", "EN_OPERATI": null, "EN_OP": "NO", "SEC_N": "5243", "EST": null, "ALC_N": "VENUSTIANO CARRANZA", "OP": "NO", "NOMBRE": "10 DE MAYO" }, "geometry": { "type": "MultiPolygon", "coordinates": [ [ [ [ -99.121275475639308, 19.437220599913285 ], [ -99.121120311082095, 19.437205123220565 ], [ -99.119534719100869, 19.437046962573891 ], [ -99.119654840435516, 19.435967413637506 ], [ -99.119760410134305, 19.435018630858107 ], [ -99.121080078522283, 19.435208998683724 ], [ -99.121246198865109, 19.435248727809103 ], [ -99.12124786946147, 19.436138170811216 ], [ -99.121275475639308, 19.437220599913285 ] ] ] ] } },
{ "type": "Feature", "properties": { "id": 2737.0, "entidad": 9, "distrito_f": 11, "distrito_l": 10, "municipio": 17, "seccion": 5245, "tipo": 2, "control": 34048.0, "SECCION_TX": "5245", "SECCION__1": null, "SECCION__2": null, "SECCION_N": "5245", "ESTATUS": null, "ALCALDIA_N": "VENUSTIANO CARRANZA", "EN_OPERATI": null, "EN_OP": "NO", "SEC_N": "5245", "EST": null, "ALC_N": "VENUSTIANO CARRANZA", "OP": "NO", "NOMBRE": "10 DE MAYO" }, "geometry": { "type": "MultiPolygon", "coordinates": [ [ [ [ -99.117436605199714, 19.435695051294594 ], [ -99.116961421417699, 19.435647681662264 ], [ -99.11692980321682, 19.435644529694347 ], [ -99.116423318732501, 19.435601004119412 ], [ -99.11570179625717, 19.435538996419606 ], [ -99.11499932067197, 19.435452770767743 ], [ -99.114835294900189, 19.435432636952584 ], [ -99.114858547531028, 19.435356817827543 ], [ -99.115023048466654, 19.434379205851645 ], [ -99.115133072909671, 19.434393249553779 ], [ -99.115174835912185, 19.434398597807608 ], [ -99.115211144645528, 19.434403247568664 ], [ -99.115253575046268, 19.434408716866322 ], [ -99.115813118844983, 19.434480345977693 ], [ -99.116146161486341, 19.434527888082066 ], [ -99.116548892713311, 19.434585377433827 ], [ -99.11707040719034, 19.434659821548323 ], [ -99.117092356394153, 19.434662487297864 ], [ -99.117562594661237, 19.434719597476274 ], [ -99.117436605199714, 19.435695051294594 ] ] ] ] } },
{ "type": "Feature", "properties": { "id": 2749.0, "entidad": 9, "distrito_f": 11, "distrito_l": 10, "municipio": 17, "seccion": 5257, "tipo": 2, "control": 33534.0, "SECCION_TX": "5257", "SECCION__1": null, "SECCION__2": null, "SECCION_N": "5257", "ESTATUS": "PENDIENTE", "ALCALDIA_N": "VENUSTIANO CARRANZA", "EN_OPERATI": null, "EN_OP": "SI", "SEC_N": "5257", "EST": "PENDIENTE", "ALC_N": "VENUSTIANO CARRANZA", "OP": "SI", "NOMBRE": "10 DE MAYO" }, "geometry": { "type": "MultiPolygon", "coordinates": [ [ [ [ -99.12436668299506, 19.4339535071461 ], [ -99.12421949962625, 19.434731159462565 ], [ -99.123735904429438, 19.434668799677127 ], [ -99.122465949068769, 19.43450503208043 ], [ -99.12237027477849, 19.435393268008166 ], [ -99.122295197781753, 19.43538361439774 ], [ -99.121246198865109, 19.435248727809103 ], [ -99.121080078522283, 19.435208998683724 ], [ -99.121088182917191, 19.434305900795877 ], [ -99.121094716918918, 19.433577791786661 ], [ -99.121259217751188, 19.433594416230449 ], [ -99.122572595752999, 19.433727140657069 ], [ -99.12436668299506, 19.4339535071461 ] ] ] ] } },
{ "type": "Feature", "properties": { "id": 2750.0, "entidad": 9, "distrito_f": 11, "distrito_l": 10, "municipio": 17, "seccion": 5258, "tipo": 2, "control": 33540.0, "SECCION_TX": "5258", "SECCION__1": null, "SECCION__2": null, "SECCION_N": "5258", "ESTATUS": null, "ALCALDIA_N": "VENUSTIANO CARRANZA", "EN_OPERATI": null, "EN_OP": "NO", "SEC_N": "5258", "EST": null, "ALC_N": "VENUSTIANO CARRANZA", "OP": "NO", "NOMBRE": "10 DE MAYO" }, "geometry": { "type": "MultiPolygon", "coordinates": [ [ [ [ -99.12436668299506, 19.4339535071461 ], [ -99.122572595752999, 19.433727140657069 ], [ -99.121259217751188, 19.433594416230449 ], [ -99.121094716918918, 19.433577791786661 ], [ -99.121085951998452, 19.432442724801469 ], [ -99.119823315162307, 19.432276606141382 ], [ -99.119152297891702, 19.432188320121412 ], [ -99.119124665972492, 19.432184684523072 ], [ -99.119077555985427, 19.432179411527436 ], [ -99.119021012077837, 19.432172977628774 ], [ -99.118950568066438, 19.43216500637633 ], [ -99.118886515589281, 19.432157758348019 ], [ -99.118879262635531, 19.432101075007868 ], [ -99.119011140550043, 19.4302657416446 ], [ -99.119036340976592, 19.429915024967706 ], [ -99.119175014526064, 19.429005798160347 ], [ -99.119237526385717, 19.429010198566424 ], [ -99.119352158224373, 19.429018274519109 ], [ -99.119545123640464, 19.429031869002337 ], [ -99.119585892160785, 19.429034741132849 ], [ -99.12021980204274, 19.429079424758669 ], [ -99.120101983272932, 19.430485189494558 ], [ -99.120039445482547, 19.43164285508513 ], [ -99.120590167935745, 19.431687592342822 ], [ -99.121228066893735, 19.431754820854678 ], [ -99.122440497288864, 19.431915623531534 ], [ -99.122549187098144, 19.431500359663293 ], [ -99.123388081145379, 19.431598516258198 ], [ -99.123381719592501, 19.431661751283734 ], [ -99.123343566713416, 19.432040997028356 ], [ -99.123340366330638, 19.432066781290551 ], [ -99.123258561396398, 19.432671790657249 ], [ -99.124537863527024, 19.432817391434821 ], [ -99.12436668299506, 19.4339535071461 ] ] ] ] } },
{ "type": "Feature", "properties": { "id": 2833.0, "entidad": 9, "distrito_f": 11, "distrito_l": 10, "municipio": 17, "seccion": 5338, "tipo": 2, "control": 34050.0, "SECCION_TX": "5338", "SECCION__1": null, "SECCION__2": null, "SECCION_N": "5338", "ESTATUS": null, "ALCALDIA_N": "VENUSTIANO CARRANZA", "EN_OPERATI": null, "EN_OP": "NO", "SEC_N": "5338", "EST": null, "ALC_N": "VENUSTIANO CARRANZA", "OP": "NO", "NOMBRE": "10 DE MAYO" }, "geometry": { "type": "MultiPolygon", "coordinates": [ [ [ [ -99.121080078522283, 19.435208998683724 ], [ -99.119760410134305, 19.435018630858107 ], [ -99.118978196031279, 19.434908026327324 ], [ -99.118915322736399, 19.434899135934099 ], [ -99.118871370491448, 19.434892920996706 ], [ -99.118833487258485, 19.434887564221043 ], [ -99.118751651791939, 19.434875992471024 ], [ -99.118305014168257, 19.434817247808553 ], [ -99.11795397489054, 19.434771076055707 ], [ -99.117933804305977, 19.434768423022707 ], [ -99.117562594661237, 19.434719597476274 ], [ -99.117092356394153, 19.434662487297864 ], [ -99.11707040719034, 19.434659821548323 ], [ -99.116548892713311, 19.434585377433827 ], [ -99.116146161486341, 19.434527888082066 ], [ -99.115813118844983, 19.434480345977693 ], [ -99.115253575046268, 19.434408716866322 ], [ -99.115211144645528, 19.434403247568664 ], [ -99.115174835912185, 19.434398597807608 ], [ -99.115133072909671, 19.434393249553779 ], [ -99.115023048466654, 19.434379205851645 ], [ -99.115137491306129, 19.433699077010488 ], [ -99.115162780582054, 19.433548783170991 ], [ -99.115220954137115, 19.433203057432003 ], [ -99.115323670106406, 19.433215613013914 ], [ -99.115365957804642, 19.433220782072478 ], [ -99.115408931855697, 19.433226035017306 ], [ -99.115764649676336, 19.433269512048934 ], [ -99.115918885575866, 19.433288363056626 ], [ -99.116211111055762, 19.433324079044134 ], [ -99.116308755879828, 19.433336013149351 ], [ -99.116587526531333, 19.433370084070408 ], [ -99.116722002054033, 19.433386519304047 ], [ -99.1171302308572, 19.433436411289978 ], [ -99.117247380241906, 19.433450728613607 ], [ -99.117628547232968, 19.433497312108528 ], [ -99.11780647123507, 19.433519056420142 ], [ -99.118049537224152, 19.433548761522815 ], [ -99.11812799221768, 19.4335583494384 ], [ -99.118382646050506, 19.433589470216891 ], [ -99.118477503390181, 19.433601062464291 ], [ -99.118765038293233, 19.433636200978697 ], [ -99.118842443111703, 19.433645660237893 ], [ -99.118819210916683, 19.433969915213883 ], [ -99.11887866440189, 19.433979736571739 ], [ -99.11890070662767, 19.433982530974625 ], [ -99.118944642734064, 19.433988487213057 ], [ -99.118983500301226, 19.433994239175121 ], [ -99.11904536080803, 19.434003404448116 ], [ -99.121088182917191, 19.434305900795877 ], [ -99.121080078522283, 19.435208998683724 ] ] ] ] } },
{ "type": "Feature", "properties": { "id": 2835.0, "entidad": 9, "distrito_f": 11, "distrito_l": 10, "municipio": 17, "seccion": 5340, "tipo": 2, "control": 34053.0, "SECCION_TX": "5340", "SECCION__1": null, "SECCION__2": null, "SECCION_N": "5340", "ESTATUS": null, "ALCALDIA_N": "VENUSTIANO CARRANZA", "EN_OPERATI": null, "EN_OP": "NO", "SEC_N": "5340", "EST": null, "ALC_N": "VENUSTIANO CARRANZA", "OP": "NO", "NOMBRE": "10 DE MAYO" }, "geometry": { "type": "MultiPolygon", "coordinates": [ [ [ [ -99.118842443111703, 19.433645660237893 ], [ -99.118765038293233, 19.433636200978697 ], [ -99.118477503390181, 19.433601062464291 ], [ -99.118382646050506, 19.433589470216891 ], [ -99.11812799221768, 19.4335583494384 ], [ -99.118049537224152, 19.433548761522815 ], [ -99.11780647123507, 19.433519056420142 ], [ -99.117628547232968, 19.433497312108528 ], [ -99.117247380241906, 19.433450728613607 ], [ -99.1171302308572, 19.433436411289978 ], [ -99.116722002054033, 19.433386519304047 ], [ -99.116587526531333, 19.433370084070408 ], [ -99.116308755879828, 19.433336013149351 ], [ -99.116211111055762, 19.433324079044134 ], [ -99.115918885575866, 19.433288363056626 ], [ -99.115764649676336, 19.433269512048934 ], [ -99.115408931855697, 19.433226035017306 ], [ -99.115365957804642, 19.433220782072478 ], [ -99.115323670106406, 19.433215613013914 ], [ -99.115220954137115, 19.433203057432003 ], [ -99.115224697233018, 19.433180812143512 ], [ -99.115264588897162, 19.432582732386052 ], [ -99.115271150198083, 19.432484126182768 ], [ -99.115278050043742, 19.432380432052099 ], [ -99.115308002577152, 19.431932324303514 ], [ -99.115309334150538, 19.431794925239807 ], [ -99.115460447745633, 19.431882658962294 ], [ -99.115894144832069, 19.431928608805681 ], [ -99.116327802662809, 19.431919086206829 ], [ -99.116369818486987, 19.431919059279142 ], [ -99.116732231243091, 19.431918826607507 ], [ -99.117263371507775, 19.431950842637722 ], [ -99.117813989179552, 19.431964353997866 ], [ -99.118169714907651, 19.43199648112795 ], [ -99.118879262635531, 19.432101075007868 ], [ -99.118886515589281, 19.432157758348019 ], [ -99.11892783006158, 19.432480638751233 ], [ -99.118882203934348, 19.433103164676613 ], [ -99.118842443111703, 19.433645660237893 ] ] ] ] } },
{ "type": "Feature", "properties": { "id": 2836.0, "entidad": 9, "distrito_f": 11, "distrito_l": 10, "municipio": 17, "seccion": 5341, "tipo": 2, "control": 34051.0, "SECCION_TX": "5341", "SECCION__1": null, "SECCION__2": null, "SECCION_N": "5341", "ESTATUS": null, "ALCALDIA_N": "VENUSTIANO CARRANZA", "EN_OPERATI": null, "EN_OP": "NO", "SEC_N": "5341", "EST": null, "ALC_N": "VENUSTIANO CARRANZA", "OP": "NO", "NOMBRE": "10 DE MAYO" }, "geometry": { "type": "MultiPolygon", "coordinates": [ [ [ [ -99.121088182917191, 19.434305900795877 ], [ -99.11904536080803, 19.434003404448116 ], [ -99.118983500301226, 19.433994239175121 ], [ -99.118944642734064, 19.433988487213057 ], [ -99.11890070662767, 19.433982530974625 ], [ -99.11887866440189, 19.433979736571739 ], [ -99.118819210916683, 19.433969915213883 ], [ -99.118842443111703, 19.433645660237893 ], [ -99.118882203934348, 19.433103164676613 ], [ -99.11892783006158, 19.432480638751233 ], [ -99.118886515589281, 19.432157758348019 ], [ -99.118950568066438, 19.43216500637633 ], [ -99.119021012077837, 19.432172977628774 ], [ -99.119077555985427, 19.432179411527436 ], [ -99.119124665972492, 19.432184684523072 ], [ -99.119152297891702, 19.432188320121412 ], [ -99.119823315162307, 19.432276606141382 ], [ -99.121085951998452, 19.432442724801469 ], [ -99.121094716918918, 19.433577791786661 ], [ -99.121088182917191, 19.434305900795877 ] ] ] ] } },
{ "type": "Feature", "properties": { "id": 2839.0, "entidad": 9, "distrito_f": 11, "distrito_l": 10, "municipio": 17, "seccion": 5342, "tipo": 2, "control": 37473.0, "SECCION_TX": "5342", "SECCION__1": null, "SECCION__2": null, "SECCION_N": "5342", "ESTATUS": null, "ALCALDIA_N": "VENUSTIANO CARRANZA", "EN_OPERATI": null, "EN_OP": "NO", "SEC_N": "5342", "EST": null, "ALC_N": "VENUSTIANO CARRANZA", "OP": "NO", "NOMBRE": "10 DE MAYO" }, "geometry": { "type": "MultiPolygon", "coordinates": [ [ [ [ -99.109615899867848, 19.434721544406237 ], [ -99.109551670456923, 19.434618819349293 ], [ -99.109538360809722, 19.434597539275547 ], [ -99.109516201695286, 19.434562101044218 ], [ -99.109626120426753, 19.434129098167482 ], [ -99.109639486261059, 19.434088201690816 ], [ -99.1096582482771, 19.434029395678632 ], [ -99.109667128150207, 19.434002807851197 ], [ -99.10967956088642, 19.43396558214128 ], [ -99.109692832082985, 19.433922745410101 ], [ -99.109704708211126, 19.433888196200666 ], [ -99.109741039333088, 19.433775130617001 ], [ -99.109769301299409, 19.433687428910151 ], [ -99.109788558005334, 19.433634339966318 ], [ -99.109809148709573, 19.433577573273073 ], [ -99.10982809929898, 19.433521867085837 ], [ -99.109844327861452, 19.43347224033467 ], [ -99.10988228966994, 19.433358575443606 ], [ -99.110073054034387, 19.432412766350012 ], [ -99.110103627123479, 19.432263916235673 ], [ -99.11041510580182, 19.431193066044408 ], [ -99.11055390126289, 19.430378571121601 ], [ -99.110605484154974, 19.429349344510356 ], [ -99.110548752377994, 19.429020198941203 ], [ -99.110728133314197, 19.427855721545829 ], [ -99.110712773318511, 19.427625607148389 ], [ -99.110363554460804, 19.427414157310071 ], [ -99.110314546609615, 19.427384943868571 ], [ -99.110266621454031, 19.427356034736754 ], [ -99.110377512919968, 19.427295215423261 ], [ -99.110535404525891, 19.427207891867241 ], [ -99.110622967784323, 19.427160593333024 ], [ -99.110982780608978, 19.427062155834921 ], [ -99.111060889205675, 19.427095491500772 ], [ -99.111104996341794, 19.42711431080885 ], [ -99.111142204701153, 19.427130187911938 ], [ -99.111270035821533, 19.427184737972542 ], [ -99.111319920195541, 19.427206040008286 ], [ -99.111369290192982, 19.427219427899498 ], [ -99.111457743795242, 19.427282830796717 ], [ -99.111635873015672, 19.42738001883307 ], [ -99.11153990511616, 19.427136647172119 ], [ -99.1115003003477, 19.426893465185117 ], [ -99.111506221929119, 19.426862195393277 ], [ -99.111577555631058, 19.4268585371982 ], [ -99.112229586701943, 19.426776427125876 ], [ -99.112545347712128, 19.426733432134242 ], [ -99.113012862710974, 19.426705905684017 ], [ -99.11325066065956, 19.426604594942077 ], [ -99.113469621075495, 19.426417689564662 ], [ -99.113533473860244, 19.426363184473601 ], [ -99.113771032798567, 19.424836121439931 ], [ -99.113789269075625, 19.424718894846368 ], [ -99.114195784858694, 19.424759531357523 ], [ -99.114299160684723, 19.424770732288053 ], [ -99.11447897666541, 19.424805729725716 ], [ -99.116134701512692, 19.425013865764168 ], [ -99.116196943285473, 19.425021689679511 ], [ -99.116373670173559, 19.423506553066584 ], [ -99.116571398278339, 19.422047042497852 ], [ -99.116653480683908, 19.421501724935009 ], [ -99.116688961366975, 19.421266006550628 ], [ -99.116698019148401, 19.421206020023675 ], [ -99.116710597709513, 19.421122716528117 ], [ -99.116728556061602, 19.421003431244287 ], [ -99.116681956244591, 19.420990577881096 ], [ -99.116323265828427, 19.420891641869151 ], [ -99.115901726504234, 19.420775369455828 ], [ -99.115498877216936, 19.420664251209089 ], [ -99.115096028472564, 19.420553132064736 ], [ -99.115218546282492, 19.419825461460221 ], [ -99.115609338144921, 19.419829690988287 ], [ -99.116032968556084, 19.419834274976825 ], [ -99.116463890457467, 19.419838936850581 ], [ -99.116869998653357, 19.419843329344467 ], [ -99.117014953531239, 19.418862398386736 ], [ -99.117170781721313, 19.417807873015462 ], [ -99.117257846504728, 19.41780832434241 ], [ -99.117428057455541, 19.417809206562563 ], [ -99.117644388683402, 19.417810327598545 ], [ -99.117924012712407, 19.417811776238189 ], [ -99.118123166820311, 19.417812807727262 ], [ -99.118151579962031, 19.417812954871113 ], [ -99.118426521865928, 19.41781437849005 ], [ -99.118682560509399, 19.417815703855666 ], [ -99.118905922162796, 19.417816859776522 ], [ -99.119061790728495, 19.417817666250514 ], [ -99.119322184961504, 19.417819013248725 ], [ -99.11921632904911, 19.418873508959404 ], [ -99.119537293643717, 19.418879708888912 ], [ -99.119924998023777, 19.418887197244032 ], [ -99.120396099387747, 19.418896295263743 ], [ -99.120774722813337, 19.418903606441507 ], [ -99.120564851306028, 19.420393149701017 ], [ -99.120430452171391, 19.421347020698981 ], [ -99.120418027588315, 19.421502545376292 ], [ -99.120402200391752, 19.42170069295366 ], [ -99.120369251576577, 19.422113362678459 ], [ -99.120362193900817, 19.422201898068561 ], [ -99.120355136217682, 19.422290433457469 ], [ -99.120341593577521, 19.422459688482668 ], [ -99.120286471331084, 19.422811904217863 ], [ -99.120212293981623, 19.423285874334407 ], [ -99.120069504277012, 19.42416444165503 ], [ -99.119970780832432, 19.424771869215984 ], [ -99.119854012759859, 19.425460781881366 ], [ -99.119845248113762, 19.425512491634791 ], [ -99.119833244112286, 19.425583312918636 ], [ -99.119620473712033, 19.426838606845827 ], [ -99.119402862974184, 19.427603432484965 ], [ -99.119367718641982, 19.427742297819417 ], [ -99.119351181896562, 19.427850724829511 ], [ -99.119175014526064, 19.429005798160258 ], [ -99.119036340976592, 19.429915024967706 ], [ -99.119011140550043, 19.4302657416446 ], [ -99.118879262635531, 19.432101075007868 ], [ -99.118169714907651, 19.43199648112795 ], [ -99.117813989179552, 19.431964353997866 ], [ -99.117263371507775, 19.431950842637722 ], [ -99.116732231243091, 19.431918826607507 ], [ -99.116369818486987, 19.431919059279142 ], [ -99.116327802662809, 19.431919086206829 ], [ -99.115894144832069, 19.431928608805681 ], [ -99.115460447745633, 19.431882658962294 ], [ -99.115309334150538, 19.431794925239807 ], [ -99.115308002577152, 19.431932324303514 ], [ -99.11515367203566, 19.431914913328789 ], [ -99.115015552945906, 19.431911492395489 ], [ -99.115026114500765, 19.432097519127506 ], [ -99.115029638251016, 19.43215958486476 ], [ -99.115033832172301, 19.432233599688857 ], [ -99.115060417764084, 19.432701719109097 ], [ -99.11495907901228, 19.433513055809041 ], [ -99.114847386438726, 19.433498174235694 ], [ -99.113323940760878, 19.433303909723829 ], [ -99.112154246320955, 19.433384502367542 ], [ -99.110705656337558, 19.43383516442864 ], [ -99.110967438361143, 19.434153676857409 ], [ -99.109615899867848, 19.434721544406237 ] ] ] ] } },
{ "type": "Feature", "properties": { "id": 2913.0, "entidad": 9, "distrito_f": 11, "distrito_l": 10, "municipio": 17, "seccion": 5413, "tipo": 2, "control": 37461.0, "SECCION_TX": "5413", "SECCION__1": null, "SECCION__2": null, "SECCION_N": "5413", "ESTATUS": null, "ALCALDIA_N": "VENUSTIANO CARRANZA", "EN_OPERATI": null, "EN_OP": "NO", "SEC_N": "5413", "EST": null, "ALC_N": "VENUSTIANO CARRANZA", "OP": "NO", "NOMBRE": "EX-ESCUELA DE TIRO" }, "geometry": { "type": "MultiPolygon", "coordinates": [ [ [ [ -99.099083940940687, 19.450256798449537 ], [ -99.09902635301701, 19.450245553054376 ], [ -99.098957811314534, 19.450228090852637 ], [ -99.098889269626582, 19.450210628624809 ], [ -99.098718711658449, 19.450177312705105 ], [ -99.09867334748192, 19.450168451469931 ], [ -99.098589456236212, 19.450152064497058 ], [ -99.098746436988009, 19.449638954099573 ], [ -99.098901138873188, 19.449133289160638 ], [ -99.099060895149449, 19.448611099803582 ], [ -99.099217957785825, 19.448097711651169 ], [ -99.099375674679777, 19.447582181550075 ], [ -99.099540137297652, 19.447044598048219 ], [ -99.099704598840376, 19.446507014370251 ], [ -99.099872774163515, 19.44655709247953 ], [ -99.10023495015561, 19.446645526930467 ], [ -99.100693065005075, 19.446757386110466 ], [ -99.101162480702683, 19.446872003288121 ], [ -99.101575509090836, 19.446956249304225 ], [ -99.101982801227663, 19.447039324280848 ], [ -99.102440089319444, 19.447132595690867 ], [ -99.102921774203054, 19.447237622937745 ], [ -99.103056335677294, 19.447266962656879 ], [ -99.103020264280801, 19.447379945017417 ], [ -99.102582571551025, 19.448473552007087 ], [ -99.102553369525452, 19.448550455062541 ], [ -99.102526588711811, 19.448628435817174 ], [ -99.102066951947918, 19.449966796079938 ], [ -99.10204896891436, 19.450008781501953 ], [ -99.102040970548387, 19.450027508715323 ], [ -99.102031038676444, 19.45005585897124 ], [ -99.102004505562149, 19.450123780915021 ], [ -99.101989343774562, 19.450163234942103 ], [ -99.101977534151942, 19.45019283373902 ], [ -99.101959482514161, 19.450239031525712 ], [ -99.101792564950642, 19.450187404614734 ], [ -99.101376314862478, 19.450058647711202 ], [ -99.100927873107935, 19.449953386321734 ], [ -99.100449306893196, 19.449918579297279 ], [ -99.099864700892923, 19.449994547823117 ], [ -99.099083940940687, 19.450256798449537 ] ] ] ] } },
{ "type": "Feature", "properties": { "id": 2940.0, "entidad": 9, "distrito_f": 11, "distrito_l": 11, "municipio": 17, "seccion": 5439, "tipo": 2, "control": 33969.0, "SECCION_TX": "5439", "SECCION__1": null, "SECCION__2": null, "SECCION_N": "5439", "ESTATUS": null, "ALCALDIA_N": "VENUSTIANO CARRANZA", "EN_OPERATI": null, "EN_OP": "NO", "SEC_N": "5439", "EST": null, "ALC_N": "VENUSTIANO CARRANZA", "OP": "NO", "NOMBRE": "CALLE 6 471" }, "geometry": { "type": "MultiPolygon", "coordinates": [ [ [ [ -99.061376321095693, 19.423098983839747 ], [ -99.061000142158093, 19.423031713308021 ], [ -99.060726394165442, 19.422982759555541 ], [ -99.060644883646773, 19.422968183122933 ], [ -99.060140485395834, 19.422877981289826 ], [ -99.05954521325414, 19.422771526493417 ], [ -99.058722572569394, 19.422624407066564 ], [ -99.058349009454432, 19.422556775849596 ], [ -99.057754422744935, 19.422449128019903 ], [ -99.057203518145897, 19.422349386816428 ], [ -99.056732143842126, 19.422264043137396 ], [ -99.05625296417719, 19.422171128186775 ], [ -99.056187217866153, 19.422158379593704 ], [ -99.056044446880605, 19.42214615691206 ], [ -99.056066444533215, 19.422099157727853 ], [ -99.05608844217322, 19.422052158540854 ], [ -99.056263337270281, 19.421797894905353 ], [ -99.056476525275173, 19.421590310742005 ], [ -99.056755318331739, 19.421346390185512 ], [ -99.056951783135702, 19.421208564292865 ], [ -99.057225142980585, 19.421068403716152 ], [ -99.057575069498014, 19.420964534123701 ], [ -99.057883581967332, 19.420928549270776 ], [ -99.057980377358533, 19.42092945951693 ], [ -99.058669034966826, 19.420935934037725 ], [ -99.059843910939961, 19.420928205897827 ], [ -99.059881010030722, 19.420929902651547 ], [ -99.059916523360599, 19.420927567198227 ], [ -99.059936294398014, 19.420927737185337 ], [ -99.060025914852048, 19.420928507695912 ], [ -99.060221089131389, 19.420925396440186 ], [ -99.060703454069454, 19.420917705910171 ], [ -99.061619377278532, 19.420900945349967 ], [ -99.061612365775986, 19.4209644973071 ], [ -99.061606149448551, 19.421021219148347 ], [ -99.061565498939274, 19.421388190323945 ], [ -99.061531280502066, 19.421697640846755 ], [ -99.061516397221567, 19.421832235725713 ], [ -99.061485138273639, 19.422114920955593 ], [ -99.061477285590328, 19.422185935270804 ], [ -99.06142208755918, 19.422685106897418 ], [ -99.061376321095693, 19.423098983839747 ] ] ] ] } },
{ "type": "Feature", "properties": { "id": 2687.0, "entidad": 9, "distrito_f": 11, "distrito_l": 10, "municipio": 17, "seccion": 5197, "tipo": 2, "control": 32771.0, "SECCION_TX": "5197", "SECCION__1": null, "SECCION__2": null, "SECCION_N": "5197", "ESTATUS": null, "ALCALDIA_N": "VENUSTIANO CARRANZA", "EN_OPERATI": null, "EN_OP": "NO", "SEC_N": "5197", "EST": null, "ALC_N": "VENUSTIANO CARRANZA", "OP": "NO", "NOMBRE": "PRIMERO DE MAYO" }, "geometry": { "type": "MultiPolygon", "coordinates": [ [ [ [ -99.104283131696945, 19.451171647714787 ], [ -99.104083006739614, 19.451090601706873 ], [ -99.103460023977107, 19.450832007752744 ], [ -99.103036241514843, 19.450673751722693 ], [ -99.102556567411625, 19.450486305482201 ], [ -99.101959482514161, 19.450239031525712 ], [ -99.101977534151942, 19.45019283373902 ], [ -99.101989343774562, 19.450163234942103 ], [ -99.102004505562149, 19.450123780915021 ], [ -99.102031038676074, 19.450055858970426 ], [ -99.102040970548387, 19.450027508715323 ], [ -99.10204896891436, 19.450008781501953 ], [ -99.102066951947918, 19.449966796079938 ], [ -99.102526588711811, 19.448628435817174 ], [ -99.102553369525452, 19.448550455062541 ], [ -99.102582571551025, 19.448473552007087 ], [ -99.103020264280801, 19.447379945017417 ], [ -99.103056335677294, 19.447266962656879 ], [ -99.103353231314756, 19.447329915503293 ], [ -99.103884498371713, 19.447442556802024 ], [ -99.104235181422027, 19.447516910369306 ], [ -99.104693353203373, 19.447614053107298 ], [ -99.105136950493815, 19.44770810451007 ], [ -99.104640845413769, 19.44901034016393 ], [ -99.10507475733047, 19.449122326310363 ], [ -99.104509092043159, 19.450597979360015 ], [ -99.104404868995388, 19.450869863288663 ], [ -99.104359024373508, 19.450983494513945 ], [ -99.10433545273365, 19.451041848944929 ], [ -99.104311565397992, 19.45110098487309 ], [ -99.104283131696945, 19.451171647714787 ] ] ] ] } },
{ "type": "Feature", "properties": { "id": 2689.0, "entidad": 9, "distrito_f": 11, "distrito_l": 10, "municipio": 17, "seccion": 5199, "tipo": 2, "control": 32798.0, "SECCION_TX": "5199", "SECCION__1": null, "SECCION__2": null, "SECCION_N": "5199", "ESTATUS": "PENDIENTE", "ALCALDIA_N": "VENUSTIANO CARRANZA", "EN_OPERATI": null, "EN_OP": "SI", "SEC_N": "5199", "EST": "PENDIENTE", "ALC_N": "VENUSTIANO CARRANZA", "OP": "SI", "NOMBRE": "PRIMERO DE MAYO" }, "geometry": { "type": "MultiPolygon", "coordinates": [ [ [ [ -99.106030656847992, 19.447893165104837 ], [ -99.105583803420345, 19.447800635359421 ], [ -99.105136950493815, 19.44770810451007 ], [ -99.104693353203373, 19.447614053107298 ], [ -99.104235181422027, 19.447516910369306 ], [ -99.103884498371713, 19.447442556802024 ], [ -99.103353231314756, 19.447329915503293 ], [ -99.103056335677294, 19.447266962656879 ], [ -99.103117758105455, 19.447105519178024 ], [ -99.103229996492473, 19.446810509517125 ], [ -99.103405825427316, 19.446348354880051 ], [ -99.103463512884758, 19.446363767200967 ], [ -99.104052169043342, 19.444845838607758 ], [ -99.104422122499614, 19.443891848725382 ], [ -99.104640376622271, 19.443959688500918 ], [ -99.105116908198283, 19.444107807364052 ], [ -99.104680915305337, 19.445248504887001 ], [ -99.105066218527512, 19.445381829764237 ], [ -99.105473424101305, 19.445522732291433 ], [ -99.10590304458934, 19.445671389637624 ], [ -99.105506255676687, 19.446728278244045 ], [ -99.105933263180106, 19.446867675765546 ], [ -99.106360271408136, 19.447007072276509 ], [ -99.106030656847992, 19.447893165104837 ] ] ] ] } },
{ "type": "Feature", "properties": { "id": 2766.0, "entidad": 9, "distrito_f": 11, "distrito_l": 10, "municipio": 17, "seccion": 5274, "tipo": 2, "control": 32810.0, "SECCION_TX": "5274", "SECCION__1": null, "SECCION__2": null, "SECCION_N": "5274", "ESTATUS": "PENDIENTE", "ALCALDIA_N": "VENUSTIANO CARRANZA", "EN_OPERATI": null, "EN_OP": "SI", "SEC_N": "5274", "EST": "PENDIENTE", "ALC_N": "VENUSTIANO CARRANZA", "OP": "SI", "NOMBRE": "PRIMERO DE MAYO" }, "geometry": { "type": "MultiPolygon", "coordinates": [ [ [ [ -99.103056335677294, 19.447266962656879 ], [ -99.102921774203054, 19.447237622937745 ], [ -99.102440089319444, 19.447132595690867 ], [ -99.101982801227663, 19.447039324280933 ], [ -99.101575509090836, 19.446956249304225 ], [ -99.101162480702683, 19.446872003288121 ], [ -99.101215127618602, 19.446727958400938 ], [ -99.101711625287507, 19.445373066385656 ], [ -99.102104927902772, 19.4443685623067 ], [ -99.102482226998589, 19.444507327959382 ], [ -99.102836138938414, 19.444637491192339 ], [ -99.103208183827206, 19.444774322466397 ], [ -99.103430022427318, 19.444655648948682 ], [ -99.103766007280086, 19.443706230552149 ], [ -99.104110471799643, 19.442789078216666 ], [ -99.10451149478375, 19.441737718719924 ], [ -99.104860869571326, 19.440781905187997 ], [ -99.104943685548378, 19.440555336922255 ], [ -99.1052191451477, 19.439885479499988 ], [ -99.105248864104595, 19.439813209151019 ], [ -99.10527799276062, 19.439742374224615 ], [ -99.105673774125535, 19.4398553600684 ], [ -99.105917426516442, 19.439925519680269 ], [ -99.105903318170945, 19.43996381037125 ], [ -99.105896672948859, 19.439988226181665 ], [ -99.105889134378828, 19.440015924313347 ], [ -99.105879458934126, 19.44005147371249 ], [ -99.105855507139424, 19.440115156338145 ], [ -99.105771779210656, 19.440337770320085 ], [ -99.105543154350372, 19.440945629796389 ], [ -99.105358696131489, 19.441436057098304 ], [ -99.104422122499614, 19.443891848725382 ], [ -99.104052169043342, 19.444845838607758 ], [ -99.103463512884758, 19.446363767200967 ], [ -99.103405825427316, 19.446348354880051 ], [ -99.103229996492473, 19.446810509517125 ], [ -99.103117758105455, 19.447105519178024 ], [ -99.103056335677294, 19.447266962656879 ] ] ] ] } },
{ "type": "Feature", "properties": { "id": 2767.0, "entidad": 9, "distrito_f": 11, "distrito_l": 10, "municipio": 17, "seccion": 5275, "tipo": 2, "control": 32809.0, "SECCION_TX": "5275", "SECCION__1": null, "SECCION__2": null, "SECCION_N": "5275", "ESTATUS": null, "ALCALDIA_N": "VENUSTIANO CARRANZA", "EN_OPERATI": null, "EN_OP": "NO", "SEC_N": "5275", "EST": null, "ALC_N": "VENUSTIANO CARRANZA", "OP": "NO", "NOMBRE": "PRIMERO DE MAYO" }, "geometry": { "type": "MultiPolygon", "coordinates": [ [ [ [ -99.101162480702683, 19.446872003288121 ], [ -99.100693065005075, 19.446757386110466 ], [ -99.10023495015561, 19.446645526930467 ], [ -99.099872774163515, 19.44655709247953 ], [ -99.099791699254126, 19.446366062915484 ], [ -99.09952111022659, 19.445799862510562 ], [ -99.099460191657627, 19.445672391405949 ], [ -99.098847789851121, 19.444390938324798 ], [ -99.098760708732655, 19.444228532062194 ], [ -99.098512683052618, 19.443754929730925 ], [ -99.098279265873757, 19.443311917382509 ], [ -99.098452284119858, 19.443146204094354 ], [ -99.099098185734306, 19.443344782151332 ], [ -99.099259622706541, 19.443397977226947 ], [ -99.1001836493366, 19.44370244967914 ], [ -99.100730803443753, 19.443883537526464 ], [ -99.102104927902772, 19.4443685623067 ], [ -99.101711625287507, 19.445373066385656 ], [ -99.101215127618602, 19.446727958400938 ], [ -99.101162480702683, 19.446872003288121 ] ] ] ] } },
{ "type": "Feature", "properties": { "id": 2768.0, "entidad": 9, "distrito_f": 11, "distrito_l": 10, "municipio": 17, "seccion": 5276, "tipo": 2, "control": 37801.0, "SECCION_TX": "5276", "SECCION__1": null, "SECCION__2": null, "SECCION_N": "5276", "ESTATUS": null, "ALCALDIA_N": "VENUSTIANO CARRANZA", "EN_OPERATI": null, "EN_OP": "NO", "SEC_N": "5276", "EST": null, "ALC_N": "VENUSTIANO CARRANZA", "OP": "NO", "NOMBRE": "PRIMERO DE MAYO" }, "geometry": { "type": "MultiPolygon", "coordinates": [ [ [ [ -99.099872774163515, 19.44655709247953 ], [ -99.099704598840376, 19.446507014370251 ], [ -99.099195151070845, 19.446396842184022 ], [ -99.09806184089777, 19.446136791633453 ], [ -99.096921189936452, 19.445904700354497 ], [ -99.095745807768083, 19.445632639098918 ], [ -99.094656273259872, 19.445278942947269 ], [ -99.093690368491352, 19.444938716091094 ], [ -99.094551980417108, 19.444538881096591 ], [ -99.095009049454958, 19.444327120279713 ], [ -99.095110980601092, 19.444279897903201 ], [ -99.096499448107593, 19.443660963808465 ], [ -99.096576920978663, 19.443626368688808 ], [ -99.097612671607294, 19.443163854882417 ], [ -99.097840707347558, 19.443352117515939 ], [ -99.098135965598473, 19.443360945841256 ], [ -99.098201694347466, 19.443349853621012 ], [ -99.098279265873757, 19.443311917382509 ], [ -99.098512683052618, 19.443754929730925 ], [ -99.098760708732655, 19.444228532062194 ], [ -99.098847789851121, 19.444390938324798 ], [ -99.099460191657627, 19.445672391405861 ], [ -99.09952111022659, 19.445799862510562 ], [ -99.099791699254126, 19.446366062915484 ], [ -99.099872774163515, 19.44655709247953 ] ] ] ] } },
{ "type": "Feature", "properties": { "id": 2772.0, "entidad": 9, "distrito_f": 11, "distrito_l": 10, "municipio": 17, "seccion": 5279, "tipo": 2, "control": 32813.0, "SECCION_TX": "5279", "SECCION__1": null, "SECCION__2": null, "SECCION_N": "5279", "ESTATUS": null, "ALCALDIA_N": "VENUSTIANO CARRANZA", "EN_OPERATI": null, "EN_OP": "NO", "SEC_N": "5279", "EST": null, "ALC_N": "VENUSTIANO CARRANZA", "OP": "NO", "NOMBRE": "PRIMERO DE MAYO" }, "geometry": { "type": "MultiPolygon", "coordinates": [ [ [ [ -99.1001836493366, 19.44370244967914 ], [ -99.099259622706541, 19.443397977226947 ], [ -99.099098185734306, 19.443344782151332 ], [ -99.098452284119858, 19.443146204094354 ], [ -99.098517599185229, 19.442983507660919 ], [ -99.098514848103648, 19.442788647907207 ], [ -99.098462281683567, 19.44271023225609 ], [ -99.098409715314077, 19.442631816588936 ], [ -99.099398986548479, 19.44220135860877 ], [ -99.099613465238519, 19.442098421747179 ], [ -99.100861338385684, 19.44154546330083 ], [ -99.100979029002588, 19.441573325264365 ], [ -99.101127633996256, 19.441608505744821 ], [ -99.10139219969102, 19.441684035896738 ], [ -99.101555435889452, 19.441650391640188 ], [ -99.10314465911776, 19.44116110184321 ], [ -99.103264472546797, 19.441480543619381 ], [ -99.102809850600778, 19.441756525506548 ], [ -99.102756038507891, 19.44223627500606 ], [ -99.102717849722197, 19.442701891910914 ], [ -99.102639749262394, 19.443297482172468 ], [ -99.101866043195201, 19.443032049394635 ], [ -99.101138996119843, 19.44279222637336 ], [ -99.100797257848342, 19.442684108663958 ], [ -99.100523052079765, 19.442788332610839 ], [ -99.100404289286686, 19.443108198960122 ], [ -99.100234343424134, 19.443571026920491 ], [ -99.1001836493366, 19.44370244967914 ] ] ] ] } },
{ "type": "Feature", "properties": { "id": 2773.0, "entidad": 9, "distrito_f": 11, "distrito_l": 10, "municipio": 17, "seccion": 5280, "tipo": 2, "control": 32811.0, "SECCION_TX": "5280", "SECCION__1": null, "SECCION__2": null, "SECCION_N": "5280", "ESTATUS": null, "ALCALDIA_N": "VENUSTIANO CARRANZA", "EN_OPERATI": null, "EN_OP": "NO", "SEC_N": "5280", "EST": null, "ALC_N": "VENUSTIANO CARRANZA", "OP": "NO", "NOMBRE": "PRIMERO DE MAYO" }, "geometry": { "type": "MultiPolygon", "coordinates": [ [ [ [ -99.103208183827206, 19.444774322466397 ], [ -99.102836138938414, 19.444637491192339 ], [ -99.102482226998589, 19.444507327959382 ], [ -99.102104927902772, 19.4443685623067 ], [ -99.100730803443753, 19.443883537526464 ], [ -99.1001836493366, 19.44370244967914 ], [ -99.100234343424134, 19.443571026920491 ], [ -99.100404289286686, 19.443108198960122 ], [ -99.100523052079765, 19.442788332610839 ], [ -99.100797257848342, 19.442684108663958 ], [ -99.101138996119843, 19.44279222637336 ], [ -99.101866043195201, 19.443032049394635 ], [ -99.102639749262394, 19.443297482172468 ], [ -99.10289765965922, 19.443398366232426 ], [ -99.1032742961672, 19.443517290777223 ], [ -99.103766007280086, 19.443706230552149 ], [ -99.103430022427318, 19.444655648948682 ], [ -99.103208183827206, 19.444774322466397 ] ] ] ] } },
{ "type": "Feature", "properties": { "id": 2707.0, "entidad": 9, "distrito_f": 11, "distrito_l": 10, "municipio": 17, "seccion": 5217, "tipo": 2, "control": 32801.0, "SECCION_TX": "5217", "SECCION__1": null, "SECCION__2": null, "SECCION_N": "5217", "ESTATUS": null, "ALCALDIA_N": "VENUSTIANO CARRANZA", "EN_OPERATI": null, "EN_OP": "NO", "SEC_N": "5217", "EST": null, "ALC_N": "VENUSTIANO CARRANZA", "OP": "NO", "NOMBRE": "VENUSTIANO CARRANZA" }, "geometry": { "type": "MultiPolygon", "coordinates": [ [ [ [ -99.107180890411414, 19.444854588780014 ], [ -99.106771964928996, 19.44464448829898 ], [ -99.106335947007295, 19.444503103716194 ], [ -99.106737212003864, 19.443461481687748 ], [ -99.106295369601639, 19.443313841060494 ], [ -99.106679753765107, 19.442321151697893 ], [ -99.106721491610671, 19.442213351953132 ], [ -99.106747288155091, 19.442146739770809 ], [ -99.106826609196673, 19.44194188754572 ], [ -99.10723912237637, 19.440876534097384 ], [ -99.107561286714358, 19.440044504560014 ], [ -99.108018643633812, 19.44008860292395 ], [ -99.108476208477342, 19.440132078891232 ], [ -99.108076520840626, 19.441163308741995 ], [ -99.108507952009148, 19.441291231307098 ], [ -99.108398903611644, 19.441577077675198 ], [ -99.108107513088527, 19.442340888548191 ], [ -99.107716286037004, 19.443404280250842 ], [ -99.107610799874138, 19.443690998986494 ], [ -99.107601521644725, 19.443716217808891 ], [ -99.10756115708746, 19.443825931167343 ], [ -99.107180890411414, 19.444854588780014 ] ] ] ] } },
{ "type": "Feature", "properties": { "id": 2709.0, "entidad": 9, "distrito_f": 11, "distrito_l": 10, "municipio": 17, "seccion": 5219, "tipo": 2, "control": 37463.0, "SECCION_TX": "5219", "SECCION__1": null, "SECCION__2": null, "SECCION_N": "5219", "ESTATUS": null, "ALCALDIA_N": "VENUSTIANO CARRANZA", "EN_OPERATI": null, "EN_OP": "NO", "SEC_N": "5219", "EST": null, "ALC_N": "VENUSTIANO CARRANZA", "OP": "NO", "NOMBRE": "VENUSTIANO CARRANZA" }, "geometry": { "type": "MultiPolygon", "coordinates": [ [ [ [ -99.106826609196673, 19.44194188754572 ], [ -99.106584269974988, 19.441858380534143 ], [ -99.106505774856117, 19.441831260113329 ], [ -99.106399841525644, 19.441794828562667 ], [ -99.106021491781178, 19.441664452747467 ], [ -99.105552030317213, 19.441502679287368 ], [ -99.105358696131489, 19.441436057098304 ], [ -99.105543154350372, 19.4409456297963 ], [ -99.105771779210656, 19.440337770320085 ], [ -99.105855507139424, 19.440115156338145 ], [ -99.105879458934126, 19.44005147371249 ], [ -99.105889134378828, 19.440015924313347 ], [ -99.105896672948859, 19.439988226181665 ], [ -99.105903318170945, 19.43996381037125 ], [ -99.105917426516442, 19.439925519680269 ], [ -99.105951317953156, 19.439829846395817 ], [ -99.106521496573237, 19.438286028204658 ], [ -99.106655844902278, 19.437921392003403 ], [ -99.106743863802677, 19.43774062420448 ], [ -99.107024226808164, 19.437164828965951 ], [ -99.107070778209803, 19.437069223636154 ], [ -99.107081061087129, 19.43705089486927 ], [ -99.107124950790777, 19.436972570968191 ], [ -99.107152397240881, 19.436923591030251 ], [ -99.107235173645023, 19.436776195594238 ], [ -99.107245526823206, 19.436757395109872 ], [ -99.107424993158162, 19.436438792798317 ], [ -99.107434547981399, 19.436327661119158 ], [ -99.107665429053597, 19.436041336740267 ], [ -99.107965319769207, 19.435716731865682 ], [ -99.108176953851583, 19.435500625196855 ], [ -99.108323957814491, 19.435371907058034 ], [ -99.10837326137613, 19.435328142882003 ], [ -99.108437616041115, 19.435565857161539 ], [ -99.108467664642831, 19.435838477758963 ], [ -99.108471102885176, 19.435869671685417 ], [ -99.108476237429784, 19.435918620386019 ], [ -99.108496577197045, 19.436104400793106 ], [ -99.108555575698276, 19.436698539582014 ], [ -99.108640033655306, 19.437021636330293 ], [ -99.108798982033278, 19.437223389021153 ], [ -99.10848323277078, 19.437196054474477 ], [ -99.108251799717024, 19.437176018862722 ], [ -99.108135125855725, 19.437165918064657 ], [ -99.10782244507898, 19.437138847997414 ], [ -99.107695284522038, 19.437622661875263 ], [ -99.107614722596821, 19.437929178174421 ], [ -99.107552087111969, 19.438167488406545 ], [ -99.10712559881317, 19.439529693540564 ], [ -99.107103770613023, 19.439595883180402 ], [ -99.107034437656495, 19.43981031976169 ], [ -99.10702852953483, 19.439839729844927 ], [ -99.106983545763484, 19.439983406217298 ], [ -99.107098696694777, 19.43999558402475 ], [ -99.107561286714358, 19.440044504560014 ], [ -99.10723912237637, 19.440876534097384 ], [ -99.106826609196673, 19.44194188754572 ] ] ] ] } },
{ "type": "Feature", "properties": { "id": 2710.0, "entidad": 9, "distrito_f": 11, "distrito_l": 10, "municipio": 17, "seccion": 5220, "tipo": 2, "control": 32803.0, "SECCION_TX": "5220", "SECCION__1": null, "SECCION__2": null, "SECCION_N": "5220", "ESTATUS": null, "ALCALDIA_N": "VENUSTIANO CARRANZA", "EN_OPERATI": null, "EN_OP": "NO", "SEC_N": "5220", "EST": null, "ALC_N": "VENUSTIANO CARRANZA", "OP": "NO", "NOMBRE": "VENUSTIANO CARRANZA" }, "geometry": { "type": "MultiPolygon", "coordinates": [ [ [ [ -99.108476208477342, 19.440132078891232 ], [ -99.108929332352204, 19.440175182224657 ], [ -99.109393953651406, 19.440218721087899 ], [ -99.109853219077436, 19.440261756868885 ], [ -99.110325990695983, 19.440306057018159 ], [ -99.110778353388895, 19.440348443612294 ], [ -99.110609932481665, 19.44081812602013 ], [ -99.11033534925221, 19.44158386159237 ], [ -99.110233142874876, 19.441868884556207 ], [ -99.109795205139264, 19.441719164094309 ], [ -99.109357268201734, 19.441569442569186 ], [ -99.108963939376537, 19.442654193071363 ], [ -99.108535725824041, 19.442497541318346 ], [ -99.108107513088527, 19.442340888548191 ], [ -99.108398903611644, 19.441577077675198 ], [ -99.108507952009148, 19.441291231307098 ], [ -99.108076520840626, 19.441163308741995 ], [ -99.108476208477342, 19.440132078891232 ] ] ] ] } },
{ "type": "Feature", "properties": { "id": 2711.0, "entidad": 9, "distrito_f": 11, "distrito_l": 10, "municipio": 17, "seccion": 5221, "tipo": 2, "control": 32804.0, "SECCION_TX": "5221", "SECCION__1": null, "SECCION__2": null, "SECCION_N": "5221", "ESTATUS": null, "ALCALDIA_N": "VENUSTIANO CARRANZA", "EN_OPERATI": null, "EN_OP": "NO", "SEC_N": "5221", "EST": null, "ALC_N": "VENUSTIANO CARRANZA", "OP": "NO", "NOMBRE": "VENUSTIANO CARRANZA" }, "geometry": { "type": "MultiPolygon", "coordinates": [ [ [ [ -99.110778353388895, 19.440348443612294 ], [ -99.111253708502517, 19.44039665704129 ], [ -99.111692137549369, 19.44044112407234 ], [ -99.112166841697388, 19.440489269030465 ], [ -99.111873822958813, 19.441265926182318 ], [ -99.111477237914229, 19.442317077183404 ], [ -99.111080647796371, 19.443368227221303 ], [ -99.110652433491481, 19.443216195445029 ], [ -99.110263961838783, 19.444282485780253 ], [ -99.109838179894581, 19.444132758102434 ], [ -99.109412398726576, 19.443983029419154 ], [ -99.109822773441252, 19.442925957500307 ], [ -99.110233142874876, 19.441868884556207 ], [ -99.11033534925221, 19.44158386159237 ], [ -99.110609932481665, 19.44081812602013 ], [ -99.110778353388895, 19.440348443612294 ] ] ] ] } },
{ "type": "Feature", "properties": { "id": 2712.0, "entidad": 9, "distrito_f": 11, "distrito_l": 10, "municipio": 17, "seccion": 5222, "tipo": 2, "control": 32805.0, "SECCION_TX": "5222", "SECCION__1": null, "SECCION__2": null, "SECCION_N": "5222", "ESTATUS": null, "ALCALDIA_N": "VENUSTIANO CARRANZA", "EN_OPERATI": null, "EN_OP": "NO", "SEC_N": "5222", "EST": null, "ALC_N": "VENUSTIANO CARRANZA", "OP": "NO", "NOMBRE": "VENUSTIANO CARRANZA" }, "geometry": { "type": "MultiPolygon", "coordinates": [ [ [ [ -99.111873822958813, 19.441265926182318 ], [ -99.112316760060324, 19.441415942605399 ], [ -99.112723826355378, 19.441553808901887 ], [ -99.113157809866081, 19.441700790326077 ], [ -99.113389455452634, 19.441098779008616 ], [ -99.113518572622908, 19.440853121040906 ], [ -99.113582967681879, 19.440598582449791 ], [ -99.113654720536474, 19.44060716566397 ], [ -99.113753912112045, 19.440619344428562 ], [ -99.113728163435724, 19.440724601412455 ], [ -99.113669391774749, 19.440881959988818 ], [ -99.113575409699834, 19.441133592253294 ], [ -99.113481427337163, 19.441385224463687 ], [ -99.113101127552909, 19.442403446195499 ], [ -99.111976101835864, 19.445413584933608 ], [ -99.111896006690912, 19.445390836438353 ], [ -99.111806028590721, 19.445365280951961 ], [ -99.111986519042546, 19.444881808052372 ], [ -99.112384748762807, 19.443815074496818 ], [ -99.111929045907758, 19.443658930282222 ], [ -99.111503893060814, 19.443513252563307 ], [ -99.111080647796371, 19.443368227221303 ], [ -99.111477237914229, 19.442317077183404 ], [ -99.111873822958813, 19.441265926182318 ] ] ] ] } },
{ "type": "Feature", "properties": { "id": 2713.0, "entidad": 9, "distrito_f": 11, "distrito_l": 10, "municipio": 17, "seccion": 5223, "tipo": 2, "control": 34011.0, "SECCION_TX": "5223", "SECCION__1": null, "SECCION__2": null, "SECCION_N": "5223", "ESTATUS": "PENDIENTE", "ALCALDIA_N": "VENUSTIANO CARRANZA", "EN_OPERATI": null, "EN_OP": "SI", "SEC_N": "5223", "EST": "PENDIENTE", "ALC_N": "VENUSTIANO CARRANZA", "OP": "SI", "NOMBRE": "VENUSTIANO CARRANZA" }, "geometry": { "type": "MultiPolygon", "coordinates": [ [ [ [ -99.117304212712966, 19.443754796875677 ], [ -99.11666288231207, 19.443067618518963 ], [ -99.116321976750896, 19.442702338708926 ], [ -99.115595674334131, 19.441924099067549 ], [ -99.115028666029005, 19.441316537263557 ], [ -99.114461661945697, 19.440708973625622 ], [ -99.11441971580129, 19.440664026691273 ], [ -99.113883329947441, 19.440090300332756 ], [ -99.114019208256167, 19.439533097921043 ], [ -99.11446312401516, 19.439572679400328 ], [ -99.115244189448205, 19.43964231994136 ], [ -99.116113231970985, 19.43970747649486 ], [ -99.116195926965133, 19.440878265021954 ], [ -99.117260212904725, 19.44097913300444 ], [ -99.117782917130668, 19.441038531299004 ], [ -99.117604762081641, 19.442081814641679 ], [ -99.117464375755489, 19.442925561820385 ], [ -99.117428799606273, 19.443121745220132 ], [ -99.117361748440246, 19.443491495180893 ], [ -99.117304212712966, 19.443754796875677 ] ] ] ] } },
{ "type": "Feature", "properties": { "id": 2724.0, "entidad": 9, "distrito_f": 11, "distrito_l": 10, "municipio": 17, "seccion": 5233, "tipo": 2, "control": 34014.0, "SECCION_TX": "5233", "SECCION__1": null, "SECCION__2": null, "SECCION_N": "5233", "ESTATUS": null, "ALCALDIA_N": "VENUSTIANO CARRANZA", "EN_OPERATI": null, "EN_OP": "NO", "SEC_N": "5233", "EST": null, "ALC_N": "VENUSTIANO CARRANZA", "OP": "NO", "NOMBRE": "VENUSTIANO CARRANZA" }, "geometry": { "type": "MultiPolygon", "coordinates": [ [ [ [ -99.117945844222689, 19.439933294590446 ], [ -99.117178829659181, 19.439860831257835 ], [ -99.117118526882749, 19.439247942212891 ], [ -99.116048987984456, 19.438880480814362 ], [ -99.116062184659626, 19.438763667453618 ], [ -99.115777779870101, 19.438725309882649 ], [ -99.115224598639401, 19.43865070120065 ], [ -99.115244189448205, 19.43964231994136 ], [ -99.11446312401516, 19.439572679400328 ], [ -99.114019208256167, 19.439533097921043 ], [ -99.11436109384411, 19.438016399997071 ], [ -99.114757812753354, 19.437910378445761 ], [ -99.115324062860608, 19.437946130559144 ], [ -99.116104444677177, 19.437999799563606 ], [ -99.116663844617833, 19.438049116696277 ], [ -99.117223244886446, 19.438098432102858 ], [ -99.118288235788185, 19.43825827418387 ], [ -99.118135205671834, 19.439006920080331 ], [ -99.118027759385924, 19.439532389987139 ], [ -99.11798342703338, 19.439749517217447 ], [ -99.117945844222689, 19.439933294590446 ] ] ] ] } },
{ "type": "Feature", "properties": { "id": 2726.0, "entidad": 9, "distrito_f": 11, "distrito_l": 10, "municipio": 17, "seccion": 5235, "tipo": 2, "control": 32808.0, "SECCION_TX": "5235", "SECCION__1": null, "SECCION__2": null, "SECCION_N": "5235", "ESTATUS": null, "ALCALDIA_N": "VENUSTIANO CARRANZA", "EN_OPERATI": null, "EN_OP": "NO", "SEC_N": "5235", "EST": null, "ALC_N": "VENUSTIANO CARRANZA", "OP": "NO", "NOMBRE": "VENUSTIANO CARRANZA" }, "geometry": { "type": "MultiPolygon", "coordinates": [ [ [ [ -99.112889618191275, 19.437823169420383 ], [ -99.113330665408967, 19.437881087961504 ], [ -99.1137349800631, 19.437934181785305 ], [ -99.114179463207748, 19.437992549377814 ], [ -99.114265156563704, 19.43800380212636 ], [ -99.11436109384411, 19.438016399997071 ], [ -99.114019208256167, 19.439533097921043 ], [ -99.113883329947441, 19.440090300332756 ], [ -99.113753912112045, 19.440619344428562 ], [ -99.113654720536474, 19.44060716566397 ], [ -99.113582967681879, 19.440598582449791 ], [ -99.113518572622908, 19.440853121040906 ], [ -99.113389455452634, 19.441098779008616 ], [ -99.113157809866081, 19.441700790326077 ], [ -99.112723826355378, 19.441553808901887 ], [ -99.112316760060324, 19.441415942605399 ], [ -99.111873822958813, 19.441265926182318 ], [ -99.112166841697388, 19.440489269030465 ], [ -99.11238155465297, 19.439910492056892 ], [ -99.112569888334164, 19.439402819065215 ], [ -99.112889618191275, 19.437823169420383 ] ] ] ] } },
{ "type": "Feature", "properties": { "id": 2727.0, "entidad": 9, "distrito_f": 11, "distrito_l": 10, "municipio": 17, "seccion": 5236, "tipo": 2, "control": 32807.0, "SECCION_TX": "5236", "SECCION__1": null, "SECCION__2": null, "SECCION_N": "5236", "ESTATUS": null, "ALCALDIA_N": "VENUSTIANO CARRANZA", "EN_OPERATI": null, "EN_OP": "NO", "SEC_N": "5236", "EST": null, "ALC_N": "VENUSTIANO CARRANZA", "OP": "NO", "NOMBRE": "VENUSTIANO CARRANZA" }, "geometry": { "type": "MultiPolygon", "coordinates": [ [ [ [ -99.110544193240003, 19.437630461294479 ], [ -99.111942806308377, 19.437726456790578 ], [ -99.112889618191275, 19.437823169420383 ], [ -99.112569888334164, 19.439402819065215 ], [ -99.11238155465297, 19.439910492056892 ], [ -99.112166841697388, 19.440489269030465 ], [ -99.111692137549369, 19.44044112407234 ], [ -99.111253708502517, 19.44039665704129 ], [ -99.110778353388895, 19.440348443612294 ], [ -99.111175881107528, 19.439267247401609 ], [ -99.1107167445264, 19.439222925647506 ], [ -99.110257608188206, 19.439178602730347 ], [ -99.110442196666014, 19.438181453380253 ], [ -99.110483174263123, 19.437960090202708 ], [ -99.110544193240003, 19.437630461294479 ] ] ] ] } },
{ "type": "Feature", "properties": { "id": 2728.0, "entidad": 9, "distrito_f": 11, "distrito_l": 10, "municipio": 17, "seccion": 5237, "tipo": 2, "control": 32806.0, "SECCION_TX": "5237", "SECCION__1": null, "SECCION__2": null, "SECCION_N": "5237", "ESTATUS": null, "ALCALDIA_N": "VENUSTIANO CARRANZA", "EN_OPERATI": null, "EN_OP": "NO", "SEC_N": "5237", "EST": null, "ALC_N": "VENUSTIANO CARRANZA", "OP": "NO", "NOMBRE": "VENUSTIANO CARRANZA" }, "geometry": { "type": "MultiPolygon", "coordinates": [ [ [ [ -99.10903601279017, 19.437449215538564 ], [ -99.109399151795458, 19.4375524448918 ], [ -99.109602003064595, 19.437566266518701 ], [ -99.110544193240003, 19.437630461294479 ], [ -99.110483174263123, 19.437960090202708 ], [ -99.110442196666014, 19.438181453380253 ], [ -99.110257608188206, 19.439178602730347 ], [ -99.1107167445264, 19.439222925647506 ], [ -99.111175881107528, 19.439267247401609 ], [ -99.110778353388895, 19.440348443612294 ], [ -99.110325990695983, 19.440306057018159 ], [ -99.109853219077436, 19.440261756868885 ], [ -99.109393953651406, 19.440218721087899 ], [ -99.108929332352204, 19.440175182224657 ], [ -99.108476208477342, 19.440132078891232 ], [ -99.108858021912113, 19.438989951855483 ], [ -99.108891160215663, 19.4388908237183 ], [ -99.108780490489153, 19.438827921932809 ], [ -99.108796471067137, 19.438741697172869 ], [ -99.108842082046706, 19.438495598199307 ], [ -99.108913195386918, 19.438111896987028 ], [ -99.108970759221435, 19.437801302549836 ], [ -99.10903601279017, 19.437449215538564 ] ] ] ] } },
{ "type": "Feature", "properties": { "id": 2729.0, "entidad": 9, "distrito_f": 11, "distrito_l": 10, "municipio": 17, "seccion": 5238, "tipo": 2, "control": 32802.0, "SECCION_TX": "5238", "SECCION__1": null, "SECCION__2": null, "SECCION_N": "5238", "ESTATUS": null, "ALCALDIA_N": "VENUSTIANO CARRANZA", "EN_OPERATI": null, "EN_OP": "NO", "SEC_N": "5238", "EST": null, "ALC_N": "VENUSTIANO CARRANZA", "OP": "NO", "NOMBRE": "VENUSTIANO CARRANZA" }, "geometry": { "type": "MultiPolygon", "coordinates": [ [ [ [ -99.108798982033278, 19.437223389021153 ], [ -99.10903601279017, 19.437449215538564 ], [ -99.108970759221435, 19.437801302549836 ], [ -99.108913195386918, 19.438111896987028 ], [ -99.108842082046706, 19.438495598199307 ], [ -99.108796471067137, 19.438741697172869 ], [ -99.108780490489153, 19.438827921932809 ], [ -99.108891160215663, 19.4388908237183 ], [ -99.108858021912113, 19.438989951855483 ], [ -99.108476208477342, 19.440132078891232 ], [ -99.108018643633812, 19.44008860292395 ], [ -99.107561286714358, 19.440044504560014 ], [ -99.107098696694777, 19.43999558402475 ], [ -99.106983545763484, 19.439983406217298 ], [ -99.10702852953483, 19.439839729844927 ], [ -99.10703443765648, 19.43981031976169 ], [ -99.107103770613023, 19.439595883180402 ], [ -99.10712559881317, 19.439529693540564 ], [ -99.107552087111969, 19.438167488406545 ], [ -99.107614722596821, 19.437929178174421 ], [ -99.107695284522038, 19.437622661875263 ], [ -99.10782244507898, 19.437138847997414 ], [ -99.108135125855725, 19.437165918064657 ], [ -99.108251799717024, 19.437176018862722 ], [ -99.10848323277078, 19.437196054474477 ], [ -99.108798982033278, 19.437223389021153 ] ] ] ] } },
{ "type": "Feature", "properties": { "id": 2730.0, "entidad": 9, "distrito_f": 11, "distrito_l": 10, "municipio": 17, "seccion": 5239, "tipo": 2, "control": 33893.0, "SECCION_TX": "5239", "SECCION__1": null, "SECCION__2": null, "SECCION_N": "5239", "ESTATUS": null, "ALCALDIA_N": "VENUSTIANO CARRANZA", "EN_OPERATI": null, "EN_OP": "NO", "SEC_N": "5239", "EST": null, "ALC_N": "VENUSTIANO CARRANZA", "OP": "NO", "NOMBRE": "VENUSTIANO CARRANZA" }, "geometry": { "type": "MultiPolygon", "coordinates": [ [ [ [ -99.11436109384411, 19.438016399997071 ], [ -99.114265156563704, 19.43800380212636 ], [ -99.114179463207748, 19.437992549377814 ], [ -99.1137349800631, 19.437934181785305 ], [ -99.113330665408967, 19.437881087961504 ], [ -99.112889618191275, 19.437823169420383 ], [ -99.111942806308377, 19.437726456790578 ], [ -99.110544193240003, 19.437630461294479 ], [ -99.109602003064595, 19.437566266518701 ], [ -99.109399151795458, 19.4375524448918 ], [ -99.10903601279017, 19.437449215538564 ], [ -99.108798982033278, 19.437223389021153 ], [ -99.108640033655306, 19.437021636330293 ], [ -99.108555575698276, 19.436698539582014 ], [ -99.108496577197045, 19.436104400793106 ], [ -99.108476237429784, 19.435918620386019 ], [ -99.108471102885176, 19.435869671685417 ], [ -99.108467664642831, 19.435838477758963 ], [ -99.108437616041115, 19.435565857161539 ], [ -99.10837326137613, 19.435328142882003 ], [ -99.108430759913261, 19.435277521549015 ], [ -99.108528005410065, 19.435191907141693 ], [ -99.108566654355272, 19.435157880780778 ], [ -99.109089221325931, 19.434811726695841 ], [ -99.109347281152949, 19.43466289630776 ], [ -99.109516201695286, 19.434562101044218 ], [ -99.109538360809722, 19.434597539275547 ], [ -99.109551670456923, 19.434618819349293 ], [ -99.109615899867848, 19.434721544406237 ], [ -99.110967438361143, 19.434153676857409 ], [ -99.111001214521153, 19.434139485158077 ], [ -99.111038957126908, 19.434124958523668 ], [ -99.111389238447671, 19.433990139335421 ], [ -99.111672726342988, 19.434024444251211 ], [ -99.111693686996475, 19.434026980685172 ], [ -99.112129192536855, 19.434078926452671 ], [ -99.112601593852091, 19.434135271815496 ], [ -99.113109885561727, 19.434195896564212 ], [ -99.113035241135236, 19.434682931058109 ], [ -99.112479982198352, 19.434963619866455 ], [ -99.112384312239072, 19.435011981694821 ], [ -99.112470022835112, 19.43502392783742 ], [ -99.112983444853143, 19.435095486513749 ], [ -99.113366454682264, 19.435148867880866 ], [ -99.113775075409691, 19.435205817794515 ], [ -99.114186772108596, 19.435263195438086 ], [ -99.11464115473423, 19.435326521032607 ], [ -99.114754626700091, 19.43533924255139 ], [ -99.114858547531028, 19.435356817827543 ], [ -99.114835294900189, 19.435432636952584 ], [ -99.114789683840414, 19.435581359293973 ], [ -99.11462535377882, 19.436515011721003 ], [ -99.114386464720909, 19.43787225700213 ], [ -99.11436109384411, 19.438016399997071 ] ] ] ] } },
{ "type": "Feature", "properties": { "id": 2736.0, "entidad": 9, "distrito_f": 11, "distrito_l": 10, "municipio": 17, "seccion": 5244, "tipo": 2, "control": 32791.0, "SECCION_TX": "5244", "SECCION__1": null, "SECCION__2": null, "SECCION_N": "5244", "ESTATUS": null, "ALCALDIA_N": "VENUSTIANO CARRANZA", "EN_OPERATI": null, "EN_OP": "NO", "SEC_N": "5244", "EST": null, "ALC_N": "VENUSTIANO CARRANZA", "OP": "NO", "NOMBRE": "VENUSTIANO CARRANZA" }, "geometry": { "type": "MultiPolygon", "coordinates": [ [ [ [ -99.113101127552909, 19.442403446195499 ], [ -99.113481427337163, 19.441385224463687 ], [ -99.113575409699834, 19.441133592253294 ], [ -99.113669391774749, 19.440881959988818 ], [ -99.113728163435724, 19.440724601412455 ], [ -99.113753912112045, 19.440619344428562 ], [ -99.113883329947441, 19.440090300332756 ], [ -99.11441971580129, 19.440664026691273 ], [ -99.114264210381421, 19.440811741059726 ], [ -99.115048611045907, 19.441653205539701 ], [ -99.114682857153383, 19.441962337978705 ], [ -99.11431710187523, 19.442271469677035 ], [ -99.114184453255902, 19.442140338648866 ], [ -99.113977358530875, 19.442692663383909 ], [ -99.113571856650722, 19.442558820205299 ], [ -99.113101127552909, 19.442403446195499 ] ] ] ] } },
{ "type": "Feature", "properties": { "id": 2888.0, "entidad": 9, "distrito_f": 11, "distrito_l": 10, "municipio": 17, "seccion": 5389, "tipo": 2, "control": 33565.0, "SECCION_TX": "5389", "SECCION__1": null, "SECCION__2": null, "SECCION_N": "5389", "ESTATUS": null, "ALCALDIA_N": "VENUSTIANO CARRANZA", "EN_OPERATI": null, "EN_OP": "NO", "SEC_N": "5389", "EST": null, "ALC_N": "VENUSTIANO CARRANZA", "OP": "NO", "NOMBRE": "MORELOS" }, "geometry": { "type": "MultiPolygon", "coordinates": [ [ [ [ -99.113157267064423, 19.4057303496262 ], [ -99.113178631707328, 19.405873415457869 ], [ -99.113185015481619, 19.405916163605099 ], [ -99.113199996388275, 19.406016481284581 ], [ -99.113248381461204, 19.406131177305927 ], [ -99.113292804861359, 19.406219344191801 ], [ -99.113242529525323, 19.406832728664195 ], [ -99.11314286292064, 19.406839142567364 ], [ -99.112676404048329, 19.40686916013426 ], [ -99.112647110546845, 19.407278080368517 ], [ -99.112045022287816, 19.407302767364101 ], [ -99.111693307122337, 19.407320833931628 ], [ -99.111259703833113, 19.407334259193217 ], [ -99.111180323723474, 19.406728835417308 ], [ -99.111167124580675, 19.406628166487685 ], [ -99.111159423522906, 19.406569431004797 ], [ -99.111155851540957, 19.406546039021098 ], [ -99.111138883455155, 19.406434919331637 ], [ -99.111129680176532, 19.406374647686196 ], [ -99.111124389406442, 19.406339998771937 ], [ -99.111116218094978, 19.406286488000749 ], [ -99.111109154435326, 19.406240231145116 ], [ -99.111095765506036, 19.406152550116634 ], [ -99.112248761131681, 19.405916416981363 ], [ -99.113157267064423, 19.4057303496262 ] ] ] ] } },
{ "type": "Feature", "properties": { "id": 2929.0, "entidad": 9, "distrito_f": 11, "distrito_l": 11, "municipio": 17, "seccion": 5428, "tipo": 2, "control": 33874.0, "SECCION_TX": "5428", "SECCION__1": null, "SECCION__2": null, "SECCION_N": "5428", "ESTATUS": "COMPLETA", "ALCALDIA_N": "VENUSTIANO CARRANZA", "EN_OPERATI": null, "EN_OP": "SI", "SEC_N": "5428", "EST": "COMPLETA", "ALC_N": "VENUSTIANO CARRANZA", "OP": "SI", "NOMBRE": "EL ARENAL 3A SECCION" }, "geometry": { "type": "MultiPolygon", "coordinates": [ [ [ [ -99.061625842253349, 19.433346782990775 ], [ -99.061482787728153, 19.433290245341702 ], [ -99.061479704358192, 19.433003435237932 ], [ -99.061416689111027, 19.432813300605503 ], [ -99.061314163834354, 19.432657944659987 ], [ -99.061135342349445, 19.432539124266647 ], [ -99.059568258332064, 19.43211141814227 ], [ -99.05884760949499, 19.431912182328361 ], [ -99.058434439031046, 19.43179795270726 ], [ -99.057569854441439, 19.431571934046389 ], [ -99.057682447302739, 19.431341461862139 ], [ -99.057707090268778, 19.431348039953498 ], [ -99.058083818429381, 19.431448601725901 ], [ -99.058881353251806, 19.431661488353257 ], [ -99.059258505876628, 19.43176216059814 ], [ -99.059644844263786, 19.431865283828675 ], [ -99.059687310027684, 19.431703898772827 ], [ -99.059754064957971, 19.431513689442955 ], [ -99.059832980163307, 19.431352292346531 ], [ -99.059936197062953, 19.431196650445909 ], [ -99.060002111809666, 19.431127555327745 ], [ -99.060227681313236, 19.430891101521233 ], [ -99.06035781006409, 19.430816971163395 ], [ -99.060409890643072, 19.43078730240995 ], [ -99.060941291284095, 19.430372170509685 ], [ -99.060694048404613, 19.430079329703602 ], [ -99.06043278065745, 19.429769875964446 ], [ -99.060182528613325, 19.429473468105972 ], [ -99.0599322774776, 19.429177059890382 ], [ -99.059691148086429, 19.428886350395587 ], [ -99.059441104288524, 19.428584892104283 ], [ -99.05895641707005, 19.428000538368892 ], [ -99.058707123827887, 19.427702263318317 ], [ -99.058455252106228, 19.427400901695204 ], [ -99.058203381314044, 19.427099539710383 ], [ -99.057982406209803, 19.426816375485082 ], [ -99.057926853104931, 19.426745187846912 ], [ -99.057964631560068, 19.426385820800821 ], [ -99.058215835007985, 19.426693818097913 ], [ -99.058924899764278, 19.427529584947909 ], [ -99.05927644150691, 19.427943939109895 ], [ -99.059537123392701, 19.42825119703728 ], [ -99.060361396290318, 19.429222732646902 ], [ -99.060880989799557, 19.429845201924607 ], [ -99.06162679007808, 19.430738654294412 ], [ -99.062388963217657, 19.430774578198342 ], [ -99.062961180168912, 19.430801546684503 ], [ -99.063043902777707, 19.430805445236839 ], [ -99.061796922387529, 19.433056716618815 ], [ -99.061625842253349, 19.433346782990775 ] ] ] ] } },
{ "type": "Feature", "properties": { "id": 2930.0, "entidad": 9, "distrito_f": 11, "distrito_l": 11, "municipio": 17, "seccion": 5429, "tipo": 2, "control": 33931.0, "SECCION_TX": "5429", "SECCION__1": null, "SECCION__2": null, "SECCION_N": "5429", "ESTATUS": null, "ALCALDIA_N": "VENUSTIANO CARRANZA", "EN_OPERATI": null, "EN_OP": "NO", "SEC_N": "5429", "EST": null, "ALC_N": "VENUSTIANO CARRANZA", "OP": "NO", "NOMBRE": "EL ARENAL 3A SECCION" }, "geometry": { "type": "MultiPolygon", "coordinates": [ [ [ [ -99.054208089314713, 19.430433972213851 ], [ -99.05379595505562, 19.430329390935722 ], [ -99.053417451651313, 19.430233342723565 ], [ -99.053034036778868, 19.430136047266551 ], [ -99.0528664671737, 19.430093524469097 ], [ -99.052727559173732, 19.430113739255777 ], [ -99.052658105160745, 19.430123846609312 ], [ -99.052588651139104, 19.430133953936206 ], [ -99.052437225829195, 19.430041887706054 ], [ -99.052441310759548, 19.430012924372207 ], [ -99.052594221856609, 19.429673488557444 ], [ -99.054128977139783, 19.426266510018031 ], [ -99.05427301626311, 19.425946750997436 ], [ -99.0544667288043, 19.425991286999633 ], [ -99.054514991196584, 19.425998657257566 ], [ -99.05479439166561, 19.42604132486343 ], [ -99.054737592448419, 19.426390249998388 ], [ -99.054072579457866, 19.427806849470635 ], [ -99.054485433948258, 19.427846566929478 ], [ -99.054598729735034, 19.427857466051677 ], [ -99.054898288636807, 19.427886283448888 ], [ -99.055112919489389, 19.42790693050538 ], [ -99.055327550395532, 19.427927577307969 ], [ -99.054744746619107, 19.429232444627164 ], [ -99.054208089314713, 19.430433972213851 ] ] ] ] } },
{ "type": "Feature", "properties": { "id": 2937.0, "entidad": 9, "distrito_f": 11, "distrito_l": 11, "municipio": 17, "seccion": 5436, "tipo": 2, "control": 33932.0, "SECCION_TX": "5436", "SECCION__1": null, "SECCION__2": null, "SECCION_N": "5436", "ESTATUS": null, "ALCALDIA_N": "VENUSTIANO CARRANZA", "EN_OPERATI": null, "EN_OP": "NO", "SEC_N": "5436", "EST": null, "ALC_N": "VENUSTIANO CARRANZA", "OP": "NO", "NOMBRE": "EL ARENAL 3A SECCION" }, "geometry": { "type": "MultiPolygon", "coordinates": [ [ [ [ -99.056606989995444, 19.428033376351589 ], [ -99.056087229034617, 19.427992157418952 ], [ -99.055743940109551, 19.427962974904432 ], [ -99.055618565020112, 19.427952316777802 ], [ -99.055327550395532, 19.427927577307969 ], [ -99.055112919489389, 19.42790693050538 ], [ -99.054898288636807, 19.427886283448888 ], [ -99.054598729735034, 19.427857466051677 ], [ -99.054485433948258, 19.427846566929478 ], [ -99.054072579457866, 19.427806849470635 ], [ -99.054737592448419, 19.426390249998388 ], [ -99.05479439166561, 19.42604132486343 ], [ -99.055291146250156, 19.426101651759744 ], [ -99.055787901197746, 19.426161977295777 ], [ -99.056301206044168, 19.426224311163523 ], [ -99.056795012513675, 19.426284275804328 ], [ -99.056606989995444, 19.428033376351589 ] ] ] ] } },
{ "type": "Feature", "properties": { "id": 2939.0, "entidad": 9, "distrito_f": 11, "distrito_l": 11, "municipio": 17, "seccion": 5438, "tipo": 2, "control": 33947.0, "SECCION_TX": "5438", "SECCION__1": null, "SECCION__2": null, "SECCION_N": "5438", "ESTATUS": null, "ALCALDIA_N": "VENUSTIANO CARRANZA", "EN_OPERATI": null, "EN_OP": "NO", "SEC_N": "5438", "EST": null, "ALC_N": "VENUSTIANO CARRANZA", "OP": "NO", "NOMBRE": "EL ARENAL 3A SECCION" }, "geometry": { "type": "MultiPolygon", "coordinates": [ [ [ [ -99.057035452772269, 19.424145467383944 ], [ -99.056571191769436, 19.423648234243203 ], [ -99.056527001747313, 19.424069880229059 ], [ -99.056016363335956, 19.42401345334498 ], [ -99.055514816527605, 19.423955542813562 ], [ -99.055419417421973, 19.423944527502886 ], [ -99.055337766162566, 19.423935099553905 ], [ -99.055269987451325, 19.423781603908704 ], [ -99.056044446880605, 19.42214615691206 ], [ -99.056187217866153, 19.422158379593704 ], [ -99.05625296417719, 19.422171128186775 ], [ -99.056732143842126, 19.422264043137396 ], [ -99.057203518145897, 19.422349386816428 ], [ -99.057754422744935, 19.422449128019903 ], [ -99.058349009454432, 19.422556775849596 ], [ -99.058722572569394, 19.422624407066564 ], [ -99.0588284552001, 19.422733523145904 ], [ -99.058777289682197, 19.422774500362507 ], [ -99.058331929514608, 19.423166812589098 ], [ -99.058266198941297, 19.423221446814992 ], [ -99.05818239883601, 19.423281719857236 ], [ -99.058060515911649, 19.423392611826692 ], [ -99.057840734697578, 19.423580438418895 ], [ -99.057651896406057, 19.423743159463072 ], [ -99.057587338550604, 19.423803933008294 ], [ -99.057526353952781, 19.42385716442902 ], [ -99.05735756181106, 19.424002086504128 ], [ -99.057320586164138, 19.424035287044561 ], [ -99.057066629191439, 19.423762076770913 ], [ -99.057035452772269, 19.424145467383944 ] ] ] ] } },
{ "type": "Feature", "properties": { "id": 3010.0, "entidad": 9, "distrito_f": 11, "distrito_l": 11, "municipio": 17, "seccion": 5499, "tipo": 2, "control": 33936.0, "SECCION_TX": "5499", "SECCION__1": null, "SECCION__2": null, "SECCION_N": "5499", "ESTATUS": null, "ALCALDIA_N": "VENUSTIANO CARRANZA", "EN_OPERATI": null, "EN_OP": "NO", "SEC_N": "5499", "EST": null, "ALC_N": "VENUSTIANO CARRANZA", "OP": "NO", "NOMBRE": "EL ARENAL 3A SECCION" }, "geometry": { "type": "MultiPolygon", "coordinates": [ [ [ [ -99.056301206044168, 19.426224311163523 ], [ -99.055787901197746, 19.426161977295777 ], [ -99.055291146250156, 19.426101651759744 ], [ -99.05479439166561, 19.42604132486343 ], [ -99.054514991196584, 19.425998657257566 ], [ -99.0544667288043, 19.425991286999633 ], [ -99.05427301626311, 19.425946750997436 ], [ -99.055269987451325, 19.423781603908704 ], [ -99.055337766162566, 19.423935099553905 ], [ -99.055419417421973, 19.423944527502886 ], [ -99.055514816527605, 19.423955542813562 ], [ -99.056016363335956, 19.42401345334498 ], [ -99.056527001747313, 19.424069880229059 ], [ -99.056421315589262, 19.425078292357057 ], [ -99.056301206044168, 19.426224311163523 ] ] ] ] } },
{ "type": "Feature", "properties": { "id": 2954.0, "entidad": 9, "distrito_f": 11, "distrito_l": 11, "municipio": 17, "seccion": 5453, "tipo": 2, "control": 33987.0, "SECCION_TX": "5453", "SECCION__1": null, "SECCION__2": null, "SECCION_N": "5453", "ESTATUS": "COMPLETA", "ALCALDIA_N": "VENUSTIANO CARRANZA", "EN_OPERATI": null, "EN_OP": "SI", "SEC_N": "5453", "EST": "COMPLETA", "ALC_N": "VENUSTIANO CARRANZA", "OP": "SI", "NOMBRE": "AGRICOLA PANTITLAN(PANTITLAN)" }, "geometry": { "type": "MultiPolygon", "coordinates": [ [ [ [ -99.065475365074519, 19.423825665008145 ], [ -99.064945740633277, 19.4237402463427 ], [ -99.064477130933113, 19.423650320946297 ], [ -99.064391351285138, 19.423635506166271 ], [ -99.063927243234403, 19.423544796771374 ], [ -99.063423211387175, 19.423448070810718 ], [ -99.063479664497081, 19.422989121840484 ], [ -99.0635204304062, 19.422551381013584 ], [ -99.063551139323451, 19.422328639997254 ], [ -99.063578291787024, 19.422084894973253 ], [ -99.06359506312964, 19.421903453096352 ], [ -99.063625094017254, 19.421578560955471 ], [ -99.063637611048861, 19.421443143825854 ], [ -99.063683851210257, 19.420997495269148 ], [ -99.063686330509128, 19.420964096696895 ], [ -99.063691883357649, 19.420889294365931 ], [ -99.064152348699594, 19.420885271038401 ], [ -99.064840640136865, 19.420873815172527 ], [ -99.064871097627318, 19.42087330818023 ], [ -99.065757416879222, 19.420858552362805 ], [ -99.065748480208441, 19.420950659782594 ], [ -99.065744752089074, 19.420991785006752 ], [ -99.065687066960152, 19.421598625508 ], [ -99.065677362890355, 19.42170071069463 ], [ -99.065646453788261, 19.422025868417986 ], [ -99.065641970861421, 19.42207302782694 ], [ -99.06562076378961, 19.422296121211332 ], [ -99.065578219824886, 19.422743671839264 ], [ -99.065535160570022, 19.423196640690918 ], [ -99.065475365074519, 19.423825665008145 ] ] ] ] } },
{ "type": "Feature", "properties": { "id": 2960.0, "entidad": 9, "distrito_f": 11, "distrito_l": 11, "municipio": 17, "seccion": 5459, "tipo": 2, "control": 34111.0, "SECCION_TX": "5459", "SECCION__1": null, "SECCION__2": null, "SECCION_N": "5459", "ESTATUS": null, "ALCALDIA_N": "VENUSTIANO CARRANZA", "EN_OPERATI": null, "EN_OP": "NO", "SEC_N": "5459", "EST": null, "ALC_N": "VENUSTIANO CARRANZA", "OP": "NO", "NOMBRE": "AGRICOLA PANTITLAN(PANTITLAN)" }, "geometry": { "type": "MultiPolygon", "coordinates": [ [ [ [ -99.075572978119155, 19.4159837331012 ], [ -99.074879027989297, 19.41559163364786 ], [ -99.073516925634479, 19.414821997966367 ], [ -99.07327433019708, 19.414644115189173 ], [ -99.073288923612253, 19.41462114875727 ], [ -99.073343980563962, 19.41453450264164 ], [ -99.073413630837649, 19.414424890066474 ], [ -99.073446523084669, 19.414373125616248 ], [ -99.073495576267703, 19.414295743226354 ], [ -99.073968844442874, 19.413551112777057 ], [ -99.074577599507151, 19.412593060929421 ], [ -99.074973059463787, 19.411967422858872 ], [ -99.07505430980909, 19.411838879915106 ], [ -99.075403101537376, 19.411288919929753 ], [ -99.07559860319526, 19.410989346754789 ], [ -99.075684276669008, 19.411036186027054 ], [ -99.075793821491459, 19.411096076108709 ], [ -99.07545736019371, 19.411650316778619 ], [ -99.075394494186497, 19.411812639271659 ], [ -99.075382076302589, 19.411858673479323 ], [ -99.075369658411773, 19.411904707685935 ], [ -99.075305847399946, 19.412141260260796 ], [ -99.075300109655231, 19.412162530509185 ], [ -99.075280875288499, 19.412233833702182 ], [ -99.075246863028696, 19.412520011985432 ], [ -99.075489891676597, 19.412655306165266 ], [ -99.076036449666091, 19.412959573277757 ], [ -99.076568723539197, 19.41325588578524 ], [ -99.077098604868553, 19.413550863753851 ], [ -99.076286088665682, 19.414846568624235 ], [ -99.075694779437768, 19.415789503483442 ], [ -99.075667300802863, 19.415833322143353 ], [ -99.075643796051452, 19.415874701633285 ], [ -99.075620291288175, 19.415916081120017 ], [ -99.075572978119155, 19.4159837331012 ] ] ] ] } },
{ "type": "Feature", "properties": { "id": 2978.0, "entidad": 9, "distrito_f": 11, "distrito_l": 11, "municipio": 17, "seccion": 5475, "tipo": 2, "control": 34113.0, "SECCION_TX": "5475", "SECCION__1": null, "SECCION__2": null, "SECCION_N": "5475", "ESTATUS": null, "ALCALDIA_N": "VENUSTIANO CARRANZA", "EN_OPERATI": null, "EN_OP": "NO", "SEC_N": "5475", "EST": null, "ALC_N": "VENUSTIANO CARRANZA", "OP": "NO", "NOMBRE": "AGRICOLA PANTITLAN(PANTITLAN)" }, "geometry": { "type": "MultiPolygon", "coordinates": [ [ [ [ -99.077901313445253, 19.412292559131689 ], [ -99.077386133865446, 19.412000080951049 ], [ -99.076842023936905, 19.411691175672029 ], [ -99.076306178537536, 19.411386959632239 ], [ -99.076267994455861, 19.411365281241661 ], [ -99.075793821491459, 19.411096076108709 ], [ -99.075684276669008, 19.411036186027054 ], [ -99.07559860319526, 19.410989346754789 ], [ -99.076670473014488, 19.409330852060339 ], [ -99.076713867548833, 19.409256475231533 ], [ -99.076769297615542, 19.409145976288723 ], [ -99.076788278508559, 19.409110537271594 ], [ -99.076807330277134, 19.409074826695814 ], [ -99.076840473593677, 19.409012823786906 ], [ -99.076866610241552, 19.408968852503996 ], [ -99.077196513159492, 19.409189314661624 ], [ -99.077728853195723, 19.409494269562462 ], [ -99.07849527439771, 19.40993362761861 ], [ -99.078531753670802, 19.40995462062871 ], [ -99.078665107834624, 19.410030603333215 ], [ -99.079077870435057, 19.410267051857705 ], [ -99.080161922532426, 19.410874570874729 ], [ -99.080228608707685, 19.410911942444773 ], [ -99.08016191769147, 19.411022273815043 ], [ -99.079604985155925, 19.41194363744383 ], [ -99.079062938280288, 19.411639576046234 ], [ -99.0785208934157, 19.411335513014393 ], [ -99.077901313445253, 19.412292559131689 ] ] ] ] } },
{ "type": "Feature", "properties": { "id": 2979.0, "entidad": 9, "distrito_f": 11, "distrito_l": 11, "municipio": 17, "seccion": 5476, "tipo": 2, "control": 37482.0, "SECCION_TX": "5476", "SECCION__1": null, "SECCION__2": null, "SECCION_N": "5476", "ESTATUS": null, "ALCALDIA_N": "VENUSTIANO CARRANZA", "EN_OPERATI": null, "EN_OP": "NO", "SEC_N": "5476", "EST": null, "ALC_N": "VENUSTIANO CARRANZA", "OP": "NO", "NOMBRE": "AGRICOLA PANTITLAN(PANTITLAN)" }, "geometry": { "type": "MultiPolygon", "coordinates": [ [ [ [ -99.086640170193476, 19.414768372539008 ], [ -99.086120132485874, 19.414469167977401 ], [ -99.085600096677013, 19.414169961910044 ], [ -99.085113847834364, 19.413890193048346 ], [ -99.084627600651757, 19.413610422870402 ], [ -99.08354855898699, 19.412989570690169 ], [ -99.083638692523593, 19.412907392863072 ], [ -99.083662636842902, 19.412885561987007 ], [ -99.081605051371255, 19.411703031130529 ], [ -99.08105315944492, 19.411385842144092 ], [ -99.081014314429154, 19.411363516628214 ], [ -99.080228608707685, 19.410911942444773 ], [ -99.080161922532426, 19.410874570874729 ], [ -99.079077870435057, 19.410267051857705 ], [ -99.078665107834638, 19.410030603333215 ], [ -99.078531753670802, 19.40995462062871 ], [ -99.07849527439771, 19.40993362761861 ], [ -99.077728853195723, 19.409494269562462 ], [ -99.077196513159492, 19.409189314661624 ], [ -99.076866610241552, 19.408968852503996 ], [ -99.076895515254336, 19.408916059274038 ], [ -99.076984947720987, 19.408742686668063 ], [ -99.077077043223412, 19.408570259252041 ], [ -99.0770950765679, 19.408536523116684 ], [ -99.077320404838972, 19.408628648868557 ], [ -99.077451920840588, 19.408682419176309 ], [ -99.078776053467919, 19.409457873675052 ], [ -99.078816440667964, 19.409480100745355 ], [ -99.080015991662066, 19.410177757093969 ], [ -99.080479632450192, 19.410443599718889 ], [ -99.082694320120027, 19.411712707954006 ], [ -99.084370139288836, 19.412672990899871 ], [ -99.084384966198513, 19.41257151765123 ], [ -99.084543575575964, 19.412590611613634 ], [ -99.085010515943779, 19.411792222374885 ], [ -99.085022499183665, 19.411771732937904 ], [ -99.085055285098036, 19.411790532543694 ], [ -99.085472198677905, 19.412029591958301 ], [ -99.085944740319491, 19.412300546646463 ], [ -99.086479242178626, 19.412607026655149 ], [ -99.086935341595989, 19.411809811377946 ], [ -99.08743277421253, 19.412103148899703 ], [ -99.087450866408247, 19.412113817876659 ], [ -99.087470453483135, 19.412125368380874 ], [ -99.087966393132916, 19.412417822894998 ], [ -99.087517663467565, 19.413237812176245 ], [ -99.087068929315876, 19.414057800292714 ], [ -99.086981714680306, 19.414202339608188 ], [ -99.086840913237452, 19.414434689119467 ], [ -99.086716917046573, 19.414641182343587 ], [ -99.086640170193476, 19.414768372539008 ] ] ] ] } },
{ "type": "Feature", "properties": { "id": 2963.0, "entidad": 9, "distrito_f": 11, "distrito_l": 11, "municipio": 17, "seccion": 5462, "tipo": 2, "control": 34115.0, "SECCION_TX": "5462", "SECCION__1": null, "SECCION__2": null, "SECCION_N": "5462", "ESTATUS": null, "ALCALDIA_N": "VENUSTIANO CARRANZA", "EN_OPERATI": null, "EN_OP": "NO", "SEC_N": "5462", "EST": null, "ALC_N": "VENUSTIANO CARRANZA", "OP": "NO", "NOMBRE": "BAHIA" }, "geometry": { "type": "MultiPolygon", "coordinates": [ [ [ [ -99.082615289031892, 19.421074431803827 ], [ -99.081422250657027, 19.420307717360696 ], [ -99.080804718051454, 19.41951190304707 ], [ -99.080520466992596, 19.419013091464773 ], [ -99.080182375022289, 19.418676910926912 ], [ -99.080143923871034, 19.418649431205218 ], [ -99.079175076632723, 19.417957023471811 ], [ -99.078299401260765, 19.417331193481431 ], [ -99.078897233895091, 19.416384319246827 ], [ -99.079041856050139, 19.416128277205772 ], [ -99.079289076080286, 19.415671516363243 ], [ -99.079449677199733, 19.41542316364178 ], [ -99.079580596130569, 19.415103304462914 ], [ -99.079623300907372, 19.415010305724817 ], [ -99.079646417697901, 19.414934296737606 ], [ -99.07983141535999, 19.414450929418948 ], [ -99.079976886095778, 19.414070839155265 ], [ -99.080096338633354, 19.413758711478142 ], [ -99.080135540892428, 19.413656292867355 ], [ -99.080294927368811, 19.413239830199593 ], [ -99.080389043202686, 19.413005121581726 ], [ -99.080464845227482, 19.412816083910609 ], [ -99.080560566237409, 19.412577370924311 ], [ -99.080575458574828, 19.412531873687492 ], [ -99.080590530287864, 19.412478038009894 ], [ -99.080686789695974, 19.412228485223597 ], [ -99.080715584709523, 19.412153851671345 ], [ -99.080777179489203, 19.411994171832465 ], [ -99.080966724817912, 19.411588362408132 ], [ -99.08098395417197, 19.411518212224614 ], [ -99.081014314429154, 19.411363516628214 ], [ -99.08105315944492, 19.411385842144092 ], [ -99.081605051371255, 19.411703031130529 ], [ -99.083662636842902, 19.412885561987007 ], [ -99.083638692523593, 19.412907392863072 ], [ -99.08354855898699, 19.412989570690169 ], [ -99.084627600651757, 19.413610422870402 ], [ -99.084579766146135, 19.413669702804601 ], [ -99.084567270674583, 19.413689368342165 ], [ -99.084325525306909, 19.414064794807558 ], [ -99.084281124112493, 19.414277881994302 ], [ -99.084208029358678, 19.414628672124934 ], [ -99.084201475810218, 19.414660123282868 ], [ -99.08399702714523, 19.415709950935675 ], [ -99.083964012713054, 19.415704191152642 ], [ -99.082997283182593, 19.415539195204811 ], [ -99.082588766085877, 19.417560578835623 ], [ -99.082372381707188, 19.418641213507453 ], [ -99.082253741461059, 19.419222379990963 ], [ -99.083236562354571, 19.41941802622777 ], [ -99.083267069865414, 19.419425416782051 ], [ -99.083147777576286, 19.420037920161882 ], [ -99.083227062272414, 19.420066973778013 ], [ -99.082615289031892, 19.421074431803827 ] ] ] ] } },
{ "type": "Feature", "properties": { "id": 2964.0, "entidad": 9, "distrito_f": 11, "distrito_l": 11, "municipio": 17, "seccion": 5463, "tipo": 2, "control": 34122.0, "SECCION_TX": "5463", "SECCION__1": null, "SECCION__2": null, "SECCION_N": "5463", "ESTATUS": null, "ALCALDIA_N": "VENUSTIANO CARRANZA", "EN_OPERATI": null, "EN_OP": "NO", "SEC_N": "5463", "EST": null, "ALC_N": "VENUSTIANO CARRANZA", "OP": "NO", "NOMBRE": "BAHIA" }, "geometry": { "type": "MultiPolygon", "coordinates": [ [ [ [ -99.083267069865414, 19.419425416782051 ], [ -99.083236562354571, 19.41941802622777 ], [ -99.082253741461059, 19.419222379990963 ], [ -99.082372381707188, 19.418641213507453 ], [ -99.082588766085877, 19.417560578835623 ], [ -99.082997283182593, 19.415539195204811 ], [ -99.083964012713054, 19.415704191152642 ], [ -99.08399702714523, 19.415709950935675 ], [ -99.083974522519597, 19.415824501526409 ], [ -99.083701671247212, 19.417213326348332 ], [ -99.08366580123203, 19.417395904501255 ], [ -99.083398311687162, 19.418757411555756 ], [ -99.083366372173046, 19.418919980385205 ], [ -99.083267069865414, 19.419425416782051 ] ] ] ] } },
{ "type": "Feature", "properties": { "id": 2942.0, "entidad": 9, "distrito_f": 11, "distrito_l": 11, "municipio": 17, "seccion": 5441, "tipo": 2, "control": 33952.0, "SECCION_TX": "5441", "SECCION__1": null, "SECCION__2": null, "SECCION_N": "5441", "ESTATUS": null, "ALCALDIA_N": "VENUSTIANO CARRANZA", "EN_OPERATI": null, "EN_OP": "NO", "SEC_N": "5441", "EST": null, "ALC_N": "VENUSTIANO CARRANZA", "OP": "NO", "NOMBRE": "FIVIPORT" }, "geometry": { "type": "MultiPolygon", "coordinates": [ [ [ [ -99.062997900182268, 19.427131986989938 ], [ -99.062908458989696, 19.427039902529579 ], [ -99.062832602907434, 19.426961804545442 ], [ -99.062516493163159, 19.426636351125723 ], [ -99.061649531959517, 19.425735318404048 ], [ -99.061582992653257, 19.425675247033933 ], [ -99.061683794293202, 19.424729891879633 ], [ -99.062191669159645, 19.424791096380652 ], [ -99.062699544402122, 19.424852299459783 ], [ -99.063244718173863, 19.424917995681071 ], [ -99.063423211387175, 19.423448070810718 ], [ -99.063927243234403, 19.423544796771374 ], [ -99.064391351285138, 19.423635506166271 ], [ -99.064477130933113, 19.423650320946297 ], [ -99.064945740633277, 19.4237402463427 ], [ -99.064766241621143, 19.425111559370908 ], [ -99.064653371003303, 19.426110540103011 ], [ -99.064180949511183, 19.426052153092321 ], [ -99.063663467634512, 19.425988195567495 ], [ -99.063145986158247, 19.425924236566328 ], [ -99.063015484396288, 19.426988575683875 ], [ -99.062997900182268, 19.427131986989938 ] ] ] ] } },
{ "type": "Feature", "properties": { "id": 2941.0, "entidad": 9, "distrito_f": 11, "distrito_l": 11, "municipio": 17, "seccion": 5440, "tipo": 2, "control": 33953.0, "SECCION_TX": "5440", "SECCION__1": null, "SECCION__2": null, "SECCION_N": "5440", "ESTATUS": "COMPLETA", "ALCALDIA_N": "VENUSTIANO CARRANZA", "EN_OPERATI": null, "EN_OP": "SI", "SEC_N": "5440", "EST": "COMPLETA", "ALC_N": "VENUSTIANO CARRANZA", "OP": "SI", "NOMBRE": "FIVIPORT" }, "geometry": { "type": "MultiPolygon", "coordinates": [ [ [ [ -99.061582992653257, 19.425675247033933 ], [ -99.060675120441815, 19.424705617569639 ], [ -99.06056025452844, 19.424582936844939 ], [ -99.060029296285904, 19.424015851913744 ], [ -99.059382537788352, 19.423325080139382 ], [ -99.0588284552001, 19.422733523145904 ], [ -99.058722572569394, 19.422624407066564 ], [ -99.05954521325414, 19.422771526493417 ], [ -99.060140485395834, 19.422877981289826 ], [ -99.060644883646773, 19.422968183122933 ], [ -99.060726394165442, 19.422982759555541 ], [ -99.061000142158093, 19.423031713308021 ], [ -99.061376321095693, 19.423098983839747 ], [ -99.061874274744341, 19.423188029557007 ], [ -99.062372228931466, 19.423277073906611 ], [ -99.062846583228833, 19.423361896753786 ], [ -99.063423211387175, 19.423448070810718 ], [ -99.063244718173863, 19.424917995681071 ], [ -99.062699544402122, 19.424852299459783 ], [ -99.062191669159645, 19.424791096380652 ], [ -99.061683794293202, 19.424729891879633 ], [ -99.061582992653257, 19.425675247033933 ] ] ] ] } },
{ "type": "Feature", "properties": { "id": 3021.0, "entidad": 9, "distrito_f": 11, "distrito_l": 11, "municipio": 17, "seccion": 5521, "tipo": 2, "control": 34135.0, "SECCION_TX": "5521", "SECCION__1": null, "SECCION__2": null, "SECCION_N": "5521", "ESTATUS": null, "ALCALDIA_N": "VENUSTIANO CARRANZA", "EN_OPERATI": null, "EN_OP": "NO", "SEC_N": "5521", "EST": null, "ALC_N": "VENUSTIANO CARRANZA", "OP": "NO", "NOMBRE": "FIVIPORT" }, "geometry": { "type": "MultiPolygon", "coordinates": [ [ [ [ -99.063787633325859, 19.42935912619814 ], [ -99.063758386137437, 19.4293277641403 ], [ -99.06372039655119, 19.429295315545545 ], [ -99.063661064896095, 19.429231546639535 ], [ -99.063359235680096, 19.428888976179259 ], [ -99.063229814085688, 19.428751583551051 ], [ -99.062947926080227, 19.428795917396961 ], [ -99.062719667972331, 19.428537022176517 ], [ -99.062389515605545, 19.428176697917696 ], [ -99.061987089338444, 19.42777019806454 ], [ -99.062278866629967, 19.427505517300336 ], [ -99.062840360830819, 19.427559266000308 ], [ -99.062852564613436, 19.427466191790934 ], [ -99.06288891049509, 19.427188993155255 ], [ -99.062900262853972, 19.427102422994125 ], [ -99.062908458989696, 19.427039902529579 ], [ -99.062997900182268, 19.427131986989938 ], [ -99.063488188492073, 19.427658495494669 ], [ -99.063955617714299, 19.428160451760487 ], [ -99.064106019848566, 19.428321962552445 ], [ -99.064158535099097, 19.428378356458694 ], [ -99.064317855580597, 19.428361505056422 ], [ -99.06470786837383, 19.428439273752382 ], [ -99.064650306742578, 19.428525159538228 ], [ -99.064058076294728, 19.428989041953361 ], [ -99.063787633325859, 19.42935912619814 ] ] ] ] } },
{ "type": "Feature", "properties": { "id": 3023.0, "entidad": 9, "distrito_f": 11, "distrito_l": 11, "municipio": 17, "seccion": 5523, "tipo": 2, "control": 34149.0, "SECCION_TX": "5523", "SECCION__1": null, "SECCION__2": null, "SECCION_N": "5523", "ESTATUS": null, "ALCALDIA_N": "VENUSTIANO CARRANZA", "EN_OPERATI": null, "EN_OP": "NO", "SEC_N": "5523", "EST": null, "ALC_N": "VENUSTIANO CARRANZA", "OP": "NO", "NOMBRE": "FIVIPORT" }, "geometry": { "type": "MultiPolygon", "coordinates": [ [ [ [ -99.061987089338444, 19.42777019806454 ], [ -99.06123199378527, 19.427011709998773 ], [ -99.060654616611629, 19.4263945140552 ], [ -99.060815133237838, 19.4262784141421 ], [ -99.060652103552954, 19.426112261288537 ], [ -99.060729405563023, 19.425822338851056 ], [ -99.061299815185535, 19.425883991800333 ], [ -99.061554940710991, 19.425695925615948 ], [ -99.061582992653257, 19.425675247033933 ], [ -99.061649531959517, 19.425735318404048 ], [ -99.062516493163159, 19.426636351125723 ], [ -99.062832602907434, 19.426961804545442 ], [ -99.062908458989696, 19.427039902529579 ], [ -99.062900262853972, 19.427102422994125 ], [ -99.06288891049509, 19.427188993155255 ], [ -99.062852564613436, 19.427466191790934 ], [ -99.062840360830819, 19.427559266000308 ], [ -99.062278866629967, 19.427505517300336 ], [ -99.061987089338444, 19.42777019806454 ] ] ] ] } },
{ "type": "Feature", "properties": { "id": 3025.0, "entidad": 9, "distrito_f": 11, "distrito_l": 11, "municipio": 17, "seccion": 5525, "tipo": 2, "control": 34150.0, "SECCION_TX": "5525", "SECCION__1": null, "SECCION__2": null, "SECCION_N": "5525", "ESTATUS": null, "ALCALDIA_N": "VENUSTIANO CARRANZA", "EN_OPERATI": null, "EN_OP": "NO", "SEC_N": "5525", "EST": null, "ALC_N": "VENUSTIANO CARRANZA", "OP": "NO", "NOMBRE": "FIVIPORT" }, "geometry": { "type": "MultiPolygon", "coordinates": [ [ [ [ -99.060654616611629, 19.4263945140552 ], [ -99.060116601174173, 19.425819388529145 ], [ -99.060059562337358, 19.425758415054769 ], [ -99.059319434356567, 19.424967225967833 ], [ -99.059466058266011, 19.424864165448664 ], [ -99.059707003243929, 19.424583407390518 ], [ -99.060060917659669, 19.424639765565228 ], [ -99.060613649206218, 19.424699027001818 ], [ -99.060675120441815, 19.424705617569639 ], [ -99.061582992653257, 19.425675247033933 ], [ -99.061554940710991, 19.425695925615948 ], [ -99.061299815185535, 19.425883991800333 ], [ -99.060729405563023, 19.425822338851056 ], [ -99.060652103552954, 19.426112261288537 ], [ -99.060815133237838, 19.4262784141421 ], [ -99.060654616611629, 19.4263945140552 ] ] ] ] } },
{ "type": "Feature", "properties": { "id": 3027.0, "entidad": 9, "distrito_f": 11, "distrito_l": 11, "municipio": 17, "seccion": 5527, "tipo": 2, "control": 34151.0, "SECCION_TX": "5527", "SECCION__1": null, "SECCION__2": null, "SECCION_N": "5527", "ESTATUS": null, "ALCALDIA_N": "VENUSTIANO CARRANZA", "EN_OPERATI": null, "EN_OP": "NO", "SEC_N": "5527", "EST": null, "ALC_N": "VENUSTIANO CARRANZA", "OP": "NO", "NOMBRE": "FIVIPORT" }, "geometry": { "type": "MultiPolygon", "coordinates": [ [ [ [ -99.059319434356567, 19.424967225967833 ], [ -99.058710413708013, 19.424307832121002 ], [ -99.058239181298376, 19.424179609153729 ], [ -99.058313940016447, 19.424109899204097 ], [ -99.057840734697578, 19.423580438418895 ], [ -99.058060515911649, 19.423392611826692 ], [ -99.05818239883601, 19.423281719857236 ], [ -99.058266198941297, 19.423221446814992 ], [ -99.058331929514608, 19.423166812589098 ], [ -99.058777289682197, 19.422774500362507 ], [ -99.058828455075357, 19.422733522896607 ], [ -99.059382537788352, 19.423325080139382 ], [ -99.060029296285904, 19.424015851913744 ], [ -99.06056025452844, 19.424582936844939 ], [ -99.060675120441815, 19.424705617569639 ], [ -99.060613649206218, 19.424699027001818 ], [ -99.060060917659669, 19.424639765565228 ], [ -99.059707003243929, 19.424583407390518 ], [ -99.059466058266011, 19.424864165448664 ], [ -99.059319434356567, 19.424967225967833 ] ] ] ] } },
{ "type": "Feature", "properties": { "id": 2646.0, "entidad": 9, "distrito_f": 11, "distrito_l": 10, "municipio": 17, "seccion": 5189, "tipo": 2, "control": 32717.0, "SECCION_TX": "5189", "SECCION__1": null, "SECCION__2": null, "SECCION_N": "5189", "ESTATUS": "PENDIENTE", "ALCALDIA_N": "VENUSTIANO CARRANZA", "EN_OPERATI": null, "EN_OP": "SI", "SEC_N": "5189", "EST": "PENDIENTE", "ALC_N": "VENUSTIANO CARRANZA", "OP": "SI", "NOMBRE": "NICOLAS BRAVO" }, "geometry": { "type": "MultiPolygon", "coordinates": [ [ [ [ -99.123132384986334, 19.45851209469231 ], [ -99.123037873976941, 19.45848289495089 ], [ -99.122956310526973, 19.458457728235476 ], [ -99.122924956829337, 19.458448002081973 ], [ -99.122543653503712, 19.458330183546757 ], [ -99.121678552502473, 19.4580628732331 ], [ -99.120813454313847, 19.457795558769082 ], [ -99.121000273101373, 19.457321369880599 ], [ -99.121366333935882, 19.456392215054482 ], [ -99.122239343178123, 19.456652744343831 ], [ -99.123128632052456, 19.456918126717898 ], [ -99.123320633070335, 19.456387390070532 ], [ -99.123675887940919, 19.45648474184523 ], [ -99.123547178225124, 19.457027169727684 ], [ -99.123537010400312, 19.457070020350542 ], [ -99.123311752348059, 19.457872837377632 ], [ -99.123132384986334, 19.45851209469231 ] ] ] ] } },
{ "type": "Feature", "properties": { "id": 2661.0, "entidad": 9, "distrito_f": 11, "distrito_l": 10, "municipio": 17, "seccion": 5191, "tipo": 2, "control": 32752.0, "SECCION_TX": "5191", "SECCION__1": null, "SECCION__2": null, "SECCION_N": "5191", "ESTATUS": "PENDIENTE", "ALCALDIA_N": "VENUSTIANO CARRANZA", "EN_OPERATI": null, "EN_OP": "SI", "SEC_N": "5191", "EST": "PENDIENTE", "ALC_N": "VENUSTIANO CARRANZA", "OP": "SI", "NOMBRE": "NICOLAS BRAVO" }, "geometry": { "type": "MultiPolygon", "coordinates": [ [ [ [ -99.124440849592318, 19.453353515735081 ], [ -99.123237607616758, 19.453096931214763 ], [ -99.122127922549495, 19.452860289367315 ], [ -99.12228285739215, 19.452211600165782 ], [ -99.122452484631637, 19.451501390038523 ], [ -99.123582871305203, 19.451744624662545 ], [ -99.124695266023735, 19.451983980208293 ], [ -99.124779992624198, 19.452002210641858 ], [ -99.124440849592318, 19.453353515735081 ] ] ] ] } },
{ "type": "Feature", "properties": { "id": 2900.0, "entidad": 9, "distrito_f": 11, "distrito_l": 10, "municipio": 17, "seccion": 5400, "tipo": 2, "control": 32720.0, "SECCION_TX": "5400", "SECCION__1": null, "SECCION__2": null, "SECCION_N": "5400", "ESTATUS": null, "ALCALDIA_N": "VENUSTIANO CARRANZA", "EN_OPERATI": null, "EN_OP": "NO", "SEC_N": "5400", "EST": null, "ALC_N": "VENUSTIANO CARRANZA", "OP": "NO", "NOMBRE": "SIMON BOLIVAR" }, "geometry": { "type": "MultiPolygon", "coordinates": [ [ [ [ -99.094248011405739, 19.451945047879843 ], [ -99.093799965459766, 19.451913693305141 ], [ -99.093469948124422, 19.451824846243554 ], [ -99.093176246202489, 19.45171587921898 ], [ -99.09297184875588, 19.451612684759084 ], [ -99.092706562481069, 19.451427244529111 ], [ -99.09245901131915, 19.45123712124445 ], [ -99.09211202126653, 19.45092019124197 ], [ -99.091847134730116, 19.450664507635263 ], [ -99.09190659056307, 19.450611486446928 ], [ -99.091935132459824, 19.450579897415167 ], [ -99.091968459363443, 19.450539804873301 ], [ -99.092003978793485, 19.450498651804534 ], [ -99.092084941344098, 19.450405983180733 ], [ -99.092591489545967, 19.450826004343263 ], [ -99.092724465714369, 19.450426902292097 ], [ -99.092897839068414, 19.449929264357248 ], [ -99.093105732110587, 19.449411878733088 ], [ -99.09417492361645, 19.449778535159592 ], [ -99.09532500162554, 19.450019490557423 ], [ -99.096508776296474, 19.450268687748249 ], [ -99.096708047098033, 19.449755471272674 ], [ -99.09782241385814, 19.450000931802247 ], [ -99.098589456236212, 19.450152064497058 ], [ -99.09867334748192, 19.450168451469931 ], [ -99.098718711658449, 19.450177312705105 ], [ -99.098889269626582, 19.450210628624809 ], [ -99.098957811314534, 19.450228090852637 ], [ -99.09902635301701, 19.450245553054376 ], [ -99.099083940940687, 19.450256798449537 ], [ -99.098487538205973, 19.450508189711812 ], [ -99.097981575753479, 19.450718508020412 ], [ -99.097442913990022, 19.450944836278012 ], [ -99.096743600211568, 19.451192820861802 ], [ -99.096033780843456, 19.451455951149534 ], [ -99.095392738714395, 19.451694924382746 ], [ -99.094808725935152, 19.451881019148274 ], [ -99.094248011405739, 19.451945047879843 ] ] ] ] } },
{ "type": "Feature", "properties": { "id": 2912.0, "entidad": 9, "distrito_f": 11, "distrito_l": 10, "municipio": 17, "seccion": 5412, "tipo": 2, "control": 32721.0, "SECCION_TX": "5412", "SECCION__1": null, "SECCION__2": null, "SECCION_N": "5412", "ESTATUS": null, "ALCALDIA_N": "VENUSTIANO CARRANZA", "EN_OPERATI": null, "EN_OP": "NO", "SEC_N": "5412", "EST": null, "ALC_N": "VENUSTIANO CARRANZA", "OP": "NO", "NOMBRE": "SIMON BOLIVAR" }, "geometry": { "type": "MultiPolygon", "coordinates": [ [ [ [ -99.098589456236212, 19.450152064497058 ], [ -99.09782241385814, 19.450000931802247 ], [ -99.096708047098033, 19.449755471272674 ], [ -99.096875396253253, 19.449256144340918 ], [ -99.097057533831602, 19.448751916522507 ], [ -99.097264352179124, 19.448220883018021 ], [ -99.097454064822884, 19.447735147439904 ], [ -99.097658818679619, 19.44720221393727 ], [ -99.097853756691606, 19.446691532872201 ], [ -99.098961730408035, 19.446927682692323 ], [ -99.099195151070845, 19.446396842184022 ], [ -99.099704598840376, 19.446507014370251 ], [ -99.099540137297652, 19.447044598048219 ], [ -99.099375674679777, 19.447582181550075 ], [ -99.099217957785825, 19.448097711651169 ], [ -99.099060895149449, 19.448611099803582 ], [ -99.098901138873188, 19.449133289160638 ], [ -99.098746436988009, 19.449638954099573 ], [ -99.098589456236212, 19.450152064497058 ] ] ] ] } },
{ "type": "Feature", "properties": { "id": 2769.0, "entidad": 9, "distrito_f": 11, "distrito_l": 10, "municipio": 17, "seccion": 5277, "tipo": 2, "control": 37802.0, "SECCION_TX": "5277", "SECCION__1": null, "SECCION__2": null, "SECCION_N": "5277", "ESTATUS": null, "ALCALDIA_N": "VENUSTIANO CARRANZA", "EN_OPERATI": null, "EN_OP": "NO", "SEC_N": "5277", "EST": null, "ALC_N": "VENUSTIANO CARRANZA", "OP": "NO", "NOMBRE": "AQUILES SERDAN" }, "geometry": { "type": "MultiPolygon", "coordinates": [ [ [ [ -99.093690368491352, 19.444938716091094 ], [ -99.092484936562613, 19.444540408559178 ], [ -99.091408028395051, 19.444177108632974 ], [ -99.090397241940025, 19.443832066355757 ], [ -99.090246805446114, 19.443767771601451 ], [ -99.090111198211247, 19.443716018820687 ], [ -99.090058793925607, 19.443699268448281 ], [ -99.092882954996881, 19.441642234588709 ], [ -99.093510945143763, 19.441240118321538 ], [ -99.093552028305368, 19.441269323915151 ], [ -99.093597232850257, 19.441301459334532 ], [ -99.093617577569475, 19.441315922166307 ], [ -99.09366427475571, 19.441349118651669 ], [ -99.09353684733334, 19.441438639902486 ], [ -99.092449844673027, 19.442202281367976 ], [ -99.093275242242655, 19.442496763083863 ], [ -99.094326768854202, 19.442851891732367 ], [ -99.094011250325892, 19.443698726524381 ], [ -99.093941125321393, 19.443886937001889 ], [ -99.094188097260826, 19.443969951049088 ], [ -99.095031665630486, 19.444253258508535 ], [ -99.095110980601092, 19.444279897903201 ], [ -99.095009049454958, 19.444327120279713 ], [ -99.094551980417108, 19.444538881096591 ], [ -99.093690368491352, 19.444938716091094 ] ] ] ] } },
{ "type": "Feature", "properties": { "id": 2901.0, "entidad": 9, "distrito_f": 11, "distrito_l": 10, "municipio": 17, "seccion": 5401, "tipo": 2, "control": 32732.0, "SECCION_TX": "5401", "SECCION__1": null, "SECCION__2": null, "SECCION_N": "5401", "ESTATUS": null, "ALCALDIA_N": "VENUSTIANO CARRANZA", "EN_OPERATI": null, "EN_OP": "NO", "SEC_N": "5401", "EST": null, "ALC_N": "VENUSTIANO CARRANZA", "OP": "NO", "NOMBRE": "AQUILES SERDAN" }, "geometry": { "type": "MultiPolygon", "coordinates": [ [ [ [ -99.092591489545967, 19.450826004343263 ], [ -99.092084941344098, 19.450405983180733 ], [ -99.092003978793485, 19.450498651804534 ], [ -99.091968459363443, 19.450539804873301 ], [ -99.091935132459824, 19.450579897415167 ], [ -99.09190659056307, 19.450611486446928 ], [ -99.091847134730116, 19.450664507635263 ], [ -99.091736897961567, 19.450557537630605 ], [ -99.091322454846988, 19.450155374281209 ], [ -99.090998807205679, 19.449841314120686 ], [ -99.09080427877457, 19.449652550511878 ], [ -99.090638723363668, 19.449491900799181 ], [ -99.090653443649785, 19.449458352094197 ], [ -99.090676646476595, 19.449389773760792 ], [ -99.090688504421124, 19.44935829149712 ], [ -99.09070509304172, 19.449312935769829 ], [ -99.090720794044898, 19.449270006894459 ], [ -99.090734291860244, 19.449233101842726 ], [ -99.090747890999751, 19.449196077071093 ], [ -99.090790928983594, 19.449079255414684 ], [ -99.09093792303068, 19.448680255641946 ], [ -99.091125897189684, 19.448171917621192 ], [ -99.092203368584165, 19.448547132260142 ], [ -99.092398359435464, 19.448038382783061 ], [ -99.092595105270789, 19.447525050953924 ], [ -99.092791849875184, 19.447011718887406 ], [ -99.093863842103715, 19.447381019226409 ], [ -99.093674316364272, 19.447888734435359 ], [ -99.093484789452305, 19.448396449422837 ], [ -99.093296154831307, 19.448906391499584 ], [ -99.093105732110587, 19.449411878733088 ], [ -99.092897839068414, 19.449929264357248 ], [ -99.092724465714369, 19.450426902292097 ], [ -99.092591489545967, 19.450826004343263 ] ] ] ] } },
{ "type": "Feature", "properties": { "id": 2902.0, "entidad": 9, "distrito_f": 11, "distrito_l": 10, "municipio": 17, "seccion": 5402, "tipo": 2, "control": 32733.0, "SECCION_TX": "5402", "SECCION__1": null, "SECCION__2": null, "SECCION_N": "5402", "ESTATUS": null, "ALCALDIA_N": "VENUSTIANO CARRANZA", "EN_OPERATI": null, "EN_OP": "NO", "SEC_N": "5402", "EST": null, "ALC_N": "VENUSTIANO CARRANZA", "OP": "NO", "NOMBRE": "AQUILES SERDAN" }, "geometry": { "type": "MultiPolygon", "coordinates": [ [ [ [ -99.090638723363668, 19.449491900799181 ], [ -99.090424012626102, 19.449293960746861 ], [ -99.09007419538618, 19.448971465541707 ], [ -99.089711741416494, 19.448637318509171 ], [ -99.089389229896, 19.448339992725394 ], [ -99.088972759330034, 19.447968905226233 ], [ -99.088623269254271, 19.44767394511442 ], [ -99.088414174237684, 19.447476599024725 ], [ -99.087916765176772, 19.447007136177039 ], [ -99.087448813342831, 19.446537800391315 ], [ -99.087317888201227, 19.44634376212953 ], [ -99.087276835826131, 19.446279747373008 ], [ -99.087253353802581, 19.446243130803797 ], [ -99.08713142113271, 19.445974439440864 ], [ -99.087122106682187, 19.445953914036824 ], [ -99.087086804437874, 19.445876407719606 ], [ -99.087128836595298, 19.445837685364911 ], [ -99.087208136363344, 19.445787125033686 ], [ -99.087287436082192, 19.445736564667794 ], [ -99.087341879331845, 19.445692860286002 ], [ -99.087391747592903, 19.445771701761625 ], [ -99.08744477492759, 19.445892693753716 ], [ -99.087545384523494, 19.445876244660646 ], [ -99.08761741961429, 19.445864467299401 ], [ -99.087640277852501, 19.44587184100482 ], [ -99.087830190237966, 19.445932893359718 ], [ -99.088078891711135, 19.445480079727698 ], [ -99.088508150399377, 19.445580688050672 ], [ -99.089531419403215, 19.445927241765297 ], [ -99.08934843887873, 19.446442935025569 ], [ -99.090437356973879, 19.446798679320569 ], [ -99.091526279788937, 19.447154417046765 ], [ -99.091326089110112, 19.44766316745611 ], [ -99.091125897189684, 19.448171917621192 ], [ -99.09093792303068, 19.448680255641946 ], [ -99.090790928983594, 19.449079255414684 ], [ -99.090747890999751, 19.449196077071093 ], [ -99.090734291860244, 19.449233101842726 ], [ -99.090720794044898, 19.449270006894459 ], [ -99.09070509304172, 19.449312935769829 ], [ -99.090688504421124, 19.44935829149712 ], [ -99.090676646476595, 19.449389773760792 ], [ -99.090653443649785, 19.449458352094197 ], [ -99.090638723363668, 19.449491900799181 ] ] ] ] } },
{ "type": "Feature", "properties": { "id": 2908.0, "entidad": 9, "distrito_f": 11, "distrito_l": 11, "municipio": 17, "seccion": 5408, "tipo": 2, "control": 32830.0, "SECCION_TX": "5408", "SECCION__1": null, "SECCION__2": null, "SECCION_N": "5408", "ESTATUS": null, "ALCALDIA_N": "VENUSTIANO CARRANZA", "EN_OPERATI": null, "EN_OP": "NO", "SEC_N": "5408", "EST": null, "ALC_N": "VENUSTIANO CARRANZA", "OP": "NO", "NOMBRE": "AQUILES SERDAN" }, "geometry": { "type": "MultiPolygon", "coordinates": [ [ [ [ -99.087086804437874, 19.445876407719606 ], [ -99.087045379754699, 19.445785804958408 ], [ -99.087019088819687, 19.445728445001578 ], [ -99.086745709024953, 19.445131999007394 ], [ -99.086412144447507, 19.444369689796645 ], [ -99.086188634801374, 19.443853721771035 ], [ -99.086062646773655, 19.443563554276817 ], [ -99.085711587255673, 19.442764950378947 ], [ -99.085750359081445, 19.442695970033512 ], [ -99.085777065011541, 19.442650309089693 ], [ -99.085804673452728, 19.442602711493613 ], [ -99.085886300984953, 19.442461983538099 ], [ -99.086219253539255, 19.441880991920225 ], [ -99.086681642296639, 19.442128480460887 ], [ -99.087133439231252, 19.442362583232509 ], [ -99.087525240641028, 19.44257997673585 ], [ -99.087952463256045, 19.442783792241993 ], [ -99.08809512574885, 19.442848201755378 ], [ -99.088619410839982, 19.443084905504932 ], [ -99.08912198568953, 19.44330710025449 ], [ -99.089635303397614, 19.443560248436867 ], [ -99.089773120363645, 19.443609638773989 ], [ -99.089799300311654, 19.443618544883318 ], [ -99.089830145613334, 19.443628140298063 ], [ -99.089871003518354, 19.443640850442581 ], [ -99.090018135420323, 19.443686620384661 ], [ -99.090058793925607, 19.443699268448281 ], [ -99.088455148665844, 19.444866529901784 ], [ -99.088347904808884, 19.444945163802853 ], [ -99.088240660848527, 19.445023797640339 ], [ -99.088026172617532, 19.445181065124224 ], [ -99.087597194914565, 19.445495599327881 ], [ -99.087565280500499, 19.44552025696742 ], [ -99.087533366076784, 19.445544914601317 ], [ -99.087469537200391, 19.445594229852087 ], [ -99.087341879331845, 19.445692860286002 ], [ -99.087287436082192, 19.445736564667794 ], [ -99.087208136363344, 19.445787125033686 ], [ -99.087128836595298, 19.445837685364911 ], [ -99.087086804437874, 19.445876407719606 ] ] ] ] } },
{ "type": "Feature", "properties": { "id": 2909.0, "entidad": 9, "distrito_f": 11, "distrito_l": 10, "municipio": 17, "seccion": 5409, "tipo": 2, "control": 32736.0, "SECCION_TX": "5409", "SECCION__1": null, "SECCION__2": null, "SECCION_N": "5409", "ESTATUS": null, "ALCALDIA_N": "VENUSTIANO CARRANZA", "EN_OPERATI": null, "EN_OP": "NO", "SEC_N": "5409", "EST": null, "ALC_N": "VENUSTIANO CARRANZA", "OP": "NO", "NOMBRE": "AQUILES SERDAN" }, "geometry": { "type": "MultiPolygon", "coordinates": [ [ [ [ -99.092203368584165, 19.448547132260142 ], [ -99.091125897189684, 19.448171917621192 ], [ -99.091326089110112, 19.44766316745611 ], [ -99.091526279788937, 19.447154417046765 ], [ -99.090437356973879, 19.446798679320569 ], [ -99.08934843887873, 19.446442935025569 ], [ -99.089531419403215, 19.445927241765297 ], [ -99.08971863035157, 19.445413997014207 ], [ -99.090815394149701, 19.445773172043765 ], [ -99.091892850271705, 19.446150679907198 ], [ -99.09207613770856, 19.44565568466648 ], [ -99.093151101260545, 19.446026483784038 ], [ -99.094227072660544, 19.446399063705915 ], [ -99.094056569903373, 19.44686000150093 ], [ -99.093863842103715, 19.447381019226409 ], [ -99.092791849875184, 19.447011718887406 ], [ -99.092595105270789, 19.447525050953924 ], [ -99.092398359435464, 19.448038382783061 ], [ -99.092203368584165, 19.448547132260142 ] ] ] ] } },
{ "type": "Feature", "properties": { "id": 2910.0, "entidad": 9, "distrito_f": 11, "distrito_l": 10, "municipio": 17, "seccion": 5410, "tipo": 2, "control": 32725.0, "SECCION_TX": "5410", "SECCION__1": null, "SECCION__2": null, "SECCION_N": "5410", "ESTATUS": "COMPLETA", "ALCALDIA_N": "VENUSTIANO CARRANZA", "EN_OPERATI": null, "EN_OP": "SI", "SEC_N": "5410", "EST": "COMPLETA", "ALC_N": "VENUSTIANO CARRANZA", "OP": "SI", "NOMBRE": "AQUILES SERDAN" }, "geometry": { "type": "MultiPolygon", "coordinates": [ [ [ [ -99.095702801316378, 19.448999898335781 ], [ -99.094563017160937, 19.448760347151172 ], [ -99.093484789452305, 19.448396449422837 ], [ -99.093674316364272, 19.447888734435359 ], [ -99.093863842103715, 19.447381019226409 ], [ -99.094056569903373, 19.44686000150093 ], [ -99.094227072660544, 19.446399063705915 ], [ -99.095327189369641, 19.446719734196993 ], [ -99.096476537473066, 19.446940600879035 ], [ -99.096434131898192, 19.447053464677666 ], [ -99.09631506698679, 19.447370358872224 ], [ -99.09627568192397, 19.447475182898593 ], [ -99.096237411286054, 19.447577040726433 ], [ -99.096120031004816, 19.447889449110548 ], [ -99.09609416601694, 19.447958288773215 ], [ -99.096047661972108, 19.448082059128396 ], [ -99.095929724264479, 19.448395949034282 ], [ -99.09589609951621, 19.448485440694736 ], [ -99.095859376229498, 19.448583178939799 ], [ -99.095733811755935, 19.448917365168711 ], [ -99.095702801316378, 19.448999898335781 ] ] ] ] } },
{ "type": "Feature", "properties": { "id": 2911.0, "entidad": 9, "distrito_f": 11, "distrito_l": 10, "municipio": 17, "seccion": 5411, "tipo": 2, "control": 32723.0, "SECCION_TX": "5411", "SECCION__1": null, "SECCION__2": null, "SECCION_N": "5411", "ESTATUS": null, "ALCALDIA_N": "VENUSTIANO CARRANZA", "EN_OPERATI": null, "EN_OP": "NO", "SEC_N": "5411", "EST": null, "ALC_N": "VENUSTIANO CARRANZA", "OP": "NO", "NOMBRE": "AQUILES SERDAN" }, "geometry": { "type": "MultiPolygon", "coordinates": [ [ [ [ -99.096508776296474, 19.450268687748249 ], [ -99.09532500162554, 19.450019490557423 ], [ -99.09417492361645, 19.449778535159592 ], [ -99.093105732110587, 19.449411878733088 ], [ -99.093296154831307, 19.448906391499584 ], [ -99.093484789452305, 19.448396449422837 ], [ -99.094563017160937, 19.448760347151172 ], [ -99.095702801316378, 19.448999898335781 ], [ -99.095733811755935, 19.448917365168711 ], [ -99.095859376229498, 19.448583178939799 ], [ -99.09589609951621, 19.448485440694736 ], [ -99.095929724264479, 19.448395949034282 ], [ -99.096047661972108, 19.448082059128396 ], [ -99.09609416601694, 19.447958288773215 ], [ -99.096120031004816, 19.447889449110548 ], [ -99.096237411286054, 19.447577040726433 ], [ -99.09627568192397, 19.447475182898593 ], [ -99.09631506698679, 19.447370358872224 ], [ -99.096434131898192, 19.447053464677666 ], [ -99.096476537473066, 19.446940600879035 ], [ -99.096565752053948, 19.446957060510083 ], [ -99.097658818679619, 19.44720221393727 ], [ -99.097454064822884, 19.447735147439904 ], [ -99.097264352179124, 19.448220883018021 ], [ -99.097057533831602, 19.448751916522507 ], [ -99.096875396253253, 19.449256144340918 ], [ -99.096708047098033, 19.449755471272674 ], [ -99.096508776296474, 19.450268687748249 ] ] ] ] } },
{ "type": "Feature", "properties": { "id": 2899.0, "entidad": 9, "distrito_f": 11, "distrito_l": 10, "municipio": 17, "seccion": 5414, "tipo": 2, "control": 37799.0, "SECCION_TX": "5414", "SECCION__1": null, "SECCION__2": null, "SECCION_N": "5414", "ESTATUS": "COMPLETA", "ALCALDIA_N": "VENUSTIANO CARRANZA", "EN_OPERATI": null, "EN_OP": "SI", "SEC_N": "5414", "EST": "COMPLETA", "ALC_N": "VENUSTIANO CARRANZA", "OP": "SI", "NOMBRE": "AQUILES SERDAN" }, "geometry": { "type": "MultiPolygon", "coordinates": [ [ [ [ -99.097658818679619, 19.44720221393727 ], [ -99.096565752053948, 19.446957060510083 ], [ -99.096476537473066, 19.446940600879035 ], [ -99.095327189369655, 19.446719734196993 ], [ -99.094227072660544, 19.446399063705915 ], [ -99.093151101260545, 19.446026483784038 ], [ -99.09332499358274, 19.445514921289082 ], [ -99.09354613303455, 19.445006608006604 ], [ -99.093690368491352, 19.444938716091094 ], [ -99.094656273259872, 19.445278942947269 ], [ -99.095745807768083, 19.445632639098918 ], [ -99.096921189936452, 19.445904700354497 ], [ -99.09806184089777, 19.446136791633453 ], [ -99.099195151070845, 19.446396842184022 ], [ -99.098961730408035, 19.446927682692323 ], [ -99.097853756691606, 19.446691532872201 ], [ -99.097658818679619, 19.44720221393727 ] ] ] ] } },
{ "type": "Feature", "properties": { "id": 2914.0, "entidad": 9, "distrito_f": 11, "distrito_l": 10, "municipio": 17, "seccion": 5415, "tipo": 2, "control": 37800.0, "SECCION_TX": "5415", "SECCION__1": null, "SECCION__2": null, "SECCION_N": "5415", "ESTATUS": null, "ALCALDIA_N": "VENUSTIANO CARRANZA", "EN_OPERATI": null, "EN_OP": "NO", "SEC_N": "5415", "EST": null, "ALC_N": "VENUSTIANO CARRANZA", "OP": "NO", "NOMBRE": "AQUILES SERDAN" }, "geometry": { "type": "MultiPolygon", "coordinates": [ [ [ [ -99.091892850271705, 19.446150679907198 ], [ -99.090815394149701, 19.445773172043765 ], [ -99.08971863035157, 19.445413997014114 ], [ -99.089531419403215, 19.445927241765297 ], [ -99.088508150399377, 19.445580688050672 ], [ -99.088078891711135, 19.445480079727698 ], [ -99.087830190237966, 19.445932893359718 ], [ -99.087640277852501, 19.44587184100482 ], [ -99.08761741961429, 19.445864467299401 ], [ -99.087545384523494, 19.445876244660646 ], [ -99.08744477492759, 19.445892693753716 ], [ -99.087391747592903, 19.445771701761625 ], [ -99.087341879331845, 19.445692860286002 ], [ -99.087469537200391, 19.445594229852087 ], [ -99.087533366076784, 19.445544914601317 ], [ -99.087565280500499, 19.44552025696742 ], [ -99.087597194914565, 19.445495599327881 ], [ -99.088026172617532, 19.445181065124224 ], [ -99.088240660848527, 19.445023797640339 ], [ -99.088347904808884, 19.444945163802853 ], [ -99.088455148665844, 19.444866529901784 ], [ -99.090058793925607, 19.443699268448281 ], [ -99.090111198211247, 19.443716018820687 ], [ -99.090246805446114, 19.443767771601451 ], [ -99.090397241940025, 19.443832066355757 ], [ -99.091408028395051, 19.444177108632974 ], [ -99.092484936562613, 19.444540408559178 ], [ -99.093690368491352, 19.444938716091094 ], [ -99.09354613303455, 19.445006608006604 ], [ -99.09332499358274, 19.445514921289082 ], [ -99.093151101260545, 19.446026483784038 ], [ -99.09207613770856, 19.44565568466648 ], [ -99.091892850271705, 19.446150679907198 ] ] ] ] } },
{ "type": "Feature", "properties": { "id": 2915.0, "entidad": 9, "distrito_f": 11, "distrito_l": 11, "municipio": 17, "seccion": 5416, "tipo": 2, "control": 32834.0, "SECCION_TX": "5416", "SECCION__1": null, "SECCION__2": null, "SECCION_N": "5416", "ESTATUS": null, "ALCALDIA_N": "VENUSTIANO CARRANZA", "EN_OPERATI": null, "EN_OP": "NO", "SEC_N": "5416", "EST": null, "ALC_N": "VENUSTIANO CARRANZA", "OP": "NO", "NOMBRE": "AQUILES SERDAN" }, "geometry": { "type": "MultiPolygon", "coordinates": [ [ [ [ -99.090058793925607, 19.443699268448281 ], [ -99.090018135420323, 19.443686620384661 ], [ -99.089871003518354, 19.443640850442581 ], [ -99.089830145613334, 19.443628140298063 ], [ -99.089799300311654, 19.443618544883318 ], [ -99.089773120363645, 19.443609638773989 ], [ -99.089635303397614, 19.443560248436867 ], [ -99.08912198568953, 19.44330710025449 ], [ -99.088619410839982, 19.443084905504932 ], [ -99.08809512574885, 19.442848201755378 ], [ -99.087952463256045, 19.442783792241993 ], [ -99.088481152793719, 19.441906682452448 ], [ -99.088632204282504, 19.441966444780252 ], [ -99.089173724948452, 19.442180691753929 ], [ -99.089695416954513, 19.44238709165823 ], [ -99.090238821048203, 19.442602079478448 ], [ -99.090816987415309, 19.441631040328645 ], [ -99.091169526066849, 19.441041718250389 ], [ -99.091585491529685, 19.44029838228554 ], [ -99.092146657793705, 19.440495595803313 ], [ -99.092646408562217, 19.440667986819783 ], [ -99.093136280809929, 19.440930820650419 ], [ -99.093270999709517, 19.441069116055541 ], [ -99.093331932442354, 19.44110899708911 ], [ -99.093358225001097, 19.441126205797922 ], [ -99.093474092794011, 19.441202042189271 ], [ -99.093510945143763, 19.441240118321538 ], [ -99.092882954996881, 19.441642234588709 ], [ -99.090058793925607, 19.443699268448281 ] ] ] ] } },
{ "type": "Feature", "properties": { "id": 2774.0, "entidad": 9, "distrito_f": 11, "distrito_l": 10, "municipio": 17, "seccion": 5281, "tipo": 2, "control": 32812.0, "SECCION_TX": "5281", "SECCION__1": null, "SECCION__2": null, "SECCION_N": "5281", "ESTATUS": null, "ALCALDIA_N": "VENUSTIANO CARRANZA", "EN_OPERATI": null, "EN_OP": "NO", "SEC_N": "5281", "EST": null, "ALC_N": "VENUSTIANO CARRANZA", "OP": "NO", "NOMBRE": "DAMIAN CARMONA" }, "geometry": { "type": "MultiPolygon", "coordinates": [ [ [ [ -99.103766007280086, 19.443706230552149 ], [ -99.1032742961672, 19.443517290777223 ], [ -99.10289765965922, 19.443398366232426 ], [ -99.102639749262394, 19.443297482172468 ], [ -99.102717849722197, 19.442701891910914 ], [ -99.102756038507891, 19.44223627500606 ], [ -99.102809850600778, 19.441756525506548 ], [ -99.103264472546797, 19.441480543619381 ], [ -99.103540329647359, 19.441358640479947 ], [ -99.103677254202637, 19.441417239827327 ], [ -99.104059605967748, 19.441565867658149 ], [ -99.10451149478375, 19.441737718719924 ], [ -99.104110471799643, 19.442789078216666 ], [ -99.103766007280086, 19.443706230552149 ] ] ] ] } },
{ "type": "Feature", "properties": { "id": 2826.0, "entidad": 9, "distrito_f": 11, "distrito_l": 10, "municipio": 17, "seccion": 5331, "tipo": 2, "control": 32814.0, "SECCION_TX": "5331", "SECCION__1": null, "SECCION__2": null, "SECCION_N": "5331", "ESTATUS": null, "ALCALDIA_N": "VENUSTIANO CARRANZA", "EN_OPERATI": null, "EN_OP": "NO", "SEC_N": "5331", "EST": null, "ALC_N": "VENUSTIANO CARRANZA", "OP": "NO", "NOMBRE": "DAMIAN CARMONA" }, "geometry": { "type": "MultiPolygon", "coordinates": [ [ [ [ -99.10451149478375, 19.441737718719924 ], [ -99.104059605967748, 19.441565867658149 ], [ -99.103677254202637, 19.441417239827327 ], [ -99.103540329647359, 19.441358640479947 ], [ -99.103264472546797, 19.441480543619381 ], [ -99.10314465911776, 19.44116110184321 ], [ -99.101555435889452, 19.441650391640188 ], [ -99.10139219969102, 19.441684035896738 ], [ -99.101127633996256, 19.441608505744821 ], [ -99.100979029002588, 19.441573325264365 ], [ -99.100861338385684, 19.44154546330083 ], [ -99.101015822747442, 19.441482116881634 ], [ -99.101733717809964, 19.441143833592164 ], [ -99.102337975370446, 19.440873991481865 ], [ -99.102973333099314, 19.440585052896267 ], [ -99.103411740984555, 19.440385613670422 ], [ -99.10381596311143, 19.440201724757895 ], [ -99.104028869457991, 19.440106531047064 ], [ -99.10431558157407, 19.439982117529564 ], [ -99.104719250045662, 19.439815219490882 ], [ -99.105060789094708, 19.439747207276511 ], [ -99.10527799276062, 19.439742374224615 ], [ -99.105248864104595, 19.439813209151019 ], [ -99.1052191451477, 19.439885479499988 ], [ -99.104943685548378, 19.440555336922255 ], [ -99.104860869571326, 19.440781905187997 ], [ -99.10451149478375, 19.441737718719924 ] ] ] ] } },
{ "type": "Feature", "properties": { "id": 2771.0, "entidad": 9, "distrito_f": 11, "distrito_l": 10, "municipio": 17, "seccion": 5278, "tipo": 2, "control": 37803.0, "SECCION_TX": "5278", "SECCION__1": null, "SECCION__2": null, "SECCION_N": "5278", "ESTATUS": null, "ALCALDIA_N": "VENUSTIANO CARRANZA", "EN_OPERATI": null, "EN_OP": "NO", "SEC_N": "5278", "EST": null, "ALC_N": "VENUSTIANO CARRANZA", "OP": "NO", "NOMBRE": "ROMERO RUBIO" }, "geometry": { "type": "MultiPolygon", "coordinates": [ [ [ [ -99.095110980601092, 19.444279897903201 ], [ -99.095031665630486, 19.444253258508535 ], [ -99.094188097260826, 19.443969951049088 ], [ -99.093941125321393, 19.443886937001889 ], [ -99.094011250325892, 19.443698726524381 ], [ -99.094326768854202, 19.442851891732367 ], [ -99.093275242242655, 19.442496763083863 ], [ -99.092449844673027, 19.442202281367976 ], [ -99.09353684733334, 19.441438639902486 ], [ -99.09366427475571, 19.441349118651669 ], [ -99.094049737115085, 19.441472134464508 ], [ -99.094739198938029, 19.441712442218705 ], [ -99.095240380319808, 19.441892246275955 ], [ -99.095821188209186, 19.4421013063739 ], [ -99.096915457482226, 19.442439473059935 ], [ -99.097593490274733, 19.442671945734375 ], [ -99.097725387521919, 19.442532497026573 ], [ -99.097801092100283, 19.442508413297485 ], [ -99.097906363678874, 19.442474923419994 ], [ -99.09814264773469, 19.442471127989492 ], [ -99.098409715314077, 19.442631816588936 ], [ -99.098462281683567, 19.44271023225609 ], [ -99.098514848103648, 19.442788647907207 ], [ -99.098517599185229, 19.442983507660919 ], [ -99.098452284119858, 19.443146204094354 ], [ -99.098279265873757, 19.443311917382509 ], [ -99.098201694347466, 19.443349853621012 ], [ -99.098135965598473, 19.443360945841256 ], [ -99.097840707347558, 19.443352117515939 ], [ -99.097612671607294, 19.443163854882417 ], [ -99.096576920978663, 19.443626368688808 ], [ -99.096499448107593, 19.443660963808465 ], [ -99.095110980601092, 19.444279897903201 ] ] ] ] } },
{ "type": "Feature", "properties": { "id": 2775.0, "entidad": 9, "distrito_f": 11, "distrito_l": 10, "municipio": 17, "seccion": 5282, "tipo": 2, "control": 32815.0, "SECCION_TX": "5282", "SECCION__1": null, "SECCION__2": null, "SECCION_N": "5282", "ESTATUS": null, "ALCALDIA_N": "VENUSTIANO CARRANZA", "EN_OPERATI": null, "EN_OP": "NO", "SEC_N": "5282", "EST": null, "ALC_N": "VENUSTIANO CARRANZA", "OP": "NO", "NOMBRE": "ROMERO RUBIO" }, "geometry": { "type": "MultiPolygon", "coordinates": [ [ [ [ -99.101015822747442, 19.441482116881634 ], [ -99.101415534000395, 19.440553933000039 ], [ -99.1017600882209, 19.439495267574134 ], [ -99.102305577815159, 19.439682661048142 ], [ -99.103173525257304, 19.439980836085905 ], [ -99.10381596311143, 19.440201724757895 ], [ -99.103411740984555, 19.440385613670422 ], [ -99.102973333099314, 19.440585052896267 ], [ -99.102337975370446, 19.440873991481865 ], [ -99.101733717809964, 19.441143833592164 ], [ -99.101015822747442, 19.441482116881634 ] ] ] ] } },
{ "type": "Feature", "properties": { "id": 2776.0, "entidad": 9, "distrito_f": 11, "distrito_l": 10, "municipio": 17, "seccion": 5283, "tipo": 2, "control": 33083.0, "SECCION_TX": "5283", "SECCION__1": null, "SECCION__2": null, "SECCION_N": "5283", "ESTATUS": null, "ALCALDIA_N": "VENUSTIANO CARRANZA", "EN_OPERATI": null, "EN_OP": "NO", "SEC_N": "5283", "EST": null, "ALC_N": "VENUSTIANO CARRANZA", "OP": "NO", "NOMBRE": "ROMERO RUBIO" }, "geometry": { "type": "MultiPolygon", "coordinates": [ [ [ [ -99.098409715314077, 19.442631816588936 ], [ -99.09814264773469, 19.442471127989492 ], [ -99.098383057008434, 19.441844237627343 ], [ -99.09877072472942, 19.440833345837273 ], [ -99.099171179375844, 19.439789096514641 ], [ -99.10029335407539, 19.440171518246675 ], [ -99.100807365278854, 19.440346683283327 ], [ -99.101415534000395, 19.440553933000039 ], [ -99.101015822747442, 19.441482116881634 ], [ -99.100861338385684, 19.44154546330083 ], [ -99.099613465238519, 19.442098421747179 ], [ -99.099398986548479, 19.44220135860877 ], [ -99.098409715314077, 19.442631816588936 ] ] ] ] } },
{ "type": "Feature", "properties": { "id": 2777.0, "entidad": 9, "distrito_f": 11, "distrito_l": 10, "municipio": 17, "seccion": 5284, "tipo": 2, "control": 37467.0, "SECCION_TX": "5284", "SECCION__1": null, "SECCION__2": null, "SECCION_N": "5284", "ESTATUS": null, "ALCALDIA_N": "VENUSTIANO CARRANZA", "EN_OPERATI": null, "EN_OP": "NO", "SEC_N": "5284", "EST": null, "ALC_N": "VENUSTIANO CARRANZA", "OP": "NO", "NOMBRE": "ROMERO RUBIO" }, "geometry": { "type": "MultiPolygon", "coordinates": [ [ [ [ -99.097725387521919, 19.442532497026573 ], [ -99.097593490274733, 19.442671945734375 ], [ -99.096915457482226, 19.442439473059935 ], [ -99.095821188209186, 19.4421013063739 ], [ -99.095240380319808, 19.441892246275955 ], [ -99.094739198938029, 19.441712442218705 ], [ -99.094049737115085, 19.441472134464508 ], [ -99.09366427475571, 19.441349118651669 ], [ -99.093617577569475, 19.441315922166307 ], [ -99.093597232850257, 19.441301459334532 ], [ -99.093552028305368, 19.441269323915151 ], [ -99.093510945143763, 19.441240118321538 ], [ -99.093474092794011, 19.441202042189271 ], [ -99.093358225001097, 19.441126205797922 ], [ -99.093331932442354, 19.44110899708911 ], [ -99.093270999709517, 19.441069116055541 ], [ -99.093339646990898, 19.441031704450374 ], [ -99.09341526189867, 19.440990495556886 ], [ -99.093944809659376, 19.440747478792044 ], [ -99.094354913088338, 19.440559309445316 ], [ -99.095361370048181, 19.440097507122776 ], [ -99.096740069112073, 19.439456108022682 ], [ -99.096756109838267, 19.439487164739571 ], [ -99.096773837312782, 19.43952286531113 ], [ -99.096803901680488, 19.43958230364834 ], [ -99.09682176095049, 19.439617611004529 ], [ -99.096839321805561, 19.439652328384643 ], [ -99.096894820936896, 19.439762048697563 ], [ -99.096909206400738, 19.439791287260707 ], [ -99.096932966890051, 19.439839759849519 ], [ -99.09656322293192, 19.440016109769246 ], [ -99.096510486636916, 19.440044566819495 ], [ -99.097147555933006, 19.44144547089866 ], [ -99.097232858308089, 19.441611099773212 ], [ -99.097725387521919, 19.442532497026573 ] ] ] ] } },
{ "type": "Feature", "properties": { "id": 2783.0, "entidad": 9, "distrito_f": 11, "distrito_l": 11, "municipio": 17, "seccion": 5290, "tipo": 2, "control": 32850.0, "SECCION_TX": "5290", "SECCION__1": null, "SECCION__2": null, "SECCION_N": "5290", "ESTATUS": "PENDIENTE", "ALCALDIA_N": "VENUSTIANO CARRANZA", "EN_OPERATI": null, "EN_OP": "SI", "SEC_N": "5290", "EST": "PENDIENTE", "ALC_N": "VENUSTIANO CARRANZA", "OP": "SI", "NOMBRE": "ROMERO RUBIO" }, "geometry": { "type": "MultiPolygon", "coordinates": [ [ [ [ -99.095361370048181, 19.440097507122776 ], [ -99.095245552078339, 19.43850762886569 ], [ -99.095346060209522, 19.438287546486929 ], [ -99.095452907766813, 19.43810025457557 ], [ -99.095559755079748, 19.437912962598574 ], [ -99.096028561937942, 19.437091188192234 ], [ -99.096169697638402, 19.436843788698042 ], [ -99.096688859666926, 19.437105167977947 ], [ -99.097571708252403, 19.435517883854903 ], [ -99.098081961782768, 19.435763789756383 ], [ -99.0985553690725, 19.43599193643654 ], [ -99.099089443896744, 19.436267958574966 ], [ -99.099332665800091, 19.436394289500399 ], [ -99.099724171346764, 19.437128436347329 ], [ -99.099811023847437, 19.437300342714416 ], [ -99.100131942283085, 19.437935530117858 ], [ -99.097218676047106, 19.439248101019842 ], [ -99.096740069112073, 19.439456108022682 ], [ -99.095361370048181, 19.440097507122776 ] ] ] ] } },
{ "type": "Feature", "properties": { "id": 2784.0, "entidad": 9, "distrito_f": 11, "distrito_l": 10, "municipio": 17, "seccion": 5291, "tipo": 2, "control": 32884.0, "SECCION_TX": "5291", "SECCION__1": null, "SECCION__2": null, "SECCION_N": "5291", "ESTATUS": null, "ALCALDIA_N": "VENUSTIANO CARRANZA", "EN_OPERATI": null, "EN_OP": "NO", "SEC_N": "5291", "EST": null, "ALC_N": "VENUSTIANO CARRANZA", "OP": "NO", "NOMBRE": "ROMERO RUBIO" }, "geometry": { "type": "MultiPolygon", "coordinates": [ [ [ [ -99.10381596311143, 19.440201724757895 ], [ -99.103173525257304, 19.439980836085905 ], [ -99.102305577815159, 19.439682661048142 ], [ -99.1017600882209, 19.439495267574134 ], [ -99.100681059448959, 19.439142553612271 ], [ -99.099602882036947, 19.438790109989004 ], [ -99.099411390228951, 19.438727512718415 ], [ -99.099696428246546, 19.438577741557257 ], [ -99.100336603288213, 19.438307447283893 ], [ -99.100895066548233, 19.438057819728495 ], [ -99.101075927958775, 19.438120386248357 ], [ -99.102132360132131, 19.438485839868161 ], [ -99.10267268750863, 19.438705096838827 ], [ -99.103171997204598, 19.438953210069077 ], [ -99.103439221782679, 19.438030234672489 ], [ -99.103894559159684, 19.438231782442802 ], [ -99.103612738530529, 19.43918184721095 ], [ -99.104038665405398, 19.439417049730416 ], [ -99.103838300726196, 19.439997877815379 ], [ -99.10381596311143, 19.440201724757895 ] ] ] ] } },
{ "type": "Feature", "properties": { "id": 2786.0, "entidad": 9, "distrito_f": 11, "distrito_l": 10, "municipio": 17, "seccion": 5293, "tipo": 2, "control": 37465.0, "SECCION_TX": "5293", "SECCION__1": null, "SECCION__2": null, "SECCION_N": "5293", "ESTATUS": null, "ALCALDIA_N": "VENUSTIANO CARRANZA", "EN_OPERATI": null, "EN_OP": "NO", "SEC_N": "5293", "EST": null, "ALC_N": "VENUSTIANO CARRANZA", "OP": "NO", "NOMBRE": "ROMERO RUBIO" }, "geometry": { "type": "MultiPolygon", "coordinates": [ [ [ [ -99.103894559159684, 19.438231782442802 ], [ -99.103439221782693, 19.438030234672489 ], [ -99.103171997204598, 19.438953210069077 ], [ -99.10267268750863, 19.438705096838827 ], [ -99.102132360132131, 19.438485839868161 ], [ -99.101075927958775, 19.438120386248357 ], [ -99.100895066548233, 19.438057819728495 ], [ -99.100336603288213, 19.438307447283893 ], [ -99.100317091803532, 19.438268620952286 ], [ -99.100297621131375, 19.438232816935074 ], [ -99.100222944743379, 19.438092727851888 ], [ -99.100213028804319, 19.438074126036881 ], [ -99.100199777616012, 19.43805725099811 ], [ -99.100131942283085, 19.437935530117858 ], [ -99.100831311320576, 19.437629309548189 ], [ -99.103397869663198, 19.43650550227963 ], [ -99.103787555121158, 19.436334867944897 ], [ -99.103938409929967, 19.436265704456183 ], [ -99.105453684205898, 19.435593681433357 ], [ -99.105460923036347, 19.43561705457611 ], [ -99.105468176137336, 19.435640717630722 ], [ -99.105475316503203, 19.435664012882743 ], [ -99.105486398321446, 19.435700167003397 ], [ -99.105496036828498, 19.435731612348068 ], [ -99.105502367738453, 19.43575284840675 ], [ -99.105544568232375, 19.435870971494822 ], [ -99.105314226465239, 19.436017949265999 ], [ -99.105119196421882, 19.436154685028775 ], [ -99.104369678566741, 19.438442599547059 ], [ -99.103894559159684, 19.438231782442802 ] ] ] ] } },
{ "type": "Feature", "properties": { "id": 2827.0, "entidad": 9, "distrito_f": 11, "distrito_l": 10, "municipio": 17, "seccion": 5332, "tipo": 2, "control": 33084.0, "SECCION_TX": "5332", "SECCION__1": null, "SECCION__2": null, "SECCION_N": "5332", "ESTATUS": null, "ALCALDIA_N": "VENUSTIANO CARRANZA", "EN_OPERATI": null, "EN_OP": "NO", "SEC_N": "5332", "EST": null, "ALC_N": "VENUSTIANO CARRANZA", "OP": "NO", "NOMBRE": "ROMERO RUBIO" }, "geometry": { "type": "MultiPolygon", "coordinates": [ [ [ [ -99.097725387521919, 19.442532497026573 ], [ -99.097232858308089, 19.441611099773212 ], [ -99.097147555933006, 19.44144547089866 ], [ -99.096510486636916, 19.440044566819495 ], [ -99.09656322293192, 19.440016109769246 ], [ -99.096932966890051, 19.439839759849519 ], [ -99.097921086246913, 19.439389193125393 ], [ -99.098085623663806, 19.439441829066297 ], [ -99.099171179375844, 19.439789096514641 ], [ -99.09877072472942, 19.440833345837273 ], [ -99.098383057008434, 19.441844237627343 ], [ -99.09814264773469, 19.442471127989492 ], [ -99.097906363678874, 19.442474923419994 ], [ -99.097801092100283, 19.442508413297485 ], [ -99.097725387521919, 19.442532497026573 ] ] ] ] } },
{ "type": "Feature", "properties": { "id": 2831.0, "entidad": 9, "distrito_f": 11, "distrito_l": 10, "municipio": 17, "seccion": 5336, "tipo": 2, "control": 37466.0, "SECCION_TX": "5336", "SECCION__1": null, "SECCION__2": null, "SECCION_N": "5336", "ESTATUS": null, "ALCALDIA_N": "VENUSTIANO CARRANZA", "EN_OPERATI": null, "EN_OP": "NO", "SEC_N": "5336", "EST": null, "ALC_N": "VENUSTIANO CARRANZA", "OP": "NO", "NOMBRE": "ROMERO RUBIO" }, "geometry": { "type": "MultiPolygon", "coordinates": [ [ [ [ -99.101415534000395, 19.440553933000039 ], [ -99.100807365278854, 19.440346683283327 ], [ -99.10029335407539, 19.440171518246675 ], [ -99.099171179375844, 19.439789096514641 ], [ -99.098085623663806, 19.439441829066297 ], [ -99.097921086246913, 19.439389193125393 ], [ -99.096932966890051, 19.439839759849519 ], [ -99.096909206400738, 19.439791287260707 ], [ -99.096894820936896, 19.439762048697563 ], [ -99.096839321805561, 19.439652328384643 ], [ -99.09682176095049, 19.439617611004529 ], [ -99.096803901680488, 19.43958230364834 ], [ -99.096773837312782, 19.43952286531113 ], [ -99.096756109838267, 19.439487164739571 ], [ -99.096740069112073, 19.439456108022682 ], [ -99.097218676047106, 19.439248101019842 ], [ -99.100131942283085, 19.437935530117858 ], [ -99.100199777616012, 19.43805725099811 ], [ -99.100213028804319, 19.438074126036881 ], [ -99.100222944743379, 19.438092727851888 ], [ -99.100297621131375, 19.438232816935074 ], [ -99.100317091803532, 19.438268620952286 ], [ -99.100336603288213, 19.438307447283893 ], [ -99.099696428246546, 19.438577741557257 ], [ -99.099411390228951, 19.438727512718415 ], [ -99.099602882036947, 19.438790109988911 ], [ -99.100681059448959, 19.439142553612271 ], [ -99.1017600882209, 19.439495267574134 ], [ -99.101415534000395, 19.440553933000039 ] ] ] ] } },
{ "type": "Feature", "properties": { "id": 2832.0, "entidad": 9, "distrito_f": 11, "distrito_l": 11, "municipio": 17, "seccion": 5337, "tipo": 2, "control": 37468.0, "SECCION_TX": "5337", "SECCION__1": null, "SECCION__2": null, "SECCION_N": "5337", "ESTATUS": null, "ALCALDIA_N": "VENUSTIANO CARRANZA", "EN_OPERATI": null, "EN_OP": "NO", "SEC_N": "5337", "EST": null, "ALC_N": "VENUSTIANO CARRANZA", "OP": "NO", "NOMBRE": "ROMERO RUBIO" }, "geometry": { "type": "MultiPolygon", "coordinates": [ [ [ [ -99.093270999709517, 19.441069116055541 ], [ -99.093136280809929, 19.440930820650419 ], [ -99.092646408562217, 19.440667986819783 ], [ -99.092146657793705, 19.440495595803313 ], [ -99.092184940417809, 19.44042766429909 ], [ -99.092228892676573, 19.440349672098154 ], [ -99.093817888757982, 19.43752998031453 ], [ -99.094318072557016, 19.437777216987712 ], [ -99.094930077544902, 19.438066636014192 ], [ -99.095346060209522, 19.438287546486929 ], [ -99.095245552078339, 19.43850762886569 ], [ -99.095361370048181, 19.440097507122776 ], [ -99.094354913088338, 19.440559309445316 ], [ -99.093944809659376, 19.440747478792044 ], [ -99.09341526189867, 19.440990495556886 ], [ -99.093339646990898, 19.441031704450374 ], [ -99.093270999709517, 19.441069116055541 ] ] ] ] } },
{ "type": "Feature", "properties": { "id": 2785.0, "entidad": 9, "distrito_f": 11, "distrito_l": 10, "municipio": 17, "seccion": 5292, "tipo": 2, "control": 37464.0, "SECCION_TX": "5292", "SECCION__1": null, "SECCION__2": null, "SECCION_N": "5292", "ESTATUS": null, "ALCALDIA_N": "VENUSTIANO CARRANZA", "EN_OPERATI": null, "EN_OP": "NO", "SEC_N": "5292", "EST": null, "ALC_N": "VENUSTIANO CARRANZA", "OP": "NO", "NOMBRE": "MIGUEL HIDALGO" }, "geometry": { "type": "MultiPolygon", "coordinates": [ [ [ [ -99.10381596311143, 19.440201724757895 ], [ -99.103838300726196, 19.439997877815379 ], [ -99.104038665405398, 19.439417049730416 ], [ -99.103612738530529, 19.43918184721095 ], [ -99.103894559159684, 19.438231782442802 ], [ -99.104369678566741, 19.438442599547059 ], [ -99.105119196421882, 19.436154685028775 ], [ -99.105314226465239, 19.436017949265999 ], [ -99.105544568232375, 19.435870971494822 ], [ -99.106063914997279, 19.435620918356893 ], [ -99.106830207374188, 19.435274112819069 ], [ -99.107393480170842, 19.434994661503907 ], [ -99.108100774459174, 19.434726048231372 ], [ -99.108285585452364, 19.435134412265352 ], [ -99.10837326137613, 19.435328142882003 ], [ -99.108323957814491, 19.435371907058034 ], [ -99.108176953851583, 19.435500625196855 ], [ -99.107965319769207, 19.435716731865682 ], [ -99.107665429053597, 19.436041336740267 ], [ -99.107434547981399, 19.436327661119158 ], [ -99.107424993158162, 19.436438792798317 ], [ -99.107245526823206, 19.436757395109872 ], [ -99.107235173645023, 19.436776195594238 ], [ -99.107152397240881, 19.436923591030251 ], [ -99.107124950790777, 19.436972570968191 ], [ -99.107081061087129, 19.43705089486927 ], [ -99.107070778209803, 19.437069223636154 ], [ -99.107024226808164, 19.437164828965951 ], [ -99.106743863802677, 19.43774062420448 ], [ -99.106655844902278, 19.437921392003403 ], [ -99.106521496573237, 19.438286028204658 ], [ -99.105951317953156, 19.439829846395817 ], [ -99.105917426516442, 19.439925519680269 ], [ -99.105673774125535, 19.4398553600684 ], [ -99.10527799276062, 19.439742374224615 ], [ -99.105060789094708, 19.439747207276511 ], [ -99.104719250045662, 19.439815219490882 ], [ -99.10431558157407, 19.439982117529564 ], [ -99.104028869457991, 19.440106531047064 ], [ -99.10381596311143, 19.440201724757895 ] ] ] ] } },
{ "type": "Feature", "properties": { "id": 2788.0, "entidad": 9, "distrito_f": 11, "distrito_l": 10, "municipio": 17, "seccion": 5294, "tipo": 2, "control": 32905.0, "SECCION_TX": "5294", "SECCION__1": null, "SECCION__2": null, "SECCION_N": "5294", "ESTATUS": null, "ALCALDIA_N": "VENUSTIANO CARRANZA", "EN_OPERATI": null, "EN_OP": "NO", "SEC_N": "5294", "EST": null, "ALC_N": "VENUSTIANO CARRANZA", "OP": "NO", "NOMBRE": "MIGUEL HIDALGO" }, "geometry": { "type": "MultiPolygon", "coordinates": [ [ [ [ -99.100131942283085, 19.437935530117858 ], [ -99.099811023847437, 19.437300342714416 ], [ -99.099724171346764, 19.437128436347329 ], [ -99.099332665800091, 19.436394289500399 ], [ -99.099089443896744, 19.436267958574966 ], [ -99.0985553690725, 19.43599193643654 ], [ -99.098081961782768, 19.435763789756383 ], [ -99.098948013401653, 19.434163863970387 ], [ -99.099441788091212, 19.434401438808713 ], [ -99.099943737814414, 19.434642944888626 ], [ -99.100445689016581, 19.434884449567537 ], [ -99.10097770863743, 19.435140418812143 ], [ -99.101548057200432, 19.435397031058514 ], [ -99.102590110564392, 19.435865866831161 ], [ -99.104079150194337, 19.435197525600685 ], [ -99.103698791350084, 19.43445015460992 ], [ -99.10403158377143, 19.434304647827648 ], [ -99.104864238002406, 19.4339405827272 ], [ -99.105684727712074, 19.433581831047007 ], [ -99.106716192371962, 19.433900047690305 ], [ -99.107136649783868, 19.43402976075151 ], [ -99.107458080123962, 19.434163277035463 ], [ -99.107566451923134, 19.434208292520285 ], [ -99.107601688021035, 19.434235417827324 ], [ -99.107877071741399, 19.434447412033155 ], [ -99.107902597038091, 19.434467061710937 ], [ -99.107928890329703, 19.434489107960484 ], [ -99.10794611390844, 19.434503549483352 ], [ -99.107972789352218, 19.434531848685264 ], [ -99.107999110849931, 19.434571787931862 ], [ -99.10801931207763, 19.434602440495862 ], [ -99.10803757637953, 19.43463015403141 ], [ -99.108047857703781, 19.434645754504633 ], [ -99.108060210988285, 19.434664498883329 ], [ -99.108073466023001, 19.434684611535896 ], [ -99.108100774459174, 19.434726048231372 ], [ -99.107393480170842, 19.434994661503907 ], [ -99.106830207374188, 19.435274112819069 ], [ -99.106063914997279, 19.435620918356893 ], [ -99.105544568232375, 19.435870971494822 ], [ -99.105502367738453, 19.43575284840675 ], [ -99.105496036828498, 19.435731612348068 ], [ -99.105486398321446, 19.435700167003397 ], [ -99.105475316503203, 19.435664012882743 ], [ -99.105468176137336, 19.435640717630722 ], [ -99.105460923036347, 19.43561705457611 ], [ -99.105453684205898, 19.435593681433357 ], [ -99.103938409929967, 19.436265704456183 ], [ -99.103787555121158, 19.436334867944897 ], [ -99.103397869663198, 19.43650550227963 ], [ -99.100831311320576, 19.437629309548189 ], [ -99.100131942283085, 19.437935530117858 ] ] ] ] } },
{ "type": "Feature", "properties": { "id": 2810.0, "entidad": 9, "distrito_f": 11, "distrito_l": 10, "municipio": 17, "seccion": 5315, "tipo": 2, "control": 37475.0, "SECCION_TX": "5315", "SECCION__1": null, "SECCION__2": null, "SECCION_N": "5315", "ESTATUS": null, "ALCALDIA_N": "VENUSTIANO CARRANZA", "EN_OPERATI": null, "EN_OP": "NO", "SEC_N": "5315", "EST": null, "ALC_N": "VENUSTIANO CARRANZA", "OP": "NO", "NOMBRE": "MIGUEL HIDALGO" }, "geometry": { "type": "MultiPolygon", "coordinates": [ [ [ [ -99.10837326137613, 19.435328142882003 ], [ -99.108285585452364, 19.435134412265352 ], [ -99.108100774459174, 19.434726048231372 ], [ -99.108337741548169, 19.434627921176883 ], [ -99.108985976708453, 19.434359487595135 ], [ -99.108990333573573, 19.434307665679352 ], [ -99.108994857065142, 19.434270866647687 ], [ -99.108998630624001, 19.434240168377134 ], [ -99.109001184592984, 19.434217616872992 ], [ -99.109005086329034, 19.434181218470066 ], [ -99.109011894764009, 19.434119178683865 ], [ -99.109019541914918, 19.43404949629921 ], [ -99.109025399634277, 19.433995626722069 ], [ -99.109032530589857, 19.433934969012899 ], [ -99.109035905428811, 19.433905211436798 ], [ -99.109093689932791, 19.433395696040872 ], [ -99.10895963863365, 19.433336101311813 ], [ -99.108345874848069, 19.433026243862184 ], [ -99.107735490894711, 19.432725976893707 ], [ -99.107131849438886, 19.432422505680282 ], [ -99.107849043014269, 19.431107623099191 ], [ -99.108462800762851, 19.431420680526632 ], [ -99.109083298915024, 19.431727335419644 ], [ -99.109389830073212, 19.431894975938047 ], [ -99.109323873814816, 19.432297670339494 ], [ -99.110073054034387, 19.432412766350012 ], [ -99.10988228966994, 19.433358575443606 ], [ -99.109844327861452, 19.43347224033467 ], [ -99.10982809929898, 19.433521867085837 ], [ -99.109809148709573, 19.433577573273073 ], [ -99.109788558005334, 19.433634339966318 ], [ -99.109769301299409, 19.433687428910151 ], [ -99.109741039333088, 19.433775130617001 ], [ -99.109704708211126, 19.433888196200666 ], [ -99.109692832082985, 19.433922745410101 ], [ -99.10967956088642, 19.43396558214128 ], [ -99.109667128150207, 19.434002807851197 ], [ -99.1096582482771, 19.434029395678632 ], [ -99.109639486261059, 19.434088201690816 ], [ -99.109626120426753, 19.434129098167482 ], [ -99.109516201695286, 19.434562101044218 ], [ -99.109347281152949, 19.43466289630776 ], [ -99.109089221325931, 19.434811726695841 ], [ -99.108566654355272, 19.435157880780778 ], [ -99.108528005410065, 19.435191907141693 ], [ -99.108430759913261, 19.435277521549015 ], [ -99.10837326137613, 19.435328142882003 ] ] ] ] } },
{ "type": "Feature", "properties": { "id": 2798.0, "entidad": 9, "distrito_f": 11, "distrito_l": 10, "municipio": 17, "seccion": 5304, "tipo": 2, "control": 37476.0, "SECCION_TX": "5304", "SECCION__1": null, "SECCION__2": null, "SECCION_N": "5304", "ESTATUS": null, "ALCALDIA_N": "VENUSTIANO CARRANZA", "EN_OPERATI": null, "EN_OP": "NO", "SEC_N": "5304", "EST": null, "ALC_N": "VENUSTIANO CARRANZA", "OP": "NO", "NOMBRE": "7 DE JULIO" }, "geometry": { "type": "MultiPolygon", "coordinates": [ [ [ [ -99.108100774459174, 19.434726048231372 ], [ -99.108073466023001, 19.434684611535896 ], [ -99.108060210988285, 19.434664498883329 ], [ -99.108047857703781, 19.434645754504633 ], [ -99.10803757637953, 19.43463015403141 ], [ -99.10801931207763, 19.434602440495862 ], [ -99.107999110849931, 19.434571787931862 ], [ -99.107972789352218, 19.434531848685264 ], [ -99.10794611390844, 19.434503549483352 ], [ -99.107928890329703, 19.434489107960484 ], [ -99.107902597038091, 19.434467061710937 ], [ -99.107877071741399, 19.434447412033066 ], [ -99.107601688021035, 19.434235417827324 ], [ -99.107566451923148, 19.434208292520285 ], [ -99.107583456291323, 19.434129235478277 ], [ -99.107586342980525, 19.434061416167559 ], [ -99.107642979409221, 19.434070813513181 ], [ -99.107631939042776, 19.434026981202877 ], [ -99.107605317518207, 19.433921306223858 ], [ -99.107547154311789, 19.433796931697067 ], [ -99.107508174680049, 19.43371932628262 ], [ -99.107520361845232, 19.433688191260128 ], [ -99.10753392428893, 19.433653534887963 ], [ -99.107356851925857, 19.433418076496039 ], [ -99.106922858584099, 19.432795946309895 ], [ -99.106476676359136, 19.432216885088661 ], [ -99.106538311225066, 19.432099837344516 ], [ -99.107131849438886, 19.432422505680282 ], [ -99.107735490894711, 19.432725976893707 ], [ -99.108345874848069, 19.433026243862184 ], [ -99.10895963863365, 19.433336101311813 ], [ -99.109093689932791, 19.433395696040872 ], [ -99.109035905428811, 19.433905211436798 ], [ -99.109032530589857, 19.433934969012899 ], [ -99.109025399634277, 19.433995626722069 ], [ -99.109019541914918, 19.43404949629921 ], [ -99.109011894764009, 19.434119178683865 ], [ -99.109005086329034, 19.434181218470066 ], [ -99.109001184592984, 19.434217616872992 ], [ -99.108998630624001, 19.434240168377134 ], [ -99.108994857065142, 19.434270866647687 ], [ -99.108990333573573, 19.434307665679352 ], [ -99.108985976708453, 19.434359487595135 ], [ -99.108337741548169, 19.434627921176883 ], [ -99.108100774459174, 19.434726048231372 ] ] ] ] } },
{ "type": "Feature", "properties": { "id": 2811.0, "entidad": 9, "distrito_f": 11, "distrito_l": 10, "municipio": 17, "seccion": 5316, "tipo": 2, "control": 33213.0, "SECCION_TX": "5316", "SECCION__1": null, "SECCION__2": null, "SECCION_N": "5316", "ESTATUS": null, "ALCALDIA_N": "VENUSTIANO CARRANZA", "EN_OPERATI": null, "EN_OP": "NO", "SEC_N": "5316", "EST": null, "ALC_N": "VENUSTIANO CARRANZA", "OP": "NO", "NOMBRE": "7 DE JULIO" }, "geometry": { "type": "MultiPolygon", "coordinates": [ [ [ [ -99.110103627123479, 19.432263916235673 ], [ -99.110073054034387, 19.432412766350012 ], [ -99.109323873814816, 19.432297670339494 ], [ -99.109389830073212, 19.431894975938047 ], [ -99.109083298915024, 19.431727335419644 ], [ -99.108462800762851, 19.431420680526632 ], [ -99.109191696779064, 19.430126581195303 ], [ -99.109916932434189, 19.428828917843745 ], [ -99.110175648304747, 19.427724250557862 ], [ -99.110241860655663, 19.427455445333887 ], [ -99.110248006608231, 19.427430494291055 ], [ -99.110266621454031, 19.427356034736754 ], [ -99.110314546609615, 19.427384943868571 ], [ -99.110363554460804, 19.427414157310071 ], [ -99.110712773318511, 19.427625607148389 ], [ -99.110728133314197, 19.427855721545829 ], [ -99.110548752377994, 19.429020198941203 ], [ -99.110605484154974, 19.429349344510356 ], [ -99.11055390126289, 19.430378571121601 ], [ -99.11041510580182, 19.431193066044408 ], [ -99.110103627123479, 19.432263916235673 ] ] ] ] } },
{ "type": "Feature", "properties": { "id": 2825.0, "entidad": 9, "distrito_f": 11, "distrito_l": 10, "municipio": 17, "seccion": 5330, "tipo": 2, "control": 33217.0, "SECCION_TX": "5330", "SECCION__1": null, "SECCION__2": null, "SECCION_N": "5330", "ESTATUS": null, "ALCALDIA_N": "VENUSTIANO CARRANZA", "EN_OPERATI": null, "EN_OP": "NO", "SEC_N": "5330", "EST": null, "ALC_N": "VENUSTIANO CARRANZA", "OP": "NO", "NOMBRE": "7 DE JULIO" }, "geometry": { "type": "MultiPolygon", "coordinates": [ [ [ [ -99.109191696779064, 19.430126581195303 ], [ -99.108579587510107, 19.429830628072558 ], [ -99.107967480450199, 19.429534672865717 ], [ -99.10867116854385, 19.428224848813134 ], [ -99.108226221591892, 19.428010821845916 ], [ -99.108068691638465, 19.427935046891168 ], [ -99.108796009908531, 19.426630433608164 ], [ -99.109416129736402, 19.426923027027538 ], [ -99.110266621454031, 19.427356034736754 ], [ -99.110248006608231, 19.427430494291055 ], [ -99.110241860655663, 19.427455445333887 ], [ -99.110175648304747, 19.427724250557862 ], [ -99.109916932434189, 19.428828917843745 ], [ -99.109191696779064, 19.430126581195303 ] ] ] ] } },
{ "type": "Feature", "properties": { "id": 2842.0, "entidad": 9, "distrito_f": 11, "distrito_l": 10, "municipio": 17, "seccion": 5344, "tipo": 2, "control": 37474.0, "SECCION_TX": "5344", "SECCION__1": null, "SECCION__2": null, "SECCION_N": "5344", "ESTATUS": null, "ALCALDIA_N": "VENUSTIANO CARRANZA", "EN_OPERATI": null, "EN_OP": "NO", "SEC_N": "5344", "EST": null, "ALC_N": "VENUSTIANO CARRANZA", "OP": "NO", "NOMBRE": "7 DE JULIO" }, "geometry": { "type": "MultiPolygon", "coordinates": [ [ [ [ -99.111635873015672, 19.42738001883307 ], [ -99.111457743795242, 19.427282830796717 ], [ -99.111369290192982, 19.427219427899498 ], [ -99.111319920195541, 19.427206040008286 ], [ -99.111270035821533, 19.427184737972542 ], [ -99.111142204701153, 19.427130187911938 ], [ -99.111104996341794, 19.42711431080885 ], [ -99.111060889205675, 19.427095491500772 ], [ -99.110982780608978, 19.427062155834921 ], [ -99.110622967784323, 19.427160593333024 ], [ -99.110535404525891, 19.427207891867241 ], [ -99.110377512919968, 19.427295215423261 ], [ -99.110266621454031, 19.427356034736754 ], [ -99.109416129736402, 19.426923027027538 ], [ -99.108796009908531, 19.426630433608072 ], [ -99.108208404889382, 19.426348832440265 ], [ -99.107578987672767, 19.426034212844357 ], [ -99.106987698789638, 19.42573717579133 ], [ -99.106352671338698, 19.425413759012645 ], [ -99.106360727770081, 19.425229103217688 ], [ -99.106364078235785, 19.425137846951596 ], [ -99.106368784184383, 19.425044447418692 ], [ -99.106379467818115, 19.424799574231514 ], [ -99.106522275494797, 19.424872261047934 ], [ -99.108392078411185, 19.425823944319397 ], [ -99.10934480401859, 19.426308846273958 ], [ -99.109594598570212, 19.425839229484996 ], [ -99.109751640637029, 19.425543986932126 ], [ -99.109871260865276, 19.425319097453286 ], [ -99.109730927106881, 19.425297109330106 ], [ -99.109758474983352, 19.425133092959914 ], [ -99.109795353753398, 19.42513525732911 ], [ -99.109806604377766, 19.42499533172986 ], [ -99.109820496806492, 19.424822549314715 ], [ -99.109599553785998, 19.424712920662884 ], [ -99.109433157047988, 19.424630356791898 ], [ -99.10923260957216, 19.424588930933439 ], [ -99.109280747726729, 19.424195302598577 ], [ -99.109352892468323, 19.424122530071813 ], [ -99.109504164203898, 19.423969941704012 ], [ -99.10983333106752, 19.423342170547869 ], [ -99.110091545924604, 19.423455720696861 ], [ -99.110142172132129, 19.423337610177793 ], [ -99.110223035162377, 19.423375336879619 ], [ -99.111438963524805, 19.423942622612071 ], [ -99.111544085174117, 19.423991666059369 ], [ -99.111604832636488, 19.424019996854604 ], [ -99.111627170840677, 19.424030428776607 ], [ -99.111701888923847, 19.424065287640065 ], [ -99.111748390864591, 19.424086982563161 ], [ -99.111773091272809, 19.424098506235378 ], [ -99.111799142249097, 19.424110748371977 ], [ -99.111828705786181, 19.424124452485476 ], [ -99.111819802910361, 19.424205044627762 ], [ -99.111816410950851, 19.424235749885685 ], [ -99.111802542411624, 19.424361292856325 ], [ -99.111554333946302, 19.426608132278794 ], [ -99.111506221929119, 19.426862195393277 ], [ -99.1115003003477, 19.426893465185117 ], [ -99.11153990511616, 19.427136647172119 ], [ -99.111635873015672, 19.42738001883307 ] ] ] ] } },
{ "type": "Feature", "properties": { "id": 2807.0, "entidad": 9, "distrito_f": 11, "distrito_l": 10, "municipio": 17, "seccion": 5312, "tipo": 2, "control": 33222.0, "SECCION_TX": "5312", "SECCION__1": null, "SECCION__2": null, "SECCION_N": "5312", "ESTATUS": null, "ALCALDIA_N": "VENUSTIANO CARRANZA", "EN_OPERATI": null, "EN_OP": "NO", "SEC_N": "5312", "EST": null, "ALC_N": "VENUSTIANO CARRANZA", "OP": "NO", "NOMBRE": "MOCTEZUMA 1A SECCION" }, "geometry": { "type": "MultiPolygon", "coordinates": [ [ [ [ -99.103267788591708, 19.432180312928576 ], [ -99.102738725143652, 19.431945405571788 ], [ -99.102217279083135, 19.431684402173961 ], [ -99.101728708981739, 19.431439852305314 ], [ -99.102478948904164, 19.430085580020283 ], [ -99.102710845446325, 19.429671952960057 ], [ -99.103191294193451, 19.428814982995547 ], [ -99.10337346167114, 19.428490050627165 ], [ -99.10375512625393, 19.428994885158996 ], [ -99.10387425255324, 19.429187054932836 ], [ -99.104079152188305, 19.429234009386168 ], [ -99.104142333099034, 19.429194272557208 ], [ -99.104176971388071, 19.42917473843206 ], [ -99.104247103101756, 19.429041918069359 ], [ -99.104329299505352, 19.429165118427921 ], [ -99.104224595472274, 19.429318973077422 ], [ -99.104109035967682, 19.429493239369112 ], [ -99.104484032560791, 19.430047068499743 ], [ -99.10401364678475, 19.430872114375646 ], [ -99.103267788591708, 19.432180312928576 ] ] ] ] } },
{ "type": "Feature", "properties": { "id": 2808.0, "entidad": 9, "distrito_f": 11, "distrito_l": 10, "municipio": 17, "seccion": 5313, "tipo": 2, "control": 33221.0, "SECCION_TX": "5313", "SECCION__1": null, "SECCION__2": null, "SECCION_N": "5313", "ESTATUS": null, "ALCALDIA_N": "VENUSTIANO CARRANZA", "EN_OPERATI": null, "EN_OP": "NO", "SEC_N": "5313", "EST": null, "ALC_N": "VENUSTIANO CARRANZA", "OP": "NO", "NOMBRE": "MOCTEZUMA 1A SECCION" }, "geometry": { "type": "MultiPolygon", "coordinates": [ [ [ [ -99.105684727712074, 19.433581831047007 ], [ -99.105176925936803, 19.433372643657055 ], [ -99.104670210661197, 19.433117661417345 ], [ -99.10416158452523, 19.432861715386224 ], [ -99.103665239724791, 19.432611947294074 ], [ -99.103188675029116, 19.432372130838647 ], [ -99.102637927823963, 19.432094981879658 ], [ -99.102679621591008, 19.432033111229636 ], [ -99.102738725143652, 19.431945405571788 ], [ -99.103267788591708, 19.432180312928576 ], [ -99.10401364678475, 19.430872114375646 ], [ -99.104484032560791, 19.430047068499743 ], [ -99.104109035967682, 19.429493239369112 ], [ -99.104224595472274, 19.429318973077422 ], [ -99.104329299505352, 19.429165118427921 ], [ -99.104566760315336, 19.429471493464678 ], [ -99.104766168447782, 19.429728771300187 ], [ -99.105184499527482, 19.430345299849538 ], [ -99.10560747324682, 19.430955216425698 ], [ -99.106039739087919, 19.431567329286256 ], [ -99.106307179490557, 19.431964909907364 ], [ -99.106322088923363, 19.431987074408106 ], [ -99.10634147483421, 19.432015893671604 ], [ -99.106476676359136, 19.432216885088661 ], [ -99.106383557469428, 19.432371906646964 ], [ -99.106358750885789, 19.432339069121475 ], [ -99.106151882929453, 19.432065228592389 ], [ -99.105994800701993, 19.431857290919222 ], [ -99.105744049633856, 19.431752900469093 ], [ -99.105537282191406, 19.43150474616705 ], [ -99.10547487067555, 19.431619687616966 ], [ -99.104783959815649, 19.432892105520992 ], [ -99.104729473747469, 19.432991916581113 ], [ -99.105241137577082, 19.433257390698987 ], [ -99.105508184841881, 19.433370742697814 ], [ -99.105762779949941, 19.433461783183269 ], [ -99.105684727712074, 19.433581831047007 ] ] ] ] } },
{ "type": "Feature", "properties": { "id": 2809.0, "entidad": 9, "distrito_f": 11, "distrito_l": 10, "municipio": 17, "seccion": 5314, "tipo": 2, "control": 33214.0, "SECCION_TX": "5314", "SECCION__1": null, "SECCION__2": null, "SECCION_N": "5314", "ESTATUS": null, "ALCALDIA_N": "VENUSTIANO CARRANZA", "EN_OPERATI": null, "EN_OP": "NO", "SEC_N": "5314", "EST": null, "ALC_N": "VENUSTIANO CARRANZA", "OP": "NO", "NOMBRE": "MOCTEZUMA 1A SECCION" }, "geometry": { "type": "MultiPolygon", "coordinates": [ [ [ [ -99.107131849438886, 19.432422505680282 ], [ -99.106538311225066, 19.432099837344516 ], [ -99.106476676359136, 19.432216885088661 ], [ -99.10634147483421, 19.432015893671604 ], [ -99.106322088923363, 19.431987074408106 ], [ -99.106307179490557, 19.431964909907364 ], [ -99.106039739087919, 19.431567329286256 ], [ -99.10560747324682, 19.430955216425698 ], [ -99.106035109190117, 19.430215129570655 ], [ -99.106636552165213, 19.430511055247976 ], [ -99.107237997311117, 19.430806978912873 ], [ -99.107849043014269, 19.431107623099191 ], [ -99.107131849438886, 19.432422505680282 ] ] ] ] } },
{ "type": "Feature", "properties": { "id": 2812.0, "entidad": 9, "distrito_f": 11, "distrito_l": 10, "municipio": 17, "seccion": 5317, "tipo": 2, "control": 33216.0, "SECCION_TX": "5317", "SECCION__1": null, "SECCION__2": null, "SECCION_N": "5317", "ESTATUS": null, "ALCALDIA_N": "VENUSTIANO CARRANZA", "EN_OPERATI": null, "EN_OP": "NO", "SEC_N": "5317", "EST": null, "ALC_N": "VENUSTIANO CARRANZA", "OP": "NO", "NOMBRE": "MOCTEZUMA 1A SECCION" }, "geometry": { "type": "MultiPolygon", "coordinates": [ [ [ [ -99.108462800762851, 19.431420680526632 ], [ -99.107849043014269, 19.431107623099191 ], [ -99.107237997311117, 19.430806978912873 ], [ -99.106636552165213, 19.430511055247976 ], [ -99.106035109190117, 19.430215129570655 ], [ -99.106656960741404, 19.429097836462894 ], [ -99.106743272957431, 19.428942756200311 ], [ -99.107355375599283, 19.429238715574868 ], [ -99.107967480450199, 19.429534672865717 ], [ -99.108579587510107, 19.429830628072558 ], [ -99.109191696779064, 19.430126581195303 ], [ -99.108462800762851, 19.431420680526632 ] ] ] ] } },
{ "type": "Feature", "properties": { "id": 2813.0, "entidad": 9, "distrito_f": 11, "distrito_l": 10, "municipio": 17, "seccion": 5318, "tipo": 2, "control": 33215.0, "SECCION_TX": "5318", "SECCION__1": null, "SECCION__2": null, "SECCION_N": "5318", "ESTATUS": null, "ALCALDIA_N": "VENUSTIANO CARRANZA", "EN_OPERATI": null, "EN_OP": "NO", "SEC_N": "5318", "EST": null, "ALC_N": "VENUSTIANO CARRANZA", "OP": "NO", "NOMBRE": "MOCTEZUMA 1A SECCION" }, "geometry": { "type": "MultiPolygon", "coordinates": [ [ [ [ -99.10560747324682, 19.430955216425698 ], [ -99.105184499527482, 19.430345299849538 ], [ -99.104766168447782, 19.429728771300187 ], [ -99.104566760315336, 19.429471493464678 ], [ -99.104329299505352, 19.429165118427921 ], [ -99.104247103101756, 19.429041918069359 ], [ -99.103890051526662, 19.428506747484857 ], [ -99.10345314984059, 19.42788141536229 ], [ -99.103018581656784, 19.427269297321821 ], [ -99.103115789070287, 19.427100922703531 ], [ -99.103726991090113, 19.427410631670242 ], [ -99.1043066912885, 19.427704374997237 ], [ -99.104936605790428, 19.428023559398778 ], [ -99.105495479455442, 19.428306743761077 ], [ -99.105622956208634, 19.428189386127187 ], [ -99.106263601683523, 19.427027683448198 ], [ -99.106868436405392, 19.427335346123236 ], [ -99.107473273396906, 19.427643006762249 ], [ -99.107076678971865, 19.428345515586106 ], [ -99.107005634741569, 19.428471359283016 ], [ -99.106888648530131, 19.428681553920633 ], [ -99.106743272957431, 19.428942756200311 ], [ -99.106656960741404, 19.429097836462894 ], [ -99.106035109190117, 19.430215129570655 ], [ -99.10560747324682, 19.430955216425698 ] ] ] ] } },
{ "type": "Feature", "properties": { "id": 2814.0, "entidad": 9, "distrito_f": 11, "distrito_l": 10, "municipio": 17, "seccion": 5319, "tipo": 2, "control": 33226.0, "SECCION_TX": "5319", "SECCION__1": null, "SECCION__2": null, "SECCION_N": "5319", "ESTATUS": null, "ALCALDIA_N": "VENUSTIANO CARRANZA", "EN_OPERATI": null, "EN_OP": "NO", "SEC_N": "5319", "EST": null, "ALC_N": "VENUSTIANO CARRANZA", "OP": "NO", "NOMBRE": "MOCTEZUMA 1A SECCION" }, "geometry": { "type": "MultiPolygon", "coordinates": [ [ [ [ -99.102478948904164, 19.430085580020283 ], [ -99.101985366015626, 19.429836463434789 ], [ -99.101491784627171, 19.429587345493825 ], [ -99.102190525464721, 19.428296857491755 ], [ -99.101701430616416, 19.42805142699283 ], [ -99.101176578578048, 19.427788051040682 ], [ -99.100651728225884, 19.427524673556114 ], [ -99.101349791287618, 19.426246116629198 ], [ -99.101858674195654, 19.426502812921107 ], [ -99.101930255806025, 19.426390745923285 ], [ -99.10203651391916, 19.426243854317601 ], [ -99.102148160167133, 19.426059084109323 ], [ -99.102584008439095, 19.426643961674909 ], [ -99.102749027443593, 19.426914806923484 ], [ -99.103018581656784, 19.427269297321821 ], [ -99.10345314984059, 19.42788141536229 ], [ -99.103890051526662, 19.428506747484857 ], [ -99.104247103101756, 19.429041918069359 ], [ -99.104176971388071, 19.42917473843206 ], [ -99.104142333099034, 19.429194272557208 ], [ -99.104079152188305, 19.429234009386168 ], [ -99.10387425255324, 19.429187054932836 ], [ -99.10375512625393, 19.428994885158996 ], [ -99.10337346167114, 19.428490050627165 ], [ -99.103191294193451, 19.428814982995547 ], [ -99.102710845446325, 19.429671952960057 ], [ -99.102478948904164, 19.430085580020283 ] ] ] ] } },
{ "type": "Feature", "properties": { "id": 2820.0, "entidad": 9, "distrito_f": 11, "distrito_l": 10, "municipio": 17, "seccion": 5325, "tipo": 2, "control": 33232.0, "SECCION_TX": "5325", "SECCION__1": null, "SECCION__2": null, "SECCION_N": "5325", "ESTATUS": null, "ALCALDIA_N": "VENUSTIANO CARRANZA", "EN_OPERATI": null, "EN_OP": "NO", "SEC_N": "5325", "EST": null, "ALC_N": "VENUSTIANO CARRANZA", "OP": "NO", "NOMBRE": "MOCTEZUMA 1A SECCION" }, "geometry": { "type": "MultiPolygon", "coordinates": [ [ [ [ -99.098832359341486, 19.424955371332125 ], [ -99.0983329931951, 19.424694167484585 ], [ -99.098174002570019, 19.42461100366587 ], [ -99.097704453778363, 19.424389717558618 ], [ -99.097234906253632, 19.424168430226342 ], [ -99.096780757723408, 19.423954398365243 ], [ -99.096290209884984, 19.423723210263891 ], [ -99.096006693566508, 19.423589592216697 ], [ -99.096341202255459, 19.423587905356328 ], [ -99.09700312341451, 19.423584565604308 ], [ -99.09755607882461, 19.423581773794233 ], [ -99.098182676251355, 19.423628511732556 ], [ -99.09820500463988, 19.423375281010721 ], [ -99.098339817279211, 19.422721722927594 ], [ -99.098541041657384, 19.421530079798561 ], [ -99.099152786783435, 19.421844028994141 ], [ -99.099456244198834, 19.421999762913341 ], [ -99.099473101640868, 19.422198872847307 ], [ -99.099527741662257, 19.422844244339565 ], [ -99.099864841239977, 19.423577443239019 ], [ -99.099584386953183, 19.423577597242907 ], [ -99.098832359341486, 19.424955371332125 ] ] ] ] } },
{ "type": "Feature", "properties": { "id": 2821.0, "entidad": 9, "distrito_f": 11, "distrito_l": 10, "municipio": 17, "seccion": 5326, "tipo": 2, "control": 33231.0, "SECCION_TX": "5326", "SECCION__1": null, "SECCION__2": null, "SECCION_N": "5326", "ESTATUS": null, "ALCALDIA_N": "VENUSTIANO CARRANZA", "EN_OPERATI": null, "EN_OP": "NO", "SEC_N": "5326", "EST": null, "ALC_N": "VENUSTIANO CARRANZA", "OP": "NO", "NOMBRE": "MOCTEZUMA 1A SECCION" }, "geometry": { "type": "MultiPolygon", "coordinates": [ [ [ [ -99.101858674195654, 19.426502812921107 ], [ -99.101349791287618, 19.426246116629198 ], [ -99.100827971925227, 19.425999195829846 ], [ -99.10032247155668, 19.425734792317485 ], [ -99.099819257448516, 19.42547158238084 ], [ -99.099325807618101, 19.425213477534047 ], [ -99.098832359341486, 19.424955371332125 ], [ -99.099584386953183, 19.423577597242907 ], [ -99.099864841239977, 19.423577443239019 ], [ -99.099942171639711, 19.423453356372629 ], [ -99.099971691734169, 19.423362165144212 ], [ -99.100005199364048, 19.423269280421909 ], [ -99.100028957261202, 19.423026994063008 ], [ -99.100382344481602, 19.423635254470835 ], [ -99.100848114155212, 19.424213094892963 ], [ -99.101001483519596, 19.424426676711857 ], [ -99.101268723051064, 19.424805401406729 ], [ -99.10171256665501, 19.425419721411284 ], [ -99.102148160167133, 19.426059084109323 ], [ -99.10203651391916, 19.426243854317601 ], [ -99.101930255806025, 19.426390745923285 ], [ -99.101858674195654, 19.426502812921107 ] ] ] ] } },
{ "type": "Feature", "properties": { "id": 2822.0, "entidad": 9, "distrito_f": 11, "distrito_l": 10, "municipio": 17, "seccion": 5327, "tipo": 2, "control": 33220.0, "SECCION_TX": "5327", "SECCION__1": null, "SECCION__2": null, "SECCION_N": "5327", "ESTATUS": null, "ALCALDIA_N": "VENUSTIANO CARRANZA", "EN_OPERATI": null, "EN_OP": "NO", "SEC_N": "5327", "EST": null, "ALC_N": "VENUSTIANO CARRANZA", "OP": "NO", "NOMBRE": "MOCTEZUMA 1A SECCION" }, "geometry": { "type": "MultiPolygon", "coordinates": [ [ [ [ -99.105046885402245, 19.426419052107839 ], [ -99.104438597073681, 19.426113935653511 ], [ -99.103830288079493, 19.425808805639203 ], [ -99.103215804974568, 19.425500575425531 ], [ -99.102617590348132, 19.425200502495148 ], [ -99.102019377910992, 19.424900427574091 ], [ -99.102731872056665, 19.423631613575559 ], [ -99.103324105664257, 19.423919838254008 ], [ -99.103930279021299, 19.424219066771315 ], [ -99.10453878059829, 19.424524900164823 ], [ -99.105154242718328, 19.424819713705535 ], [ -99.105774354907453, 19.425121130691164 ], [ -99.105046885402245, 19.426419052107839 ] ] ] ] } },
{ "type": "Feature", "properties": { "id": 2823.0, "entidad": 9, "distrito_f": 11, "distrito_l": 10, "municipio": 17, "seccion": 5328, "tipo": 2, "control": 33219.0, "SECCION_TX": "5328", "SECCION__1": null, "SECCION__2": null, "SECCION_N": "5328", "ESTATUS": null, "ALCALDIA_N": "VENUSTIANO CARRANZA", "EN_OPERATI": null, "EN_OP": "NO", "SEC_N": "5328", "EST": null, "ALC_N": "VENUSTIANO CARRANZA", "OP": "NO", "NOMBRE": "MOCTEZUMA 1A SECCION" }, "geometry": { "type": "MultiPolygon", "coordinates": [ [ [ [ -99.105495479455442, 19.428306743761077 ], [ -99.104936605790428, 19.428023559398778 ], [ -99.1043066912885, 19.427704374997237 ], [ -99.103726991090113, 19.427410631670242 ], [ -99.103115789070287, 19.427100922703531 ], [ -99.103018581656784, 19.427269297321821 ], [ -99.102749027443593, 19.426914806923484 ], [ -99.102584008439095, 19.426643961674909 ], [ -99.102148160167133, 19.426059084109323 ], [ -99.10171256665501, 19.425419721411284 ], [ -99.101268723051064, 19.424805401406729 ], [ -99.101001483519596, 19.424426676711857 ], [ -99.101404699653372, 19.424592089861893 ], [ -99.102019377910992, 19.424900427574091 ], [ -99.102617590348132, 19.425200502495148 ], [ -99.103215804974568, 19.425500575425531 ], [ -99.103830288079493, 19.425808805639203 ], [ -99.104438597073681, 19.426113935653511 ], [ -99.105046885402245, 19.426419052107839 ], [ -99.105655242413988, 19.426723368807529 ], [ -99.106263601683523, 19.427027683448198 ], [ -99.105622956208634, 19.428189386127187 ], [ -99.105495479455442, 19.428306743761077 ] ] ] ] } },
{ "type": "Feature", "properties": { "id": 2824.0, "entidad": 9, "distrito_f": 11, "distrito_l": 10, "municipio": 17, "seccion": 5329, "tipo": 2, "control": 33218.0, "SECCION_TX": "5329", "SECCION__1": null, "SECCION__2": null, "SECCION_N": "5329", "ESTATUS": null, "ALCALDIA_N": "VENUSTIANO CARRANZA", "EN_OPERATI": null, "EN_OP": "NO", "SEC_N": "5329", "EST": null, "ALC_N": "VENUSTIANO CARRANZA", "OP": "NO", "NOMBRE": "MOCTEZUMA 1A SECCION" }, "geometry": { "type": "MultiPolygon", "coordinates": [ [ [ [ -99.107967480450199, 19.429534672865717 ], [ -99.107355375599283, 19.429238715574868 ], [ -99.106743272957431, 19.428942756200311 ], [ -99.106888648530131, 19.428681553920633 ], [ -99.107005634741569, 19.428471359283016 ], [ -99.107076678971865, 19.428345515586106 ], [ -99.107473273396906, 19.427643006762249 ], [ -99.106868436405392, 19.427335346123236 ], [ -99.106263601683523, 19.427027683448198 ], [ -99.105655242413988, 19.426723368807529 ], [ -99.105046885402245, 19.426419052107839 ], [ -99.105774354907453, 19.425121130691164 ], [ -99.106352671338698, 19.425413759012645 ], [ -99.106987698789652, 19.42573717579133 ], [ -99.107578987672767, 19.426034212844357 ], [ -99.108208404889382, 19.426348832440265 ], [ -99.108796009908531, 19.426630433608164 ], [ -99.108068691638465, 19.427935046891168 ], [ -99.108226221591892, 19.428010821845916 ], [ -99.10867116854385, 19.428224848813134 ], [ -99.107967480450199, 19.429534672865717 ] ] ] ] } },
{ "type": "Feature", "properties": { "id": 2828.0, "entidad": 9, "distrito_f": 11, "distrito_l": 10, "municipio": 17, "seccion": 5333, "tipo": 2, "control": 37477.0, "SECCION_TX": "5333", "SECCION__1": null, "SECCION__2": null, "SECCION_N": "5333", "ESTATUS": null, "ALCALDIA_N": "VENUSTIANO CARRANZA", "EN_OPERATI": null, "EN_OP": "NO", "SEC_N": "5333", "EST": null, "ALC_N": "VENUSTIANO CARRANZA", "OP": "NO", "NOMBRE": "MOCTEZUMA 1A SECCION" }, "geometry": { "type": "MultiPolygon", "coordinates": [ [ [ [ -99.107566451923148, 19.434208292520285 ], [ -99.107458080123962, 19.434163277035463 ], [ -99.107136649783868, 19.43402976075151 ], [ -99.106716192371962, 19.433900047690305 ], [ -99.105684727712074, 19.433581831047007 ], [ -99.105762779949941, 19.433461783183269 ], [ -99.105508184841881, 19.433370742697814 ], [ -99.105241137577082, 19.433257390698987 ], [ -99.104729473747469, 19.432991916581113 ], [ -99.104783959815649, 19.432892105520992 ], [ -99.10547487067555, 19.431619687616966 ], [ -99.105537282191406, 19.43150474616705 ], [ -99.10574404963387, 19.431752900469093 ], [ -99.105994800701993, 19.431857290919222 ], [ -99.106151882929453, 19.432065228592389 ], [ -99.106358750885789, 19.432339069121475 ], [ -99.106383557469428, 19.432371906646964 ], [ -99.106476676359136, 19.432216885088661 ], [ -99.106922858584099, 19.432795946309895 ], [ -99.107356851925857, 19.433418076496039 ], [ -99.10753392428893, 19.433653534887963 ], [ -99.107520361845232, 19.433688191260128 ], [ -99.107508174680049, 19.43371932628262 ], [ -99.107547154311789, 19.433796931697067 ], [ -99.107605317518207, 19.433921306223858 ], [ -99.107631939042776, 19.434026981202877 ], [ -99.107642979409221, 19.434070813513181 ], [ -99.107586342980525, 19.434061416167559 ], [ -99.107583456291323, 19.434129235478277 ], [ -99.107566451923148, 19.434208292520285 ] ] ] ] } },
{ "type": "Feature", "properties": { "id": 2829.0, "entidad": 9, "distrito_f": 11, "distrito_l": 10, "municipio": 17, "seccion": 5334, "tipo": 2, "control": 37480.0, "SECCION_TX": "5334", "SECCION__1": null, "SECCION__2": null, "SECCION_N": "5334", "ESTATUS": null, "ALCALDIA_N": "VENUSTIANO CARRANZA", "EN_OPERATI": null, "EN_OP": "NO", "SEC_N": "5334", "EST": null, "ALC_N": "VENUSTIANO CARRANZA", "OP": "NO", "NOMBRE": "MOCTEZUMA 1A SECCION" }, "geometry": { "type": "MultiPolygon", "coordinates": [ [ [ [ -99.102019377910992, 19.424900427574091 ], [ -99.101404699653372, 19.424592089861893 ], [ -99.101001483519596, 19.424426676711857 ], [ -99.100848114155212, 19.424213094892963 ], [ -99.100382344481602, 19.423635254470835 ], [ -99.100028957261202, 19.423026994063008 ], [ -99.100005199364048, 19.423269280421909 ], [ -99.099971691734169, 19.423362165144212 ], [ -99.099942171639711, 19.423453356372629 ], [ -99.099864841239977, 19.423577443239019 ], [ -99.099527741662257, 19.422844244339565 ], [ -99.099473101640868, 19.422198872847307 ], [ -99.099456244198834, 19.421999762913341 ], [ -99.099602529682585, 19.422073591698929 ], [ -99.099748815298057, 19.422147420365494 ], [ -99.100276421272824, 19.422413695487759 ], [ -99.100715058792289, 19.422639378868933 ], [ -99.100890483245493, 19.422729636027189 ], [ -99.101503277102736, 19.423022141739541 ], [ -99.102109452075936, 19.423334592909832 ], [ -99.102731872056665, 19.423631613575559 ], [ -99.102019377910992, 19.424900427574091 ] ] ] ] } },
{ "type": "Feature", "properties": { "id": 2844.0, "entidad": 9, "distrito_f": 11, "distrito_l": 10, "municipio": 17, "seccion": 5346, "tipo": 2, "control": 33890.0, "SECCION_TX": "5346", "SECCION__1": null, "SECCION__2": null, "SECCION_N": "5346", "ESTATUS": null, "ALCALDIA_N": "VENUSTIANO CARRANZA", "EN_OPERATI": null, "EN_OP": "NO", "SEC_N": "5346", "EST": null, "ALC_N": "VENUSTIANO CARRANZA", "OP": "NO", "NOMBRE": "MOCTEZUMA 1A SECCION" }, "geometry": { "type": "MultiPolygon", "coordinates": [ [ [ [ -99.106352671338698, 19.425413759012645 ], [ -99.105774354907453, 19.425121130691164 ], [ -99.105154242718328, 19.424819713705535 ], [ -99.10453878059829, 19.424524900164823 ], [ -99.103930279021299, 19.424219066771315 ], [ -99.103324105664257, 19.423919838254008 ], [ -99.103384569397562, 19.423727158919156 ], [ -99.103405325226674, 19.423661016361656 ], [ -99.103432879406654, 19.423573209427055 ], [ -99.103487936653167, 19.42339775814628 ], [ -99.103544954581139, 19.42342598000225 ], [ -99.104497138664016, 19.423897273309912 ], [ -99.104777233890076, 19.423423368914406 ], [ -99.104910446382505, 19.423197980213565 ], [ -99.104689327088877, 19.42308518356932 ], [ -99.104796454184552, 19.422846089752156 ], [ -99.104949938958924, 19.422503530262425 ], [ -99.105062870649888, 19.422251479358206 ], [ -99.105232950796903, 19.422321286379503 ], [ -99.105674826604528, 19.421457433144663 ], [ -99.106038603467113, 19.42160028894515 ], [ -99.106092375641651, 19.421494654371049 ], [ -99.106327971171069, 19.421604451090875 ], [ -99.106737843122673, 19.421795466346001 ], [ -99.106889965098262, 19.421866360375581 ], [ -99.107299715658939, 19.422057317169198 ], [ -99.107862828741304, 19.422319743528448 ], [ -99.10779844568448, 19.422427378680357 ], [ -99.107176614428525, 19.42346694340792 ], [ -99.106981250188696, 19.423793546155611 ], [ -99.106628976306169, 19.42438246083039 ], [ -99.106379467818115, 19.424799574231514 ], [ -99.106368784184383, 19.425044447418692 ], [ -99.106364078235785, 19.425137846951596 ], [ -99.106360727770081, 19.425229103217688 ], [ -99.106352671338698, 19.425413759012645 ] ] ] ] } },
{ "type": "Feature", "properties": { "id": 2845.0, "entidad": 9, "distrito_f": 11, "distrito_l": 10, "municipio": 17, "seccion": 5347, "tipo": 2, "control": 33889.0, "SECCION_TX": "5347", "SECCION__1": null, "SECCION__2": null, "SECCION_N": "5347", "ESTATUS": null, "ALCALDIA_N": "VENUSTIANO CARRANZA", "EN_OPERATI": null, "EN_OP": "NO", "SEC_N": "5347", "EST": null, "ALC_N": "VENUSTIANO CARRANZA", "OP": "NO", "NOMBRE": "MOCTEZUMA 1A SECCION" }, "geometry": { "type": "MultiPolygon", "coordinates": [ [ [ [ -99.103324105664257, 19.423919838254008 ], [ -99.102731872056665, 19.423631613575559 ], [ -99.102109452075936, 19.423334592909832 ], [ -99.101503277102736, 19.423022141739541 ], [ -99.100890483245493, 19.422729636027189 ], [ -99.100715058792289, 19.422639378868933 ], [ -99.100276421272824, 19.422413695487847 ], [ -99.099748815298057, 19.422147420365494 ], [ -99.09973911566648, 19.42191081285242 ], [ -99.099736501065465, 19.421847033578185 ], [ -99.099731935552072, 19.421735664592521 ], [ -99.099722056394569, 19.421494676516392 ], [ -99.099752488262368, 19.421510439276013 ], [ -99.100463592081013, 19.421878766574032 ], [ -99.101659312497091, 19.422489234915272 ], [ -99.102033242970634, 19.422088699109992 ], [ -99.102302569591842, 19.421800208073169 ], [ -99.102780461185631, 19.421281190384509 ], [ -99.103533821716965, 19.420462988351936 ], [ -99.103639036461487, 19.420348716904741 ], [ -99.103693533608137, 19.420374182131305 ], [ -99.103748030771683, 19.420399647341451 ], [ -99.105308903885913, 19.421128995341128 ], [ -99.10574241647079, 19.421331558886465 ], [ -99.106092375641651, 19.421494654371049 ], [ -99.106038603467113, 19.42160028894515 ], [ -99.105674826604528, 19.421457433144663 ], [ -99.105232950796903, 19.422321286379503 ], [ -99.105062870649888, 19.422251479358206 ], [ -99.104949938958924, 19.422503530262425 ], [ -99.104796454184552, 19.422846089752156 ], [ -99.104689327088877, 19.42308518356932 ], [ -99.104910446382505, 19.423197980213565 ], [ -99.104777233890076, 19.423423368914406 ], [ -99.104497138664016, 19.423897273309912 ], [ -99.103544954581139, 19.42342598000225 ], [ -99.103487936653167, 19.42339775814628 ], [ -99.103432879406654, 19.423573209427055 ], [ -99.103405325226674, 19.423661016361656 ], [ -99.103384569397562, 19.423727158919156 ], [ -99.103324105664257, 19.423919838254008 ] ] ] ] } },
{ "type": "Feature", "properties": { "id": 2846.0, "entidad": 9, "distrito_f": 11, "distrito_l": 10, "municipio": 17, "seccion": 5348, "tipo": 2, "control": 37481.0, "SECCION_TX": "5348", "SECCION__1": null, "SECCION__2": null, "SECCION_N": "5348", "ESTATUS": null, "ALCALDIA_N": "VENUSTIANO CARRANZA", "EN_OPERATI": null, "EN_OP": "NO", "SEC_N": "5348", "EST": null, "ALC_N": "VENUSTIANO CARRANZA", "OP": "NO", "NOMBRE": "MOCTEZUMA 1A SECCION" }, "geometry": { "type": "MultiPolygon", "coordinates": [ [ [ [ -99.101659312497105, 19.422489234915272 ], [ -99.100463592081013, 19.421878766574032 ], [ -99.099752488262368, 19.421510439276013 ], [ -99.099722056394569, 19.421494676516392 ], [ -99.099731935552072, 19.421735664592521 ], [ -99.099736501065465, 19.421847033578185 ], [ -99.09973911566648, 19.42191081285242 ], [ -99.099748815298057, 19.422147420365494 ], [ -99.099602529682585, 19.422073591698929 ], [ -99.099456244198834, 19.421999762913341 ], [ -99.099387607598445, 19.421746098159943 ], [ -99.099371315262985, 19.421671308566264 ], [ -99.09933232788903, 19.42152616931838 ], [ -99.099248273515101, 19.421191760057464 ], [ -99.099221683893731, 19.42108704867546 ], [ -99.09914785233218, 19.420796295214579 ], [ -99.099014724754568, 19.41984866866898 ], [ -99.098934706637138, 19.419309035412372 ], [ -99.098773295970261, 19.418314098688935 ], [ -99.098620973608391, 19.417406999393865 ], [ -99.098607636277848, 19.417328285889344 ], [ -99.098561417857098, 19.417055516015026 ], [ -99.098560930231088, 19.416994312232355 ], [ -99.098562600604922, 19.416958784238165 ], [ -99.098562569503798, 19.416922858135464 ], [ -99.09856389570767, 19.416865050324208 ], [ -99.098713050418255, 19.416839169664829 ], [ -99.098828106914922, 19.416819205485986 ], [ -99.098919171441452, 19.416769768222576 ], [ -99.099010235912772, 19.416720330913488 ], [ -99.099026646819212, 19.416821667369309 ], [ -99.099035481567256, 19.416880659193463 ], [ -99.09904431632178, 19.416939651016687 ], [ -99.099059291283893, 19.41703602027297 ], [ -99.099126308091201, 19.417467296040908 ], [ -99.099359470301366, 19.418967755173078 ], [ -99.099905709972205, 19.419202701117005 ], [ -99.100187327714437, 19.419323828257603 ], [ -99.100487165023807, 19.41945279117061 ], [ -99.100941654409439, 19.419648270092804 ], [ -99.101100067811103, 19.419317939086365 ], [ -99.101440957662817, 19.419481899936677 ], [ -99.101517809710501, 19.419518864021146 ], [ -99.101959502820264, 19.419731307386598 ], [ -99.10147982233498, 19.42066378058141 ], [ -99.101543154153646, 19.420691422154579 ], [ -99.101245485904002, 19.421270374853467 ], [ -99.102261426334067, 19.421779586362263 ], [ -99.102302569591842, 19.421800208073169 ], [ -99.102033242970634, 19.422088699109992 ], [ -99.101659312497105, 19.422489234915272 ] ] ] ] } },
{ "type": "Feature", "properties": { "id": 2931.0, "entidad": 9, "distrito_f": 11, "distrito_l": 11, "municipio": 17, "seccion": 5430, "tipo": 2, "control": 33923.0, "SECCION_TX": "5430", "SECCION__1": null, "SECCION__2": null, "SECCION_N": "5430", "ESTATUS": null, "ALCALDIA_N": "VENUSTIANO CARRANZA", "EN_OPERATI": null, "EN_OP": "NO", "SEC_N": "5430", "EST": null, "ALC_N": "VENUSTIANO CARRANZA", "OP": "NO", "NOMBRE": "EL ARENAL 4A SECCION" }, "geometry": { "type": "MultiPolygon", "coordinates": [ [ [ [ -99.054960166059772, 19.430622830374045 ], [ -99.054566233441065, 19.43052390821439 ], [ -99.054208089314713, 19.430433972213851 ], [ -99.054744746619107, 19.429232444627164 ], [ -99.055327550395532, 19.427927577307969 ], [ -99.055618565020112, 19.427952316777802 ], [ -99.055743940109551, 19.427962974904432 ], [ -99.056087229034617, 19.427992157418952 ], [ -99.056046499998004, 19.428261695030056 ], [ -99.055463052464958, 19.429529821418893 ], [ -99.054960166059772, 19.430622830374045 ] ] ] ] } },
{ "type": "Feature", "properties": { "id": 2932.0, "entidad": 9, "distrito_f": 11, "distrito_l": 11, "municipio": 17, "seccion": 5431, "tipo": 2, "control": 33875.0, "SECCION_TX": "5431", "SECCION__1": null, "SECCION__2": null, "SECCION_N": "5431", "ESTATUS": null, "ALCALDIA_N": "VENUSTIANO CARRANZA", "EN_OPERATI": null, "EN_OP": "NO", "SEC_N": "5431", "EST": null, "ALC_N": "VENUSTIANO CARRANZA", "OP": "NO", "NOMBRE": "EL ARENAL 4A SECCION" }, "geometry": { "type": "MultiPolygon", "coordinates": [ [ [ [ -99.059644844263786, 19.431865283828675 ], [ -99.059258505876628, 19.43176216059814 ], [ -99.058881353251806, 19.431661488353257 ], [ -99.058083818429381, 19.431448601725901 ], [ -99.057707090268778, 19.431348039953498 ], [ -99.057682447302739, 19.431341461862139 ], [ -99.057569854441439, 19.431571934046389 ], [ -99.057202117027487, 19.431475799134741 ], [ -99.056834106464606, 19.431379591955181 ], [ -99.05641529495027, 19.431270314107483 ], [ -99.056007574174359, 19.43116541719926 ], [ -99.056243214452451, 19.430673199817068 ], [ -99.056553717263697, 19.430001734767444 ], [ -99.056888588036188, 19.429277566974413 ], [ -99.056663483560214, 19.428996969761066 ], [ -99.057225853746885, 19.428577768494634 ], [ -99.057363254176551, 19.428747549841027 ], [ -99.057596858899402, 19.429036206718791 ], [ -99.057850149008502, 19.429323774830706 ], [ -99.058103440009475, 19.429611342577768 ], [ -99.058357902632466, 19.429900239110339 ], [ -99.05860980216562, 19.430186224346293 ], [ -99.0599322774776, 19.429177059890382 ], [ -99.060182528613325, 19.429473468105972 ], [ -99.06043278065745, 19.429769875964446 ], [ -99.060694048404613, 19.430079329703602 ], [ -99.060941291284095, 19.430372170509685 ], [ -99.060409890643072, 19.43078730240995 ], [ -99.06035781006409, 19.430816971163395 ], [ -99.060227681313236, 19.430891101521233 ], [ -99.060002111809666, 19.431127555327745 ], [ -99.059936197062953, 19.431196650445909 ], [ -99.059832980163307, 19.431352292346531 ], [ -99.059754064957971, 19.431513689442955 ], [ -99.059687310027684, 19.431703898772827 ], [ -99.059644844263786, 19.431865283828675 ] ] ] ] } },
{ "type": "Feature", "properties": { "id": 2936.0, "entidad": 9, "distrito_f": 11, "distrito_l": 11, "municipio": 17, "seccion": 5435, "tipo": 2, "control": 33934.0, "SECCION_TX": "5435", "SECCION__1": null, "SECCION__2": null, "SECCION_N": "5435", "ESTATUS": null, "ALCALDIA_N": "VENUSTIANO CARRANZA", "EN_OPERATI": null, "EN_OP": "NO", "SEC_N": "5435", "EST": null, "ALC_N": "VENUSTIANO CARRANZA", "OP": "NO", "NOMBRE": "EL ARENAL 4A SECCION" }, "geometry": { "type": "MultiPolygon", "coordinates": [ [ [ [ -99.057596858899402, 19.429036206718791 ], [ -99.057363254176551, 19.428747549841027 ], [ -99.057225853746885, 19.428577768494634 ], [ -99.056663483560214, 19.428996969761066 ], [ -99.056612807462912, 19.428938101072717 ], [ -99.05634560638822, 19.428627701783199 ], [ -99.056329515438222, 19.428608011866302 ], [ -99.056046499998004, 19.428261695030056 ], [ -99.056087229034617, 19.427992157418952 ], [ -99.056606989995444, 19.428033376351589 ], [ -99.056795075710383, 19.428038252143267 ], [ -99.057083966377419, 19.427966665676664 ], [ -99.05719514968392, 19.427360067886909 ], [ -99.057982406209803, 19.426816375485082 ], [ -99.058203381314044, 19.427099539710383 ], [ -99.058455252106228, 19.427400901695204 ], [ -99.058707123827887, 19.427702263318317 ], [ -99.05895641707005, 19.428000538368892 ], [ -99.057596858899402, 19.429036206718791 ] ] ] ] } },
{ "type": "Feature", "properties": { "id": 3008.0, "entidad": 9, "distrito_f": 11, "distrito_l": 11, "municipio": 17, "seccion": 5497, "tipo": 2, "control": 33896.0, "SECCION_TX": "5497", "SECCION__1": null, "SECCION__2": null, "SECCION_N": "5497", "ESTATUS": "COMPLETA", "ALCALDIA_N": "VENUSTIANO CARRANZA", "EN_OPERATI": null, "EN_OP": "SI", "SEC_N": "5497", "EST": "COMPLETA", "ALC_N": "VENUSTIANO CARRANZA", "OP": "SI", "NOMBRE": "EL ARENAL 4A SECCION" }, "geometry": { "type": "MultiPolygon", "coordinates": [ [ [ [ -99.056007574174359, 19.43116541719926 ], [ -99.055641408315878, 19.431071210491247 ], [ -99.055205443627685, 19.430959044918229 ], [ -99.053632104192843, 19.43055673033221 ], [ -99.053115336906984, 19.430416375438803 ], [ -99.052740076619457, 19.430226020038724 ], [ -99.052588651139104, 19.430133953936206 ], [ -99.052658105160745, 19.430123846609312 ], [ -99.052727559173732, 19.430113739255777 ], [ -99.0528664671737, 19.430093524469097 ], [ -99.053034036778868, 19.430136047266551 ], [ -99.053417451651313, 19.430233342723565 ], [ -99.05379595505562, 19.430329390935722 ], [ -99.054208089314713, 19.430433972213851 ], [ -99.054566233441065, 19.43052390821439 ], [ -99.054960166059772, 19.430622830374045 ], [ -99.055463052464958, 19.429529821418893 ], [ -99.056046499998004, 19.428261695030056 ], [ -99.056329515438222, 19.428608011866302 ], [ -99.05634560638822, 19.428627701783199 ], [ -99.056612807462912, 19.428938101072717 ], [ -99.056663483560214, 19.428996969761066 ], [ -99.056888588036188, 19.429277566974413 ], [ -99.056553717263697, 19.430001734767444 ], [ -99.056243214452451, 19.430673199817068 ], [ -99.056007574174359, 19.43116541719926 ] ] ] ] } },
{ "type": "Feature", "properties": { "id": 3009.0, "entidad": 9, "distrito_f": 11, "distrito_l": 11, "municipio": 17, "seccion": 5498, "tipo": 2, "control": 33933.0, "SECCION_TX": "5498", "SECCION__1": null, "SECCION__2": null, "SECCION_N": "5498", "ESTATUS": null, "ALCALDIA_N": "VENUSTIANO CARRANZA", "EN_OPERATI": null, "EN_OP": "NO", "SEC_N": "5498", "EST": null, "ALC_N": "VENUSTIANO CARRANZA", "OP": "NO", "NOMBRE": "EL ARENAL 4A SECCION" }, "geometry": { "type": "MultiPolygon", "coordinates": [ [ [ [ -99.05860980216562, 19.430186224346293 ], [ -99.058357902632466, 19.429900239110339 ], [ -99.058103440009475, 19.429611342577768 ], [ -99.057850149008502, 19.429323774830706 ], [ -99.057596858899402, 19.429036206718791 ], [ -99.05895641707005, 19.428000538368892 ], [ -99.059441104288524, 19.428584892104283 ], [ -99.059691148086429, 19.428886350395587 ], [ -99.0599322774776, 19.429177059890382 ], [ -99.05860980216562, 19.430186224346293 ] ] ] ] } },
{ "type": "Feature", "properties": { "id": 2955.0, "entidad": 9, "distrito_f": 11, "distrito_l": 11, "municipio": 17, "seccion": 5454, "tipo": 2, "control": 33970.0, "SECCION_TX": "5454", "SECCION__1": null, "SECCION__2": null, "SECCION_N": "5454", "ESTATUS": null, "ALCALDIA_N": "VENUSTIANO CARRANZA", "EN_OPERATI": null, "EN_OP": "NO", "SEC_N": "5454", "EST": null, "ALC_N": "VENUSTIANO CARRANZA", "OP": "NO", "NOMBRE": "CUCHILLA PANTITLAN" }, "geometry": { "type": "MultiPolygon", "coordinates": [ [ [ [ -99.063423211387175, 19.423448070810718 ], [ -99.062846583228833, 19.423361896753786 ], [ -99.062372228931466, 19.423277073906611 ], [ -99.061874274744341, 19.423188029557007 ], [ -99.061376321095693, 19.423098983839747 ], [ -99.06142208755918, 19.422685106897418 ], [ -99.061477285590328, 19.422185935270804 ], [ -99.061485138273639, 19.422114920955593 ], [ -99.061516397221567, 19.421832235725713 ], [ -99.061531280502066, 19.421697640846755 ], [ -99.061565498939274, 19.421388190323945 ], [ -99.061606149448551, 19.421021219148347 ], [ -99.061612365775986, 19.4209644973071 ], [ -99.061619377278532, 19.420900945349967 ], [ -99.063691883357649, 19.420889294365931 ], [ -99.063686330509128, 19.420964096696895 ], [ -99.063683851210257, 19.420997495269148 ], [ -99.063637611048861, 19.421443143825854 ], [ -99.063625094017254, 19.421578560955471 ], [ -99.06359506312964, 19.421903453096352 ], [ -99.063578291787024, 19.422084894973253 ], [ -99.063551139323451, 19.422328639997254 ], [ -99.0635204304062, 19.422551381013584 ], [ -99.063479664497081, 19.422989121840484 ], [ -99.063423211387175, 19.423448070810718 ] ] ] ] } },
{ "type": "Feature", "properties": { "id": 2801.0, "entidad": 9, "distrito_f": 11, "distrito_l": 11, "municipio": 17, "seccion": 5307, "tipo": 2, "control": 33022.0, "SECCION_TX": "5307", "SECCION__1": null, "SECCION__2": null, "SECCION_N": "5307", "ESTATUS": null, "ALCALDIA_N": "VENUSTIANO CARRANZA", "EN_OPERATI": null, "EN_OP": "NO", "SEC_N": "5307", "EST": null, "ALC_N": "VENUSTIANO CARRANZA", "OP": "NO", "NOMBRE": "MOCTEZUMA 2A SECCION" }, "geometry": { "type": "MultiPolygon", "coordinates": [ [ [ [ -99.098306227522102, 19.431776434374527 ], [ -99.097786897877285, 19.431514559429271 ], [ -99.097267569891997, 19.43125268298358 ], [ -99.096746809120702, 19.430987270055251 ], [ -99.096282705194866, 19.430750731075673 ], [ -99.097063045753259, 19.42929627286528 ], [ -99.097550424497229, 19.429536154562324 ], [ -99.098076863992233, 19.429795259197917 ], [ -99.098584886056656, 19.430045296847201 ], [ -99.09963811152403, 19.430563665007558 ], [ -99.098823631082524, 19.430784155713045 ], [ -99.098306227522102, 19.431776434374527 ] ] ] ] } },
{ "type": "Feature", "properties": { "id": 2778.0, "entidad": 9, "distrito_f": 11, "distrito_l": 11, "municipio": 17, "seccion": 5285, "tipo": 2, "control": 32845.0, "SECCION_TX": "5285", "SECCION__1": null, "SECCION__2": null, "SECCION_N": "5285", "ESTATUS": null, "ALCALDIA_N": "VENUSTIANO CARRANZA", "EN_OPERATI": null, "EN_OP": "NO", "SEC_N": "5285", "EST": null, "ALC_N": "VENUSTIANO CARRANZA", "OP": "NO", "NOMBRE": "MOCTEZUMA 2A SECCION" }, "geometry": { "type": "MultiPolygon", "coordinates": [ [ [ [ -99.092146657793705, 19.440495595803313 ], [ -99.091585491529685, 19.44029838228554 ], [ -99.09107226234191, 19.440107911355131 ], [ -99.091109898363669, 19.440040479945665 ], [ -99.0911469811372, 19.439974039713213 ], [ -99.0927872780277, 19.437035100946311 ], [ -99.093282476755249, 19.437272886921438 ], [ -99.093817888757982, 19.43752998031453 ], [ -99.092228892676573, 19.440349672098154 ], [ -99.092184940417809, 19.44042766429909 ], [ -99.092146657793705, 19.440495595803313 ] ] ] ] } },
{ "type": "Feature", "properties": { "id": 2779.0, "entidad": 9, "distrito_f": 11, "distrito_l": 11, "municipio": 17, "seccion": 5286, "tipo": 2, "control": 32846.0, "SECCION_TX": "5286", "SECCION__1": null, "SECCION__2": null, "SECCION_N": "5286", "ESTATUS": null, "ALCALDIA_N": "VENUSTIANO CARRANZA", "EN_OPERATI": null, "EN_OP": "NO", "SEC_N": "5286", "EST": null, "ALC_N": "VENUSTIANO CARRANZA", "OP": "NO", "NOMBRE": "MOCTEZUMA 2A SECCION" }, "geometry": { "type": "MultiPolygon", "coordinates": [ [ [ [ -99.09107226234191, 19.440107911355131 ], [ -99.090515932989746, 19.439901442832372 ], [ -99.089990441676804, 19.439706417067843 ], [ -99.089858212960948, 19.439657342666724 ], [ -99.089896507984534, 19.43958809627992 ], [ -99.089932607779005, 19.439522819320892 ], [ -99.091643698801349, 19.436428694094566 ], [ -99.091779922186163, 19.436500930016955 ], [ -99.092269159423353, 19.436760359156107 ], [ -99.0927872780277, 19.437035100946311 ], [ -99.0911469811372, 19.439974039713213 ], [ -99.091109898363669, 19.440040479945665 ], [ -99.09107226234191, 19.440107911355131 ] ] ] ] } },
{ "type": "Feature", "properties": { "id": 2780.0, "entidad": 9, "distrito_f": 11, "distrito_l": 11, "municipio": 17, "seccion": 5287, "tipo": 2, "control": 37471.0, "SECCION_TX": "5287", "SECCION__1": null, "SECCION__2": null, "SECCION_N": "5287", "ESTATUS": null, "ALCALDIA_N": "VENUSTIANO CARRANZA", "EN_OPERATI": null, "EN_OP": "NO", "SEC_N": "5287", "EST": null, "ALC_N": "VENUSTIANO CARRANZA", "OP": "NO", "NOMBRE": "MOCTEZUMA 2A SECCION" }, "geometry": { "type": "MultiPolygon", "coordinates": [ [ [ [ -99.089858212960948, 19.439657342666724 ], [ -99.089369700225689, 19.439492371859959 ], [ -99.088807999886868, 19.439302683547488 ], [ -99.087993764980183, 19.439047398152351 ], [ -99.088066050593127, 19.438976876212948 ], [ -99.088116076100874, 19.438928071208903 ], [ -99.088339869349269, 19.437847690421776 ], [ -99.088368142431207, 19.437711198698882 ], [ -99.088445609671425, 19.437337215037406 ], [ -99.088635028520812, 19.436471862921813 ], [ -99.088694487274083, 19.436485003161511 ], [ -99.089392756449968, 19.436639384135535 ], [ -99.08975782936723, 19.436696645836417 ], [ -99.09067024117347, 19.437165602106862 ], [ -99.091206047501274, 19.43621914666166 ], [ -99.091643698801349, 19.436428694094566 ], [ -99.089932607779005, 19.439522819320892 ], [ -99.089896507984534, 19.43958809627992 ], [ -99.089858212960948, 19.439657342666724 ] ] ] ] } },
{ "type": "Feature", "properties": { "id": 2781.0, "entidad": 9, "distrito_f": 11, "distrito_l": 11, "municipio": 17, "seccion": 5288, "tipo": 2, "control": 32847.0, "SECCION_TX": "5288", "SECCION__1": null, "SECCION__2": null, "SECCION_N": "5288", "ESTATUS": null, "ALCALDIA_N": "VENUSTIANO CARRANZA", "EN_OPERATI": null, "EN_OP": "NO", "SEC_N": "5288", "EST": null, "ALC_N": "VENUSTIANO CARRANZA", "OP": "NO", "NOMBRE": "MOCTEZUMA 2A SECCION" }, "geometry": { "type": "MultiPolygon", "coordinates": [ [ [ [ -99.09067024117347, 19.437165602106862 ], [ -99.08975782936723, 19.436696645836417 ], [ -99.089392756449968, 19.436639384135535 ], [ -99.088694487274083, 19.436485003161511 ], [ -99.088635028520812, 19.436471862921813 ], [ -99.088727846621538, 19.436079631587788 ], [ -99.088754963204494, 19.435965041461039 ], [ -99.088680824424301, 19.435921457243705 ], [ -99.088703690885353, 19.435837762577126 ], [ -99.08849887477615, 19.435772112619041 ], [ -99.088508251756963, 19.43563462477621 ], [ -99.088253006776242, 19.435564369123611 ], [ -99.088179602831829, 19.435549493371212 ], [ -99.088107826715841, 19.435536384374686 ], [ -99.088023012218372, 19.435515310064783 ], [ -99.088054422022708, 19.43533895758479 ], [ -99.088032358984265, 19.435321035684975 ], [ -99.087992246254657, 19.435297650584427 ], [ -99.089080312803048, 19.433323619768196 ], [ -99.089627286186627, 19.433594629953987 ], [ -99.090106191723621, 19.433831912302185 ], [ -99.090595598189694, 19.43406375238472 ], [ -99.091061489223861, 19.434306760803526 ], [ -99.091527375389006, 19.434538610149662 ], [ -99.092000625653526, 19.434765660600601 ], [ -99.092411172371456, 19.434977692633492 ], [ -99.09259163522195, 19.435071377302453 ], [ -99.093062903886491, 19.435316028228151 ], [ -99.093582155683805, 19.435585586484795 ], [ -99.0927872780277, 19.437035100946311 ], [ -99.092269159423353, 19.436760359156107 ], [ -99.091779922186163, 19.436500930016955 ], [ -99.091643698801349, 19.436428694094566 ], [ -99.091206047501274, 19.43621914666166 ], [ -99.09067024117347, 19.437165602106862 ] ] ] ] } },
{ "type": "Feature", "properties": { "id": 2782.0, "entidad": 9, "distrito_f": 11, "distrito_l": 11, "municipio": 17, "seccion": 5289, "tipo": 2, "control": 32848.0, "SECCION_TX": "5289", "SECCION__1": null, "SECCION__2": null, "SECCION_N": "5289", "ESTATUS": null, "ALCALDIA_N": "VENUSTIANO CARRANZA", "EN_OPERATI": null, "EN_OP": "NO", "SEC_N": "5289", "EST": null, "ALC_N": "VENUSTIANO CARRANZA", "OP": "NO", "NOMBRE": "MOCTEZUMA 2A SECCION" }, "geometry": { "type": "MultiPolygon", "coordinates": [ [ [ [ -99.095346060209522, 19.438287546486929 ], [ -99.094930077544902, 19.438066636014192 ], [ -99.094318072557016, 19.437777216987811 ], [ -99.093817888757982, 19.43752998031453 ], [ -99.093282476755249, 19.437272886921438 ], [ -99.0927872780277, 19.437035100946311 ], [ -99.093582155683805, 19.435585586484795 ], [ -99.094095393249702, 19.435831216391314 ], [ -99.094608632354053, 19.436076844833543 ], [ -99.095099012143393, 19.436311531098809 ], [ -99.095629767130433, 19.436565537887489 ], [ -99.096497799519767, 19.434986707159673 ], [ -99.09703475301589, 19.435252296309162 ], [ -99.097571708252403, 19.435517883854903 ], [ -99.096688859666926, 19.437105167977947 ], [ -99.096169697638402, 19.436843788698042 ], [ -99.096028561937942, 19.437091188192234 ], [ -99.095559755079748, 19.437912962598574 ], [ -99.095452907766813, 19.43810025457557 ], [ -99.095346060209522, 19.438287546486929 ] ] ] ] } },
{ "type": "Feature", "properties": { "id": 2789.0, "entidad": 9, "distrito_f": 11, "distrito_l": 11, "municipio": 17, "seccion": 5295, "tipo": 2, "control": 32903.0, "SECCION_TX": "5295", "SECCION__1": null, "SECCION__2": null, "SECCION_N": "5295", "ESTATUS": null, "ALCALDIA_N": "VENUSTIANO CARRANZA", "EN_OPERATI": null, "EN_OP": "NO", "SEC_N": "5295", "EST": null, "ALC_N": "VENUSTIANO CARRANZA", "OP": "NO", "NOMBRE": "MOCTEZUMA 2A SECCION" }, "geometry": { "type": "MultiPolygon", "coordinates": [ [ [ [ -99.098081961782768, 19.435763789756383 ], [ -99.097571708252403, 19.435517883854903 ], [ -99.09703475301589, 19.435252296309162 ], [ -99.096497799519767, 19.434986707159673 ], [ -99.096007884834094, 19.434736991163568 ], [ -99.095502585287846, 19.434479431103892 ], [ -99.09503401672842, 19.434240591480776 ], [ -99.094468647300246, 19.433952407788553 ], [ -99.094982351901464, 19.433045772151868 ], [ -99.095039735099519, 19.432914443900309 ], [ -99.095375685108252, 19.432351571801494 ], [ -99.095879556049695, 19.432608525699809 ], [ -99.096383428571286, 19.432865478185505 ], [ -99.096532523114647, 19.432605282608709 ], [ -99.098094575669634, 19.433419061638475 ], [ -99.097952938170209, 19.433671093313027 ], [ -99.098450475037993, 19.433917479330201 ], [ -99.098948013401653, 19.434163863970387 ], [ -99.098081961782768, 19.435763789756383 ] ] ] ] } },
{ "type": "Feature", "properties": { "id": 2790.0, "entidad": 9, "distrito_f": 11, "distrito_l": 11, "municipio": 17, "seccion": 5296, "tipo": 2, "control": 32851.0, "SECCION_TX": "5296", "SECCION__1": null, "SECCION__2": null, "SECCION_N": "5296", "ESTATUS": null, "ALCALDIA_N": "VENUSTIANO CARRANZA", "EN_OPERATI": null, "EN_OP": "NO", "SEC_N": "5296", "EST": null, "ALC_N": "VENUSTIANO CARRANZA", "OP": "NO", "NOMBRE": "MOCTEZUMA 2A SECCION" }, "geometry": { "type": "MultiPolygon", "coordinates": [ [ [ [ -99.095629767130433, 19.436565537887489 ], [ -99.095099012143393, 19.436311531098809 ], [ -99.094608632354053, 19.436076844833543 ], [ -99.094095393249702, 19.435831216391314 ], [ -99.093582155683805, 19.435585586484795 ], [ -99.094468647300246, 19.433952407788553 ], [ -99.09503401672842, 19.434240591480776 ], [ -99.095502585287846, 19.434479431103892 ], [ -99.096007884834094, 19.434736991163568 ], [ -99.096497799519767, 19.434986707159673 ], [ -99.095629767130433, 19.436565537887489 ] ] ] ] } },
{ "type": "Feature", "properties": { "id": 2791.0, "entidad": 9, "distrito_f": 11, "distrito_l": 11, "municipio": 17, "seccion": 5297, "tipo": 2, "control": 32852.0, "SECCION_TX": "5297", "SECCION__1": null, "SECCION__2": null, "SECCION_N": "5297", "ESTATUS": null, "ALCALDIA_N": "VENUSTIANO CARRANZA", "EN_OPERATI": null, "EN_OP": "NO", "SEC_N": "5297", "EST": null, "ALC_N": "VENUSTIANO CARRANZA", "OP": "NO", "NOMBRE": "MOCTEZUMA 2A SECCION" }, "geometry": { "type": "MultiPolygon", "coordinates": [ [ [ [ -99.093582155683805, 19.435585586484795 ], [ -99.093062903886491, 19.435316028228151 ], [ -99.09259163522195, 19.435071377302453 ], [ -99.092411172371456, 19.434977692633492 ], [ -99.092000625653526, 19.434765660600601 ], [ -99.091527375389006, 19.434538610149662 ], [ -99.091061489223861, 19.434306760803526 ], [ -99.09196459539082, 19.432682866144418 ], [ -99.092431036544426, 19.432919353582925 ], [ -99.092897479044424, 19.433155839811178 ], [ -99.093339480525842, 19.433379932702543 ], [ -99.093488377302563, 19.433455422359089 ], [ -99.093976861268274, 19.433703079064372 ], [ -99.094468647300246, 19.433952407788553 ], [ -99.093582155683805, 19.435585586484795 ] ] ] ] } },
{ "type": "Feature", "properties": { "id": 2792.0, "entidad": 9, "distrito_f": 11, "distrito_l": 11, "municipio": 17, "seccion": 5298, "tipo": 2, "control": 32892.0, "SECCION_TX": "5298", "SECCION__1": null, "SECCION__2": null, "SECCION_N": "5298", "ESTATUS": null, "ALCALDIA_N": "VENUSTIANO CARRANZA", "EN_OPERATI": null, "EN_OP": "NO", "SEC_N": "5298", "EST": null, "ALC_N": "VENUSTIANO CARRANZA", "OP": "NO", "NOMBRE": "MOCTEZUMA 2A SECCION" }, "geometry": { "type": "MultiPolygon", "coordinates": [ [ [ [ -99.091061489223861, 19.434306760803526 ], [ -99.090595598189694, 19.43406375238472 ], [ -99.090106191723621, 19.433831912302185 ], [ -99.089627286186627, 19.433594629953987 ], [ -99.089080312803048, 19.433323619768196 ], [ -99.089970402106076, 19.431703669655803 ], [ -99.090825705878274, 19.430175994510329 ], [ -99.090918574639176, 19.430027542572056 ], [ -99.091458266955655, 19.430322425866315 ], [ -99.091375368109894, 19.430470197448681 ], [ -99.090527948486297, 19.431980750240744 ], [ -99.090995767976608, 19.432209384195282 ], [ -99.091463588772214, 19.432438016933173 ], [ -99.09196459539082, 19.432682866144418 ], [ -99.091061489223861, 19.434306760803526 ] ] ] ] } },
{ "type": "Feature", "properties": { "id": 2793.0, "entidad": 9, "distrito_f": 11, "distrito_l": 11, "municipio": 17, "seccion": 5299, "tipo": 2, "control": 32893.0, "SECCION_TX": "5299", "SECCION__1": null, "SECCION__2": null, "SECCION_N": "5299", "ESTATUS": null, "ALCALDIA_N": "VENUSTIANO CARRANZA", "EN_OPERATI": null, "EN_OP": "NO", "SEC_N": "5299", "EST": null, "ALC_N": "VENUSTIANO CARRANZA", "OP": "NO", "NOMBRE": "MOCTEZUMA 2A SECCION" }, "geometry": { "type": "MultiPolygon", "coordinates": [ [ [ [ -99.092897479044424, 19.433155839811178 ], [ -99.092431036544426, 19.432919353582925 ], [ -99.09196459539082, 19.432682866144418 ], [ -99.091463588772214, 19.432438016933173 ], [ -99.090995767976608, 19.432209384195282 ], [ -99.090527948486297, 19.431980750240744 ], [ -99.091375368109894, 19.430470197448681 ], [ -99.091458266955655, 19.430322425866315 ], [ -99.09192980637998, 19.430558510323255 ], [ -99.09239082585816, 19.430776901781414 ], [ -99.092867220155497, 19.431013502984481 ], [ -99.093338701245116, 19.431249166634359 ], [ -99.093810183690692, 19.4314848290479 ], [ -99.093725841338241, 19.431639247531454 ], [ -99.093476403547527, 19.432117203968961 ], [ -99.092897479044424, 19.433155839811178 ] ] ] ] } },
{ "type": "Feature", "properties": { "id": 2794.0, "entidad": 9, "distrito_f": 11, "distrito_l": 11, "municipio": 17, "seccion": 5300, "tipo": 2, "control": 33023.0, "SECCION_TX": "5300", "SECCION__1": null, "SECCION__2": null, "SECCION_N": "5300", "ESTATUS": null, "ALCALDIA_N": "VENUSTIANO CARRANZA", "EN_OPERATI": null, "EN_OP": "NO", "SEC_N": "5300", "EST": null, "ALC_N": "VENUSTIANO CARRANZA", "OP": "NO", "NOMBRE": "MOCTEZUMA 2A SECCION" }, "geometry": { "type": "MultiPolygon", "coordinates": [ [ [ [ -99.093810183690692, 19.4314848290479 ], [ -99.093338701245116, 19.431249166634359 ], [ -99.092867220155497, 19.431013502984481 ], [ -99.09239082585816, 19.430776901781414 ], [ -99.09192980637998, 19.430558510323255 ], [ -99.091458266955655, 19.430322425866315 ], [ -99.090918574639176, 19.430027542572056 ], [ -99.091764837811766, 19.428478972421132 ], [ -99.092293296408116, 19.428745442642214 ], [ -99.092760730370955, 19.428981139755702 ], [ -99.093247150117364, 19.429226408178216 ], [ -99.093716138198175, 19.429462885055376 ], [ -99.094209987587888, 19.429711895638306 ], [ -99.094672537406552, 19.42994512231823 ], [ -99.09408316136961, 19.430997439172195 ], [ -99.093810183690692, 19.4314848290479 ] ] ] ] } },
{ "type": "Feature", "properties": { "id": 2795.0, "entidad": 9, "distrito_f": 11, "distrito_l": 11, "municipio": 17, "seccion": 5301, "tipo": 2, "control": 32902.0, "SECCION_TX": "5301", "SECCION__1": null, "SECCION__2": null, "SECCION_N": "5301", "ESTATUS": "PENDIENTE", "ALCALDIA_N": "VENUSTIANO CARRANZA", "EN_OPERATI": null, "EN_OP": "SI", "SEC_N": "5301", "EST": "PENDIENTE", "ALC_N": "VENUSTIANO CARRANZA", "OP": "SI", "NOMBRE": "MOCTEZUMA 2A SECCION" }, "geometry": { "type": "MultiPolygon", "coordinates": [ [ [ [ -99.094468647300246, 19.433952407788553 ], [ -99.093976861268274, 19.433703079064372 ], [ -99.093488377302563, 19.433455422359089 ], [ -99.093339480525842, 19.433379932702543 ], [ -99.092897479044424, 19.433155839811178 ], [ -99.093476403547527, 19.432117203968961 ], [ -99.093725841338241, 19.431639247531454 ], [ -99.093810183690692, 19.4314848290479 ], [ -99.09408316136961, 19.430997439172195 ], [ -99.094672537406552, 19.42994512231823 ], [ -99.095097991841001, 19.430157990391518 ], [ -99.095258796097013, 19.430238445351169 ], [ -99.09576902424881, 19.430493725585574 ], [ -99.096282705194866, 19.430750731075673 ], [ -99.095748563904237, 19.431645033865912 ], [ -99.095675316120264, 19.43176767037437 ], [ -99.095375685108252, 19.432351571801494 ], [ -99.095039735099519, 19.432914443900309 ], [ -99.094982351901464, 19.433045772151868 ], [ -99.094468647300246, 19.433952407788553 ] ] ] ] } },
{ "type": "Feature", "properties": { "id": 2796.0, "entidad": 9, "distrito_f": 11, "distrito_l": 11, "municipio": 17, "seccion": 5302, "tipo": 2, "control": 32908.0, "SECCION_TX": "5302", "SECCION__1": null, "SECCION__2": null, "SECCION_N": "5302", "ESTATUS": null, "ALCALDIA_N": "VENUSTIANO CARRANZA", "EN_OPERATI": null, "EN_OP": "NO", "SEC_N": "5302", "EST": null, "ALC_N": "VENUSTIANO CARRANZA", "OP": "NO", "NOMBRE": "MOCTEZUMA 2A SECCION" }, "geometry": { "type": "MultiPolygon", "coordinates": [ [ [ [ -99.099441788091212, 19.434401438808713 ], [ -99.098948013401653, 19.434163863970387 ], [ -99.098450475037993, 19.433917479330201 ], [ -99.097952938170209, 19.433671093313027 ], [ -99.098094575669634, 19.433419061638475 ], [ -99.096532523114647, 19.432605282608709 ], [ -99.096383428571286, 19.432865478185505 ], [ -99.095879556049695, 19.432608525699809 ], [ -99.095375685108252, 19.432351571801494 ], [ -99.095675316120264, 19.43176767037437 ], [ -99.095748563904237, 19.431645033865912 ], [ -99.096282705194866, 19.430750731075673 ], [ -99.096746809120702, 19.430987270055251 ], [ -99.097267569891997, 19.43125268298358 ], [ -99.097786897877285, 19.431514559429271 ], [ -99.098306227522102, 19.431776434374527 ], [ -99.098829140032876, 19.432025822279183 ], [ -99.099340605471383, 19.432274067067627 ], [ -99.099852072458916, 19.432522310401453 ], [ -99.100349437842212, 19.432763707327581 ], [ -99.099441788091212, 19.434401438808713 ] ] ] ] } },
{ "type": "Feature", "properties": { "id": 2797.0, "entidad": 9, "distrito_f": 11, "distrito_l": 10, "municipio": 17, "seccion": 5303, "tipo": 2, "control": 32907.0, "SECCION_TX": "5303", "SECCION__1": null, "SECCION__2": null, "SECCION_N": "5303", "ESTATUS": null, "ALCALDIA_N": "VENUSTIANO CARRANZA", "EN_OPERATI": null, "EN_OP": "NO", "SEC_N": "5303", "EST": null, "ALC_N": "VENUSTIANO CARRANZA", "OP": "NO", "NOMBRE": "MOCTEZUMA 2A SECCION" }, "geometry": { "type": "MultiPolygon", "coordinates": [ [ [ [ -99.102590110564392, 19.435865866831161 ], [ -99.101548057200432, 19.435397031058514 ], [ -99.10097770863743, 19.435140418812143 ], [ -99.100445689016581, 19.434884449567537 ], [ -99.099943737814414, 19.434642944888626 ], [ -99.099441788091212, 19.434401438808713 ], [ -99.100349437842212, 19.432763707327581 ], [ -99.100853895806608, 19.433016308817283 ], [ -99.10133456135928, 19.43325699449041 ], [ -99.101864148812865, 19.433522174724864 ], [ -99.10239373797998, 19.433787353398731 ], [ -99.102908787546696, 19.434045249407518 ], [ -99.103399778485681, 19.434296900467189 ], [ -99.103698791350084, 19.43445015460992 ], [ -99.104079150194337, 19.435197525600685 ], [ -99.102590110564392, 19.435865866831161 ] ] ] ] } },
{ "type": "Feature", "properties": { "id": 2799.0, "entidad": 9, "distrito_f": 11, "distrito_l": 10, "municipio": 17, "seccion": 5305, "tipo": 2, "control": 33020.0, "SECCION_TX": "5305", "SECCION__1": null, "SECCION__2": null, "SECCION_N": "5305", "ESTATUS": null, "ALCALDIA_N": "VENUSTIANO CARRANZA", "EN_OPERATI": null, "EN_OP": "NO", "SEC_N": "5305", "EST": null, "ALC_N": "VENUSTIANO CARRANZA", "OP": "NO", "NOMBRE": "MOCTEZUMA 2A SECCION" }, "geometry": { "type": "MultiPolygon", "coordinates": [ [ [ [ -99.103698791350084, 19.43445015460992 ], [ -99.103399778485681, 19.434296900467189 ], [ -99.102908787546696, 19.434045249407518 ], [ -99.10239373797998, 19.433787353398731 ], [ -99.101864148812865, 19.433522174724864 ], [ -99.10133456135928, 19.43325699449041 ], [ -99.102134097248481, 19.431841440174082 ], [ -99.102637927823963, 19.432094981879658 ], [ -99.103188675029116, 19.432372130838647 ], [ -99.103665239724791, 19.432611947294074 ], [ -99.10416158452523, 19.432861715386224 ], [ -99.104670210661197, 19.433117661417345 ], [ -99.105176925936803, 19.433372643657055 ], [ -99.105684727712074, 19.433581831047007 ], [ -99.104864238002406, 19.4339405827272 ], [ -99.10403158377143, 19.434304647827648 ], [ -99.103698791350084, 19.43445015460992 ] ] ] ] } },
{ "type": "Feature", "properties": { "id": 2800.0, "entidad": 9, "distrito_f": 11, "distrito_l": 10, "municipio": 17, "seccion": 5306, "tipo": 2, "control": 33021.0, "SECCION_TX": "5306", "SECCION__1": null, "SECCION__2": null, "SECCION_N": "5306", "ESTATUS": "PENDIENTE", "ALCALDIA_N": "VENUSTIANO CARRANZA", "EN_OPERATI": null, "EN_OP": "SI", "SEC_N": "5306", "EST": "PENDIENTE", "ALC_N": "VENUSTIANO CARRANZA", "OP": "SI", "NOMBRE": "MOCTEZUMA 2A SECCION" }, "geometry": { "type": "MultiPolygon", "coordinates": [ [ [ [ -99.10133456135928, 19.43325699449041 ], [ -99.100853895806608, 19.433016308817283 ], [ -99.100349437842212, 19.432763707327581 ], [ -99.099852072458916, 19.432522310401453 ], [ -99.099340605471383, 19.432274067067627 ], [ -99.098829140032876, 19.432025822279183 ], [ -99.098306227522102, 19.431776434374527 ], [ -99.098823631082524, 19.430784155713045 ], [ -99.09963811152403, 19.430563665007558 ], [ -99.100185042397868, 19.430843661138745 ], [ -99.100647582496421, 19.431080452158273 ], [ -99.101149805452835, 19.431337556146186 ], [ -99.101642012382939, 19.431589530465363 ], [ -99.102134097248481, 19.431841440174082 ], [ -99.10133456135928, 19.43325699449041 ] ] ] ] } },
{ "type": "Feature", "properties": { "id": 2802.0, "entidad": 9, "distrito_f": 11, "distrito_l": 11, "municipio": 17, "seccion": 5308, "tipo": 2, "control": 33024.0, "SECCION_TX": "5308", "SECCION__1": null, "SECCION__2": null, "SECCION_N": "5308", "ESTATUS": null, "ALCALDIA_N": "VENUSTIANO CARRANZA", "EN_OPERATI": null, "EN_OP": "NO", "SEC_N": "5308", "EST": null, "ALC_N": "VENUSTIANO CARRANZA", "OP": "NO", "NOMBRE": "MOCTEZUMA 2A SECCION" }, "geometry": { "type": "MultiPolygon", "coordinates": [ [ [ [ -99.096282705194866, 19.430750731075673 ], [ -99.09576902424881, 19.430493725585574 ], [ -99.095258796097013, 19.430238445351169 ], [ -99.095097991841001, 19.430157990391518 ], [ -99.094672537406552, 19.42994512231823 ], [ -99.094209987587888, 19.429711895638306 ], [ -99.093716138198175, 19.429462885055376 ], [ -99.093247150117364, 19.429226408178216 ], [ -99.092760730370955, 19.428981139755702 ], [ -99.092293296408116, 19.428745442642214 ], [ -99.091764837811766, 19.428478972421132 ], [ -99.091896009467604, 19.428238939476422 ], [ -99.09258442858372, 19.427034710424074 ], [ -99.09362877622624, 19.427619107942991 ], [ -99.093839164674151, 19.427736836166094 ], [ -99.094032852562634, 19.42782805583095 ], [ -99.094503626184945, 19.428049771097228 ], [ -99.094986855153934, 19.428277350422075 ], [ -99.095452615017876, 19.428496700750451 ], [ -99.095889847306623, 19.42870526413331 ], [ -99.096051278426017, 19.428782267696711 ], [ -99.096563755396161, 19.429042620973629 ], [ -99.097063045753259, 19.42929627286528 ], [ -99.096282705194866, 19.430750731075673 ] ] ] ] } },
{ "type": "Feature", "properties": { "id": 2803.0, "entidad": 9, "distrito_f": 11, "distrito_l": 11, "municipio": 17, "seccion": 5309, "tipo": 2, "control": 37478.0, "SECCION_TX": "5309", "SECCION__1": null, "SECCION__2": null, "SECCION_N": "5309", "ESTATUS": null, "ALCALDIA_N": "VENUSTIANO CARRANZA", "EN_OPERATI": null, "EN_OP": "NO", "SEC_N": "5309", "EST": null, "ALC_N": "VENUSTIANO CARRANZA", "OP": "NO", "NOMBRE": "MOCTEZUMA 2A SECCION" }, "geometry": { "type": "MultiPolygon", "coordinates": [ [ [ [ -99.097164627212578, 19.42917960414578 ], [ -99.096637231303504, 19.428926703796595 ], [ -99.096109837021373, 19.428673801901265 ], [ -99.096066870564798, 19.428753387003955 ], [ -99.096051278426017, 19.428782267696711 ], [ -99.095889847306623, 19.42870526413331 ], [ -99.095452615017876, 19.428496700750451 ], [ -99.094986855153934, 19.428277350422075 ], [ -99.094503626184945, 19.428049771097228 ], [ -99.094032852562634, 19.42782805583095 ], [ -99.093839164674151, 19.427736836166094 ], [ -99.09362877622624, 19.427619107942991 ], [ -99.09258442858372, 19.427034710424074 ], [ -99.092613575939623, 19.426979466544555 ], [ -99.092652755360305, 19.426905208517997 ], [ -99.093375093604507, 19.425536123770701 ], [ -99.093654824478776, 19.425656001884732 ], [ -99.094370829862157, 19.42607686907952 ], [ -99.094873552780129, 19.426312240936102 ], [ -99.095332650431246, 19.426542240388226 ], [ -99.095803800358397, 19.426750977780888 ], [ -99.096285221957217, 19.427007451478566 ], [ -99.096716784034854, 19.427219002953748 ], [ -99.096873042304921, 19.427296791089297 ], [ -99.097370354412334, 19.427551819597713 ], [ -99.097202318002914, 19.427849410689149 ], [ -99.097731546155245, 19.428126901027188 ], [ -99.097540291702444, 19.428482040215911 ], [ -99.097164627212578, 19.42917960414578 ] ] ] ] } },
{ "type": "Feature", "properties": { "id": 2804.0, "entidad": 9, "distrito_f": 11, "distrito_l": 11, "municipio": 17, "seccion": 5310, "tipo": 2, "control": 33224.0, "SECCION_TX": "5310", "SECCION__1": null, "SECCION__2": null, "SECCION_N": "5310", "ESTATUS": null, "ALCALDIA_N": "VENUSTIANO CARRANZA", "EN_OPERATI": null, "EN_OP": "NO", "SEC_N": "5310", "EST": null, "ALC_N": "VENUSTIANO CARRANZA", "OP": "NO", "NOMBRE": "MOCTEZUMA 2A SECCION" }, "geometry": { "type": "MultiPolygon", "coordinates": [ [ [ [ -99.09963811152403, 19.430563665007558 ], [ -99.098584886056656, 19.430045296847201 ], [ -99.098076863992233, 19.429795259197917 ], [ -99.097550424497229, 19.429536154562324 ], [ -99.097063045753259, 19.42929627286528 ], [ -99.096563755396161, 19.429042620973629 ], [ -99.096051278426017, 19.428782267696711 ], [ -99.096066870564798, 19.428753387003955 ], [ -99.096109837021373, 19.428673801901265 ], [ -99.096637231303504, 19.428926703796595 ], [ -99.097164627212578, 19.42917960414578 ], [ -99.097540291702444, 19.428482040215911 ], [ -99.097731546155245, 19.428126901027188 ], [ -99.097907227079318, 19.427800678683639 ], [ -99.098409970599832, 19.428053483877576 ], [ -99.098912715670849, 19.428306287665688 ], [ -99.099419133493129, 19.428560936075591 ], [ -99.099934763587825, 19.428811335629554 ], [ -99.100450395257326, 19.429061733705183 ], [ -99.099907331405916, 19.43000144107312 ], [ -99.099813255691799, 19.430164226633831 ], [ -99.099554980499789, 19.430249863454094 ], [ -99.099625038044323, 19.430421520219369 ], [ -99.099633299556928, 19.430511345681008 ], [ -99.09963811152403, 19.430563665007558 ] ] ] ] } },
{ "type": "Feature", "properties": { "id": 2806.0, "entidad": 9, "distrito_f": 11, "distrito_l": 10, "municipio": 17, "seccion": 5311, "tipo": 2, "control": 33223.0, "SECCION_TX": "5311", "SECCION__1": null, "SECCION__2": null, "SECCION_N": "5311", "ESTATUS": null, "ALCALDIA_N": "VENUSTIANO CARRANZA", "EN_OPERATI": null, "EN_OP": "NO", "SEC_N": "5311", "EST": null, "ALC_N": "VENUSTIANO CARRANZA", "OP": "NO", "NOMBRE": "MOCTEZUMA 2A SECCION" }, "geometry": { "type": "MultiPolygon", "coordinates": [ [ [ [ -99.102637927823963, 19.432094981879658 ], [ -99.102134097248481, 19.431841440174082 ], [ -99.101642012382939, 19.431589530465363 ], [ -99.101149805452835, 19.431337556146186 ], [ -99.100647582496421, 19.431080452158273 ], [ -99.100185042397868, 19.430843661138745 ], [ -99.09963811152403, 19.430563665007558 ], [ -99.099633299556928, 19.430511345681008 ], [ -99.099625038044323, 19.430421520219369 ], [ -99.099554980499789, 19.430249863454094 ], [ -99.099813255691799, 19.430164226633831 ], [ -99.099907331405916, 19.43000144107312 ], [ -99.100450395257326, 19.429061733705183 ], [ -99.100971089107531, 19.429324540353687 ], [ -99.101491784627171, 19.429587345493825 ], [ -99.101985366015626, 19.429836463434789 ], [ -99.102478948904164, 19.430085580020283 ], [ -99.101728708981739, 19.431439852305314 ], [ -99.102217279083135, 19.431684402173961 ], [ -99.102738725143652, 19.431945405571788 ], [ -99.102679621591008, 19.432033111229636 ], [ -99.102637927823963, 19.432094981879658 ] ] ] ] } },
{ "type": "Feature", "properties": { "id": 2815.0, "entidad": 9, "distrito_f": 11, "distrito_l": 10, "municipio": 17, "seccion": 5320, "tipo": 2, "control": 33225.0, "SECCION_TX": "5320", "SECCION__1": null, "SECCION__2": null, "SECCION_N": "5320", "ESTATUS": "PENDIENTE", "ALCALDIA_N": "VENUSTIANO CARRANZA", "EN_OPERATI": null, "EN_OP": "SI", "SEC_N": "5320", "EST": "PENDIENTE", "ALC_N": "VENUSTIANO CARRANZA", "OP": "SI", "NOMBRE": "MOCTEZUMA 2A SECCION" }, "geometry": { "type": "MultiPolygon", "coordinates": [ [ [ [ -99.101491784627171, 19.429587345493825 ], [ -99.100971089107531, 19.429324540353687 ], [ -99.100450395257326, 19.429061733705183 ], [ -99.099934763587825, 19.428811335629554 ], [ -99.099419133493129, 19.428560936075591 ], [ -99.100135162744039, 19.427265451216631 ], [ -99.100827971925227, 19.425999195829846 ], [ -99.101349791287618, 19.426246116629198 ], [ -99.100651728225884, 19.427524673556114 ], [ -99.101176578578048, 19.427788051040682 ], [ -99.101701430616416, 19.42805142699283 ], [ -99.102190525464721, 19.428296857491755 ], [ -99.101491784627171, 19.429587345493825 ] ] ] ] } },
{ "type": "Feature", "properties": { "id": 2816.0, "entidad": 9, "distrito_f": 11, "distrito_l": 11, "municipio": 17, "seccion": 5321, "tipo": 2, "control": 33227.0, "SECCION_TX": "5321", "SECCION__1": null, "SECCION__2": null, "SECCION_N": "5321", "ESTATUS": null, "ALCALDIA_N": "VENUSTIANO CARRANZA", "EN_OPERATI": null, "EN_OP": "NO", "SEC_N": "5321", "EST": null, "ALC_N": "VENUSTIANO CARRANZA", "OP": "NO", "NOMBRE": "MOCTEZUMA 2A SECCION" }, "geometry": { "type": "MultiPolygon", "coordinates": [ [ [ [ -99.099419133493129, 19.428560936075591 ], [ -99.098912715670849, 19.428306287665688 ], [ -99.098409970599832, 19.428053483877576 ], [ -99.097907227079318, 19.427800678683639 ], [ -99.097731546155245, 19.428126901027188 ], [ -99.097202318002914, 19.427849410689149 ], [ -99.097370354412334, 19.427551819597713 ], [ -99.097538972207488, 19.427252297477697 ], [ -99.097733607249253, 19.426906476578409 ], [ -99.098106595948266, 19.426243758301592 ], [ -99.0986145666147, 19.426499602385224 ], [ -99.099122538866496, 19.426755445033681 ], [ -99.099615074589749, 19.427003510867902 ], [ -99.100135162744039, 19.427265451216631 ], [ -99.099419133493129, 19.428560936075591 ] ] ] ] } },
{ "type": "Feature", "properties": { "id": 2817.0, "entidad": 9, "distrito_f": 11, "distrito_l": 11, "municipio": 17, "seccion": 5322, "tipo": 2, "control": 33230.0, "SECCION_TX": "5322", "SECCION__1": null, "SECCION__2": null, "SECCION_N": "5322", "ESTATUS": "PENDIENTE", "ALCALDIA_N": "VENUSTIANO CARRANZA", "EN_OPERATI": null, "EN_OP": "SI", "SEC_N": "5322", "EST": "PENDIENTE", "ALC_N": "VENUSTIANO CARRANZA", "OP": "SI", "NOMBRE": "MOCTEZUMA 2A SECCION" }, "geometry": { "type": "MultiPolygon", "coordinates": [ [ [ [ -99.100135162744039, 19.427265451216631 ], [ -99.099615074589749, 19.427003510867902 ], [ -99.099122538866496, 19.426755445033681 ], [ -99.0986145666147, 19.426499602385224 ], [ -99.098106595948266, 19.426243758301592 ], [ -99.097610335921345, 19.425995249313964 ], [ -99.097459893684643, 19.425919912889423 ], [ -99.098174002570019, 19.42461100366587 ], [ -99.0983329931951, 19.424694167484585 ], [ -99.098832359341486, 19.424955371332125 ], [ -99.099325807618101, 19.425213477534047 ], [ -99.099819257448516, 19.42547158238084 ], [ -99.10032247155668, 19.425734792317485 ], [ -99.100827971925227, 19.425999195829846 ], [ -99.100135162744039, 19.427265451216631 ] ] ] ] } },
{ "type": "Feature", "properties": { "id": 2818.0, "entidad": 9, "distrito_f": 11, "distrito_l": 11, "municipio": 17, "seccion": 5323, "tipo": 2, "control": 33228.0, "SECCION_TX": "5323", "SECCION__1": null, "SECCION__2": null, "SECCION_N": "5323", "ESTATUS": null, "ALCALDIA_N": "VENUSTIANO CARRANZA", "EN_OPERATI": null, "EN_OP": "NO", "SEC_N": "5323", "EST": null, "ALC_N": "VENUSTIANO CARRANZA", "OP": "NO", "NOMBRE": "MOCTEZUMA 2A SECCION" }, "geometry": { "type": "MultiPolygon", "coordinates": [ [ [ [ -99.097370354412334, 19.427551819597713 ], [ -99.096873042304921, 19.427296791089297 ], [ -99.096716784034854, 19.427219002953748 ], [ -99.096285221957217, 19.427007451478566 ], [ -99.095803800358397, 19.426750977780888 ], [ -99.095332650431246, 19.426542240388226 ], [ -99.094873552780129, 19.426312240936102 ], [ -99.095581905358401, 19.424979462927812 ], [ -99.096058289348278, 19.425218027088761 ], [ -99.096534674724495, 19.425456589987824 ], [ -99.096997283550948, 19.425688252033684 ], [ -99.097459893684643, 19.425919912889423 ], [ -99.097610335921345, 19.425995249313964 ], [ -99.098106595948266, 19.426243758301592 ], [ -99.097733607249253, 19.426906476578409 ], [ -99.097538972207488, 19.427252297477697 ], [ -99.097370354412334, 19.427551819597713 ] ] ] ] } },
{ "type": "Feature", "properties": { "id": 2819.0, "entidad": 9, "distrito_f": 11, "distrito_l": 11, "municipio": 17, "seccion": 5324, "tipo": 2, "control": 33229.0, "SECCION_TX": "5324", "SECCION__1": null, "SECCION__2": null, "SECCION_N": "5324", "ESTATUS": null, "ALCALDIA_N": "VENUSTIANO CARRANZA", "EN_OPERATI": null, "EN_OP": "NO", "SEC_N": "5324", "EST": null, "ALC_N": "VENUSTIANO CARRANZA", "OP": "NO", "NOMBRE": "MOCTEZUMA 2A SECCION" }, "geometry": { "type": "MultiPolygon", "coordinates": [ [ [ [ -99.094873552780129, 19.426312240936102 ], [ -99.094370829862157, 19.42607686907952 ], [ -99.093654824478776, 19.425656001884732 ], [ -99.093375093604507, 19.425536123770701 ], [ -99.094074902744026, 19.424243439081899 ], [ -99.094436936069641, 19.423574683435465 ], [ -99.095751806714603, 19.423587172350242 ], [ -99.095879250139845, 19.42358838232823 ], [ -99.096006693566508, 19.423589592216697 ], [ -99.096290209884984, 19.423723210263891 ], [ -99.096780757723408, 19.423954398365243 ], [ -99.097234906253632, 19.424168430226342 ], [ -99.097704453778363, 19.424389717558618 ], [ -99.098174002570019, 19.42461100366587 ], [ -99.097459893684643, 19.425919912889423 ], [ -99.096997283550948, 19.425688252033684 ], [ -99.096534674724495, 19.425456589987824 ], [ -99.096058289348278, 19.425218027088761 ], [ -99.095581905358401, 19.424979462927812 ], [ -99.094873552780129, 19.426312240936102 ] ] ] ] } },
{ "type": "Feature", "properties": { "id": 2830.0, "entidad": 9, "distrito_f": 11, "distrito_l": 10, "municipio": 17, "seccion": 5335, "tipo": 2, "control": 33233.0, "SECCION_TX": "5335", "SECCION__1": null, "SECCION__2": null, "SECCION_N": "5335", "ESTATUS": null, "ALCALDIA_N": "VENUSTIANO CARRANZA", "EN_OPERATI": null, "EN_OP": "NO", "SEC_N": "5335", "EST": null, "ALC_N": "VENUSTIANO CARRANZA", "OP": "NO", "NOMBRE": "MOCTEZUMA 2A SECCION" }, "geometry": { "type": "MultiPolygon", "coordinates": [ [ [ [ -99.098182676251355, 19.423628511732556 ], [ -99.09755607882461, 19.423581773794233 ], [ -99.09700312341451, 19.423584565604308 ], [ -99.096341202255459, 19.423587905356328 ], [ -99.096006693566508, 19.423589592216697 ], [ -99.095879250139845, 19.42358838232823 ], [ -99.095751806714603, 19.423587172350242 ], [ -99.094436936069641, 19.423574683435465 ], [ -99.096304564819448, 19.420315962959723 ], [ -99.096363105211594, 19.420213816700471 ], [ -99.096421645530796, 19.420111670421605 ], [ -99.099387607598445, 19.421746098159943 ], [ -99.099456244198834, 19.421999762913341 ], [ -99.099152786783435, 19.421844028994141 ], [ -99.098541041657384, 19.421530079798561 ], [ -99.098339817279211, 19.422721722927594 ], [ -99.09820500463988, 19.423375281010721 ], [ -99.098182676251355, 19.423628511732556 ] ] ] ] } },
{ "type": "Feature", "properties": { "id": 2921.0, "entidad": 9, "distrito_f": 11, "distrito_l": 11, "municipio": 17, "seccion": 5422, "tipo": 2, "control": 37472.0, "SECCION_TX": "5422", "SECCION__1": null, "SECCION__2": null, "SECCION_N": "5422", "ESTATUS": "COMPLETA", "ALCALDIA_N": "VENUSTIANO CARRANZA", "EN_OPERATI": null, "EN_OP": "SI", "SEC_N": "5422", "EST": "COMPLETA", "ALC_N": "VENUSTIANO CARRANZA", "OP": "SI", "NOMBRE": "MOCTEZUMA 2A SECCION" }, "geometry": { "type": "MultiPolygon", "coordinates": [ [ [ [ -99.087993764980183, 19.439047398152351 ], [ -99.087440193215826, 19.438854188990163 ], [ -99.086328881399623, 19.438552927404324 ], [ -99.086306747205555, 19.438548412133049 ], [ -99.086281193040492, 19.438543199200215 ], [ -99.086181786935214, 19.438522920771749 ], [ -99.086129162937439, 19.438512187990394 ], [ -99.086090096672308, 19.438504376318225 ], [ -99.086054046212055, 19.438497169980266 ], [ -99.086081954243554, 19.438354381599385 ], [ -99.086350594888032, 19.436939090001296 ], [ -99.086476128486083, 19.436395160272884 ], [ -99.08658873018986, 19.436059312732421 ], [ -99.086634388911378, 19.4359231299266 ], [ -99.086931037042973, 19.435430949984347 ], [ -99.086965580152182, 19.435452772739101 ], [ -99.086995959425082, 19.435471964962421 ], [ -99.08706123423508, 19.435513135720814 ], [ -99.087173779036334, 19.435562894875144 ], [ -99.087243401613691, 19.435598553669575 ], [ -99.087339353064749, 19.43561992287238 ], [ -99.087444698006649, 19.435618087540231 ], [ -99.087533105661834, 19.435603768029971 ], [ -99.08758388786022, 19.43558589741124 ], [ -99.087659115760616, 19.435550168851911 ], [ -99.087704248173395, 19.435520700948388 ], [ -99.087749380569875, 19.435491233033616 ], [ -99.087867827415295, 19.43536625287647 ], [ -99.087938400086244, 19.435268779150501 ], [ -99.087992246254657, 19.435297650584427 ], [ -99.088032358984265, 19.435321035684975 ], [ -99.088054422022708, 19.43533895758479 ], [ -99.088023012218372, 19.435515310064783 ], [ -99.088107826715841, 19.435536384374686 ], [ -99.088179602831829, 19.435549493371212 ], [ -99.088253006776242, 19.435564369123611 ], [ -99.088508251756963, 19.43563462477621 ], [ -99.08849887477615, 19.435772112619041 ], [ -99.088703690885353, 19.435837762577126 ], [ -99.088680824424301, 19.435921457243705 ], [ -99.088754963204494, 19.435965041461039 ], [ -99.088727846621538, 19.436079631587788 ], [ -99.088635028520812, 19.436471862921813 ], [ -99.088445609671425, 19.437337215037406 ], [ -99.088368142431207, 19.437711198698882 ], [ -99.088339869349269, 19.437847690421776 ], [ -99.088116076100874, 19.438928071208903 ], [ -99.088066050593127, 19.438976876212948 ], [ -99.087993764980183, 19.439047398152351 ] ] ] ] } },
{ "type": "Feature", "properties": { "id": 2968.0, "entidad": 9, "distrito_f": 11, "distrito_l": 11, "municipio": 17, "seccion": 5467, "tipo": 2, "control": 34133.0, "SECCION_TX": "5467", "SECCION__1": null, "SECCION__2": null, "SECCION_N": "5467", "ESTATUS": null, "ALCALDIA_N": "VENUSTIANO CARRANZA", "EN_OPERATI": null, "EN_OP": "NO", "SEC_N": "5467", "EST": null, "ALC_N": "VENUSTIANO CARRANZA", "OP": "NO", "NOMBRE": "MOCTEZUMA 2A SECCION" }, "geometry": { "type": "MultiPolygon", "coordinates": [ [ [ [ -99.092652755360305, 19.426905208517997 ], [ -99.092472205820584, 19.426805977216283 ], [ -99.092316561265676, 19.426736542177053 ], [ -99.08970993363863, 19.425190429013679 ], [ -99.088752874524332, 19.424640095967771 ], [ -99.087376576321432, 19.423847004840969 ], [ -99.087449718126308, 19.423829073854293 ], [ -99.088991730949218, 19.423451035877246 ], [ -99.088862891564887, 19.422974034709554 ], [ -99.09018997966345, 19.422656806861866 ], [ -99.090919823022944, 19.421525315937107 ], [ -99.09160917985885, 19.42042734426775 ], [ -99.091313255847766, 19.419167100673626 ], [ -99.091830420243454, 19.419027301617071 ], [ -99.091980894006497, 19.418993778206442 ], [ -99.092740754479962, 19.418824490004909 ], [ -99.093419744288227, 19.418660015241766 ], [ -99.093517860507632, 19.418715597581873 ], [ -99.093609171879507, 19.418598442531827 ], [ -99.093652365931291, 19.418543023277667 ], [ -99.093734952686873, 19.41847138924485 ], [ -99.093774590667238, 19.418408067862686 ], [ -99.093805179477968, 19.418361457286696 ], [ -99.093865991962716, 19.418165881139565 ], [ -99.093846098304965, 19.4179911158819 ], [ -99.093921413141416, 19.418034488967024 ], [ -99.094012163894945, 19.418086751374776 ], [ -99.094269662459538, 19.418235041667948 ], [ -99.094585083013087, 19.418416687661381 ], [ -99.094958535695596, 19.418631752255315 ], [ -99.095299159576669, 19.418827910171004 ], [ -99.095621536060207, 19.419013558777717 ], [ -99.095954386092544, 19.419205237792024 ], [ -99.096359590329698, 19.419438582128784 ], [ -99.096301454626015, 19.419539048345833 ], [ -99.096273227825833, 19.419587827953997 ], [ -99.096155469658711, 19.419790151790309 ], [ -99.096077670131024, 19.419925776343977 ], [ -99.096284866516982, 19.420037751286326 ], [ -99.096421645530796, 19.420111670421605 ], [ -99.096363105211594, 19.420213816700471 ], [ -99.096304564819448, 19.420315962959723 ], [ -99.094436936069641, 19.423574683435465 ], [ -99.094074902744026, 19.424243439081899 ], [ -99.093375093604507, 19.425536123770701 ], [ -99.092652755360305, 19.426905208517997 ] ] ] ] } },
{ "type": "Feature", "properties": { "id": 2996.0, "entidad": 9, "distrito_f": 11, "distrito_l": 10, "municipio": 17, "seccion": 5493, "tipo": 2, "control": 34061.0, "SECCION_TX": "5493", "SECCION__1": null, "SECCION__2": null, "SECCION_N": "5493", "ESTATUS": null, "ALCALDIA_N": "VENUSTIANO CARRANZA", "EN_OPERATI": null, "EN_OP": "NO", "SEC_N": "5493", "EST": null, "ALC_N": "VENUSTIANO CARRANZA", "OP": "NO", "NOMBRE": "SANTA CRUZ AVIACION" }, "geometry": { "type": "MultiPolygon", "coordinates": [ [ [ [ -99.099387607598445, 19.421746098159943 ], [ -99.096421645530796, 19.420111670421605 ], [ -99.096284866516982, 19.420037751286326 ], [ -99.096077670131024, 19.419925776343977 ], [ -99.096155469658711, 19.419790151790309 ], [ -99.096273227825833, 19.419587827953997 ], [ -99.096301454626015, 19.419539048345833 ], [ -99.096359590329698, 19.419438582128784 ], [ -99.096837084987698, 19.41858009166841 ], [ -99.097287578502645, 19.417749330592354 ], [ -99.097738067455097, 19.416918568342929 ], [ -99.097773051002989, 19.416856636237963 ], [ -99.097816404429821, 19.416779886687003 ], [ -99.097955722205427, 19.416853463408597 ], [ -99.097994658926794, 19.416874026699684 ], [ -99.098013631086005, 19.416884046285972 ], [ -99.098207588954978, 19.416926874552242 ], [ -99.09856389570767, 19.416865050324208 ], [ -99.098562569503798, 19.416922858135464 ], [ -99.098562600604922, 19.416958784238165 ], [ -99.098560930231088, 19.416994312232355 ], [ -99.098561417857098, 19.417055516015026 ], [ -99.098607636277848, 19.417328285889344 ], [ -99.098620973608391, 19.417406999393865 ], [ -99.098773295970261, 19.418314098688935 ], [ -99.098934706637138, 19.419309035412372 ], [ -99.099014724754568, 19.41984866866898 ], [ -99.09914785233218, 19.420796295214579 ], [ -99.099221683893731, 19.42108704867546 ], [ -99.099248273515101, 19.421191760057464 ], [ -99.09933232788903, 19.42152616931838 ], [ -99.099371315262985, 19.421671308566264 ], [ -99.099387607598445, 19.421746098159943 ] ] ] ] } },
{ "type": "Feature", "properties": { "id": 2903.0, "entidad": 9, "distrito_f": 11, "distrito_l": 11, "municipio": 17, "seccion": 5403, "tipo": 2, "control": 32909.0, "SECCION_TX": "5403", "SECCION__1": null, "SECCION__2": null, "SECCION_N": "5403", "ESTATUS": null, "ALCALDIA_N": "VENUSTIANO CARRANZA", "EN_OPERATI": null, "EN_OP": "NO", "SEC_N": "5403", "EST": null, "ALC_N": "VENUSTIANO CARRANZA", "OP": "NO", "NOMBRE": "PENSADOR MEXICANO" }, "geometry": { "type": "MultiPolygon", "coordinates": [ [ [ [ -99.085275203939958, 19.446997536445295 ], [ -99.085165400630132, 19.446879128401211 ], [ -99.084997961362959, 19.446792874229928 ], [ -99.084595425070717, 19.446585511858625 ], [ -99.084145709223051, 19.446343701119005 ], [ -99.083698463990316, 19.44610321699534 ], [ -99.083576176557983, 19.446037462627032 ], [ -99.08323673284103, 19.445857849888633 ], [ -99.084322151887619, 19.444090026722595 ], [ -99.084760832672686, 19.444356283847064 ], [ -99.085302419697655, 19.443419559911689 ], [ -99.085711587255673, 19.442764950378947 ], [ -99.086062646773655, 19.443563554276817 ], [ -99.086188634801374, 19.443853721771035 ], [ -99.086412144447507, 19.444369689796645 ], [ -99.086745709024953, 19.445131999007394 ], [ -99.087019088819687, 19.445728445001578 ], [ -99.086719729631255, 19.445946302685563 ], [ -99.086688999629004, 19.445962959281452 ], [ -99.085799011549128, 19.446616345543053 ], [ -99.085275203939958, 19.446997536445295 ] ] ] ] } },
{ "type": "Feature", "properties": { "id": 2904.0, "entidad": 9, "distrito_f": 11, "distrito_l": 11, "municipio": 17, "seccion": 5404, "tipo": 2, "control": 32913.0, "SECCION_TX": "5404", "SECCION__1": null, "SECCION__2": null, "SECCION_N": "5404", "ESTATUS": null, "ALCALDIA_N": "VENUSTIANO CARRANZA", "EN_OPERATI": null, "EN_OP": "NO", "SEC_N": "5404", "EST": null, "ALC_N": "VENUSTIANO CARRANZA", "OP": "NO", "NOMBRE": "PENSADOR MEXICANO" }, "geometry": { "type": "MultiPolygon", "coordinates": [ [ [ [ -99.08323673284103, 19.445857849888633 ], [ -99.082794223578148, 19.445608110347031 ], [ -99.082351715666192, 19.445358369714185 ], [ -99.083678814786012, 19.443147810266574 ], [ -99.084031330124887, 19.443171240465439 ], [ -99.084246122789779, 19.443189663150477 ], [ -99.084774270874959, 19.443304612301784 ], [ -99.085302419697655, 19.443419559911689 ], [ -99.084760832672686, 19.444356283847064 ], [ -99.084322151887619, 19.444090026722595 ], [ -99.08323673284103, 19.445857849888633 ] ] ] ] } },
{ "type": "Feature", "properties": { "id": 2905.0, "entidad": 9, "distrito_f": 11, "distrito_l": 11, "municipio": 17, "seccion": 5405, "tipo": 2, "control": 32911.0, "SECCION_TX": "5405", "SECCION__1": null, "SECCION__2": null, "SECCION_N": "5405", "ESTATUS": null, "ALCALDIA_N": "VENUSTIANO CARRANZA", "EN_OPERATI": null, "EN_OP": "NO", "SEC_N": "5405", "EST": null, "ALC_N": "VENUSTIANO CARRANZA", "OP": "NO", "NOMBRE": "PENSADOR MEXICANO" }, "geometry": { "type": "MultiPolygon", "coordinates": [ [ [ [ -99.080998206717609, 19.444860723539328 ], [ -99.080874978409199, 19.444723989311104 ], [ -99.077390145009986, 19.442834451485432 ], [ -99.077591187349242, 19.442760199532355 ], [ -99.078462814808404, 19.442438273728481 ], [ -99.079176899457508, 19.442174530521186 ], [ -99.080042510603121, 19.441854816928092 ], [ -99.080249758506895, 19.441778269087976 ], [ -99.081484199822455, 19.44250801162973 ], [ -99.081949416680189, 19.442785554780585 ], [ -99.080889627131739, 19.44456661535532 ], [ -99.081091573794779, 19.444680684348508 ], [ -99.080998206717609, 19.444860723539328 ] ] ] ] } },
{ "type": "Feature", "properties": { "id": 2906.0, "entidad": 9, "distrito_f": 11, "distrito_l": 11, "municipio": 17, "seccion": 5406, "tipo": 2, "control": 32912.0, "SECCION_TX": "5406", "SECCION__1": null, "SECCION__2": null, "SECCION_N": "5406", "ESTATUS": null, "ALCALDIA_N": "VENUSTIANO CARRANZA", "EN_OPERATI": null, "EN_OP": "NO", "SEC_N": "5406", "EST": null, "ALC_N": "VENUSTIANO CARRANZA", "OP": "NO", "NOMBRE": "PENSADOR MEXICANO" }, "geometry": { "type": "MultiPolygon", "coordinates": [ [ [ [ -99.077228252907162, 19.442867199099627 ], [ -99.076766502689651, 19.442566751537839 ], [ -99.077064134009774, 19.441397240982077 ], [ -99.077201089754482, 19.440859082179902 ], [ -99.077307931359869, 19.440862998992095 ], [ -99.078487611609646, 19.440906241862539 ], [ -99.07920921003921, 19.440932689295288 ], [ -99.080066842613732, 19.440964118796142 ], [ -99.080052746136772, 19.441480135860431 ], [ -99.080042510603121, 19.441854816928092 ], [ -99.079176899457508, 19.442174530521186 ], [ -99.078462814808404, 19.442438273728481 ], [ -99.077591187349242, 19.442760199532355 ], [ -99.077390145009986, 19.442834451485432 ], [ -99.077228252907162, 19.442867199099627 ] ] ] ] } },
{ "type": "Feature", "properties": { "id": 2907.0, "entidad": 9, "distrito_f": 11, "distrito_l": 11, "municipio": 17, "seccion": 5407, "tipo": 2, "control": 32915.0, "SECCION_TX": "5407", "SECCION__1": null, "SECCION__2": null, "SECCION_N": "5407", "ESTATUS": null, "ALCALDIA_N": "VENUSTIANO CARRANZA", "EN_OPERATI": null, "EN_OP": "NO", "SEC_N": "5407", "EST": null, "ALC_N": "VENUSTIANO CARRANZA", "OP": "NO", "NOMBRE": "PENSADOR MEXICANO" }, "geometry": { "type": "MultiPolygon", "coordinates": [ [ [ [ -99.082544946278091, 19.443102124197647 ], [ -99.081949416680189, 19.442785554780585 ], [ -99.081484199822455, 19.44250801162973 ], [ -99.080249758506895, 19.441778269087976 ], [ -99.080042510603121, 19.441854816928092 ], [ -99.080052746136772, 19.441480135860431 ], [ -99.080066842613732, 19.440964118796142 ], [ -99.0800882566203, 19.440404249392635 ], [ -99.08010967048763, 19.439844379952525 ], [ -99.080819076683085, 19.439870080592421 ], [ -99.081736886129477, 19.439911934262721 ], [ -99.08250801064716, 19.439947095245383 ], [ -99.083210690129249, 19.439979521281906 ], [ -99.08406233791861, 19.440028787358724 ], [ -99.085505098507369, 19.440112238906831 ], [ -99.085450197210619, 19.44026128079545 ], [ -99.085351525436877, 19.440529146737713 ], [ -99.085294444800056, 19.440938623675656 ], [ -99.085285152104291, 19.441429605794418 ], [ -99.084754461446281, 19.441753525297621 ], [ -99.084289527107003, 19.442037306551295 ], [ -99.083869006739917, 19.442293977038076 ], [ -99.083271242178824, 19.442658827924902 ], [ -99.082544946278091, 19.443102124197647 ] ] ] ] } },
{ "type": "Feature", "properties": { "id": 2916.0, "entidad": 9, "distrito_f": 11, "distrito_l": 11, "municipio": 17, "seccion": 5417, "tipo": 2, "control": 32837.0, "SECCION_TX": "5417", "SECCION__1": null, "SECCION__2": null, "SECCION_N": "5417", "ESTATUS": null, "ALCALDIA_N": "VENUSTIANO CARRANZA", "EN_OPERATI": null, "EN_OP": "NO", "SEC_N": "5417", "EST": null, "ALC_N": "VENUSTIANO CARRANZA", "OP": "NO", "NOMBRE": "PENSADOR MEXICANO" }, "geometry": { "type": "MultiPolygon", "coordinates": [ [ [ [ -99.087952463256045, 19.442783792241993 ], [ -99.087525240641028, 19.44257997673585 ], [ -99.087133439231252, 19.442362583232509 ], [ -99.08767963518028, 19.441469636834313 ], [ -99.088225825170156, 19.440576688727447 ], [ -99.088608425695696, 19.440768288196196 ], [ -99.089039092701185, 19.441010327502028 ], [ -99.089169549584696, 19.441079887282051 ], [ -99.089699992623977, 19.440191880139395 ], [ -99.09018814302722, 19.440474182131045 ], [ -99.090676295114363, 19.440756482794114 ], [ -99.091169526066849, 19.441041718250389 ], [ -99.090816987415309, 19.441631040328645 ], [ -99.090238821048203, 19.442602079478448 ], [ -99.089695416954513, 19.44238709165823 ], [ -99.089173724948452, 19.442180691753929 ], [ -99.088632204282504, 19.441966444780252 ], [ -99.088481152793719, 19.441906682452448 ], [ -99.087952463256045, 19.442783792241993 ] ] ] ] } },
{ "type": "Feature", "properties": { "id": 2917.0, "entidad": 9, "distrito_f": 11, "distrito_l": 11, "municipio": 17, "seccion": 5418, "tipo": 2, "control": 37470.0, "SECCION_TX": "5418", "SECCION__1": null, "SECCION__2": null, "SECCION_N": "5418", "ESTATUS": null, "ALCALDIA_N": "VENUSTIANO CARRANZA", "EN_OPERATI": null, "EN_OP": "NO", "SEC_N": "5418", "EST": null, "ALC_N": "VENUSTIANO CARRANZA", "OP": "NO", "NOMBRE": "PENSADOR MEXICANO" }, "geometry": { "type": "MultiPolygon", "coordinates": [ [ [ [ -99.085711587255673, 19.442764950378947 ], [ -99.085466981049763, 19.442185009943493 ], [ -99.085352205312006, 19.441829965698709 ], [ -99.085285152104291, 19.441429605794418 ], [ -99.085294444800056, 19.440938623675656 ], [ -99.085351525436877, 19.440529146737713 ], [ -99.085450197210619, 19.44026128079545 ], [ -99.085505098507369, 19.440112238906831 ], [ -99.085830426835756, 19.439274203793349 ], [ -99.085969432320297, 19.438869313787272 ], [ -99.086054046212055, 19.438497169980266 ], [ -99.086090096672308, 19.438504376318225 ], [ -99.086129162937439, 19.438512187990394 ], [ -99.086181786935214, 19.438522920771749 ], [ -99.086281193040492, 19.438543199200215 ], [ -99.086306747205555, 19.438548412133049 ], [ -99.086328881399623, 19.438552927404324 ], [ -99.087440193215826, 19.438854188990163 ], [ -99.087993764980183, 19.439047398152351 ], [ -99.087901207737403, 19.439138954405131 ], [ -99.08779752925949, 19.439231961295139 ], [ -99.087306940876786, 19.440086155351832 ], [ -99.08776638233519, 19.440331422627207 ], [ -99.088225825170156, 19.440576688727447 ], [ -99.08767963518028, 19.441469636834313 ], [ -99.087133439231252, 19.442362583232509 ], [ -99.086681642296639, 19.442128480460887 ], [ -99.086219253539255, 19.441880991920225 ], [ -99.085886300984953, 19.442461983538099 ], [ -99.085804673452728, 19.442602711493613 ], [ -99.085777065011541, 19.442650309089693 ], [ -99.085750359081445, 19.442695970033512 ], [ -99.085711587255673, 19.442764950378947 ] ] ] ] } },
{ "type": "Feature", "properties": { "id": 2918.0, "entidad": 9, "distrito_f": 11, "distrito_l": 11, "municipio": 17, "seccion": 5419, "tipo": 2, "control": 32916.0, "SECCION_TX": "5419", "SECCION__1": null, "SECCION__2": null, "SECCION_N": "5419", "ESTATUS": null, "ALCALDIA_N": "VENUSTIANO CARRANZA", "EN_OPERATI": null, "EN_OP": "NO", "SEC_N": "5419", "EST": null, "ALC_N": "VENUSTIANO CARRANZA", "OP": "NO", "NOMBRE": "PENSADOR MEXICANO" }, "geometry": { "type": "MultiPolygon", "coordinates": [ [ [ [ -99.085505098507369, 19.440112238906831 ], [ -99.08406233791861, 19.440028787358724 ], [ -99.083210690129249, 19.439979521281906 ], [ -99.08250801064716, 19.439947095245383 ], [ -99.081736886129477, 19.439911934262721 ], [ -99.080819076683085, 19.439870080592421 ], [ -99.080842668583102, 19.439283552933038 ], [ -99.080895924615078, 19.437959518560195 ], [ -99.081671000999108, 19.438033942009636 ], [ -99.082600041919207, 19.43812314480256 ], [ -99.083283654877562, 19.438190968796853 ], [ -99.084033661165833, 19.438298520275666 ], [ -99.085276672047158, 19.438434906724385 ], [ -99.085541434023867, 19.438456324988842 ], [ -99.086054046212055, 19.438497169980266 ], [ -99.085969432320297, 19.438869313787272 ], [ -99.085830426835756, 19.439274203793349 ], [ -99.085505098507369, 19.440112238906831 ] ] ] ] } },
{ "type": "Feature", "properties": { "id": 2920.0, "entidad": 9, "distrito_f": 11, "distrito_l": 11, "municipio": 17, "seccion": 5421, "tipo": 2, "control": 32839.0, "SECCION_TX": "5421", "SECCION__1": null, "SECCION__2": null, "SECCION_N": "5421", "ESTATUS": null, "ALCALDIA_N": "VENUSTIANO CARRANZA", "EN_OPERATI": null, "EN_OP": "NO", "SEC_N": "5421", "EST": null, "ALC_N": "VENUSTIANO CARRANZA", "OP": "NO", "NOMBRE": "PENSADOR MEXICANO" }, "geometry": { "type": "MultiPolygon", "coordinates": [ [ [ [ -99.089169549584696, 19.441079887282051 ], [ -99.089039092701185, 19.441010327502028 ], [ -99.088608425695696, 19.440768288196196 ], [ -99.088225825170156, 19.440576688727447 ], [ -99.08776638233519, 19.440331422627207 ], [ -99.087306940876786, 19.440086155351832 ], [ -99.08779752925949, 19.439231961295139 ], [ -99.087901207737403, 19.439138954405131 ], [ -99.087993764980183, 19.439047398152351 ], [ -99.088807999886868, 19.439302683547488 ], [ -99.089369700225689, 19.439492371859959 ], [ -99.089858212960948, 19.439657342666724 ], [ -99.089990441676804, 19.439706417067843 ], [ -99.090515932989746, 19.439901442832372 ], [ -99.09107226234191, 19.440107911355131 ], [ -99.091585491529685, 19.44029838228554 ], [ -99.091169526066849, 19.441041718250389 ], [ -99.090676295114363, 19.440756482794114 ], [ -99.09018814302722, 19.440474182131045 ], [ -99.089699992623977, 19.440191880139395 ], [ -99.089169549584696, 19.441079887282051 ] ] ] ] } },
{ "type": "Feature", "properties": { "id": 2923.0, "entidad": 9, "distrito_f": 11, "distrito_l": 11, "municipio": 17, "seccion": 5424, "tipo": 2, "control": 32914.0, "SECCION_TX": "5424", "SECCION__1": null, "SECCION__2": null, "SECCION_N": "5424", "ESTATUS": null, "ALCALDIA_N": "VENUSTIANO CARRANZA", "EN_OPERATI": null, "EN_OP": "NO", "SEC_N": "5424", "EST": null, "ALC_N": "VENUSTIANO CARRANZA", "OP": "NO", "NOMBRE": "PENSADOR MEXICANO" }, "geometry": { "type": "MultiPolygon", "coordinates": [ [ [ [ -99.082351715666192, 19.445358369714185 ], [ -99.081918109035414, 19.445113650948656 ], [ -99.083089804658471, 19.443128395161118 ], [ -99.082796317678557, 19.4431485572862 ], [ -99.082544946278091, 19.443102124197647 ], [ -99.083271242178824, 19.442658827924902 ], [ -99.083869006739917, 19.442293977038076 ], [ -99.084289527107003, 19.442037306551295 ], [ -99.084754461446281, 19.441753525297621 ], [ -99.085285152104291, 19.441429605794418 ], [ -99.085352205312006, 19.441829965698709 ], [ -99.085466981049763, 19.442185009943493 ], [ -99.085711587255673, 19.442764950378947 ], [ -99.085302419697655, 19.443419559911689 ], [ -99.084774270874959, 19.443304612301784 ], [ -99.084246122789779, 19.443189663150477 ], [ -99.084031330124887, 19.443171240465439 ], [ -99.083678814786012, 19.443147810266574 ], [ -99.082351715666192, 19.445358369714185 ] ] ] ] } },
{ "type": "Feature", "properties": { "id": 2925.0, "entidad": 9, "distrito_f": 11, "distrito_l": 11, "municipio": 17, "seccion": 5426, "tipo": 2, "control": 32910.0, "SECCION_TX": "5426", "SECCION__1": null, "SECCION__2": null, "SECCION_N": "5426", "ESTATUS": null, "ALCALDIA_N": "VENUSTIANO CARRANZA", "EN_OPERATI": null, "EN_OP": "NO", "SEC_N": "5426", "EST": null, "ALC_N": "VENUSTIANO CARRANZA", "OP": "NO", "NOMBRE": "PENSADOR MEXICANO" }, "geometry": { "type": "MultiPolygon", "coordinates": [ [ [ [ -99.080463795139678, 19.45009411545924 ], [ -99.080260191532204, 19.450077474992604 ], [ -99.080050939009979, 19.450019681437002 ], [ -99.07987365275963, 19.44996463004393 ], [ -99.07972252231086, 19.449915079937913 ], [ -99.079507458411271, 19.449857288307079 ], [ -99.079376674735769, 19.449818754901457 ], [ -99.079190687320903, 19.449796784371877 ], [ -99.078926241048748, 19.449774847805241 ], [ -99.078757694373138, 19.449763895151172 ], [ -99.078507772331278, 19.449730925758502 ], [ -99.078395877898288, 19.449693761706946 ], [ -99.078249262449702, 19.449647675325583 ], [ -99.078023885324711, 19.44959234379008 ], [ -99.077981340447096, 19.449597876647147 ], [ -99.077822337836437, 19.449612070257245 ], [ -99.076882429870693, 19.449285659510668 ], [ -99.076445662688471, 19.449043225771337 ], [ -99.076129654236951, 19.448924432885757 ], [ -99.076040675186576, 19.448808778004576 ], [ -99.076001672110422, 19.448569023770347 ], [ -99.075985640747277, 19.448404289530686 ], [ -99.080390296022273, 19.445256799475949 ], [ -99.080998206717609, 19.444860723539328 ], [ -99.081091573794779, 19.444680684348508 ], [ -99.080889627131739, 19.44456661535532 ], [ -99.081949416680189, 19.442785554780585 ], [ -99.082544946278091, 19.443102124197647 ], [ -99.082796317678557, 19.4431485572862 ], [ -99.083089804658471, 19.443128395161118 ], [ -99.081918109035414, 19.445113650948656 ], [ -99.082351715666192, 19.445358369714185 ], [ -99.082794223578148, 19.445608110347031 ], [ -99.08323673284103, 19.445857849888633 ], [ -99.083576176557983, 19.446037462627032 ], [ -99.083698463990316, 19.44610321699534 ], [ -99.084145709223051, 19.446343701119005 ], [ -99.084595425070717, 19.446585511858625 ], [ -99.084997961362959, 19.446792874229928 ], [ -99.085165400630132, 19.446879128401211 ], [ -99.085275203939958, 19.446997536445295 ], [ -99.084454393362876, 19.447514849900504 ], [ -99.083631809671942, 19.448032980173817 ], [ -99.083524436657129, 19.448109688591757 ], [ -99.082068978968294, 19.449147123766284 ], [ -99.081102205848993, 19.449810211012821 ], [ -99.080690075943522, 19.45009287813825 ], [ -99.080463795139678, 19.45009411545924 ] ] ] ] } },
{ "type": "Feature", "properties": { "id": 2919.0, "entidad": 9, "distrito_f": 11, "distrito_l": 11, "municipio": 17, "seccion": 5420, "tipo": 2, "control": 32918.0, "SECCION_TX": "5420", "SECCION__1": null, "SECCION__2": null, "SECCION_N": "5420", "ESTATUS": null, "ALCALDIA_N": "VENUSTIANO CARRANZA", "EN_OPERATI": null, "EN_OP": "NO", "SEC_N": "5420", "EST": null, "ALC_N": "VENUSTIANO CARRANZA", "OP": "NO", "NOMBRE": "PE�ON DE LOS BA�OS" }, "geometry": { "type": "MultiPolygon", "coordinates": [ [ [ [ -99.080819076683085, 19.439870080592421 ], [ -99.08010967048763, 19.439844379952525 ], [ -99.079251228641141, 19.439805591970572 ], [ -99.078534034332051, 19.43977318301307 ], [ -99.0777671691786, 19.439738526352624 ], [ -99.077585677733111, 19.439730323798766 ], [ -99.07749148996426, 19.439726066885729 ], [ -99.077657102202323, 19.439174329014449 ], [ -99.078562872091752, 19.438641709363143 ], [ -99.079302396809695, 19.438219074170071 ], [ -99.079877062735136, 19.437890651469321 ], [ -99.080944778129435, 19.437300092994626 ], [ -99.080938053122523, 19.437433388982033 ], [ -99.080895924615078, 19.437959518560195 ], [ -99.080842668583102, 19.439283552933038 ], [ -99.080819076683085, 19.439870080592421 ] ] ] ] } },
{ "type": "Feature", "properties": { "id": 2922.0, "entidad": 9, "distrito_f": 11, "distrito_l": 11, "municipio": 17, "seccion": 5423, "tipo": 2, "control": 32919.0, "SECCION_TX": "5423", "SECCION__1": null, "SECCION__2": null, "SECCION_N": "5423", "ESTATUS": null, "ALCALDIA_N": "VENUSTIANO CARRANZA", "EN_OPERATI": null, "EN_OP": "NO", "SEC_N": "5423", "EST": null, "ALC_N": "VENUSTIANO CARRANZA", "OP": "NO", "NOMBRE": "PE�ON DE LOS BA�OS" }, "geometry": { "type": "MultiPolygon", "coordinates": [ [ [ [ -99.086054046212055, 19.438497169980266 ], [ -99.085541434023867, 19.438456324988842 ], [ -99.085276672047158, 19.438434906724385 ], [ -99.084033661165833, 19.438298520275666 ], [ -99.084029940425566, 19.438172763557123 ], [ -99.084014016792281, 19.437614067692543 ], [ -99.084012576711075, 19.437563540865916 ], [ -99.084011136630821, 19.437513014039091 ], [ -99.084009762187947, 19.437464790141391 ], [ -99.083982639978316, 19.436513170136248 ], [ -99.083959424818076, 19.43569862479854 ], [ -99.08396555050561, 19.435556384651093 ], [ -99.084498490892628, 19.43527977937055 ], [ -99.084770790953769, 19.435142210614341 ], [ -99.085669023978738, 19.435118423799576 ], [ -99.085986232491507, 19.435124244516768 ], [ -99.086245657541554, 19.435152511181293 ], [ -99.086412294458498, 19.435203285390322 ], [ -99.086549959446373, 19.435260945351672 ], [ -99.086707248289443, 19.435346489784372 ], [ -99.086931037042973, 19.435430949984347 ], [ -99.086634388911378, 19.4359231299266 ], [ -99.08658873018986, 19.436059312732421 ], [ -99.086476128486083, 19.436395160272884 ], [ -99.086350594888017, 19.436939090001296 ], [ -99.086081954243554, 19.438354381599385 ], [ -99.086054046212055, 19.438497169980266 ] ] ] ] } },
{ "type": "Feature", "properties": { "id": 2924.0, "entidad": 9, "distrito_f": 11, "distrito_l": 11, "municipio": 17, "seccion": 5425, "tipo": 2, "control": 32917.0, "SECCION_TX": "5425", "SECCION__1": null, "SECCION__2": null, "SECCION_N": "5425", "ESTATUS": null, "ALCALDIA_N": "VENUSTIANO CARRANZA", "EN_OPERATI": null, "EN_OP": "NO", "SEC_N": "5425", "EST": null, "ALC_N": "VENUSTIANO CARRANZA", "OP": "NO", "NOMBRE": "PE�ON DE LOS BA�OS" }, "geometry": { "type": "MultiPolygon", "coordinates": [ [ [ [ -99.080066842613732, 19.440964118796142 ], [ -99.07920921003921, 19.440932689295288 ], [ -99.078487611609646, 19.440906241862539 ], [ -99.077307931359869, 19.440862998992095 ], [ -99.077201089754482, 19.440859082179902 ], [ -99.077336953094502, 19.440325212301552 ], [ -99.07749148996426, 19.439726066885729 ], [ -99.077585677733111, 19.439730323798766 ], [ -99.0777671691786, 19.439738526352624 ], [ -99.078534034332051, 19.43977318301307 ], [ -99.079251228641141, 19.439805591970572 ], [ -99.08010967048763, 19.439844379952525 ], [ -99.0800882566203, 19.440404249392635 ], [ -99.080066842613732, 19.440964118796142 ] ] ] ] } },
{ "type": "Feature", "properties": { "id": 2926.0, "entidad": 9, "distrito_f": 11, "distrito_l": 11, "municipio": 17, "seccion": 5427, "tipo": 2, "control": 33019.0, "SECCION_TX": "5427", "SECCION__1": null, "SECCION__2": null, "SECCION_N": "5427", "ESTATUS": null, "ALCALDIA_N": "VENUSTIANO CARRANZA", "EN_OPERATI": null, "EN_OP": "NO", "SEC_N": "5427", "EST": null, "ALC_N": "VENUSTIANO CARRANZA", "OP": "NO", "NOMBRE": "PE�ON DE LOS BA�OS" }, "geometry": { "type": "MultiPolygon", "coordinates": [ [ [ [ -99.084033661165833, 19.438298520275666 ], [ -99.083283654877562, 19.438190968796853 ], [ -99.082600041919207, 19.43812314480256 ], [ -99.081671000999108, 19.438033942009636 ], [ -99.080895924615078, 19.437959518560195 ], [ -99.080938053122523, 19.437433388982033 ], [ -99.080944778129435, 19.437300092994626 ], [ -99.082378537271666, 19.436522008380226 ], [ -99.082705457947782, 19.436335723599157 ], [ -99.082814304007954, 19.436273701097573 ], [ -99.083101716491228, 19.436109927598721 ], [ -99.08338312557261, 19.435942678621384 ], [ -99.083853861476683, 19.43563046280816 ], [ -99.08396555050561, 19.435556384651093 ], [ -99.083959424818076, 19.43569862479854 ], [ -99.083982639978316, 19.436513170136248 ], [ -99.084009762187947, 19.437464790141391 ], [ -99.084011136630821, 19.437513014039091 ], [ -99.084012576711075, 19.437563540865916 ], [ -99.084014016792281, 19.437614067692543 ], [ -99.084029940425566, 19.438172763557123 ], [ -99.084033661165833, 19.438298520275666 ] ] ] ] } },
{ "type": "Feature", "properties": { "id": 2678.0, "entidad": 9, "distrito_f": 11, "distrito_l": 10, "municipio": 17, "seccion": 5183, "tipo": 2, "control": 32716.0, "SECCION_TX": "5183", "SECCION__1": null, "SECCION__2": null, "SECCION_N": "5183", "ESTATUS": null, "ALCALDIA_N": "VENUSTIANO CARRANZA", "EN_OPERATI": null, "EN_OP": "NO", "SEC_N": "5183", "EST": null, "ALC_N": "VENUSTIANO CARRANZA", "OP": "NO", "NOMBRE": "VALLE GOMEZ" }, "geometry": { "type": "MultiPolygon", "coordinates": [ [ [ [ -99.122141290799675, 19.45995063255145 ], [ -99.121970907409207, 19.459890395015265 ], [ -99.121888102186574, 19.459861119889215 ], [ -99.121541897524253, 19.459746697511996 ], [ -99.121110552764847, 19.45960413475208 ], [ -99.120799271063575, 19.459501252961161 ], [ -99.120330712344725, 19.459346388248203 ], [ -99.119828515488436, 19.459180310504301 ], [ -99.1193510171273, 19.459022581435942 ], [ -99.119361204802601, 19.458997165254956 ], [ -99.119369327863083, 19.458976894010362 ], [ -99.119405927957175, 19.458885498360161 ], [ -99.119419267575211, 19.458852220316555 ], [ -99.119433615568255, 19.458816426686244 ], [ -99.119463274579275, 19.458742178740231 ], [ -99.119476053603009, 19.458710420931343 ], [ -99.119490918061203, 19.458673266531225 ], [ -99.119927310722957, 19.457578510873049 ], [ -99.119947065791209, 19.457534312304212 ], [ -99.120139589118949, 19.45705359612705 ], [ -99.120511687086335, 19.456124487055305 ], [ -99.121366333935882, 19.456392215054482 ], [ -99.121000273101373, 19.457321369880599 ], [ -99.120813454313847, 19.457795558769082 ], [ -99.121678552502473, 19.4580628732331 ], [ -99.122543653503712, 19.458330183546757 ], [ -99.122924956829337, 19.458448002081973 ], [ -99.122956310526973, 19.458457728235476 ], [ -99.123037873976941, 19.45848289495089 ], [ -99.123132384986334, 19.45851209469231 ], [ -99.122394709738884, 19.459638023420894 ], [ -99.122272449701185, 19.45978871292305 ], [ -99.122141290799675, 19.45995063255145 ] ] ] ] } },
{ "type": "Feature", "properties": { "id": 2765.0, "entidad": 9, "distrito_f": 11, "distrito_l": 10, "municipio": 17, "seccion": 5273, "tipo": 2, "control": 37440.0, "SECCION_TX": "5273", "SECCION__1": null, "SECCION__2": null, "SECCION_N": "5273", "ESTATUS": null, "ALCALDIA_N": "VENUSTIANO CARRANZA", "EN_OPERATI": null, "EN_OP": "NO", "SEC_N": "5273", "EST": null, "ALC_N": "VENUSTIANO CARRANZA", "OP": "NO", "NOMBRE": "VALLE GOMEZ" }, "geometry": { "type": "MultiPolygon", "coordinates": [ [ [ [ -99.11427074800541, 19.456131485362832 ], [ -99.11422723873855, 19.456094987807372 ], [ -99.113817691948952, 19.455751439976517 ], [ -99.113528694461039, 19.455509013342358 ], [ -99.11339709554818, 19.455400517890411 ], [ -99.112966794297677, 19.455045758494698 ], [ -99.112931838314381, 19.455016939121403 ], [ -99.112637416506658, 19.454774203118774 ], [ -99.112511087751102, 19.454670051029467 ], [ -99.112588281115023, 19.454688285546478 ], [ -99.112559698464665, 19.454632218263146 ], [ -99.112473423601529, 19.454462982566032 ], [ -99.112514625495621, 19.454431556194578 ], [ -99.112592981857446, 19.454371790530157 ], [ -99.112658714999114, 19.454321653062156 ], [ -99.112774404826567, 19.454233411368236 ], [ -99.1128957642008, 19.454227957792853 ], [ -99.112935855950766, 19.454228048419544 ], [ -99.113227583860024, 19.454218357680038 ], [ -99.113438979762179, 19.453357224596669 ], [ -99.113629073075742, 19.452582860857561 ], [ -99.114045839475693, 19.452670823300032 ], [ -99.114540241287273, 19.452775170054121 ], [ -99.115068115767599, 19.452886579796935 ], [ -99.114846229911763, 19.4537985104391 ], [ -99.114782265732671, 19.454043153383608 ], [ -99.1146952842263, 19.454398269593597 ], [ -99.114424425253276, 19.455504085465748 ], [ -99.114415985995763, 19.455538576108946 ], [ -99.114401283146179, 19.455599009662969 ], [ -99.114382959096076, 19.455673607620938 ], [ -99.114352383662052, 19.455798387323039 ], [ -99.114325660817869, 19.455907444275137 ], [ -99.114303912554277, 19.45599619966282 ], [ -99.114294794506449, 19.45603342354238 ], [ -99.114289334199086, 19.456055714909144 ], [ -99.114280358848717, 19.456092356207829 ], [ -99.11427074800541, 19.456131485362832 ] ] ] ] } },
{ "type": "Feature", "properties": { "id": 2699.0, "entidad": 9, "distrito_f": 11, "distrito_l": 10, "municipio": 17, "seccion": 5209, "tipo": 2, "control": 33505.0, "SECCION_TX": "5209", "SECCION__1": null, "SECCION__2": null, "SECCION_N": "5209", "ESTATUS": null, "ALCALDIA_N": "VENUSTIANO CARRANZA", "EN_OPERATI": null, "EN_OP": "NO", "SEC_N": "5209", "EST": null, "ALC_N": "VENUSTIANO CARRANZA", "OP": "NO", "NOMBRE": "EMILIO CARRANZA" }, "geometry": { "type": "MultiPolygon", "coordinates": [ [ [ [ -99.124874152159322, 19.451853440006264 ], [ -99.124364710760844, 19.451272611597098 ], [ -99.123788131775285, 19.450615230956529 ], [ -99.123472703992363, 19.450261279448117 ], [ -99.122522038471814, 19.449194494808125 ], [ -99.123625601318253, 19.449406324474516 ], [ -99.125077134118868, 19.449741731390475 ], [ -99.125267273573499, 19.448675464801092 ], [ -99.123804896992581, 19.448417697951662 ], [ -99.123973314193037, 19.447475657329836 ], [ -99.125413807434953, 19.447666157617849 ], [ -99.125478927722199, 19.447210676026266 ], [ -99.125380591296548, 19.447039955295995 ], [ -99.12556302052846, 19.446938927501254 ], [ -99.125673087045215, 19.447108832675831 ], [ -99.125937578241988, 19.447676145610838 ], [ -99.125868666529769, 19.448225855007657 ], [ -99.125861663020657, 19.448281721862539 ], [ -99.125670292778565, 19.449247394438039 ], [ -99.125551879835172, 19.449844911712852 ], [ -99.125455356539447, 19.450198815428354 ], [ -99.125217278788142, 19.451069128353257 ], [ -99.125054442436451, 19.451454484976139 ], [ -99.125025519638768, 19.451522931352176 ], [ -99.124874152159322, 19.451853440006264 ] ] ] ] } },
{ "type": "Feature", "properties": { "id": 2700.0, "entidad": 9, "distrito_f": 11, "distrito_l": 10, "municipio": 17, "seccion": 5210, "tipo": 2, "control": 34001.0, "SECCION_TX": "5210", "SECCION__1": null, "SECCION__2": null, "SECCION_N": "5210", "ESTATUS": null, "ALCALDIA_N": "VENUSTIANO CARRANZA", "EN_OPERATI": null, "EN_OP": "NO", "SEC_N": "5210", "EST": null, "ALC_N": "VENUSTIANO CARRANZA", "OP": "NO", "NOMBRE": "EMILIO CARRANZA" }, "geometry": { "type": "MultiPolygon", "coordinates": [ [ [ [ -99.122537992547336, 19.447263947766611 ], [ -99.122430188678692, 19.448138541645172 ], [ -99.123804896992581, 19.448417697951662 ], [ -99.123625601318253, 19.449406324474516 ], [ -99.122522038471814, 19.449194494808125 ], [ -99.122329789219094, 19.449015555872602 ], [ -99.121369742637043, 19.448121968810565 ], [ -99.121210529988517, 19.447973776255839 ], [ -99.121209219450904, 19.447074503436525 ], [ -99.121379235208209, 19.44709874329839 ], [ -99.122537992547336, 19.447263947766611 ] ] ] ] } },
{ "type": "Feature", "properties": { "id": 2701.0, "entidad": 9, "distrito_f": 11, "distrito_l": 10, "municipio": 17, "seccion": 5211, "tipo": 2, "control": 32777.0, "SECCION_TX": "5211", "SECCION__1": null, "SECCION__2": null, "SECCION_N": "5211", "ESTATUS": null, "ALCALDIA_N": "VENUSTIANO CARRANZA", "EN_OPERATI": null, "EN_OP": "NO", "SEC_N": "5211", "EST": null, "ALC_N": "VENUSTIANO CARRANZA", "OP": "NO", "NOMBRE": "EMILIO CARRANZA" }, "geometry": { "type": "MultiPolygon", "coordinates": [ [ [ [ -99.119433605363568, 19.449234391607913 ], [ -99.119553181161663, 19.448744051648877 ], [ -99.119673826967727, 19.448249320894487 ], [ -99.11982489024092, 19.447629853285967 ], [ -99.119984676728933, 19.446974609015527 ], [ -99.119900707544133, 19.446882360180876 ], [ -99.11902091025398, 19.445915803160421 ], [ -99.119151853372912, 19.445758963224616 ], [ -99.119257090836371, 19.445872184268868 ], [ -99.119840614662337, 19.446499971693285 ], [ -99.120279487074782, 19.446972130607836 ], [ -99.121210529988517, 19.447973776255839 ], [ -99.121216325611769, 19.448235146574262 ], [ -99.121223381776602, 19.448553363352119 ], [ -99.121234610661801, 19.449059757276963 ], [ -99.121246717299925, 19.449605731579478 ], [ -99.119433605363568, 19.449234391607913 ] ] ] ] } },
{ "type": "Feature", "properties": { "id": 2702.0, "entidad": 9, "distrito_f": 11, "distrito_l": 10, "municipio": 17, "seccion": 5212, "tipo": 2, "control": 32781.0, "SECCION_TX": "5212", "SECCION__1": null, "SECCION__2": null, "SECCION_N": "5212", "ESTATUS": "PENDIENTE", "ALCALDIA_N": "VENUSTIANO CARRANZA", "EN_OPERATI": null, "EN_OP": "SI", "SEC_N": "5212", "EST": "PENDIENTE", "ALC_N": "VENUSTIANO CARRANZA", "OP": "SI", "NOMBRE": "EMILIO CARRANZA" }, "geometry": { "type": "MultiPolygon", "coordinates": [ [ [ [ -99.119984676728933, 19.446974609015527 ], [ -99.11982489024092, 19.447629853285967 ], [ -99.118635936065729, 19.44741274216419 ], [ -99.118167208422221, 19.447327147003403 ], [ -99.118325855697634, 19.446650397104847 ], [ -99.118534948120669, 19.445758451980421 ], [ -99.118605130344022, 19.445459066870008 ], [ -99.118650058915179, 19.445267408842177 ], [ -99.119151853372912, 19.445758963224616 ], [ -99.11902091025398, 19.445915803160421 ], [ -99.119900707544133, 19.446882360180876 ], [ -99.119984676728933, 19.446974609015527 ] ] ] ] } },
{ "type": "Feature", "properties": { "id": 2703.0, "entidad": 9, "distrito_f": 11, "distrito_l": 10, "municipio": 17, "seccion": 5213, "tipo": 2, "control": 32780.0, "SECCION_TX": "5213", "SECCION__1": null, "SECCION__2": null, "SECCION_N": "5213", "ESTATUS": null, "ALCALDIA_N": "VENUSTIANO CARRANZA", "EN_OPERATI": null, "EN_OP": "NO", "SEC_N": "5213", "EST": null, "ALC_N": "VENUSTIANO CARRANZA", "OP": "NO", "NOMBRE": "EMILIO CARRANZA" }, "geometry": { "type": "MultiPolygon", "coordinates": [ [ [ [ -99.117883047727062, 19.448365151185577 ], [ -99.117425443481807, 19.448272013883525 ], [ -99.116980901392481, 19.448181533944403 ], [ -99.116479006468239, 19.448079379255152 ], [ -99.116397898515814, 19.448062870562104 ], [ -99.11635266590136, 19.448053667583594 ], [ -99.116313969992049, 19.448045794546292 ], [ -99.116241716257377, 19.448031081151189 ], [ -99.1162858457933, 19.447853475300676 ], [ -99.116633805905764, 19.446453044444343 ], [ -99.116919438488225, 19.445303444047205 ], [ -99.117182350673914, 19.444245272960085 ], [ -99.117250188742602, 19.443972235473037 ], [ -99.117304212712966, 19.443754796875677 ], [ -99.117350731888692, 19.443806974503396 ], [ -99.117379027792808, 19.443838852036183 ], [ -99.117423054058165, 19.443888451008338 ], [ -99.117471981991613, 19.443943356786168 ], [ -99.117557317548972, 19.444039267233968 ], [ -99.118355255695661, 19.444936079412148 ], [ -99.118650058915179, 19.445267408842177 ], [ -99.118605130344022, 19.445459066870008 ], [ -99.118534948120669, 19.445758451980421 ], [ -99.118325855697634, 19.446650397104847 ], [ -99.118167208422221, 19.447327147003403 ], [ -99.117883047727062, 19.448365151185577 ] ] ] ] } },
{ "type": "Feature", "properties": { "id": 2715.0, "entidad": 9, "distrito_f": 11, "distrito_l": 10, "municipio": 17, "seccion": 5224, "tipo": 2, "control": 34004.0, "SECCION_TX": "5224", "SECCION__1": null, "SECCION__2": null, "SECCION_N": "5224", "ESTATUS": null, "ALCALDIA_N": "VENUSTIANO CARRANZA", "EN_OPERATI": null, "EN_OP": "NO", "SEC_N": "5224", "EST": null, "ALC_N": "VENUSTIANO CARRANZA", "OP": "NO", "NOMBRE": "EMILIO CARRANZA" }, "geometry": { "type": "MultiPolygon", "coordinates": [ [ [ [ -99.119840614662337, 19.446499971693285 ], [ -99.119257090836371, 19.445872184268868 ], [ -99.119151853372912, 19.445758963224616 ], [ -99.118650058915179, 19.445267408842177 ], [ -99.118355255695661, 19.444936079412148 ], [ -99.117557317548972, 19.444039267233968 ], [ -99.117471981991613, 19.443943356786168 ], [ -99.117423054058165, 19.443888451008338 ], [ -99.117379027792808, 19.443838852036183 ], [ -99.117350731888692, 19.443806974503396 ], [ -99.117304212712966, 19.443754796875677 ], [ -99.117361748440246, 19.443491495180893 ], [ -99.117428799606273, 19.443121745220132 ], [ -99.117464375755489, 19.442925561820385 ], [ -99.117604762081641, 19.442081814641679 ], [ -99.117674872702125, 19.442087473608407 ], [ -99.117716655593583, 19.442090898160433 ], [ -99.117762249034044, 19.442094635016311 ], [ -99.117823449922767, 19.442099651046338 ], [ -99.118418232898364, 19.442148160802244 ], [ -99.118494928804708, 19.443218113731216 ], [ -99.119606685264259, 19.443315124959319 ], [ -99.119680591096554, 19.444322880561639 ], [ -99.119743626134465, 19.445182395249411 ], [ -99.119800518797518, 19.445955277335319 ], [ -99.119840614662337, 19.446499971693285 ] ] ] ] } },
{ "type": "Feature", "properties": { "id": 2716.0, "entidad": 9, "distrito_f": 11, "distrito_l": 10, "municipio": 17, "seccion": 5225, "tipo": 2, "control": 34003.0, "SECCION_TX": "5225", "SECCION__1": null, "SECCION__2": null, "SECCION_N": "5225", "ESTATUS": null, "ALCALDIA_N": "VENUSTIANO CARRANZA", "EN_OPERATI": null, "EN_OP": "NO", "SEC_N": "5225", "EST": null, "ALC_N": "VENUSTIANO CARRANZA", "OP": "NO", "NOMBRE": "EMILIO CARRANZA" }, "geometry": { "type": "MultiPolygon", "coordinates": [ [ [ [ -99.121210529988517, 19.447973776255839 ], [ -99.120279487074782, 19.446972130607836 ], [ -99.119840614662337, 19.446499971693285 ], [ -99.119800518797518, 19.445955277335319 ], [ -99.119743626134465, 19.445182395249411 ], [ -99.121176297770276, 19.445424193594636 ], [ -99.121185304294656, 19.446197444883698 ], [ -99.121209219450904, 19.447074503436525 ], [ -99.121210529988517, 19.447973776255839 ] ] ] ] } },
{ "type": "Feature", "properties": { "id": 2738.0, "entidad": 9, "distrito_f": 11, "distrito_l": 10, "municipio": 17, "seccion": 5246, "tipo": 2, "control": 32779.0, "SECCION_TX": "5246", "SECCION__1": null, "SECCION__2": null, "SECCION_N": "5246", "ESTATUS": null, "ALCALDIA_N": "VENUSTIANO CARRANZA", "EN_OPERATI": null, "EN_OP": "NO", "SEC_N": "5246", "EST": null, "ALC_N": "VENUSTIANO CARRANZA", "OP": "NO", "NOMBRE": "EMILIO CARRANZA" }, "geometry": { "type": "MultiPolygon", "coordinates": [ [ [ [ -99.117883047727062, 19.448365151185577 ], [ -99.118167208422221, 19.447327147003403 ], [ -99.118635936065729, 19.44741274216419 ], [ -99.11982489024092, 19.447629853285967 ], [ -99.119673826967727, 19.448249320894487 ], [ -99.119553181161663, 19.448744051648877 ], [ -99.119433605363568, 19.449234391607913 ], [ -99.119315767084586, 19.44970634873091 ], [ -99.11816399730246, 19.449455558217018 ], [ -99.117650125074576, 19.449343663208225 ], [ -99.117883047727062, 19.448365151185577 ] ] ] ] } },
{ "type": "Feature", "properties": { "id": 2693.0, "entidad": 9, "distrito_f": 11, "distrito_l": 10, "municipio": 17, "seccion": 5203, "tipo": 2, "control": 32789.0, "SECCION_TX": "5203", "SECCION__1": null, "SECCION__2": null, "SECCION_N": "5203", "ESTATUS": null, "ALCALDIA_N": "VENUSTIANO CARRANZA", "EN_OPERATI": null, "EN_OP": "NO", "SEC_N": "5203", "EST": null, "ALC_N": "VENUSTIANO CARRANZA", "OP": "NO", "NOMBRE": "JANITZIO" }, "geometry": { "type": "MultiPolygon", "coordinates": [ [ [ [ -99.116633805905764, 19.446453044444343 ], [ -99.1162858457933, 19.447853475300676 ], [ -99.115873548024624, 19.447761913171455 ], [ -99.115421202200579, 19.447661456064647 ], [ -99.114856796383222, 19.44753611087966 ], [ -99.11456867830266, 19.447469941069727 ], [ -99.114530382419957, 19.447611566626119 ], [ -99.114315040078793, 19.447558322135954 ], [ -99.113761657500049, 19.447438390055609 ], [ -99.113208275725398, 19.447318456281618 ], [ -99.112955392028667, 19.44834646058251 ], [ -99.112464409314555, 19.448237643711334 ], [ -99.111978934075353, 19.448130046013766 ], [ -99.111502113216943, 19.448024365013541 ], [ -99.11102529296943, 19.447918682755812 ], [ -99.111454682909141, 19.446787378457781 ], [ -99.111976101835864, 19.445413584933608 ], [ -99.112482937393693, 19.445523624764171 ], [ -99.112888074242079, 19.445611583507851 ], [ -99.1136221723538, 19.445770960059772 ], [ -99.113662436682731, 19.44565612215461 ], [ -99.114861429001564, 19.445928730587536 ], [ -99.115760763064287, 19.44625619521554 ], [ -99.116197284224697, 19.446354620356995 ], [ -99.116633805905764, 19.446453044444343 ] ] ] ] } },
{ "type": "Feature", "properties": { "id": 2704.0, "entidad": 9, "distrito_f": 11, "distrito_l": 10, "municipio": 17, "seccion": 5214, "tipo": 2, "control": 32790.0, "SECCION_TX": "5214", "SECCION__1": null, "SECCION__2": null, "SECCION_N": "5214", "ESTATUS": null, "ALCALDIA_N": "VENUSTIANO CARRANZA", "EN_OPERATI": null, "EN_OP": "NO", "SEC_N": "5214", "EST": null, "ALC_N": "VENUSTIANO CARRANZA", "OP": "NO", "NOMBRE": "JANITZIO" }, "geometry": { "type": "MultiPolygon", "coordinates": [ [ [ [ -99.111976101835864, 19.445413584933608 ], [ -99.113101127552909, 19.442403446195499 ], [ -99.113571856650722, 19.442558820205299 ], [ -99.113977358530875, 19.442692663383909 ], [ -99.114184453255902, 19.442140338648866 ], [ -99.11431710187523, 19.442271469677035 ], [ -99.114682857153383, 19.441962337978705 ], [ -99.115048611045907, 19.441653205539701 ], [ -99.114264210381421, 19.440811741059726 ], [ -99.11441971580129, 19.440664026691273 ], [ -99.114461661945697, 19.440708973625622 ], [ -99.115028666029005, 19.441316537263557 ], [ -99.115595674334131, 19.441924099067549 ], [ -99.116321976750896, 19.442702338708926 ], [ -99.11666288231207, 19.443067618518963 ], [ -99.117304212712966, 19.443754796875677 ], [ -99.117250188742602, 19.443972235473037 ], [ -99.117182350673914, 19.444245272960085 ], [ -99.116919438488225, 19.445303444047205 ], [ -99.116633805905764, 19.446453044444343 ], [ -99.116197284224697, 19.446354620356995 ], [ -99.115760763064287, 19.44625619521554 ], [ -99.114861429001564, 19.445928730587536 ], [ -99.113662436682731, 19.44565612215461 ], [ -99.1136221723538, 19.445770960059772 ], [ -99.112888074242079, 19.445611583507851 ], [ -99.112482937393693, 19.445523624764171 ], [ -99.111976101835864, 19.445413584933608 ] ] ] ] } },
{ "type": "Feature", "properties": { "id": 2873.0, "entidad": 9, "distrito_f": 11, "distrito_l": 10, "municipio": 17, "seccion": 5376, "tipo": 2, "control": 34100.0, "SECCION_TX": "5376", "SECCION__1": null, "SECCION__2": null, "SECCION_N": "5376", "ESTATUS": "PENDIENTE", "ALCALDIA_N": "VENUSTIANO CARRANZA", "EN_OPERATI": null, "EN_OP": "SI", "SEC_N": "5376", "EST": "PENDIENTE", "ALC_N": "VENUSTIANO CARRANZA", "OP": "SI", "NOMBRE": "SEVILLA" }, "geometry": { "type": "MultiPolygon", "coordinates": [ [ [ [ -99.121942077073655, 19.412610512426841 ], [ -99.121884999725538, 19.412613396048314 ], [ -99.12183199265229, 19.412616074018089 ], [ -99.121755744314711, 19.412619926132265 ], [ -99.121583892667914, 19.412628608067962 ], [ -99.121058925535451, 19.412655128366488 ], [ -99.120630018411873, 19.412676794771926 ], [ -99.120201579090775, 19.412698436529848 ], [ -99.119777358852247, 19.412719864168405 ], [ -99.119340012964955, 19.412741953749389 ], [ -99.118910871400729, 19.412763627915378 ], [ -99.118491337934401, 19.412784815831095 ], [ -99.117994006838174, 19.412809931539034 ], [ -99.117289804659833, 19.412845492098356 ], [ -99.116848494364149, 19.412866990437156 ], [ -99.116412060166397, 19.412888250178398 ], [ -99.116011104348559, 19.412907780755209 ], [ -99.11617518533923, 19.411692307617496 ], [ -99.116328696536115, 19.411693231123579 ], [ -99.116592496103564, 19.4116948178089 ], [ -99.117009806875188, 19.411697327041789 ], [ -99.117439212109119, 19.411699907996411 ], [ -99.118094093292868, 19.411703842227674 ], [ -99.118575314724808, 19.411706731684617 ], [ -99.118642590213838, 19.41170713553355 ], [ -99.119034612178211, 19.41170948831196 ], [ -99.119454846953786, 19.411712009474332 ], [ -99.119879303289835, 19.411714554976911 ], [ -99.120312415048275, 19.411717151364574 ], [ -99.120677799682227, 19.411719340943506 ], [ -99.120737399508855, 19.411708324231071 ], [ -99.121187701112817, 19.411625087683685 ], [ -99.121632488855425, 19.411542869174582 ], [ -99.121739541612129, 19.411523080672591 ], [ -99.121814807795602, 19.411509167818647 ], [ -99.12189554671329, 19.41149424329986 ], [ -99.121943233213798, 19.411485427737947 ], [ -99.121957363548646, 19.412464430070557 ], [ -99.121942077073655, 19.412610512426841 ] ] ] ] } },
{ "type": "Feature", "properties": { "id": 2882.0, "entidad": 9, "distrito_f": 11, "distrito_l": 10, "municipio": 17, "seccion": 5385, "tipo": 2, "control": 34102.0, "SECCION_TX": "5385", "SECCION__1": null, "SECCION__2": null, "SECCION_N": "5385", "ESTATUS": null, "ALCALDIA_N": "VENUSTIANO CARRANZA", "EN_OPERATI": null, "EN_OP": "NO", "SEC_N": "5385", "EST": null, "ALC_N": "VENUSTIANO CARRANZA", "OP": "NO", "NOMBRE": "SEVILLA" }, "geometry": { "type": "MultiPolygon", "coordinates": [ [ [ [ -99.121943233213798, 19.411485427737947 ], [ -99.12189554671329, 19.41149424329986 ], [ -99.121814807795602, 19.411509167818647 ], [ -99.121739541612129, 19.411523080672591 ], [ -99.121632488855425, 19.411542869174582 ], [ -99.121187701112817, 19.411625087683685 ], [ -99.120737399508855, 19.411708324231071 ], [ -99.120677799682227, 19.411719340943506 ], [ -99.120312415048275, 19.411717151364574 ], [ -99.119879303289835, 19.411714554976911 ], [ -99.119454846953786, 19.411712009474332 ], [ -99.119034612178211, 19.41170948831196 ], [ -99.118642590213838, 19.41170713553355 ], [ -99.118575314724808, 19.411706731684617 ], [ -99.118094093292868, 19.411703842227674 ], [ -99.118179749182701, 19.411006310080378 ], [ -99.118323310625073, 19.409837215293319 ], [ -99.118746216734664, 19.410016330538042 ], [ -99.119195367308407, 19.41020655969923 ], [ -99.119808477304531, 19.41046622822936 ], [ -99.119854257756216, 19.409694211458199 ], [ -99.119890460401621, 19.409083704676345 ], [ -99.120976903644163, 19.409140632744812 ], [ -99.121592006444516, 19.409172860351468 ], [ -99.121721760735142, 19.409179649380675 ], [ -99.121768851714165, 19.409182126211554 ], [ -99.121813301378452, 19.40918445691311 ], [ -99.121873785743261, 19.40918762315512 ], [ -99.121906424696377, 19.410220738292619 ], [ -99.121933396079825, 19.411058151668598 ], [ -99.121940046384012, 19.411264630304679 ], [ -99.121943233213798, 19.411485427737947 ] ] ] ] } },
{ "type": "Feature", "properties": { "id": 2717.0, "entidad": 9, "distrito_f": 11, "distrito_l": 10, "municipio": 17, "seccion": 5226, "tipo": 2, "control": 34002.0, "SECCION_TX": "5226", "SECCION__1": null, "SECCION__2": null, "SECCION_N": "5226", "ESTATUS": null, "ALCALDIA_N": "VENUSTIANO CARRANZA", "EN_OPERATI": null, "EN_OP": "NO", "SEC_N": "5226", "EST": null, "ALC_N": "VENUSTIANO CARRANZA", "OP": "NO", "NOMBRE": "MORELOS" }, "geometry": { "type": "MultiPolygon", "coordinates": [ [ [ [ -99.123973314193037, 19.447475657329836 ], [ -99.123804896992581, 19.448417697951662 ], [ -99.122430188678692, 19.448138541645172 ], [ -99.122537992547336, 19.447263947766611 ], [ -99.121379235208209, 19.44709874329839 ], [ -99.121209219450904, 19.447074503436525 ], [ -99.121185304294656, 19.446197444883698 ], [ -99.121360864004785, 19.446226994181973 ], [ -99.122652763071216, 19.446444434358227 ], [ -99.124103948217623, 19.446686866675709 ], [ -99.125275643173836, 19.446882598868143 ], [ -99.125380591296548, 19.447039955295995 ], [ -99.125478927722199, 19.447210676026266 ], [ -99.125413807434953, 19.447666157617849 ], [ -99.123973314193037, 19.447475657329836 ] ] ] ] } },
{ "type": "Feature", "properties": { "id": 2718.0, "entidad": 9, "distrito_f": 11, "distrito_l": 10, "municipio": 17, "seccion": 5227, "tipo": 2, "control": 34005.0, "SECCION_TX": "5227", "SECCION__1": null, "SECCION__2": null, "SECCION_N": "5227", "ESTATUS": null, "ALCALDIA_N": "VENUSTIANO CARRANZA", "EN_OPERATI": null, "EN_OP": "NO", "SEC_N": "5227", "EST": null, "ALC_N": "VENUSTIANO CARRANZA", "OP": "NO", "NOMBRE": "MORELOS" }, "geometry": { "type": "MultiPolygon", "coordinates": [ [ [ [ -99.121176297770276, 19.445424193594636 ], [ -99.119743626134465, 19.445182395249411 ], [ -99.119680591096554, 19.444322880561639 ], [ -99.119606685264259, 19.443315124959319 ], [ -99.121157970460203, 19.443453732609957 ], [ -99.121190465395415, 19.444538395090593 ], [ -99.121176297770276, 19.445424193594636 ] ] ] ] } },
{ "type": "Feature", "properties": { "id": 2719.0, "entidad": 9, "distrito_f": 11, "distrito_l": 10, "municipio": 17, "seccion": 5228, "tipo": 2, "control": 34008.0, "SECCION_TX": "5228", "SECCION__1": null, "SECCION__2": null, "SECCION_N": "5228", "ESTATUS": null, "ALCALDIA_N": "VENUSTIANO CARRANZA", "EN_OPERATI": null, "EN_OP": "NO", "SEC_N": "5228", "EST": null, "ALC_N": "VENUSTIANO CARRANZA", "OP": "NO", "NOMBRE": "MORELOS" }, "geometry": { "type": "MultiPolygon", "coordinates": [ [ [ [ -99.121157970460203, 19.443453732609957 ], [ -99.119606685264259, 19.443315124959319 ], [ -99.118494928804708, 19.443218113731216 ], [ -99.118418232898364, 19.442148160802244 ], [ -99.119509229738156, 19.44226798059109 ], [ -99.12078724400007, 19.44239534828743 ], [ -99.121160023526798, 19.442432497992531 ], [ -99.121157970460203, 19.443453732609957 ] ] ] ] } },
{ "type": "Feature", "properties": { "id": 2720.0, "entidad": 9, "distrito_f": 11, "distrito_l": 10, "municipio": 17, "seccion": 5229, "tipo": 2, "control": 34009.0, "SECCION_TX": "5229", "SECCION__1": null, "SECCION__2": null, "SECCION_N": "5229", "ESTATUS": null, "ALCALDIA_N": "VENUSTIANO CARRANZA", "EN_OPERATI": null, "EN_OP": "NO", "SEC_N": "5229", "EST": null, "ALC_N": "VENUSTIANO CARRANZA", "OP": "NO", "NOMBRE": "MORELOS" }, "geometry": { "type": "MultiPolygon", "coordinates": [ [ [ [ -99.121160023526798, 19.442432497992531 ], [ -99.12078724400007, 19.44239534828743 ], [ -99.119509229738156, 19.44226798059109 ], [ -99.118418232898364, 19.442148160802244 ], [ -99.117823449922767, 19.442099651046338 ], [ -99.117762249034044, 19.442094635016311 ], [ -99.117716655593583, 19.442090898160433 ], [ -99.117674872702125, 19.442087473608407 ], [ -99.117604762081641, 19.442081814641679 ], [ -99.117782917130668, 19.441038531299004 ], [ -99.117864993064856, 19.441046625585972 ], [ -99.117908782805557, 19.441050944092499 ], [ -99.117951916150332, 19.441055197855192 ], [ -99.11801275768353, 19.441061197961989 ], [ -99.118324508779708, 19.441091942091539 ], [ -99.119413977138265, 19.441180833646552 ], [ -99.119435745447845, 19.441182862008738 ], [ -99.120808860829456, 19.441310802955179 ], [ -99.121139522873861, 19.441341611029522 ], [ -99.121160023526798, 19.442432497992531 ] ] ] ] } },
{ "type": "Feature", "properties": { "id": 2721.0, "entidad": 9, "distrito_f": 11, "distrito_l": 10, "municipio": 17, "seccion": 5230, "tipo": 2, "control": 34010.0, "SECCION_TX": "5230", "SECCION__1": null, "SECCION__2": null, "SECCION_N": "5230", "ESTATUS": null, "ALCALDIA_N": "VENUSTIANO CARRANZA", "EN_OPERATI": null, "EN_OP": "NO", "SEC_N": "5230", "EST": null, "ALC_N": "VENUSTIANO CARRANZA", "OP": "NO", "NOMBRE": "MORELOS" }, "geometry": { "type": "MultiPolygon", "coordinates": [ [ [ [ -99.121130760440778, 19.440875336585812 ], [ -99.121139522873861, 19.441341611029522 ], [ -99.120808860829456, 19.441310802955179 ], [ -99.119435745447845, 19.441182862008738 ], [ -99.119413977138265, 19.441180833646552 ], [ -99.118324508779708, 19.441091942091539 ], [ -99.11801275768353, 19.441061197961989 ], [ -99.117951916150332, 19.441055197855192 ], [ -99.117908782805557, 19.441050944092499 ], [ -99.117864993064856, 19.441046625585972 ], [ -99.117782917130668, 19.441038531299004 ], [ -99.117945844222689, 19.439933294590446 ], [ -99.118036838431962, 19.439939540421964 ], [ -99.118111923462237, 19.439944694214645 ], [ -99.118173664499153, 19.439948932059881 ], [ -99.1182045862991, 19.439951058042855 ], [ -99.118263712731164, 19.439955117204864 ], [ -99.119324974925945, 19.440027971920504 ], [ -99.119345099298911, 19.440029845442204 ], [ -99.120408148412494, 19.440128809047376 ], [ -99.121145364782777, 19.440192740900581 ], [ -99.121293675238121, 19.440205602105557 ], [ -99.121288216069473, 19.44076273675137 ], [ -99.121282273326813, 19.441038749487394 ], [ -99.121130760440778, 19.440875336585812 ] ] ] ] } },
{ "type": "Feature", "properties": { "id": 2722.0, "entidad": 9, "distrito_f": 11, "distrito_l": 10, "municipio": 17, "seccion": 5231, "tipo": 2, "control": 34041.0, "SECCION_TX": "5231", "SECCION__1": null, "SECCION__2": null, "SECCION_N": "5231", "ESTATUS": null, "ALCALDIA_N": "VENUSTIANO CARRANZA", "EN_OPERATI": null, "EN_OP": "NO", "SEC_N": "5231", "EST": null, "ALC_N": "VENUSTIANO CARRANZA", "OP": "NO", "NOMBRE": "MORELOS" }, "geometry": { "type": "MultiPolygon", "coordinates": [ [ [ [ -99.121273737762337, 19.438458212042487 ], [ -99.121121815879732, 19.438447758240677 ], [ -99.119382328808882, 19.438328054318326 ], [ -99.118822793806061, 19.438292368579575 ], [ -99.11852750069086, 19.438273534823523 ], [ -99.118451907306337, 19.438268679675609 ], [ -99.118411713934123, 19.438266098248945 ], [ -99.11836320625909, 19.438262995673657 ], [ -99.118288235788185, 19.43825827418387 ], [ -99.11849345876567, 19.43694101557233 ], [ -99.118645156964476, 19.435846811707179 ], [ -99.1187158817756, 19.435855326991053 ], [ -99.118758911107108, 19.435860447001904 ], [ -99.118795746726718, 19.435864830021661 ], [ -99.118862683683474, 19.435872794738394 ], [ -99.119654840435516, 19.435967413637506 ], [ -99.119534719100869, 19.437046962573891 ], [ -99.121120311082095, 19.437205123220565 ], [ -99.121275475639308, 19.437220599913285 ], [ -99.121273737762337, 19.438458212042487 ] ] ] ] } },
{ "type": "Feature", "properties": { "id": 2723.0, "entidad": 9, "distrito_f": 11, "distrito_l": 10, "municipio": 17, "seccion": 5232, "tipo": 2, "control": 34013.0, "SECCION_TX": "5232", "SECCION__1": null, "SECCION__2": null, "SECCION_N": "5232", "ESTATUS": null, "ALCALDIA_N": "VENUSTIANO CARRANZA", "EN_OPERATI": null, "EN_OP": "NO", "SEC_N": "5232", "EST": null, "ALC_N": "VENUSTIANO CARRANZA", "OP": "NO", "NOMBRE": "MORELOS" }, "geometry": { "type": "MultiPolygon", "coordinates": [ [ [ [ -99.117782917130668, 19.441038531299004 ], [ -99.117260212904725, 19.44097913300444 ], [ -99.116195926965133, 19.440878265021954 ], [ -99.116113231970985, 19.43970747649486 ], [ -99.115244189448205, 19.43964231994136 ], [ -99.115224598639401, 19.43865070120065 ], [ -99.115777779870101, 19.438725309882649 ], [ -99.116062184659626, 19.438763667453618 ], [ -99.116048987984456, 19.438880480814362 ], [ -99.117118526882749, 19.439247942212891 ], [ -99.117178829659181, 19.439860831257835 ], [ -99.117945844222689, 19.439933294590446 ], [ -99.117782917130668, 19.441038531299004 ] ] ] ] } },
{ "type": "Feature", "properties": { "id": 2725.0, "entidad": 9, "distrito_f": 11, "distrito_l": 10, "municipio": 17, "seccion": 5234, "tipo": 2, "control": 34045.0, "SECCION_TX": "5234", "SECCION__1": null, "SECCION__2": null, "SECCION_N": "5234", "ESTATUS": "PENDIENTE", "ALCALDIA_N": "VENUSTIANO CARRANZA", "EN_OPERATI": null, "EN_OP": "SI", "SEC_N": "5234", "EST": "PENDIENTE", "ALC_N": "VENUSTIANO CARRANZA", "OP": "SI", "NOMBRE": "MORELOS" }, "geometry": { "type": "MultiPolygon", "coordinates": [ [ [ [ -99.118288235788185, 19.43825827418387 ], [ -99.117223244886446, 19.438098432102858 ], [ -99.116663844617833, 19.438049116696277 ], [ -99.116104444677177, 19.437999799563606 ], [ -99.115324062860608, 19.437946130559144 ], [ -99.114757812753354, 19.437910378445761 ], [ -99.11436109384411, 19.438016399997071 ], [ -99.114386464720909, 19.43787225700213 ], [ -99.11462535377882, 19.436515011721003 ], [ -99.114768437413971, 19.436531888777331 ], [ -99.115522269786382, 19.436620803183189 ], [ -99.115696623412376, 19.436635535066621 ], [ -99.116282468575392, 19.436685034382375 ], [ -99.116813647401486, 19.436749409933437 ], [ -99.117349689453903, 19.43679991293374 ], [ -99.117887861337536, 19.436866306160706 ], [ -99.11849345876567, 19.43694101557233 ], [ -99.118288235788185, 19.43825827418387 ] ] ] ] } },
{ "type": "Feature", "properties": { "id": 2739.0, "entidad": 9, "distrito_f": 11, "distrito_l": 10, "municipio": 17, "seccion": 5247, "tipo": 2, "control": 34000.0, "SECCION_TX": "5247", "SECCION__1": null, "SECCION__2": null, "SECCION_N": "5247", "ESTATUS": null, "ALCALDIA_N": "VENUSTIANO CARRANZA", "EN_OPERATI": null, "EN_OP": "NO", "SEC_N": "5247", "EST": null, "ALC_N": "VENUSTIANO CARRANZA", "OP": "NO", "NOMBRE": "MORELOS" }, "geometry": { "type": "MultiPolygon", "coordinates": [ [ [ [ -99.123804896992581, 19.448417697951662 ], [ -99.125267273573499, 19.448675464801092 ], [ -99.125077134118868, 19.449741731390475 ], [ -99.123625601318253, 19.449406324474516 ], [ -99.123804896992581, 19.448417697951662 ] ] ] ] } },
{ "type": "Feature", "properties": { "id": 2740.0, "entidad": 9, "distrito_f": 11, "distrito_l": 10, "municipio": 17, "seccion": 5248, "tipo": 2, "control": 34015.0, "SECCION_TX": "5248", "SECCION__1": null, "SECCION__2": null, "SECCION_N": "5248", "ESTATUS": null, "ALCALDIA_N": "VENUSTIANO CARRANZA", "EN_OPERATI": null, "EN_OP": "NO", "SEC_N": "5248", "EST": null, "ALC_N": "VENUSTIANO CARRANZA", "OP": "NO", "NOMBRE": "MORELOS" }, "geometry": { "type": "MultiPolygon", "coordinates": [ [ [ [ -99.121293675238121, 19.440205602105557 ], [ -99.121145364782777, 19.440192740900581 ], [ -99.120408148412494, 19.440128809047376 ], [ -99.119345099298911, 19.440029845442204 ], [ -99.119324974925945, 19.440027971920504 ], [ -99.118263712731164, 19.439955117204864 ], [ -99.1182045862991, 19.439951058042855 ], [ -99.118173664499153, 19.439948932059881 ], [ -99.118111923462237, 19.439944694214645 ], [ -99.118036838431962, 19.439939540421964 ], [ -99.117945844222689, 19.439933294590446 ], [ -99.11798342703338, 19.439749517217447 ], [ -99.118027759385924, 19.439532389987139 ], [ -99.118135205671834, 19.439006920080331 ], [ -99.118288235788185, 19.43825827418387 ], [ -99.11836320625909, 19.438262995673657 ], [ -99.118411713934123, 19.438266098248945 ], [ -99.118451907306337, 19.438268679675609 ], [ -99.11852750069086, 19.438273534823523 ], [ -99.118822793806061, 19.438292368579575 ], [ -99.119382328808882, 19.438328054318326 ], [ -99.121121815879732, 19.438447758240677 ], [ -99.121273737762337, 19.438458212042487 ], [ -99.121272484926294, 19.439350420119727 ], [ -99.121293675238121, 19.440205602105557 ] ] ] ] } },
{ "type": "Feature", "properties": { "id": 2741.0, "entidad": 9, "distrito_f": 11, "distrito_l": 10, "municipio": 17, "seccion": 5249, "tipo": 2, "control": 33515.0, "SECCION_TX": "5249", "SECCION__1": null, "SECCION__2": null, "SECCION_N": "5249", "ESTATUS": null, "ALCALDIA_N": "VENUSTIANO CARRANZA", "EN_OPERATI": null, "EN_OP": "NO", "SEC_N": "5249", "EST": null, "ALC_N": "VENUSTIANO CARRANZA", "OP": "NO", "NOMBRE": "MORELOS" }, "geometry": { "type": "MultiPolygon", "coordinates": [ [ [ [ -99.12556302052846, 19.446938927501254 ], [ -99.125380591296548, 19.447039955295995 ], [ -99.125275643173836, 19.446882598868143 ], [ -99.124103948217623, 19.446686866675709 ], [ -99.122652763071216, 19.446444434358227 ], [ -99.121360864004785, 19.446226994181973 ], [ -99.121185304294656, 19.446197444883698 ], [ -99.121176297770276, 19.445424193594636 ], [ -99.12135595309509, 19.445454776444311 ], [ -99.122736521911406, 19.445689785296619 ], [ -99.124232101214488, 19.445955407825458 ], [ -99.124673471766812, 19.446040430000938 ], [ -99.124324555105545, 19.44555538385524 ], [ -99.124297649623017, 19.445515636406583 ], [ -99.123866550262008, 19.44487877042868 ], [ -99.123736427520569, 19.44468653803737 ], [ -99.124199993107155, 19.444392916800215 ], [ -99.124363584219978, 19.444753687596783 ], [ -99.124439316500414, 19.444920700930638 ], [ -99.124451719014445, 19.44495955522989 ], [ -99.124566107620268, 19.445317908188546 ], [ -99.125371028745207, 19.446642556628067 ], [ -99.12556302052846, 19.446938927501254 ] ] ] ] } },
{ "type": "Feature", "properties": { "id": 2742.0, "entidad": 9, "distrito_f": 11, "distrito_l": 10, "municipio": 17, "seccion": 5250, "tipo": 2, "control": 34006.0, "SECCION_TX": "5250", "SECCION__1": null, "SECCION__2": null, "SECCION_N": "5250", "ESTATUS": null, "ALCALDIA_N": "VENUSTIANO CARRANZA", "EN_OPERATI": null, "EN_OP": "NO", "SEC_N": "5250", "EST": null, "ALC_N": "VENUSTIANO CARRANZA", "OP": "NO", "NOMBRE": "MORELOS" }, "geometry": { "type": "MultiPolygon", "coordinates": [ [ [ [ -99.124673471766812, 19.446040430000938 ], [ -99.124232101214488, 19.445955407825458 ], [ -99.122736521911406, 19.445689785296619 ], [ -99.12135595309509, 19.445454776444311 ], [ -99.121176297770276, 19.445424193594636 ], [ -99.121190465395415, 19.444538395090593 ], [ -99.121341909079234, 19.444557099522427 ], [ -99.122848243998817, 19.444743136071008 ], [ -99.123866550262008, 19.44487877042868 ], [ -99.124297649623017, 19.445515636406583 ], [ -99.124324555105545, 19.44555538385524 ], [ -99.124673471766812, 19.446040430000938 ] ] ] ] } },
{ "type": "Feature", "properties": { "id": 2743.0, "entidad": 9, "distrito_f": 11, "distrito_l": 10, "municipio": 17, "seccion": 5251, "tipo": 2, "control": 34007.0, "SECCION_TX": "5251", "SECCION__1": null, "SECCION__2": null, "SECCION_N": "5251", "ESTATUS": null, "ALCALDIA_N": "VENUSTIANO CARRANZA", "EN_OPERATI": null, "EN_OP": "NO", "SEC_N": "5251", "EST": null, "ALC_N": "VENUSTIANO CARRANZA", "OP": "NO", "NOMBRE": "MORELOS" }, "geometry": { "type": "MultiPolygon", "coordinates": [ [ [ [ -99.122848243998817, 19.444743136071008 ], [ -99.121341909079234, 19.444557099522427 ], [ -99.121190465395415, 19.444538395090593 ], [ -99.121157970460203, 19.443453732609957 ], [ -99.121317385282168, 19.443467751794035 ], [ -99.122993558150981, 19.443615148378605 ], [ -99.122848243998817, 19.444743136071008 ] ] ] ] } },
{ "type": "Feature", "properties": { "id": 2744.0, "entidad": 9, "distrito_f": 11, "distrito_l": 10, "municipio": 17, "seccion": 5252, "tipo": 2, "control": 33525.0, "SECCION_TX": "5252", "SECCION__1": null, "SECCION__2": null, "SECCION_N": "5252", "ESTATUS": null, "ALCALDIA_N": "VENUSTIANO CARRANZA", "EN_OPERATI": null, "EN_OP": "NO", "SEC_N": "5252", "EST": null, "ALC_N": "VENUSTIANO CARRANZA", "OP": "NO", "NOMBRE": "MORELOS" }, "geometry": { "type": "MultiPolygon", "coordinates": [ [ [ [ -99.123022078755938, 19.442634809464025 ], [ -99.122900386805526, 19.442563158433742 ], [ -99.12283252091261, 19.442524697747167 ], [ -99.122481012474339, 19.442314289323129 ], [ -99.122191298564104, 19.44204517768739 ], [ -99.121631659403008, 19.441417062441658 ], [ -99.121597724376116, 19.441378974994347 ], [ -99.121560246834377, 19.441338554197369 ], [ -99.121282273326813, 19.441038749487394 ], [ -99.121288216069473, 19.44076273675137 ], [ -99.121643635447683, 19.44078034702699 ], [ -99.123254847313333, 19.440860170373384 ], [ -99.123167123419591, 19.4415749477091 ], [ -99.123022078755938, 19.442634809464025 ] ] ] ] } },
{ "type": "Feature", "properties": { "id": 2745.0, "entidad": 9, "distrito_f": 11, "distrito_l": 10, "municipio": 17, "seccion": 5253, "tipo": 2, "control": 33526.0, "SECCION_TX": "5253", "SECCION__1": null, "SECCION__2": null, "SECCION_N": "5253", "ESTATUS": null, "ALCALDIA_N": "VENUSTIANO CARRANZA", "EN_OPERATI": null, "EN_OP": "NO", "SEC_N": "5253", "EST": null, "ALC_N": "VENUSTIANO CARRANZA", "OP": "NO", "NOMBRE": "MORELOS" }, "geometry": { "type": "MultiPolygon", "coordinates": [ [ [ [ -99.123254847313333, 19.440860170373384 ], [ -99.121643635447683, 19.44078034702699 ], [ -99.121288216069473, 19.44076273675137 ], [ -99.121293675238121, 19.440205602105557 ], [ -99.121272484926294, 19.439350420119727 ], [ -99.121818700569108, 19.439397410440023 ], [ -99.121914942317417, 19.438511507394377 ], [ -99.123613074307286, 19.438639563879249 ], [ -99.123409973493111, 19.439598729550852 ], [ -99.123335453311057, 19.44020000767668 ], [ -99.123254847313333, 19.440860170373384 ] ] ] ] } },
{ "type": "Feature", "properties": { "id": 2746.0, "entidad": 9, "distrito_f": 11, "distrito_l": 10, "municipio": 17, "seccion": 5254, "tipo": 2, "control": 33528.0, "SECCION_TX": "5254", "SECCION__1": null, "SECCION__2": null, "SECCION_N": "5254", "ESTATUS": null, "ALCALDIA_N": "VENUSTIANO CARRANZA", "EN_OPERATI": null, "EN_OP": "NO", "SEC_N": "5254", "EST": null, "ALC_N": "VENUSTIANO CARRANZA", "OP": "NO", "NOMBRE": "MORELOS" }, "geometry": { "type": "MultiPolygon", "coordinates": [ [ [ [ -99.123613074307286, 19.438639563879249 ], [ -99.121914942317417, 19.438511507394377 ], [ -99.121818700569108, 19.439397410440023 ], [ -99.121272484926294, 19.439350420119727 ], [ -99.121273737762337, 19.438458212042487 ], [ -99.121275475639308, 19.437220599913285 ], [ -99.122060320855923, 19.43730490409234 ], [ -99.12378589709067, 19.437490342874764 ], [ -99.123613074307286, 19.438639563879249 ] ] ] ] } },
{ "type": "Feature", "properties": { "id": 2762.0, "entidad": 9, "distrito_f": 11, "distrito_l": 10, "municipio": 17, "seccion": 5270, "tipo": 2, "control": 33520.0, "SECCION_TX": "5270", "SECCION__1": null, "SECCION__2": null, "SECCION_N": "5270", "ESTATUS": null, "ALCALDIA_N": "VENUSTIANO CARRANZA", "EN_OPERATI": null, "EN_OP": "NO", "SEC_N": "5270", "EST": null, "ALC_N": "VENUSTIANO CARRANZA", "OP": "NO", "NOMBRE": "MORELOS" }, "geometry": { "type": "MultiPolygon", "coordinates": [ [ [ [ -99.124199993107155, 19.444392916800215 ], [ -99.123736427520569, 19.44468653803737 ], [ -99.123866550262008, 19.44487877042868 ], [ -99.122848243998817, 19.444743136071008 ], [ -99.122993558150981, 19.443615148378605 ], [ -99.121317385282168, 19.443467751794035 ], [ -99.121157970460203, 19.443453732609957 ], [ -99.121160023526798, 19.442432497992531 ], [ -99.121139522873861, 19.441341611029522 ], [ -99.121130760440778, 19.440875336585812 ], [ -99.121282273326813, 19.441038749487394 ], [ -99.121560246834377, 19.441338554197369 ], [ -99.121597724376116, 19.441378974994347 ], [ -99.121631659403008, 19.441417062441658 ], [ -99.122191298564104, 19.44204517768739 ], [ -99.122481012474339, 19.442314289323129 ], [ -99.12283252091261, 19.442524697747167 ], [ -99.122900386805526, 19.442563158433742 ], [ -99.123022078755938, 19.442634809464025 ], [ -99.123661458803966, 19.443552580033302 ], [ -99.123699070486595, 19.443609335973935 ], [ -99.123723991237512, 19.443648319099452 ], [ -99.124199993107155, 19.444392916800215 ] ] ] ] } },
{ "type": "Feature", "properties": { "id": 2747.0, "entidad": 9, "distrito_f": 11, "distrito_l": 10, "municipio": 17, "seccion": 5255, "tipo": 2, "control": 33529.0, "SECCION_TX": "5255", "SECCION__1": null, "SECCION__2": null, "SECCION_N": "5255", "ESTATUS": null, "ALCALDIA_N": "VENUSTIANO CARRANZA", "EN_OPERATI": null, "EN_OP": "NO", "SEC_N": "5255", "EST": null, "ALC_N": "VENUSTIANO CARRANZA", "OP": "NO", "NOMBRE": "ZONA CENTRO (CENTRO)" }, "geometry": { "type": "MultiPolygon", "coordinates": [ [ [ [ -99.12378589709067, 19.437490342874764 ], [ -99.122060320855923, 19.43730490409234 ], [ -99.121275475639308, 19.437220599913285 ], [ -99.12124786946147, 19.436138170811216 ], [ -99.122186022995322, 19.436224718684802 ], [ -99.12395113633228, 19.436429526816372 ], [ -99.12378589709067, 19.437490342874764 ] ] ] ] } },
{ "type": "Feature", "properties": { "id": 2748.0, "entidad": 9, "distrito_f": 11, "distrito_l": 10, "municipio": 17, "seccion": 5256, "tipo": 2, "control": 33532.0, "SECCION_TX": "5256", "SECCION__1": null, "SECCION__2": null, "SECCION_N": "5256", "ESTATUS": null, "ALCALDIA_N": "VENUSTIANO CARRANZA", "EN_OPERATI": null, "EN_OP": "NO", "SEC_N": "5256", "EST": null, "ALC_N": "VENUSTIANO CARRANZA", "OP": "NO", "NOMBRE": "ZONA CENTRO (CENTRO)" }, "geometry": { "type": "MultiPolygon", "coordinates": [ [ [ [ -99.12395113633228, 19.436429526816372 ], [ -99.122186022995322, 19.436224718684802 ], [ -99.12124786946147, 19.436138170811216 ], [ -99.121246198865109, 19.435248727809103 ], [ -99.122295197781753, 19.43538361439774 ], [ -99.12237027477849, 19.435393268008166 ], [ -99.122465949068769, 19.43450503208043 ], [ -99.123735904429438, 19.434668799677127 ], [ -99.12421949962625, 19.434731159462565 ], [ -99.124082747705216, 19.435591142718 ], [ -99.12395113633228, 19.436429526816372 ] ] ] ] } },
{ "type": "Feature", "properties": { "id": 2731.0, "entidad": 9, "distrito_f": 11, "distrito_l": 10, "municipio": 17, "seccion": 5259, "tipo": 2, "control": 34056.0, "SECCION_TX": "5259", "SECCION__1": null, "SECCION__2": null, "SECCION_N": "5259", "ESTATUS": null, "ALCALDIA_N": "VENUSTIANO CARRANZA", "EN_OPERATI": null, "EN_OP": "NO", "SEC_N": "5259", "EST": null, "ALC_N": "VENUSTIANO CARRANZA", "OP": "NO", "NOMBRE": "ZONA CENTRO (CENTRO)" }, "geometry": { "type": "MultiPolygon", "coordinates": [ [ [ [ -99.122440497288864, 19.431915623531534 ], [ -99.121228066893735, 19.431754820854678 ], [ -99.120590167935745, 19.431687592342822 ], [ -99.120039445482547, 19.43164285508513 ], [ -99.120101983272932, 19.430485189494558 ], [ -99.12021980204274, 19.429079424758669 ], [ -99.120594334802206, 19.429124782895926 ], [ -99.120866445137196, 19.429124601956541 ], [ -99.121038223785931, 19.42901579157196 ], [ -99.121310199453404, 19.428834450138982 ], [ -99.121597065902591, 19.428802432844147 ], [ -99.12153002713498, 19.429438279584623 ], [ -99.121526968051711, 19.429467294144626 ], [ -99.121406992248239, 19.430605223492098 ], [ -99.122664122533976, 19.430689995654582 ], [ -99.122549187098144, 19.431500359663293 ], [ -99.122440497288864, 19.431915623531534 ] ] ] ] } },
{ "type": "Feature", "properties": { "id": 2751.0, "entidad": 9, "distrito_f": 11, "distrito_l": 10, "municipio": 17, "seccion": 5260, "tipo": 2, "control": 33541.0, "SECCION_TX": "5260", "SECCION__1": null, "SECCION__2": null, "SECCION_N": "5260", "ESTATUS": null, "ALCALDIA_N": "VENUSTIANO CARRANZA", "EN_OPERATI": null, "EN_OP": "NO", "SEC_N": "5260", "EST": null, "ALC_N": "VENUSTIANO CARRANZA", "OP": "NO", "NOMBRE": "ZONA CENTRO (CENTRO)" }, "geometry": { "type": "MultiPolygon", "coordinates": [ [ [ [ -99.124537863527024, 19.432817391434821 ], [ -99.123258561396398, 19.432671790657249 ], [ -99.123340366330638, 19.432066781290551 ], [ -99.123343566713416, 19.432040997028356 ], [ -99.123381719592501, 19.431661751283734 ], [ -99.123388081145379, 19.431598516258198 ], [ -99.122549187098144, 19.431500359663293 ], [ -99.122664122533976, 19.430689995654582 ], [ -99.122829120118269, 19.429572985177352 ], [ -99.122912211734004, 19.428943363655357 ], [ -99.123778917327414, 19.429095974164358 ], [ -99.124603536041533, 19.429140802650622 ], [ -99.125111351729302, 19.42919898252444 ], [ -99.124994837882028, 19.429830784990234 ], [ -99.124845813463622, 19.430840541332959 ], [ -99.1247861914119, 19.431231033296619 ], [ -99.124773844417803, 19.431311899149772 ], [ -99.124672995684321, 19.431972398526764 ], [ -99.124537863527024, 19.432817391434821 ] ] ] ] } },
{ "type": "Feature", "properties": { "id": 2752.0, "entidad": 9, "distrito_f": 11, "distrito_l": 10, "municipio": 17, "seccion": 5261, "tipo": 2, "control": 33544.0, "SECCION_TX": "5261", "SECCION__1": null, "SECCION__2": null, "SECCION_N": "5261", "ESTATUS": null, "ALCALDIA_N": "VENUSTIANO CARRANZA", "EN_OPERATI": null, "EN_OP": "NO", "SEC_N": "5261", "EST": null, "ALC_N": "VENUSTIANO CARRANZA", "OP": "NO", "NOMBRE": "ZONA CENTRO (CENTRO)" }, "geometry": { "type": "MultiPolygon", "coordinates": [ [ [ [ -99.125111351729302, 19.42919898252444 ], [ -99.124603536041533, 19.429140802650622 ], [ -99.123778917327414, 19.429095974164358 ], [ -99.122912211734004, 19.428943363655357 ], [ -99.122971130737085, 19.428507712566397 ], [ -99.123030049432984, 19.428072061439146 ], [ -99.123303276508693, 19.426051761084953 ], [ -99.123307035385352, 19.426024507634793 ], [ -99.123419846328645, 19.425206576237159 ], [ -99.123521141593926, 19.424389512163788 ], [ -99.123572059590799, 19.423976343711491 ], [ -99.124726236100358, 19.424179529810001 ], [ -99.125787655729752, 19.424366379664114 ], [ -99.125665821977236, 19.425365766252707 ], [ -99.125658789735951, 19.425423450453582 ], [ -99.125645790194582, 19.425530083229045 ], [ -99.125640198713, 19.425574722468472 ], [ -99.125632790636715, 19.425636716002511 ], [ -99.125628597233856, 19.42566650668179 ], [ -99.125598426164402, 19.425880847002482 ], [ -99.125512378007144, 19.426492144420866 ], [ -99.125504331367353, 19.426556146049887 ], [ -99.125467516456339, 19.426810844968781 ], [ -99.125345113779289, 19.427683244998292 ], [ -99.125236584448317, 19.428348952060972 ], [ -99.125176676960791, 19.428755581635155 ], [ -99.125111351729302, 19.42919898252444 ] ] ] ] } },
{ "type": "Feature", "properties": { "id": 2753.0, "entidad": 9, "distrito_f": 11, "distrito_l": 10, "municipio": 17, "seccion": 5262, "tipo": 2, "control": 34057.0, "SECCION_TX": "5262", "SECCION__1": null, "SECCION__2": null, "SECCION_N": "5262", "ESTATUS": null, "ALCALDIA_N": "VENUSTIANO CARRANZA", "EN_OPERATI": null, "EN_OP": "NO", "SEC_N": "5262", "EST": null, "ALC_N": "VENUSTIANO CARRANZA", "OP": "NO", "NOMBRE": "ZONA CENTRO (CENTRO)" }, "geometry": { "type": "MultiPolygon", "coordinates": [ [ [ [ -99.122664122533976, 19.430689995654582 ], [ -99.121406992248239, 19.430605223492098 ], [ -99.121526968051711, 19.429467294144626 ], [ -99.12153002713498, 19.429438279584623 ], [ -99.121597065902591, 19.428802432844147 ], [ -99.12230165536036, 19.428858794439559 ], [ -99.12256397879743, 19.428895129573657 ], [ -99.122912211734004, 19.428943363655357 ], [ -99.122829120118269, 19.429572985177352 ], [ -99.122664122533976, 19.430689995654582 ] ] ] ] } },
{ "type": "Feature", "properties": { "id": 2754.0, "entidad": 9, "distrito_f": 11, "distrito_l": 10, "municipio": 17, "seccion": 5263, "tipo": 2, "control": 34058.0, "SECCION_TX": "5263", "SECCION__1": null, "SECCION__2": null, "SECCION_N": "5263", "ESTATUS": null, "ALCALDIA_N": "VENUSTIANO CARRANZA", "EN_OPERATI": null, "EN_OP": "NO", "SEC_N": "5263", "EST": null, "ALC_N": "VENUSTIANO CARRANZA", "OP": "NO", "NOMBRE": "ZONA CENTRO (CENTRO)" }, "geometry": { "type": "MultiPolygon", "coordinates": [ [ [ [ -99.122912211734004, 19.428943363655357 ], [ -99.12256397879743, 19.428895129573657 ], [ -99.12230165536036, 19.428858794439559 ], [ -99.121597065902591, 19.428802432844147 ], [ -99.121310199453404, 19.428834450138982 ], [ -99.121038223785931, 19.42901579157196 ], [ -99.120866445137196, 19.429124601956541 ], [ -99.120594334802206, 19.429124782895926 ], [ -99.12021980204274, 19.429079424758669 ], [ -99.119585892160785, 19.429034741132849 ], [ -99.119545123640464, 19.429031869002337 ], [ -99.119352158224373, 19.429018274519109 ], [ -99.119237526385717, 19.429010198566424 ], [ -99.119175014526064, 19.429005798160347 ], [ -99.119351181896562, 19.427850724829511 ], [ -99.119367718641982, 19.427742297819417 ], [ -99.119402862974184, 19.427603432484965 ], [ -99.119620473712033, 19.426838606845827 ], [ -99.119833244112286, 19.425583312918636 ], [ -99.119845248113762, 19.425512491634791 ], [ -99.119854012759859, 19.425460781881366 ], [ -99.119943002665622, 19.425473831069805 ], [ -99.119981107691459, 19.425479378588548 ], [ -99.12001813352515, 19.425484768985008 ], [ -99.120089395775224, 19.42549530948455 ], [ -99.120472354040857, 19.4255514837585 ], [ -99.120410949111275, 19.426439208398982 ], [ -99.120977501238059, 19.426517976151185 ], [ -99.121805040053474, 19.426633025570197 ], [ -99.121671742162377, 19.427812721814771 ], [ -99.121662763548699, 19.427892182608552 ], [ -99.122411318548416, 19.427990663118347 ], [ -99.123030049432984, 19.428072061439146 ], [ -99.122971130737085, 19.428507712566397 ], [ -99.122912211734004, 19.428943363655357 ] ] ] ] } },
{ "type": "Feature", "properties": { "id": 2755.0, "entidad": 9, "distrito_f": 11, "distrito_l": 10, "municipio": 17, "seccion": 5264, "tipo": 2, "control": 34059.0, "SECCION_TX": "5264", "SECCION__1": null, "SECCION__2": null, "SECCION_N": "5264", "ESTATUS": null, "ALCALDIA_N": "VENUSTIANO CARRANZA", "EN_OPERATI": null, "EN_OP": "NO", "SEC_N": "5264", "EST": null, "ALC_N": "VENUSTIANO CARRANZA", "OP": "NO", "NOMBRE": "ZONA CENTRO (CENTRO)" }, "geometry": { "type": "MultiPolygon", "coordinates": [ [ [ [ -99.123030049432984, 19.428072061439146 ], [ -99.122411318548416, 19.427990663118347 ], [ -99.121662763548699, 19.427892182608552 ], [ -99.121671742162377, 19.427812721814771 ], [ -99.121805040053474, 19.426633025570197 ], [ -99.120977501238059, 19.426517976151185 ], [ -99.120410949111275, 19.426439208398982 ], [ -99.120472354040857, 19.4255514837585 ], [ -99.120089395775224, 19.42549530948455 ], [ -99.12001813352515, 19.425484768985008 ], [ -99.119981107691459, 19.425479378588548 ], [ -99.119943002665622, 19.425473831069805 ], [ -99.119854012759859, 19.425460781881366 ], [ -99.119970780832432, 19.424771869215984 ], [ -99.120055925218495, 19.424782942664649 ], [ -99.120091663567948, 19.424787590136329 ], [ -99.12012327716549, 19.424791701212641 ], [ -99.120193939208903, 19.424800887721069 ], [ -99.121127822346438, 19.424922322566616 ], [ -99.121583013191326, 19.424981510208998 ], [ -99.122025090255178, 19.425038991555823 ], [ -99.122234902623902, 19.423762729980169 ], [ -99.122942807587421, 19.423874174909617 ], [ -99.123572059590799, 19.423976343711491 ], [ -99.123521141593926, 19.424389512163788 ], [ -99.123419846328645, 19.425206576237159 ], [ -99.123307035385352, 19.426024507634793 ], [ -99.123303276508693, 19.426051761084953 ], [ -99.123030049432984, 19.428072061439146 ] ] ] ] } },
{ "type": "Feature", "properties": { "id": 2757.0, "entidad": 9, "distrito_f": 11, "distrito_l": 10, "municipio": 17, "seccion": 5265, "tipo": 2, "control": 33545.0, "SECCION_TX": "5265", "SECCION__1": null, "SECCION__2": null, "SECCION_N": "5265", "ESTATUS": null, "ALCALDIA_N": "VENUSTIANO CARRANZA", "EN_OPERATI": null, "EN_OP": "NO", "SEC_N": "5265", "EST": null, "ALC_N": "VENUSTIANO CARRANZA", "OP": "NO", "NOMBRE": "ZONA CENTRO (CENTRO)" }, "geometry": { "type": "MultiPolygon", "coordinates": [ [ [ [ -99.125787655729752, 19.424366379664114 ], [ -99.124726236100358, 19.424179529810001 ], [ -99.123572059590799, 19.423976343711491 ], [ -99.122942807587421, 19.423874174909617 ], [ -99.122234902623902, 19.423762729980169 ], [ -99.122313141117317, 19.423217053695147 ], [ -99.120429753839034, 19.423278751801746 ], [ -99.120376509464563, 19.423280505478942 ], [ -99.120332279367105, 19.423281949028279 ], [ -99.1202943398131, 19.423283187262928 ], [ -99.120212293981623, 19.423285874334407 ], [ -99.120286471331084, 19.422811904217863 ], [ -99.120341593577521, 19.422459688482668 ], [ -99.120355136217682, 19.422290433457469 ], [ -99.120362193900817, 19.422201898068561 ], [ -99.120369251576577, 19.422113362678459 ], [ -99.120437246007171, 19.422124397604239 ], [ -99.120488793613461, 19.422132764187872 ], [ -99.120513575621956, 19.422136786498008 ], [ -99.120584879326429, 19.422148359616575 ], [ -99.120627250229759, 19.422153338487448 ], [ -99.121147439967004, 19.422205866354627 ], [ -99.121589861918764, 19.422256868654163 ], [ -99.122410803200012, 19.422354249647011 ], [ -99.122951544076358, 19.422419172680723 ], [ -99.124072353710844, 19.422553650497498 ], [ -99.126091099088583, 19.422817433138086 ], [ -99.126056546954828, 19.422882086446712 ], [ -99.126021485889254, 19.422947217590139 ], [ -99.125961174282097, 19.42305966028545 ], [ -99.125900374863377, 19.423490543316234 ], [ -99.125856654407244, 19.423800387029555 ], [ -99.125787655729752, 19.424366379664114 ] ] ] ] } },
{ "type": "Feature", "properties": { "id": 2758.0, "entidad": 9, "distrito_f": 11, "distrito_l": 10, "municipio": 17, "seccion": 5266, "tipo": 2, "control": 34060.0, "SECCION_TX": "5266", "SECCION__1": null, "SECCION__2": null, "SECCION_N": "5266", "ESTATUS": null, "ALCALDIA_N": "VENUSTIANO CARRANZA", "EN_OPERATI": null, "EN_OP": "NO", "SEC_N": "5266", "EST": null, "ALC_N": "VENUSTIANO CARRANZA", "OP": "NO", "NOMBRE": "ZONA CENTRO (CENTRO)" }, "geometry": { "type": "MultiPolygon", "coordinates": [ [ [ [ -99.122025090255178, 19.425038991555823 ], [ -99.121583013191326, 19.424981510208998 ], [ -99.121127822346438, 19.424922322566616 ], [ -99.120193939208903, 19.424800887721069 ], [ -99.12012327716549, 19.424791701212641 ], [ -99.120091663567948, 19.424787590136329 ], [ -99.120055925218495, 19.424782942664649 ], [ -99.119970780832432, 19.424771869215984 ], [ -99.120069504277012, 19.42416444165503 ], [ -99.120212293981623, 19.423285874334407 ], [ -99.1202943398131, 19.423283187262928 ], [ -99.120332279367105, 19.423281949028279 ], [ -99.120376509464563, 19.423280505478942 ], [ -99.120429753839034, 19.423278751801746 ], [ -99.122313141117317, 19.423217053695147 ], [ -99.122234902623902, 19.423762729980169 ], [ -99.122025090255178, 19.425038991555823 ] ] ] ] } },
{ "type": "Feature", "properties": { "id": 2759.0, "entidad": 9, "distrito_f": 11, "distrito_l": 10, "municipio": 17, "seccion": 5267, "tipo": 2, "control": 34066.0, "SECCION_TX": "5267", "SECCION__1": null, "SECCION__2": null, "SECCION_N": "5267", "ESTATUS": "PENDIENTE", "ALCALDIA_N": "VENUSTIANO CARRANZA", "EN_OPERATI": null, "EN_OP": "SI", "SEC_N": "5267", "EST": "PENDIENTE", "ALC_N": "VENUSTIANO CARRANZA", "OP": "SI", "NOMBRE": "ZONA CENTRO (CENTRO)" }, "geometry": { "type": "MultiPolygon", "coordinates": [ [ [ [ -99.124029964127203, 19.420238672558249 ], [ -99.12391872526085, 19.421297126572288 ], [ -99.123908131200523, 19.421357701991173 ], [ -99.123797465675182, 19.421990469956292 ], [ -99.124089921746162, 19.422216735519541 ], [ -99.124072353710844, 19.422553650497498 ], [ -99.122951544076358, 19.422419172680723 ], [ -99.122410803200012, 19.422354249647011 ], [ -99.121589861918764, 19.422256868654163 ], [ -99.121147439967004, 19.422205866354627 ], [ -99.120627250229759, 19.422153338487448 ], [ -99.120584879326429, 19.422148359616575 ], [ -99.120513574926051, 19.42213678638505 ], [ -99.120488793613461, 19.422132764187872 ], [ -99.120437246007171, 19.422124397604239 ], [ -99.120369251576577, 19.422113362678459 ], [ -99.120402200391752, 19.42170069295366 ], [ -99.120418027588315, 19.421502545376292 ], [ -99.120430452171391, 19.421347020698981 ], [ -99.120564851306028, 19.420393149701116 ], [ -99.120716177259041, 19.420318669576947 ], [ -99.120777431870607, 19.420288513711245 ], [ -99.120824040539887, 19.420265568074292 ], [ -99.120920698361246, 19.420218027082775 ], [ -99.121027213856195, 19.42016560752128 ], [ -99.121439811735328, 19.420036408100376 ], [ -99.121897818448687, 19.420059976122669 ], [ -99.122315576803871, 19.420102669953142 ], [ -99.122743408237682, 19.420154905942265 ], [ -99.123271911342954, 19.420226172480369 ], [ -99.124029964127203, 19.420238672558249 ] ] ] ] } },
{ "type": "Feature", "properties": { "id": 2760.0, "entidad": 9, "distrito_f": 11, "distrito_l": 10, "municipio": 17, "seccion": 5268, "tipo": 2, "control": 33547.0, "SECCION_TX": "5268", "SECCION__1": null, "SECCION__2": null, "SECCION_N": "5268", "ESTATUS": null, "ALCALDIA_N": "VENUSTIANO CARRANZA", "EN_OPERATI": null, "EN_OP": "NO", "SEC_N": "5268", "EST": null, "ALC_N": "VENUSTIANO CARRANZA", "OP": "NO", "NOMBRE": "ZONA CENTRO (CENTRO)" }, "geometry": { "type": "MultiPolygon", "coordinates": [ [ [ [ -99.126091099088583, 19.422817433138086 ], [ -99.124072353710844, 19.422553650497498 ], [ -99.124089921746162, 19.422216735519541 ], [ -99.123797465675182, 19.421990469956292 ], [ -99.123908131200523, 19.421357701991173 ], [ -99.12391872526085, 19.421297126572288 ], [ -99.124029964127203, 19.420238672558249 ], [ -99.124370874292097, 19.420127517718054 ], [ -99.124833440551683, 19.419849896075991 ], [ -99.124170836660795, 19.419716319829689 ], [ -99.124245661348482, 19.419350651623308 ], [ -99.124466886892236, 19.418269512832499 ], [ -99.124547719516698, 19.41828094632568 ], [ -99.125154100694999, 19.418366715631613 ], [ -99.126351583276019, 19.418536086784744 ], [ -99.127406887482664, 19.418685341478287 ], [ -99.127354498332224, 19.419031536385983 ], [ -99.127162494172978, 19.420300314488866 ], [ -99.12713303937069, 19.42049495232618 ], [ -99.1265875056352, 19.421710953869916 ], [ -99.126091099088583, 19.422817433138086 ] ] ] ] } },
{ "type": "Feature", "properties": { "id": 2761.0, "entidad": 9, "distrito_f": 11, "distrito_l": 10, "municipio": 17, "seccion": 5269, "tipo": 2, "control": 34067.0, "SECCION_TX": "5269", "SECCION__1": null, "SECCION__2": null, "SECCION_N": "5269", "ESTATUS": null, "ALCALDIA_N": "VENUSTIANO CARRANZA", "EN_OPERATI": null, "EN_OP": "NO", "SEC_N": "5269", "EST": null, "ALC_N": "VENUSTIANO CARRANZA", "OP": "NO", "NOMBRE": "MERCED BALBUENA" }, "geometry": { "type": "MultiPolygon", "coordinates": [ [ [ [ -99.124833440551683, 19.419849896075991 ], [ -99.124370874292097, 19.420127517718054 ], [ -99.124029964127203, 19.420238672558249 ], [ -99.123271911342954, 19.420226172480369 ], [ -99.122743408237682, 19.420154905942265 ], [ -99.122315576803871, 19.420102669953142 ], [ -99.121897818448687, 19.420059976122669 ], [ -99.121439811735328, 19.420036408100376 ], [ -99.121027213856195, 19.42016560752128 ], [ -99.120920698361246, 19.420218027082775 ], [ -99.120824040539887, 19.420265568074292 ], [ -99.120777431870607, 19.420288513711245 ], [ -99.120716177259041, 19.420318669576947 ], [ -99.120564851306028, 19.420393149701116 ], [ -99.120774722813337, 19.418903606441507 ], [ -99.120944911662377, 19.41776385511838 ], [ -99.12107921332445, 19.417782413740696 ], [ -99.12113288014811, 19.417792057111054 ], [ -99.121175707931229, 19.41779574788967 ], [ -99.121241745326699, 19.417804898336595 ], [ -99.121758152478733, 19.417873879035103 ], [ -99.122206355193569, 19.417933660680333 ], [ -99.122610723604595, 19.418002714290289 ], [ -99.122970803930684, 19.418048719252866 ], [ -99.123094906174032, 19.418065943177435 ], [ -99.123546107945543, 19.418131489230475 ], [ -99.12397482333111, 19.418186658017287 ], [ -99.124466886892236, 19.418269512832499 ], [ -99.124245661348482, 19.419350651623308 ], [ -99.124170836660795, 19.419716319829689 ], [ -99.124833440551683, 19.419849896075991 ] ] ] ] } },
{ "type": "Feature", "properties": { "id": 2871.0, "entidad": 9, "distrito_f": 11, "distrito_l": 10, "municipio": 17, "seccion": 5374, "tipo": 2, "control": 34098.0, "SECCION_TX": "5374", "SECCION__1": null, "SECCION__2": null, "SECCION_N": "5374", "ESTATUS": null, "ALCALDIA_N": "VENUSTIANO CARRANZA", "EN_OPERATI": null, "EN_OP": "NO", "SEC_N": "5374", "EST": null, "ALC_N": "VENUSTIANO CARRANZA", "OP": "NO", "NOMBRE": "MERCED BALBUENA" }, "geometry": { "type": "MultiPolygon", "coordinates": [ [ [ [ -99.120774722813337, 19.418903606441507 ], [ -99.120396099387747, 19.418896295263743 ], [ -99.119924998023777, 19.418887197244032 ], [ -99.119537293643717, 19.418879708888912 ], [ -99.11921632904911, 19.418873508959404 ], [ -99.119322184961504, 19.417819013248725 ], [ -99.119404687317015, 19.417818407009559 ], [ -99.119448436432393, 19.417392042034862 ], [ -99.119498185084808, 19.416907204818351 ], [ -99.11946390296707, 19.416842265125815 ], [ -99.119505905207831, 19.416422179029002 ], [ -99.119582854316619, 19.41565256575349 ], [ -99.119860173802209, 19.415644470981398 ], [ -99.120158723677307, 19.41563575603433 ], [ -99.120457273517729, 19.415627040596782 ], [ -99.120748663802857, 19.415618533691202 ], [ -99.120887128822091, 19.415614491151857 ], [ -99.121242168923885, 19.415604125137083 ], [ -99.121387066617331, 19.415599894396557 ], [ -99.121424826796328, 19.415598791851234 ], [ -99.121478735606829, 19.415597217774419 ], [ -99.121559130679458, 19.415594870298712 ], [ -99.121382295388031, 19.416838860715178 ], [ -99.121241745326699, 19.417804898336595 ], [ -99.121175707931229, 19.41779574788967 ], [ -99.12113288014811, 19.417792057111054 ], [ -99.12107921332445, 19.417782413740696 ], [ -99.120944911662377, 19.41776385511838 ], [ -99.120774722813337, 19.418903606441507 ] ] ] ] } },
{ "type": "Feature", "properties": { "id": 3013.0, "entidad": 9, "distrito_f": 11, "distrito_l": 10, "municipio": 17, "seccion": 5503, "tipo": 2, "control": 33550.0, "SECCION_TX": "5503", "SECCION__1": null, "SECCION__2": null, "SECCION_N": "5503", "ESTATUS": "PENDIENTE", "ALCALDIA_N": "VENUSTIANO CARRANZA", "EN_OPERATI": null, "EN_OP": "SI", "SEC_N": "5503", "EST": "PENDIENTE", "ALC_N": "VENUSTIANO CARRANZA", "OP": "SI", "NOMBRE": "MERCED BALBUENA" }, "geometry": { "type": "MultiPolygon", "coordinates": [ [ [ [ -99.127406887482664, 19.418685341478287 ], [ -99.126351583276019, 19.418536086784744 ], [ -99.125154100694999, 19.418366715631613 ], [ -99.124547719516698, 19.41828094632568 ], [ -99.124466886892236, 19.418269512832499 ], [ -99.12397482333111, 19.418186658017287 ], [ -99.123546107945543, 19.418131489230475 ], [ -99.123094906174032, 19.418065943177435 ], [ -99.122970803930684, 19.418048719252866 ], [ -99.122610723604595, 19.418002714290289 ], [ -99.122206355193569, 19.417933660680333 ], [ -99.121758152478733, 19.417873879035103 ], [ -99.121241745326699, 19.417804898336595 ], [ -99.121382295388031, 19.416838860715178 ], [ -99.121894241535557, 19.41688516619644 ], [ -99.122341328413611, 19.416925603960436 ], [ -99.122733666143063, 19.416961088892677 ], [ -99.12310683606816, 19.416994839394313 ], [ -99.123266521421087, 19.415580478440809 ], [ -99.123400935361289, 19.415594298482912 ], [ -99.123802396721629, 19.415635574940975 ], [ -99.124221356189793, 19.415681506358712 ], [ -99.124591589641668, 19.415708983269123 ], [ -99.12498617929505, 19.41573644266904 ], [ -99.125702304925923, 19.415809896421258 ], [ -99.126881207878057, 19.415896889942069 ], [ -99.127840906994749, 19.415984030193929 ], [ -99.12762283453101, 19.41743540985955 ], [ -99.127406887482664, 19.418685341478287 ] ] ] ] } },
{ "type": "Feature", "properties": { "id": 2870.0, "entidad": 9, "distrito_f": 11, "distrito_l": 10, "municipio": 17, "seccion": 5373, "tipo": 2, "control": 34097.0, "SECCION_TX": "5373", "SECCION__1": null, "SECCION__2": null, "SECCION_N": "5373", "ESTATUS": "PENDIENTE", "ALCALDIA_N": "VENUSTIANO CARRANZA", "EN_OPERATI": null, "EN_OP": "SI", "SEC_N": "5373", "EST": "PENDIENTE", "ALC_N": "VENUSTIANO CARRANZA", "OP": "SI", "NOMBRE": "LORENZO BOTURINI" }, "geometry": { "type": "MultiPolygon", "coordinates": [ [ [ [ -99.119322184961504, 19.417819013248725 ], [ -99.119061790728495, 19.417817666250514 ], [ -99.118905922162796, 19.417816859776522 ], [ -99.118682560509399, 19.417815703855666 ], [ -99.118426521865928, 19.41781437849005 ], [ -99.118151579962031, 19.417812954871113 ], [ -99.118123166820311, 19.417812807727262 ], [ -99.117924012712407, 19.417811776238189 ], [ -99.117644388683402, 19.417810327598545 ], [ -99.117428057455541, 19.417809206562563 ], [ -99.117257846504728, 19.41780832434241 ], [ -99.117170781721313, 19.417807873015462 ], [ -99.117304113815194, 19.416815272196803 ], [ -99.117459231698319, 19.415760385722347 ], [ -99.117742171554994, 19.413933286660349 ], [ -99.117850269019954, 19.413929266194216 ], [ -99.118367357514757, 19.413910033243418 ], [ -99.118795757069549, 19.413894097933152 ], [ -99.118910200140718, 19.413889840787505 ], [ -99.11922004109627, 19.413878314710839 ], [ -99.119639866120067, 19.413862696383973 ], [ -99.120068437147793, 19.413846751684734 ], [ -99.120497008085977, 19.413830805975017 ], [ -99.120939127410196, 19.413814355112091 ], [ -99.121387176780658, 19.413797682496707 ], [ -99.121638991336411, 19.413788292398824 ], [ -99.12168249277066, 19.413786680704682 ], [ -99.121739693146836, 19.413784561459668 ], [ -99.121816870739323, 19.413781702040133 ], [ -99.12170029559401, 19.41460179819552 ], [ -99.121583719303928, 19.415421894208329 ], [ -99.121559130679458, 19.415594870298712 ], [ -99.121478735606829, 19.415597217774419 ], [ -99.121424826796328, 19.415598791851234 ], [ -99.121387066617331, 19.415599894396557 ], [ -99.121242168923885, 19.415604125137083 ], [ -99.120887128822091, 19.415614491151857 ], [ -99.120748663802857, 19.415618533691202 ], [ -99.120457273517729, 19.415627040596782 ], [ -99.120158723677307, 19.41563575603433 ], [ -99.119860173802209, 19.415644470981398 ], [ -99.119582854316619, 19.41565256575349 ], [ -99.119505905207831, 19.416422179029002 ], [ -99.11946390296707, 19.416842265125815 ], [ -99.119498185084808, 19.416907204818351 ], [ -99.119448436432393, 19.417392042034862 ], [ -99.119404687317015, 19.417818407009559 ], [ -99.119322184961504, 19.417819013248725 ] ] ] ] } },
{ "type": "Feature", "properties": { "id": 2872.0, "entidad": 9, "distrito_f": 11, "distrito_l": 10, "municipio": 17, "seccion": 5375, "tipo": 2, "control": 34099.0, "SECCION_TX": "5375", "SECCION__1": null, "SECCION__2": null, "SECCION_N": "5375", "ESTATUS": null, "ALCALDIA_N": "VENUSTIANO CARRANZA", "EN_OPERATI": null, "EN_OP": "NO", "SEC_N": "5375", "EST": null, "ALC_N": "VENUSTIANO CARRANZA", "OP": "NO", "NOMBRE": "LORENZO BOTURINI" }, "geometry": { "type": "MultiPolygon", "coordinates": [ [ [ [ -99.121816870739323, 19.413781702040133 ], [ -99.121739693146836, 19.413784561459668 ], [ -99.12168249277066, 19.413786680704682 ], [ -99.121638991336411, 19.413788292398824 ], [ -99.121387176780658, 19.413797682496707 ], [ -99.120939127410196, 19.413814355112091 ], [ -99.120497008085977, 19.413830805975017 ], [ -99.120068437147793, 19.413846751684734 ], [ -99.119639866120067, 19.413862696383973 ], [ -99.11922004109627, 19.413878314710839 ], [ -99.118910200140718, 19.413889840787505 ], [ -99.118795757069549, 19.413894097933152 ], [ -99.118367357514757, 19.413910033243418 ], [ -99.117850269019954, 19.413929266194216 ], [ -99.117742171554994, 19.413933286660349 ], [ -99.117127769292637, 19.413957297309945 ], [ -99.117289804659833, 19.412845492098356 ], [ -99.117994006838174, 19.412809931539034 ], [ -99.118491337934401, 19.412784815831095 ], [ -99.118910871400729, 19.412763627915378 ], [ -99.119340012964955, 19.412741953749389 ], [ -99.119777358852247, 19.412719864168405 ], [ -99.120201579090775, 19.412698436529848 ], [ -99.120630018411873, 19.412676794771926 ], [ -99.121058925535451, 19.412655128366488 ], [ -99.121583892667914, 19.412628608067962 ], [ -99.121755744314711, 19.412619926132265 ], [ -99.12183199265229, 19.412616074018089 ], [ -99.121884999725538, 19.412613396048314 ], [ -99.121942077073655, 19.412610512426841 ], [ -99.121826910228606, 19.413711074710168 ], [ -99.121816870739323, 19.413781702040133 ] ] ] ] } },
{ "type": "Feature", "properties": { "id": 2998.0, "entidad": 9, "distrito_f": 11, "distrito_l": 10, "municipio": 17, "seccion": 5505, "tipo": 2, "control": 34069.0, "SECCION_TX": "5505", "SECCION__1": null, "SECCION__2": null, "SECCION_N": "5505", "ESTATUS": null, "ALCALDIA_N": "VENUSTIANO CARRANZA", "EN_OPERATI": null, "EN_OP": "NO", "SEC_N": "5505", "EST": null, "ALC_N": "VENUSTIANO CARRANZA", "OP": "NO", "NOMBRE": "LORENZO BOTURINI" }, "geometry": { "type": "MultiPolygon", "coordinates": [ [ [ [ -99.124221356189793, 19.415681506358712 ], [ -99.123802396721629, 19.415635574940975 ], [ -99.123400935361289, 19.415594298482912 ], [ -99.123266521421087, 19.415580478440809 ], [ -99.12289227556164, 19.41555319382633 ], [ -99.122518029822402, 19.415525908440106 ], [ -99.122629844106768, 19.414614764067252 ], [ -99.122746554753149, 19.41366370983588 ], [ -99.12312068469042, 19.413649115106164 ], [ -99.123494814556224, 19.413634519606436 ], [ -99.12363485476331, 19.413629056179435 ], [ -99.123988902738716, 19.41361524312595 ], [ -99.12441094014028, 19.413598776585385 ], [ -99.124314320840369, 19.414660222567015 ], [ -99.124221356189793, 19.415681506358712 ] ] ] ] } },
{ "type": "Feature", "properties": { "id": 2997.0, "entidad": 9, "distrito_f": 11, "distrito_l": 10, "municipio": 17, "seccion": 5504, "tipo": 2, "control": 34068.0, "SECCION_TX": "5504", "SECCION__1": null, "SECCION__2": null, "SECCION_N": "5504", "ESTATUS": null, "ALCALDIA_N": "VENUSTIANO CARRANZA", "EN_OPERATI": null, "EN_OP": "NO", "SEC_N": "5504", "EST": null, "ALC_N": "VENUSTIANO CARRANZA", "OP": "NO", "NOMBRE": "LORENZO BOTURINI" }, "geometry": { "type": "MultiPolygon", "coordinates": [ [ [ [ -99.12310683606816, 19.416994839394313 ], [ -99.122733666143063, 19.416961088892677 ], [ -99.122341328413611, 19.416925603960436 ], [ -99.121894241535557, 19.41688516619644 ], [ -99.121382295388031, 19.416838860715178 ], [ -99.121559130679458, 19.415594870298712 ], [ -99.121583719303928, 19.415421894208329 ], [ -99.12170029559401, 19.41460179819552 ], [ -99.121816870739323, 19.413781702040133 ], [ -99.121826910228606, 19.413711074710168 ], [ -99.122310747212595, 19.413686156015299 ], [ -99.122746554753149, 19.41366370983588 ], [ -99.122629844106768, 19.414614764067252 ], [ -99.122518029822402, 19.415525908440106 ], [ -99.12289227556164, 19.41555319382633 ], [ -99.123266521421087, 19.415580478440809 ], [ -99.12310683606816, 19.416994839394313 ] ] ] ] } },
{ "type": "Feature", "properties": { "id": 3019.0, "entidad": 9, "distrito_f": 11, "distrito_l": 10, "municipio": 17, "seccion": 5511, "tipo": 2, "control": 33559.0, "SECCION_TX": "5511", "SECCION__1": null, "SECCION__2": null, "SECCION_N": "5511", "ESTATUS": null, "ALCALDIA_N": "VENUSTIANO CARRANZA", "EN_OPERATI": null, "EN_OP": "NO", "SEC_N": "5511", "EST": null, "ALC_N": "VENUSTIANO CARRANZA", "OP": "NO", "NOMBRE": "JAMAICA" }, "geometry": { "type": "MultiPolygon", "coordinates": [ [ [ [ -99.121840544588309, 19.406964129644791 ], [ -99.121810813809304, 19.40577095547 ], [ -99.12193185348724, 19.405639513478349 ], [ -99.122052925631849, 19.405551858326668 ], [ -99.122185505926439, 19.405425881782207 ], [ -99.122301247005836, 19.405179698656106 ], [ -99.122317877355158, 19.405020763507817 ], [ -99.12229594916073, 19.404966847808957 ], [ -99.123261797089867, 19.404792809554543 ], [ -99.125681041270667, 19.404353271177396 ], [ -99.12568620668182, 19.404419001671162 ], [ -99.125697829602473, 19.404566904566824 ], [ -99.125825246021208, 19.40523183057828 ], [ -99.126166279861977, 19.406824601927038 ], [ -99.123518262792047, 19.406909933124609 ], [ -99.12309579962519, 19.406923581713766 ], [ -99.121840544588309, 19.406964129644791 ] ] ] ] } },
{ "type": "Feature", "properties": { "id": 2884.0, "entidad": 9, "distrito_f": 11, "distrito_l": 10, "municipio": 17, "seccion": 5386, "tipo": 2, "control": 33562.0, "SECCION_TX": "5386", "SECCION__1": null, "SECCION__2": null, "SECCION_N": "5386", "ESTATUS": null, "ALCALDIA_N": "VENUSTIANO CARRANZA", "EN_OPERATI": null, "EN_OP": "NO", "SEC_N": "5386", "EST": null, "ALC_N": "VENUSTIANO CARRANZA", "OP": "NO", "NOMBRE": "JAMAICA" }, "geometry": { "type": "MultiPolygon", "coordinates": [ [ [ [ -99.12153740846351, 19.406916966167916 ], [ -99.121327679451511, 19.406884335137573 ], [ -99.121117950521793, 19.406851703864628 ], [ -99.120365782250289, 19.406691849857811 ], [ -99.119676996199772, 19.40653996868846 ], [ -99.119030487560423, 19.406424136807001 ], [ -99.118265668567275, 19.406292344272263 ], [ -99.117391004070129, 19.406164628339003 ], [ -99.116372705804565, 19.406057044434348 ], [ -99.116318180019249, 19.40661831747056 ], [ -99.114374583533518, 19.406479241488345 ], [ -99.11391402300184, 19.406427415775124 ], [ -99.113930808523023, 19.406263042647179 ], [ -99.113884182989366, 19.406046594286014 ], [ -99.113911183438233, 19.405872873368221 ], [ -99.11390591720847, 19.405793604759726 ], [ -99.114340944001981, 19.405720078241202 ], [ -99.114761570365673, 19.405647146139717 ], [ -99.115280015999133, 19.405596582853505 ], [ -99.117206054103633, 19.405583225225641 ], [ -99.118513211103306, 19.405584109786645 ], [ -99.11895071966552, 19.405555282700806 ], [ -99.119508207311355, 19.405471533775515 ], [ -99.120427772355114, 19.405303271098628 ], [ -99.12102698472404, 19.405200597837549 ], [ -99.121023353332561, 19.405095234745424 ], [ -99.121017990144736, 19.404939624136443 ], [ -99.121112732428841, 19.404717220896082 ], [ -99.121486113878703, 19.404640358247928 ], [ -99.121625670179171, 19.404663802971918 ], [ -99.121940352500062, 19.404716667527104 ], [ -99.122154709029971, 19.404715575155517 ], [ -99.122263588409197, 19.4048805838333 ], [ -99.12229594916073, 19.404966847808957 ], [ -99.122317877355158, 19.405020763507817 ], [ -99.122301247005836, 19.405179698656106 ], [ -99.122185505926439, 19.405425881782207 ], [ -99.122052925631849, 19.405551858326668 ], [ -99.12193185348724, 19.405639513478349 ], [ -99.121810813809304, 19.40577095547 ], [ -99.121840544588309, 19.406964129644791 ], [ -99.121754814481278, 19.40695081502659 ], [ -99.121706197533129, 19.406943245881287 ], [ -99.121664307473921, 19.406936724030512 ], [ -99.12153740846351, 19.406916966167916 ] ] ] ] } },
{ "type": "Feature", "properties": { "id": 2895.0, "entidad": 9, "distrito_f": 11, "distrito_l": 10, "municipio": 17, "seccion": 5396, "tipo": 2, "control": 34106.0, "SECCION_TX": "5396", "SECCION__1": null, "SECCION__2": null, "SECCION_N": "5396", "ESTATUS": null, "ALCALDIA_N": "VENUSTIANO CARRANZA", "EN_OPERATI": null, "EN_OP": "NO", "SEC_N": "5396", "EST": null, "ALC_N": "VENUSTIANO CARRANZA", "OP": "NO", "NOMBRE": "JAMAICA" }, "geometry": { "type": "MultiPolygon", "coordinates": [ [ [ [ -99.121873785743261, 19.40918762315512 ], [ -99.121813301378452, 19.40918445691311 ], [ -99.121768851714165, 19.409182126211554 ], [ -99.121721760735142, 19.409179649380675 ], [ -99.121592006444516, 19.409172860351468 ], [ -99.120976903644163, 19.409140632744812 ], [ -99.119890460401621, 19.409083704676345 ], [ -99.119916328590747, 19.40860384765304 ], [ -99.119952521449079, 19.407960452245273 ], [ -99.120306584719415, 19.407991105586348 ], [ -99.120315498502265, 19.407795468884796 ], [ -99.120365782250289, 19.406691849857811 ], [ -99.121117950521793, 19.406851703864628 ], [ -99.121327679451511, 19.406884335137573 ], [ -99.12153740846351, 19.406916966167916 ], [ -99.121664307473921, 19.406936724030512 ], [ -99.121706197533129, 19.406943245881287 ], [ -99.121754814481278, 19.40695081502659 ], [ -99.121840544588309, 19.406964129644791 ], [ -99.121873785743261, 19.40918762315512 ] ] ] ] } },
{ "type": "Feature", "properties": { "id": 2840.0, "entidad": 9, "distrito_f": 11, "distrito_l": 10, "municipio": 17, "seccion": 5343, "tipo": 2, "control": 34146.0, "SECCION_TX": "5343", "SECCION__1": null, "SECCION__2": null, "SECCION_N": "5343", "ESTATUS": null, "ALCALDIA_N": "VENUSTIANO CARRANZA", "EN_OPERATI": null, "EN_OP": "NO", "SEC_N": "5343", "EST": null, "ALC_N": "VENUSTIANO CARRANZA", "OP": "NO", "NOMBRE": "EL PARQUE" }, "geometry": { "type": "MultiPolygon", "coordinates": [ [ [ [ -99.113533473860244, 19.426363184473601 ], [ -99.113469621075495, 19.426417689564662 ], [ -99.113250660659546, 19.426604594942077 ], [ -99.113012862710974, 19.426705905684017 ], [ -99.112545347712128, 19.426733432134242 ], [ -99.112229586701943, 19.426776427125876 ], [ -99.111577555631058, 19.4268585371982 ], [ -99.111506221929119, 19.426862195393277 ], [ -99.111554333946302, 19.426608132278794 ], [ -99.111802542411624, 19.424361292856325 ], [ -99.111816410950851, 19.424235749885685 ], [ -99.11189232049459, 19.424270377939742 ], [ -99.112853926276472, 19.424709034647211 ], [ -99.113655253776443, 19.424824212827438 ], [ -99.113789269075625, 19.424718894846368 ], [ -99.113771032798567, 19.424836121439931 ], [ -99.113533473860244, 19.426363184473601 ] ] ] ] } },
{ "type": "Feature", "properties": { "id": 2855.0, "entidad": 9, "distrito_f": 11, "distrito_l": 10, "municipio": 17, "seccion": 5357, "tipo": 2, "control": 34091.0, "SECCION_TX": "5357", "SECCION__1": null, "SECCION__2": null, "SECCION_N": "5357", "ESTATUS": null, "ALCALDIA_N": "VENUSTIANO CARRANZA", "EN_OPERATI": null, "EN_OP": "NO", "SEC_N": "5357", "EST": null, "ALC_N": "VENUSTIANO CARRANZA", "OP": "NO", "NOMBRE": "EL PARQUE" }, "geometry": { "type": "MultiPolygon", "coordinates": [ [ [ [ -99.116196943285473, 19.425021689679511 ], [ -99.116134701512692, 19.425013865764168 ], [ -99.114478976665396, 19.424805729725716 ], [ -99.114299160684723, 19.424770732288053 ], [ -99.114195784858694, 19.424759531357523 ], [ -99.114364623760579, 19.42349524768925 ], [ -99.114545131281616, 19.422280986057871 ], [ -99.114666840197202, 19.421464374840724 ], [ -99.114759271766133, 19.420844195795052 ], [ -99.114766813362763, 19.420793354604665 ], [ -99.114775017659184, 19.420738546649723 ], [ -99.114782798555652, 19.42068505041069 ], [ -99.114794969641039, 19.420604139251292 ], [ -99.114798047411753, 19.420583478072189 ], [ -99.114803602980331, 19.420546185163829 ], [ -99.114814512941877, 19.420472968505784 ], [ -99.11491369988272, 19.420501212754857 ], [ -99.115096028472564, 19.420553132064736 ], [ -99.115498877216936, 19.420664251209089 ], [ -99.115901726504234, 19.420775369455828 ], [ -99.116323265828427, 19.420891641869151 ], [ -99.116681956244591, 19.420990577881096 ], [ -99.116728556061602, 19.421003431244287 ], [ -99.116710597709513, 19.421122716528117 ], [ -99.116698019148401, 19.421206020023675 ], [ -99.116688961366975, 19.421266006550628 ], [ -99.116653480683908, 19.421501724935009 ], [ -99.116571398278339, 19.422047042497852 ], [ -99.116373670173559, 19.423506553066584 ], [ -99.116196943285473, 19.425021689679511 ] ] ] ] } },
{ "type": "Feature", "properties": { "id": 2869.0, "entidad": 9, "distrito_f": 11, "distrito_l": 10, "municipio": 17, "seccion": 5372, "tipo": 2, "control": 34094.0, "SECCION_TX": "5372", "SECCION__1": null, "SECCION__2": null, "SECCION_N": "5372", "ESTATUS": null, "ALCALDIA_N": "VENUSTIANO CARRANZA", "EN_OPERATI": null, "EN_OP": "NO", "SEC_N": "5372", "EST": null, "ALC_N": "VENUSTIANO CARRANZA", "OP": "NO", "NOMBRE": "EL PARQUE" }, "geometry": { "type": "MultiPolygon", "coordinates": [ [ [ [ -99.115096028472564, 19.420553132064736 ], [ -99.11491369988272, 19.420501212754857 ], [ -99.114814512941877, 19.420472968505784 ], [ -99.115059102306006, 19.418810903383026 ], [ -99.115265016960151, 19.417411619453638 ], [ -99.115344159885922, 19.416873800835678 ], [ -99.115363282741498, 19.416743850247791 ], [ -99.115410108684799, 19.416425640685187 ], [ -99.11557157080577, 19.415328402028059 ], [ -99.11576549739658, 19.414010527038148 ], [ -99.11585557909271, 19.41400700748143 ], [ -99.116277971984942, 19.41399050368949 ], [ -99.116700364786269, 19.413973998915907 ], [ -99.117127769292637, 19.413957297309945 ], [ -99.117742171554994, 19.413933286660349 ], [ -99.117459231698319, 19.415760385722347 ], [ -99.117304113815194, 19.416815272196803 ], [ -99.117170781721313, 19.417807873015462 ], [ -99.117014953531239, 19.418862398386736 ], [ -99.116869998653357, 19.419843329344467 ], [ -99.116463890457467, 19.419838936850581 ], [ -99.116032968556084, 19.419834274976825 ], [ -99.115609338144921, 19.419829690988287 ], [ -99.115218546282492, 19.419825461460221 ], [ -99.115096028472564, 19.420553132064736 ] ] ] ] } },
{ "type": "Feature", "properties": { "id": 2856.0, "entidad": 9, "distrito_f": 11, "distrito_l": 10, "municipio": 17, "seccion": 5358, "tipo": 2, "control": 34093.0, "SECCION_TX": "5358", "SECCION__1": null, "SECCION__2": null, "SECCION_N": "5358", "ESTATUS": null, "ALCALDIA_N": "VENUSTIANO CARRANZA", "EN_OPERATI": null, "EN_OP": "NO", "SEC_N": "5358", "EST": null, "ALC_N": "VENUSTIANO CARRANZA", "OP": "NO", "NOMBRE": "AERONAUTICA MILITAR" }, "geometry": { "type": "MultiPolygon", "coordinates": [ [ [ [ -99.114545131281616, 19.422280986057871 ], [ -99.114060991618587, 19.422228573551902 ], [ -99.113716518911616, 19.422191280452708 ], [ -99.113584057466539, 19.422176939811894 ], [ -99.113385183945496, 19.422155409030676 ], [ -99.113186310475669, 19.422133878031371 ], [ -99.11302111313519, 19.422115992801967 ], [ -99.112751714675738, 19.42208682581947 ], [ -99.112575395959482, 19.422067736086092 ], [ -99.112061293061984, 19.422012074019232 ], [ -99.112246349374132, 19.420194690377713 ], [ -99.11225019542303, 19.42015780273001 ], [ -99.112255583882188, 19.420103536977429 ], [ -99.112258167295408, 19.420048912740555 ], [ -99.112262987306963, 19.420014719673663 ], [ -99.112270544786398, 19.419951714488143 ], [ -99.112273521712225, 19.419926943867328 ], [ -99.112277704123045, 19.419884280783904 ], [ -99.11228296608995, 19.419835083653719 ], [ -99.114814512941877, 19.420472968505784 ], [ -99.114803602980331, 19.420546185163829 ], [ -99.114798047411753, 19.420583478072189 ], [ -99.114794969641039, 19.420604139251292 ], [ -99.114782798555652, 19.42068505041069 ], [ -99.114775017659184, 19.420738546649723 ], [ -99.114766813362763, 19.420793354604665 ], [ -99.114759271766133, 19.420844195795052 ], [ -99.114666840197202, 19.421464374840724 ], [ -99.114545131281616, 19.422280986057871 ] ] ] ] } },
{ "type": "Feature", "properties": { "id": 2857.0, "entidad": 9, "distrito_f": 11, "distrito_l": 10, "municipio": 17, "seccion": 5359, "tipo": 2, "control": 34095.0, "SECCION_TX": "5359", "SECCION__1": null, "SECCION__2": null, "SECCION_N": "5359", "ESTATUS": null, "ALCALDIA_N": "VENUSTIANO CARRANZA", "EN_OPERATI": null, "EN_OP": "NO", "SEC_N": "5359", "EST": null, "ALC_N": "VENUSTIANO CARRANZA", "OP": "NO", "NOMBRE": "AERONAUTICA MILITAR" }, "geometry": { "type": "MultiPolygon", "coordinates": [ [ [ [ -99.114814512941877, 19.420472968505784 ], [ -99.11228296608995, 19.419835083653719 ], [ -99.112572514729223, 19.417149097229427 ], [ -99.112602922314892, 19.416867017412379 ], [ -99.112605184288597, 19.416846033888493 ], [ -99.112612279974144, 19.416780209708477 ], [ -99.112617951831865, 19.416727593840896 ], [ -99.113172232902144, 19.416725621926471 ], [ -99.114072440561031, 19.416722415737148 ], [ -99.114113090994891, 19.416301548344247 ], [ -99.114142651217861, 19.415995500236246 ], [ -99.114221153588531, 19.415182730192523 ], [ -99.113991071997418, 19.415162410452439 ], [ -99.113751256000256, 19.41514123069895 ], [ -99.113616482050105, 19.415129327769328 ], [ -99.113289088452774, 19.415100412685124 ], [ -99.113458758886168, 19.413773888743261 ], [ -99.113873844927781, 19.413816472832377 ], [ -99.114335553267935, 19.413863838808354 ], [ -99.114818109343489, 19.413913342238285 ], [ -99.115316017807572, 19.413964419230329 ], [ -99.11576549739658, 19.414010527038148 ], [ -99.11557157080577, 19.415328402028059 ], [ -99.115410108684799, 19.416425640685187 ], [ -99.115363282741498, 19.416743850247791 ], [ -99.115344159885922, 19.416873800835678 ], [ -99.115265016960151, 19.417411619453638 ], [ -99.115059102306006, 19.418810903383026 ], [ -99.114814512941877, 19.420472968505784 ] ] ] ] } },
{ "type": "Feature", "properties": { "id": 2874.0, "entidad": 9, "distrito_f": 11, "distrito_l": 10, "municipio": 17, "seccion": 5377, "tipo": 2, "control": 34101.0, "SECCION_TX": "5377", "SECCION__1": null, "SECCION__2": null, "SECCION_N": "5377", "ESTATUS": null, "ALCALDIA_N": "VENUSTIANO CARRANZA", "EN_OPERATI": null, "EN_OP": "NO", "SEC_N": "5377", "EST": null, "ALC_N": "VENUSTIANO CARRANZA", "OP": "NO", "NOMBRE": "24 DE ABRIL" }, "geometry": { "type": "MultiPolygon", "coordinates": [ [ [ [ -99.113458758886168, 19.413773888743261 ], [ -99.112940040492376, 19.413735968649647 ], [ -99.112942257570367, 19.413668170989773 ], [ -99.112943023380723, 19.413631911828524 ], [ -99.112948451422824, 19.413579868446188 ], [ -99.113037610928203, 19.412725013688267 ], [ -99.113146899933625, 19.411677146740622 ], [ -99.113645453230731, 19.411679646180055 ], [ -99.114096822957038, 19.411681907890095 ], [ -99.114172430054538, 19.411682286630281 ], [ -99.114591135653995, 19.411684383491114 ], [ -99.115021890934756, 19.411686539689232 ], [ -99.115159887232068, 19.41168723023053 ], [ -99.115740971526392, 19.411690136859495 ], [ -99.116038244187749, 19.411691623121914 ], [ -99.11617518533923, 19.411692307617496 ], [ -99.116011104348559, 19.412907780755209 ], [ -99.116412060166397, 19.412888250178398 ], [ -99.116848494364149, 19.412866990437156 ], [ -99.117289804659833, 19.412845492098356 ], [ -99.117127769292637, 19.413957297309945 ], [ -99.116700364786269, 19.413973998915907 ], [ -99.116277971984942, 19.41399050368949 ], [ -99.11585557909271, 19.41400700748143 ], [ -99.11576549739658, 19.414010527038148 ], [ -99.115316017807572, 19.413964419230329 ], [ -99.114818109343489, 19.413913342238285 ], [ -99.114335553267935, 19.413863838808354 ], [ -99.113873844927781, 19.413816472832377 ], [ -99.113458758886168, 19.413773888743261 ] ] ] ] } },
{ "type": "Feature", "properties": { "id": 2880.0, "entidad": 9, "distrito_f": 11, "distrito_l": 10, "municipio": 17, "seccion": 5383, "tipo": 2, "control": 34104.0, "SECCION_TX": "5383", "SECCION__1": null, "SECCION__2": null, "SECCION_N": "5383", "ESTATUS": null, "ALCALDIA_N": "VENUSTIANO CARRANZA", "EN_OPERATI": null, "EN_OP": "NO", "SEC_N": "5383", "EST": null, "ALC_N": "VENUSTIANO CARRANZA", "OP": "NO", "NOMBRE": "ALVARO OBREGON" }, "geometry": { "type": "MultiPolygon", "coordinates": [ [ [ [ -99.118094093292868, 19.411703842227674 ], [ -99.117439212109119, 19.411699907996411 ], [ -99.117009806875188, 19.411697327041789 ], [ -99.116592496103564, 19.4116948178089 ], [ -99.116328696536115, 19.411693231123579 ], [ -99.11617518533923, 19.411692307617496 ], [ -99.116038244187749, 19.411691623121914 ], [ -99.115740971526392, 19.411690136859495 ], [ -99.115832849079695, 19.410781728674628 ], [ -99.115868322374084, 19.409643360563248 ], [ -99.115870139355977, 19.40958505168155 ], [ -99.116154791200444, 19.409591199945528 ], [ -99.116569126923935, 19.409600148485197 ], [ -99.116828761439947, 19.409605755411889 ], [ -99.117142509048605, 19.409612530440128 ], [ -99.117428927376793, 19.409618714849653 ], [ -99.118098534626171, 19.409633171397687 ], [ -99.118230947458017, 19.409636029844357 ], [ -99.118323310625073, 19.409837215293319 ], [ -99.118179749182701, 19.411006310080378 ], [ -99.118094093292868, 19.411703842227674 ] ] ] ] } },
{ "type": "Feature", "properties": { "id": 2878.0, "entidad": 9, "distrito_f": 11, "distrito_l": 10, "municipio": 17, "seccion": 5381, "tipo": 2, "control": 37924.0, "SECCION_TX": "5381", "SECCION__1": null, "SECCION__2": null, "SECCION_N": "5381", "ESTATUS": null, "ALCALDIA_N": "VENUSTIANO CARRANZA", "EN_OPERATI": null, "EN_OP": "NO", "SEC_N": "5381", "EST": null, "ALC_N": "VENUSTIANO CARRANZA", "OP": "NO", "NOMBRE": "MAGDALENA MIXHUCA" }, "geometry": { "type": "MultiPolygon", "coordinates": [ [ [ [ -99.103028096155896, 19.408232225932537 ], [ -99.103112420157188, 19.408210359267898 ], [ -99.103685843841106, 19.408061659446233 ], [ -99.104474585545489, 19.407906871311447 ], [ -99.104415030506914, 19.407961479875308 ], [ -99.104083630716161, 19.408265353502912 ], [ -99.105636862861346, 19.408288157728471 ], [ -99.106973587204948, 19.408307772597624 ], [ -99.108352379592617, 19.408307130603081 ], [ -99.10838529144219, 19.408307364348705 ], [ -99.109131584784393, 19.408312663052268 ], [ -99.109577886689479, 19.408313671263777 ], [ -99.110028582045572, 19.408314688287827 ], [ -99.111063888751914, 19.408317019127239 ], [ -99.112830216787302, 19.408347734018733 ], [ -99.113062911268358, 19.408352021199267 ], [ -99.113119124312078, 19.408353056827899 ], [ -99.113145889657702, 19.408353549927234 ], [ -99.113188730809981, 19.408354339183688 ], [ -99.113252035758265, 19.408355505423316 ], [ -99.113315340707331, 19.408356671640988 ], [ -99.113365744861298, 19.408357600181478 ], [ -99.113429304507548, 19.408358771051294 ], [ -99.113492864154594, 19.408359941898876 ], [ -99.113410216339844, 19.409152405077741 ], [ -99.113295079765678, 19.410256371978576 ], [ -99.113146899933625, 19.411677146740622 ], [ -99.113037610928203, 19.412725013688267 ], [ -99.112948451422824, 19.413579868446188 ], [ -99.112943023380723, 19.413631911828524 ], [ -99.112902570528149, 19.413627978320857 ], [ -99.1128111919856, 19.413620483869177 ], [ -99.112774052119775, 19.413616282574136 ], [ -99.112729965819085, 19.41361129548201 ], [ -99.112676062329214, 19.413606790269931 ], [ -99.1126501946747, 19.413604603227952 ], [ -99.112626096507455, 19.413601958048371 ], [ -99.112514733256177, 19.413594784640679 ], [ -99.111972288211206, 19.413547760230621 ], [ -99.111565533274984, 19.413512497677399 ], [ -99.111657860422127, 19.412594416293391 ], [ -99.111235307110576, 19.412538551695558 ], [ -99.111294030968196, 19.41190912758087 ], [ -99.110829239088901, 19.411869323260952 ], [ -99.110816452339208, 19.411704968538409 ], [ -99.111031933894409, 19.411704836991586 ], [ -99.111044530357816, 19.411588572875111 ], [ -99.108784050303711, 19.411553755952809 ], [ -99.10863830027391, 19.411551510080123 ], [ -99.108289719189372, 19.41154613829482 ], [ -99.107209654210834, 19.411532086765856 ], [ -99.107071843734374, 19.411530802294035 ], [ -99.106889291741112, 19.411545505467288 ], [ -99.106257460123445, 19.411587426531465 ], [ -99.105298294535174, 19.411491772687871 ], [ -99.104554626611147, 19.411420042959335 ], [ -99.104474618635223, 19.411410939485638 ], [ -99.104356738097692, 19.411397526727157 ], [ -99.103608130695676, 19.411312346364301 ], [ -99.103100949599224, 19.41104805121229 ], [ -99.101632209703013, 19.410291751630758 ], [ -99.101545610397153, 19.410247158378585 ], [ -99.1019887577134, 19.409465185666249 ], [ -99.10212802742187, 19.409212550279047 ], [ -99.102174345407235, 19.40895996706633 ], [ -99.102089709143698, 19.408743537048572 ], [ -99.102009368141665, 19.4086393522146 ], [ -99.101915185031629, 19.408483314680183 ], [ -99.103028096155896, 19.408232225932537 ] ] ] ] } },
{ "type": "Feature", "properties": { "id": 2879.0, "entidad": 9, "distrito_f": 11, "distrito_l": 10, "municipio": 17, "seccion": 5382, "tipo": 2, "control": 34105.0, "SECCION_TX": "5382", "SECCION__1": null, "SECCION__2": null, "SECCION_N": "5382", "ESTATUS": "PENDIENTE", "ALCALDIA_N": "VENUSTIANO CARRANZA", "EN_OPERATI": null, "EN_OP": "SI", "SEC_N": "5382", "EST": "PENDIENTE", "ALC_N": "VENUSTIANO CARRANZA", "OP": "SI", "NOMBRE": "MAGDALENA MIXHUCA" }, "geometry": { "type": "MultiPolygon", "coordinates": [ [ [ [ -99.115740971526392, 19.411690136859495 ], [ -99.115159887232068, 19.41168723023053 ], [ -99.115021890934756, 19.411686539689232 ], [ -99.114591135653995, 19.411684383491114 ], [ -99.114172430054538, 19.411682286630281 ], [ -99.114096822957038, 19.411681907890095 ], [ -99.113645453230731, 19.411679646180055 ], [ -99.113146899933625, 19.411677146740622 ], [ -99.113295079765678, 19.410256371978576 ], [ -99.113410216339844, 19.409152405077741 ], [ -99.113492864154594, 19.408359941898876 ], [ -99.113945120159457, 19.40841283915292 ], [ -99.115417696842954, 19.408585068209931 ], [ -99.115887913474751, 19.408640061033438 ], [ -99.115872789253331, 19.409444166064937 ], [ -99.115870139355977, 19.40958505168155 ], [ -99.115868322374084, 19.409643360563248 ], [ -99.115832849079695, 19.410781728674628 ], [ -99.115740971526392, 19.411690136859495 ] ] ] ] } },
{ "type": "Feature", "properties": { "id": 2881.0, "entidad": 9, "distrito_f": 11, "distrito_l": 10, "municipio": 17, "seccion": 5384, "tipo": 2, "control": 34107.0, "SECCION_TX": "5384", "SECCION__1": null, "SECCION__2": null, "SECCION_N": "5384", "ESTATUS": null, "ALCALDIA_N": "VENUSTIANO CARRANZA", "EN_OPERATI": null, "EN_OP": "NO", "SEC_N": "5384", "EST": null, "ALC_N": "VENUSTIANO CARRANZA", "OP": "NO", "NOMBRE": "MAGDALENA MIXHUCA" }, "geometry": { "type": "MultiPolygon", "coordinates": [ [ [ [ -99.119890460401621, 19.409083704676345 ], [ -99.115887913474751, 19.408640061033438 ], [ -99.115417696842954, 19.408585068209931 ], [ -99.113945120159457, 19.40841283915292 ], [ -99.113492864154594, 19.408359941898876 ], [ -99.113578732360295, 19.407560754638268 ], [ -99.114259355728095, 19.407626156053816 ], [ -99.115501493648281, 19.407745506952974 ], [ -99.116198446250706, 19.407779988788096 ], [ -99.118160321454482, 19.407877038425301 ], [ -99.118903207628179, 19.407930984995016 ], [ -99.119952521449079, 19.407960452245273 ], [ -99.119916328590747, 19.40860384765304 ], [ -99.119890460401621, 19.409083704676345 ] ] ] ] } },
{ "type": "Feature", "properties": { "id": 2894.0, "entidad": 9, "distrito_f": 11, "distrito_l": 10, "municipio": 17, "seccion": 5395, "tipo": 2, "control": 34103.0, "SECCION_TX": "5395", "SECCION__1": null, "SECCION__2": null, "SECCION_N": "5395", "ESTATUS": null, "ALCALDIA_N": "VENUSTIANO CARRANZA", "EN_OPERATI": null, "EN_OP": "NO", "SEC_N": "5395", "EST": null, "ALC_N": "VENUSTIANO CARRANZA", "OP": "NO", "NOMBRE": "MAGDALENA MIXHUCA" }, "geometry": { "type": "MultiPolygon", "coordinates": [ [ [ [ -99.119890460401621, 19.409083704676345 ], [ -99.119854257756216, 19.409694211458199 ], [ -99.119808477304531, 19.41046622822936 ], [ -99.119195367308407, 19.41020655969923 ], [ -99.118746216734664, 19.410016330538042 ], [ -99.118323310625073, 19.409837215293319 ], [ -99.118230947458017, 19.409636029844357 ], [ -99.118098534626171, 19.409633171397687 ], [ -99.117428927376793, 19.409618714849653 ], [ -99.117142509048605, 19.409612530440128 ], [ -99.116828761439947, 19.409605755411889 ], [ -99.116569126923935, 19.409600148485197 ], [ -99.116154791200444, 19.409591199945528 ], [ -99.115870139355977, 19.40958505168155 ], [ -99.115872789253331, 19.409444166064937 ], [ -99.115887913474751, 19.408640061033438 ], [ -99.119890460401621, 19.409083704676345 ] ] ] ] } },
{ "type": "Feature", "properties": { "id": 2886.0, "entidad": 9, "distrito_f": 11, "distrito_l": 10, "municipio": 17, "seccion": 5387, "tipo": 2, "control": 34108.0, "SECCION_TX": "5387", "SECCION__1": null, "SECCION__2": null, "SECCION_N": "5387", "ESTATUS": null, "ALCALDIA_N": "VENUSTIANO CARRANZA", "EN_OPERATI": null, "EN_OP": "NO", "SEC_N": "5387", "EST": null, "ALC_N": "VENUSTIANO CARRANZA", "OP": "NO", "NOMBRE": "MAGDALENA MIXIUHCA" }, "geometry": { "type": "MultiPolygon", "coordinates": [ [ [ [ -99.120306584719415, 19.407991105586348 ], [ -99.119952521449079, 19.407960452245273 ], [ -99.118903207628179, 19.407930984995016 ], [ -99.118160321454482, 19.407877038425301 ], [ -99.116198446250706, 19.407779988788096 ], [ -99.115501493648281, 19.407745506952974 ], [ -99.114259355728095, 19.407626156053816 ], [ -99.113578732360295, 19.407560754638268 ], [ -99.113723747910399, 19.40621105735735 ], [ -99.113884182989366, 19.406046594286014 ], [ -99.113930808523023, 19.406263042647179 ], [ -99.11391402300184, 19.406427415775124 ], [ -99.114374583533518, 19.406479241488345 ], [ -99.116318180019249, 19.40661831747056 ], [ -99.116372705804565, 19.406057044434348 ], [ -99.117391004070129, 19.406164628339003 ], [ -99.118265668567275, 19.406292344272263 ], [ -99.119030487560423, 19.406424136807001 ], [ -99.119676996199772, 19.40653996868846 ], [ -99.120365782250289, 19.406691849857811 ], [ -99.120315498502265, 19.407795468884796 ], [ -99.120306584719415, 19.407991105586348 ] ] ] ] } },
{ "type": "Feature", "properties": { "id": 2684.0, "entidad": 9, "distrito_f": 11, "distrito_l": 10, "municipio": 17, "seccion": 5194, "tipo": 2, "control": 32772.0, "SECCION_TX": "5194", "SECCION__1": null, "SECCION__2": null, "SECCION_N": "5194", "ESTATUS": null, "ALCALDIA_N": "VENUSTIANO CARRANZA", "EN_OPERATI": null, "EN_OP": "NO", "SEC_N": "5194", "EST": null, "ALC_N": "VENUSTIANO CARRANZA", "OP": "NO", "NOMBRE": "FELIPE ANGELES" }, "geometry": { "type": "MultiPolygon", "coordinates": [ [ [ [ -99.110026221071863, 19.45020364341018 ], [ -99.109618464236732, 19.450116922456292 ], [ -99.10950151995651, 19.450092050781027 ], [ -99.109068240789057, 19.449999900370173 ], [ -99.108614484247752, 19.4499034437153 ], [ -99.108186780960011, 19.449812426755869 ], [ -99.107749184115136, 19.449719354552453 ], [ -99.107291059765572, 19.449617087836394 ], [ -99.107803436696273, 19.448260241958526 ], [ -99.108257050323132, 19.44836422833421 ], [ -99.108710664522221, 19.448468213571644 ], [ -99.109131573949682, 19.448564700524223 ], [ -99.109580134993507, 19.448667524977584 ], [ -99.109940861710058, 19.448750214109882 ], [ -99.110000627608997, 19.44876391412749 ], [ -99.110475270102896, 19.448872714695526 ], [ -99.110158292330013, 19.449808132541861 ], [ -99.110026221071863, 19.45020364341018 ] ] ] ] } },
{ "type": "Feature", "properties": { "id": 2685.0, "entidad": 9, "distrito_f": 11, "distrito_l": 10, "municipio": 17, "seccion": 5195, "tipo": 2, "control": 32769.0, "SECCION_TX": "5195", "SECCION__1": null, "SECCION__2": null, "SECCION_N": "5195", "ESTATUS": "PENDIENTE", "ALCALDIA_N": "VENUSTIANO CARRANZA", "EN_OPERATI": null, "EN_OP": "SI", "SEC_N": "5195", "EST": "PENDIENTE", "ALC_N": "VENUSTIANO CARRANZA", "OP": "SI", "NOMBRE": "FELIPE ANGELES" }, "geometry": { "type": "MultiPolygon", "coordinates": [ [ [ [ -99.108545737114511, 19.452765419656995 ], [ -99.107897966028574, 19.45254076378616 ], [ -99.107261791916386, 19.452303653505489 ], [ -99.106822446343799, 19.452141783601878 ], [ -99.106833699950187, 19.452112972641292 ], [ -99.106840785820651, 19.452093617577628 ], [ -99.106874828585333, 19.452004148451227 ], [ -99.106895167768755, 19.451950702530041 ], [ -99.106903020884914, 19.451930066636162 ], [ -99.106933614697923, 19.451849601268577 ], [ -99.106940982013924, 19.45183026822054 ], [ -99.106950244625423, 19.451805862488509 ], [ -99.107186604676031, 19.45118859123037 ], [ -99.107749184115136, 19.449719354552453 ], [ -99.108186780960011, 19.449812426755869 ], [ -99.108614484247752, 19.4499034437153 ], [ -99.109068240789057, 19.449999900370173 ], [ -99.10950151995651, 19.450092050781027 ], [ -99.109618464236732, 19.450116922456292 ], [ -99.110026221071863, 19.45020364341018 ], [ -99.109867639238331, 19.450536403450297 ], [ -99.109649441109539, 19.450775049226731 ], [ -99.109486519554494, 19.450936616916728 ], [ -99.109199788043512, 19.451220964576446 ], [ -99.109014739890725, 19.45156001645352 ], [ -99.108999243887041, 19.451599843670067 ], [ -99.108677026281811, 19.45242798992119 ], [ -99.108613283007898, 19.452591818369385 ], [ -99.108545737114511, 19.452765419656995 ] ] ] ] } },
{ "type": "Feature", "properties": { "id": 2763.0, "entidad": 9, "distrito_f": 11, "distrito_l": 10, "municipio": 17, "seccion": 5271, "tipo": 2, "control": 32759.0, "SECCION_TX": "5271", "SECCION__1": null, "SECCION__2": null, "SECCION_N": "5271", "ESTATUS": null, "ALCALDIA_N": "VENUSTIANO CARRANZA", "EN_OPERATI": null, "EN_OP": "NO", "SEC_N": "5271", "EST": null, "ALC_N": "VENUSTIANO CARRANZA", "OP": "NO", "NOMBRE": "FELIPE ANGELES" }, "geometry": { "type": "MultiPolygon", "coordinates": [ [ [ [ -99.11211554965513, 19.454384597809401 ], [ -99.111918260409425, 19.454254077971033 ], [ -99.111483597175294, 19.454058665931623 ], [ -99.111070913450234, 19.453911118470579 ], [ -99.110838243170463, 19.453846728125303 ], [ -99.110588384580453, 19.453796301579764 ], [ -99.110383900027514, 19.453753328734766 ], [ -99.110149046893724, 19.453705592427006 ], [ -99.109731215992923, 19.453574649994348 ], [ -99.10936311429893, 19.453302218300134 ], [ -99.108972230050725, 19.452929829313454 ], [ -99.108896539192642, 19.452915849609731 ], [ -99.108980101461498, 19.452719040603327 ], [ -99.109045878128455, 19.452564120555664 ], [ -99.109193114410374, 19.452619177643758 ], [ -99.109763704923452, 19.452832541041708 ], [ -99.110255158675955, 19.453016310592353 ], [ -99.110508402903037, 19.453111005650282 ], [ -99.110735383685991, 19.45319587968083 ], [ -99.111000488605868, 19.453295008846514 ], [ -99.111046635702209, 19.453134701356003 ], [ -99.111519856330261, 19.453030635128588 ], [ -99.111593392475555, 19.452761634980636 ], [ -99.112072673611493, 19.452909264672908 ], [ -99.112551955608311, 19.453056893092029 ], [ -99.112738626666797, 19.452384389867944 ], [ -99.113226894680309, 19.452493220193034 ], [ -99.113629073075742, 19.452582860857561 ], [ -99.113438979762179, 19.453357224596669 ], [ -99.113227583860024, 19.454218357680038 ], [ -99.112935855950766, 19.454228048419544 ], [ -99.1128957642008, 19.454227957792853 ], [ -99.112774404826567, 19.454233411368236 ], [ -99.112658714999114, 19.454321653062156 ], [ -99.112592981857446, 19.454371790530157 ], [ -99.112514625495621, 19.454431556194578 ], [ -99.112473423601529, 19.454462982566032 ], [ -99.112559698464665, 19.454632218263146 ], [ -99.112588281115023, 19.454688285546478 ], [ -99.112511087751102, 19.454670051029467 ], [ -99.112194905160109, 19.454437096585622 ], [ -99.11211554965513, 19.454384597809401 ] ] ] ] } },
{ "type": "Feature", "properties": { "id": 2733.0, "entidad": 9, "distrito_f": 11, "distrito_l": 10, "municipio": 17, "seccion": 5241, "tipo": 2, "control": 34046.0, "SECCION_TX": "5241", "SECCION__1": null, "SECCION__2": null, "SECCION_N": "5241", "ESTATUS": null, "ALCALDIA_N": "VENUSTIANO CARRANZA", "EN_OPERATI": null, "EN_OP": "NO", "SEC_N": "5241", "EST": null, "ALC_N": "VENUSTIANO CARRANZA", "OP": "NO", "NOMBRE": "PENITENCIARIA" }, "geometry": { "type": "MultiPolygon", "coordinates": [ [ [ [ -99.11849345876567, 19.43694101557233 ], [ -99.117887861337536, 19.436866306160706 ], [ -99.117349689453903, 19.43679991293374 ], [ -99.116813647401486, 19.436749409933437 ], [ -99.116282468575392, 19.436685034382375 ], [ -99.115696623412376, 19.436635535066621 ], [ -99.115522269786382, 19.436620803183189 ], [ -99.114768437413971, 19.436531888777331 ], [ -99.11462535377882, 19.436515011721003 ], [ -99.114789683840414, 19.435581359293973 ], [ -99.114835294900189, 19.435432636952584 ], [ -99.11499932067197, 19.435452770767743 ], [ -99.11570179625717, 19.435538996419606 ], [ -99.116423318732501, 19.435601004119412 ], [ -99.11692980321682, 19.435644529694347 ], [ -99.116961421417699, 19.435647681662264 ], [ -99.117436605199714, 19.435695051294594 ], [ -99.117834473390204, 19.435739806111837 ], [ -99.117967777901356, 19.435754800874701 ], [ -99.118645156964476, 19.435846811707179 ], [ -99.11849345876567, 19.43694101557233 ] ] ] ] } },
{ "type": "Feature", "properties": { "id": 2877.0, "entidad": 9, "distrito_f": 11, "distrito_l": 10, "municipio": 17, "seccion": 5380, "tipo": 2, "control": 33867.0, "SECCION_TX": "5380", "SECCION__1": null, "SECCION__2": null, "SECCION_N": "5380", "ESTATUS": null, "ALCALDIA_N": "VENUSTIANO CARRANZA", "EN_OPERATI": null, "EN_OP": "NO", "SEC_N": "5380", "EST": null, "ALC_N": "VENUSTIANO CARRANZA", "OP": "NO", "NOMBRE": "LOS PINOS" }, "geometry": { "type": "MultiPolygon", "coordinates": [ [ [ [ -99.101545610397153, 19.410247158378585 ], [ -99.101146342962366, 19.410037257295699 ], [ -99.100867361889073, 19.409890591773699 ], [ -99.100482335172231, 19.409688174949174 ], [ -99.100354581046744, 19.409924475493366 ], [ -99.099898845736377, 19.410767420448558 ], [ -99.100072826305833, 19.410845169138582 ], [ -99.100048257132372, 19.41090194229621 ], [ -99.100025312253777, 19.410961961934873 ], [ -99.099530357026637, 19.410761576436098 ], [ -99.098646636967672, 19.410403792644711 ], [ -99.098054342365572, 19.410505310982558 ], [ -99.098039525043816, 19.410422803881278 ], [ -99.098024707737196, 19.410340296777967 ], [ -99.097995073169443, 19.410175282565298 ], [ -99.097983468642482, 19.409977563960719 ], [ -99.098006206696439, 19.409586772627382 ], [ -99.0980422338843, 19.409466872757722 ], [ -99.098079942952026, 19.409415475078738 ], [ -99.097989654890256, 19.409427793712741 ], [ -99.098024078967129, 19.409290954117747 ], [ -99.09813614895225, 19.409129499576583 ], [ -99.099148868244995, 19.40896170641771 ], [ -99.099205387677486, 19.408952341776626 ], [ -99.100080796452858, 19.408803672221847 ], [ -99.100863819548437, 19.408663398461609 ], [ -99.101422520710997, 19.408608820909354 ], [ -99.101915185031629, 19.408483314680183 ], [ -99.102009368141665, 19.4086393522146 ], [ -99.102089709143698, 19.408743537048572 ], [ -99.102174345407235, 19.40895996706633 ], [ -99.10212802742187, 19.409212550279047 ], [ -99.1019887577134, 19.409465185666249 ], [ -99.101545610397153, 19.410247158378585 ] ] ] ] } },
{ "type": "Feature", "properties": { "id": 2890.0, "entidad": 9, "distrito_f": 11, "distrito_l": 10, "municipio": 17, "seccion": 5391, "tipo": 2, "control": 33566.0, "SECCION_TX": "5391", "SECCION__1": null, "SECCION__2": null, "SECCION_N": "5391", "ESTATUS": null, "ALCALDIA_N": "VENUSTIANO CARRANZA", "EN_OPERATI": null, "EN_OP": "NO", "SEC_N": "5391", "EST": null, "ALC_N": "VENUSTIANO CARRANZA", "OP": "NO", "NOMBRE": "MAGDALENA MIXIUHCA" }, "geometry": { "type": "MultiPolygon", "coordinates": [ [ [ [ -99.10669815429074, 19.407073210501256 ], [ -99.106716823899419, 19.407156893166785 ], [ -99.106731221806982, 19.407220092480831 ], [ -99.106755992748944, 19.407332459156038 ], [ -99.106760320244092, 19.407351856203171 ], [ -99.106789602802692, 19.407483108718825 ], [ -99.106805329523596, 19.407553600134985 ], [ -99.106893223055408, 19.407947561546635 ], [ -99.106947135108726, 19.408189208253319 ], [ -99.106973587204948, 19.408307772597624 ], [ -99.105636862861346, 19.408288157728471 ], [ -99.104083630716161, 19.408265353502912 ], [ -99.104415030506914, 19.407961479875308 ], [ -99.104474585545489, 19.407906871311447 ], [ -99.103685843841106, 19.408061659446233 ], [ -99.103614635253194, 19.407994942590797 ], [ -99.103496530422802, 19.407884287455381 ], [ -99.103407330286018, 19.407800713641603 ], [ -99.103902141731794, 19.407691329792222 ], [ -99.105976894428721, 19.407232665218825 ], [ -99.10669815429074, 19.407073210501256 ] ] ] ] } },
{ "type": "Feature", "properties": { "id": 2834.0, "entidad": 9, "distrito_f": 11, "distrito_l": 11, "municipio": 17, "seccion": 5339, "tipo": 2, "control": 34085.0, "SECCION_TX": "5339", "SECCION__1": null, "SECCION__2": null, "SECCION_N": "5339", "ESTATUS": "PENDIENTE", "ALCALDIA_N": "VENUSTIANO CARRANZA", "EN_OPERATI": null, "EN_OP": "SI", "SEC_N": "5339", "EST": "PENDIENTE", "ALC_N": "VENUSTIANO CARRANZA", "OP": "SI", "NOMBRE": "PUEBLA" }, "geometry": { "type": "MultiPolygon", "coordinates": [ [ [ [ -99.083296340268348, 19.410769787992283 ], [ -99.083271742153372, 19.410756696158515 ], [ -99.082820550528709, 19.410516557856401 ], [ -99.082369360225584, 19.410276418422701 ], [ -99.082686251708907, 19.409786153563797 ], [ -99.082878195561506, 19.409489194286323 ], [ -99.08338596091977, 19.408703616514892 ], [ -99.083434750404123, 19.408628132485958 ], [ -99.083459077936809, 19.408590560485621 ], [ -99.083483728421712, 19.408558823956902 ], [ -99.083517479593084, 19.408506538556594 ], [ -99.084040876060641, 19.407695717335937 ], [ -99.084109273008778, 19.40762543264723 ], [ -99.083524888008981, 19.407532118627291 ], [ -99.083630958529625, 19.407390222529262 ], [ -99.085560204289095, 19.407657125169262 ], [ -99.087489456258055, 19.407924007295989 ], [ -99.087467607676331, 19.407959077659005 ], [ -99.087416734084513, 19.4080407375973 ], [ -99.087391185511422, 19.408083364886473 ], [ -99.087204582010557, 19.408385963437734 ], [ -99.086701133953142, 19.409202354487881 ], [ -99.086176046303763, 19.410013554373741 ], [ -99.086126348146522, 19.410089860043051 ], [ -99.086082301512562, 19.410152585133403 ], [ -99.086047482164119, 19.410205658686056 ], [ -99.085584853987811, 19.409950431141343 ], [ -99.085123291823734, 19.409695789727177 ], [ -99.084729137975003, 19.409478335561328 ], [ -99.084227366969628, 19.410245246125459 ], [ -99.083766161143103, 19.41000289475485 ], [ -99.083588444753161, 19.410292983959213 ], [ -99.083296340268348, 19.410769787992283 ] ] ] ] } },
{ "type": "Feature", "properties": { "id": 2891.0, "entidad": 9, "distrito_f": 11, "distrito_l": 11, "municipio": 17, "seccion": 5392, "tipo": 2, "control": 34086.0, "SECCION_TX": "5392", "SECCION__1": null, "SECCION__2": null, "SECCION_N": "5392", "ESTATUS": null, "ALCALDIA_N": "VENUSTIANO CARRANZA", "EN_OPERATI": null, "EN_OP": "NO", "SEC_N": "5392", "EST": null, "ALC_N": "VENUSTIANO CARRANZA", "OP": "NO", "NOMBRE": "PUEBLA" }, "geometry": { "type": "MultiPolygon", "coordinates": [ [ [ [ -99.084370139288836, 19.412672990899871 ], [ -99.082694320120027, 19.411712707954006 ], [ -99.082785751715306, 19.411569503152894 ], [ -99.083296340268348, 19.410769787992283 ], [ -99.083588444753161, 19.410292983959213 ], [ -99.083766161143103, 19.41000289475485 ], [ -99.084227366969628, 19.410245246125459 ], [ -99.084729137975003, 19.409478335561328 ], [ -99.085123291823734, 19.409695789727177 ], [ -99.085584853987811, 19.409950431141343 ], [ -99.086047482164119, 19.410205658686056 ], [ -99.085514509447265, 19.411019993614079 ], [ -99.085035450027576, 19.411751945532703 ], [ -99.085022499183665, 19.411771732937904 ], [ -99.085010515943779, 19.411792222374885 ], [ -99.084543575575964, 19.412590611613634 ], [ -99.084384966198513, 19.41257151765123 ], [ -99.084370139288836, 19.412672990899871 ] ] ] ] } },
{ "type": "Feature", "properties": { "id": 2892.0, "entidad": 9, "distrito_f": 11, "distrito_l": 11, "municipio": 17, "seccion": 5393, "tipo": 2, "control": 34088.0, "SECCION_TX": "5393", "SECCION__1": null, "SECCION__2": null, "SECCION_N": "5393", "ESTATUS": null, "ALCALDIA_N": "VENUSTIANO CARRANZA", "EN_OPERATI": null, "EN_OP": "NO", "SEC_N": "5393", "EST": null, "ALC_N": "VENUSTIANO CARRANZA", "OP": "NO", "NOMBRE": "PUEBLA" }, "geometry": { "type": "MultiPolygon", "coordinates": [ [ [ [ -99.082878195561506, 19.409489194286323 ], [ -99.082442251569745, 19.409244553776421 ], [ -99.082006308879002, 19.408999912209293 ], [ -99.081573687338832, 19.408748593954734 ], [ -99.081106992465266, 19.408477479807026 ], [ -99.080785971043241, 19.408290989606389 ], [ -99.080757944576092, 19.408274708211096 ], [ -99.080714246731844, 19.408249322838781 ], [ -99.080737149030142, 19.408212879649568 ], [ -99.080757094877825, 19.408181140884803 ], [ -99.080775819916539, 19.408151344715101 ], [ -99.081239128356444, 19.407414102263505 ], [ -99.081315317897648, 19.407356331584896 ], [ -99.081415764627778, 19.407280167794358 ], [ -99.081556691943035, 19.407109739505298 ], [ -99.083630958529625, 19.407390222529262 ], [ -99.083524888008981, 19.407532118627291 ], [ -99.084109273008778, 19.40762543264723 ], [ -99.084040876060641, 19.407695717335937 ], [ -99.083517479593084, 19.408506538556594 ], [ -99.083483728421712, 19.408558823956902 ], [ -99.083459077936809, 19.408590560485621 ], [ -99.083434750404123, 19.408628132485958 ], [ -99.08338596091977, 19.408703616514892 ], [ -99.082878195561506, 19.409489194286323 ] ] ] ] } },
{ "type": "Feature", "properties": { "id": 2893.0, "entidad": 9, "distrito_f": 11, "distrito_l": 11, "municipio": 17, "seccion": 5394, "tipo": 2, "control": 34090.0, "SECCION_TX": "5394", "SECCION__1": null, "SECCION__2": null, "SECCION_N": "5394", "ESTATUS": null, "ALCALDIA_N": "VENUSTIANO CARRANZA", "EN_OPERATI": null, "EN_OP": "NO", "SEC_N": "5394", "EST": null, "ALC_N": "VENUSTIANO CARRANZA", "OP": "NO", "NOMBRE": "PUEBLA" }, "geometry": { "type": "MultiPolygon", "coordinates": [ [ [ [ -99.080015991662066, 19.410177757093969 ], [ -99.078816440667964, 19.409480100745355 ], [ -99.078776053467919, 19.409457873675052 ], [ -99.077451920840588, 19.408682419176309 ], [ -99.077320404838972, 19.408628648868557 ], [ -99.0770950765679, 19.408536523116684 ], [ -99.077112321567483, 19.408507348224433 ], [ -99.077162796183842, 19.408428561318026 ], [ -99.077190656635523, 19.408382391581455 ], [ -99.077211895675632, 19.408341791372568 ], [ -99.077307620015674, 19.408190260737047 ], [ -99.077840627392916, 19.407352351806768 ], [ -99.077910978072325, 19.4072368721007 ], [ -99.077941766181283, 19.407204242624747 ], [ -99.078096435844557, 19.407129754251176 ], [ -99.078205773444807, 19.407077657701173 ], [ -99.078440103940636, 19.407030351196074 ], [ -99.078660056608356, 19.407032740629457 ], [ -99.078770515651755, 19.407036036253327 ], [ -99.078921546530822, 19.407033683783578 ], [ -99.079043565511057, 19.40704418260081 ], [ -99.079455889163114, 19.406959791481075 ], [ -99.079835884991653, 19.406908113797051 ], [ -99.080189547239144, 19.406933706612786 ], [ -99.080668411037308, 19.406990399050603 ], [ -99.081013033635344, 19.407032159232664 ], [ -99.081222558519542, 19.407057548407916 ], [ -99.081556691943035, 19.407109739505298 ], [ -99.081415764627778, 19.407280167794358 ], [ -99.081315317897648, 19.407356331584896 ], [ -99.081239128356444, 19.407414102263505 ], [ -99.080775819916539, 19.408151344715101 ], [ -99.080757094877825, 19.408181140884803 ], [ -99.080737149030142, 19.408212879649568 ], [ -99.080714246731844, 19.408249322838781 ], [ -99.080684244511374, 19.408295277506159 ], [ -99.080665176604256, 19.408324483972638 ], [ -99.080205940283747, 19.409027896164975 ], [ -99.079697629006603, 19.409806468019848 ], [ -99.080117153389295, 19.41005080359184 ], [ -99.080015991662066, 19.410177757093969 ] ] ] ] } },
{ "type": "Feature", "properties": { "id": 2896.0, "entidad": 9, "distrito_f": 11, "distrito_l": 11, "municipio": 17, "seccion": 5397, "tipo": 2, "control": 34087.0, "SECCION_TX": "5397", "SECCION__1": null, "SECCION__2": null, "SECCION_N": "5397", "ESTATUS": null, "ALCALDIA_N": "VENUSTIANO CARRANZA", "EN_OPERATI": null, "EN_OP": "NO", "SEC_N": "5397", "EST": null, "ALC_N": "VENUSTIANO CARRANZA", "OP": "NO", "NOMBRE": "PUEBLA" }, "geometry": { "type": "MultiPolygon", "coordinates": [ [ [ [ -99.082694320120027, 19.411712707954006 ], [ -99.080479632450192, 19.410443599718889 ], [ -99.080562482334841, 19.410311807033143 ], [ -99.08100518068116, 19.410556524260826 ], [ -99.081453292360237, 19.409859778653935 ], [ -99.081472631757379, 19.409829708669324 ], [ -99.081505747156896, 19.409778218949253 ], [ -99.081526988506496, 19.409745191661791 ], [ -99.081547893374847, 19.409712687539521 ], [ -99.081567070033103, 19.409682870526748 ], [ -99.082006308879002, 19.408999912209293 ], [ -99.082442251569745, 19.409244553776421 ], [ -99.082878195561506, 19.409489194286323 ], [ -99.082686251708907, 19.409786153563797 ], [ -99.082369360225584, 19.410276418422701 ], [ -99.082820550528709, 19.410516557856401 ], [ -99.083271742153372, 19.410756696158515 ], [ -99.083296340268348, 19.410769787992283 ], [ -99.082785751715306, 19.411569503152894 ], [ -99.082694320120027, 19.411712707954006 ] ] ] ] } },
{ "type": "Feature", "properties": { "id": 2897.0, "entidad": 9, "distrito_f": 11, "distrito_l": 11, "municipio": 17, "seccion": 5398, "tipo": 2, "control": 34089.0, "SECCION_TX": "5398", "SECCION__1": null, "SECCION__2": null, "SECCION_N": "5398", "ESTATUS": null, "ALCALDIA_N": "VENUSTIANO CARRANZA", "EN_OPERATI": null, "EN_OP": "NO", "SEC_N": "5398", "EST": null, "ALC_N": "VENUSTIANO CARRANZA", "OP": "NO", "NOMBRE": "PUEBLA" }, "geometry": { "type": "MultiPolygon", "coordinates": [ [ [ [ -99.08100518068116, 19.410556524260826 ], [ -99.080562482334841, 19.410311807033143 ], [ -99.080479632450192, 19.410443599718889 ], [ -99.080015991662066, 19.410177757093969 ], [ -99.080117153389295, 19.41005080359184 ], [ -99.079697629006603, 19.409806468019848 ], [ -99.080205940283747, 19.409027896164975 ], [ -99.080665176604256, 19.408324483972638 ], [ -99.080684244511374, 19.408295277506159 ], [ -99.080714246731844, 19.408249322838781 ], [ -99.080757944576092, 19.408274708211096 ], [ -99.080785971043241, 19.408290989606389 ], [ -99.081106992465266, 19.408477479807026 ], [ -99.081573687338832, 19.408748593954734 ], [ -99.082006308879002, 19.408999912209293 ], [ -99.081567070033103, 19.409682870526748 ], [ -99.081547893374847, 19.409712687539521 ], [ -99.081526988506496, 19.409745191661791 ], [ -99.081505747156896, 19.409778218949253 ], [ -99.081472631757379, 19.409829708669324 ], [ -99.081453292360237, 19.409859778653935 ], [ -99.08100518068116, 19.410556524260826 ] ] ] ] } },
{ "type": "Feature", "properties": { "id": 2977.0, "entidad": 9, "distrito_f": 11, "distrito_l": 11, "municipio": 17, "seccion": 5474, "tipo": 2, "control": 34114.0, "SECCION_TX": "5474", "SECCION__1": null, "SECCION__2": null, "SECCION_N": "5474", "ESTATUS": "PENDIENTE", "ALCALDIA_N": "VENUSTIANO CARRANZA", "EN_OPERATI": null, "EN_OP": "SI", "SEC_N": "5474", "EST": "PENDIENTE", "ALC_N": "VENUSTIANO CARRANZA", "OP": "SI", "NOMBRE": "PUEBLA" }, "geometry": { "type": "MultiPolygon", "coordinates": [ [ [ [ -99.079623300907372, 19.415010305724817 ], [ -99.079217632132725, 19.414775987770756 ], [ -99.078685190323512, 19.414468442158146 ], [ -99.078152750512928, 19.414160894967655 ], [ -99.078946685338025, 19.41291368926732 ], [ -99.078423998400993, 19.412603124960118 ], [ -99.077901313445253, 19.412292559131689 ], [ -99.0785208934157, 19.411335513014393 ], [ -99.079062938280288, 19.411639576046234 ], [ -99.079604985155925, 19.41194363744383 ], [ -99.08016191769147, 19.411022273815043 ], [ -99.080228608707685, 19.410911942444773 ], [ -99.081014314429154, 19.411363516628214 ], [ -99.08098395417197, 19.411518212224614 ], [ -99.080966724817912, 19.411588362408132 ], [ -99.080777179489203, 19.411994171832465 ], [ -99.080715584709523, 19.412153851671345 ], [ -99.080686789695974, 19.412228485223597 ], [ -99.080590530287864, 19.412478038009894 ], [ -99.080575458574828, 19.412531873687492 ], [ -99.080560566237409, 19.412577370924311 ], [ -99.080464845227482, 19.412816083910609 ], [ -99.080389043202686, 19.413005121581726 ], [ -99.080294927368811, 19.413239830199593 ], [ -99.080135540892428, 19.413656292867355 ], [ -99.080096338633354, 19.413758711478142 ], [ -99.079976886095778, 19.414070839155265 ], [ -99.07983141535999, 19.414450929418948 ], [ -99.079646417697901, 19.414934296737606 ], [ -99.079623300907372, 19.415010305724817 ] ] ] ] } },
{ "type": "Feature", "properties": { "id": 2971.0, "entidad": 9, "distrito_f": 11, "distrito_l": 11, "municipio": 17, "seccion": 5482, "tipo": 2, "control": 34083.0, "SECCION_TX": "5482", "SECCION__1": null, "SECCION__2": null, "SECCION_N": "5482", "ESTATUS": null, "ALCALDIA_N": "VENUSTIANO CARRANZA", "EN_OPERATI": null, "EN_OP": "NO", "SEC_N": "5482", "EST": null, "ALC_N": "VENUSTIANO CARRANZA", "OP": "NO", "NOMBRE": "PUEBLA" }, "geometry": { "type": "MultiPolygon", "coordinates": [ [ [ [ -99.086479242178626, 19.412607026655149 ], [ -99.085944740319491, 19.412300546646463 ], [ -99.085472198677905, 19.412029591958301 ], [ -99.085055285098036, 19.411790532543694 ], [ -99.085022499183665, 19.411771732937904 ], [ -99.085035450027576, 19.411751945532703 ], [ -99.085514509447265, 19.411019993614079 ], [ -99.086047482164119, 19.410205658686056 ], [ -99.086082301512562, 19.410152585133403 ], [ -99.086126348146522, 19.410089860043051 ], [ -99.086176046303763, 19.410013554373741 ], [ -99.086617091750881, 19.410284321808209 ], [ -99.08695393913645, 19.410491118443613 ], [ -99.087460500697716, 19.410802103474019 ], [ -99.088010703322709, 19.411139877389306 ], [ -99.088501008656721, 19.411440877270035 ], [ -99.088461954021597, 19.41151224537245 ], [ -99.088411986378247, 19.411603555708332 ], [ -99.087966393132916, 19.412417822894998 ], [ -99.087470453483135, 19.412125368380874 ], [ -99.087450866408247, 19.412113817876659 ], [ -99.08743277421253, 19.412103148899703 ], [ -99.086935341595989, 19.411809811377946 ], [ -99.086479242178626, 19.412607026655149 ] ] ] ] } },
{ "type": "Feature", "properties": { "id": 2995.0, "entidad": 9, "distrito_f": 11, "distrito_l": 11, "municipio": 17, "seccion": 5492, "tipo": 2, "control": 34082.0, "SECCION_TX": "5492", "SECCION__1": null, "SECCION__2": null, "SECCION_N": "5492", "ESTATUS": null, "ALCALDIA_N": "VENUSTIANO CARRANZA", "EN_OPERATI": null, "EN_OP": "NO", "SEC_N": "5492", "EST": null, "ALC_N": "VENUSTIANO CARRANZA", "OP": "NO", "NOMBRE": "PUEBLA" }, "geometry": { "type": "MultiPolygon", "coordinates": [ [ [ [ -99.089013796885396, 19.41053302155612 ], [ -99.088479234883906, 19.410225448202688 ], [ -99.087958040612435, 19.409925563657623 ], [ -99.087887700761073, 19.409885091343121 ], [ -99.087870004954951, 19.409874909479662 ], [ -99.087436645476203, 19.409625560928095 ], [ -99.087133327251564, 19.409451035092715 ], [ -99.086701133953142, 19.409202354487881 ], [ -99.087204582010557, 19.408385963437734 ], [ -99.087391185511422, 19.408083364886473 ], [ -99.087416734084513, 19.4080407375973 ], [ -99.087467607676331, 19.407959077659005 ], [ -99.087489456258055, 19.407924007295989 ], [ -99.09028458196633, 19.408351708097381 ], [ -99.090391755686682, 19.408366342018315 ], [ -99.091212761199657, 19.408478443151623 ], [ -99.091199469034819, 19.408516054970189 ], [ -99.091178075472286, 19.408576590653578 ], [ -99.091165533353532, 19.408612080079823 ], [ -99.091015026357496, 19.408589058153353 ], [ -99.090720407392169, 19.409103599414372 ], [ -99.090194992305598, 19.41006074376892 ], [ -99.089653755146671, 19.409750179386712 ], [ -99.089594907919164, 19.409716412406475 ], [ -99.089525939995951, 19.409676838052924 ], [ -99.08950438037435, 19.409664466957913 ], [ -99.089013796885396, 19.41053302155612 ] ] ] ] } },
{ "type": "Feature", "properties": { "id": 3007.0, "entidad": 9, "distrito_f": 11, "distrito_l": 11, "municipio": 17, "seccion": 5496, "tipo": 2, "control": 34084.0, "SECCION_TX": "5496", "SECCION__1": null, "SECCION__2": null, "SECCION_N": "5496", "ESTATUS": null, "ALCALDIA_N": "VENUSTIANO CARRANZA", "EN_OPERATI": null, "EN_OP": "NO", "SEC_N": "5496", "EST": null, "ALC_N": "VENUSTIANO CARRANZA", "OP": "NO", "NOMBRE": "PUEBLA" }, "geometry": { "type": "MultiPolygon", "coordinates": [ [ [ [ -99.088501008656721, 19.411440877270035 ], [ -99.088010703322709, 19.411139877389306 ], [ -99.087460500697716, 19.410802103474019 ], [ -99.08695393913645, 19.410491118443613 ], [ -99.086617091750881, 19.410284321808209 ], [ -99.086176046303763, 19.410013554373741 ], [ -99.086701133953142, 19.409202354487881 ], [ -99.087133327251564, 19.409451035092715 ], [ -99.087436645476203, 19.409625560928095 ], [ -99.087870004954951, 19.409874909479662 ], [ -99.087887700761073, 19.409885091343121 ], [ -99.087958040612435, 19.409925563657623 ], [ -99.088479234883906, 19.410225448202688 ], [ -99.089013796885396, 19.41053302155612 ], [ -99.088501008656721, 19.411440877270035 ] ] ] ] } },
{ "type": "Feature", "properties": { "id": 2965.0, "entidad": 9, "distrito_f": 11, "distrito_l": 11, "municipio": 17, "seccion": 5464, "tipo": 2, "control": 37479.0, "SECCION_TX": "5464", "SECCION__1": null, "SECCION__2": null, "SECCION_N": "5464", "ESTATUS": null, "ALCALDIA_N": "VENUSTIANO CARRANZA", "EN_OPERATI": null, "EN_OP": "NO", "SEC_N": "5464", "EST": null, "ALC_N": "VENUSTIANO CARRANZA", "OP": "NO", "NOMBRE": "FEDERAL" }, "geometry": { "type": "MultiPolygon", "coordinates": [ [ [ [ -99.082747158846104, 19.421153060123601 ], [ -99.082663490916758, 19.421103172542416 ], [ -99.08263379977798, 19.421085468978941 ], [ -99.082615289031892, 19.421074431803827 ], [ -99.083227062272414, 19.420066973778013 ], [ -99.083147777576286, 19.420037920161882 ], [ -99.083267069865414, 19.419425416782051 ], [ -99.083366372173046, 19.418919980385205 ], [ -99.083398311687162, 19.418757411555756 ], [ -99.08366580123203, 19.417395904501255 ], [ -99.084123745169819, 19.41765020996986 ], [ -99.084619908169174, 19.41792573704322 ], [ -99.08463870937095, 19.417936347403419 ], [ -99.084687480556013, 19.417963871151851 ], [ -99.084766337424099, 19.418008272000687 ], [ -99.085184296222508, 19.418243853671466 ], [ -99.085689422639234, 19.418528565000596 ], [ -99.085103761933354, 19.41946290255402 ], [ -99.085366090292212, 19.42052102323645 ], [ -99.084846645731147, 19.420641592230488 ], [ -99.084318582875781, 19.420764159923532 ], [ -99.084139901782649, 19.420805632872536 ], [ -99.083352482363878, 19.420988395277671 ], [ -99.082784652472299, 19.421142860881936 ], [ -99.082747158846104, 19.421153060123601 ] ] ] ] } },
{ "type": "Feature", "properties": { "id": 2966.0, "entidad": 9, "distrito_f": 11, "distrito_l": 11, "municipio": 17, "seccion": 5465, "tipo": 2, "control": 34128.0, "SECCION_TX": "5465", "SECCION__1": null, "SECCION__2": null, "SECCION_N": "5465", "ESTATUS": "COMPLETA", "ALCALDIA_N": "VENUSTIANO CARRANZA", "EN_OPERATI": null, "EN_OP": "SI", "SEC_N": "5465", "EST": "COMPLETA", "ALC_N": "VENUSTIANO CARRANZA", "OP": "SI", "NOMBRE": "FEDERAL" }, "geometry": { "type": "MultiPolygon", "coordinates": [ [ [ [ -99.086026603531465, 19.423066056418815 ], [ -99.084732119131218, 19.422312964183849 ], [ -99.084713888681378, 19.422303309888189 ], [ -99.084632897673842, 19.422259585344257 ], [ -99.084451446981618, 19.422153373553225 ], [ -99.083768589469742, 19.421762089598712 ], [ -99.082769597067326, 19.4211664390563 ], [ -99.082747158846104, 19.421153060123601 ], [ -99.082784652472299, 19.421142860881936 ], [ -99.083352482363878, 19.420988395277671 ], [ -99.084139901782649, 19.420805632872536 ], [ -99.084318582875781, 19.420764159923532 ], [ -99.084846645731147, 19.420641592230488 ], [ -99.085366090292212, 19.42052102323645 ], [ -99.085103761933354, 19.41946290255402 ], [ -99.085689422639234, 19.418528565000596 ], [ -99.086150546421536, 19.41879292054 ], [ -99.086611671691728, 19.419057274895437 ], [ -99.087509515151254, 19.419571985646073 ], [ -99.087533926695784, 19.419585980053906 ], [ -99.087502700983649, 19.419806535094917 ], [ -99.087471475188522, 19.420027090125529 ], [ -99.087603973317627, 19.420217610088184 ], [ -99.08773647175606, 19.420408129948903 ], [ -99.087188218130493, 19.421260380997609 ], [ -99.086900514945043, 19.421707606532731 ], [ -99.086611917668563, 19.422156218977026 ], [ -99.086319261412754, 19.422611137941971 ], [ -99.086026603531465, 19.423066056418815 ] ] ] ] } },
{ "type": "Feature", "properties": { "id": 2967.0, "entidad": 9, "distrito_f": 11, "distrito_l": 11, "municipio": 17, "seccion": 5466, "tipo": 2, "control": 34130.0, "SECCION_TX": "5466", "SECCION__1": null, "SECCION__2": null, "SECCION_N": "5466", "ESTATUS": null, "ALCALDIA_N": "VENUSTIANO CARRANZA", "EN_OPERATI": null, "EN_OP": "NO", "SEC_N": "5466", "EST": null, "ALC_N": "VENUSTIANO CARRANZA", "OP": "NO", "NOMBRE": "FEDERAL" }, "geometry": { "type": "MultiPolygon", "coordinates": [ [ [ [ -99.087376576321432, 19.423847004840969 ], [ -99.086026603531465, 19.423066056418815 ], [ -99.086319261412754, 19.422611137941971 ], [ -99.086611917668563, 19.422156218977026 ], [ -99.086900514945043, 19.421707606532731 ], [ -99.087188218130493, 19.421260380997609 ], [ -99.08773647175606, 19.420408129948903 ], [ -99.087931451614452, 19.420441581669209 ], [ -99.087963688095016, 19.420447112299598 ], [ -99.088190904541136, 19.420486094365451 ], [ -99.088452165955843, 19.421453388587494 ], [ -99.088589171905738, 19.421960634589443 ], [ -99.088726031307871, 19.422467334716863 ], [ -99.088862891564887, 19.422974034709554 ], [ -99.088991730949218, 19.423451035877246 ], [ -99.087449718126308, 19.423829073854293 ], [ -99.087376576321432, 19.423847004840969 ] ] ] ] } },
{ "type": "Feature", "properties": { "id": 2969.0, "entidad": 9, "distrito_f": 11, "distrito_l": 11, "municipio": 17, "seccion": 5468, "tipo": 2, "control": 34131.0, "SECCION_TX": "5468", "SECCION__1": null, "SECCION__2": null, "SECCION_N": "5468", "ESTATUS": null, "ALCALDIA_N": "VENUSTIANO CARRANZA", "EN_OPERATI": null, "EN_OP": "NO", "SEC_N": "5468", "EST": null, "ALC_N": "VENUSTIANO CARRANZA", "OP": "NO", "NOMBRE": "FEDERAL" }, "geometry": { "type": "MultiPolygon", "coordinates": [ [ [ [ -99.088862891564887, 19.422974034709554 ], [ -99.088726031307871, 19.422467334716863 ], [ -99.088589171905738, 19.421960634589443 ], [ -99.088452165955843, 19.421453388587494 ], [ -99.088190904541136, 19.420486094365451 ], [ -99.088423800872178, 19.420337045533422 ], [ -99.088604903210481, 19.420201262320795 ], [ -99.089509036785572, 19.420718401377471 ], [ -99.08997043834016, 19.420982307118365 ], [ -99.090457231684269, 19.421260733878089 ], [ -99.090919823022944, 19.421525315937107 ], [ -99.09018997966345, 19.422656806861866 ], [ -99.088862891564887, 19.422974034709554 ] ] ] ] } },
{ "type": "Feature", "properties": { "id": 2970.0, "entidad": 9, "distrito_f": 11, "distrito_l": 11, "municipio": 17, "seccion": 5469, "tipo": 2, "control": 34132.0, "SECCION_TX": "5469", "SECCION__1": null, "SECCION__2": null, "SECCION_N": "5469", "ESTATUS": null, "ALCALDIA_N": "VENUSTIANO CARRANZA", "EN_OPERATI": null, "EN_OP": "NO", "SEC_N": "5469", "EST": null, "ALC_N": "VENUSTIANO CARRANZA", "OP": "NO", "NOMBRE": "FEDERAL" }, "geometry": { "type": "MultiPolygon", "coordinates": [ [ [ [ -99.090919823022944, 19.421525315937107 ], [ -99.090457231684269, 19.421260733878089 ], [ -99.08997043834016, 19.420982307118365 ], [ -99.089509036785572, 19.420718401377471 ], [ -99.088604903210481, 19.420201262320795 ], [ -99.088423800872178, 19.420337045533422 ], [ -99.088190904541136, 19.420486094365451 ], [ -99.087963688095016, 19.420447112299598 ], [ -99.087931451614452, 19.420441581669209 ], [ -99.08773647175606, 19.420408129948903 ], [ -99.087603973317627, 19.420217610088184 ], [ -99.087471475188522, 19.420027090125529 ], [ -99.087502700983649, 19.419806535094917 ], [ -99.087533926695784, 19.419585980053906 ], [ -99.087723608258102, 19.419457437372163 ], [ -99.087919742545537, 19.419363562523305 ], [ -99.088130099738549, 19.419353721432412 ], [ -99.088332138246656, 19.418185102310066 ], [ -99.088427431510382, 19.417633906829177 ], [ -99.089213049982703, 19.418074959414273 ], [ -99.089987506691571, 19.418549037184064 ], [ -99.090014736447642, 19.41856570556082 ], [ -99.09024105012837, 19.419372129359328 ], [ -99.090777153327622, 19.419269615806812 ], [ -99.091313255847766, 19.419167100673626 ], [ -99.09160917985885, 19.42042734426775 ], [ -99.090919823022944, 19.421525315937107 ] ] ] ] } },
{ "type": "Feature", "properties": { "id": 2973.0, "entidad": 9, "distrito_f": 11, "distrito_l": 11, "municipio": 17, "seccion": 5470, "tipo": 2, "control": 34134.0, "SECCION_TX": "5470", "SECCION__1": null, "SECCION__2": null, "SECCION_N": "5470", "ESTATUS": null, "ALCALDIA_N": "VENUSTIANO CARRANZA", "EN_OPERATI": null, "EN_OP": "NO", "SEC_N": "5470", "EST": null, "ALC_N": "VENUSTIANO CARRANZA", "OP": "NO", "NOMBRE": "FEDERAL" }, "geometry": { "type": "MultiPolygon", "coordinates": [ [ [ [ -99.09024105012837, 19.419372129359328 ], [ -99.090014736447642, 19.41856570556082 ], [ -99.089987506691571, 19.418549037184064 ], [ -99.089213049982703, 19.418074959414273 ], [ -99.088427431510382, 19.417633906829177 ], [ -99.088512540749903, 19.417060233356334 ], [ -99.087409034585605, 19.417331574422331 ], [ -99.087281936110003, 19.416840883677786 ], [ -99.087147003279512, 19.416319943359373 ], [ -99.086761344343543, 19.414934531182713 ], [ -99.086799364737942, 19.414860341626508 ], [ -99.086739944483881, 19.414824632573996 ], [ -99.086659871796186, 19.414779481749612 ], [ -99.086640170193476, 19.414768372539008 ], [ -99.086716917046573, 19.414641182343587 ], [ -99.086840913237452, 19.414434689119467 ], [ -99.086981714680306, 19.414202339608188 ], [ -99.087068929315876, 19.414057800292714 ], [ -99.087092055851727, 19.414071138431979 ], [ -99.087147528347785, 19.414103131956455 ], [ -99.087171796627359, 19.414117128573462 ], [ -99.087221800467418, 19.414145968036927 ], [ -99.087741987647988, 19.414445981951985 ], [ -99.088299130123588, 19.414767306657069 ], [ -99.088824295269418, 19.41507018611529 ], [ -99.089415676666761, 19.415411251415204 ], [ -99.089771140881538, 19.415616255413205 ], [ -99.090121097877699, 19.415818082089224 ], [ -99.090470386324569, 19.416019522024712 ], [ -99.090814666650701, 19.416218072551619 ], [ -99.091134237563395, 19.416402371846871 ], [ -99.091494019032794, 19.416609859739435 ], [ -99.091833584543025, 19.416805687837304 ], [ -99.092170290756485, 19.416998794997756 ], [ -99.092525269916976, 19.417210182405203 ], [ -99.092854470953441, 19.417406218019444 ], [ -99.093201362765484, 19.417612787135784 ], [ -99.09356025069971, 19.417826498517311 ], [ -99.093846098304965, 19.4179911158819 ], [ -99.093865991962716, 19.418165881139565 ], [ -99.093805179477968, 19.418361457286696 ], [ -99.093774590667238, 19.418408067862686 ], [ -99.093734952686873, 19.41847138924485 ], [ -99.093652365931291, 19.418543023277667 ], [ -99.093609171879507, 19.418598442531827 ], [ -99.093517860507632, 19.418715597581873 ], [ -99.093419744288227, 19.418660015241766 ], [ -99.092740754479962, 19.418824490004909 ], [ -99.091980894006497, 19.418993778206442 ], [ -99.091830420243454, 19.419027301617071 ], [ -99.091313255847766, 19.419167100673626 ], [ -99.090777153327622, 19.419269615806812 ], [ -99.09024105012837, 19.419372129359328 ] ] ] ] } },
{ "type": "Feature", "properties": { "id": 2974.0, "entidad": 9, "distrito_f": 11, "distrito_l": 11, "municipio": 17, "seccion": 5471, "tipo": 2, "control": 34129.0, "SECCION_TX": "5471", "SECCION__1": null, "SECCION__2": null, "SECCION_N": "5471", "ESTATUS": "COMPLETA", "ALCALDIA_N": "VENUSTIANO CARRANZA", "EN_OPERATI": null, "EN_OP": "SI", "SEC_N": "5471", "EST": "COMPLETA", "ALC_N": "VENUSTIANO CARRANZA", "OP": "SI", "NOMBRE": "FEDERAL" }, "geometry": { "type": "MultiPolygon", "coordinates": [ [ [ [ -99.087533926695784, 19.419585980053906 ], [ -99.087509515151254, 19.419571985646073 ], [ -99.086611671691728, 19.419057274895437 ], [ -99.086150546421536, 19.41879292054 ], [ -99.085689422639234, 19.418528565000596 ], [ -99.086286458093966, 19.417594220082382 ], [ -99.087409034585605, 19.417331574422331 ], [ -99.088512540749903, 19.417060233356334 ], [ -99.088427431510382, 19.417633906829177 ], [ -99.088332138246656, 19.418185102310066 ], [ -99.088130099738549, 19.419353721432412 ], [ -99.087919742545537, 19.419363562523305 ], [ -99.087723608258102, 19.419457437372163 ], [ -99.087533926695784, 19.419585980053906 ] ] ] ] } },
{ "type": "Feature", "properties": { "id": 2975.0, "entidad": 9, "distrito_f": 11, "distrito_l": 11, "municipio": 17, "seccion": 5472, "tipo": 2, "control": 34127.0, "SECCION_TX": "5472", "SECCION__1": null, "SECCION__2": null, "SECCION_N": "5472", "ESTATUS": null, "ALCALDIA_N": "VENUSTIANO CARRANZA", "EN_OPERATI": null, "EN_OP": "NO", "SEC_N": "5472", "EST": null, "ALC_N": "VENUSTIANO CARRANZA", "OP": "NO", "NOMBRE": "FEDERAL" }, "geometry": { "type": "MultiPolygon", "coordinates": [ [ [ [ -99.085689422639234, 19.418528565000596 ], [ -99.085184296222508, 19.418243853671466 ], [ -99.084766337424099, 19.418008272000687 ], [ -99.084687480556013, 19.417963871151851 ], [ -99.08463870937095, 19.417936347403419 ], [ -99.084619908169174, 19.41792573704322 ], [ -99.08543272585834, 19.416625460167417 ], [ -99.084924130681713, 19.416341930842002 ], [ -99.084415537264775, 19.416058400077141 ], [ -99.085028247885916, 19.415107369914534 ], [ -99.085600096677013, 19.414169961910044 ], [ -99.086120132485874, 19.414469167977401 ], [ -99.086640170193476, 19.414768372539008 ], [ -99.086659871796186, 19.414779481749612 ], [ -99.086739944483881, 19.414824632573996 ], [ -99.086799364737942, 19.414860341626508 ], [ -99.086761344343543, 19.414934531182713 ], [ -99.087147003279512, 19.416319943359373 ], [ -99.087281936110003, 19.416840883677786 ], [ -99.087409034585605, 19.417331574422331 ], [ -99.086286458093966, 19.417594220082382 ], [ -99.085689422639234, 19.418528565000596 ] ] ] ] } },
{ "type": "Feature", "properties": { "id": 2980.0, "entidad": 9, "distrito_f": 11, "distrito_l": 11, "municipio": 17, "seccion": 5477, "tipo": 2, "control": 34076.0, "SECCION_TX": "5477", "SECCION__1": null, "SECCION__2": null, "SECCION_N": "5477", "ESTATUS": null, "ALCALDIA_N": "VENUSTIANO CARRANZA", "EN_OPERATI": null, "EN_OP": "NO", "SEC_N": "5477", "EST": null, "ALC_N": "VENUSTIANO CARRANZA", "OP": "NO", "NOMBRE": "FEDERAL" }, "geometry": { "type": "MultiPolygon", "coordinates": [ [ [ [ -99.092170290756485, 19.416998794997756 ], [ -99.091833584543025, 19.416805687837304 ], [ -99.091494019032794, 19.416609859739435 ], [ -99.091134237563395, 19.416402371846871 ], [ -99.090814666650701, 19.416218072551619 ], [ -99.090470386324569, 19.416019522024712 ], [ -99.090121097877699, 19.415818082089224 ], [ -99.089771140881538, 19.415616255413205 ], [ -99.089415676666761, 19.415411251415204 ], [ -99.088824295269418, 19.41507018611529 ], [ -99.088299130123588, 19.414767306657069 ], [ -99.087741987647988, 19.414445981951985 ], [ -99.087221800467418, 19.414145968036927 ], [ -99.087171796627359, 19.414117128573462 ], [ -99.087147528347785, 19.414103131956455 ], [ -99.087092055851727, 19.414071138431979 ], [ -99.087068929315876, 19.414057800292714 ], [ -99.087517663467565, 19.413237812176245 ], [ -99.087966393132916, 19.412417822894998 ], [ -99.088411986378247, 19.411603555708332 ], [ -99.088461954021597, 19.41151224537245 ], [ -99.088501008656721, 19.411440877270035 ], [ -99.088539856981043, 19.411461389056619 ], [ -99.088563069021106, 19.411473644930449 ], [ -99.088601334758849, 19.411495832915151 ], [ -99.088633439279775, 19.411514448372341 ], [ -99.08859587281691, 19.41158304360334 ], [ -99.088560690537321, 19.411648512666531 ], [ -99.088112938221443, 19.412473643055598 ], [ -99.08764832870996, 19.41332982835057 ], [ -99.088203174427434, 19.413644174482879 ], [ -99.088758022272913, 19.413958518901438 ], [ -99.089262788194674, 19.414244487287849 ], [ -99.089856180468658, 19.414580662659816 ], [ -99.09021716435204, 19.414785169740878 ], [ -99.090561882472116, 19.414980460676034 ], [ -99.090934499306925, 19.415191555622748 ], [ -99.091267945940999, 19.415380458744941 ], [ -99.09159722184755, 19.415566998045175 ], [ -99.091957301154281, 19.415770986715351 ], [ -99.092297518139546, 19.415963722044186 ], [ -99.092639624563148, 19.416157526646298 ], [ -99.092170290756485, 19.416998794997756 ] ] ] ] } },
{ "type": "Feature", "properties": { "id": 2981.0, "entidad": 9, "distrito_f": 11, "distrito_l": 11, "municipio": 17, "seccion": 5478, "tipo": 2, "control": 34063.0, "SECCION_TX": "5478", "SECCION__1": null, "SECCION__2": null, "SECCION_N": "5478", "ESTATUS": null, "ALCALDIA_N": "VENUSTIANO CARRANZA", "EN_OPERATI": null, "EN_OP": "NO", "SEC_N": "5478", "EST": null, "ALC_N": "VENUSTIANO CARRANZA", "OP": "NO", "NOMBRE": "FEDERAL" }, "geometry": { "type": "MultiPolygon", "coordinates": [ [ [ [ -99.09608734944365, 19.418153011981794 ], [ -99.095742156775714, 19.417956374476955 ], [ -99.095404370327344, 19.417763954793536 ], [ -99.095075077729561, 19.417576372576239 ], [ -99.094718888076088, 19.417373467231471 ], [ -99.094374493879059, 19.417177280082026 ], [ -99.094030100506458, 19.41698109227195 ], [ -99.09356025069971, 19.417826498517311 ], [ -99.093201362765484, 19.417612787135784 ], [ -99.092854470953441, 19.417406218019444 ], [ -99.092525269916976, 19.417210182405203 ], [ -99.092170290756485, 19.416998794997756 ], [ -99.092639624563148, 19.416157526646298 ], [ -99.093069081168466, 19.415345713495206 ], [ -99.093423191206142, 19.415550306158114 ], [ -99.093763095061036, 19.415746689837253 ], [ -99.094117344954981, 19.415951360933047 ], [ -99.094477539741717, 19.416159465503881 ], [ -99.094821671041103, 19.416358288135498 ], [ -99.095169610467124, 19.416559309759577 ], [ -99.095495357679056, 19.416747508797954 ], [ -99.09584014218683, 19.41694670543659 ], [ -99.096177497433132, 19.417141608765913 ], [ -99.096519962294323, 19.417339462996999 ], [ -99.09608734944365, 19.418153011981794 ] ] ] ] } },
{ "type": "Feature", "properties": { "id": 2982.0, "entidad": 9, "distrito_f": 11, "distrito_l": 11, "municipio": 17, "seccion": 5479, "tipo": 2, "control": 34062.0, "SECCION_TX": "5479", "SECCION__1": null, "SECCION__2": null, "SECCION_N": "5479", "ESTATUS": null, "ALCALDIA_N": "VENUSTIANO CARRANZA", "EN_OPERATI": null, "EN_OP": "NO", "SEC_N": "5479", "EST": null, "ALC_N": "VENUSTIANO CARRANZA", "OP": "NO", "NOMBRE": "INDUSTRIAL PUERTO AEREO" }, "geometry": { "type": "MultiPolygon", "coordinates": [ [ [ [ -99.096359590329698, 19.419438582128784 ], [ -99.095954386092544, 19.419205237792024 ], [ -99.095621536060207, 19.419013558777717 ], [ -99.095299159576669, 19.418827910171004 ], [ -99.094958535695596, 19.418631752255315 ], [ -99.094585083013087, 19.418416687661381 ], [ -99.094269662459538, 19.418235041667948 ], [ -99.094012163894945, 19.418086751374776 ], [ -99.093921413141416, 19.418034488967024 ], [ -99.093846098304965, 19.4179911158819 ], [ -99.09356025069971, 19.417826498517311 ], [ -99.094030100506458, 19.41698109227195 ], [ -99.094374493879059, 19.417177280082026 ], [ -99.094718888076088, 19.417373467231471 ], [ -99.095075077729561, 19.417576372576239 ], [ -99.095404370327344, 19.417763954793536 ], [ -99.095742156775714, 19.417956374476955 ], [ -99.09608734944365, 19.418153011981794 ], [ -99.096519962294323, 19.417339462996999 ], [ -99.096883919456147, 19.417534395326307 ], [ -99.097287578502645, 19.417749330592354 ], [ -99.096837084987698, 19.41858009166841 ], [ -99.096359590329698, 19.419438582128784 ] ] ] ] } },
{ "type": "Feature", "properties": { "id": 2962.0, "entidad": 9, "distrito_f": 11, "distrito_l": 11, "municipio": 17, "seccion": 5461, "tipo": 2, "control": 34109.0, "SECCION_TX": "5461", "SECCION__1": null, "SECCION__2": null, "SECCION_N": "5461", "ESTATUS": null, "ALCALDIA_N": "VENUSTIANO CARRANZA", "EN_OPERATI": null, "EN_OP": "NO", "SEC_N": "5461", "EST": null, "ALC_N": "VENUSTIANO CARRANZA", "OP": "NO", "NOMBRE": "CUATRO ARBOLES" }, "geometry": { "type": "MultiPolygon", "coordinates": [ [ [ [ -99.07822496800631, 19.417479195914368 ], [ -99.077663791063188, 19.417158826210365 ], [ -99.077150639257013, 19.416865870894693 ], [ -99.076626640467595, 19.41656672050761 ], [ -99.076663448931527, 19.416510572690687 ], [ -99.076677707856021, 19.416485570275057 ], [ -99.076691966776167, 19.416460567858248 ], [ -99.076731823513853, 19.416397844512048 ], [ -99.077334441622909, 19.415430306768801 ], [ -99.078152750512928, 19.414160894967655 ], [ -99.078685190323512, 19.414468442158146 ], [ -99.079217632132725, 19.414775987770756 ], [ -99.079623300907372, 19.415010305724817 ], [ -99.079580596130569, 19.415103304462914 ], [ -99.079449677199733, 19.41542316364178 ], [ -99.079289076080286, 19.415671516363243 ], [ -99.079041856050139, 19.416128277205772 ], [ -99.078897233895091, 19.416384319246827 ], [ -99.078299401260765, 19.417331193481431 ], [ -99.07825780947384, 19.417416324479824 ], [ -99.07822496800631, 19.417479195914368 ] ] ] ] } },
{ "type": "Feature", "properties": { "id": 2976.0, "entidad": 9, "distrito_f": 11, "distrito_l": 11, "municipio": 17, "seccion": 5473, "tipo": 2, "control": 34123.0, "SECCION_TX": "5473", "SECCION__1": null, "SECCION__2": null, "SECCION_N": "5473", "ESTATUS": null, "ALCALDIA_N": "VENUSTIANO CARRANZA", "EN_OPERATI": null, "EN_OP": "NO", "SEC_N": "5473", "EST": null, "ALC_N": "VENUSTIANO CARRANZA", "OP": "NO", "NOMBRE": "CUATRO ARBOLES" }, "geometry": { "type": "MultiPolygon", "coordinates": [ [ [ [ -99.084619908169174, 19.41792573704322 ], [ -99.084123745169819, 19.41765020996986 ], [ -99.08366580123203, 19.417395904501255 ], [ -99.083701671247212, 19.417213326348332 ], [ -99.083974522519597, 19.415824501526409 ], [ -99.08399702714523, 19.415709950935675 ], [ -99.084201475810218, 19.414660123282868 ], [ -99.084208029358678, 19.414628672124934 ], [ -99.084281124112493, 19.414277881994302 ], [ -99.084325525306909, 19.414064794807558 ], [ -99.084567270674583, 19.413689368342165 ], [ -99.084579766146135, 19.413669702804601 ], [ -99.084627600651757, 19.413610422870402 ], [ -99.085113847834364, 19.413890193048346 ], [ -99.085600096677013, 19.414169961910044 ], [ -99.085028247885916, 19.415107369914534 ], [ -99.084415537264775, 19.416058400077141 ], [ -99.084924130681713, 19.416341930842002 ], [ -99.08543272585834, 19.416625460167417 ], [ -99.084619908169174, 19.41792573704322 ] ] ] ] } },
{ "type": "Feature", "properties": { "id": 2961.0, "entidad": 9, "distrito_f": 11, "distrito_l": 11, "municipio": 17, "seccion": 5460, "tipo": 2, "control": 34110.0, "SECCION_TX": "5460", "SECCION__1": null, "SECCION__2": null, "SECCION_N": "5460", "ESTATUS": null, "ALCALDIA_N": "VENUSTIANO CARRANZA", "EN_OPERATI": null, "EN_OP": "NO", "SEC_N": "5460", "EST": null, "ALC_N": "VENUSTIANO CARRANZA", "OP": "NO", "NOMBRE": "AVIACION CIVIL" }, "geometry": { "type": "MultiPolygon", "coordinates": [ [ [ [ -99.076626640467595, 19.41656672050761 ], [ -99.076377976395193, 19.416424757519454 ], [ -99.076097434547407, 19.416271061216399 ], [ -99.075572978119155, 19.4159837331012 ], [ -99.075620291288175, 19.415916081120017 ], [ -99.075643796051452, 19.415874701633285 ], [ -99.075667300802863, 19.415833322143353 ], [ -99.075694779437768, 19.415789503483442 ], [ -99.076286088665682, 19.414846568624235 ], [ -99.077098604868553, 19.413550863753851 ], [ -99.077901313445253, 19.412292559131689 ], [ -99.078423998400993, 19.412603124960118 ], [ -99.078946685338025, 19.41291368926732 ], [ -99.078152750512928, 19.414160894967655 ], [ -99.077334441622909, 19.415430306768801 ], [ -99.076731823513853, 19.416397844512048 ], [ -99.076691966776167, 19.416460567858248 ], [ -99.076677707856021, 19.416485570275057 ], [ -99.076663448931527, 19.416510572690687 ], [ -99.076626640467595, 19.41656672050761 ] ] ] ] } },
{ "type": "Feature", "properties": { "id": 3006.0, "entidad": 9, "distrito_f": 11, "distrito_l": 11, "municipio": 17, "seccion": 5495, "tipo": 2, "control": 34112.0, "SECCION_TX": "5495", "SECCION__1": null, "SECCION__2": null, "SECCION_N": "5495", "ESTATUS": null, "ALCALDIA_N": "VENUSTIANO CARRANZA", "EN_OPERATI": null, "EN_OP": "NO", "SEC_N": "5495", "EST": null, "ALC_N": "VENUSTIANO CARRANZA", "OP": "NO", "NOMBRE": "AVIACION CIVIL" }, "geometry": { "type": "MultiPolygon", "coordinates": [ [ [ [ -99.077098604868553, 19.413550863753851 ], [ -99.076568723539197, 19.41325588578524 ], [ -99.076036449666091, 19.412959573277757 ], [ -99.075489891676597, 19.412655306165266 ], [ -99.075246863028696, 19.412520011985432 ], [ -99.075280875288499, 19.412233833702182 ], [ -99.075300109655231, 19.412162530509185 ], [ -99.075305847399946, 19.412141260260796 ], [ -99.075369658411773, 19.411904707685935 ], [ -99.075382076302589, 19.411858673479323 ], [ -99.075394494186497, 19.411812639271659 ], [ -99.07545736019371, 19.411650316778619 ], [ -99.075793821491459, 19.411096076108709 ], [ -99.076267994455861, 19.411365281241661 ], [ -99.076306178537536, 19.411386959632239 ], [ -99.076842023936905, 19.411691175672029 ], [ -99.077386133865446, 19.412000080951049 ], [ -99.077901313445253, 19.412292559131689 ], [ -99.077098604868553, 19.413550863753851 ] ] ] ] } },
{ "type": "Feature", "properties": { "id": 2861.0, "entidad": 9, "distrito_f": 11, "distrito_l": 10, "municipio": 17, "seccion": 5363, "tipo": 2, "control": 33871.0, "SECCION_TX": "5363", "SECCION__1": null, "SECCION__2": null, "SECCION_N": "5363", "ESTATUS": null, "ALCALDIA_N": "VENUSTIANO CARRANZA", "EN_OPERATI": null, "EN_OP": "NO", "SEC_N": "5363", "EST": null, "ALC_N": "VENUSTIANO CARRANZA", "OP": "NO", "NOMBRE": "IGNACIO ZARAGOZA" }, "geometry": { "type": "MultiPolygon", "coordinates": [ [ [ [ -99.10229655281708, 19.417289548598632 ], [ -99.101595998979406, 19.417112792800527 ], [ -99.101162972834956, 19.417003535009794 ], [ -99.100722188181635, 19.416892318439494 ], [ -99.100300092729, 19.416785816287526 ], [ -99.100198524010452, 19.416760188535097 ], [ -99.099881729194877, 19.416695963466321 ], [ -99.099839694556877, 19.416693448745335 ], [ -99.099526174399756, 19.416674692101736 ], [ -99.099225583785469, 19.416680989824929 ], [ -99.099010235912772, 19.416720330913488 ], [ -99.098919171441452, 19.416769768222576 ], [ -99.098828106914922, 19.416819205485986 ], [ -99.098713050418255, 19.416839169664829 ], [ -99.09856389570767, 19.416865050324208 ], [ -99.098207588954978, 19.416926874552242 ], [ -99.09801363108599, 19.416884046285972 ], [ -99.097994658926794, 19.416874026699684 ], [ -99.097955722205427, 19.416853463408597 ], [ -99.097816404429821, 19.416779886687003 ], [ -99.098100539949314, 19.416282937087928 ], [ -99.098152159270953, 19.416123443694755 ], [ -99.098164966522518, 19.41592103823762 ], [ -99.098148055757832, 19.415820258003961 ], [ -99.098073134899437, 19.415372481684752 ], [ -99.0979663926108, 19.414728399136237 ], [ -99.097928514689428, 19.414598845782695 ], [ -99.097901719799907, 19.414388726393778 ], [ -99.097899349268531, 19.41437013720256 ], [ -99.097865126227873, 19.414101767076748 ], [ -99.097770839402983, 19.413484805949842 ], [ -99.097669145365643, 19.412818888041031 ], [ -99.09758271601423, 19.412249974634875 ], [ -99.09755164647099, 19.412047540492193 ], [ -99.097546651325516, 19.412014994487624 ], [ -99.097541375125317, 19.411979897052422 ], [ -99.097533845860951, 19.411929812142443 ], [ -99.097511959966667, 19.411784226285953 ], [ -99.097493365643558, 19.41166182957436 ], [ -99.097501970891798, 19.411529164668195 ], [ -99.097510583046258, 19.411396393080814 ], [ -99.097491178116968, 19.411152535325389 ], [ -99.097459928472375, 19.410867227194259 ], [ -99.097343053588204, 19.410385152090399 ], [ -99.097182016597131, 19.409864941605512 ], [ -99.097075180189606, 19.40956446733319 ], [ -99.097035586241589, 19.409366191952639 ], [ -99.097034464494598, 19.409189131465617 ], [ -99.09715063454631, 19.409188639281791 ], [ -99.097511944431872, 19.409185965029728 ], [ -99.097945049884103, 19.409149220061806 ], [ -99.098021881154722, 19.409141291476757 ], [ -99.09813614895225, 19.409129499576583 ], [ -99.098024078967129, 19.409290954117747 ], [ -99.097989654890256, 19.409427793712741 ], [ -99.098079942952026, 19.409415475078738 ], [ -99.0980422338843, 19.409466872757722 ], [ -99.098006206696439, 19.409586772627382 ], [ -99.097983468642482, 19.409977563960719 ], [ -99.097995073169443, 19.410175282565298 ], [ -99.098024707737196, 19.410340296777967 ], [ -99.098039525043816, 19.410422803881278 ], [ -99.098054342365572, 19.410505310982558 ], [ -99.098222289274659, 19.411467377379811 ], [ -99.098284990656367, 19.411882873205592 ], [ -99.098290439815429, 19.411918427642796 ], [ -99.098327723252154, 19.412161692567853 ], [ -99.098373544256859, 19.41246694035916 ], [ -99.098447982823828, 19.412962828500746 ], [ -99.098525423554449, 19.413478712880725 ], [ -99.098571872608019, 19.413796550810833 ], [ -99.098615477681463, 19.414094927013036 ], [ -99.098644797701411, 19.414295554322482 ], [ -99.098662438814159, 19.414416266443073 ], [ -99.098676616730003, 19.414513280954175 ], [ -99.098742921498996, 19.414966979677079 ], [ -99.099559927295132, 19.414838870005468 ], [ -99.099884887035799, 19.414779528878558 ], [ -99.099819977707327, 19.414337000354774 ], [ -99.099762952038745, 19.413948217749375 ], [ -99.099618438272145, 19.413761470488531 ], [ -99.099572314687137, 19.413468800825612 ], [ -99.099791857961435, 19.413401537203974 ], [ -99.100264646361182, 19.413256683305693 ], [ -99.100399978082777, 19.413218102693552 ], [ -99.100561746670749, 19.413481744718858 ], [ -99.10076548257814, 19.41366256390198 ], [ -99.101059690461923, 19.413797332874104 ], [ -99.101483192150056, 19.413944295771739 ], [ -99.101688690508013, 19.414025891981172 ], [ -99.101642914872755, 19.414156443668485 ], [ -99.10142776523378, 19.41408776001499 ], [ -99.101273438962863, 19.414487208957691 ], [ -99.101541772457111, 19.414591325103519 ], [ -99.101364271885203, 19.415023821123476 ], [ -99.101626597879786, 19.415111334309145 ], [ -99.101648761432401, 19.415118728152777 ], [ -99.101682652719205, 19.415131137675633 ], [ -99.101962353247629, 19.415233551592497 ], [ -99.102275945500892, 19.415348374487436 ], [ -99.102111370949913, 19.415774730630659 ], [ -99.102366761087154, 19.415851253009183 ], [ -99.102302188455667, 19.415964755219999 ], [ -99.10311366356521, 19.416277094139808 ], [ -99.10229655281708, 19.417289548598632 ] ] ] ] } },
{ "type": "Feature", "properties": { "id": 2983.0, "entidad": 9, "distrito_f": 11, "distrito_l": 11, "municipio": 17, "seccion": 5480, "tipo": 2, "control": 34064.0, "SECCION_TX": "5480", "SECCION__1": null, "SECCION__2": null, "SECCION_N": "5480", "ESTATUS": null, "ALCALDIA_N": "VENUSTIANO CARRANZA", "EN_OPERATI": null, "EN_OP": "NO", "SEC_N": "5480", "EST": null, "ALC_N": "VENUSTIANO CARRANZA", "OP": "NO", "NOMBRE": "IGNACIO ZARAGOZA" }, "geometry": { "type": "MultiPolygon", "coordinates": [ [ [ [ -99.097287578502645, 19.417749330592354 ], [ -99.096883919456147, 19.417534395326307 ], [ -99.096519962294323, 19.417339462996999 ], [ -99.096177497433132, 19.417141608765913 ], [ -99.09584014218683, 19.41694670543659 ], [ -99.095495357679056, 19.416747508797954 ], [ -99.095169610467124, 19.416559309759577 ], [ -99.094821671041103, 19.416358288135498 ], [ -99.094477539741717, 19.416159465503881 ], [ -99.094117344954981, 19.415951360933047 ], [ -99.093763095061036, 19.415746689837253 ], [ -99.093423191206142, 19.415550306158114 ], [ -99.093069081168466, 19.415345713495206 ], [ -99.093531768301204, 19.414523369294781 ], [ -99.093890096420665, 19.414730995904481 ], [ -99.094248425447901, 19.414938621798946 ], [ -99.09458425807064, 19.415134219658807 ], [ -99.094616636125707, 19.415059065985137 ], [ -99.094661505361614, 19.414954918533251 ], [ -99.095026113230261, 19.415165832805975 ], [ -99.095367410202655, 19.415363261289801 ], [ -99.095698411267023, 19.415554732873098 ], [ -99.096034817046871, 19.415749329795865 ], [ -99.096373954866991, 19.41594550598575 ], [ -99.096716492926987, 19.416143647936448 ], [ -99.09707180433206, 19.416349177461846 ], [ -99.097444103891803, 19.416564532460612 ], [ -99.097816404429821, 19.416779886687003 ], [ -99.097773051002989, 19.416856636237963 ], [ -99.097738067455097, 19.416918568342929 ], [ -99.097287578502645, 19.417749330592354 ] ] ] ] } },
{ "type": "Feature", "properties": { "id": 2984.0, "entidad": 9, "distrito_f": 11, "distrito_l": 11, "municipio": 17, "seccion": 5481, "tipo": 2, "control": 34077.0, "SECCION_TX": "5481", "SECCION__1": null, "SECCION__2": null, "SECCION_N": "5481", "ESTATUS": null, "ALCALDIA_N": "VENUSTIANO CARRANZA", "EN_OPERATI": null, "EN_OP": "NO", "SEC_N": "5481", "EST": null, "ALC_N": "VENUSTIANO CARRANZA", "OP": "NO", "NOMBRE": "IGNACIO ZARAGOZA" }, "geometry": { "type": "MultiPolygon", "coordinates": [ [ [ [ -99.092639624563148, 19.416157526646298 ], [ -99.092297518139546, 19.415963722044186 ], [ -99.091957301154281, 19.415770986715351 ], [ -99.09159722184755, 19.415566998045175 ], [ -99.091267945940999, 19.415380458744941 ], [ -99.090934499306925, 19.415191555622748 ], [ -99.090561882472116, 19.414980460676034 ], [ -99.09021716435204, 19.414785169740878 ], [ -99.089856180468658, 19.414580662659816 ], [ -99.089262788194674, 19.414244487287849 ], [ -99.088758022272913, 19.413958518901438 ], [ -99.088203174427434, 19.413644174482879 ], [ -99.08764832870996, 19.41332982835057 ], [ -99.088112938221443, 19.412473643055598 ], [ -99.088660468229151, 19.41279094677181 ], [ -99.089208000356649, 19.413108248818425 ], [ -99.089751928549404, 19.413423459468213 ], [ -99.090313167951322, 19.413748699101387 ], [ -99.090666468681334, 19.413953436193804 ], [ -99.091023186774947, 19.414160152417548 ], [ -99.091361167705912, 19.414356009421017 ], [ -99.091701394810329, 19.414553166947101 ], [ -99.092041926583889, 19.414750499904702 ], [ -99.092370025139914, 19.414940626942336 ], [ -99.092716099525518, 19.415141169512559 ], [ -99.093069081168466, 19.415345713495206 ], [ -99.092639624563148, 19.416157526646298 ] ] ] ] } },
{ "type": "Feature", "properties": { "id": 2986.0, "entidad": 9, "distrito_f": 11, "distrito_l": 11, "municipio": 17, "seccion": 5483, "tipo": 2, "control": 34080.0, "SECCION_TX": "5483", "SECCION__1": null, "SECCION__2": null, "SECCION_N": "5483", "ESTATUS": null, "ALCALDIA_N": "VENUSTIANO CARRANZA", "EN_OPERATI": null, "EN_OP": "NO", "SEC_N": "5483", "EST": null, "ALC_N": "VENUSTIANO CARRANZA", "OP": "NO", "NOMBRE": "IGNACIO ZARAGOZA" }, "geometry": { "type": "MultiPolygon", "coordinates": [ [ [ [ -99.091349943270259, 19.41188994421837 ], [ -99.090784764469262, 19.41156496846796 ], [ -99.090253133477162, 19.411259310240116 ], [ -99.089697892107012, 19.410940665538575 ], [ -99.0892284312295, 19.411852796899133 ], [ -99.088633439279775, 19.411514448372341 ], [ -99.088601334758849, 19.411495832915151 ], [ -99.088563069021106, 19.411473644930449 ], [ -99.088539856981043, 19.411461389056619 ], [ -99.088501008656721, 19.411440877270035 ], [ -99.089013796885396, 19.41053302155612 ], [ -99.08950438037435, 19.409664466957913 ], [ -99.089525939995951, 19.409676838052924 ], [ -99.089594907919164, 19.409716412406475 ], [ -99.089653755146671, 19.409750179386712 ], [ -99.090194992305598, 19.41006074376892 ], [ -99.090721538610339, 19.410362875776837 ], [ -99.091282013090733, 19.410684472835506 ], [ -99.091842489769903, 19.411006068145095 ], [ -99.091349943270259, 19.41188994421837 ] ] ] ] } },
{ "type": "Feature", "properties": { "id": 2987.0, "entidad": 9, "distrito_f": 11, "distrito_l": 11, "municipio": 17, "seccion": 5484, "tipo": 2, "control": 34079.0, "SECCION_TX": "5484", "SECCION__1": null, "SECCION__2": null, "SECCION_N": "5484", "ESTATUS": "COMPLETA", "ALCALDIA_N": "VENUSTIANO CARRANZA", "EN_OPERATI": null, "EN_OP": "SI", "SEC_N": "5484", "EST": "COMPLETA", "ALC_N": "VENUSTIANO CARRANZA", "OP": "SI", "NOMBRE": "IGNACIO ZARAGOZA" }, "geometry": { "type": "MultiPolygon", "coordinates": [ [ [ [ -99.093591753178515, 19.414333943628172 ], [ -99.093272833919769, 19.414152600441493 ], [ -99.092925824074811, 19.413955283346649 ], [ -99.09257653105044, 19.413756666831084 ], [ -99.092231806890965, 19.41356064714531 ], [ -99.091902932703775, 19.413373639138246 ], [ -99.091580642902002, 19.413186835337257 ], [ -99.090851257460884, 19.412775617250116 ], [ -99.090266475443741, 19.412443083765854 ], [ -99.089755469049521, 19.412152499771906 ], [ -99.0892284312295, 19.411852796899133 ], [ -99.089697892107012, 19.410940665538575 ], [ -99.090253133477162, 19.411259310240116 ], [ -99.090784764469262, 19.41156496846796 ], [ -99.091349943270259, 19.41188994421837 ], [ -99.091842489769903, 19.411006068145095 ], [ -99.092195838891897, 19.41120759146883 ], [ -99.092544230972109, 19.411406286509365 ], [ -99.092889567159361, 19.41160323757007 ], [ -99.093224830491096, 19.41178050841874 ], [ -99.093579372546714, 19.411996641829575 ], [ -99.093914050579869, 19.412187511078379 ], [ -99.093407825939664, 19.413088725688329 ], [ -99.093757116479821, 19.413283631003271 ], [ -99.094081727661049, 19.413464764127284 ], [ -99.093591753178515, 19.414333943628172 ] ] ] ] } },
{ "type": "Feature", "properties": { "id": 2988.0, "entidad": 9, "distrito_f": 11, "distrito_l": 11, "municipio": 17, "seccion": 5485, "tipo": 2, "control": 34078.0, "SECCION_TX": "5485", "SECCION__1": null, "SECCION__2": null, "SECCION_N": "5485", "ESTATUS": null, "ALCALDIA_N": "VENUSTIANO CARRANZA", "EN_OPERATI": null, "EN_OP": "NO", "SEC_N": "5485", "EST": null, "ALC_N": "VENUSTIANO CARRANZA", "OP": "NO", "NOMBRE": "IGNACIO ZARAGOZA" }, "geometry": { "type": "MultiPolygon", "coordinates": [ [ [ [ -99.093069081168466, 19.415345713495206 ], [ -99.092716099525518, 19.415141169512559 ], [ -99.092370025139914, 19.414940626942336 ], [ -99.092041926583889, 19.414750499904702 ], [ -99.091701394810329, 19.414553166947101 ], [ -99.091361167705912, 19.414356009421017 ], [ -99.091023186774947, 19.414160152417548 ], [ -99.090666468681334, 19.413953436193804 ], [ -99.090313167951322, 19.413748699101387 ], [ -99.089751928549404, 19.413423459468213 ], [ -99.089208000356649, 19.413108248818425 ], [ -99.088660468229151, 19.41279094677181 ], [ -99.088112938221443, 19.412473643055598 ], [ -99.088560690537321, 19.411648512666531 ], [ -99.08859587281691, 19.41158304360334 ], [ -99.088633439279775, 19.411514448372341 ], [ -99.0892284312295, 19.411852796899133 ], [ -99.089755469049521, 19.412152499771906 ], [ -99.090266475443741, 19.412443083765854 ], [ -99.090851257460884, 19.412775617250116 ], [ -99.091580642902002, 19.413186835337257 ], [ -99.091902932703775, 19.413373639138246 ], [ -99.092231806890965, 19.41356064714531 ], [ -99.09257653105044, 19.413756666831084 ], [ -99.092925824074811, 19.413955283346649 ], [ -99.093272833919769, 19.414152600441493 ], [ -99.093591753178515, 19.414333943628172 ], [ -99.093942918030976, 19.414537560619841 ], [ -99.094294032862564, 19.414741489907701 ], [ -99.094661505361614, 19.414954918533251 ], [ -99.094616636125707, 19.415059065985137 ], [ -99.09458425807064, 19.415134219658807 ], [ -99.094248425447901, 19.414938621798946 ], [ -99.093890096420665, 19.414730995904481 ], [ -99.093531768301204, 19.414523369294781 ], [ -99.093069081168466, 19.415345713495206 ] ] ] ] } },
{ "type": "Feature", "properties": { "id": 2989.0, "entidad": 9, "distrito_f": 11, "distrito_l": 11, "municipio": 17, "seccion": 5486, "tipo": 2, "control": 34065.0, "SECCION_TX": "5486", "SECCION__1": null, "SECCION__2": null, "SECCION_N": "5486", "ESTATUS": null, "ALCALDIA_N": "VENUSTIANO CARRANZA", "EN_OPERATI": null, "EN_OP": "NO", "SEC_N": "5486", "EST": null, "ALC_N": "VENUSTIANO CARRANZA", "OP": "NO", "NOMBRE": "IGNACIO ZARAGOZA" }, "geometry": { "type": "MultiPolygon", "coordinates": [ [ [ [ -99.097816404429821, 19.416779886687003 ], [ -99.097444103891803, 19.416564532460612 ], [ -99.09707180433206, 19.416349177461846 ], [ -99.096716492926987, 19.416143647936448 ], [ -99.096373954866991, 19.41594550598575 ], [ -99.096034817046871, 19.415749329795865 ], [ -99.095698411267023, 19.415554732873098 ], [ -99.095367410202655, 19.415363261289801 ], [ -99.095026113230261, 19.415165832805975 ], [ -99.094661505361614, 19.414954918533251 ], [ -99.094294032862564, 19.414741489907701 ], [ -99.093942918030976, 19.414537560619841 ], [ -99.093591753178515, 19.414333943628172 ], [ -99.094081727661049, 19.413464764127284 ], [ -99.094428738745108, 19.413665299281714 ], [ -99.094772885241895, 19.413864702122204 ], [ -99.095131418415619, 19.414072439567914 ], [ -99.095498919425765, 19.414285371771481 ], [ -99.095844968014347, 19.414485873124907 ], [ -99.096184759965908, 19.414682748241905 ], [ -99.096537598225154, 19.414887181195155 ], [ -99.096853089058044, 19.415069974192821 ], [ -99.097193023183308, 19.415266928371878 ], [ -99.09754994248479, 19.415473722377229 ], [ -99.097903594154147, 19.41567862194783 ], [ -99.098148055757832, 19.415820258003961 ], [ -99.098164966522518, 19.41592103823762 ], [ -99.098152159270953, 19.416123443694755 ], [ -99.098100539949314, 19.416282937087928 ], [ -99.097816404429821, 19.416779886687003 ] ] ] ] } },
{ "type": "Feature", "properties": { "id": 2990.0, "entidad": 9, "distrito_f": 11, "distrito_l": 11, "municipio": 17, "seccion": 5487, "tipo": 2, "control": 34072.0, "SECCION_TX": "5487", "SECCION__1": null, "SECCION__2": null, "SECCION_N": "5487", "ESTATUS": null, "ALCALDIA_N": "VENUSTIANO CARRANZA", "EN_OPERATI": null, "EN_OP": "NO", "SEC_N": "5487", "EST": null, "ALC_N": "VENUSTIANO CARRANZA", "OP": "NO", "NOMBRE": "IGNACIO ZARAGOZA" }, "geometry": { "type": "MultiPolygon", "coordinates": [ [ [ [ -99.098148055757832, 19.415820258003961 ], [ -99.097903594154147, 19.41567862194783 ], [ -99.09754994248479, 19.415473722377229 ], [ -99.097193023183308, 19.415266928371878 ], [ -99.096853089058044, 19.415069974192821 ], [ -99.096537598225154, 19.414887181195155 ], [ -99.096184759965908, 19.414682748241905 ], [ -99.095844968014347, 19.414485873124907 ], [ -99.095498919425765, 19.414285371771481 ], [ -99.095131418415619, 19.414072439567914 ], [ -99.094772885241895, 19.413864702122204 ], [ -99.094428738745108, 19.413665299281714 ], [ -99.094081727661049, 19.413464764127284 ], [ -99.093757116479821, 19.413283631003271 ], [ -99.093407825939664, 19.413088725688329 ], [ -99.093914050579869, 19.412187511078379 ], [ -99.094261125195771, 19.412394965938471 ], [ -99.094591639415157, 19.412592521138375 ], [ -99.094922154431217, 19.41279007572928 ], [ -99.095273255271422, 19.412999933637835 ], [ -99.095606174244338, 19.413198922857621 ], [ -99.095967624539526, 19.413414964306423 ], [ -99.096321020108348, 19.413626190132426 ], [ -99.096666581438612, 19.413832732205641 ], [ -99.097012882068555, 19.414039714968421 ], [ -99.097323038133879, 19.414225093230893 ], [ -99.097669119870048, 19.414431942905047 ], [ -99.097928514689428, 19.414598845782695 ], [ -99.0979663926108, 19.414728399136237 ], [ -99.098073134899437, 19.415372481684752 ], [ -99.098148055757832, 19.415820258003961 ] ] ] ] } },
{ "type": "Feature", "properties": { "id": 2991.0, "entidad": 9, "distrito_f": 11, "distrito_l": 11, "municipio": 17, "seccion": 5488, "tipo": 2, "control": 34073.0, "SECCION_TX": "5488", "SECCION__1": null, "SECCION__2": null, "SECCION_N": "5488", "ESTATUS": null, "ALCALDIA_N": "VENUSTIANO CARRANZA", "EN_OPERATI": null, "EN_OP": "NO", "SEC_N": "5488", "EST": null, "ALC_N": "VENUSTIANO CARRANZA", "OP": "NO", "NOMBRE": "IGNACIO ZARAGOZA" }, "geometry": { "type": "MultiPolygon", "coordinates": [ [ [ [ -99.097928514689428, 19.414598845782695 ], [ -99.097669119870048, 19.414431942905047 ], [ -99.097323038133879, 19.414225093230893 ], [ -99.097012882068555, 19.414039714968421 ], [ -99.096666581438612, 19.413832732205641 ], [ -99.096321020108348, 19.413626190132426 ], [ -99.095967624539526, 19.413414964306423 ], [ -99.095606174244338, 19.413198922857621 ], [ -99.095273255271422, 19.412999933637835 ], [ -99.094922154431217, 19.41279007572928 ], [ -99.094591639415157, 19.412592521138375 ], [ -99.094261125195771, 19.412394965938471 ], [ -99.093914050579869, 19.412187511078379 ], [ -99.09443393522821, 19.411234309787766 ], [ -99.094802395167235, 19.411446267184925 ], [ -99.095106472696173, 19.411621187475625 ], [ -99.095452523758667, 19.411820251918325 ], [ -99.095801554714996, 19.412021029367398 ], [ -99.096153040293714, 19.412223217636928 ], [ -99.096502598260344, 19.412424295891459 ], [ -99.096867844004677, 19.412634397063126 ], [ -99.097208153929174, 19.412830153191006 ], [ -99.097548464666303, 19.413025908673717 ], [ -99.097669145365643, 19.412818888041031 ], [ -99.097770839402983, 19.413484805949842 ], [ -99.097865126227873, 19.414101767076748 ], [ -99.097899349268531, 19.41437013720256 ], [ -99.097901719799907, 19.414388726393778 ], [ -99.097928514689428, 19.414598845782695 ] ] ] ] } },
{ "type": "Feature", "properties": { "id": 2992.0, "entidad": 9, "distrito_f": 11, "distrito_l": 11, "municipio": 17, "seccion": 5489, "tipo": 2, "control": 34074.0, "SECCION_TX": "5489", "SECCION__1": null, "SECCION__2": null, "SECCION_N": "5489", "ESTATUS": "COMPLETA", "ALCALDIA_N": "VENUSTIANO CARRANZA", "EN_OPERATI": null, "EN_OP": "SI", "SEC_N": "5489", "EST": "COMPLETA", "ALC_N": "VENUSTIANO CARRANZA", "OP": "SI", "NOMBRE": "IGNACIO ZARAGOZA" }, "geometry": { "type": "MultiPolygon", "coordinates": [ [ [ [ -99.097548464666303, 19.413025908673717 ], [ -99.097208153929174, 19.412830153191006 ], [ -99.096867844004677, 19.412634397063126 ], [ -99.096502598260344, 19.412424295891459 ], [ -99.096153040293714, 19.412223217636928 ], [ -99.095801554714996, 19.412021029367398 ], [ -99.095452523758667, 19.411820251918325 ], [ -99.095106472696173, 19.411621187475625 ], [ -99.094802395167235, 19.411446267184925 ], [ -99.09443393522821, 19.411234309787766 ], [ -99.094099707660149, 19.411043084673704 ], [ -99.093765480871696, 19.410851858937463 ], [ -99.093438141375103, 19.410664572686251 ], [ -99.093088144208977, 19.410464321788169 ], [ -99.092727190834523, 19.410257801068109 ], [ -99.092365234794755, 19.410050705418723 ], [ -99.09288057629702, 19.40913216272687 ], [ -99.093243806411607, 19.409340166159577 ], [ -99.093601504221951, 19.409545000289128 ], [ -99.0939391697693, 19.40973836190517 ], [ -99.094276836112996, 19.409931722886277 ], [ -99.09460901825905, 19.410121942336282 ], [ -99.09494233220515, 19.410312808834647 ], [ -99.095297166631582, 19.410515997497576 ], [ -99.09562832520416, 19.410705627581201 ], [ -99.095969428691305, 19.410900951286568 ], [ -99.096331237094347, 19.411108129886383 ], [ -99.096678182661108, 19.411306796557643 ], [ -99.097041939661807, 19.411515088492365 ], [ -99.097379047798924, 19.411708119814662 ], [ -99.097511959966667, 19.411784226285953 ], [ -99.097533845860951, 19.411929812142443 ], [ -99.097541375125317, 19.411979897052422 ], [ -99.097546651325516, 19.412014994487624 ], [ -99.09755164647099, 19.412047540492193 ], [ -99.09758271601423, 19.412249974634875 ], [ -99.097669145365643, 19.412818888041031 ], [ -99.097548464666303, 19.413025908673717 ] ] ] ] } },
{ "type": "Feature", "properties": { "id": 2993.0, "entidad": 9, "distrito_f": 11, "distrito_l": 11, "municipio": 17, "seccion": 5490, "tipo": 2, "control": 34075.0, "SECCION_TX": "5490", "SECCION__1": null, "SECCION__2": null, "SECCION_N": "5490", "ESTATUS": null, "ALCALDIA_N": "VENUSTIANO CARRANZA", "EN_OPERATI": null, "EN_OP": "NO", "SEC_N": "5490", "EST": null, "ALC_N": "VENUSTIANO CARRANZA", "OP": "NO", "NOMBRE": "IGNACIO ZARAGOZA" }, "geometry": { "type": "MultiPolygon", "coordinates": [ [ [ [ -99.097511959966667, 19.411784226285953 ], [ -99.097379047798924, 19.411708119814662 ], [ -99.097041939661807, 19.411515088492365 ], [ -99.096678182661108, 19.411306796557643 ], [ -99.096331237094347, 19.411108129886383 ], [ -99.095969428691305, 19.410900951286568 ], [ -99.09562832520416, 19.410705627581201 ], [ -99.095297166631582, 19.410515997497576 ], [ -99.09494233220515, 19.410312808834647 ], [ -99.09460901825905, 19.410121942336282 ], [ -99.094276836112996, 19.409931722886277 ], [ -99.0939391697693, 19.40973836190517 ], [ -99.093601504221951, 19.409545000289128 ], [ -99.093243806411607, 19.409340166159577 ], [ -99.09288057629702, 19.40913216272687 ], [ -99.092997604984745, 19.408882084789539 ], [ -99.093072844349152, 19.408721305774765 ], [ -99.093768340619661, 19.408813792172225 ], [ -99.093965479591049, 19.408841026339807 ], [ -99.094378810159185, 19.408898126014471 ], [ -99.096250877784428, 19.409155355153757 ], [ -99.096468583223725, 19.409164739633461 ], [ -99.097034464494598, 19.409189131465617 ], [ -99.097035586241589, 19.409366191952639 ], [ -99.097075180189606, 19.40956446733319 ], [ -99.097182016597131, 19.409864941605512 ], [ -99.097343053588204, 19.410385152090399 ], [ -99.097459928472375, 19.410867227194259 ], [ -99.097491178116968, 19.411152535325389 ], [ -99.097510583046258, 19.411396393080814 ], [ -99.097501970891798, 19.411529164668195 ], [ -99.097493365643558, 19.41166182957436 ], [ -99.097511959966667, 19.411784226285953 ] ] ] ] } },
{ "type": "Feature", "properties": { "id": 2994.0, "entidad": 9, "distrito_f": 11, "distrito_l": 11, "municipio": 17, "seccion": 5491, "tipo": 2, "control": 34081.0, "SECCION_TX": "5491", "SECCION__1": null, "SECCION__2": null, "SECCION_N": "5491", "ESTATUS": "PENDIENTE", "ALCALDIA_N": "VENUSTIANO CARRANZA", "EN_OPERATI": null, "EN_OP": "SI", "SEC_N": "5491", "EST": "PENDIENTE", "ALC_N": "VENUSTIANO CARRANZA", "OP": "SI", "NOMBRE": "IGNACIO ZARAGOZA" }, "geometry": { "type": "MultiPolygon", "coordinates": [ [ [ [ -99.093914050579869, 19.412187511078379 ], [ -99.093579372546714, 19.411996641829575 ], [ -99.093224830491096, 19.41178050841874 ], [ -99.092889567159361, 19.41160323757007 ], [ -99.092544230972109, 19.411406286509365 ], [ -99.092195838891897, 19.41120759146883 ], [ -99.091842489769903, 19.411006068145095 ], [ -99.091282013090733, 19.410684472835506 ], [ -99.090721538610339, 19.410362875776837 ], [ -99.090194992305598, 19.41006074376892 ], [ -99.090720407392169, 19.409103599414372 ], [ -99.091015026357496, 19.408589058153353 ], [ -99.091165533353532, 19.408612080079823 ], [ -99.091178075472286, 19.408576590653578 ], [ -99.091199469034819, 19.408516054970189 ], [ -99.091212761199657, 19.408478443151623 ], [ -99.091895321781564, 19.408568162391813 ], [ -99.092016432351443, 19.408577417981952 ], [ -99.092726099774737, 19.408675194994178 ], [ -99.093072844349152, 19.408721305774765 ], [ -99.092997604984745, 19.408882084789539 ], [ -99.09288057629702, 19.40913216272687 ], [ -99.092365234794755, 19.410050705418723 ], [ -99.092727190834523, 19.410257801068109 ], [ -99.093088144208977, 19.410464321788169 ], [ -99.093438141375103, 19.410664572686251 ], [ -99.093765480871696, 19.410851858937463 ], [ -99.094099707660149, 19.411043084673704 ], [ -99.09443393522821, 19.411234309787766 ], [ -99.093914050579869, 19.412187511078379 ] ] ] ] } },
{ "type": "Feature", "properties": { "id": 2686.0, "entidad": 9, "distrito_f": 11, "distrito_l": 10, "municipio": 17, "seccion": 5196, "tipo": 2, "control": 32770.0, "SECCION_TX": "5196", "SECCION__1": null, "SECCION__2": null, "SECCION_N": "5196", "ESTATUS": null, "ALCALDIA_N": "VENUSTIANO CARRANZA", "EN_OPERATI": null, "EN_OP": "NO", "SEC_N": "5196", "EST": null, "ALC_N": "VENUSTIANO CARRANZA", "OP": "NO", "NOMBRE": "LA MALINCHE" }, "geometry": { "type": "MultiPolygon", "coordinates": [ [ [ [ -99.106822446343799, 19.452141783601878 ], [ -99.106613834959376, 19.452057444573107 ], [ -99.105990493412961, 19.451810657388545 ], [ -99.105364366100574, 19.45157748654357 ], [ -99.104729419100224, 19.451338720765524 ], [ -99.104283131696945, 19.451171647714787 ], [ -99.104311565397992, 19.45110098487309 ], [ -99.10433545273365, 19.451041848944929 ], [ -99.104359024373508, 19.450983494513945 ], [ -99.104404868995388, 19.450869863288663 ], [ -99.104509092043159, 19.450597979360015 ], [ -99.10507475733047, 19.449122326310363 ], [ -99.105527588407682, 19.449223417578693 ], [ -99.105965988216084, 19.449321285971877 ], [ -99.106422067966591, 19.44942309998466 ], [ -99.10684027156158, 19.449516457505009 ], [ -99.107291059765572, 19.449617087836394 ], [ -99.107749184115136, 19.449719354552453 ], [ -99.107186604676031, 19.45118859123037 ], [ -99.106950244625423, 19.451805862488509 ], [ -99.106940982013924, 19.45183026822054 ], [ -99.106933614697923, 19.451849601268577 ], [ -99.106903020884914, 19.451930066636162 ], [ -99.106895167768755, 19.451950702530041 ], [ -99.106874828585333, 19.452004148451227 ], [ -99.106840785820651, 19.452093617577628 ], [ -99.106833699950187, 19.452112972641292 ], [ -99.106822446343799, 19.452141783601878 ] ] ] ] } },
{ "type": "Feature", "properties": { "id": 2688.0, "entidad": 9, "distrito_f": 11, "distrito_l": 10, "municipio": 17, "seccion": 5198, "tipo": 2, "control": 37820.0, "SECCION_TX": "5198", "SECCION__1": null, "SECCION__2": null, "SECCION_N": "5198", "ESTATUS": null, "ALCALDIA_N": "VENUSTIANO CARRANZA", "EN_OPERATI": null, "EN_OP": "NO", "SEC_N": "5198", "EST": null, "ALC_N": "VENUSTIANO CARRANZA", "OP": "NO", "NOMBRE": "5TO TRAMO 20 DE NOVIEMBRE" }, "geometry": { "type": "MultiPolygon", "coordinates": [ [ [ [ -99.107291059765572, 19.449617087836394 ], [ -99.10684027156158, 19.449516457505009 ], [ -99.106422067966591, 19.44942309998466 ], [ -99.105965988216084, 19.449321285971877 ], [ -99.105527588407682, 19.449223417578693 ], [ -99.10507475733047, 19.449122326310363 ], [ -99.104640845413769, 19.44901034016393 ], [ -99.105136950493815, 19.44770810451007 ], [ -99.105583803420345, 19.447800635359421 ], [ -99.106030656847992, 19.447893165104837 ], [ -99.106470191364863, 19.447984178148278 ], [ -99.106922070407109, 19.448077747917221 ], [ -99.107359449180024, 19.448168310420851 ], [ -99.107803436696273, 19.448260241958526 ], [ -99.107291059765572, 19.449617087836394 ] ] ] ] } },
{ "type": "Feature", "properties": { "id": 2690.0, "entidad": 9, "distrito_f": 11, "distrito_l": 10, "municipio": 17, "seccion": 5200, "tipo": 2, "control": 32797.0, "SECCION_TX": "5200", "SECCION__1": null, "SECCION__2": null, "SECCION_N": "5200", "ESTATUS": null, "ALCALDIA_N": "VENUSTIANO CARRANZA", "EN_OPERATI": null, "EN_OP": "NO", "SEC_N": "5200", "EST": null, "ALC_N": "VENUSTIANO CARRANZA", "OP": "NO", "NOMBRE": "5TO TRAMO 20 DE NOVIEMBRE" }, "geometry": { "type": "MultiPolygon", "coordinates": [ [ [ [ -99.106470191364863, 19.447984178148278 ], [ -99.106030656847992, 19.447893165104837 ], [ -99.106360271408136, 19.447007072276509 ], [ -99.105933263180106, 19.446867675765546 ], [ -99.105506255676687, 19.446728278244045 ], [ -99.10590304458934, 19.445671389637624 ], [ -99.105473424101305, 19.445522732291433 ], [ -99.105066218527512, 19.445381829764237 ], [ -99.104680915305337, 19.445248504887001 ], [ -99.105116908198283, 19.444107807364052 ], [ -99.105499719745467, 19.444231942328393 ], [ -99.105913654411424, 19.444366168515621 ], [ -99.106335947007295, 19.444503103716194 ], [ -99.106771964928996, 19.44464448829898 ], [ -99.107180890411414, 19.444854588780014 ], [ -99.10758100075374, 19.444994885056023 ], [ -99.107173176702617, 19.446092391657622 ], [ -99.106778980353013, 19.447153209464716 ], [ -99.106470191364863, 19.447984178148278 ] ] ] ] } },
{ "type": "Feature", "properties": { "id": 2691.0, "entidad": 9, "distrito_f": 11, "distrito_l": 10, "municipio": 17, "seccion": 5201, "tipo": 2, "control": 32796.0, "SECCION_TX": "5201", "SECCION__1": null, "SECCION__2": null, "SECCION_N": "5201", "ESTATUS": "PENDIENTE", "ALCALDIA_N": "VENUSTIANO CARRANZA", "EN_OPERATI": null, "EN_OP": "SI", "SEC_N": "5201", "EST": "PENDIENTE", "ALC_N": "VENUSTIANO CARRANZA", "OP": "SI", "NOMBRE": "5TO TRAMO 20 DE NOVIEMBRE" }, "geometry": { "type": "MultiPolygon", "coordinates": [ [ [ [ -99.108710664522221, 19.448468213571644 ], [ -99.108257050323132, 19.44836422833421 ], [ -99.107803436696273, 19.448260241958526 ], [ -99.107359449180024, 19.448168310420851 ], [ -99.106922070407109, 19.448077747917221 ], [ -99.106470191364863, 19.447984178148278 ], [ -99.106778980353013, 19.447153209464716 ], [ -99.107173176702617, 19.446092391657622 ], [ -99.10758100075374, 19.444994885056023 ], [ -99.107690423317891, 19.444945936356376 ], [ -99.108012679491168, 19.445065011746134 ], [ -99.108032283012236, 19.445027761043971 ], [ -99.107757175456726, 19.444553126979777 ], [ -99.107835586403581, 19.444399469382475 ], [ -99.107874791821885, 19.444322640570448 ], [ -99.10791399720344, 19.444245811749475 ], [ -99.108306651089848, 19.444385224170382 ], [ -99.108604443855427, 19.444873601465428 ], [ -99.109004658724004, 19.445015893982657 ], [ -99.108885971228005, 19.445342223429574 ], [ -99.108780596416338, 19.445631948696342 ], [ -99.108748451734868, 19.445720329433566 ], [ -99.108708679539774, 19.445829681626599 ], [ -99.108455284068526, 19.446526379542441 ], [ -99.108877392644715, 19.446675082813641 ], [ -99.109299501985276, 19.446823785096669 ], [ -99.108915789657729, 19.447895361442775 ], [ -99.108710664522221, 19.448468213571644 ] ] ] ] } },
{ "type": "Feature", "properties": { "id": 2692.0, "entidad": 9, "distrito_f": 11, "distrito_l": 10, "municipio": 17, "seccion": 5202, "tipo": 2, "control": 32795.0, "SECCION_TX": "5202", "SECCION__1": null, "SECCION__2": null, "SECCION_N": "5202", "ESTATUS": null, "ALCALDIA_N": "VENUSTIANO CARRANZA", "EN_OPERATI": null, "EN_OP": "NO", "SEC_N": "5202", "EST": null, "ALC_N": "VENUSTIANO CARRANZA", "OP": "NO", "NOMBRE": "5TO TRAMO 20 DE NOVIEMBRE" }, "geometry": { "type": "MultiPolygon", "coordinates": [ [ [ [ -99.110663141472344, 19.448913297260425 ], [ -99.110581315582152, 19.448895621871465 ], [ -99.110475270102896, 19.448872714695526 ], [ -99.110000627608997, 19.44876391412749 ], [ -99.109940861710058, 19.448750214109882 ], [ -99.109580134993507, 19.448667524977584 ], [ -99.109131573949682, 19.448564700524223 ], [ -99.108710664522221, 19.448468213571644 ], [ -99.108915789657729, 19.447895361442775 ], [ -99.109299501985276, 19.446823785096669 ], [ -99.108877392644715, 19.446675082813641 ], [ -99.108455284068526, 19.446526379542441 ], [ -99.108708679539774, 19.445829681626599 ], [ -99.108748451734868, 19.445720329433566 ], [ -99.108780596416338, 19.445631948696342 ], [ -99.108885971228005, 19.445342223429574 ], [ -99.109004658724004, 19.445015893982657 ], [ -99.109017150411518, 19.445160171740497 ], [ -99.109404113425001, 19.445305960485239 ], [ -99.109831991709783, 19.445445198850244 ], [ -99.110258690127907, 19.445592002298255 ], [ -99.110692632996262, 19.445747244827537 ], [ -99.111098619993811, 19.445876899262561 ], [ -99.111544410852886, 19.446026151303734 ], [ -99.111603144923791, 19.445898691828209 ], [ -99.111806028590721, 19.445365280951961 ], [ -99.111896006690912, 19.445390836438353 ], [ -99.111976101835864, 19.445413584933608 ], [ -99.111454682909141, 19.446787378457781 ], [ -99.11102529296943, 19.447918682755812 ], [ -99.110663141472344, 19.448913297260425 ] ] ] ] } },
{ "type": "Feature", "properties": { "id": 2694.0, "entidad": 9, "distrito_f": 11, "distrito_l": 10, "municipio": 17, "seccion": 5204, "tipo": 2, "control": 32788.0, "SECCION_TX": "5204", "SECCION__1": null, "SECCION__2": null, "SECCION_N": "5204", "ESTATUS": null, "ALCALDIA_N": "VENUSTIANO CARRANZA", "EN_OPERATI": null, "EN_OP": "NO", "SEC_N": "5204", "EST": null, "ALC_N": "VENUSTIANO CARRANZA", "OP": "NO", "NOMBRE": "5TO TRAMO 20 DE NOVIEMBRE" }, "geometry": { "type": "MultiPolygon", "coordinates": [ [ [ [ -99.114315040078793, 19.447558322135954 ], [ -99.114056005001757, 19.448574266787663 ], [ -99.113796966733943, 19.449590210972005 ], [ -99.113313189308201, 19.449485717804997 ], [ -99.112884041113347, 19.449393023046362 ], [ -99.1127118747238, 19.449355835292689 ], [ -99.112439241924946, 19.449296946533845 ], [ -99.112177713861556, 19.449240455975058 ], [ -99.111996134073152, 19.449201234150298 ], [ -99.111625046204068, 19.449121077338877 ], [ -99.111539385987442, 19.449102574190022 ], [ -99.111101263478673, 19.449007936256002 ], [ -99.110663141472344, 19.448913297260425 ], [ -99.11102529296943, 19.447918682755812 ], [ -99.111502113216943, 19.448024365013541 ], [ -99.111978934075353, 19.448130046013766 ], [ -99.112464409314555, 19.448237643711334 ], [ -99.112955392028667, 19.44834646058251 ], [ -99.113208275725398, 19.447318456281618 ], [ -99.113761657500049, 19.447438390055609 ], [ -99.114315040078793, 19.447558322135954 ] ] ] ] } },
{ "type": "Feature", "properties": { "id": 2843.0, "entidad": 9, "distrito_f": 11, "distrito_l": 10, "municipio": 17, "seccion": 5345, "tipo": 2, "control": 33891.0, "SECCION_TX": "5345", "SECCION__1": null, "SECCION__2": null, "SECCION_N": "5345", "ESTATUS": null, "ALCALDIA_N": "VENUSTIANO CARRANZA", "EN_OPERATI": null, "EN_OP": "NO", "SEC_N": "5345", "EST": null, "ALC_N": "VENUSTIANO CARRANZA", "OP": "NO", "NOMBRE": "JARDIN BALBUENA" }, "geometry": { "type": "MultiPolygon", "coordinates": [ [ [ [ -99.106379467818115, 19.424799574231514 ], [ -99.106628976306169, 19.42438246083039 ], [ -99.106981250188696, 19.423793546155611 ], [ -99.107176614428525, 19.42346694340792 ], [ -99.10779844568448, 19.422427378680357 ], [ -99.107862828741304, 19.422319743528448 ], [ -99.107980931093849, 19.422372484492762 ], [ -99.108401928208778, 19.422560488256646 ], [ -99.109640373808674, 19.423113530004532 ], [ -99.110082500819871, 19.423310963805122 ], [ -99.110142172132129, 19.423337610177793 ], [ -99.110091545924604, 19.423455720696861 ], [ -99.10983333106752, 19.423342170547869 ], [ -99.109504164203898, 19.423969941704012 ], [ -99.109352892468323, 19.424122530071813 ], [ -99.109280747726729, 19.424195302598577 ], [ -99.109232609572146, 19.424588930933439 ], [ -99.109433157047988, 19.424630356791987 ], [ -99.109599553785998, 19.424712920662884 ], [ -99.109820496806492, 19.424822549314715 ], [ -99.109806604377766, 19.42499533172986 ], [ -99.109795353753398, 19.42513525732911 ], [ -99.109758474983352, 19.425133092959914 ], [ -99.109730927106881, 19.425297109330199 ], [ -99.109871260865276, 19.425319097453286 ], [ -99.109751640637029, 19.425543986932126 ], [ -99.109594598570212, 19.425839229484996 ], [ -99.10934480401859, 19.426308846273958 ], [ -99.108392078411185, 19.425823944319397 ], [ -99.106522275494797, 19.424872261047934 ], [ -99.106379467818115, 19.424799574231514 ] ] ] ] } },
{ "type": "Feature", "properties": { "id": 2847.0, "entidad": 9, "distrito_f": 11, "distrito_l": 10, "municipio": 17, "seccion": 5349, "tipo": 2, "control": 37486.0, "SECCION_TX": "5349", "SECCION__1": null, "SECCION__2": null, "SECCION_N": "5349", "ESTATUS": null, "ALCALDIA_N": "VENUSTIANO CARRANZA", "EN_OPERATI": null, "EN_OP": "NO", "SEC_N": "5349", "EST": null, "ALC_N": "VENUSTIANO CARRANZA", "OP": "NO", "NOMBRE": "JARDIN BALBUENA" }, "geometry": { "type": "MultiPolygon", "coordinates": [ [ [ [ -99.101100067811103, 19.419317939086365 ], [ -99.100941654409439, 19.419648270092804 ], [ -99.100487165023807, 19.41945279117061 ], [ -99.100187327714437, 19.419323828257603 ], [ -99.099905709972205, 19.419202701117005 ], [ -99.099359470301366, 19.418967755173078 ], [ -99.099126308091201, 19.417467296040908 ], [ -99.099059291283893, 19.41703602027297 ], [ -99.09904431632178, 19.416939651016687 ], [ -99.099035481567256, 19.416880659193463 ], [ -99.099026646819212, 19.416821667369309 ], [ -99.099010235912772, 19.416720330913488 ], [ -99.099225583785469, 19.416680989824929 ], [ -99.099526174399756, 19.416674692101736 ], [ -99.099839694556877, 19.416693448745335 ], [ -99.099881729194877, 19.416695963466321 ], [ -99.100198524010452, 19.416760188535097 ], [ -99.100300092729, 19.416785816287526 ], [ -99.100722188181635, 19.416892318439494 ], [ -99.101162972834956, 19.417003535009794 ], [ -99.101595998979406, 19.417112792800527 ], [ -99.10229655281708, 19.417289548598632 ], [ -99.102264575591335, 19.417401015194855 ], [ -99.102247460516494, 19.417460675062813 ], [ -99.102230345429291, 19.417520334928827 ], [ -99.102200518500638, 19.417624305694353 ], [ -99.101528514643107, 19.417452438995493 ], [ -99.101097319483884, 19.417342158231655 ], [ -99.100618518597642, 19.417219700639095 ], [ -99.100303862298688, 19.418376827423437 ], [ -99.100222872107125, 19.41867466051696 ], [ -99.100566608389684, 19.418783158083372 ], [ -99.100680307156452, 19.418810259295103 ], [ -99.101089460717859, 19.418907784379009 ], [ -99.101161509192693, 19.418924957612109 ], [ -99.101258480575311, 19.418987607932557 ], [ -99.101100067811103, 19.419317939086365 ] ] ] ] } },
{ "type": "Feature", "properties": { "id": 2848.0, "entidad": 9, "distrito_f": 11, "distrito_l": 10, "municipio": 17, "seccion": 5350, "tipo": 2, "control": 33886.0, "SECCION_TX": "5350", "SECCION__1": null, "SECCION__2": null, "SECCION_N": "5350", "ESTATUS": null, "ALCALDIA_N": "VENUSTIANO CARRANZA", "EN_OPERATI": null, "EN_OP": "NO", "SEC_N": "5350", "EST": null, "ALC_N": "VENUSTIANO CARRANZA", "OP": "NO", "NOMBRE": "JARDIN BALBUENA" }, "geometry": { "type": "MultiPolygon", "coordinates": [ [ [ [ -99.102302569591842, 19.421800208073169 ], [ -99.102261426334067, 19.421779586362263 ], [ -99.101245485904002, 19.421270374853467 ], [ -99.101543154153646, 19.420691422154579 ], [ -99.10147982233498, 19.42066378058141 ], [ -99.101959502820264, 19.419731307386598 ], [ -99.101517809710501, 19.419518864021146 ], [ -99.101440957662817, 19.419481899936677 ], [ -99.101100067811103, 19.419317939086365 ], [ -99.101258480575311, 19.418987607932557 ], [ -99.101161509192693, 19.418924957612109 ], [ -99.101089460717859, 19.418907784379009 ], [ -99.100680307156452, 19.418810259295103 ], [ -99.100566608389684, 19.418783158083372 ], [ -99.100222872107125, 19.41867466051696 ], [ -99.100303862298688, 19.418376827423437 ], [ -99.100618518597642, 19.417219700639095 ], [ -99.101097319483884, 19.417342158231655 ], [ -99.101528514643107, 19.417452438995493 ], [ -99.102200518500638, 19.417624305694353 ], [ -99.102649441620343, 19.417740031095441 ], [ -99.103195392404501, 19.417880767000057 ], [ -99.102879481593746, 19.41903415609583 ], [ -99.102844800766661, 19.419160774631884 ], [ -99.10302553729862, 19.419280655595283 ], [ -99.103241708346374, 19.419424039493236 ], [ -99.10294735827344, 19.420015714749347 ], [ -99.103639036461487, 19.420348716904741 ], [ -99.103533821716965, 19.420462988351936 ], [ -99.102780461185631, 19.421281190384509 ], [ -99.102302569591842, 19.421800208073169 ] ] ] ] } },
{ "type": "Feature", "properties": { "id": 2849.0, "entidad": 9, "distrito_f": 11, "distrito_l": 10, "municipio": 17, "seccion": 5351, "tipo": 2, "control": 34126.0, "SECCION_TX": "5351", "SECCION__1": null, "SECCION__2": null, "SECCION_N": "5351", "ESTATUS": null, "ALCALDIA_N": "VENUSTIANO CARRANZA", "EN_OPERATI": null, "EN_OP": "NO", "SEC_N": "5351", "EST": null, "ALC_N": "VENUSTIANO CARRANZA", "OP": "NO", "NOMBRE": "JARDIN BALBUENA" }, "geometry": { "type": "MultiPolygon", "coordinates": [ [ [ [ -99.105308903885913, 19.421128995341128 ], [ -99.103748030771683, 19.420399647341451 ], [ -99.103693533608137, 19.420374182131305 ], [ -99.103639036461487, 19.420348716904741 ], [ -99.10294735827344, 19.420015714749347 ], [ -99.103241708346374, 19.419424039493236 ], [ -99.10302553729862, 19.419280655595283 ], [ -99.102844800766661, 19.419160774631884 ], [ -99.102879481593746, 19.41903415609583 ], [ -99.103195392404501, 19.417880767000057 ], [ -99.102649441620343, 19.417740031095441 ], [ -99.102200518500638, 19.417624305694353 ], [ -99.102230345429291, 19.417520334928827 ], [ -99.102247460516494, 19.417460675062813 ], [ -99.102264575591335, 19.417401015194855 ], [ -99.10229655281708, 19.417289548598632 ], [ -99.10238708303882, 19.417312726587692 ], [ -99.102477613285998, 19.417335904531473 ], [ -99.103321441815496, 19.417551942653851 ], [ -99.103772801105563, 19.417667498422542 ], [ -99.104199455647972, 19.417776728165304 ], [ -99.104656846448947, 19.417893825557357 ], [ -99.105103664426878, 19.418008214906173 ], [ -99.106145381417093, 19.418274898754881 ], [ -99.106603247946353, 19.418392112305668 ], [ -99.107039846643261, 19.418503880070016 ], [ -99.107513541455532, 19.418625142949178 ], [ -99.107645327070841, 19.418658878981862 ], [ -99.107620817843824, 19.418757496118875 ], [ -99.107603851181565, 19.418825802223303 ], [ -99.107590286038715, 19.418880414104738 ], [ -99.107559413807394, 19.419004565401821 ], [ -99.107438778791149, 19.418975260470862 ], [ -99.106102312319052, 19.418650596936576 ], [ -99.105635521564125, 19.418537198321665 ], [ -99.105451874509427, 19.41947429724561 ], [ -99.10587016110108, 19.419590036887268 ], [ -99.105931016847862, 19.419606875540637 ], [ -99.105707379229187, 19.42049814539703 ], [ -99.105554799003912, 19.420739704879434 ], [ -99.105308903885913, 19.421128995341128 ] ] ] ] } },
{ "type": "Feature", "properties": { "id": 2850.0, "entidad": 9, "distrito_f": 11, "distrito_l": 10, "municipio": 17, "seccion": 5352, "tipo": 2, "control": 34125.0, "SECCION_TX": "5352", "SECCION__1": null, "SECCION__2": null, "SECCION_N": "5352", "ESTATUS": null, "ALCALDIA_N": "VENUSTIANO CARRANZA", "EN_OPERATI": null, "EN_OP": "NO", "SEC_N": "5352", "EST": null, "ALC_N": "VENUSTIANO CARRANZA", "OP": "NO", "NOMBRE": "JARDIN BALBUENA" }, "geometry": { "type": "MultiPolygon", "coordinates": [ [ [ [ -99.106889965098262, 19.421866360375581 ], [ -99.106737843122673, 19.421795466346001 ], [ -99.106327971171069, 19.421604451090875 ], [ -99.106092375641651, 19.421494654371049 ], [ -99.10574241647079, 19.421331558886465 ], [ -99.105308903885913, 19.421128995341128 ], [ -99.105554799003912, 19.420739704879434 ], [ -99.105707379229187, 19.42049814539703 ], [ -99.105931016847862, 19.419606875540637 ], [ -99.10587016110108, 19.419590036887268 ], [ -99.105451874509427, 19.41947429724561 ], [ -99.105635521564125, 19.418537198321665 ], [ -99.106102312319052, 19.418650596936576 ], [ -99.107438778791149, 19.418975260470862 ], [ -99.107559413807394, 19.419004565401821 ], [ -99.108607653221611, 19.419275550100533 ], [ -99.10849740687064, 19.419775118510859 ], [ -99.10909621316452, 19.419849047708912 ], [ -99.108997655153985, 19.420618970471324 ], [ -99.109395675848432, 19.42066767852112 ], [ -99.109359171222096, 19.421185143806444 ], [ -99.10843047380942, 19.421101790887452 ], [ -99.108430399607627, 19.420989911297607 ], [ -99.107162566368672, 19.420738934570775 ], [ -99.106889965098262, 19.421866360375581 ] ] ] ] } },
{ "type": "Feature", "properties": { "id": 2851.0, "entidad": 9, "distrito_f": 11, "distrito_l": 10, "municipio": 17, "seccion": 5353, "tipo": 2, "control": 34124.0, "SECCION_TX": "5353", "SECCION__1": null, "SECCION__2": null, "SECCION_N": "5353", "ESTATUS": "PENDIENTE", "ALCALDIA_N": "VENUSTIANO CARRANZA", "EN_OPERATI": null, "EN_OP": "SI", "SEC_N": "5353", "EST": "PENDIENTE", "ALC_N": "VENUSTIANO CARRANZA", "OP": "SI", "NOMBRE": "JARDIN BALBUENA" }, "geometry": { "type": "MultiPolygon", "coordinates": [ [ [ [ -99.110082500819871, 19.423310963805122 ], [ -99.109640373808674, 19.423113530004532 ], [ -99.108401928208778, 19.422560488256646 ], [ -99.107980931093849, 19.422372484492762 ], [ -99.107862828741304, 19.422319743528448 ], [ -99.107299715658939, 19.422057317169198 ], [ -99.106889965098262, 19.421866360375581 ], [ -99.107162566368672, 19.420738934570775 ], [ -99.108430399607627, 19.420989911297607 ], [ -99.10843047380942, 19.421101790887452 ], [ -99.109359171222096, 19.421185143806444 ], [ -99.109395675848432, 19.42066767852112 ], [ -99.108997655153985, 19.420618970471324 ], [ -99.10909621316452, 19.419849047708912 ], [ -99.10849740687064, 19.419775118510859 ], [ -99.108607653221611, 19.419275550100533 ], [ -99.107559413807394, 19.419004565401821 ], [ -99.107590286038715, 19.418880414104738 ], [ -99.107603851181565, 19.418825802223303 ], [ -99.107620817843824, 19.418757496118875 ], [ -99.107645327070841, 19.418658878981862 ], [ -99.110485626859273, 19.41939844791149 ], [ -99.110477943737095, 19.419445155107123 ], [ -99.110473475235267, 19.419498331974754 ], [ -99.110471194451179, 19.41951707502249 ], [ -99.110468312731712, 19.419540742041615 ], [ -99.110464093868586, 19.419575393639672 ], [ -99.110458546381139, 19.419620951189117 ], [ -99.110451129112889, 19.419676821160753 ], [ -99.110446823941288, 19.419717324234643 ], [ -99.110443576883696, 19.419744019069579 ], [ -99.110384599726018, 19.420228882841656 ], [ -99.110307895032605, 19.420859484188448 ], [ -99.110289551582909, 19.421058997749039 ], [ -99.110082500819871, 19.423310963805122 ] ] ] ] } },
{ "type": "Feature", "properties": { "id": 2852.0, "entidad": 9, "distrito_f": 11, "distrito_l": 10, "municipio": 17, "seccion": 5354, "tipo": 2, "control": 34116.0, "SECCION_TX": "5354", "SECCION__1": null, "SECCION__2": null, "SECCION_N": "5354", "ESTATUS": null, "ALCALDIA_N": "VENUSTIANO CARRANZA", "EN_OPERATI": null, "EN_OP": "NO", "SEC_N": "5354", "EST": null, "ALC_N": "VENUSTIANO CARRANZA", "OP": "NO", "NOMBRE": "JARDIN BALBUENA" }, "geometry": { "type": "MultiPolygon", "coordinates": [ [ [ [ -99.111828705786181, 19.424124452485476 ], [ -99.111799142249097, 19.424110748371977 ], [ -99.111773091272809, 19.424098506235378 ], [ -99.111748390864591, 19.424086982563161 ], [ -99.111701888923847, 19.424065287640065 ], [ -99.111627170840677, 19.424030428776607 ], [ -99.111604832636488, 19.424019996854604 ], [ -99.111544085174117, 19.423991666059454 ], [ -99.111438963524805, 19.423942622612071 ], [ -99.110223035162377, 19.423375336879619 ], [ -99.110142172132129, 19.423337610177793 ], [ -99.110082500819871, 19.423310963805122 ], [ -99.110289551582909, 19.421058997749039 ], [ -99.110307895032605, 19.420859484188448 ], [ -99.110466873152703, 19.420874222502299 ], [ -99.110508724585145, 19.420878102380851 ], [ -99.110579779114872, 19.420884689538958 ], [ -99.110548769974471, 19.421163785853125 ], [ -99.111128196932682, 19.421218402050581 ], [ -99.111106033404411, 19.421396010335048 ], [ -99.111355640006309, 19.421429685036255 ], [ -99.111289256445147, 19.422118962356386 ], [ -99.111582215402734, 19.422150049052075 ], [ -99.111645831952742, 19.422156799518326 ], [ -99.111847041652993, 19.420120753850082 ], [ -99.111849938331957, 19.420091442087298 ], [ -99.111856168822854, 19.420028382078065 ], [ -99.111860698391681, 19.419982559181076 ], [ -99.111864594127312, 19.419943070895194 ], [ -99.111867150986086, 19.419917135093662 ], [ -99.111870242005466, 19.41988582236042 ], [ -99.111873485058538, 19.419852994905604 ], [ -99.111879228386968, 19.419795683953499 ], [ -99.11188484768995, 19.419737981369654 ], [ -99.111932375707681, 19.419749573649213 ], [ -99.112012414580761, 19.419769095428681 ], [ -99.112106374528423, 19.419792027469747 ], [ -99.112167156227827, 19.419806861935893 ], [ -99.112237956787112, 19.419824115341811 ], [ -99.11228296608995, 19.419835083653719 ], [ -99.112277704123045, 19.419884280783904 ], [ -99.112273521712225, 19.419926943867328 ], [ -99.112270544786398, 19.419951714488143 ], [ -99.112262987306963, 19.420014719673663 ], [ -99.112258167295408, 19.420048912740555 ], [ -99.112255583882188, 19.420103536977429 ], [ -99.11225019542303, 19.42015780273001 ], [ -99.112246349374132, 19.420194690377713 ], [ -99.112061293061984, 19.422012074019232 ], [ -99.111956114823471, 19.423010223685647 ], [ -99.111828705786181, 19.424124452485476 ] ] ] ] } },
{ "type": "Feature", "properties": { "id": 2853.0, "entidad": 9, "distrito_f": 11, "distrito_l": 10, "municipio": 17, "seccion": 5355, "tipo": 2, "control": 34117.0, "SECCION_TX": "5355", "SECCION__1": null, "SECCION__2": null, "SECCION_N": "5355", "ESTATUS": null, "ALCALDIA_N": "VENUSTIANO CARRANZA", "EN_OPERATI": null, "EN_OP": "NO", "SEC_N": "5355", "EST": null, "ALC_N": "VENUSTIANO CARRANZA", "OP": "NO", "NOMBRE": "JARDIN BALBUENA" }, "geometry": { "type": "MultiPolygon", "coordinates": [ [ [ [ -99.111645831952742, 19.422156799518326 ], [ -99.111582215402734, 19.422150049052075 ], [ -99.111289256445147, 19.422118962356386 ], [ -99.111355640006309, 19.421429685036255 ], [ -99.111106033404411, 19.421396010335048 ], [ -99.111128196932682, 19.421218402050581 ], [ -99.110548769974471, 19.421163785853125 ], [ -99.110579779114872, 19.420884689538958 ], [ -99.110508724585145, 19.420878102380851 ], [ -99.110466873152703, 19.420874222502299 ], [ -99.110307895032605, 19.420859484188448 ], [ -99.110384599726018, 19.420228882841656 ], [ -99.110443576883696, 19.419744019069579 ], [ -99.110446823941288, 19.419717324234643 ], [ -99.110451129112889, 19.419676821160753 ], [ -99.110458546381139, 19.419620951189117 ], [ -99.110464093868586, 19.419575393639672 ], [ -99.110468312731712, 19.419540742041615 ], [ -99.110471194451179, 19.41951707502249 ], [ -99.110473475235267, 19.419498331974754 ], [ -99.110477943737095, 19.419445155107123 ], [ -99.110485626859273, 19.41939844791149 ], [ -99.110626296222208, 19.419432583143855 ], [ -99.111245154347117, 19.419582755570389 ], [ -99.11188484768995, 19.419737981369654 ], [ -99.111879228386968, 19.419795683953499 ], [ -99.111873485058538, 19.419852994905604 ], [ -99.111870242005466, 19.41988582236042 ], [ -99.111867150986086, 19.419917135093662 ], [ -99.111864594127312, 19.419943070895194 ], [ -99.111860698391681, 19.419982559181076 ], [ -99.111856168822854, 19.420028382078065 ], [ -99.111849938331957, 19.420091442087298 ], [ -99.111847041652993, 19.420120753850082 ], [ -99.111645831952742, 19.422156799518326 ] ] ] ] } },
{ "type": "Feature", "properties": { "id": 2854.0, "entidad": 9, "distrito_f": 11, "distrito_l": 10, "municipio": 17, "seccion": 5356, "tipo": 2, "control": 34092.0, "SECCION_TX": "5356", "SECCION__1": null, "SECCION__2": null, "SECCION_N": "5356", "ESTATUS": null, "ALCALDIA_N": "VENUSTIANO CARRANZA", "EN_OPERATI": null, "EN_OP": "NO", "SEC_N": "5356", "EST": null, "ALC_N": "VENUSTIANO CARRANZA", "OP": "NO", "NOMBRE": "JARDIN BALBUENA" }, "geometry": { "type": "MultiPolygon", "coordinates": [ [ [ [ -99.113789269075625, 19.424718894846368 ], [ -99.113655253776443, 19.424824212827438 ], [ -99.112853926276472, 19.424709034647211 ], [ -99.11189232049459, 19.424270377939742 ], [ -99.111816410950851, 19.424235749885685 ], [ -99.111819802910361, 19.424205044627762 ], [ -99.111828705786181, 19.424124452485476 ], [ -99.111956114823471, 19.423010223685647 ], [ -99.112061293061984, 19.422012074019232 ], [ -99.112575395959482, 19.422067736086092 ], [ -99.112751714675738, 19.42208682581947 ], [ -99.11302111313519, 19.422115992801967 ], [ -99.113186310475669, 19.422133878031371 ], [ -99.113385183945496, 19.422155409030676 ], [ -99.113584057466539, 19.422176939811894 ], [ -99.113716518911616, 19.422191280452708 ], [ -99.114060991618587, 19.422228573551902 ], [ -99.114545131281616, 19.422280986057871 ], [ -99.114364623760579, 19.42349524768925 ], [ -99.114195784858694, 19.424759531357523 ], [ -99.113789269075625, 19.424718894846368 ] ] ] ] } },
{ "type": "Feature", "properties": { "id": 2858.0, "entidad": 9, "distrito_f": 11, "distrito_l": 10, "municipio": 17, "seccion": 5360, "tipo": 2, "control": 34119.0, "SECCION_TX": "5360", "SECCION__1": null, "SECCION__2": null, "SECCION_N": "5360", "ESTATUS": null, "ALCALDIA_N": "VENUSTIANO CARRANZA", "EN_OPERATI": null, "EN_OP": "NO", "SEC_N": "5360", "EST": null, "ALC_N": "VENUSTIANO CARRANZA", "OP": "NO", "NOMBRE": "JARDIN BALBUENA" }, "geometry": { "type": "MultiPolygon", "coordinates": [ [ [ [ -99.111245154347117, 19.419582755570389 ], [ -99.111248794064451, 19.419547362125449 ], [ -99.111366908428408, 19.418393331844261 ], [ -99.110915751863601, 19.418120900612386 ], [ -99.110796113192649, 19.418105258499814 ], [ -99.110754676520358, 19.418099840570452 ], [ -99.110593601217829, 19.418078780385514 ], [ -99.110683089566891, 19.417305841098724 ], [ -99.110772577089747, 19.416532901706248 ], [ -99.110927452461581, 19.416554234349551 ], [ -99.110901818772206, 19.416814436793096 ], [ -99.110930940464883, 19.416817972642352 ], [ -99.111238678038774, 19.416855375724293 ], [ -99.111261739464041, 19.416756613858169 ], [ -99.111915159891822, 19.416811072339073 ], [ -99.111898004890008, 19.417090868169637 ], [ -99.112086789129549, 19.417107168241163 ], [ -99.112147273736156, 19.417112387337916 ], [ -99.112242851272896, 19.417120638373387 ], [ -99.112279033903562, 19.417123761941006 ], [ -99.11231242264202, 19.417126644305263 ], [ -99.112353489412669, 19.417130189476875 ], [ -99.112425832839392, 19.41713643464583 ], [ -99.112447142081294, 19.417138274257024 ], [ -99.112533895266182, 19.417145762389087 ], [ -99.112572514729223, 19.417149097229427 ], [ -99.11228296608995, 19.419835083653719 ], [ -99.112237956787112, 19.419824115341811 ], [ -99.112167156227827, 19.419806861935893 ], [ -99.112106374528423, 19.419792027469747 ], [ -99.112012414580761, 19.419769095428681 ], [ -99.111932375707681, 19.419749573649213 ], [ -99.11188484768995, 19.419737981369654 ], [ -99.111245154347117, 19.419582755570389 ] ] ] ] } },
{ "type": "Feature", "properties": { "id": 2859.0, "entidad": 9, "distrito_f": 11, "distrito_l": 10, "municipio": 17, "seccion": 5361, "tipo": 2, "control": 34118.0, "SECCION_TX": "5361", "SECCION__1": null, "SECCION__2": null, "SECCION_N": "5361", "ESTATUS": null, "ALCALDIA_N": "VENUSTIANO CARRANZA", "EN_OPERATI": null, "EN_OP": "NO", "SEC_N": "5361", "EST": null, "ALC_N": "VENUSTIANO CARRANZA", "OP": "NO", "NOMBRE": "JARDIN BALBUENA" }, "geometry": { "type": "MultiPolygon", "coordinates": [ [ [ [ -99.111245154347117, 19.419582755570389 ], [ -99.110626296222208, 19.419432583143855 ], [ -99.110485626859273, 19.41939844791149 ], [ -99.107645327070841, 19.418658878981862 ], [ -99.107877583032263, 19.417652545306751 ], [ -99.108665668977821, 19.417844851433944 ], [ -99.108675617907508, 19.417901267682169 ], [ -99.109256162763685, 19.417971294400097 ], [ -99.10956771944231, 19.418008874326102 ], [ -99.10955796551751, 19.418243972697148 ], [ -99.109906510063354, 19.418277969085501 ], [ -99.110564044923066, 19.418342101954931 ], [ -99.110590756176578, 19.418104127331635 ], [ -99.110593601217829, 19.418078780385514 ], [ -99.110754676520358, 19.418099840570452 ], [ -99.110796113192649, 19.418105258499814 ], [ -99.110915751863601, 19.418120900612386 ], [ -99.111366908428408, 19.418393331844261 ], [ -99.111248794064451, 19.419547362125449 ], [ -99.111245154347117, 19.419582755570389 ] ] ] ] } },
{ "type": "Feature", "properties": { "id": 2860.0, "entidad": 9, "distrito_f": 11, "distrito_l": 10, "municipio": 17, "seccion": 5362, "tipo": 2, "control": 34141.0, "SECCION_TX": "5362", "SECCION__1": null, "SECCION__2": null, "SECCION_N": "5362", "ESTATUS": null, "ALCALDIA_N": "VENUSTIANO CARRANZA", "EN_OPERATI": null, "EN_OP": "NO", "SEC_N": "5362", "EST": null, "ALC_N": "VENUSTIANO CARRANZA", "OP": "NO", "NOMBRE": "JARDIN BALBUENA" }, "geometry": { "type": "MultiPolygon", "coordinates": [ [ [ [ -99.107645327070841, 19.418658878981862 ], [ -99.107513541455532, 19.418625142949178 ], [ -99.107039846643261, 19.418503880070016 ], [ -99.106603247946353, 19.418392112305668 ], [ -99.106145381417093, 19.418274898754881 ], [ -99.105103664426878, 19.418008214906173 ], [ -99.104656846448947, 19.417893825557357 ], [ -99.104199455647972, 19.417776728165304 ], [ -99.103772801105563, 19.417667498422542 ], [ -99.103321441815496, 19.417551942653851 ], [ -99.102477613285998, 19.417335904531473 ], [ -99.10238708303882, 19.417312726587692 ], [ -99.10229655281708, 19.417289548598632 ], [ -99.10311366356521, 19.416277094139808 ], [ -99.104112349628366, 19.415058748839851 ], [ -99.104206949840787, 19.41494334024803 ], [ -99.104234041155166, 19.414910289855555 ], [ -99.104303030592831, 19.414949185139971 ], [ -99.104372020063238, 19.414988080397777 ], [ -99.105066322624239, 19.415205989096524 ], [ -99.105497194658398, 19.415325734439023 ], [ -99.105922835320442, 19.415452988758041 ], [ -99.105886425835578, 19.415601450176926 ], [ -99.106318751408054, 19.415717835235228 ], [ -99.106599367250922, 19.415793378335646 ], [ -99.106351411063585, 19.416637360170824 ], [ -99.106559754308819, 19.41673777640467 ], [ -99.106724287864736, 19.416817077206545 ], [ -99.106874809192789, 19.416984515064637 ], [ -99.106924010749864, 19.417220263932858 ], [ -99.107345822972292, 19.417226219842281 ], [ -99.107349268419668, 19.417040923516215 ], [ -99.107256746753251, 19.416700425865585 ], [ -99.107625641343844, 19.416489290687583 ], [ -99.107743927032004, 19.416421590125669 ], [ -99.107942792952699, 19.416808689425196 ], [ -99.107981575949339, 19.417132379829887 ], [ -99.107934399587407, 19.417577161984692 ], [ -99.107877583032263, 19.417652545306751 ], [ -99.107645327070841, 19.418658878981862 ] ] ] ] } },
{ "type": "Feature", "properties": { "id": 2841.0, "entidad": 9, "distrito_f": 11, "distrito_l": 10, "municipio": 17, "seccion": 5364, "tipo": 2, "control": 33870.0, "SECCION_TX": "5364", "SECCION__1": null, "SECCION__2": null, "SECCION_N": "5364", "ESTATUS": null, "ALCALDIA_N": "VENUSTIANO CARRANZA", "EN_OPERATI": null, "EN_OP": "NO", "SEC_N": "5364", "EST": null, "ALC_N": "VENUSTIANO CARRANZA", "OP": "NO", "NOMBRE": "JARDIN BALBUENA" }, "geometry": { "type": "MultiPolygon", "coordinates": [ [ [ [ -99.100025312253777, 19.410961961934873 ], [ -99.100230827170662, 19.411059497497202 ], [ -99.100480494956457, 19.411177987149149 ], [ -99.100916570688511, 19.411384942771292 ], [ -99.10043796627518, 19.412253951620656 ], [ -99.10022818589573, 19.412668199719974 ], [ -99.100205375500096, 19.41293288328384 ], [ -99.100225165499737, 19.413094788730017 ], [ -99.100264646361182, 19.413256683305693 ], [ -99.099791857961435, 19.413401537203974 ], [ -99.099572314687137, 19.413468800825612 ], [ -99.099618438272145, 19.413761470488531 ], [ -99.099762952038745, 19.413948217749375 ], [ -99.099819977707327, 19.414337000354774 ], [ -99.099884887035799, 19.414779528878558 ], [ -99.099559927295132, 19.414838870005468 ], [ -99.098742921498996, 19.414966979677079 ], [ -99.098676616730003, 19.414513280954175 ], [ -99.098662438814159, 19.414416266443073 ], [ -99.098644797701411, 19.414295554322482 ], [ -99.098615477681463, 19.414094927013036 ], [ -99.098571872608019, 19.413796550810833 ], [ -99.098525423554449, 19.413478712880725 ], [ -99.098447982823828, 19.412962828500746 ], [ -99.098373544256859, 19.41246694035916 ], [ -99.098327723252154, 19.412161692567853 ], [ -99.098290439815429, 19.411918427642796 ], [ -99.098284990656367, 19.411882873205592 ], [ -99.098222289274659, 19.411467377379811 ], [ -99.098054342365572, 19.410505310982558 ], [ -99.098646636967672, 19.410403792644711 ], [ -99.099530357026637, 19.410761576436098 ], [ -99.100025312253777, 19.410961961934873 ] ] ] ] } },
{ "type": "Feature", "properties": { "id": 2862.0, "entidad": 9, "distrito_f": 11, "distrito_l": 10, "municipio": 17, "seccion": 5365, "tipo": 2, "control": 34142.0, "SECCION_TX": "5365", "SECCION__1": null, "SECCION__2": null, "SECCION_N": "5365", "ESTATUS": null, "ALCALDIA_N": "VENUSTIANO CARRANZA", "EN_OPERATI": null, "EN_OP": "NO", "SEC_N": "5365", "EST": null, "ALC_N": "VENUSTIANO CARRANZA", "OP": "NO", "NOMBRE": "JARDIN BALBUENA" }, "geometry": { "type": "MultiPolygon", "coordinates": [ [ [ [ -99.10311366356521, 19.416277094139808 ], [ -99.102302188455667, 19.415964755219999 ], [ -99.102366761087154, 19.415851253009183 ], [ -99.102111370949913, 19.415774730630659 ], [ -99.102275945500892, 19.415348374487436 ], [ -99.101962353247629, 19.415233551592497 ], [ -99.101682652719205, 19.415131137675633 ], [ -99.101648761432401, 19.415118728152777 ], [ -99.101626597879786, 19.415111334309145 ], [ -99.101364271885203, 19.415023821123476 ], [ -99.101541772457111, 19.414591325103519 ], [ -99.101273438962863, 19.414487208957691 ], [ -99.10142776523378, 19.41408776001499 ], [ -99.101642914872755, 19.414156443668485 ], [ -99.101688690508013, 19.414025891981172 ], [ -99.102012662575447, 19.414139496504085 ], [ -99.102165542498312, 19.41375199372186 ], [ -99.102188899620998, 19.4136927905489 ], [ -99.102281556002751, 19.413437975992217 ], [ -99.102315616305233, 19.413450398792286 ], [ -99.102621162626619, 19.413561840204398 ], [ -99.103238689645863, 19.413787067788455 ], [ -99.103301042123022, 19.413809809148255 ], [ -99.103019852324508, 19.414498637887156 ], [ -99.104206949840787, 19.41494334024803 ], [ -99.104112349628366, 19.415058748839851 ], [ -99.10311366356521, 19.416277094139808 ] ] ] ] } },
{ "type": "Feature", "properties": { "id": 2863.0, "entidad": 9, "distrito_f": 11, "distrito_l": 10, "municipio": 17, "seccion": 5366, "tipo": 2, "control": 34143.0, "SECCION_TX": "5366", "SECCION__1": null, "SECCION__2": null, "SECCION_N": "5366", "ESTATUS": null, "ALCALDIA_N": "VENUSTIANO CARRANZA", "EN_OPERATI": null, "EN_OP": "NO", "SEC_N": "5366", "EST": null, "ALC_N": "VENUSTIANO CARRANZA", "OP": "NO", "NOMBRE": "JARDIN BALBUENA" }, "geometry": { "type": "MultiPolygon", "coordinates": [ [ [ [ -99.105745324869076, 19.413060030196664 ], [ -99.10501702078129, 19.413951697301545 ], [ -99.104485651072196, 19.414602248453583 ], [ -99.104234041155166, 19.414910289855555 ], [ -99.104206949840787, 19.41494334024803 ], [ -99.103019852324508, 19.414498637887156 ], [ -99.103301042123022, 19.413809809148255 ], [ -99.103238689645863, 19.413787067788455 ], [ -99.102621162626619, 19.413561840204398 ], [ -99.102315616305233, 19.413450398792286 ], [ -99.102281556002751, 19.413437975992217 ], [ -99.102188899620998, 19.4136927905489 ], [ -99.102165542498312, 19.41375199372186 ], [ -99.102012662575447, 19.414139496504085 ], [ -99.101688690508013, 19.414025891981172 ], [ -99.101483192150056, 19.413944295771739 ], [ -99.101059690461923, 19.413797332874104 ], [ -99.10076548257814, 19.41366256390198 ], [ -99.100561746670749, 19.413481744718858 ], [ -99.100399978082777, 19.413218102693552 ], [ -99.100264646361182, 19.413256683305693 ], [ -99.100225165499737, 19.413094788730017 ], [ -99.100205375500096, 19.41293288328384 ], [ -99.10022818589573, 19.412668199719974 ], [ -99.10043796627518, 19.412253951620656 ], [ -99.100916570688511, 19.411384942771292 ], [ -99.10105721786941, 19.411428516266916 ], [ -99.101146820327372, 19.4114562756758 ], [ -99.101813869037656, 19.41175961050806 ], [ -99.102234743428454, 19.411936570029042 ], [ -99.102655618725947, 19.412113528567513 ], [ -99.103061229789304, 19.412284067913152 ], [ -99.103488122196367, 19.412442006176505 ], [ -99.103915015423482, 19.412599943430358 ], [ -99.104354326422907, 19.412730667329452 ], [ -99.104381909252282, 19.412738874991753 ], [ -99.105281107564522, 19.412950684199224 ], [ -99.105745324869076, 19.413060030196664 ] ] ] ] } },
{ "type": "Feature", "properties": { "id": 2864.0, "entidad": 9, "distrito_f": 11, "distrito_l": 10, "municipio": 17, "seccion": 5367, "tipo": 2, "control": 34140.0, "SECCION_TX": "5367", "SECCION__1": null, "SECCION__2": null, "SECCION_N": "5367", "ESTATUS": "PENDIENTE", "ALCALDIA_N": "VENUSTIANO CARRANZA", "EN_OPERATI": null, "EN_OP": "SI", "SEC_N": "5367", "EST": "PENDIENTE", "ALC_N": "VENUSTIANO CARRANZA", "OP": "SI", "NOMBRE": "JARDIN BALBUENA" }, "geometry": { "type": "MultiPolygon", "coordinates": [ [ [ [ -99.107743927032004, 19.416421590125669 ], [ -99.107625641343844, 19.416489290687583 ], [ -99.107256746753251, 19.416700425865585 ], [ -99.107349268419668, 19.417040923516215 ], [ -99.107345822972292, 19.417226219842281 ], [ -99.106924010749864, 19.417220263932858 ], [ -99.106874809192789, 19.416984515064637 ], [ -99.106724287864736, 19.416817077206545 ], [ -99.106559754308819, 19.41673777640467 ], [ -99.106351411063585, 19.416637360170824 ], [ -99.106599367250922, 19.415793378335646 ], [ -99.106318751408054, 19.415717835235228 ], [ -99.105886425835578, 19.415601450176926 ], [ -99.105922835320442, 19.415452988758041 ], [ -99.105497194658398, 19.415325734439023 ], [ -99.105066322624239, 19.415205989096524 ], [ -99.104372020063238, 19.414988080397777 ], [ -99.104303030592831, 19.414949185139971 ], [ -99.104234041155166, 19.414910289855555 ], [ -99.104485651072196, 19.414602248453583 ], [ -99.10501702078129, 19.413951697301545 ], [ -99.105745324869076, 19.413060030196664 ], [ -99.105796160110941, 19.412996660037653 ], [ -99.105851288619562, 19.412930297078706 ], [ -99.105940700493392, 19.412939938786359 ], [ -99.106048439382192, 19.412951556723289 ], [ -99.106966206520482, 19.413050520749355 ], [ -99.107433622409118, 19.413100920984284 ], [ -99.107894099199342, 19.413150571787167 ], [ -99.108479711384078, 19.413213713554129 ], [ -99.108538422818754, 19.413220043820566 ], [ -99.108531563980279, 19.413277026113246 ], [ -99.10852566513752, 19.413341863254569 ], [ -99.108324630447186, 19.413323777666882 ], [ -99.107873187575194, 19.413283163902065 ], [ -99.107416928207357, 19.413242115663362 ], [ -99.107326557429928, 19.414108754186252 ], [ -99.1072158405875, 19.414097565205704 ], [ -99.107210303588559, 19.414202166291034 ], [ -99.107208707525544, 19.414232317965535 ], [ -99.10718069055595, 19.41476159267048 ], [ -99.107137190005588, 19.414750363977724 ], [ -99.107137303052667, 19.414922930623 ], [ -99.107544676164295, 19.415102759537682 ], [ -99.107678296400692, 19.415207798866547 ], [ -99.107711852504082, 19.415234480950602 ], [ -99.10783344192977, 19.415297663770939 ], [ -99.108141843059158, 19.415604900740881 ], [ -99.108058606574772, 19.415683973457075 ], [ -99.10820516217612, 19.415844533474218 ], [ -99.108399573656484, 19.416057521659525 ], [ -99.107743927032004, 19.416421590125669 ] ] ] ] } },
{ "type": "Feature", "properties": { "id": 2865.0, "entidad": 9, "distrito_f": 11, "distrito_l": 10, "municipio": 17, "seccion": 5368, "tipo": 2, "control": 34139.0, "SECCION_TX": "5368", "SECCION__1": null, "SECCION__2": null, "SECCION_N": "5368", "ESTATUS": null, "ALCALDIA_N": "VENUSTIANO CARRANZA", "EN_OPERATI": null, "EN_OP": "NO", "SEC_N": "5368", "EST": null, "ALC_N": "VENUSTIANO CARRANZA", "OP": "NO", "NOMBRE": "JARDIN BALBUENA" }, "geometry": { "type": "MultiPolygon", "coordinates": [ [ [ [ -99.108141843059158, 19.415604900740881 ], [ -99.10783344192977, 19.415297663770939 ], [ -99.107711852504082, 19.415234480950602 ], [ -99.107678296400692, 19.415207798866547 ], [ -99.107544676164295, 19.415102759537682 ], [ -99.107137303052667, 19.414922930623 ], [ -99.107137190005588, 19.414750363977724 ], [ -99.10718069055595, 19.41476159267048 ], [ -99.107208707525544, 19.414232317965535 ], [ -99.107210303588559, 19.414202166291034 ], [ -99.1072158405875, 19.414097565205704 ], [ -99.107326557429928, 19.414108754186252 ], [ -99.107416928207357, 19.413242115663362 ], [ -99.107873187575194, 19.413283163902065 ], [ -99.108324630447186, 19.413323777666882 ], [ -99.10852566513752, 19.413341863254569 ], [ -99.108787452766805, 19.413366406320922 ], [ -99.109233267729849, 19.413408201398909 ], [ -99.109687624318283, 19.413450796104456 ], [ -99.109617467394784, 19.414434983859621 ], [ -99.109525456551836, 19.415725729160457 ], [ -99.109182004991439, 19.415701573541998 ], [ -99.109185245164397, 19.415747251011542 ], [ -99.108913143635391, 19.415723946054996 ], [ -99.108796852068451, 19.415713985786397 ], [ -99.108796809523582, 19.415650034627298 ], [ -99.108752076337026, 19.415644939463334 ], [ -99.10842445904423, 19.415607623112383 ], [ -99.10843718668022, 19.415440124313719 ], [ -99.108279935021727, 19.415473716347943 ], [ -99.108141843059158, 19.415604900740881 ] ] ] ] } },
{ "type": "Feature", "properties": { "id": 2866.0, "entidad": 9, "distrito_f": 11, "distrito_l": 10, "municipio": 17, "seccion": 5369, "tipo": 2, "control": 34138.0, "SECCION_TX": "5369", "SECCION__1": null, "SECCION__2": null, "SECCION_N": "5369", "ESTATUS": null, "ALCALDIA_N": "VENUSTIANO CARRANZA", "EN_OPERATI": null, "EN_OP": "NO", "SEC_N": "5369", "EST": null, "ALC_N": "VENUSTIANO CARRANZA", "OP": "NO", "NOMBRE": "JARDIN BALBUENA" }, "geometry": { "type": "MultiPolygon", "coordinates": [ [ [ [ -99.110564044923066, 19.418342101954931 ], [ -99.109906510063354, 19.418277969085501 ], [ -99.10955796551751, 19.418243972697148 ], [ -99.10956771944231, 19.418008874326102 ], [ -99.109256162763685, 19.417971294400097 ], [ -99.108675617907508, 19.417901267682169 ], [ -99.108665668977821, 19.417844851433944 ], [ -99.107877583032263, 19.417652545306751 ], [ -99.107934399587407, 19.417577161984692 ], [ -99.107981575949339, 19.417132379829887 ], [ -99.107942792952699, 19.416808689425196 ], [ -99.107743927032004, 19.416421590125669 ], [ -99.108399573656484, 19.416057521659525 ], [ -99.10820516217612, 19.415844533474218 ], [ -99.108058606574772, 19.415683973457075 ], [ -99.108141843059158, 19.415604900740881 ], [ -99.108279935021727, 19.415473716347943 ], [ -99.10843718668022, 19.415440124313719 ], [ -99.10842445904423, 19.415607623112383 ], [ -99.108752076337026, 19.415644939463334 ], [ -99.108796809523582, 19.415650034627298 ], [ -99.108796852068451, 19.415713985786397 ], [ -99.108913143635391, 19.415723946054996 ], [ -99.109185245164397, 19.415747251011542 ], [ -99.109182004991439, 19.415701573541998 ], [ -99.109525456551836, 19.415725729160457 ], [ -99.109617467394784, 19.414434983859621 ], [ -99.109687624318283, 19.413450796104456 ], [ -99.109233267729849, 19.413408201398909 ], [ -99.108787452766805, 19.413366406320922 ], [ -99.10852566513752, 19.413341863254569 ], [ -99.108531563980279, 19.413277026113246 ], [ -99.108538422818754, 19.413220043820566 ], [ -99.108588538056324, 19.413224950008985 ], [ -99.108899238174857, 19.413248752631556 ], [ -99.109238099050856, 19.413288539542609 ], [ -99.109708998216703, 19.413334637283466 ], [ -99.110180090654012, 19.413380752696106 ], [ -99.110639908243868, 19.413425763205876 ], [ -99.111121553373124, 19.413472909089009 ], [ -99.111117044715002, 19.413500275177508 ], [ -99.111113360148664, 19.41352263929004 ], [ -99.111110966093193, 19.413555585810517 ], [ -99.111109368298997, 19.41357757433294 ], [ -99.110995642035135, 19.414554434135411 ], [ -99.11097802875814, 19.414705723591865 ], [ -99.110905884540884, 19.415347340581178 ], [ -99.110795233009767, 19.416331413959121 ], [ -99.110772577089747, 19.416532901706248 ], [ -99.110683089566891, 19.417305841098724 ], [ -99.110593601217829, 19.418078780385514 ], [ -99.110590756176578, 19.418104127331635 ], [ -99.110564044923066, 19.418342101954931 ] ] ] ] } },
{ "type": "Feature", "properties": { "id": 2867.0, "entidad": 9, "distrito_f": 11, "distrito_l": 10, "municipio": 17, "seccion": 5370, "tipo": 2, "control": 34096.0, "SECCION_TX": "5370", "SECCION__1": null, "SECCION__2": null, "SECCION_N": "5370", "ESTATUS": null, "ALCALDIA_N": "VENUSTIANO CARRANZA", "EN_OPERATI": null, "EN_OP": "NO", "SEC_N": "5370", "EST": null, "ALC_N": "VENUSTIANO CARRANZA", "OP": "NO", "NOMBRE": "JARDIN BALBUENA" }, "geometry": { "type": "MultiPolygon", "coordinates": [ [ [ [ -99.114072440561031, 19.416722415737148 ], [ -99.113172232902144, 19.416725621926471 ], [ -99.112617951831865, 19.416727593840896 ], [ -99.112665494191901, 19.416285771283938 ], [ -99.112728876298391, 19.415696742495079 ], [ -99.112797070970814, 19.415062984416053 ], [ -99.112940040492376, 19.413735968649647 ], [ -99.113458758886168, 19.413773888743261 ], [ -99.113289088452774, 19.415100412685124 ], [ -99.113616482050105, 19.415129327769328 ], [ -99.113751256000256, 19.41514123069895 ], [ -99.113991071997418, 19.415162410452439 ], [ -99.114221153588531, 19.415182730192523 ], [ -99.114142651217861, 19.415995500236246 ], [ -99.114113090994891, 19.416301548344247 ], [ -99.114072440561031, 19.416722415737148 ] ] ] ] } },
{ "type": "Feature", "properties": { "id": 2868.0, "entidad": 9, "distrito_f": 11, "distrito_l": 10, "municipio": 17, "seccion": 5371, "tipo": 2, "control": 34120.0, "SECCION_TX": "5371", "SECCION__1": null, "SECCION__2": null, "SECCION_N": "5371", "ESTATUS": null, "ALCALDIA_N": "VENUSTIANO CARRANZA", "EN_OPERATI": null, "EN_OP": "NO", "SEC_N": "5371", "EST": null, "ALC_N": "VENUSTIANO CARRANZA", "OP": "NO", "NOMBRE": "JARDIN BALBUENA" }, "geometry": { "type": "MultiPolygon", "coordinates": [ [ [ [ -99.112572514729223, 19.417149097229427 ], [ -99.112533895266182, 19.417145762389087 ], [ -99.112447142081294, 19.417138274257024 ], [ -99.112425832839392, 19.41713643464583 ], [ -99.112353489412669, 19.417130189476875 ], [ -99.11231242264202, 19.417126644305263 ], [ -99.112279033903562, 19.417123761941006 ], [ -99.112242851272896, 19.417120638373387 ], [ -99.112147273736156, 19.417112387337916 ], [ -99.112086789129549, 19.417107168241163 ], [ -99.111898004890008, 19.417090868169637 ], [ -99.111915159891822, 19.416811072339073 ], [ -99.111261739464041, 19.416756613858169 ], [ -99.111238678038774, 19.416855375724293 ], [ -99.110930940464883, 19.416817972642352 ], [ -99.110901818772206, 19.416814436793096 ], [ -99.110927452461581, 19.416554234349551 ], [ -99.110772577089747, 19.416532901706248 ], [ -99.110795233009767, 19.416331413959121 ], [ -99.110905884540884, 19.415347340581178 ], [ -99.11097802875814, 19.414705723591865 ], [ -99.111120333018007, 19.414721257258147 ], [ -99.111159602111286, 19.414725544564376 ], [ -99.111676794004012, 19.414781998397068 ], [ -99.111653808259916, 19.414946376078465 ], [ -99.112298148883539, 19.415012104711174 ], [ -99.112365941335099, 19.415019011739808 ], [ -99.112429035941503, 19.415025450087839 ], [ -99.112469778528833, 19.41502932821696 ], [ -99.11251937329412, 19.415034661013387 ], [ -99.112567609538104, 19.415039548031309 ], [ -99.112625067569624, 19.41504544365953 ], [ -99.112672805281804, 19.415050310157213 ], [ -99.112718596598327, 19.415054979182397 ], [ -99.112749372162511, 19.415058118796669 ], [ -99.112797070970814, 19.415062984416053 ], [ -99.112728876298391, 19.415696742495079 ], [ -99.112665494191901, 19.416285771283938 ], [ -99.112617951831865, 19.416727593840896 ], [ -99.112612279974144, 19.416780209708477 ], [ -99.112605184288597, 19.416846033888493 ], [ -99.112602922314892, 19.416867017412379 ], [ -99.112572514729223, 19.417149097229427 ] ] ] ] } },
{ "type": "Feature", "properties": { "id": 2875.0, "entidad": 9, "distrito_f": 11, "distrito_l": 10, "municipio": 17, "seccion": 5378, "tipo": 2, "control": 34144.0, "SECCION_TX": "5378", "SECCION__1": null, "SECCION__2": null, "SECCION_N": "5378", "ESTATUS": null, "ALCALDIA_N": "VENUSTIANO CARRANZA", "EN_OPERATI": null, "EN_OP": "NO", "SEC_N": "5378", "EST": null, "ALC_N": "VENUSTIANO CARRANZA", "OP": "NO", "NOMBRE": "JARDIN BALBUENA" }, "geometry": { "type": "MultiPolygon", "coordinates": [ [ [ [ -99.111565533274984, 19.413512497677399 ], [ -99.111261669786771, 19.413485403041932 ], [ -99.111121553373124, 19.413472909089009 ], [ -99.110639908243868, 19.413425763205876 ], [ -99.110180090654012, 19.413380752696106 ], [ -99.109708998216703, 19.413334637283466 ], [ -99.109238099050856, 19.413288539542609 ], [ -99.108899238174857, 19.413248752631556 ], [ -99.108588538056324, 19.413224950008985 ], [ -99.108538422818754, 19.413220043820566 ], [ -99.108479711384078, 19.413213713554129 ], [ -99.107894099199342, 19.413150571787167 ], [ -99.107433622409118, 19.413100920984284 ], [ -99.106966206520482, 19.413050520749355 ], [ -99.106048439382192, 19.412951556723289 ], [ -99.105940700493392, 19.412939938786359 ], [ -99.105851288619562, 19.412930297078706 ], [ -99.106139764592442, 19.412545446561158 ], [ -99.1064554760585, 19.41212425906232 ], [ -99.106702091893794, 19.41179524945484 ], [ -99.106889291741112, 19.411545505467288 ], [ -99.107071843734374, 19.411530802294035 ], [ -99.107209654210834, 19.411532086765856 ], [ -99.108289719189372, 19.41154613829482 ], [ -99.10863830027391, 19.411551510080123 ], [ -99.108784050303711, 19.411553755952809 ], [ -99.111044530357816, 19.411588572875111 ], [ -99.111031933894409, 19.411704836991586 ], [ -99.110816452339208, 19.411704968538409 ], [ -99.110829239088886, 19.411869323260952 ], [ -99.111294030968196, 19.41190912758087 ], [ -99.111235307110576, 19.412538551695558 ], [ -99.111657860422127, 19.412594416293391 ], [ -99.111565533274984, 19.413512497677399 ] ] ] ] } },
{ "type": "Feature", "properties": { "id": 2876.0, "entidad": 9, "distrito_f": 11, "distrito_l": 10, "municipio": 17, "seccion": 5379, "tipo": 2, "control": 34145.0, "SECCION_TX": "5379", "SECCION__1": null, "SECCION__2": null, "SECCION_N": "5379", "ESTATUS": "PENDIENTE", "ALCALDIA_N": "VENUSTIANO CARRANZA", "EN_OPERATI": null, "EN_OP": "SI", "SEC_N": "5379", "EST": "PENDIENTE", "ALC_N": "VENUSTIANO CARRANZA", "OP": "SI", "NOMBRE": "JARDIN BALBUENA" }, "geometry": { "type": "MultiPolygon", "coordinates": [ [ [ [ -99.105745324869076, 19.413060030196664 ], [ -99.105281107564522, 19.412950684199224 ], [ -99.104381909252282, 19.412738874991753 ], [ -99.104354326422907, 19.412730667329452 ], [ -99.103915015423482, 19.412599943430358 ], [ -99.103488122196367, 19.412442006176505 ], [ -99.103061229789304, 19.412284067913152 ], [ -99.102655618725947, 19.412113528567513 ], [ -99.102234743428454, 19.411936570029042 ], [ -99.101813869037656, 19.41175961050806 ], [ -99.101146820327372, 19.4114562756758 ], [ -99.10105721786941, 19.411428516266916 ], [ -99.100916570688511, 19.411384942771292 ], [ -99.100480494956457, 19.411177987149149 ], [ -99.100230827170662, 19.411059497497202 ], [ -99.100025312253777, 19.410961961934873 ], [ -99.100048257132372, 19.41090194229621 ], [ -99.100072826305833, 19.410845169138582 ], [ -99.099898845736377, 19.410767420448558 ], [ -99.100354581046744, 19.409924475493366 ], [ -99.100482335172231, 19.409688174949174 ], [ -99.100867361889073, 19.409890591773699 ], [ -99.101146342962366, 19.410037257295699 ], [ -99.101545610397153, 19.410247158378585 ], [ -99.101632209703013, 19.410291751630758 ], [ -99.103100949599224, 19.41104805121229 ], [ -99.103608130695676, 19.411312346364301 ], [ -99.104356738097692, 19.411397526727157 ], [ -99.104474618635223, 19.411410939485638 ], [ -99.104554626611147, 19.411420042959335 ], [ -99.105298294535174, 19.411491772687871 ], [ -99.106257460123445, 19.411587426531465 ], [ -99.106889291741112, 19.411545505467288 ], [ -99.106702091893794, 19.41179524945484 ], [ -99.1064554760585, 19.41212425906232 ], [ -99.106139764592442, 19.412545446561158 ], [ -99.105851288619562, 19.412930297078706 ], [ -99.105796160110941, 19.412996660037653 ], [ -99.105745324869076, 19.413060030196664 ] ] ] ] } },
{ "type": "Feature", "properties": { "id": 2898.0, "entidad": 9, "distrito_f": 11, "distrito_l": 10, "municipio": 17, "seccion": 5399, "tipo": 2, "control": 34121.0, "SECCION_TX": "5399", "SECCION__1": null, "SECCION__2": null, "SECCION_N": "5399", "ESTATUS": null, "ALCALDIA_N": "VENUSTIANO CARRANZA", "EN_OPERATI": null, "EN_OP": "NO", "SEC_N": "5399", "EST": null, "ALC_N": "VENUSTIANO CARRANZA", "OP": "NO", "NOMBRE": "JARDIN BALBUENA" }, "geometry": { "type": "MultiPolygon", "coordinates": [ [ [ [ -99.112797070970814, 19.415062984416053 ], [ -99.112749372162511, 19.415058118796669 ], [ -99.112718596598327, 19.415054979182397 ], [ -99.112672805281804, 19.415050310157213 ], [ -99.112625067569624, 19.41504544365953 ], [ -99.112567609538104, 19.415039548031309 ], [ -99.11251937329412, 19.415034661013387 ], [ -99.112469778528833, 19.41502932821696 ], [ -99.112429035941503, 19.415025450087839 ], [ -99.112365941335099, 19.415019011739808 ], [ -99.112298148883539, 19.415012104711174 ], [ -99.111653808259916, 19.414946376078465 ], [ -99.111676794004012, 19.414781998397068 ], [ -99.111159602111286, 19.414725544564376 ], [ -99.111120333018007, 19.414721257258147 ], [ -99.11097802875814, 19.414705723591865 ], [ -99.110995642035135, 19.414554434135411 ], [ -99.111109368298997, 19.41357757433294 ], [ -99.111110966093193, 19.413555585810517 ], [ -99.111113360148664, 19.41352263929004 ], [ -99.111117044715002, 19.413500275177508 ], [ -99.111121553373124, 19.413472909089009 ], [ -99.111261669786771, 19.413485403041932 ], [ -99.111565533274984, 19.413512497677399 ], [ -99.111972288211206, 19.413547760230621 ], [ -99.112514733256177, 19.413594784640679 ], [ -99.112626096507455, 19.413601958048371 ], [ -99.1126501946747, 19.413604603227952 ], [ -99.112676062329214, 19.413606790269931 ], [ -99.112729965819085, 19.41361129548201 ], [ -99.112774052119775, 19.413616282574136 ], [ -99.1128111919856, 19.413620483869177 ], [ -99.112902570528149, 19.413627978320857 ], [ -99.112943023380723, 19.413631911828524 ], [ -99.112942257570367, 19.413668170989773 ], [ -99.112940040492376, 19.413735968649647 ], [ -99.112797070970814, 19.415062984416053 ] ] ] ] } },
{ "type": "Feature", "properties": { "id": 2705.0, "entidad": 9, "distrito_f": 11, "distrito_l": 10, "municipio": 17, "seccion": 5215, "tipo": 2, "control": 32799.0, "SECCION_TX": "5215", "SECCION__1": null, "SECCION__2": null, "SECCION_N": "5215", "ESTATUS": null, "ALCALDIA_N": "VENUSTIANO CARRANZA", "EN_OPERATI": null, "EN_OP": "NO", "SEC_N": "5215", "EST": null, "ALC_N": "VENUSTIANO CARRANZA", "OP": "NO", "NOMBRE": "20 DE NOVIEMBRE" }, "geometry": { "type": "MultiPolygon", "coordinates": [ [ [ [ -99.111603144923791, 19.445898691828209 ], [ -99.111544410852886, 19.446026151303734 ], [ -99.111098619993811, 19.445876899262561 ], [ -99.110692632996262, 19.445747244827537 ], [ -99.110258690127907, 19.445592002298255 ], [ -99.109831991709783, 19.445445198850244 ], [ -99.109404113425001, 19.445305960485239 ], [ -99.109017150411518, 19.445160171740497 ], [ -99.109004658724004, 19.445015893982657 ], [ -99.109412398726576, 19.443983029419154 ], [ -99.109838179894581, 19.444132758102434 ], [ -99.110263961838783, 19.444282485780253 ], [ -99.110652433491481, 19.443216195445029 ], [ -99.111080647796371, 19.443368227221303 ], [ -99.111503893060814, 19.443513252563307 ], [ -99.111929045907758, 19.443658930282222 ], [ -99.112384748762807, 19.443815074496818 ], [ -99.111986519042546, 19.444881808052372 ], [ -99.111806028590721, 19.445365280951961 ], [ -99.111603144923791, 19.445898691828209 ] ] ] ] } },
{ "type": "Feature", "properties": { "id": 2706.0, "entidad": 9, "distrito_f": 11, "distrito_l": 10, "municipio": 17, "seccion": 5216, "tipo": 2, "control": 32800.0, "SECCION_TX": "5216", "SECCION__1": null, "SECCION__2": null, "SECCION_N": "5216", "ESTATUS": null, "ALCALDIA_N": "VENUSTIANO CARRANZA", "EN_OPERATI": null, "EN_OP": "NO", "SEC_N": "5216", "EST": null, "ALC_N": "VENUSTIANO CARRANZA", "OP": "NO", "NOMBRE": "20 DE NOVIEMBRE" }, "geometry": { "type": "MultiPolygon", "coordinates": [ [ [ [ -99.109004658724004, 19.445015893982657 ], [ -99.108604443855427, 19.444873601465428 ], [ -99.108306651089848, 19.444385224170382 ], [ -99.10791399720344, 19.444245811749475 ], [ -99.107874791821885, 19.444322640570448 ], [ -99.107835586403581, 19.444399469382475 ], [ -99.107757175456726, 19.444553126979777 ], [ -99.108032283012236, 19.445027761043971 ], [ -99.108012679491168, 19.445065011746134 ], [ -99.107690423317891, 19.444945936356376 ], [ -99.10758100075374, 19.444994885056023 ], [ -99.107180890411414, 19.444854588780014 ], [ -99.10756115708746, 19.443825931167343 ], [ -99.107601521644725, 19.443716217808891 ], [ -99.107610799874138, 19.443690998986494 ], [ -99.107716286037004, 19.443404280250842 ], [ -99.108107513088527, 19.442340888548191 ], [ -99.108535725824041, 19.442497541318346 ], [ -99.108963939376537, 19.442654193071363 ], [ -99.109357268201734, 19.441569442569186 ], [ -99.109795205139264, 19.441719164094309 ], [ -99.110233142874876, 19.441868884556207 ], [ -99.109822773441252, 19.442925957500307 ], [ -99.109412398726576, 19.443983029419154 ], [ -99.109004658724004, 19.445015893982657 ] ] ] ] } },
{ "type": "Feature", "properties": { "id": 2708.0, "entidad": 9, "distrito_f": 11, "distrito_l": 10, "municipio": 17, "seccion": 5218, "tipo": 2, "control": 37462.0, "SECCION_TX": "5218", "SECCION__1": null, "SECCION__2": null, "SECCION_N": "5218", "ESTATUS": null, "ALCALDIA_N": "VENUSTIANO CARRANZA", "EN_OPERATI": null, "EN_OP": "NO", "SEC_N": "5218", "EST": null, "ALC_N": "VENUSTIANO CARRANZA", "OP": "NO", "NOMBRE": "20 DE NOVIEMBRE" }, "geometry": { "type": "MultiPolygon", "coordinates": [ [ [ [ -99.106335947007295, 19.444503103716194 ], [ -99.105913654411424, 19.444366168515621 ], [ -99.105499719745467, 19.444231942328393 ], [ -99.105116908198283, 19.444107807364052 ], [ -99.104640376622271, 19.443959688500918 ], [ -99.104422122499614, 19.443891848725382 ], [ -99.105358696131489, 19.441436057098304 ], [ -99.105552030317213, 19.441502679287368 ], [ -99.106021491781178, 19.441664452747467 ], [ -99.106399841525644, 19.441794828562667 ], [ -99.106505774856117, 19.441831260113329 ], [ -99.106584269974988, 19.441858380534143 ], [ -99.106826609196673, 19.44194188754572 ], [ -99.106747288155091, 19.442146739770809 ], [ -99.106721491610671, 19.442213351953132 ], [ -99.106679753765107, 19.442321151697893 ], [ -99.106295369601639, 19.443313841060494 ], [ -99.106737212003864, 19.443461481687748 ], [ -99.106335947007295, 19.444503103716194 ] ] ] ] } }
]
}
