{
"type": "FeatureCollection",
"name": "secciones_TLAHUAC",
"crs": { "type": "name", "properties": { "name": "urn:ogc:def:crs:OGC:1.3:CRS84" } },
"features": [
{ "type": "Feature", "properties": { "id": 2272.0, "entidad": 9, "distrito_f": 9, "distrito_l": 8, "municipio": 11, "seccion": 3620, "tipo": 2, "control": 36263.0, "SECCION_TX": "3620", "SECCION__1": null, "SECCION__2": null, "SECCION_N": "3620", "ESTATUS": null, "ALCALDIA_N": "TLAHUAC", "EN_OPERATI": null, "EN_OP": "NO", "SEC_N": "3620", "EST": null, "ALC_N": "TLAHUAC", "OP": "NO", "NOMBRE": "PARAISO ACUALAXTLA" }, "geometry": { "type": "MultiPolygon", "coordinates": [ [ [ [ -98.978389647038028, 19.325356505899425 ], [ -98.977841759345097, 19.325340436415253 ], [ -98.977398570528095, 19.325198482337846 ], [ -98.977193533638683, 19.325129058245114 ], [ -98.977035614958211, 19.325075587859125 ], [ -98.97692341017536, 19.325037595840044 ], [ -98.97687525107925, 19.325021289366838 ], [ -98.976799882746931, 19.324995769925408 ], [ -98.97670425184802, 19.324962919253114 ], [ -98.976475623564625, 19.324884381694158 ], [ -98.976384785731284, 19.324853177310516 ], [ -98.976234092823631, 19.32486616265836 ], [ -98.975917257697418, 19.324893464222551 ], [ -98.97328589107579, 19.324857647887828 ], [ -98.969271893592946, 19.324800141440448 ], [ -98.96898842268395, 19.324796432102456 ], [ -98.966754836598483, 19.324830135305248 ], [ -98.966153100145476, 19.324839210394583 ], [ -98.964793550953331, 19.319423805657401 ], [ -98.96461315354891, 19.318705212578532 ], [ -98.9645697736659, 19.318532412651155 ], [ -98.964544553869999, 19.318431951652084 ], [ -98.96437773641459, 19.31779487284399 ], [ -98.964020085066807, 19.316428978789038 ], [ -98.963782859702661, 19.315522986527011 ], [ -98.963517792926723, 19.314510652320635 ], [ -98.963435582509049, 19.314183906517854 ], [ -98.963530640892102, 19.313513725268454 ], [ -98.963628705955102, 19.31282233930256 ], [ -98.963726770188288, 19.312130954032458 ], [ -98.964522225174932, 19.312259962734434 ], [ -98.964628822573445, 19.312277250599767 ], [ -98.965285106102883, 19.312383684590426 ], [ -98.966028930363052, 19.312534924712459 ], [ -98.966251608003247, 19.312675050525201 ], [ -98.967095412116151, 19.3132060320013 ], [ -98.967297284097015, 19.313333429333913 ], [ -98.967710862455917, 19.313526487994206 ], [ -98.967759147122564, 19.313469158806679 ], [ -98.968231436809461, 19.312908398605646 ], [ -98.968314364699964, 19.312767206679165 ], [ -98.968343749238301, 19.312717176886089 ], [ -98.968696243313701, 19.311947416338541 ], [ -98.968834276998336, 19.311645982478872 ], [ -98.96887680650191, 19.311553107566318 ], [ -98.968908888848958, 19.311483046827579 ], [ -98.968977714809597, 19.311332745954008 ], [ -98.96928182316455, 19.310668636057457 ], [ -98.969448720534558, 19.310304164120002 ], [ -98.96961561716401, 19.309939692014353 ], [ -98.970718299073994, 19.311294236785432 ], [ -98.972092940287112, 19.312977199316261 ], [ -98.972212077088642, 19.313129002188507 ], [ -98.972388862404728, 19.313354259534254 ], [ -98.972725620012213, 19.313777548961113 ], [ -98.972903551206471, 19.314051721780523 ], [ -98.973029432728239, 19.314235774718384 ], [ -98.973059058614268, 19.314313700925688 ], [ -98.973125074463965, 19.314492411463988 ], [ -98.97322408140792, 19.314865503123801 ], [ -98.97327398002156, 19.315110929953171 ], [ -98.973336268911439, 19.315417297427224 ], [ -98.9733592771655, 19.316081942275058 ], [ -98.973376676990725, 19.317078123746477 ], [ -98.973448218824785, 19.317495464216179 ], [ -98.97354722943949, 19.317647137111805 ], [ -98.973776146039199, 19.317627413612328 ], [ -98.973892697582755, 19.317540501522174 ], [ -98.973984284783029, 19.31740221877627 ], [ -98.974017601838185, 19.317271830312091 ], [ -98.974025950909734, 19.317113779120383 ], [ -98.974315197417397, 19.316871906693887 ], [ -98.974357130728848, 19.316836700545579 ], [ -98.974704764605875, 19.316544834972319 ], [ -98.975169230594872, 19.316260441244378 ], [ -98.975693559360352, 19.316388517737842 ], [ -98.976083008894051, 19.316843701243741 ], [ -98.976112942800938, 19.317042825425442 ], [ -98.976277660603543, 19.3175833161729 ], [ -98.97657724366789, 19.317910480993774 ], [ -98.977101396568059, 19.319347057724691 ], [ -98.978224921911277, 19.320086784610204 ], [ -98.978719241066869, 19.320684203507948 ], [ -98.97921358898995, 19.321082500862403 ], [ -98.979752849791012, 19.321765259226378 ], [ -98.980146002635138, 19.322768014615857 ], [ -98.98016527347184, 19.322979109141432 ], [ -98.979936149359531, 19.323635586494682 ], [ -98.979853735529645, 19.323738693185213 ], [ -98.979761179455181, 19.323974310784308 ], [ -98.979705834646794, 19.323948032961486 ], [ -98.979440866668142, 19.32395638795553 ], [ -98.979377194299943, 19.323954906474302 ], [ -98.978974588218406, 19.323931853080325 ], [ -98.978698967921346, 19.323889225476432 ], [ -98.978601794860353, 19.324031753459909 ], [ -98.978539906816309, 19.324509672254038 ], [ -98.978425073114764, 19.324618659384573 ], [ -98.978301415842992, 19.324660568052455 ], [ -98.978336716188238, 19.324878573599666 ], [ -98.978389674597821, 19.325146889230073 ], [ -98.978389647038028, 19.325356505899425 ] ] ] ] } },
{ "type": "Feature", "properties": { "id": 2318.0, "entidad": 9, "distrito_f": 9, "distrito_l": 8, "municipio": 11, "seccion": 3675, "tipo": 2, "control": 36574.0, "SECCION_TX": "3675", "SECCION__1": null, "SECCION__2": null, "SECCION_N": "3675", "ESTATUS": "COMPLETA", "ALCALDIA_N": "TLAHUAC", "EN_OPERATI": null, "EN_OP": "SI", "SEC_N": "3675", "EST": "COMPLETA", "ALC_N": "TLAHUAC", "OP": "SI", "NOMBRE": "LA DRAGA" }, "geometry": { "type": "MultiPolygon", "coordinates": [ [ [ [ -99.040738095059453, 19.289583734228906 ], [ -99.040235097805109, 19.289575436292459 ], [ -99.039757345246556, 19.289567589312252 ], [ -99.039283653043924, 19.289559789594382 ], [ -99.03877535938436, 19.289551418768934 ], [ -99.038314319744984, 19.289543824921523 ], [ -99.037825059978559, 19.289535764982986 ], [ -99.03730433434167, 19.289527185243418 ], [ -99.036332007607214, 19.289511160719094 ], [ -99.036334198679526, 19.289276364923186 ], [ -99.036340408710302, 19.288610893331878 ], [ -99.036342729658074, 19.288362177553342 ], [ -99.036348775410175, 19.287714303694408 ], [ -99.036354681668612, 19.287081373739746 ], [ -99.036357215618779, 19.28680982771731 ], [ -99.03636547774957, 19.285924426276186 ], [ -99.036365817690807, 19.28588799669237 ], [ -99.036378941908211, 19.285238161877693 ], [ -99.036383582560404, 19.28500838262487 ], [ -99.037348725239937, 19.285030349572384 ], [ -99.037340611274246, 19.285945176394158 ], [ -99.037332794501609, 19.286826486847502 ], [ -99.037330522135747, 19.287082685585677 ], [ -99.037327934054034, 19.287374478944802 ], [ -99.037326995797017, 19.287480262537628 ], [ -99.037324793623014, 19.287728545695668 ], [ -99.038325062592733, 19.287743994886746 ], [ -99.039310089060663, 19.2877592024983 ], [ -99.039316212664303, 19.286858985935197 ], [ -99.039322230348745, 19.285974332015073 ], [ -99.03932853107095, 19.285048060178529 ], [ -99.039726368475996, 19.285046338745367 ], [ -99.039756204842277, 19.285046209609192 ], [ -99.039958467343396, 19.285045334058793 ], [ -99.04001156692037, 19.285055156086962 ], [ -99.040064666503653, 19.285064978099676 ], [ -99.040086841852542, 19.28521995171096 ], [ -99.040192411204458, 19.28595772467137 ], [ -99.040312797210618, 19.286825951591709 ], [ -99.040323486958499, 19.286873740066181 ], [ -99.040351337880381, 19.287066387888981 ], [ -99.04035547906328, 19.287093342665482 ], [ -99.04045676197066, 19.28775258582003 ], [ -99.040460788295761, 19.287778792768297 ], [ -99.040596278143241, 19.288660677676962 ], [ -99.040600313202376, 19.288686941176927 ], [ -99.040627202774672, 19.288861960519853 ], [ -99.040738095059453, 19.289583734228906 ] ] ] ] } },
{ "type": "Feature", "properties": { "id": 2319.0, "entidad": 9, "distrito_f": 9, "distrito_l": 8, "municipio": 11, "seccion": 3676, "tipo": 2, "control": 36504.0, "SECCION_TX": "3676", "SECCION__1": null, "SECCION__2": null, "SECCION_N": "3676", "ESTATUS": null, "ALCALDIA_N": "TLAHUAC", "EN_OPERATI": null, "EN_OP": "NO", "SEC_N": "3676", "EST": null, "ALC_N": "TLAHUAC", "OP": "NO", "NOMBRE": "LA DRAGA" }, "geometry": { "type": "MultiPolygon", "coordinates": [ [ [ [ -99.042972892299488, 19.29040091149043 ], [ -99.042500253916529, 19.290469778731556 ], [ -99.04199831632954, 19.290542913701877 ], [ -99.041514305042668, 19.290613435347158 ], [ -99.041664653317213, 19.291558497605578 ], [ -99.041054997543242, 19.291646347622841 ], [ -99.041016722161316, 19.291397228644186 ], [ -99.041011747787209, 19.291364852398516 ], [ -99.04090970548036, 19.290700696250656 ], [ -99.040905822703422, 19.290675424563602 ], [ -99.040877287311929, 19.290489697068278 ], [ -99.040738095059453, 19.289583734228906 ], [ -99.040627202774672, 19.288861960519853 ], [ -99.040600313202376, 19.288686941176927 ], [ -99.040596278143241, 19.288660677676962 ], [ -99.040460788295761, 19.287778792768297 ], [ -99.04045676197066, 19.28775258582003 ], [ -99.04035547906328, 19.287093342665482 ], [ -99.040351337880381, 19.287066387888981 ], [ -99.040323486958499, 19.286873740066181 ], [ -99.040312797210618, 19.286825951591709 ], [ -99.040192411204458, 19.28595772467137 ], [ -99.040086841852542, 19.28521995171096 ], [ -99.040064666503653, 19.285064978099676 ], [ -99.040454161981245, 19.285154121567071 ], [ -99.04078596995231, 19.285230061416403 ], [ -99.040806435780354, 19.285234745344209 ], [ -99.04099049202118, 19.285276869405106 ], [ -99.041054631149152, 19.285291548568161 ], [ -99.041027236099509, 19.285402248759652 ], [ -99.041244677413175, 19.285453878054572 ], [ -99.041291570915533, 19.285465012415855 ], [ -99.041768630759421, 19.285578284410128 ], [ -99.042299492711251, 19.285704329403497 ], [ -99.042826492480586, 19.285829455662032 ], [ -99.042945929484759, 19.286709821267891 ], [ -99.043213521308118, 19.288529238087929 ], [ -99.042687909346512, 19.288596352051336 ], [ -99.042753409638806, 19.289011114387389 ], [ -99.042972892299488, 19.29040091149043 ] ] ] ] } },
{ "type": "Feature", "properties": { "id": 2321.0, "entidad": 9, "distrito_f": 9, "distrito_l": 8, "municipio": 11, "seccion": 3678, "tipo": 2, "control": 36509.0, "SECCION_TX": "3678", "SECCION__1": null, "SECCION__2": null, "SECCION_N": "3678", "ESTATUS": null, "ALCALDIA_N": "TLAHUAC", "EN_OPERATI": null, "EN_OP": "NO", "SEC_N": "3678", "EST": null, "ALC_N": "TLAHUAC", "OP": "NO", "NOMBRE": "LA DRAGA" }, "geometry": { "type": "MultiPolygon", "coordinates": [ [ [ [ -99.047635056017057, 19.290641526599163 ], [ -99.04724831231043, 19.290357689277808 ], [ -99.046846449290271, 19.290062753737498 ], [ -99.046627028626474, 19.28990171557281 ], [ -99.046623480106561, 19.289532629729482 ], [ -99.046616311740962, 19.288787033658359 ], [ -99.046615505506651, 19.288703175133598 ], [ -99.04660902960444, 19.288029596237177 ], [ -99.046601615741338, 19.28725844943839 ], [ -99.046596478011693, 19.28672404798359 ], [ -99.046594982421567, 19.286568483292175 ], [ -99.046627577541599, 19.28657639678908 ], [ -99.049924221451334, 19.287376727404105 ], [ -99.04995105252604, 19.28738208336727 ], [ -99.049977883602494, 19.287387439326398 ], [ -99.049947189813849, 19.287510705501113 ], [ -99.050122712084644, 19.287554513426635 ], [ -99.0491485300618, 19.288743275609903 ], [ -99.047635056017057, 19.290641526599163 ] ] ] ] } },
{ "type": "Feature", "properties": { "id": 2322.0, "entidad": 9, "distrito_f": 9, "distrito_l": 8, "municipio": 11, "seccion": 3679, "tipo": 2, "control": 36511.0, "SECCION_TX": "3679", "SECCION__1": null, "SECCION__2": null, "SECCION_N": "3679", "ESTATUS": null, "ALCALDIA_N": "TLAHUAC", "EN_OPERATI": null, "EN_OP": "NO", "SEC_N": "3679", "EST": null, "ALC_N": "TLAHUAC", "OP": "NO", "NOMBRE": "LA DRAGA" }, "geometry": { "type": "MultiPolygon", "coordinates": [ [ [ [ -99.049528051804344, 19.292035752463171 ], [ -99.049123699174146, 19.291737175442048 ], [ -99.048733916456229, 19.291449355069773 ], [ -99.048513545676713, 19.291286629746445 ], [ -99.048430973750285, 19.291225691454827 ], [ -99.048021997802337, 19.29092550748388 ], [ -99.047635056017057, 19.290641526599163 ], [ -99.0491485300618, 19.288743275609903 ], [ -99.050122712084644, 19.287554513426635 ], [ -99.049947189813849, 19.287510705501113 ], [ -99.049977883602494, 19.287387439326398 ], [ -99.050060899576422, 19.287404010761492 ], [ -99.050102123294891, 19.287412239718812 ], [ -99.050679255574579, 19.287527444100668 ], [ -99.050926504524782, 19.287531567692923 ], [ -99.051389805638138, 19.287601056812658 ], [ -99.051428822729719, 19.287606908810758 ], [ -99.051376096225823, 19.287681269218979 ], [ -99.051293617459351, 19.287797589201048 ], [ -99.051138954173325, 19.287997177345297 ], [ -99.050703521930686, 19.288543162937319 ], [ -99.049781579642556, 19.289699164789255 ], [ -99.050010906903253, 19.289870295999304 ], [ -99.050400981363993, 19.290161380335025 ], [ -99.050797931463634, 19.290457593538651 ], [ -99.049528051804344, 19.292035752463171 ] ] ] ] } },
{ "type": "Feature", "properties": { "id": 2334.0, "entidad": 9, "distrito_f": 9, "distrito_l": 8, "municipio": 11, "seccion": 3692, "tipo": 2, "control": 36182.0, "SECCION_TX": "3692", "SECCION__1": null, "SECCION__2": null, "SECCION_N": "3692", "ESTATUS": "COMPLETA", "ALCALDIA_N": "TLAHUAC", "EN_OPERATI": null, "EN_OP": "SI", "SEC_N": "3692", "EST": "COMPLETA", "ALC_N": "TLAHUAC", "OP": "SI", "NOMBRE": "LA DRAGA" }, "geometry": { "type": "MultiPolygon", "coordinates": [ [ [ [ -99.039310089060663, 19.2877592024983 ], [ -99.038325062592648, 19.287743994482053 ], [ -99.037324793623014, 19.287728545695668 ], [ -99.037326995797017, 19.287480262537628 ], [ -99.037327934054034, 19.287374478944802 ], [ -99.037330522135747, 19.287082685585677 ], [ -99.037332794501609, 19.286826486847502 ], [ -99.037340611274246, 19.285945176394158 ], [ -99.037348725239937, 19.285030349572384 ], [ -99.036383582560404, 19.28500838262487 ], [ -99.036354429366696, 19.285007719009709 ], [ -99.035431635205242, 19.284986711006695 ], [ -99.03545133086574, 19.284086925341875 ], [ -99.035470562150479, 19.283263697908865 ], [ -99.034559671153289, 19.283227106731143 ], [ -99.033950923231075, 19.283206323861833 ], [ -99.033583721804149, 19.283197234174438 ], [ -99.033559918468654, 19.28319650551968 ], [ -99.032663884766691, 19.283169074361499 ], [ -99.031716967568556, 19.28314008067127 ], [ -99.030915851995474, 19.283115547445828 ], [ -99.030992189493418, 19.282779902283707 ], [ -99.031112183188142, 19.282252304166054 ], [ -99.031171496295713, 19.2819915101466 ], [ -99.031500033122612, 19.280938530679137 ], [ -99.031652882444419, 19.280448634974931 ], [ -99.031858261941366, 19.279790370559102 ], [ -99.032041767285918, 19.279180696458017 ], [ -99.032145741073549, 19.278835254147683 ], [ -99.03225442482028, 19.27847416185746 ], [ -99.032553173246455, 19.277481587674117 ], [ -99.032612055874779, 19.277285952106691 ], [ -99.03274156229773, 19.276855669627817 ], [ -99.032871795296828, 19.27642297074232 ], [ -99.03299121281124, 19.276026204193052 ], [ -99.033108434806977, 19.275636730343717 ], [ -99.033225656250096, 19.275247256403347 ], [ -99.033269189195309, 19.275102615587052 ], [ -99.033340706115894, 19.274864995760556 ], [ -99.03379493396038, 19.273351034797049 ], [ -99.033984771094083, 19.272718290832604 ], [ -99.034414428724418, 19.271286185159259 ], [ -99.034708933185826, 19.271348276025318 ], [ -99.035221577579676, 19.27139996676161 ], [ -99.035653969633074, 19.27146209532971 ], [ -99.035762031621445, 19.271476511079431 ], [ -99.036591601710185, 19.271597478986894 ], [ -99.037421448612918, 19.271718536796559 ], [ -99.037692128215454, 19.271808605467402 ], [ -99.038394612893384, 19.272002338189807 ], [ -99.038392238158025, 19.272062360700435 ], [ -99.03838996162051, 19.272122376016569 ], [ -99.03835763455649, 19.272974594960726 ], [ -99.03843058149107, 19.273418969467109 ], [ -99.03849429460486, 19.273807091830061 ], [ -99.038503528821181, 19.273863343922031 ], [ -99.038673171180079, 19.275289697729882 ], [ -99.03883084312713, 19.27650026656821 ], [ -99.038992788788974, 19.277735413997309 ], [ -99.03934561168073, 19.280142186509078 ], [ -99.039488582535299, 19.281117438082383 ], [ -99.039533830507466, 19.281426087027292 ], [ -99.039561946327922, 19.281617872224942 ], [ -99.039602446687937, 19.281896582252013 ], [ -99.039635697547368, 19.282126232881502 ], [ -99.039694772513357, 19.282582296971793 ], [ -99.03973676055729, 19.282906446903056 ], [ -99.039790210797761, 19.283319083710662 ], [ -99.039795900309798, 19.283363006720098 ], [ -99.039878976750728, 19.284004353769372 ], [ -99.039883705758839, 19.284031365133067 ], [ -99.039899485056111, 19.284121493974872 ], [ -99.039905738324492, 19.284157211623391 ], [ -99.040064666503653, 19.285064978099676 ], [ -99.04001156692037, 19.285055156086962 ], [ -99.039958467343396, 19.285045334058793 ], [ -99.039756204842277, 19.285046209609192 ], [ -99.039726368475996, 19.285046338745367 ], [ -99.03932853107095, 19.285048060178529 ], [ -99.039322230348745, 19.285974332015073 ], [ -99.039316212664303, 19.286858985935197 ], [ -99.039310089060663, 19.2877592024983 ] ] ] ] } },
{ "type": "Feature", "properties": { "id": 2370.0, "entidad": 9, "distrito_f": 9, "distrito_l": 8, "municipio": 11, "seccion": 3738, "tipo": 2, "control": 36105.0, "SECCION_TX": "3738", "SECCION__1": null, "SECCION__2": null, "SECCION_N": "3738", "ESTATUS": null, "ALCALDIA_N": "TLAHUAC", "EN_OPERATI": null, "EN_OP": "NO", "SEC_N": "3738", "EST": null, "ALC_N": "TLAHUAC", "OP": "NO", "NOMBRE": "LA DRAGA" }, "geometry": { "type": "MultiPolygon", "coordinates": [ [ [ [ -99.052872833683523, 19.28552203504735 ], [ -99.052822196667819, 19.285483185044288 ], [ -99.052138624657587, 19.284958728069103 ], [ -99.051872879188593, 19.285301324704765 ], [ -99.051845744491445, 19.285308360026935 ], [ -99.051507064678674, 19.285760369898284 ], [ -99.051482773969838, 19.285792788717135 ], [ -99.051458426432703, 19.285821257142068 ], [ -99.051283200187129, 19.285707324195133 ], [ -99.050527707542528, 19.285891314133309 ], [ -99.050546238003193, 19.285691231581286 ], [ -99.050570768000767, 19.285257977451302 ], [ -99.050581368188034, 19.285070753951182 ], [ -99.05059425417997, 19.283901084416165 ], [ -99.050608548739888, 19.282132870761497 ], [ -99.050611351592394, 19.281786158700196 ], [ -99.050619774530148, 19.280744236194717 ], [ -99.050638903933958, 19.27919313184255 ], [ -99.050642061695427, 19.277519221644432 ], [ -99.050661088930056, 19.277402187064482 ], [ -99.051929767963301, 19.278141176556005 ], [ -99.05249109920625, 19.278449076488556 ], [ -99.053225881995729, 19.278754976158513 ], [ -99.053762970283515, 19.278978570429658 ], [ -99.054434592425068, 19.279237142231555 ], [ -99.054716858484809, 19.279314072999867 ], [ -99.055233218874505, 19.279338358540542 ], [ -99.056744093353927, 19.279409409797118 ], [ -99.057440881499573, 19.279483626267403 ], [ -99.057654286719696, 19.279545587525966 ], [ -99.057567180547949, 19.27966240503924 ], [ -99.056896454716124, 19.279533426520164 ], [ -99.056347737097568, 19.279483973763767 ], [ -99.055175337860405, 19.279455103684956 ], [ -99.054052604487012, 19.280922474703004 ], [ -99.054126928702374, 19.280977189051839 ], [ -99.054714528363178, 19.281409752750658 ], [ -99.055585484490663, 19.282039454702733 ], [ -99.055631657090146, 19.282072837276012 ], [ -99.055254522575851, 19.282544372103498 ], [ -99.054577160122335, 19.28339127597048 ], [ -99.053934124505361, 19.284195211316977 ], [ -99.053545707426366, 19.284680812807792 ], [ -99.052872833683523, 19.28552203504735 ] ] ] ] } },
{ "type": "Feature", "properties": { "id": 2376.0, "entidad": 9, "distrito_f": 9, "distrito_l": 8, "municipio": 11, "seccion": 3737, "tipo": 2, "control": 36178.0, "SECCION_TX": "3737", "SECCION__1": null, "SECCION__2": null, "SECCION_N": "3737", "ESTATUS": null, "ALCALDIA_N": "TLAHUAC", "EN_OPERATI": null, "EN_OP": "NO", "SEC_N": "3737", "EST": null, "ALC_N": "TLAHUAC", "OP": "NO", "NOMBRE": "LA DRAGA" }, "geometry": { "type": "MultiPolygon", "coordinates": [ [ [ [ -99.053391429917951, 19.288062235706239 ], [ -99.051473093128067, 19.287613548718141 ], [ -99.051428822729719, 19.287606908810758 ], [ -99.051389805638138, 19.287601056812658 ], [ -99.050926504524782, 19.287531567692923 ], [ -99.050901243607342, 19.287495066519767 ], [ -99.050732151992662, 19.287250734332257 ], [ -99.050724527538222, 19.287230192653222 ], [ -99.050511212974968, 19.286655481852307 ], [ -99.050480230095417, 19.286403949403653 ], [ -99.050527707542528, 19.285891314133309 ], [ -99.051283200187129, 19.285707324195133 ], [ -99.051458426432703, 19.285821257142068 ], [ -99.051482773969838, 19.285792788717135 ], [ -99.051507064678674, 19.285760369898284 ], [ -99.051845744491445, 19.285308360026935 ], [ -99.051872879188593, 19.285301324704765 ], [ -99.052138624657587, 19.284958728069103 ], [ -99.052822196667819, 19.285483185044288 ], [ -99.052872833683523, 19.28552203504735 ], [ -99.052907537003804, 19.285547329651816 ], [ -99.054466039121039, 19.286683277950683 ], [ -99.054491690000788, 19.286701973910702 ], [ -99.054023872403619, 19.287280344739226 ], [ -99.05381856498154, 19.28753416811794 ], [ -99.053391429917951, 19.288062235706239 ] ] ] ] } },
{ "type": "Feature", "properties": { "id": 5574.0, "entidad": 9, "distrito_f": 9, "distrito_l": 8, "municipio": 11, "seccion": 5631, "tipo": 2, "control": 105584.0, "SECCION_TX": "5631", "SECCION__1": null, "SECCION__2": null, "SECCION_N": "5631", "ESTATUS": null, "ALCALDIA_N": "TLAHUAC", "EN_OPERATI": null, "EN_OP": "NO", "SEC_N": "5631", "EST": null, "ALC_N": "TLAHUAC", "OP": "NO", "NOMBRE": "LA DRAGA" }, "geometry": { "type": "MultiPolygon", "coordinates": [ [ [ [ -99.046645023, 19.291773271999972 ], [ -99.046183646, 19.291834178 ], [ -99.0460562, 19.290953535999979 ], [ -99.045918219, 19.290000093 ], [ -99.045424717, 19.290067210999979 ], [ -99.044931215, 19.290134327999986 ], [ -99.044653084, 19.288303877999983 ], [ -99.044397698, 19.286530599999956 ], [ -99.044351382, 19.286201268000042 ], [ -99.04386725800002, 19.286089045999979 ], [ -99.043840636, 19.286082406999984 ], [ -99.043313969, 19.285951044000026 ], [ -99.042826492, 19.285829455999963 ], [ -99.042299492711251, 19.285704329403497 ], [ -99.041768630759421, 19.285578284410128 ], [ -99.041291571, 19.285465012000024 ], [ -99.041244677, 19.285453878 ], [ -99.041027236, 19.285402248999983 ], [ -99.041054631, 19.285291549 ], [ -99.041335093, 19.28534935800003 ], [ -99.041674071, 19.285416259000012 ], [ -99.04200365, 19.285493562 ], [ -99.042366675, 19.28557645100004 ], [ -99.042733537, 19.285657806000028 ], [ -99.043071235, 19.285739160000034 ], [ -99.043421212, 19.285822817000035 ], [ -99.04376812, 19.285904939000037 ], [ -99.044112725, 19.285982456000013 ], [ -99.044442912, 19.286062482999949 ], [ -99.046594982, 19.286568483000011 ], [ -99.046596478, 19.286724048000043 ], [ -99.046601616, 19.28725844900001 ], [ -99.04660903, 19.288029596000026 ], [ -99.046615505506651, 19.288703175133598 ], [ -99.046616311740962, 19.288787033658359 ], [ -99.046623480106561, 19.289532629729482 ], [ -99.046627029, 19.289901716 ], [ -99.046627576724489, 19.289958723743108 ], [ -99.0466363, 19.290865997999955 ], [ -99.046645023, 19.291773271999972 ] ] ] ] } },
{ "type": "Feature", "properties": { "id": 5570.0, "entidad": 9, "distrito_f": 9, "distrito_l": 8, "municipio": 11, "seccion": 5633, "tipo": 2, "control": 105582.0, "SECCION_TX": "5633", "SECCION__1": null, "SECCION__2": null, "SECCION_N": "5633", "ESTATUS": null, "ALCALDIA_N": "TLAHUAC", "EN_OPERATI": null, "EN_OP": "NO", "SEC_N": "5633", "EST": null, "ALC_N": "TLAHUAC", "OP": "NO", "NOMBRE": "LA DRAGA" }, "geometry": { "type": "MultiPolygon", "coordinates": [ [ [ [ -99.038394613, 19.272002338 ], [ -99.040291424934168, 19.273108326392897 ], [ -99.040419485607202, 19.2732424535393 ], [ -99.040896338385224, 19.273481311809658 ], [ -99.041103866646949, 19.273619613030153 ], [ -99.041558644479167, 19.273845897452873 ], [ -99.041788218930918, 19.273870999252939 ], [ -99.044353398441373, 19.274604057157301 ], [ -99.045386544909206, 19.274914037878538 ], [ -99.04610181505339, 19.275173784926903 ], [ -99.047199372132752, 19.275571270416744 ], [ -99.047258614410993, 19.275592725045474 ], [ -99.047938554772728, 19.275793781033869 ], [ -99.048229969857715, 19.275919475026676 ], [ -99.048865819123392, 19.276305002803927 ], [ -99.049148416139204, 19.276464236518802 ], [ -99.050661088930056, 19.277402187064482 ], [ -99.050642062, 19.27751922199997 ], [ -99.050638903933958, 19.27919313184255 ], [ -99.050619774530148, 19.280744236194717 ], [ -99.050611352, 19.281786159000031 ], [ -99.050608549, 19.282132871000016 ], [ -99.050594254, 19.283901084000043 ], [ -99.050581368, 19.285070754000035 ], [ -99.050570768, 19.285257976999969 ], [ -99.050546238, 19.285691232 ], [ -99.050527708, 19.285891313999976 ], [ -99.05048023, 19.286403948999983 ], [ -99.050511213, 19.286655481999972 ], [ -99.050724527538222, 19.287230192653222 ], [ -99.050732152, 19.28725073400004 ], [ -99.050901244, 19.287495067 ], [ -99.050926505, 19.28753156799997 ], [ -99.050679256, 19.287527443999966 ], [ -99.050102123, 19.287412239999956 ], [ -99.0500609, 19.287404010999964 ], [ -99.049977884, 19.287387439000035 ], [ -99.049951053, 19.287382082999954 ], [ -99.049924221, 19.287376726999987 ], [ -99.046627578000013, 19.286576396999983 ], [ -99.046594982, 19.286568483000011 ], [ -99.044442912, 19.286062482999949 ], [ -99.044112725, 19.285982456000013 ], [ -99.04376812, 19.285904939000037 ], [ -99.043421212, 19.285822817000035 ], [ -99.043071235, 19.285739160000034 ], [ -99.042733537, 19.285657806000028 ], [ -99.042955593, 19.284668585999981 ], [ -99.042996750000015, 19.284503060000041 ], [ -99.043039064, 19.284343302999968 ], [ -99.043081378, 19.284180955 ], [ -99.043122828, 19.284018608 ], [ -99.043165142, 19.283862305 ], [ -99.043215825, 19.283663781000019 ], [ -99.04326186, 19.283468958 ], [ -99.043298295, 19.28330997299998 ], [ -99.043337852, 19.283145127000026 ], [ -99.043376695, 19.282984551999977 ], [ -99.043424774, 19.28278592 ], [ -99.043076496, 19.28270777399997 ], [ -99.042724169, 19.282628917 ], [ -99.042399477, 19.282545401000036 ], [ -99.042050681, 19.282471921 ], [ -99.041717344, 19.282402292000032 ], [ -99.041381812, 19.282324223000032 ], [ -99.041036888, 19.282237447999986 ], [ -99.040118895, 19.282027032 ], [ -99.039602447, 19.281896582 ], [ -99.039561946327922, 19.281617872224942 ], [ -99.039533830507466, 19.281426087027292 ], [ -99.039488582535299, 19.281117438082383 ], [ -99.039345612, 19.280142187000013 ], [ -99.038992789, 19.277735413999974 ], [ -99.038830843, 19.276500267000038 ], [ -99.038673171, 19.275289697999963 ], [ -99.038503529, 19.273863344 ], [ -99.038494295, 19.27380709199997 ], [ -99.038430581, 19.273418968999977 ], [ -99.03835763455649, 19.272974594960726 ], [ -99.03838996162051, 19.272122376016569 ], [ -99.038392238158025, 19.272062360700435 ], [ -99.038394613, 19.272002338 ] ] ] ] } },
{ "type": "Feature", "properties": { "id": 5573.0, "entidad": 9, "distrito_f": 9, "distrito_l": 8, "municipio": 11, "seccion": 5634, "tipo": 2, "control": 105581.0, "SECCION_TX": "5634", "SECCION__1": null, "SECCION__2": null, "SECCION_N": "5634", "ESTATUS": null, "ALCALDIA_N": "TLAHUAC", "EN_OPERATI": null, "EN_OP": "NO", "SEC_N": "5634", "EST": null, "ALC_N": "TLAHUAC", "OP": "NO", "NOMBRE": "LA DRAGA" }, "geometry": { "type": "MultiPolygon", "coordinates": [ [ [ [ -99.040064667, 19.285064977999976 ], [ -99.039905738324492, 19.284157211623391 ], [ -99.039899485056111, 19.284121493974872 ], [ -99.039883705758839, 19.284031365133067 ], [ -99.039878976750728, 19.284004353769372 ], [ -99.039795900309798, 19.283363006720098 ], [ -99.039790210797761, 19.283319083710662 ], [ -99.03973676055729, 19.282906446903056 ], [ -99.039694772513357, 19.282582296971793 ], [ -99.039635697547368, 19.282126232881502 ], [ -99.039602447, 19.281896582 ], [ -99.040118895, 19.282027032 ], [ -99.041036888, 19.282237447999986 ], [ -99.041381812, 19.282324223000032 ], [ -99.041717344, 19.282402292000032 ], [ -99.042050681, 19.282471921 ], [ -99.042399477, 19.282545401000036 ], [ -99.042724169, 19.282628917 ], [ -99.043076496, 19.28270777399997 ], [ -99.043424774, 19.28278592 ], [ -99.043376695, 19.282984551999977 ], [ -99.043337852, 19.283145127000026 ], [ -99.043298295, 19.28330997299998 ], [ -99.04326186, 19.283468958 ], [ -99.043215825, 19.283663781000019 ], [ -99.043165142, 19.283862305 ], [ -99.043122828, 19.284018608 ], [ -99.043081378, 19.284180955 ], [ -99.043039064, 19.284343302999968 ], [ -99.042996750000015, 19.284503060000041 ], [ -99.042955593, 19.284668585999981 ], [ -99.042733537, 19.285657806000028 ], [ -99.042366675, 19.28557645100004 ], [ -99.04200365, 19.285493562 ], [ -99.041674071, 19.285416259000012 ], [ -99.041335093, 19.28534935800003 ], [ -99.041054631, 19.285291549 ], [ -99.04099049202118, 19.285276869405106 ], [ -99.040806435780354, 19.285234745344209 ], [ -99.04078596995231, 19.285230061416403 ], [ -99.040454161981245, 19.285154121567071 ], [ -99.040064667, 19.285064977999976 ] ] ] ] } },
{ "type": "Feature", "properties": { "id": 2264.0, "entidad": 9, "distrito_f": 9, "distrito_l": 8, "municipio": 11, "seccion": 3634, "tipo": 2, "control": 36481.0, "SECCION_TX": "3634", "SECCION__1": null, "SECCION__2": null, "SECCION_N": "3634", "ESTATUS": "COMPLETA", "ALCALDIA_N": "TLAHUAC", "EN_OPERATI": null, "EN_OP": "SI", "SEC_N": "3634", "EST": "COMPLETA", "ALC_N": "TLAHUAC", "OP": "SI", "NOMBRE": "AMADO NERVO 68" }, "geometry": { "type": "MultiPolygon", "coordinates": [ [ [ [ -99.050559565172719, 19.300732956652617 ], [ -99.049979537625191, 19.300505037002214 ], [ -99.049156661110658, 19.300238539837952 ], [ -99.048594137835948, 19.300110088390436 ], [ -99.049217971503111, 19.299316709067242 ], [ -99.049678732252914, 19.298747525659756 ], [ -99.049847382497276, 19.298539188662389 ], [ -99.050110478936844, 19.298215600165417 ], [ -99.050558078744501, 19.297665163043924 ], [ -99.05068722754001, 19.297506341056994 ], [ -99.050720243329977, 19.297465739504077 ], [ -99.050933954774763, 19.297202924729696 ], [ -99.051044039708913, 19.297067545744888 ], [ -99.051274893539869, 19.296783648031298 ], [ -99.051310421187935, 19.296739956990098 ], [ -99.05133933930496, 19.296727934715197 ], [ -99.051368257417735, 19.296715912435619 ], [ -99.051416945474074, 19.296751659464196 ], [ -99.051752704625997, 19.296998174829064 ], [ -99.052125968667667, 19.29727222479406 ], [ -99.05251824269655, 19.297560230049505 ], [ -99.052929215673885, 19.297861079018496 ], [ -99.053201515147961, 19.298048138602375 ], [ -99.053310092946461, 19.298122727267554 ], [ -99.053582522800625, 19.298333034887332 ], [ -99.053950156529581, 19.29861683551718 ], [ -99.054409400711194, 19.29893249960903 ], [ -99.054671399824997, 19.299121065381595 ], [ -99.054891650153095, 19.299279583125738 ], [ -99.055435982624402, 19.299671345595659 ], [ -99.054894872147429, 19.300360468666362 ], [ -99.054624076813568, 19.300705333189342 ], [ -99.054261621698018, 19.300452750946686 ], [ -99.053922110339954, 19.300216156038928 ], [ -99.05357935209129, 19.29997728388496 ], [ -99.053102918051223, 19.299643323954967 ], [ -99.052696722751833, 19.299421925282857 ], [ -99.05192253430755, 19.29907459243422 ], [ -99.05167330804224, 19.299379152917314 ], [ -99.05164207270019, 19.299417323151644 ], [ -99.051409307621299, 19.299701766165175 ], [ -99.051083159504273, 19.300100322727438 ], [ -99.051044803085077, 19.300147194524754 ], [ -99.050559565172719, 19.300732956652617 ] ] ] ] } },
{ "type": "Feature", "properties": { "id": 2266.0, "entidad": 9, "distrito_f": 9, "distrito_l": 8, "municipio": 11, "seccion": 3636, "tipo": 2, "control": 35861.0, "SECCION_TX": "3636", "SECCION__1": null, "SECCION__2": null, "SECCION_N": "3636", "ESTATUS": "COMPLETA", "ALCALDIA_N": "TLAHUAC", "EN_OPERATI": null, "EN_OP": "SI", "SEC_N": "3636", "EST": "COMPLETA", "ALC_N": "TLAHUAC", "OP": "SI", "NOMBRE": "RENE SANCHEZ RODRIGUEZ" }, "geometry": { "type": "MultiPolygon", "coordinates": [ [ [ [ -99.043428567954251, 19.306515465759979 ], [ -99.043089027868234, 19.306209341810074 ], [ -99.042799808944181, 19.30598193626642 ], [ -99.042716059957087, 19.305917002063101 ], [ -99.042655832196871, 19.305870304826112 ], [ -99.041836468175916, 19.305347842646995 ], [ -99.041811806758716, 19.305332117344417 ], [ -99.041186608487706, 19.304942249491262 ], [ -99.040453009471349, 19.30449047261488 ], [ -99.040378338542297, 19.30444448724306 ], [ -99.040180836169483, 19.304318298669372 ], [ -99.040263373319419, 19.304135508254355 ], [ -99.040524865965295, 19.303236336078832 ], [ -99.040618443639801, 19.302920859398835 ], [ -99.040678556861138, 19.302718200142817 ], [ -99.040899620504561, 19.301972925440452 ], [ -99.041230266701533, 19.300858505892148 ], [ -99.041347425365146, 19.300484129776066 ], [ -99.040677183636845, 19.300396238945794 ], [ -99.040551584641406, 19.300371191806484 ], [ -99.040431851630942, 19.300334441578094 ], [ -99.040248735011673, 19.300296033582814 ], [ -99.040145442425796, 19.300290484084343 ], [ -99.040078033955567, 19.30031704474456 ], [ -99.040022208597676, 19.300337317954348 ], [ -99.039761625667381, 19.300307284794876 ], [ -99.039416522095124, 19.300236592178564 ], [ -99.039369560624579, 19.300190909943392 ], [ -99.039347251397572, 19.300158595760866 ], [ -99.03932743127352, 19.300027737371416 ], [ -99.039340154613441, 19.299931807120295 ], [ -99.039287338012528, 19.299942962973169 ], [ -99.039211044713909, 19.299947994390028 ], [ -99.039079582105856, 19.299942450335582 ], [ -99.038962201345626, 19.299922972581669 ], [ -99.038844819034964, 19.299896808064318 ], [ -99.038778986446673, 19.299876327440174 ], [ -99.038592441973364, 19.299818292997418 ], [ -99.038460967509891, 19.299761483889522 ], [ -99.038443356942906, 19.299743656429538 ], [ -99.038443325317402, 19.29960825099646 ], [ -99.038221766418474, 19.299579140208699 ], [ -99.038275119116619, 19.299240322039203 ], [ -99.038402123759326, 19.298709823896147 ], [ -99.038744959776992, 19.298798519954182 ], [ -99.039557670226657, 19.299008775572958 ], [ -99.039950813000971, 19.299110483707267 ], [ -99.040152820695042, 19.299162743797329 ], [ -99.040737535728979, 19.299314010152543 ], [ -99.041620721029332, 19.299542486975724 ], [ -99.042044688458532, 19.299589224535442 ], [ -99.043871417227507, 19.299790588920473 ], [ -99.046162222351796, 19.300043082937812 ], [ -99.046367673865916, 19.300065726493163 ], [ -99.04842993694497, 19.300311096717351 ], [ -99.047059747337499, 19.302009903048159 ], [ -99.046965188741126, 19.302127138237502 ], [ -99.04692703027861, 19.302125188832033 ], [ -99.046381976960447, 19.302807488536448 ], [ -99.046130506119042, 19.303122278171735 ], [ -99.046008531734586, 19.303274964386194 ], [ -99.045758134154241, 19.303588408218296 ], [ -99.04562276075211, 19.30375786591312 ], [ -99.045170097483805, 19.30432424726126 ], [ -99.04493116810508, 19.304623198450386 ], [ -99.044856668087206, 19.304716413442758 ], [ -99.044629303979079, 19.305000657422532 ], [ -99.044484007236392, 19.305182302508417 ], [ -99.044338710173122, 19.305363947475673 ], [ -99.044192079532266, 19.305547259105186 ], [ -99.04404544856493, 19.305730570613981 ], [ -99.043933620725127, 19.305870372446098 ], [ -99.043692438565756, 19.306173601426313 ], [ -99.043428567954251, 19.306515465759979 ] ] ] ] } },
{ "type": "Feature", "properties": { "id": 2279.0, "entidad": 9, "distrito_f": 9, "distrito_l": 8, "municipio": 11, "seccion": 3627, "tipo": 2, "control": 35828.0, "SECCION_TX": "3627", "SECCION__1": null, "SECCION__2": null, "SECCION_N": "3627", "ESTATUS": null, "ALCALDIA_N": "TLAHUAC", "EN_OPERATI": null, "EN_OP": "NO", "SEC_N": "3627", "EST": null, "ALC_N": "TLAHUAC", "OP": "NO", "NOMBRE": "RENE SANCHEZ RODRIGUEZ" }, "geometry": { "type": "MultiPolygon", "coordinates": [ [ [ [ -99.044616670666215, 19.308008832135179 ], [ -99.044444356727297, 19.307678164705269 ], [ -99.044313103744543, 19.3074720574804 ], [ -99.044222099839075, 19.307329153223908 ], [ -99.043961816562344, 19.307030584160131 ], [ -99.043637986035222, 19.306729556138329 ], [ -99.043428567954251, 19.306515465759979 ], [ -99.043692438565756, 19.306173601426313 ], [ -99.043933620725127, 19.305870372446098 ], [ -99.04404544856493, 19.305730570613981 ], [ -99.044192079532266, 19.305547259105186 ], [ -99.044338710173122, 19.305363947475673 ], [ -99.044484007236392, 19.305182302508417 ], [ -99.044629303979079, 19.305000657422532 ], [ -99.044856668087206, 19.304716413442758 ], [ -99.04493116810508, 19.304623198450386 ], [ -99.045170097483805, 19.30432424726126 ], [ -99.04562276075211, 19.30375786591312 ], [ -99.045758134154241, 19.303588408218296 ], [ -99.046008531734586, 19.303274964386194 ], [ -99.046130506119042, 19.303122278171735 ], [ -99.046381976960447, 19.302807488536448 ], [ -99.04692703027861, 19.302125188832033 ], [ -99.046965188741126, 19.302127138237502 ], [ -99.047059747337499, 19.302009903048159 ], [ -99.04842993694497, 19.300311096717351 ], [ -99.046367673865916, 19.300065726493163 ], [ -99.046399551384866, 19.299877078485178 ], [ -99.048594137835948, 19.300110088390436 ], [ -99.049156661110658, 19.300238539837952 ], [ -99.049979537625191, 19.300505037002214 ], [ -99.050559565172719, 19.300732956652617 ], [ -99.051044803085077, 19.300147194524754 ], [ -99.051083159504273, 19.300100322727438 ], [ -99.051409307621299, 19.299701766165175 ], [ -99.05164207270019, 19.299417323151644 ], [ -99.05167330804224, 19.299379152917314 ], [ -99.05192253430755, 19.29907459243422 ], [ -99.052696722751833, 19.299421925282857 ], [ -99.052346900336488, 19.299868040251869 ], [ -99.05217020699267, 19.300093369245609 ], [ -99.051788407192518, 19.300580258480476 ], [ -99.051409736266436, 19.301063153974233 ], [ -99.051851291232794, 19.301254990810115 ], [ -99.052334453125411, 19.301464902341927 ], [ -99.052204320217726, 19.301656515139008 ], [ -99.052163618502831, 19.301716445829076 ], [ -99.051628107910787, 19.302420628934602 ], [ -99.051440140512739, 19.302649744663192 ], [ -99.051311733410287, 19.30280776552096 ], [ -99.051172200690758, 19.302979477381054 ], [ -99.050985078534254, 19.303209753056326 ], [ -99.050840519564531, 19.303387649182142 ], [ -99.050809081287312, 19.303426337463737 ], [ -99.050677628641836, 19.303588104243804 ], [ -99.050567122886449, 19.303719586254459 ], [ -99.050018657188048, 19.304372157854367 ], [ -99.049999022040666, 19.304395519880181 ], [ -99.049966614448465, 19.304385273371739 ], [ -99.049140076256549, 19.30377161092234 ], [ -99.048453713148277, 19.303271639281974 ], [ -99.048151413698392, 19.303640729844268 ], [ -99.048133176579029, 19.303661746820168 ], [ -99.047861271168784, 19.303997631246396 ], [ -99.047602801382979, 19.304316917006808 ], [ -99.047133660698265, 19.304896438804764 ], [ -99.047001492027661, 19.305059703637568 ], [ -99.046871291866793, 19.305220536404285 ], [ -99.046857981549664, 19.305237208275194 ], [ -99.046683366298069, 19.305455922638391 ], [ -99.046597113033641, 19.305563958901903 ], [ -99.046568915248443, 19.30559927791198 ], [ -99.046405886967349, 19.305803477873784 ], [ -99.046211673921505, 19.30604593242305 ], [ -99.046185885711452, 19.306078126219731 ], [ -99.046135698094247, 19.306140779995872 ], [ -99.045990522306738, 19.306316391677399 ], [ -99.045900313803784, 19.306425512014364 ], [ -99.045564889441508, 19.306831255016885 ], [ -99.045246777204511, 19.307216054135022 ], [ -99.045222853957625, 19.307244992392647 ], [ -99.044961951601209, 19.307560586628306 ], [ -99.044700752784081, 19.307876537875931 ], [ -99.044678513133306, 19.30791152962292 ], [ -99.044616670666215, 19.308008832135179 ] ] ] ] } },
{ "type": "Feature", "properties": { "id": 2271.0, "entidad": 9, "distrito_f": 9, "distrito_l": 8, "municipio": 11, "seccion": 3619, "tipo": 2, "control": 36243.0, "SECCION_TX": "3619", "SECCION__1": null, "SECCION__2": null, "SECCION_N": "3619", "ESTATUS": null, "ALCALDIA_N": "TLAHUAC", "EN_OPERATI": null, "EN_OP": "NO", "SEC_N": "3619", "EST": null, "ALC_N": "TLAHUAC", "OP": "NO", "NOMBRE": "ZOMPANTITLA" }, "geometry": { "type": "MultiPolygon", "coordinates": [ [ [ [ -98.999763830179631, 19.325349401366505 ], [ -98.999841947580578, 19.323105954730593 ], [ -98.99993512067806, 19.323027908823654 ], [ -99.000011851391193, 19.322871816905238 ], [ -98.999908937469172, 19.322745353205427 ], [ -98.999913197803536, 19.322668897372527 ], [ -99.000022812871691, 19.322575242230648 ], [ -99.000120326042563, 19.322475031288022 ], [ -99.000143389142636, 19.322289073621814 ], [ -99.000135866503527, 19.32227121988365 ], [ -99.00011966727125, 19.322232773674244 ], [ -99.000077620172235, 19.322132981719452 ], [ -98.999924160127847, 19.320899855282423 ], [ -98.999951563670692, 19.320670920407284 ], [ -98.99986387289556, 19.320400360946671 ], [ -98.999746132303727, 19.320171829114027 ], [ -98.999699453465297, 19.319895663355744 ], [ -98.999704934603145, 19.319630306991534 ], [ -98.99972685779332, 19.3192817015826 ], [ -98.999929641882872, 19.31842319577488 ], [ -99.000159826718829, 19.31750745589731 ], [ -99.00037904522577, 19.315436634502639 ], [ -99.000620187326277, 19.315311760194799 ], [ -99.00080652432014, 19.315249322641925 ], [ -99.001124386810346, 19.314239925573538 ], [ -99.001076035855675, 19.314013973822298 ], [ -99.001288797904905, 19.313844491211771 ], [ -99.001210494824974, 19.313503684934702 ], [ -99.001277832619294, 19.313282559763856 ], [ -99.001518970975212, 19.313168090378774 ], [ -99.001584735020742, 19.313043216140979 ], [ -99.001566376317925, 19.313022301037851 ], [ -99.001420320406368, 19.31285590697377 ], [ -99.001464160858077, 19.312522910136114 ], [ -99.001639532299635, 19.31233559811314 ], [ -99.001902588472305, 19.312033817473278 ], [ -99.002253326348665, 19.311471881843108 ], [ -99.002297165471958, 19.311190915465374 ], [ -99.002154671178246, 19.310837108366641 ], [ -99.002340998521959, 19.310493703363996 ], [ -99.001540863870872, 19.310087872293195 ], [ -99.001299727332366, 19.309858939013846 ], [ -99.001212038188058, 19.30932822627922 ], [ -99.001288759993443, 19.309005635278123 ], [ -99.001332600191617, 19.308735075200889 ], [ -99.000959939763234, 19.3086102038021 ], [ -99.000664003545921, 19.30841248836148 ], [ -99.000236541637605, 19.308308427963109 ], [ -99.000028291142087, 19.308152335932601 ], [ -98.99990772525986, 19.308037868309867 ], [ -98.999973488533101, 19.307569591764601 ], [ -98.999688515684284, 19.307465530038183 ], [ -98.999261056853285, 19.307361467344506 ], [ -98.999212871816056, 19.307081174417505 ], [ -98.999008967261361, 19.307090906338615 ], [ -98.998691114628471, 19.30696603057444 ], [ -98.998515748463987, 19.306830749322202 ], [ -98.99854863330971, 19.306435315990747 ], [ -98.998482874302624, 19.306050287990956 ], [ -98.998470638725038, 19.305931243226372 ], [ -98.998658243766286, 19.305675668031203 ], [ -98.998804085278792, 19.305500279263949 ], [ -98.998822650814944, 19.305477952344702 ], [ -98.998866493698344, 19.305269829648228 ], [ -98.998756891313292, 19.305124142850161 ], [ -98.998800734868126, 19.304822364817944 ], [ -98.999052824475797, 19.304426932616991 ], [ -98.998745938111881, 19.30418758931868 ], [ -98.998504814298471, 19.303937839898449 ], [ -98.998362333509419, 19.303677684913772 ], [ -98.99847193815701, 19.303438344396358 ], [ -98.998811707585517, 19.303105350089051 ], [ -98.998965152083073, 19.30284519723747 ], [ -98.998800750641848, 19.30265788550113 ], [ -98.998701000093121, 19.302392077403159 ], [ -98.998778099296914, 19.301975816178231 ], [ -98.998822677020854, 19.301814987309303 ], [ -98.998592516401828, 19.30159645646955 ], [ -98.998307554449042, 19.301523610979004 ], [ -98.99816507466943, 19.301388329611498 ], [ -98.997989716279022, 19.301138580083684 ], [ -98.997964582995138, 19.300902705924582 ], [ -98.99807740197177, 19.300701522569447 ], [ -98.998116505824001, 19.30053074431267 ], [ -98.998132204909425, 19.300462181592632 ], [ -98.997891085351682, 19.300378929732013 ], [ -98.997792448216643, 19.300149993166592 ], [ -98.997836295496995, 19.299598467478138 ], [ -98.997913018855428, 19.299317502174215 ], [ -98.997945492848714, 19.299147931480025 ], [ -98.997956861505699, 19.299088567243853 ], [ -98.997748624554532, 19.298953284767848 ], [ -98.997817036065754, 19.298637809730426 ], [ -98.997825348724064, 19.298599476386183 ], [ -98.997978789301641, 19.298443385801455 ], [ -98.997956873646771, 19.298110388540302 ], [ -98.99797879645682, 19.297860641013298 ], [ -98.997759601053048, 19.297735764567467 ], [ -98.997608620811548, 19.29776934066518 ], [ -98.997419846942506, 19.297662916980741 ], [ -98.997444609149525, 19.297466364698447 ], [ -98.9974907182322, 19.297100368367186 ], [ -98.997495362243711, 19.297063505881304 ], [ -98.997579033363508, 19.296399351882389 ], [ -98.99781710243802, 19.296368808484385 ], [ -98.997836405540426, 19.296350480874651 ], [ -98.997855708638497, 19.296332153262753 ], [ -98.997914520090262, 19.295879887572518 ], [ -98.99792005774772, 19.295837302326778 ], [ -98.997649819256637, 19.295788424807398 ], [ -98.997653115705077, 19.295767955095954 ], [ -98.997656412152708, 19.295747485384403 ], [ -98.997750806888391, 19.295161327038926 ], [ -98.997887906008756, 19.294309981787539 ], [ -98.997917570129744, 19.294259284258786 ], [ -98.997944132939722, 19.294213887001412 ], [ -98.997956412027307, 19.294176432486005 ], [ -98.997966786708858, 19.294117655061889 ], [ -98.997995504047509, 19.293954957681105 ], [ -98.998270714602228, 19.29239574231838 ], [ -98.99832809121564, 19.292403569179768 ], [ -98.998532362783649, 19.292431434130584 ], [ -98.998589773216011, 19.292439265519725 ], [ -98.999837472310944, 19.292620777521208 ], [ -98.999695919590692, 19.293500513952967 ], [ -99.000973337819019, 19.293690412286075 ], [ -99.002250758993327, 19.293880301680378 ], [ -99.003517908978864, 19.29406865499244 ], [ -99.004789842470245, 19.294257710061316 ], [ -99.00606578779707, 19.294447352092519 ], [ -99.005925828434087, 19.295380517955607 ], [ -99.00656153130565, 19.295470829815319 ], [ -99.006937762903917, 19.295499558416761 ], [ -99.007168184748934, 19.295479353994317 ], [ -99.007258353844875, 19.295468669566723 ], [ -99.007543188019881, 19.295429731181919 ], [ -99.007841573455238, 19.295343491091788 ], [ -99.008165902208916, 19.295191552194733 ], [ -99.008399418465373, 19.29508067764467 ], [ -99.008568067724141, 19.294978017994826 ], [ -99.008645930239737, 19.294893225676361 ], [ -99.00871670935102, 19.294942096557698 ], [ -99.008793924042806, 19.295015404224163 ], [ -99.008781057203535, 19.295045951246546 ], [ -99.00851404291069, 19.295171204142537 ], [ -99.008482928160035, 19.295185799625333 ], [ -99.008247028211443, 19.295296456646557 ], [ -99.007841678910992, 19.295467534353982 ], [ -99.007513536804012, 19.295571405915311 ], [ -99.00734858862198, 19.295589838263389 ], [ -99.007076009499272, 19.295620297634656 ], [ -99.006683569123865, 19.296836059114739 ], [ -99.006491391486463, 19.297410084322891 ], [ -99.006329722964736, 19.29789297701068 ], [ -99.006091678813604, 19.298613879973328 ], [ -99.006014869524634, 19.298861347634272 ], [ -99.005911537159648, 19.299194267313197 ], [ -99.005808597146455, 19.299487515951416 ], [ -99.005757131275928, 19.299756325796437 ], [ -99.005570111596072, 19.30006906110194 ], [ -99.005435427849861, 19.300287842785995 ], [ -99.005358220930049, 19.300483341935482 ], [ -99.005261709288192, 19.300642185944 ], [ -99.005184503342988, 19.3008804499501 ], [ -99.005158782914265, 19.301436394848345 ], [ -99.005158795744236, 19.301845716357835 ], [ -99.005216710515583, 19.301980118786073 ], [ -99.005165245009167, 19.302316130425364 ], [ -99.004965793703036, 19.302939282071318 ], [ -99.004834970596065, 19.304134387601749 ], [ -99.004830704504215, 19.304173359243123 ], [ -99.004907928357184, 19.304466602358076 ], [ -99.004862892088909, 19.304668209615528 ], [ -99.004907942934125, 19.304955344294704 ], [ -99.005178215837404, 19.30555099102822 ], [ -99.005239345559119, 19.305569317104791 ], [ -99.005310128152928, 19.305615134611607 ], [ -99.005339085756688, 19.305667062592327 ], [ -99.005329436353037, 19.305746483430358 ], [ -99.005306917429309, 19.305819795368389 ], [ -99.005332659817682, 19.305935870813332 ], [ -99.005380923472487, 19.306048890953921 ], [ -99.005387360438377, 19.306119147406861 ], [ -99.005339102408215, 19.306180241557218 ], [ -99.005146065439092, 19.306281050109085 ], [ -99.005017374553802, 19.306366583515693 ], [ -99.00493858735544, 19.306427065989919 ], [ -99.004866163053322, 19.306482663797706 ], [ -99.004685998814367, 19.306723984793123 ], [ -99.004628091913546, 19.306913373727522 ], [ -99.004621663820956, 19.307148580887791 ], [ -99.004666714665447, 19.307426551639725 ], [ -99.004695675610762, 19.307591501250204 ], [ -99.00464420521871, 19.307854201271557 ], [ -99.004563778049061, 19.308107738089305 ], [ -99.004438306515326, 19.308330729606528 ], [ -99.004377177725971, 19.308382659892853 ], [ -99.004039352915299, 19.30837961304616 ], [ -99.003946049968107, 19.308422379989459 ], [ -99.003778751090053, 19.30863315340213 ], [ -99.003576063708408, 19.308990549867239 ], [ -99.003428069418362, 19.309262415278152 ], [ -99.003341201721227, 19.309360165227393 ], [ -99.003341202279586, 19.309387656947305 ], [ -99.003402333917293, 19.309439584621988 ], [ -99.003547117272291, 19.309457909678716 ], [ -99.003688685725436, 19.309586201563306 ], [ -99.00380451579926, 19.309741985593558 ], [ -99.003849562757608, 19.309882497877354 ], [ -99.003991132478973, 19.310038281239294 ], [ -99.004139135912737, 19.310139080907788 ], [ -99.004209921182863, 19.310224609076375 ], [ -99.004293576669468, 19.310328464725789 ], [ -99.004435142006699, 19.310291805717593 ], [ -99.004608878521609, 19.310151288190745 ], [ -99.004892009050764, 19.310090188115229 ], [ -99.005027143707935, 19.310200151313222 ], [ -99.005130108575955, 19.310444519266017 ], [ -99.005200897196787, 19.31061557683115 ], [ -99.005271685377522, 19.310768306555214 ], [ -99.005387516082095, 19.310872160764511 ], [ -99.005438998753959, 19.310988235368281 ], [ -99.005484047246171, 19.311122637959215 ], [ -99.005561267266899, 19.31117150978152 ], [ -99.005606312994232, 19.31122038256224 ], [ -99.005561274082822, 19.311373115685154 ], [ -99.005535537465761, 19.311458646243707 ], [ -99.005484067002868, 19.311715237120954 ], [ -99.005509813509448, 19.311922951506588 ], [ -99.005567730876166, 19.312020698058223 ], [ -99.00560634818379, 19.31225284910677 ], [ -99.005529137499323, 19.312497222225474 ], [ -99.005503402938331, 19.312649954726897 ], [ -99.005580626169291, 19.312772137758607 ], [ -99.005696460596113, 19.312937084435681 ], [ -99.005683594737107, 19.313053160941386 ], [ -99.005580646897627, 19.313383064618211 ], [ -99.005516310076771, 19.313761841207285 ], [ -99.005387619936769, 19.314042871382629 ], [ -99.00531016566147, 19.314489816630154 ], [ -99.005303980783737, 19.31452550598889 ], [ -99.00534903728844, 19.314879842189494 ], [ -99.005458436328439, 19.314995915029417 ], [ -99.005632184050199, 19.315063111689344 ], [ -99.005683670107544, 19.315234169574801 ], [ -99.005683675174836, 19.315380791985213 ], [ -99.005554978895816, 19.31550909055608 ], [ -99.005503502699554, 19.315631277454663 ], [ -99.005548554784596, 19.315832881895382 ], [ -99.005664397017455, 19.31616277873465 ], [ -99.005600055767104, 19.316437697710743 ], [ -99.00538127091643, 19.316669856413224 ], [ -99.005201090578666, 19.316730954300265 ], [ -99.004905084392888, 19.316987551673368 ], [ -99.004763528263396, 19.317537389346572 ], [ -99.004609104339465, 19.318209412506647 ], [ -99.004660602093679, 19.318795900635862 ], [ -99.004647753869634, 19.319577886821669 ], [ -99.004776472675744, 19.32009106167969 ], [ -99.004827965877027, 19.320482053205879 ], [ -99.004544838713116, 19.321312920297647 ], [ -99.004145862895797, 19.321728359682712 ], [ -99.003914199249593, 19.321997172360813 ], [ -99.003669675155635, 19.322754725979561 ], [ -99.003759785274696, 19.323438961477304 ], [ -99.003883354075924, 19.324369371796493 ], [ -99.001373344145691, 19.324966512490331 ], [ -98.999763830179631, 19.325349401366505 ] ] ] ] } },
{ "type": "Feature", "properties": { "id": 2281.0, "entidad": 9, "distrito_f": 9, "distrito_l": 8, "municipio": 11, "seccion": 3638, "tipo": 2, "control": 36241.0, "SECCION_TX": "3638", "SECCION__1": null, "SECCION__2": null, "SECCION_N": "3638", "ESTATUS": null, "ALCALDIA_N": "TLAHUAC", "EN_OPERATI": null, "EN_OP": "NO", "SEC_N": "3638", "EST": null, "ALC_N": "TLAHUAC", "OP": "NO", "NOMBRE": "ZOMPANTITLA" }, "geometry": { "type": "MultiPolygon", "coordinates": [ [ [ [ -98.989424690814985, 19.32557695351252 ], [ -98.989376654464195, 19.325488347900006 ], [ -98.989315521688368, 19.325430306356562 ], [ -98.989280132036768, 19.32535088389616 ], [ -98.989305878887237, 19.325271465023231 ], [ -98.989405632586582, 19.325198159720234 ], [ -98.989469990844199, 19.325134016212715 ], [ -98.98949573971629, 19.32502099637821 ], [ -98.989611593661024, 19.324758304806689 ], [ -98.989608384459302, 19.324623900887129 ], [ -98.989637350272361, 19.324520045100797 ], [ -98.989669533548934, 19.324419244121394 ], [ -98.989701712575666, 19.324385645005901 ], [ -98.989843289491787, 19.324410089988657 ], [ -98.989930167175302, 19.324410094805845 ], [ -98.989988087119428, 19.324385660950497 ], [ -98.990049228805603, 19.324294025381455 ], [ -98.99006854066522, 19.324199332887499 ], [ -98.990132897722901, 19.324144353030281 ], [ -98.990232651458427, 19.32405271948198 ], [ -98.990258398369207, 19.323961081940478 ], [ -98.990280926486193, 19.323887772006874 ], [ -98.990377466416206, 19.32372588169931 ], [ -98.990416081052658, 19.32368311890232 ], [ -98.990506177088378, 19.323664795829689 ], [ -98.990583404670687, 19.3236067618489 ], [ -98.990679939981149, 19.323518182514931 ], [ -98.990811867539463, 19.323466260484899 ], [ -98.990901964257617, 19.323432664062327 ], [ -98.99102745983491, 19.323316594307144 ], [ -98.991709634499827, 19.32275151986277 ], [ -98.991767554666012, 19.322705703020208 ], [ -98.991783644485935, 19.322675157435004 ], [ -98.991687128801203, 19.322397181630265 ], [ -98.990567380265887, 19.322491820728327 ], [ -98.990486954283483, 19.322226063639846 ], [ -98.990451569545186, 19.322064166335263 ], [ -98.990380796524065, 19.321804518955403 ], [ -98.989936811804554, 19.320991963026586 ], [ -98.989734137664584, 19.320411571706739 ], [ -98.989676243442673, 19.320048067246102 ], [ -98.989637643329672, 19.319870896403526 ], [ -98.989463917228619, 19.319489057445161 ], [ -98.989386703805735, 19.319351594522924 ], [ -98.98919690395347, 19.318771203251835 ], [ -98.989132563425258, 19.318603194649075 ], [ -98.989100390780578, 19.318555845927165 ], [ -98.989068218154429, 19.31850849719941 ], [ -98.989074662034781, 19.318377148389096 ], [ -98.98902318962088, 19.318245796101291 ], [ -98.989003901147683, 19.317992260435727 ], [ -98.988945997684638, 19.317802869712096 ], [ -98.988942789365183, 19.317665411045812 ], [ -98.988891315834636, 19.317555441139994 ], [ -98.988872027231707, 19.317308014707102 ], [ -98.988839866628339, 19.317088079174841 ], [ -98.988762670926661, 19.316715409212367 ], [ -98.988550369130124, 19.315912027486636 ], [ -98.988482813285131, 19.315737909134317 ], [ -98.988395968850753, 19.315331637384347 ], [ -98.988350926246994, 19.315294978912021 ], [ -98.988296231994255, 19.315246101275541 ], [ -98.988257627513391, 19.315166678323038 ], [ -98.988267288763453, 19.315044493601182 ], [ -98.988235120013641, 19.3149559071549 ], [ -98.988186860261806, 19.314916193799629 ], [ -98.988141824205599, 19.31479095089804 ], [ -98.988125749699179, 19.3146107264634 ], [ -98.988138622563909, 19.314571017061855 ], [ -98.988186887688073, 19.314534364587701 ], [ -98.988222284111288, 19.314479383467706 ], [ -98.988238377497552, 19.314396909393018 ], [ -98.988276993328469, 19.314314436764466 ], [ -98.988350997863222, 19.314283895165381 ], [ -98.988463611217668, 19.314268629150618 ], [ -98.988598750391759, 19.314204490333005 ], [ -98.988672757131525, 19.314140347630236 ], [ -98.988711372055377, 19.314067038809004 ], [ -98.988737119084064, 19.313963182845647 ], [ -98.988704953858544, 19.313822667693834 ], [ -98.988676005118364, 19.313697425904159 ], [ -98.988585923244528, 19.313587453464965 ], [ -98.988508707134898, 19.313538574473068 ], [ -98.988476534268798, 19.313511080737094 ], [ -98.988470104664813, 19.313434714477705 ], [ -98.988463672495712, 19.313395003827193 ], [ -98.98841863083716, 19.313352236095803 ], [ -98.988354281541902, 19.31334917736622 ], [ -98.988293149724498, 19.313346118820487 ], [ -98.988222366795597, 19.313324731826487 ], [ -98.988141935205149, 19.313251415396905 ], [ -98.98793281779804, 19.313000921680171 ], [ -98.987916732922997, 19.312967319638521 ], [ -98.987919953756233, 19.31292150033725 ], [ -98.988026138622217, 19.31280543123102 ], [ -98.988293199295072, 19.312649662205693 ], [ -98.988389729834196, 19.312554974705733 ], [ -98.988466953157413, 19.312493886913522 ], [ -98.988486261117473, 19.312448068615733 ], [ -98.988479835615095, 19.312313664292329 ], [ -98.988553866207269, 19.311895184011856 ], [ -98.988586046401025, 19.311812710891196 ], [ -98.988814499361652, 19.311601955240661 ], [ -98.989178101182063, 19.311131563398803 ], [ -98.989224757649922, 19.311075055413284 ], [ -98.989271414085749, 19.311018547415461 ], [ -98.989290724631346, 19.310926909500438 ], [ -98.989226396074301, 19.31062144221 ], [ -98.989207098154964, 19.310520638111107 ], [ -98.989213534798012, 19.310493146775496 ], [ -98.989281101008984, 19.310487041486088 ], [ -98.989268236512046, 19.310407620216125 ], [ -98.989232857110096, 19.310221285385332 ], [ -98.989197465552309, 19.310221283293938 ], [ -98.989165291006515, 19.310227390657108 ], [ -98.989152426585704, 19.310147969376757 ], [ -98.989162087276739, 19.310019675269221 ], [ -98.989181394752421, 19.309973856885229 ], [ -98.989303663463744, 19.309863897220318 ], [ -98.989432361916471, 19.309830303728727 ], [ -98.989519235984204, 19.309766161395491 ], [ -98.989561068651469, 19.30966536082483 ], [ -98.989528899088583, 19.309595102367169 ], [ -98.989470992106845, 19.309497350701101 ], [ -98.989496738719296, 19.309381276035946 ], [ -98.989532140009018, 19.309225491657475 ], [ -98.989564320739561, 19.309118581254957 ], [ -98.989551459122595, 19.308993340458695 ], [ -98.989458176725094, 19.30865121589656 ], [ -98.989429224590239, 19.308584012235197 ], [ -98.989345577001828, 19.308516805384105 ], [ -98.989207235229273, 19.308431267453294 ], [ -98.989110722138534, 19.30830602165096 ], [ -98.989046383345837, 19.308174668457934 ], [ -98.989027087045372, 19.308055536497541 ], [ -98.98907857371637, 19.307924190238754 ], [ -98.989175107862536, 19.307725644647537 ], [ -98.989245894696253, 19.307652337566115 ], [ -98.989271641576408, 19.307530153636939 ], [ -98.989245907474512, 19.307456840855135 ], [ -98.989130092191203, 19.307310211458311 ], [ -98.988911326709712, 19.307090264490245 ], [ -98.988615332760091, 19.307053590633213 ], [ -98.988390118524023, 19.307047467174751 ], [ -98.988042649363251, 19.306980242744636 ], [ -98.987856044361038, 19.306961902607139 ], [ -98.987788481358976, 19.306943570281724 ], [ -98.987720918371977, 19.306925237931278 ], [ -98.987643707480686, 19.306851921448892 ], [ -98.987630844057492, 19.30677250003248 ], [ -98.987663025771653, 19.306662535300411 ], [ -98.98766946870208, 19.306552568824475 ], [ -98.987688779157168, 19.306467040307208 ], [ -98.987643746936442, 19.306326523985582 ], [ -98.987502199834523, 19.306118799063508 ], [ -98.987309170155072, 19.305984381734536 ], [ -98.987161184348111, 19.305837748826615 ], [ -98.987154761137035, 19.305691125813038 ], [ -98.987116158968476, 19.305617811810791 ], [ -98.987083991000489, 19.305550607528787 ], [ -98.987135487750962, 19.305300130946392 ], [ -98.987264201752339, 19.305025222650585 ], [ -98.987334990155347, 19.304927479192621 ], [ -98.987463698411986, 19.30471977275965 ], [ -98.987489445690798, 19.30460369831712 ], [ -98.987470148376488, 19.304518167154615 ], [ -98.987360764304412, 19.304463176145617 ], [ -98.987212774596628, 19.304383745273277 ], [ -98.987161303990248, 19.304304321094026 ], [ -98.98709697526283, 19.30408438267812 ], [ -98.987032648632791, 19.303840007135786 ], [ -98.98698762058838, 19.303662834964008 ], [ -98.986942592640816, 19.303485662777831 ], [ -98.986820343730116, 19.30338790559378 ], [ -98.986183340105399, 19.303174033867862 ], [ -98.985417654282415, 19.302880729103229 ], [ -98.985057331051536, 19.302758514459878 ], [ -98.984902901609559, 19.302764611030007 ], [ -98.98470344118472, 19.30265462746944 ], [ -98.984368871597937, 19.302379681731828 ], [ -98.98422732968109, 19.302196391288131 ], [ -98.984015001969212, 19.302080296581462 ], [ -98.983641828918209, 19.301793127559552 ], [ -98.983622526637234, 19.301780907277134 ], [ -98.983603224359129, 19.301768686992578 ], [ -98.983635407783183, 19.30165872291138 ], [ -98.984428744936423, 19.300482599387003 ], [ -98.984677943064682, 19.300076510733106 ], [ -98.984735868248279, 19.299911565099908 ], [ -98.984793793315717, 19.299746619445358 ], [ -98.98476163818826, 19.299563338441182 ], [ -98.984723856720805, 19.299334520518627 ], [ -98.984821101955504, 19.298979956714234 ], [ -98.984813232182901, 19.298740175564589 ], [ -98.984840147425743, 19.298706224269054 ], [ -98.984697400630793, 19.298472404786285 ], [ -98.986583067591255, 19.297117844333528 ], [ -98.986521741976546, 19.29710979259357 ], [ -98.986463878291389, 19.297102195367554 ], [ -98.978636530967876, 19.296074326490832 ], [ -98.979422080606483, 19.291529111467213 ], [ -98.971679000411996, 19.290510650275955 ], [ -98.969507379752287, 19.290214229072351 ], [ -98.970219666470257, 19.285794878782404 ], [ -98.980126485510183, 19.287149027584562 ], [ -98.989770448297264, 19.288471405555565 ], [ -98.9898635982305, 19.288528644671025 ], [ -98.99050273470354, 19.288611117353547 ], [ -98.991099989246393, 19.288688183592917 ], [ -98.991141871817703, 19.288693587799443 ], [ -98.991759533462059, 19.288773284974784 ], [ -98.991921776238982, 19.287811896007241 ], [ -98.991940413538842, 19.287701457723941 ], [ -98.992593091698524, 19.287786237085015 ], [ -98.993863740136646, 19.287951280500092 ], [ -98.995133085637434, 19.288126112765521 ], [ -98.996402433835001, 19.288300936208163 ], [ -98.997684861670251, 19.288477551732313 ], [ -98.998926883967101, 19.288648593673514 ], [ -98.998906467105925, 19.288767446125448 ], [ -98.998750357155615, 19.289676201484124 ], [ -98.998743806701256, 19.289714333105394 ], [ -98.998737256243871, 19.289752464726181 ], [ -98.998725514083034, 19.289818993166186 ], [ -98.998581252894056, 19.290636340098022 ], [ -98.998270714602228, 19.29239574231838 ], [ -98.997995504047509, 19.293954957681105 ], [ -98.997966786708858, 19.294117655061889 ], [ -98.997956412027307, 19.294176432486005 ], [ -98.997944132939722, 19.294213887001412 ], [ -98.997917570129744, 19.294259284258786 ], [ -98.997887906008756, 19.294309981787539 ], [ -98.997750806888391, 19.295161327038926 ], [ -98.997656412152708, 19.295747485384403 ], [ -98.997653115705077, 19.295767955095954 ], [ -98.997649819256637, 19.295788424807398 ], [ -98.99792005774772, 19.295837302326778 ], [ -98.997914520090262, 19.295879887572518 ], [ -98.997855708638497, 19.296332153262753 ], [ -98.997836405540426, 19.296350480874651 ], [ -98.99781710243802, 19.296368808484385 ], [ -98.997579033363508, 19.296399351882389 ], [ -98.997495362243711, 19.297063505881304 ], [ -98.9974907182322, 19.297100368367186 ], [ -98.997444609149525, 19.297466364698447 ], [ -98.997419846942506, 19.297662916980741 ], [ -98.997608620811548, 19.29776934066518 ], [ -98.997759601053048, 19.297735764567467 ], [ -98.99797879645682, 19.297860641013298 ], [ -98.997956873646771, 19.298110388540302 ], [ -98.997978789301641, 19.298443385801455 ], [ -98.997825348724064, 19.298599476386183 ], [ -98.997817036065754, 19.298637809730426 ], [ -98.997748624554532, 19.298953284767848 ], [ -98.997956861505699, 19.299088567243853 ], [ -98.997945492848714, 19.299147931480025 ], [ -98.997913018855428, 19.299317502174215 ], [ -98.997836295496995, 19.299598467478138 ], [ -98.997792448216643, 19.300149993166592 ], [ -98.997891085351682, 19.300378929732013 ], [ -98.998132204909425, 19.300462181592632 ], [ -98.998116505824001, 19.30053074431267 ], [ -98.99807740197177, 19.300701522569447 ], [ -98.997964582995138, 19.300902705924582 ], [ -98.997989716279022, 19.301138580083684 ], [ -98.99816507466943, 19.301388329611498 ], [ -98.998307554449042, 19.301523610979004 ], [ -98.998592516401828, 19.30159645646955 ], [ -98.998822677020854, 19.301814987309303 ], [ -98.998778099296914, 19.301975816178231 ], [ -98.998701000093121, 19.302392077403159 ], [ -98.998800750641848, 19.30265788550113 ], [ -98.998965152083073, 19.30284519723747 ], [ -98.998811707585517, 19.303105350089051 ], [ -98.99847193815701, 19.303438344396358 ], [ -98.998362333509419, 19.303677684913772 ], [ -98.998504814298471, 19.303937839898449 ], [ -98.998745938111881, 19.30418758931868 ], [ -98.999052824475797, 19.304426932616991 ], [ -98.998800734868126, 19.304822364817944 ], [ -98.998756891313292, 19.305124142850161 ], [ -98.998866493698344, 19.305269829648228 ], [ -98.998822650814944, 19.305477952344702 ], [ -98.998804085278792, 19.305500279263949 ], [ -98.998658243766286, 19.305675668031203 ], [ -98.998470638725038, 19.305931243226372 ], [ -98.998482874302624, 19.306050287990956 ], [ -98.99854863330971, 19.306435315990747 ], [ -98.998515748463987, 19.306830749322202 ], [ -98.998691114628471, 19.30696603057444 ], [ -98.999008967261361, 19.307090906338615 ], [ -98.999212871816056, 19.307081174417505 ], [ -98.999261056853285, 19.307361467344506 ], [ -98.999688515684284, 19.307465530038183 ], [ -98.999973488533101, 19.307569591764601 ], [ -98.99990772525986, 19.308037868309867 ], [ -99.000028291142087, 19.308152335932601 ], [ -99.000236541637605, 19.308308427963109 ], [ -99.000664003545921, 19.30841248836148 ], [ -99.000959939763234, 19.3086102038021 ], [ -99.001332600191617, 19.308735075200889 ], [ -99.001288759993443, 19.309005635278123 ], [ -99.001212038188058, 19.30932822627922 ], [ -99.001299727332366, 19.309858939013846 ], [ -99.001540863870872, 19.310087872293195 ], [ -99.002340998521959, 19.310493703363996 ], [ -99.002154671178246, 19.310837108366641 ], [ -99.002297165471958, 19.311190915465374 ], [ -99.002253326348665, 19.311471881843108 ], [ -99.001902588472305, 19.312033817473278 ], [ -99.001639532299635, 19.31233559811314 ], [ -99.001464160858077, 19.312522910136114 ], [ -99.001420320406368, 19.31285590697377 ], [ -99.001566376317925, 19.313022301037851 ], [ -99.001584735020742, 19.313043216140979 ], [ -99.001518970975212, 19.313168090378774 ], [ -99.001277832619294, 19.313282559763856 ], [ -99.001210494824974, 19.313503684934702 ], [ -99.001288797904905, 19.313844491211771 ], [ -99.001076035855675, 19.314013973822298 ], [ -99.001124386810346, 19.314239925573538 ], [ -99.00080652432014, 19.315249322641925 ], [ -99.000620187326277, 19.315311760194799 ], [ -99.00037904522577, 19.315436634502639 ], [ -99.000159826718829, 19.31750745589731 ], [ -98.999929641882872, 19.31842319577488 ], [ -98.99972685779332, 19.3192817015826 ], [ -98.999704934603145, 19.319630306991534 ], [ -98.999699453465297, 19.319895663355744 ], [ -98.999746132303727, 19.320171829114027 ], [ -98.99986387289556, 19.320400360946671 ], [ -98.999951563670692, 19.320670920407284 ], [ -98.999924160127847, 19.320899855282423 ], [ -99.000077620172235, 19.322132981719452 ], [ -99.00011966727125, 19.322232773674244 ], [ -99.000135866503527, 19.32227121988365 ], [ -99.000143389142636, 19.322289073621814 ], [ -99.000120326042563, 19.322475031288022 ], [ -99.000022812871691, 19.322575242230648 ], [ -98.999913197803536, 19.322668897372527 ], [ -98.999908937469172, 19.322745353205427 ], [ -99.000011851391193, 19.322871816905238 ], [ -98.99993512067806, 19.323027908823654 ], [ -98.999841947580578, 19.323105954730593 ], [ -98.999763830179631, 19.325349401366505 ], [ -98.997350839165222, 19.325402560915474 ], [ -98.989424690814985, 19.32557695351252 ] ] ] ] } },
{ "type": "Feature", "properties": { "id": 2251.0, "entidad": 9, "distrito_f": 9, "distrito_l": 8, "municipio": 11, "seccion": 3614, "tipo": 3, "control": 35929.0, "SECCION_TX": "3614", "SECCION__1": null, "SECCION__2": null, "SECCION_N": "3614", "ESTATUS": null, "ALCALDIA_N": "TLAHUAC", "EN_OPERATI": null, "EN_OP": "NO", "SEC_N": "3614", "EST": null, "ALC_N": "TLAHUAC", "OP": "NO", "NOMBRE": "VAPAC 2" }, "geometry": { "type": "MultiPolygon", "coordinates": [ [ [ [ -99.026056424398448, 19.319092625279914 ], [ -99.026035708341951, 19.319029529902735 ], [ -99.02608068158527, 19.318969348759143 ], [ -99.026115427742567, 19.318885875628251 ], [ -99.026119498890495, 19.318771348963693 ], [ -99.025966107640585, 19.318511260771015 ], [ -99.025673637697324, 19.317981376360297 ], [ -99.025555004024838, 19.317701871700724 ], [ -99.025469060838986, 19.317265131645907 ], [ -99.025376998854739, 19.316923507282667 ], [ -99.0253238036818, 19.316700285820076 ], [ -99.025318529012395, 19.316463242201046 ], [ -99.025317627016577, 19.316422706442776 ], [ -99.025425947006383, 19.316125699931149 ], [ -99.025611965962113, 19.315850034783161 ], [ -99.025802078730365, 19.315607367911284 ], [ -99.02591150330089, 19.315480557020116 ], [ -99.025974664760312, 19.315346465984796 ], [ -99.026030391760628, 19.315205319036007 ], [ -99.026048963121411, 19.315131218405963 ], [ -99.026160432469013, 19.314947721744421 ], [ -99.026216164237297, 19.314838331010492 ], [ -99.026249589521285, 19.314686601763928 ], [ -99.026297877775775, 19.314513699514496 ], [ -99.026394478896535, 19.314323147889464 ], [ -99.026468771136763, 19.31407614383679 ], [ -99.026565351285981, 19.313758566989314 ], [ -99.026643368742072, 19.313568017921863 ], [ -99.026847740458919, 19.313320994656372 ], [ -99.026910908409945, 19.313236301929305 ], [ -99.026979650287331, 19.313146315641575 ], [ -99.027074389789988, 19.312945178476699 ], [ -99.027191436756382, 19.312794318720577 ], [ -99.027308483508094, 19.312643458887145 ], [ -99.027340067096532, 19.312600230324801 ], [ -99.027371650668343, 19.312557001756797 ], [ -99.027402301703901, 19.312493484584937 ], [ -99.027432952715813, 19.312429967407517 ], [ -99.027787792380963, 19.31188829260071 ], [ -99.027891817932314, 19.311665982712135 ], [ -99.0280218144636, 19.311182561499702 ], [ -99.0281035099717, 19.310783831059563 ], [ -99.028382114393025, 19.310003994523552 ], [ -99.028708997222381, 19.309033612125933 ], [ -99.028708976902934, 19.308917172369753 ], [ -99.029251331021015, 19.307502166639637 ], [ -99.02954933223188, 19.306895012757995 ], [ -99.029580274108724, 19.306919687694386 ], [ -99.030553666132619, 19.307695910209024 ], [ -99.031702374654273, 19.308611921528332 ], [ -99.032015940547595, 19.307732371656488 ], [ -99.032068534230376, 19.307736145216641 ], [ -99.032112057201232, 19.307699063185684 ], [ -99.03220748374369, 19.307412212896132 ], [ -99.032258293345365, 19.307259479812529 ], [ -99.032235951604193, 19.307108172019735 ], [ -99.03231210063386, 19.30694778028332 ], [ -99.03230762293083, 19.306873626547858 ], [ -99.032436948095622, 19.306039875456211 ], [ -99.032446651985055, 19.305998543741932 ], [ -99.032631760077948, 19.30536279985316 ], [ -99.032834974045798, 19.305226029863167 ], [ -99.032885284763225, 19.305172783669406 ], [ -99.032964799733463, 19.305123560975961 ], [ -99.033069294325173, 19.305059450877831 ], [ -99.033074831693611, 19.305041916972758 ], [ -99.033151402417857, 19.304799452184835 ], [ -99.033323450213743, 19.304248637039858 ], [ -99.033585897200865, 19.303378843950462 ], [ -99.033597272723298, 19.303346422440697 ], [ -99.033666398743719, 19.303230434010018 ], [ -99.033820298994399, 19.302972199905962 ], [ -99.034102085945364, 19.302502835259283 ], [ -99.034338468770457, 19.302126072741554 ], [ -99.034490720687913, 19.301911682897618 ], [ -99.034509073248032, 19.301892471814547 ], [ -99.034595019565643, 19.301802507178973 ], [ -99.034621613545696, 19.301774669675993 ], [ -99.034838782677724, 19.301218290736781 ], [ -99.034903342636426, 19.301052889833002 ], [ -99.03490680570313, 19.300634499385758 ], [ -99.034831927104918, 19.300337595909113 ], [ -99.034852389075397, 19.300163742553249 ], [ -99.034350064148398, 19.30007504892308 ], [ -99.034460845751823, 19.299637696700437 ], [ -99.034789992618826, 19.298338250939423 ], [ -99.034428263785941, 19.298258410838628 ], [ -99.034435676329451, 19.298163140438621 ], [ -99.03450627960261, 19.298138427739094 ], [ -99.03494478618741, 19.298096002568116 ], [ -99.035245104024867, 19.29815393808671 ], [ -99.035383319847782, 19.298180601675686 ], [ -99.0354947015135, 19.297691885351313 ], [ -99.035600745269846, 19.297709484207907 ], [ -99.0356433558037, 19.297716555767298 ], [ -99.035888351985776, 19.296456839721571 ], [ -99.036290175543371, 19.296401537691111 ], [ -99.03629062714721, 19.296268234701035 ], [ -99.036988284060484, 19.296181398630129 ], [ -99.037756407145721, 19.296096513031245 ], [ -99.038188163483312, 19.296162159088908 ], [ -99.038773991056317, 19.296236198379116 ], [ -99.03879808199855, 19.296239243049431 ], [ -99.038782929841418, 19.296335301546435 ], [ -99.038775818097221, 19.296380387064961 ], [ -99.038230691939901, 19.297785561693082 ], [ -99.038161155265811, 19.297964804899042 ], [ -99.038081280000526, 19.298067147538717 ], [ -99.038055285546037, 19.298150072273167 ], [ -99.038010707850191, 19.298224179668903 ], [ -99.037951340820086, 19.298626438894242 ], [ -99.038304621309706, 19.298691787857329 ], [ -99.038402123759226, 19.298709823492903 ], [ -99.038275119116534, 19.299240321636045 ], [ -99.038221766418388, 19.29957913980564 ], [ -99.038137482709075, 19.300289711971285 ], [ -99.038127657891962, 19.300320667349258 ], [ -99.038064086499517, 19.300520963553371 ], [ -99.038033232326782, 19.30060645183049 ], [ -99.038001376680228, 19.300687975039668 ], [ -99.037941689068006, 19.300840723639293 ], [ -99.037887824586591, 19.300978570169068 ], [ -99.037875483645067, 19.301010152280906 ], [ -99.037868249819979, 19.301028664596029 ], [ -99.037777503732727, 19.301260895455041 ], [ -99.037769970580484, 19.30128109919033 ], [ -99.037753641132966, 19.3013248943622 ], [ -99.037663840270937, 19.30156573759449 ], [ -99.037551875000361, 19.301866024053851 ], [ -99.037489141451474, 19.302034272456787 ], [ -99.037426407774632, 19.302202520835191 ], [ -99.037350054803355, 19.302456455682339 ], [ -99.037180227025388, 19.303021266266764 ], [ -99.037143088065321, 19.303144782293916 ], [ -99.037084335449109, 19.303307901139679 ], [ -99.036951271919762, 19.303675972652258 ], [ -99.036823690671582, 19.304028877795336 ], [ -99.036790916972436, 19.304119533545663 ], [ -99.036736563706981, 19.304261541868577 ], [ -99.036665063303658, 19.304448349975107 ], [ -99.036598162420304, 19.304623140568079 ], [ -99.036577582925872, 19.304676908119379 ], [ -99.036566845405062, 19.304700335557197 ], [ -99.036516225232234, 19.304810780036178 ], [ -99.036426963861047, 19.305005532541873 ], [ -99.03632363828315, 19.30523097002213 ], [ -99.036178574824376, 19.305541146332644 ], [ -99.035999658939588, 19.30592370449909 ], [ -99.035892131681507, 19.306153618871914 ], [ -99.035780679670026, 19.306417920690397 ], [ -99.035760922143339, 19.306464774393987 ], [ -99.03542948412651, 19.307255233017319 ], [ -99.035286845819968, 19.307578144827222 ], [ -99.035266695791876, 19.307623749879923 ], [ -99.035163527151951, 19.307856803024535 ], [ -99.035042910537143, 19.308116980609945 ], [ -99.034719508931147, 19.308814572147423 ], [ -99.034605138209471, 19.309047151324044 ], [ -99.034479604145631, 19.309302430928465 ], [ -99.034414527347181, 19.309434767806859 ], [ -99.034325297519231, 19.309616219722407 ], [ -99.034173519523662, 19.309855487769845 ], [ -99.034106364615369, 19.309883590499641 ], [ -99.034039209684181, 19.309911693606384 ], [ -99.033730973234384, 19.310464442155883 ], [ -99.033850624282124, 19.310620889798624 ], [ -99.033840029384308, 19.310805122326858 ], [ -99.033845381616928, 19.31097925706883 ], [ -99.03367964657788, 19.311291753662275 ], [ -99.033558381974288, 19.31140329271425 ], [ -99.03353183792575, 19.311590051847496 ], [ -99.033531928472087, 19.312034224095672 ], [ -99.033494794561378, 19.312432976452637 ], [ -99.033409778410473, 19.312665172975347 ], [ -99.033239677047575, 19.312791389328815 ], [ -99.033096150677423, 19.312882268823845 ], [ -99.032734636641152, 19.312912618501247 ], [ -99.03215529112525, 19.31367992803008 ], [ -99.032076193598101, 19.313847285172088 ], [ -99.031910778274195, 19.313917199273408 ], [ -99.031820408430576, 19.313972736575618 ], [ -99.031650290896465, 19.314028287682465 ], [ -99.031496135344213, 19.314149452217979 ], [ -99.031480645545884, 19.314169920257928 ], [ -99.031373886366453, 19.314310990425106 ], [ -99.031363094024911, 19.314342132774907 ], [ -99.030045915994734, 19.318142883979974 ], [ -99.027320043768199, 19.318791817759294 ], [ -99.026787909, 19.318918495000027 ], [ -99.026162751248123, 19.319067314306782 ], [ -99.026056424398448, 19.319092625279914 ] ] ] ] } },
{ "type": "Feature", "properties": { "id": 2268.0, "entidad": 9, "distrito_f": 9, "distrito_l": 8, "municipio": 11, "seccion": 3637, "tipo": 2, "control": 35863.0, "SECCION_TX": "3637", "SECCION__1": null, "SECCION__2": null, "SECCION_N": "3637", "ESTATUS": "COMPLETA", "ALCALDIA_N": "TLAHUAC", "EN_OPERATI": null, "EN_OP": "SI", "SEC_N": "3637", "EST": "COMPLETA", "ALC_N": "TLAHUAC", "OP": "SI", "NOMBRE": "VAPAC 2" }, "geometry": { "type": "MultiPolygon", "coordinates": [ [ [ [ -99.040366024835691, 19.307100162543129 ], [ -99.040072307353824, 19.306855421829741 ], [ -99.039778590745527, 19.306610680635668 ], [ -99.039084049124199, 19.307485783423214 ], [ -99.038776013411621, 19.307263710866906 ], [ -99.039486661067201, 19.306378855022732 ], [ -99.03934930128797, 19.306277190973159 ], [ -99.03924422220453, 19.306179142639241 ], [ -99.038843925642325, 19.306057474899898 ], [ -99.038454782959121, 19.305944997718491 ], [ -99.038428860853415, 19.305946614917872 ], [ -99.038236934536414, 19.305881331934827 ], [ -99.037409633292711, 19.305599978092392 ], [ -99.03730464900039, 19.305563975032747 ], [ -99.037261752825799, 19.305549066200058 ], [ -99.03721190381323, 19.305532765725648 ], [ -99.03632363828315, 19.30523097002213 ], [ -99.036426963861047, 19.305005532541873 ], [ -99.036516225232234, 19.304810780036178 ], [ -99.036566845405062, 19.304700335557197 ], [ -99.036577582925872, 19.304676908119379 ], [ -99.036598162420304, 19.304623140568079 ], [ -99.036665063303658, 19.304448349975107 ], [ -99.036736563706981, 19.304261541868577 ], [ -99.036790916972436, 19.304119533545663 ], [ -99.036823690671582, 19.304028877795336 ], [ -99.036951271919762, 19.303675972652258 ], [ -99.037084335449109, 19.303307901139679 ], [ -99.037143088065321, 19.303144782293916 ], [ -99.037180227025388, 19.303021266266764 ], [ -99.037350054803355, 19.302456455682339 ], [ -99.037426407774632, 19.302202520835191 ], [ -99.037489141451474, 19.302034272456787 ], [ -99.037551875000361, 19.301866024053851 ], [ -99.037663840270937, 19.30156573759449 ], [ -99.037753641132966, 19.3013248943622 ], [ -99.037769970580484, 19.30128109919033 ], [ -99.037777503732727, 19.301260895455041 ], [ -99.037868249819979, 19.301028664596029 ], [ -99.037875483645067, 19.301010152280906 ], [ -99.037887824586591, 19.300978570169068 ], [ -99.037941689068006, 19.300840723639293 ], [ -99.038001376680228, 19.300687975039668 ], [ -99.038033232326782, 19.30060645183049 ], [ -99.038064086499517, 19.300520963553371 ], [ -99.038127657891962, 19.300320667349258 ], [ -99.038137482709075, 19.300289711971285 ], [ -99.038221766418388, 19.29957913980564 ], [ -99.038443325317402, 19.29960825099646 ], [ -99.038443356942906, 19.299743656429538 ], [ -99.038460967509891, 19.299761483889522 ], [ -99.038592441973364, 19.299818292997418 ], [ -99.038778986446673, 19.299876327440174 ], [ -99.038844819034964, 19.299896808064318 ], [ -99.038962201345626, 19.299922972581669 ], [ -99.039079582105856, 19.299942450335582 ], [ -99.039211044713909, 19.299947994390028 ], [ -99.039287338012528, 19.299942962973169 ], [ -99.039340154613441, 19.299931807120295 ], [ -99.03932743127352, 19.300027737371416 ], [ -99.039347251397572, 19.300158595760866 ], [ -99.039369560624579, 19.300190909943392 ], [ -99.039416522095124, 19.300236592178564 ], [ -99.039761625667381, 19.300307284794876 ], [ -99.040022208597676, 19.300337317954348 ], [ -99.040078033955567, 19.30031704474456 ], [ -99.040145442425796, 19.300290484084343 ], [ -99.040248735011673, 19.300296033582814 ], [ -99.040431851630942, 19.300334441578094 ], [ -99.040551584641406, 19.300371191806484 ], [ -99.040677183636845, 19.300396238945794 ], [ -99.041347425365146, 19.300484129776066 ], [ -99.041230266701533, 19.300858505892148 ], [ -99.040899620504447, 19.301972925037653 ], [ -99.040678556861053, 19.302718199740109 ], [ -99.040618443639687, 19.302920858996128 ], [ -99.04052486596521, 19.303236335676221 ], [ -99.04026337331932, 19.304135507851832 ], [ -99.040180836169384, 19.304318298266846 ], [ -99.040378338542297, 19.30444448724306 ], [ -99.040453009471349, 19.30449047261488 ], [ -99.041186608487706, 19.304942249491262 ], [ -99.041811806758616, 19.305332116942076 ], [ -99.041124484189382, 19.306175235620632 ], [ -99.040990554335707, 19.306338529321785 ], [ -99.040481721192307, 19.306958919223185 ], [ -99.040366024835691, 19.307100162543129 ] ] ] ] } },
{ "type": "Feature", "properties": { "id": 2275.0, "entidad": 9, "distrito_f": 9, "distrito_l": 8, "municipio": 11, "seccion": 3623, "tipo": 3, "control": 36268.0, "SECCION_TX": "3623", "SECCION__1": null, "SECCION__2": null, "SECCION_N": "3623", "ESTATUS": null, "ALCALDIA_N": "TLAHUAC", "EN_OPERATI": null, "EN_OP": "NO", "SEC_N": "3623", "EST": null, "ALC_N": "TLAHUAC", "OP": "NO", "NOMBRE": "MAMAZCO" }, "geometry": { "type": "MultiPolygon", "coordinates": [ [ [ [ -98.979599618933719, 19.325792647919613 ], [ -98.980641966216353, 19.324669216154071 ], [ -98.980332901982493, 19.324124179684379 ], [ -98.979935459348056, 19.324057059051679 ], [ -98.979761179455181, 19.323974310784308 ], [ -98.979853735529645, 19.323738693185213 ], [ -98.979936149359531, 19.323635586494682 ], [ -98.98016527347184, 19.322979109141432 ], [ -98.980146002635138, 19.322768014615857 ], [ -98.979752849791012, 19.321765259226378 ], [ -98.97921358898995, 19.321082500862403 ], [ -98.978719241066869, 19.320684203507948 ], [ -98.978224921911277, 19.320086784610204 ], [ -98.977101396568059, 19.319347057724691 ], [ -98.97657724366789, 19.317910480993774 ], [ -98.976277660603543, 19.3175833161729 ], [ -98.976112942800938, 19.317042825425442 ], [ -98.976083008894051, 19.316843701243741 ], [ -98.975693559360352, 19.316388517737842 ], [ -98.975169230594872, 19.316260441244378 ], [ -98.974704764605875, 19.316544834972319 ], [ -98.974357130728848, 19.316836700545579 ], [ -98.974315197417397, 19.316871906693887 ], [ -98.974025950909734, 19.317113779120383 ], [ -98.974017601838185, 19.317271830312091 ], [ -98.973984284783029, 19.31740221877627 ], [ -98.973892697582755, 19.317540501522174 ], [ -98.973776146039199, 19.317627413612328 ], [ -98.97354722943949, 19.317647137111805 ], [ -98.973448218824785, 19.317495464216179 ], [ -98.973376676990725, 19.317078123746477 ], [ -98.9733592771655, 19.316081942275058 ], [ -98.973336268911439, 19.315417297427224 ], [ -98.97327398002156, 19.315110929953171 ], [ -98.97322408140792, 19.314865503123801 ], [ -98.973125074463965, 19.314492411463988 ], [ -98.973059058614268, 19.314313700925688 ], [ -98.973029432728239, 19.314235774718384 ], [ -98.972903551206471, 19.314051721780523 ], [ -98.972725620012213, 19.313777548961113 ], [ -98.972388862404728, 19.313354259534254 ], [ -98.972212077088642, 19.313129002188507 ], [ -98.972092940287112, 19.312977199316261 ], [ -98.970718299073994, 19.311294236785432 ], [ -98.96961561716401, 19.309939692014353 ], [ -98.969671102289055, 19.309813230119037 ], [ -98.96986332815932, 19.309375106577811 ], [ -98.969870838025599, 19.309357989947266 ], [ -98.969561806223453, 19.309209369259754 ], [ -98.968983310041367, 19.308931154658186 ], [ -98.968831850135558, 19.30931025229696 ], [ -98.968383639955093, 19.309110241720536 ], [ -98.967863518447018, 19.308852735043072 ], [ -98.968065456691235, 19.308522595872084 ], [ -98.968309334288335, 19.308123889976915 ], [ -98.967878504824569, 19.30808966969709 ], [ -98.967761238011278, 19.308080355152853 ], [ -98.968029883454278, 19.306248072445715 ], [ -98.967363648847353, 19.306165197750669 ], [ -98.967235670533782, 19.306149771665819 ], [ -98.967225978420856, 19.305961263083372 ], [ -98.967214185225203, 19.305914089867123 ], [ -98.967199401057258, 19.30585495261229 ], [ -98.967172823727978, 19.305748641650307 ], [ -98.968121231640836, 19.299450856444761 ], [ -98.96883764882746, 19.294693249489605 ], [ -98.96893441912303, 19.294050592511738 ], [ -98.969018544445674, 19.293491907334335 ], [ -98.969105891182735, 19.29291182429257 ], [ -98.969176804865413, 19.292440872598977 ], [ -98.96939780805792, 19.290973129291885 ], [ -98.969507379752287, 19.290214229072351 ], [ -98.971679000411996, 19.290510650275955 ], [ -98.979422080606483, 19.291529111467213 ], [ -98.978636530967876, 19.296074326490832 ], [ -98.986463878291389, 19.297102195367554 ], [ -98.986521741976546, 19.29710979259357 ], [ -98.986583067591255, 19.297117844333528 ], [ -98.984697400630793, 19.298472404786285 ], [ -98.984840147425743, 19.298706224269054 ], [ -98.984813232182901, 19.298740175564589 ], [ -98.984821101955504, 19.298979956714234 ], [ -98.984723856720805, 19.299334520518627 ], [ -98.98476163818826, 19.299563338441182 ], [ -98.984793793315717, 19.299746619445358 ], [ -98.984735868248279, 19.299911565099908 ], [ -98.984677943064682, 19.300076510733106 ], [ -98.984428744936423, 19.300482599387003 ], [ -98.983635407783183, 19.30165872291138 ], [ -98.983603224359129, 19.301768686992578 ], [ -98.983622526637234, 19.301780907277134 ], [ -98.983641828918209, 19.301793127559552 ], [ -98.984015001969212, 19.302080296581462 ], [ -98.98422732968109, 19.302196391288131 ], [ -98.984368871597937, 19.302379681731828 ], [ -98.98470344118472, 19.30265462746944 ], [ -98.984902901609559, 19.302764611030007 ], [ -98.985057331051536, 19.302758514459878 ], [ -98.985417654282415, 19.302880729103229 ], [ -98.986183340105399, 19.303174033867862 ], [ -98.986820343730116, 19.30338790559378 ], [ -98.986942592640816, 19.303485662777831 ], [ -98.98698762058838, 19.303662834964008 ], [ -98.987032648632791, 19.303840007135786 ], [ -98.98709697526283, 19.30408438267812 ], [ -98.987161303990248, 19.304304321094026 ], [ -98.987212774596628, 19.304383745273277 ], [ -98.987360764304412, 19.304463176145617 ], [ -98.987470148376488, 19.304518167154615 ], [ -98.987489445690798, 19.30460369831712 ], [ -98.987463698411986, 19.30471977275965 ], [ -98.987334990155347, 19.304927479192621 ], [ -98.987264201752339, 19.305025222650585 ], [ -98.987135487750962, 19.305300130946392 ], [ -98.987083991000489, 19.305550607528787 ], [ -98.987116158968476, 19.305617811810791 ], [ -98.987154761137035, 19.305691125813038 ], [ -98.987161184348111, 19.305837748826615 ], [ -98.987309170155072, 19.305984381734536 ], [ -98.987502199834523, 19.306118799063508 ], [ -98.987643746936442, 19.306326523985582 ], [ -98.987688779157168, 19.306467040307208 ], [ -98.98766946870208, 19.306552568824475 ], [ -98.987663025771653, 19.306662535300411 ], [ -98.987630844057492, 19.30677250003248 ], [ -98.987643707480686, 19.306851921448892 ], [ -98.987720918371977, 19.306925237931278 ], [ -98.987788481358976, 19.306943570281724 ], [ -98.987856044361038, 19.306961902607139 ], [ -98.988042649363251, 19.306980242744636 ], [ -98.988390118524023, 19.307047467174751 ], [ -98.988615332760091, 19.307053590633213 ], [ -98.988911326709712, 19.307090264490245 ], [ -98.989130092191203, 19.307310211458311 ], [ -98.989245907474512, 19.307456840855135 ], [ -98.989271641576408, 19.307530153636939 ], [ -98.989245894696253, 19.307652337566115 ], [ -98.989175107862536, 19.307725644647537 ], [ -98.98907857371637, 19.307924190238754 ], [ -98.989027087045372, 19.308055536497541 ], [ -98.989046383345837, 19.308174668457934 ], [ -98.989110722138534, 19.30830602165096 ], [ -98.989207235229273, 19.308431267453294 ], [ -98.989345577001828, 19.308516805384105 ], [ -98.989429224590239, 19.308584012235197 ], [ -98.989458176725094, 19.30865121589656 ], [ -98.989551459122595, 19.308993340458695 ], [ -98.989564320739561, 19.309118581254957 ], [ -98.989532140009018, 19.309225491657475 ], [ -98.989496738719296, 19.309381276035946 ], [ -98.989470992106845, 19.309497350701101 ], [ -98.989528899088583, 19.309595102367169 ], [ -98.989561068651469, 19.30966536082483 ], [ -98.989519235984204, 19.309766161395491 ], [ -98.989432361916471, 19.309830303728727 ], [ -98.989303663463744, 19.309863897220318 ], [ -98.989181394752421, 19.309973856885229 ], [ -98.989162087276739, 19.310019675269221 ], [ -98.989152426585704, 19.310147969376757 ], [ -98.989165291006515, 19.310227390657108 ], [ -98.989197465552309, 19.310221283293938 ], [ -98.989232857110096, 19.310221285385332 ], [ -98.989268236512046, 19.310407620216125 ], [ -98.989281101008984, 19.310487041486088 ], [ -98.989213534798012, 19.310493146775496 ], [ -98.989207098154964, 19.310520638111107 ], [ -98.989226396074301, 19.31062144221 ], [ -98.989290724631346, 19.310926909500438 ], [ -98.989271414085749, 19.311018547415461 ], [ -98.989224757649922, 19.311075055413284 ], [ -98.989178101182063, 19.311131563398803 ], [ -98.988814499361652, 19.311601955240661 ], [ -98.988586046401025, 19.311812710891196 ], [ -98.988553866207269, 19.311895184011856 ], [ -98.988479835615095, 19.312313664292329 ], [ -98.988486261117473, 19.312448068615733 ], [ -98.988466953157413, 19.312493886913522 ], [ -98.988389729834196, 19.312554974705733 ], [ -98.988293199295072, 19.312649662205693 ], [ -98.988026138622217, 19.31280543123102 ], [ -98.987919953756233, 19.31292150033725 ], [ -98.987916732922997, 19.312967319638521 ], [ -98.98793281779804, 19.313000921680171 ], [ -98.988141935205149, 19.313251415396905 ], [ -98.988222366795597, 19.313324731826487 ], [ -98.988293149724498, 19.313346118820487 ], [ -98.988354281541902, 19.31334917736622 ], [ -98.98841863083716, 19.313352236095803 ], [ -98.988463672495712, 19.313395003827193 ], [ -98.988470104664813, 19.313434714477705 ], [ -98.988476534268798, 19.313511080737094 ], [ -98.988508707134898, 19.313538574473068 ], [ -98.988585923244528, 19.313587453464965 ], [ -98.988676005118364, 19.313697425904159 ], [ -98.988704953858544, 19.313822667693834 ], [ -98.988737119084064, 19.313963182845647 ], [ -98.988711372055377, 19.314067038809004 ], [ -98.988672757131525, 19.314140347630236 ], [ -98.988598750391759, 19.314204490333005 ], [ -98.988463611217668, 19.314268629150618 ], [ -98.988350997863222, 19.314283895165381 ], [ -98.988276993328469, 19.314314436764466 ], [ -98.988238377497552, 19.314396909393018 ], [ -98.988222284111288, 19.314479383467706 ], [ -98.988186887688073, 19.314534364587701 ], [ -98.988138622563909, 19.314571017061855 ], [ -98.988125749699179, 19.3146107264634 ], [ -98.988141824205599, 19.31479095089804 ], [ -98.988186860261806, 19.314916193799629 ], [ -98.988235120013641, 19.3149559071549 ], [ -98.988267288763453, 19.315044493601182 ], [ -98.988257627513391, 19.315166678323038 ], [ -98.988296231994255, 19.315246101275541 ], [ -98.988350926246994, 19.315294978912021 ], [ -98.988395968850753, 19.315331637384347 ], [ -98.988482813285131, 19.315737909134317 ], [ -98.988550369130124, 19.315912027486636 ], [ -98.988762670926661, 19.316715409212367 ], [ -98.988839866628339, 19.317088079174841 ], [ -98.988872027231707, 19.317308014707102 ], [ -98.988891315834636, 19.317555441139994 ], [ -98.988942789365183, 19.317665411045812 ], [ -98.988945997684638, 19.317802869712096 ], [ -98.989003901147683, 19.317992260435727 ], [ -98.98902318962088, 19.318245796101291 ], [ -98.989074662034781, 19.318377148389096 ], [ -98.989068218154429, 19.31850849719941 ], [ -98.989100390780578, 19.318555845927165 ], [ -98.989132563425258, 19.318603194649075 ], [ -98.98919690395347, 19.318771203251835 ], [ -98.989386703805735, 19.319351594522924 ], [ -98.989463917228619, 19.319489057445161 ], [ -98.989637643329672, 19.319870896403526 ], [ -98.989676243442673, 19.320048067246102 ], [ -98.989734137664584, 19.320411571706739 ], [ -98.989936811804554, 19.320991963026586 ], [ -98.990380796524065, 19.321804518955403 ], [ -98.990451569545186, 19.322064166335263 ], [ -98.990486954283483, 19.322226063639846 ], [ -98.990567380265887, 19.322491820728327 ], [ -98.991687128801203, 19.322397181630265 ], [ -98.991783644485935, 19.322675157435004 ], [ -98.991767554666012, 19.322705703020208 ], [ -98.991709634499827, 19.32275151986277 ], [ -98.99102745983491, 19.323316594307144 ], [ -98.990901964257617, 19.323432664062327 ], [ -98.990811867539463, 19.323466260484899 ], [ -98.990679939981149, 19.323518182514931 ], [ -98.990583404670687, 19.3236067618489 ], [ -98.990506177088378, 19.323664795829689 ], [ -98.990416081052658, 19.32368311890232 ], [ -98.990377466416206, 19.32372588169931 ], [ -98.990280926486193, 19.323887772006874 ], [ -98.990258398369207, 19.323961081940478 ], [ -98.990232651458427, 19.32405271948198 ], [ -98.990132897722901, 19.324144353030281 ], [ -98.99006854066522, 19.324199332887499 ], [ -98.990049228805603, 19.324294025381455 ], [ -98.989988087119428, 19.324385660950497 ], [ -98.989930167175302, 19.324410094805845 ], [ -98.989843289491787, 19.324410089988657 ], [ -98.989701712575666, 19.324385645005901 ], [ -98.989669533548934, 19.324419244121394 ], [ -98.989637350272361, 19.324520045100797 ], [ -98.989608384459302, 19.324623900887129 ], [ -98.989611593661024, 19.324758304806689 ], [ -98.98949573971629, 19.32502099637821 ], [ -98.989469990844199, 19.325134016212715 ], [ -98.989405632586582, 19.325198159720234 ], [ -98.989305878887237, 19.325271465023231 ], [ -98.989280132036768, 19.32535088389616 ], [ -98.989315521688368, 19.325430306356562 ], [ -98.989376654464195, 19.325488347900006 ], [ -98.989424690814985, 19.32557695351252 ], [ -98.984494896670071, 19.325685245826204 ], [ -98.979634520147243, 19.325791882654677 ], [ -98.979599618933719, 19.325792647919613 ] ] ] ] } },
{ "type": "Feature", "properties": { "id": 2301.0, "entidad": 9, "distrito_f": 9, "distrito_l": 8, "municipio": 11, "seccion": 3659, "tipo": 2, "control": 36502.0, "SECCION_TX": "3659", "SECCION__1": null, "SECCION__2": null, "SECCION_N": "3659", "ESTATUS": null, "ALCALDIA_N": "TLAHUAC", "EN_OPERATI": null, "EN_OP": "NO", "SEC_N": "3659", "EST": null, "ALC_N": "TLAHUAC", "OP": "NO", "NOMBRE": "CONSTITUCION ZAPOTITLA" }, "geometry": { "type": "MultiPolygon", "coordinates": [ [ [ [ -99.044766407699811, 19.295118052035541 ], [ -99.043719936527623, 19.295262063663856 ], [ -99.041642985352908, 19.29554786776405 ], [ -99.041328865934204, 19.293456508790271 ], [ -99.04132004016958, 19.293397747413913 ], [ -99.041311214411323, 19.293338986036733 ], [ -99.041227590445999, 19.292782220480394 ], [ -99.041223908456857, 19.292757705831541 ], [ -99.041192855868715, 19.292550957694154 ], [ -99.041796851033055, 19.292464679036083 ], [ -99.04227608871922, 19.292396220074483 ], [ -99.042775867761478, 19.292324825385965 ], [ -99.043267460886682, 19.292254598681588 ], [ -99.043744976823447, 19.292187873944066 ], [ -99.044252415280468, 19.292117483773069 ], [ -99.045196303801148, 19.291986546793886 ], [ -99.045685643572241, 19.291917733937922 ], [ -99.046183646039609, 19.291834178316108 ], [ -99.046327522121601, 19.292804080357719 ], [ -99.045835882220146, 19.292876289319704 ], [ -99.045940950417133, 19.293696657907542 ], [ -99.045458344652005, 19.293765430963749 ], [ -99.0449757384809, 19.293834202744964 ], [ -99.044988244249836, 19.293885302540346 ], [ -99.045106130016464, 19.294730083014588 ], [ -99.044719317828708, 19.294778234744502 ], [ -99.044766407699811, 19.295118052035541 ] ] ] ] } },
{ "type": "Feature", "properties": { "id": 2395.0, "entidad": 9, "distrito_f": 9, "distrito_l": 8, "municipio": 11, "seccion": 5602, "tipo": 2, "control": 27364.0, "SECCION_TX": "5602", "SECCION__1": null, "SECCION__2": null, "SECCION_N": "5602", "ESTATUS": null, "ALCALDIA_N": "TLAHUAC", "EN_OPERATI": null, "EN_OP": "NO", "SEC_N": "5602", "EST": null, "ALC_N": "TLAHUAC", "OP": "NO", "NOMBRE": "BELLAS ARTES" }, "geometry": { "type": "MultiPolygon", "coordinates": [ [ [ [ -99.052392365, 19.304555643 ], [ -99.052768941, 19.304087092999968 ], [ -99.052843837, 19.30399390500002 ], [ -99.052976455, 19.303828758 ], [ -99.053052051, 19.303734619999972 ], [ -99.053142163, 19.30362240600002 ], [ -99.054039885, 19.302468101 ], [ -99.054172254, 19.302297735000014 ], [ -99.054966531, 19.302621110999986 ], [ -99.056023473, 19.302989269999959 ], [ -99.055889104, 19.303165435 ], [ -99.055125971, 19.304126310000033 ], [ -99.054858439, 19.304463161 ], [ -99.054247084, 19.305232915000033 ], [ -99.054004614, 19.305538204999962 ], [ -99.053838896, 19.305746857999981 ], [ -99.053823965, 19.305765656 ], [ -99.053492586, 19.30618288700002 ], [ -99.053136221, 19.306639944000036 ], [ -99.05309179, 19.306696792999983 ], [ -99.052860936197888, 19.306992165727223 ], [ -99.052844722, 19.307012576 ], [ -99.052693351, 19.307202947999979 ], [ -99.05255526, 19.307376619999982 ], [ -99.051965088, 19.308099315 ], [ -99.051885415, 19.308195378 ], [ -99.051810843, 19.308285210000015 ], [ -99.05174144, 19.308374256000029 ], [ -99.051660865, 19.308477633999988 ], [ -99.051515902, 19.308654213000036 ], [ -99.051394062, 19.308804600999974 ], [ -99.051203036, 19.309024535 ], [ -99.05108611, 19.309169876 ], [ -99.050936405000016, 19.309356160999975 ], [ -99.050793663, 19.309533784000021 ], [ -99.050676433, 19.309677408000013 ], [ -99.05052206500001, 19.309866532000033 ], [ -99.050197969, 19.310252490000025 ], [ -99.05001552100002, 19.310469851000015 ], [ -99.049798414, 19.310728499999986 ], [ -99.049627293076597, 19.310932364840834 ], [ -99.049325995412076, 19.311293067341932 ], [ -99.049041445, 19.311087192999963 ], [ -99.04885216000001, 19.310953476000027 ], [ -99.048810031, 19.310923462000034 ], [ -99.048655355, 19.310813268000015 ], [ -99.048580986, 19.310771111999962 ], [ -99.048542961, 19.31074955700003 ], [ -99.047779981, 19.310195563999976 ], [ -99.047944894, 19.309989772999959 ], [ -99.04807490200001, 19.309844828000021 ], [ -99.048115094, 19.309796556999977 ], [ -99.048225446000018, 19.309659637 ], [ -99.04837342, 19.309476038000039 ], [ -99.0485048, 19.309311847 ], [ -99.048805076, 19.30893658099998 ], [ -99.048947279, 19.308758863000019 ], [ -99.049099255, 19.308572827 ], [ -99.049240483, 19.308396739 ], [ -99.049325521000014, 19.308290709000048 ], [ -99.049709714, 19.307811677000011 ], [ -99.049806476, 19.307691029000019 ], [ -99.049926399, 19.307541501000038 ], [ -99.050100424, 19.307324515 ], [ -99.050402510000012, 19.306961702999974 ], [ -99.050702588, 19.306601335999957 ], [ -99.051004252, 19.306243458000043 ], [ -99.051142473, 19.306078334 ], [ -99.05130432, 19.305884987 ], [ -99.051350859, 19.305829388999978 ], [ -99.051592088, 19.305541212000016 ], [ -99.051621342554824, 19.305506263944554 ], [ -99.051845919, 19.305230931999976 ], [ -99.051981252842523, 19.305064911091712 ], [ -99.052092031706579, 19.304929130720378 ], [ -99.052392365, 19.304555643 ] ] ] ] } },
{ "type": "Feature", "properties": { "id": 2398.0, "entidad": 9, "distrito_f": 9, "distrito_l": 8, "municipio": 11, "seccion": 5603, "tipo": 2, "control": 27363.0, "SECCION_TX": "5603", "SECCION__1": null, "SECCION__2": null, "SECCION_N": "5603", "ESTATUS": null, "ALCALDIA_N": "TLAHUAC", "EN_OPERATI": null, "EN_OP": "NO", "SEC_N": "5603", "EST": null, "ALC_N": "TLAHUAC", "OP": "NO", "NOMBRE": "BELLAS ARTES" }, "geometry": { "type": "MultiPolygon", "coordinates": [ [ [ [ -99.049204553, 19.30662705 ], [ -99.049195015, 19.306655513 ], [ -99.049481796, 19.306862939999952 ], [ -99.049468077, 19.306882413 ], [ -99.049496347, 19.306900060999986 ], [ -99.049769268, 19.307098827999962 ], [ -99.049791647, 19.307111899000034 ], [ -99.050100424, 19.307324515 ], [ -99.049926399, 19.307541501000038 ], [ -99.049806476, 19.307691029000019 ], [ -99.049709714, 19.307811677000011 ], [ -99.049325521000014, 19.308290709000048 ], [ -99.049240483, 19.308396739 ], [ -99.049099255, 19.308572827 ], [ -99.048947279, 19.308758863000019 ], [ -99.048805076, 19.30893658099998 ], [ -99.0485048, 19.309311847 ], [ -99.04837342, 19.309476038000039 ], [ -99.048225446000018, 19.309659637 ], [ -99.048115094, 19.309796556999977 ], [ -99.04807490200001, 19.309844828000021 ], [ -99.047944894, 19.309989772999959 ], [ -99.047779981, 19.310195563999976 ], [ -99.04741833, 19.309935905 ], [ -99.047056764, 19.309676305000025 ], [ -99.047009637, 19.309642468999989 ], [ -99.046634161, 19.309361284 ], [ -99.046576354, 19.309317994000018 ], [ -99.046487689, 19.309251437000029 ], [ -99.04622768, 19.309055299 ], [ -99.046412329, 19.308819552 ], [ -99.046483638, 19.308728509999966 ], [ -99.046597350000013, 19.308589180999956 ], [ -99.046785568, 19.308365142 ], [ -99.046956115, 19.308155221000032 ], [ -99.047105074, 19.307996768 ], [ -99.047102099, 19.307975533999983 ], [ -99.04739652, 19.307622293000012 ], [ -99.047500454, 19.30748594 ], [ -99.047533456, 19.307445364999964 ], [ -99.045990522306738, 19.306316391677399 ], [ -99.046135698094247, 19.306140779995872 ], [ -99.046185885711452, 19.306078126219731 ], [ -99.046211673921505, 19.30604593242305 ], [ -99.046405886967349, 19.305803477873784 ], [ -99.046568915248443, 19.30559927791198 ], [ -99.046597113033641, 19.305563958901903 ], [ -99.046683366298069, 19.305455922638391 ], [ -99.046857981549664, 19.305237208275194 ], [ -99.046871291866793, 19.305220536404285 ], [ -99.047001492027661, 19.305059703637568 ], [ -99.047238105, 19.305229784 ], [ -99.04742274100002, 19.305367344000036 ], [ -99.047782639, 19.305637675000025 ], [ -99.048146503, 19.305906635000046 ], [ -99.048491976, 19.306158482999983 ], [ -99.048552079, 19.306194373999961 ], [ -99.048568099, 19.306174721 ], [ -99.048875723, 19.306405232999975 ], [ -99.049204553, 19.30662705 ] ] ] ] } },
{ "type": "Feature", "properties": { "id": 2273.0, "entidad": 9, "distrito_f": 9, "distrito_l": 8, "municipio": 11, "seccion": 3621, "tipo": 2, "control": 36258.0, "SECCION_TX": "3621", "SECCION__1": null, "SECCION__2": null, "SECCION_N": "3621", "ESTATUS": null, "ALCALDIA_N": "TLAHUAC", "EN_OPERATI": null, "EN_OP": "NO", "SEC_N": "3621", "EST": null, "ALC_N": "TLAHUAC", "OP": "NO", "NOMBRE": "SANTIAGO" }, "geometry": { "type": "MultiPolygon", "coordinates": [ [ [ [ -98.959994510798339, 19.324930266168991 ], [ -98.957901396685685, 19.323154874456552 ], [ -98.957960403217598, 19.323083789772273 ], [ -98.95856572356162, 19.322378465762515 ], [ -98.958818215334887, 19.322038264702975 ], [ -98.95916229997745, 19.321635856935586 ], [ -98.959222141195056, 19.321557632873596 ], [ -98.959847779956604, 19.320739795453164 ], [ -98.960855032436996, 19.319423089403283 ], [ -98.961391400903892, 19.318721923938377 ], [ -98.961817499684898, 19.318164902632297 ], [ -98.962468510547296, 19.317310021792835 ], [ -98.962607645967552, 19.317115618242639 ], [ -98.962964332831476, 19.316617244900954 ], [ -98.963110682105267, 19.316249700702887 ], [ -98.963400872101005, 19.31440460610375 ], [ -98.963435582509049, 19.314183906517854 ], [ -98.963517792926723, 19.314510652320635 ], [ -98.963782859702661, 19.315522986527011 ], [ -98.964020085066807, 19.316428978789038 ], [ -98.96437773641459, 19.31779487284399 ], [ -98.964544553869999, 19.318431951652084 ], [ -98.9645697736659, 19.318532412651155 ], [ -98.96461315354891, 19.318705212578532 ], [ -98.964793550953331, 19.319423805657401 ], [ -98.966153100145476, 19.324839210394583 ], [ -98.960185404596047, 19.32491565658021 ], [ -98.960075357722886, 19.324924078772607 ], [ -98.959994510798339, 19.324930266168991 ] ] ] ] } },
{ "type": "Feature", "properties": { "id": 2274.0, "entidad": 9, "distrito_f": 9, "distrito_l": 8, "municipio": 11, "seccion": 3622, "tipo": 2, "control": 36267.0, "SECCION_TX": "3622", "SECCION__1": null, "SECCION__2": null, "SECCION_N": "3622", "ESTATUS": "COMPLETA", "ALCALDIA_N": "TLAHUAC", "EN_OPERATI": null, "EN_OP": "SI", "SEC_N": "3622", "EST": "COMPLETA", "ALC_N": "TLAHUAC", "OP": "SI", "NOMBRE": "SANTIAGO" }, "geometry": { "type": "MultiPolygon", "coordinates": [ [ [ [ -98.967710862455917, 19.313526487994206 ], [ -98.967297284097015, 19.313333429333913 ], [ -98.967095412116151, 19.3132060320013 ], [ -98.966251608003247, 19.312675050525201 ], [ -98.966028930363052, 19.312534924712459 ], [ -98.965285106102883, 19.312383684590426 ], [ -98.964628822573445, 19.312277250599767 ], [ -98.964522225174932, 19.312259962734434 ], [ -98.963726770188288, 19.312130954032458 ], [ -98.963866775377824, 19.311242678360053 ], [ -98.963879241904124, 19.311155695564846 ], [ -98.963897540560808, 19.311028020028367 ], [ -98.9640396944028, 19.3100361606296 ], [ -98.964129586549902, 19.309408943884218 ], [ -98.964190379403576, 19.308987364315126 ], [ -98.964202125124032, 19.308905911134659 ], [ -98.96434784774803, 19.307895359932413 ], [ -98.964502133936506, 19.307352643421329 ], [ -98.964620480500045, 19.307123953550004 ], [ -98.964835633999826, 19.306807472869917 ], [ -98.964960235946265, 19.306687468414712 ], [ -98.965126058639569, 19.306527763745802 ], [ -98.965366007037275, 19.30635574579237 ], [ -98.965425071948928, 19.306313402312185 ], [ -98.965491230059087, 19.306278162731875 ], [ -98.965758490352655, 19.30613580426698 ], [ -98.966051026004024, 19.306035796537454 ], [ -98.966191053792912, 19.306001672768897 ], [ -98.966285479751875, 19.305978661770691 ], [ -98.966822964130543, 19.305924870311259 ], [ -98.967036668281025, 19.305944168474884 ], [ -98.967225978420856, 19.305961263083372 ], [ -98.967235670533782, 19.306149771665819 ], [ -98.967363648847353, 19.306165197750669 ], [ -98.968029883454278, 19.306248072445715 ], [ -98.967761238011278, 19.308080355152853 ], [ -98.967878504824569, 19.30808966969709 ], [ -98.968309334288335, 19.308123889976915 ], [ -98.968065456691235, 19.308522595872084 ], [ -98.967863518447018, 19.308852735043072 ], [ -98.968383639955093, 19.309110241720536 ], [ -98.968831850135558, 19.30931025229696 ], [ -98.968983310041367, 19.308931154658186 ], [ -98.969561806223453, 19.309209369259754 ], [ -98.969870838025599, 19.309357989947266 ], [ -98.96986332815932, 19.309375106577811 ], [ -98.969671102289055, 19.309813230119037 ], [ -98.96961561716401, 19.309939692014353 ], [ -98.969448720534558, 19.310304164120002 ], [ -98.96928182316455, 19.310668636057457 ], [ -98.968977714809597, 19.311332745954008 ], [ -98.968908888848958, 19.311483046827579 ], [ -98.96887680650191, 19.311553107566318 ], [ -98.968834276998336, 19.311645982478872 ], [ -98.968696243313701, 19.311947416338541 ], [ -98.968343749238301, 19.312717176886089 ], [ -98.968314364699964, 19.312767206679165 ], [ -98.968231436809461, 19.312908398605646 ], [ -98.967759147122564, 19.313469158806679 ], [ -98.967710862455917, 19.313526487994206 ] ] ] ] } },
{ "type": "Feature", "properties": { "id": 2286.0, "entidad": 9, "distrito_f": 9, "distrito_l": 8, "municipio": 11, "seccion": 3643, "tipo": 2, "control": 36582.0, "SECCION_TX": "3643", "SECCION__1": null, "SECCION__2": null, "SECCION_N": "3643", "ESTATUS": null, "ALCALDIA_N": "TLAHUAC", "EN_OPERATI": null, "EN_OP": "NO", "SEC_N": "3643", "EST": null, "ALC_N": "TLAHUAC", "OP": "NO", "NOMBRE": "TENOCHTITLAN" }, "geometry": { "type": "MultiPolygon", "coordinates": [ [ [ [ -99.026314220987445, 19.297860480098567 ], [ -99.024512751813276, 19.298139215621159 ], [ -99.02451994691846, 19.298181533423698 ], [ -99.024527142027353, 19.298223851225842 ], [ -99.024487901366626, 19.298229507428115 ], [ -99.022801863137033, 19.298472526941204 ], [ -99.022486057253531, 19.298463111959808 ], [ -99.022302774555556, 19.298434430303434 ], [ -99.022179005925864, 19.298373449091752 ], [ -99.022055237387804, 19.298312467795771 ], [ -99.02189083412712, 19.298167172892722 ], [ -99.021866265670042, 19.298126810645307 ], [ -99.021841697225028, 19.298086448394397 ], [ -99.021849247000858, 19.29802545120177 ], [ -99.021887013924243, 19.297856809876542 ], [ -99.021889750913516, 19.297836975250949 ], [ -99.021917216229127, 19.29763793720819 ], [ -99.021936075955068, 19.297376009685145 ], [ -99.021943610837369, 19.29720378394828 ], [ -99.021909570990545, 19.296981330956655 ], [ -99.021826397378859, 19.296697887534133 ], [ -99.021705433659889, 19.296403684507393 ], [ -99.021675197757887, 19.296367807921847 ], [ -99.021644961869072, 19.296331931331149 ], [ -99.021597498892447, 19.296244263081327 ], [ -99.021527181289841, 19.296114380151568 ], [ -99.021505108986261, 19.296073610575409 ], [ -99.021440774331239, 19.29596674232635 ], [ -99.02141872410202, 19.295930113983498 ], [ -99.02138415841803, 19.295872695778868 ], [ -99.021289400412115, 19.295755348531021 ], [ -99.020736948417081, 19.295071193855687 ], [ -99.021058416194094, 19.294733375421082 ], [ -99.021308132851061, 19.294470956193582 ], [ -99.021461422104537, 19.294310346191303 ], [ -99.021570358991966, 19.294199473543024 ], [ -99.021793019754, 19.29397285552626 ], [ -99.022015679903149, 19.293746237233005 ], [ -99.022045174574274, 19.293716218178837 ], [ -99.021233884007046, 19.293052465254476 ], [ -99.019610499282052, 19.291724274904539 ], [ -99.019418630377274, 19.291567292832955 ], [ -99.019851042572157, 19.291075214057255 ], [ -99.020556672562208, 19.291529902288595 ], [ -99.022520370461407, 19.292850281859664 ], [ -99.022632196994792, 19.292953845372356 ], [ -99.02268811031422, 19.293005627102485 ], [ -99.022716066987144, 19.293031517961008 ], [ -99.022730045326895, 19.293044463388721 ], [ -99.022744023668835, 19.293057408815258 ], [ -99.023239873372432, 19.293681647108436 ], [ -99.023332954902315, 19.293798829222737 ], [ -99.023386814397483, 19.293866633870351 ], [ -99.023513213361909, 19.294025759423498 ], [ -99.023774286243651, 19.294401330614704 ], [ -99.023987274521005, 19.294707727256288 ], [ -99.024054721582331, 19.294804753680218 ], [ -99.024377821987088, 19.295269549993698 ], [ -99.02439154242478, 19.295289287467661 ], [ -99.024655748165529, 19.295642246257991 ], [ -99.024689169135726, 19.29568689399801 ], [ -99.024841885399539, 19.295891162532627 ], [ -99.024951003570195, 19.296037115219054 ], [ -99.026314220987445, 19.297860480098567 ] ] ] ] } },
{ "type": "Feature", "properties": { "id": 2252.0, "entidad": 9, "distrito_f": 9, "distrito_l": 8, "municipio": 11, "seccion": 3629, "tipo": 2, "control": 35719.0, "SECCION_TX": "3629", "SECCION__1": null, "SECCION__2": null, "SECCION_N": "3629", "ESTATUS": "COMPLETA", "ALCALDIA_N": "TLAHUAC", "EN_OPERATI": null, "EN_OP": "SI", "SEC_N": "3629", "EST": "COMPLETA", "ALC_N": "TLAHUAC", "OP": "SI", "NOMBRE": "BUENA SUERTE 228" }, "geometry": { "type": "MultiPolygon", "coordinates": [ [ [ [ -99.053568266069462, 19.312167259564916 ], [ -99.053367492983298, 19.312085226028856 ], [ -99.053042050188779, 19.311893176308661 ], [ -99.052861476429456, 19.311768352940476 ], [ -99.052778883981631, 19.311572493291383 ], [ -99.052742753773188, 19.311499047402844 ], [ -99.052049926709287, 19.311012591352576 ], [ -99.052079411834498, 19.310977035676068 ], [ -99.05209417776345, 19.310959230055417 ], [ -99.052266396203279, 19.310751558614509 ], [ -99.052337528619702, 19.310665782630728 ], [ -99.05235905909251, 19.31063981973633 ], [ -99.052445197244396, 19.310535948442634 ], [ -99.052571195871295, 19.310384010342151 ], [ -99.052679627098613, 19.310253255964973 ], [ -99.052725143548145, 19.310198368789088 ], [ -99.052841194412451, 19.310041125576159 ], [ -99.052996871980852, 19.309830189537326 ], [ -99.053024128573497, 19.309799251548029 ], [ -99.053092553367151, 19.309721584927765 ], [ -99.053240659952721, 19.309553473916644 ], [ -99.053339896155691, 19.309440833840842 ], [ -99.053364882165141, 19.309408718680562 ], [ -99.053585774929559, 19.309124798834105 ], [ -99.053646801378747, 19.309046112218731 ], [ -99.053767281376125, 19.308876246090215 ], [ -99.053996932456144, 19.308552918170601 ], [ -99.054012527174777, 19.308530962162482 ], [ -99.054044079548618, 19.30848715048964 ], [ -99.054069082770724, 19.308452432542811 ], [ -99.054173506692237, 19.308307435668144 ], [ -99.054186249810542, 19.308289741306929 ], [ -99.054201521117349, 19.308271819495683 ], [ -99.054337712307344, 19.308117018200651 ], [ -99.053907550313681, 19.307768084816811 ], [ -99.053639698976909, 19.307601170062306 ], [ -99.053606681158811, 19.307586238630698 ], [ -99.052860936197888, 19.306992165727223 ], [ -99.0530917897986, 19.306696793080384 ], [ -99.053136221326341, 19.306639943657611 ], [ -99.053492585735611, 19.30618288698853 ], [ -99.053823965012995, 19.305765656476094 ], [ -99.053838895545169, 19.305746857790346 ], [ -99.054004613873047, 19.305538205326524 ], [ -99.054247084417625, 19.305232914528883 ], [ -99.054858438913101, 19.304463161338383 ], [ -99.055125970987646, 19.304126310204012 ], [ -99.055889104116105, 19.303165435225811 ], [ -99.057818933481528, 19.303858725363668 ], [ -99.059136027379637, 19.30428715778325 ], [ -99.05982006535676, 19.304509661230274 ], [ -99.058390189799795, 19.30624062062288 ], [ -99.057438527814369, 19.307411884735288 ], [ -99.057267107094972, 19.307623192364019 ], [ -99.056929112467913, 19.308039274953831 ], [ -99.056532925406245, 19.308525510002312 ], [ -99.056372538473781, 19.308722124858441 ], [ -99.056298403822339, 19.30881020950557 ], [ -99.055758354410031, 19.309451876813458 ], [ -99.055670329250518, 19.309559628360617 ], [ -99.055182842158715, 19.310156949912365 ], [ -99.054885087329893, 19.310521788326184 ], [ -99.05457451082404, 19.310913309745558 ], [ -99.054371271668614, 19.31116951740103 ], [ -99.054249179559719, 19.311323428847459 ], [ -99.054104862928369, 19.311505356436211 ], [ -99.054020581626801, 19.311609319593536 ], [ -99.053911194565273, 19.311744251097515 ], [ -99.053842599007126, 19.311828865178995 ], [ -99.053568266069462, 19.312167259564916 ] ] ] ] } },
{ "type": "Feature", "properties": { "id": 2393.0, "entidad": 9, "distrito_f": 9, "distrito_l": 8, "municipio": 11, "seccion": 5600, "tipo": 2, "control": 27361.0, "SECCION_TX": "5600", "SECCION__1": null, "SECCION__2": null, "SECCION_N": "5600", "ESTATUS": "COMPLETA", "ALCALDIA_N": "TLAHUAC", "EN_OPERATI": null, "EN_OP": "SI", "SEC_N": "5600", "EST": "COMPLETA", "ALC_N": "TLAHUAC", "OP": "SI", "NOMBRE": "BUENA SUERTE 228" }, "geometry": { "type": "MultiPolygon", "coordinates": [ [ [ [ -99.052049926709287, 19.311012591352576 ], [ -99.051669216426617, 19.311509241259483 ], [ -99.051458069520223, 19.311784688013347 ], [ -99.05121007285905, 19.312108205063542 ], [ -99.050379422035377, 19.311491122008043 ], [ -99.049920075058267, 19.311149873619375 ], [ -99.049627293076597, 19.310932364840834 ], [ -99.049798414, 19.310728499999986 ], [ -99.05001552100002, 19.310469851000015 ], [ -99.050197969, 19.310252490000025 ], [ -99.05052206500001, 19.309866532000033 ], [ -99.050676433, 19.309677408000013 ], [ -99.050793663, 19.309533784000021 ], [ -99.050936405000016, 19.309356160999975 ], [ -99.05108611, 19.309169876 ], [ -99.051203036, 19.309024535 ], [ -99.051394062, 19.308804600999974 ], [ -99.051515902, 19.308654213000036 ], [ -99.051660865, 19.308477633999988 ], [ -99.05174144, 19.308374256000029 ], [ -99.051810843, 19.308285210000015 ], [ -99.051885415, 19.308195378 ], [ -99.051965088, 19.308099315 ], [ -99.05255526, 19.307376619999982 ], [ -99.052693351, 19.307202947999979 ], [ -99.052844722, 19.307012576 ], [ -99.052860936197888, 19.306992165727223 ], [ -99.053606681158811, 19.307586238630698 ], [ -99.053639698976909, 19.307601170062306 ], [ -99.053907550313681, 19.307768084816811 ], [ -99.054337712307344, 19.308117018200651 ], [ -99.054201521117349, 19.308271819495683 ], [ -99.054186249810542, 19.308289741306929 ], [ -99.054173506692237, 19.308307435668144 ], [ -99.054069082770724, 19.308452432542811 ], [ -99.054044079548618, 19.30848715048964 ], [ -99.054012527174777, 19.308530962162482 ], [ -99.053996932456144, 19.308552918170601 ], [ -99.053767281376125, 19.308876246090215 ], [ -99.053646801378747, 19.309046112218731 ], [ -99.053585774929559, 19.309124798834105 ], [ -99.053364882165141, 19.309408718680562 ], [ -99.053339896155705, 19.309440833840842 ], [ -99.053240659952721, 19.309553473916644 ], [ -99.053092553367151, 19.309721584927765 ], [ -99.053024128573497, 19.309799251548029 ], [ -99.052996871980852, 19.309830189537326 ], [ -99.052841194412451, 19.310041125576159 ], [ -99.052725143548145, 19.310198368789088 ], [ -99.052679627098613, 19.310253255964973 ], [ -99.052571195871295, 19.310384010342151 ], [ -99.052445197244396, 19.310535948442634 ], [ -99.05235905909251, 19.31063981973633 ], [ -99.052337528619702, 19.310665782630728 ], [ -99.052266396203279, 19.310751558614509 ], [ -99.05209417776345, 19.310959230055417 ], [ -99.052079411834498, 19.310977035676068 ], [ -99.052049926709287, 19.311012591352576 ] ] ] ] } },
{ "type": "Feature", "properties": { "id": 2328.0, "entidad": 9, "distrito_f": 9, "distrito_l": 8, "municipio": 11, "seccion": 3685, "tipo": 2, "control": 35984.0, "SECCION_TX": "3685", "SECCION__1": null, "SECCION__2": null, "SECCION_N": "3685", "ESTATUS": "COMPLETA", "ALCALDIA_N": "TLAHUAC", "EN_OPERATI": null, "EN_OP": "SI", "SEC_N": "3685", "EST": "COMPLETA", "ALC_N": "TLAHUAC", "OP": "SI", "NOMBRE": "SAN LORENZO" }, "geometry": { "type": "MultiPolygon", "coordinates": [ [ [ [ -99.064978692312465, 19.289100947892209 ], [ -99.064517380518552, 19.288755819380796 ], [ -99.06443824316915, 19.288696612835906 ], [ -99.06412196916321, 19.288459991917655 ], [ -99.06373293863129, 19.288168936389933 ], [ -99.063593716687492, 19.288064776202731 ], [ -99.063343909473289, 19.287877880020602 ], [ -99.062957974172292, 19.287589136506448 ], [ -99.062569978575226, 19.287298849694977 ], [ -99.062190133302849, 19.287014658913613 ], [ -99.061799898060627, 19.286722692759323 ], [ -99.061406784444742, 19.286413990552628 ], [ -99.062055307766329, 19.285653666129335 ], [ -99.061717330355719, 19.285397535512516 ], [ -99.061967782849692, 19.285088143901863 ], [ -99.06168204759723, 19.284855070815265 ], [ -99.062057711408997, 19.284355294066842 ], [ -99.061932388423514, 19.284250648111776 ], [ -99.06272382354669, 19.283312940351532 ], [ -99.064447441700139, 19.282612831083593 ], [ -99.06453208642364, 19.282090601979487 ], [ -99.064545883541143, 19.282005478148214 ], [ -99.064555280956242, 19.28194809771329 ], [ -99.065938598674265, 19.282813685655608 ], [ -99.068490345289874, 19.284414672599752 ], [ -99.068901928288767, 19.284688017314188 ], [ -99.069094011018208, 19.284839888918082 ], [ -99.068973355962072, 19.284969875865642 ], [ -99.068741364880381, 19.285219998880024 ], [ -99.068610605191239, 19.285360978003624 ], [ -99.068522998498395, 19.285455431349813 ], [ -99.068487014978842, 19.285494227015846 ], [ -99.06843614525566, 19.28554907221314 ], [ -99.068254420259933, 19.285744998620277 ], [ -99.068071086474092, 19.28594265888281 ], [ -99.068031036047998, 19.285985838930454 ], [ -99.067903813213007, 19.286123003006612 ], [ -99.067705153998773, 19.286337184891458 ], [ -99.067531692453073, 19.286524199598265 ], [ -99.067345367353568, 19.286725082274309 ], [ -99.067159041799812, 19.286925964757192 ], [ -99.067040117804567, 19.287054179489175 ], [ -99.066957657939398, 19.287101910942333 ], [ -99.06692851008529, 19.287133335841649 ], [ -99.066912763544167, 19.287150312503638 ], [ -99.066671677669319, 19.287388739824731 ], [ -99.066312599361098, 19.287743856550868 ], [ -99.065985124761113, 19.288067716282903 ], [ -99.065922739468803, 19.288129412715829 ], [ -99.065693278235017, 19.288356339651607 ], [ -99.065661625969639, 19.288391983381313 ], [ -99.065414459598088, 19.288670317597823 ], [ -99.065340364817601, 19.288743593461135 ], [ -99.064978692312465, 19.289100947892209 ] ] ] ] } },
{ "type": "Feature", "properties": { "id": 2331.0, "entidad": 9, "distrito_f": 9, "distrito_l": 8, "municipio": 11, "seccion": 3688, "tipo": 2, "control": 36004.0, "SECCION_TX": "3688", "SECCION__1": null, "SECCION__2": null, "SECCION_N": "3688", "ESTATUS": "COMPLETA", "ALCALDIA_N": "TLAHUAC", "EN_OPERATI": null, "EN_OP": "SI", "SEC_N": "3688", "EST": "COMPLETA", "ALC_N": "TLAHUAC", "OP": "SI", "NOMBRE": "SAN LORENZO" }, "geometry": { "type": "MultiPolygon", "coordinates": [ [ [ [ -99.058549516743071, 19.286830167815381 ], [ -99.058254599595401, 19.286619249637372 ], [ -99.058039801990034, 19.286855916727816 ], [ -99.057684045776014, 19.286583546568732 ], [ -99.057667372696216, 19.286570781469432 ], [ -99.05729024085484, 19.286282044106322 ], [ -99.057271092034867, 19.286267383456327 ], [ -99.056916721451586, 19.285996070699042 ], [ -99.056901127610232, 19.285984131725396 ], [ -99.056536616240706, 19.285705053259544 ], [ -99.056144870234235, 19.285405121438583 ], [ -99.055766957347089, 19.285115778801746 ], [ -99.056226062512394, 19.284554853235914 ], [ -99.056381172351848, 19.284365341987577 ], [ -99.056537232379441, 19.284174669235689 ], [ -99.057173767004684, 19.283396950918693 ], [ -99.057206837495713, 19.283356545114049 ], [ -99.057544816771824, 19.282943597699621 ], [ -99.057693766772701, 19.282761607818429 ], [ -99.058941456905259, 19.281218551314492 ], [ -99.059646678250402, 19.280346365900879 ], [ -99.059747400832464, 19.280221910099854 ], [ -99.062787105825933, 19.281313283464062 ], [ -99.064555280956242, 19.28194809771329 ], [ -99.064545883541143, 19.282005478148214 ], [ -99.06453208642364, 19.282090601979487 ], [ -99.064447441700139, 19.282612831083593 ], [ -99.06272382354669, 19.283312940351532 ], [ -99.061932388423514, 19.284250648111776 ], [ -99.062057711408997, 19.284355294066842 ], [ -99.06168204759723, 19.284855070815265 ], [ -99.061967782849692, 19.285088143901863 ], [ -99.061717330355719, 19.285397535512516 ], [ -99.061653481624816, 19.28535379405405 ], [ -99.061252951539629, 19.285079398047014 ], [ -99.060875940378267, 19.284821112787156 ], [ -99.060604047349102, 19.285185869157104 ], [ -99.060559961673547, 19.285154700794298 ], [ -99.060535008704292, 19.285137059153687 ], [ -99.060137593554003, 19.284856087399184 ], [ -99.059821536243817, 19.285248971619211 ], [ -99.059183864309347, 19.286041640836018 ], [ -99.058878757534799, 19.286420905630184 ], [ -99.058549516743071, 19.286830167815381 ] ] ] ] } },
{ "type": "Feature", "properties": { "id": 2293.0, "entidad": 9, "distrito_f": 9, "distrito_l": 8, "municipio": 11, "seccion": 3650, "tipo": 2, "control": 36499.0, "SECCION_TX": "3650", "SECCION__1": null, "SECCION__2": null, "SECCION_N": "3650", "ESTATUS": null, "ALCALDIA_N": "TLAHUAC", "EN_OPERATI": null, "EN_OP": "NO", "SEC_N": "3650", "EST": null, "ALC_N": "TLAHUAC", "OP": "NO", "NOMBRE": "MAGNOLIAS" }, "geometry": { "type": "MultiPolygon", "coordinates": [ [ [ [ -99.046367673865916, 19.300065726493163 ], [ -99.046162222351796, 19.300043082937812 ], [ -99.043871417227507, 19.299790588920473 ], [ -99.042044688458532, 19.299589224535442 ], [ -99.041620721029332, 19.299542486975724 ], [ -99.041710807290102, 19.299260223902618 ], [ -99.041759594965853, 19.299186411573302 ], [ -99.041818643733038, 19.299036367313988 ], [ -99.041980481015585, 19.298277844791393 ], [ -99.041985273312804, 19.298099937763929 ], [ -99.043014732062062, 19.297984377820573 ], [ -99.043298604975632, 19.297952511154538 ], [ -99.043696280775691, 19.297907868577308 ], [ -99.043761008002235, 19.297900602297265 ], [ -99.044297059617008, 19.297840424223743 ], [ -99.044494758546605, 19.297818229794501 ], [ -99.045223386694289, 19.297736370571254 ], [ -99.046002010790858, 19.297646735509716 ], [ -99.046034407663711, 19.297643005913596 ], [ -99.046607239564565, 19.29757705932472 ], [ -99.046726318480879, 19.297656158197793 ], [ -99.046809989180815, 19.297699535311047 ], [ -99.047769226200003, 19.296485187946082 ], [ -99.047382316334151, 19.296205530722226 ], [ -99.047964157974405, 19.295487962509615 ], [ -99.048734363410176, 19.296050707286224 ], [ -99.049325240720592, 19.295346862782147 ], [ -99.049713057989536, 19.29563423904796 ], [ -99.050100876611566, 19.295921614478093 ], [ -99.049522657487472, 19.296637472160239 ], [ -99.048955047701028, 19.297340187195481 ], [ -99.048208650816534, 19.29827250777058 ], [ -99.048016732186284, 19.298511785841562 ], [ -99.047621511263472, 19.298246157203327 ], [ -99.047329176549923, 19.298604532548865 ], [ -99.047181836879489, 19.298785156597145 ], [ -99.047116950222048, 19.298864701138623 ], [ -99.046950040816242, 19.299069314887394 ], [ -99.046609228086012, 19.299487114144782 ], [ -99.046302393851121, 19.2998632571 ], [ -99.046399551384866, 19.299877078485178 ], [ -99.046367673865916, 19.300065726493163 ] ] ] ] } },
{ "type": "Feature", "properties": { "id": 2253.0, "entidad": 9, "distrito_f": 9, "distrito_l": 8, "municipio": 11, "seccion": 3630, "tipo": 2, "control": 35934.0, "SECCION_TX": "3630", "SECCION__1": null, "SECCION__2": null, "SECCION_N": "3630", "ESTATUS": null, "ALCALDIA_N": "TLAHUAC", "EN_OPERATI": null, "EN_OP": "NO", "SEC_N": "3630", "EST": null, "ALC_N": "TLAHUAC", "OP": "NO", "NOMBRE": "GRANJAS CABRERA" }, "geometry": { "type": "MultiPolygon", "coordinates": [ [ [ [ -99.063391564859813, 19.305713437367178 ], [ -99.062599606628709, 19.305446514921019 ], [ -99.06264544405218, 19.305312035341096 ], [ -99.062753103993273, 19.305023152186369 ], [ -99.062702731498973, 19.305005031264489 ], [ -99.062929798684792, 19.303868160443525 ], [ -99.063045930268927, 19.303286711329534 ], [ -99.063103351869401, 19.302999210572565 ], [ -99.06317304116682, 19.302650286047072 ], [ -99.063163773277594, 19.30263290067516 ], [ -99.062874807886772, 19.302090836549919 ], [ -99.062758708683205, 19.301873047338063 ], [ -99.062604819334013, 19.301544258382034 ], [ -99.062460337269684, 19.301235567027511 ], [ -99.061663751438175, 19.2992835957767 ], [ -99.061604695552589, 19.299260530674669 ], [ -99.061354400479502, 19.298690084739238 ], [ -99.061316410002789, 19.298594856032224 ], [ -99.060744766118489, 19.298175429496453 ], [ -99.06026830989714, 19.297825841030285 ], [ -99.060398345944932, 19.297661245161027 ], [ -99.060542555101179, 19.297488469193041 ], [ -99.060676556930645, 19.297330195721827 ], [ -99.060880470015974, 19.29721243403133 ], [ -99.061225378537841, 19.297223809847342 ], [ -99.061406857859808, 19.297240872394667 ], [ -99.061598535554594, 19.297195950956691 ], [ -99.062002246898132, 19.297075704978376 ], [ -99.062652053043308, 19.296880904686088 ], [ -99.062659134608055, 19.296981727744061 ], [ -99.062674426605042, 19.29719944556059 ], [ -99.062663127777498, 19.29738460762584 ], [ -99.06283780506314, 19.297623690509962 ], [ -99.063043889343135, 19.297895515358555 ], [ -99.0632669059747, 19.298189672667185 ], [ -99.063460344741813, 19.298463343695321 ], [ -99.063478151858618, 19.298488536582404 ], [ -99.06349595898088, 19.298513729467675 ], [ -99.063615033159422, 19.298694172695093 ], [ -99.063650409589627, 19.298752198203946 ], [ -99.063723853001576, 19.298876060762527 ], [ -99.06409865433173, 19.299812690245496 ], [ -99.064126164837717, 19.299881438614502 ], [ -99.064425147290692, 19.300632094295668 ], [ -99.064600287392452, 19.301109133549662 ], [ -99.064791027648212, 19.301628660467383 ], [ -99.064504147722232, 19.30252568822182 ], [ -99.064486826541355, 19.302579848462148 ], [ -99.064434945249033, 19.302742071777132 ], [ -99.064361922885936, 19.302951054962353 ], [ -99.064160431245313, 19.303527702309864 ], [ -99.063823724484507, 19.304491311199225 ], [ -99.063708461785154, 19.304817270327625 ], [ -99.063439252820046, 19.305578579105461 ], [ -99.063414186923396, 19.305649463761171 ], [ -99.063391564859813, 19.305713437367178 ] ] ] ] } },
{ "type": "Feature", "properties": { "id": 2258.0, "entidad": 9, "distrito_f": 9, "distrito_l": 8, "municipio": 11, "seccion": 3631, "tipo": 2, "control": 35966.0, "SECCION_TX": "3631", "SECCION__1": null, "SECCION__2": null, "SECCION_N": "3631", "ESTATUS": null, "ALCALDIA_N": "TLAHUAC", "EN_OPERATI": null, "EN_OP": "NO", "SEC_N": "3631", "EST": null, "ALC_N": "TLAHUAC", "OP": "NO", "NOMBRE": "GRANJAS CABRERA" }, "geometry": { "type": "MultiPolygon", "coordinates": [ [ [ [ -99.062599606628709, 19.305446514921019 ], [ -99.06084619457576, 19.304856293777117 ], [ -99.06047981733829, 19.304732963797516 ], [ -99.060552764795602, 19.304606439026649 ], [ -99.062758708683205, 19.301873047338063 ], [ -99.062874807886772, 19.302090836549919 ], [ -99.063163773277594, 19.30263290067516 ], [ -99.06317304116682, 19.302650286047072 ], [ -99.063103351869401, 19.302999210572565 ], [ -99.063045930268927, 19.303286711329534 ], [ -99.062929798684792, 19.303868160443525 ], [ -99.062702731498973, 19.305005031264489 ], [ -99.062753103993273, 19.305023152186369 ], [ -99.06264544405218, 19.305312035341096 ], [ -99.062599606628709, 19.305446514921019 ] ] ] ] } },
{ "type": "Feature", "properties": { "id": 2259.0, "entidad": 9, "distrito_f": 9, "distrito_l": 8, "municipio": 11, "seccion": 3632, "tipo": 2, "control": 36242.0, "SECCION_TX": "3632", "SECCION__1": null, "SECCION__2": null, "SECCION_N": "3632", "ESTATUS": null, "ALCALDIA_N": "TLAHUAC", "EN_OPERATI": null, "EN_OP": "NO", "SEC_N": "3632", "EST": null, "ALC_N": "TLAHUAC", "OP": "NO", "NOMBRE": "GRANJAS CABRERA" }, "geometry": { "type": "MultiPolygon", "coordinates": [ [ [ [ -99.060552764795602, 19.304606439026649 ], [ -99.06047981733829, 19.304732963797516 ], [ -99.05982006535676, 19.304509661230274 ], [ -99.059136027379637, 19.30428715778325 ], [ -99.057818933481528, 19.303858725363668 ], [ -99.055889104116105, 19.303165435225811 ], [ -99.05602347299056, 19.302989269529213 ], [ -99.054966531186182, 19.302621110918057 ], [ -99.054172254057917, 19.302297734732218 ], [ -99.055622040195459, 19.300491719878561 ], [ -99.056308041555411, 19.299659339478531 ], [ -99.056425450969357, 19.299516876124464 ], [ -99.056661776233909, 19.299212104455982 ], [ -99.057546053633615, 19.298071702810308 ], [ -99.057651095389517, 19.297965450966512 ], [ -99.057681457458031, 19.297939110143403 ], [ -99.05820829759196, 19.29831750433306 ], [ -99.058470360986277, 19.298516836472924 ], [ -99.058614768829344, 19.298626676413051 ], [ -99.059236667666013, 19.29909477221409 ], [ -99.059623460047035, 19.299383549540774 ], [ -99.060010253784299, 19.299672326035314 ], [ -99.060783845327578, 19.300249876527769 ], [ -99.061501190432494, 19.300765092725637 ], [ -99.062316875648094, 19.301369363749735 ], [ -99.062337596630854, 19.301350038744122 ], [ -99.062460337269684, 19.301235567027511 ], [ -99.062604819334013, 19.301544258382034 ], [ -99.062758708683205, 19.301873047338063 ], [ -99.060552764795602, 19.304606439026649 ] ] ] ] } },
{ "type": "Feature", "properties": { "id": 2392.0, "entidad": 9, "distrito_f": 9, "distrito_l": 8, "municipio": 11, "seccion": 5599, "tipo": 2, "control": 27362.0, "SECCION_TX": "5599", "SECCION__1": null, "SECCION__2": null, "SECCION_N": "5599", "ESTATUS": null, "ALCALDIA_N": "TLAHUAC", "EN_OPERATI": null, "EN_OP": "NO", "SEC_N": "5599", "EST": null, "ALC_N": "TLAHUAC", "OP": "NO", "NOMBRE": "GITANA 313" }, "geometry": { "type": "MultiPolygon", "coordinates": [ [ [ [ -99.045266068773586, 19.313393320659422 ], [ -99.045135135805666, 19.31336069712513 ], [ -99.044603652484554, 19.312911469353061 ], [ -99.043629398798785, 19.31221437478073 ], [ -99.04379059445624, 19.312019497367686 ], [ -99.043820643792628, 19.311983169169697 ], [ -99.04401503479771, 19.311748159312664 ], [ -99.044028820274178, 19.311731493266969 ], [ -99.044265351007184, 19.311445537134016 ], [ -99.044499653, 19.311166835 ], [ -99.044850024, 19.310750066999969 ], [ -99.045009606, 19.310532826000014 ], [ -99.045290812, 19.310176659999982 ], [ -99.045505066, 19.30991377500003 ], [ -99.045606467, 19.309807633999984 ], [ -99.045618742, 19.309792816 ], [ -99.0456957, 19.309699911 ], [ -99.045843653, 19.309523187 ], [ -99.04586168, 19.30950165399998 ], [ -99.045951434000017, 19.30939647699995 ], [ -99.046018386, 19.309307436000026 ], [ -99.04622768, 19.309055299 ], [ -99.046487689, 19.309251437000029 ], [ -99.046576354, 19.309317994000018 ], [ -99.046634161, 19.309361284 ], [ -99.047009637, 19.309642468999989 ], [ -99.047056764, 19.309676305000025 ], [ -99.04741833, 19.309935905 ], [ -99.047779981, 19.310195563999976 ], [ -99.048542961, 19.31074955700003 ], [ -99.048580986, 19.310771111999962 ], [ -99.048655355, 19.310813268000015 ], [ -99.048810031, 19.310923462000034 ], [ -99.04885216000001, 19.310953476000027 ], [ -99.049041445, 19.311087192999963 ], [ -99.049325995412076, 19.311293067341932 ], [ -99.048931922195493, 19.311788071401544 ], [ -99.048131498509264, 19.312793489397201 ], [ -99.047859981789287, 19.312597578671362 ], [ -99.047751822569055, 19.312519558282212 ], [ -99.047690144448154, 19.312475066858195 ], [ -99.047560115092196, 19.312381270220854 ], [ -99.047405627231043, 19.312269830186963 ], [ -99.047376251360475, 19.312248639829782 ], [ -99.04722025785631, 19.312136113356043 ], [ -99.047188986052632, 19.312101922766765 ], [ -99.047157714261985, 19.312067732171876 ], [ -99.046900476507489, 19.311903764138382 ], [ -99.046583976133007, 19.311702020079696 ], [ -99.04589254935722, 19.312589349387775 ], [ -99.045266068773586, 19.313393320659422 ] ] ] ] } },
{ "type": "Feature", "properties": { "id": 2327.0, "entidad": 9, "distrito_f": 9, "distrito_l": 8, "municipio": 11, "seccion": 3684, "tipo": 2, "control": 35980.0, "SECCION_TX": "3684", "SECCION__1": null, "SECCION__2": null, "SECCION_N": "3684", "ESTATUS": "COMPLETA", "ALCALDIA_N": "TLAHUAC", "EN_OPERATI": null, "EN_OP": "SI", "SEC_N": "3684", "EST": "COMPLETA", "ALC_N": "TLAHUAC", "OP": "SI", "NOMBRE": "SOCIEDAD COOPERATIVA CEANI" }, "geometry": { "type": "MultiPolygon", "coordinates": [ [ [ [ -99.061123961893969, 19.293805598529236 ], [ -99.05950991530942, 19.29260035583739 ], [ -99.059118908216917, 19.292305464644919 ], [ -99.058727902523941, 19.29201057260212 ], [ -99.058324506344931, 19.291706333798444 ], [ -99.057945895336488, 19.291420785965748 ], [ -99.057552247147427, 19.291140445275577 ], [ -99.057176405860758, 19.290840432695951 ], [ -99.057239024511446, 19.29076665534026 ], [ -99.057637545253158, 19.291061560992958 ], [ -99.058252909353484, 19.290255731985237 ], [ -99.058903291332584, 19.289465226261001 ], [ -99.059450080140465, 19.288805022673088 ], [ -99.059846825778408, 19.289100417032319 ], [ -99.060245448371219, 19.289397601254716 ], [ -99.06089164142108, 19.288612223800381 ], [ -99.061276840197337, 19.288901540705286 ], [ -99.061662040325942, 19.289190856784934 ], [ -99.062035800367781, 19.28947157868555 ], [ -99.06242293674164, 19.289762345389992 ], [ -99.062820293781044, 19.290060786600879 ], [ -99.063211973166958, 19.290354961604105 ], [ -99.063517132066224, 19.290584153148771 ], [ -99.063382808234238, 19.29071651918288 ], [ -99.0627820068066, 19.291338241171587 ], [ -99.062438231523117, 19.291706957991046 ], [ -99.062054829913251, 19.292118173378043 ], [ -99.061614782144858, 19.292590140766702 ], [ -99.061592836473508, 19.293147161797041 ], [ -99.061570890659453, 19.293704182791213 ], [ -99.061554720949843, 19.294114594377135 ], [ -99.061498191325271, 19.294074211759479 ], [ -99.061393102878114, 19.29399878186976 ], [ -99.061123961893969, 19.293805598529236 ] ] ] ] } },
{ "type": "Feature", "properties": { "id": 2394.0, "entidad": 9, "distrito_f": 9, "distrito_l": 8, "municipio": 11, "seccion": 5601, "tipo": 2, "control": 27359.0, "SECCION_TX": "5601", "SECCION__1": null, "SECCION__2": null, "SECCION_N": "5601", "ESTATUS": "COMPLETA", "ALCALDIA_N": "TLAHUAC", "EN_OPERATI": null, "EN_OP": "SI", "SEC_N": "5601", "EST": "COMPLETA", "ALC_N": "TLAHUAC", "OP": "SI", "NOMBRE": "EXHACIENDA DE XOCO" }, "geometry": { "type": "MultiPolygon", "coordinates": [ [ [ [ -99.044265351007184, 19.311445537134016 ], [ -99.043457878787109, 19.310777477300643 ], [ -99.042787678669981, 19.310222982269377 ], [ -99.042903623075929, 19.31008465088912 ], [ -99.043020288271791, 19.309945459235433 ], [ -99.043143153313039, 19.309798870293687 ], [ -99.043409747009875, 19.3094807990703 ], [ -99.044532588413276, 19.308141126354037 ], [ -99.044616670666215, 19.308008832135179 ], [ -99.044678513133306, 19.30791152962292 ], [ -99.044700752784081, 19.307876537875931 ], [ -99.044961951601209, 19.307560586628306 ], [ -99.045222853957625, 19.307244992392647 ], [ -99.045246777204511, 19.307216054135022 ], [ -99.045564889441508, 19.306831255016885 ], [ -99.045900313803784, 19.306425512014364 ], [ -99.045990522306738, 19.306316391677399 ], [ -99.047533456, 19.307445364999964 ], [ -99.047500454, 19.30748594 ], [ -99.04739652, 19.307622293000012 ], [ -99.047102099, 19.307975533999983 ], [ -99.047105074, 19.307996768 ], [ -99.046956115, 19.308155221000032 ], [ -99.046785568, 19.308365142 ], [ -99.046597350000013, 19.308589180999956 ], [ -99.046483638, 19.308728509999966 ], [ -99.046412329, 19.308819552 ], [ -99.04622768, 19.309055299 ], [ -99.046018386, 19.309307436000026 ], [ -99.045951434000017, 19.30939647699995 ], [ -99.04586168, 19.30950165399998 ], [ -99.045843653, 19.309523187 ], [ -99.0456957, 19.309699911 ], [ -99.045618742, 19.309792816 ], [ -99.045606467, 19.309807633999984 ], [ -99.045505066, 19.30991377500003 ], [ -99.045290812, 19.310176659999982 ], [ -99.045009606, 19.310532826000014 ], [ -99.044850024, 19.310750066999969 ], [ -99.044499653, 19.311166835 ], [ -99.044265351007184, 19.311445537134016 ] ] ] ] } },
{ "type": "Feature", "properties": { "id": 2295.0, "entidad": 9, "distrito_f": 9, "distrito_l": 8, "municipio": 11, "seccion": 3653, "tipo": 2, "control": 35970.0, "SECCION_TX": "3653", "SECCION__1": null, "SECCION__2": null, "SECCION_N": "3653", "ESTATUS": null, "ALCALDIA_N": "TLAHUAC", "EN_OPERATI": null, "EN_OP": "NO", "SEC_N": "3653", "EST": null, "ALC_N": "TLAHUAC", "OP": "NO", "NOMBRE": "ROBERTO ESPERON" }, "geometry": { "type": "MultiPolygon", "coordinates": [ [ [ [ -99.061501190432494, 19.300765092725637 ], [ -99.060783845327578, 19.300249876527769 ], [ -99.060010253784299, 19.299672326035314 ], [ -99.059623460047035, 19.299383549540774 ], [ -99.059236667666013, 19.29909477221409 ], [ -99.058614768829344, 19.298626676413051 ], [ -99.058470360986277, 19.298516836472924 ], [ -99.05820829759196, 19.29831750433306 ], [ -99.057681457458031, 19.297939110143403 ], [ -99.057917399563806, 19.297646294536044 ], [ -99.058151661955222, 19.297361032205668 ], [ -99.058378824224945, 19.297081557451996 ], [ -99.058430277422829, 19.297018494797374 ], [ -99.058619464259166, 19.296790870525573 ], [ -99.058669488284607, 19.296730682888793 ], [ -99.058714810332688, 19.29670399008922 ], [ -99.058743597727911, 19.296659033988629 ], [ -99.058859003516929, 19.29652128859674 ], [ -99.059092120780448, 19.296243044876082 ], [ -99.059279348852854, 19.296019572600041 ], [ -99.059335511396867, 19.29595253777628 ], [ -99.059566212445077, 19.295677175488041 ], [ -99.059844739715288, 19.29534472671277 ], [ -99.060509161500107, 19.294545315743434 ], [ -99.060591326857406, 19.294446456311764 ], [ -99.061123961893969, 19.293805598529236 ], [ -99.061393102878114, 19.29399878186976 ], [ -99.061498191325271, 19.294074211759479 ], [ -99.061554720949843, 19.294114594377135 ], [ -99.06171561770276, 19.294231970816291 ], [ -99.062005151987123, 19.294443189356254 ], [ -99.062129747562565, 19.29488946704214 ], [ -99.062351319066337, 19.295687779056902 ], [ -99.062458341328252, 19.296109123935793 ], [ -99.062521201896402, 19.296359572066017 ], [ -99.062640367934222, 19.296834349418315 ], [ -99.062652053043308, 19.296880904686088 ], [ -99.062002246898132, 19.297075704978376 ], [ -99.061598535554594, 19.297195950956691 ], [ -99.061406857859808, 19.297240872394667 ], [ -99.061225378537841, 19.297223809847342 ], [ -99.060880470015974, 19.29721243403133 ], [ -99.060676556930645, 19.297330195721827 ], [ -99.060542555101179, 19.297488469193041 ], [ -99.060398345944932, 19.297661245161027 ], [ -99.06026830989714, 19.297825841030285 ], [ -99.060744766118489, 19.298175429496453 ], [ -99.061316410002789, 19.298594856032224 ], [ -99.061354400479502, 19.298690084739238 ], [ -99.061604695552589, 19.299260530674669 ], [ -99.061663751438175, 19.2992835957767 ], [ -99.062460337269684, 19.301235567027511 ], [ -99.062337596630854, 19.301350038744122 ], [ -99.062316875648094, 19.301369363749735 ], [ -99.061501190432494, 19.300765092725637 ] ] ] ] } },
{ "type": "Feature", "properties": { "id": 2296.0, "entidad": 9, "distrito_f": 9, "distrito_l": 8, "municipio": 11, "seccion": 3654, "tipo": 2, "control": 36483.0, "SECCION_TX": "3654", "SECCION__1": null, "SECCION__2": null, "SECCION_N": "3654", "ESTATUS": "COMPLETA", "ALCALDIA_N": "TLAHUAC", "EN_OPERATI": null, "EN_OP": "SI", "SEC_N": "3654", "EST": "COMPLETA", "ALC_N": "TLAHUAC", "OP": "SI", "NOMBRE": "ROBERTO ESPERON" }, "geometry": { "type": "MultiPolygon", "coordinates": [ [ [ [ -99.057651095389517, 19.297965450966512 ], [ -99.056877668642656, 19.297392201584078 ], [ -99.056104179219133, 19.296807278833594 ], [ -99.056352825353713, 19.296498676894409 ], [ -99.056495868645783, 19.296321141015348 ], [ -99.05658041320676, 19.296216209660681 ], [ -99.056806889998995, 19.295935120153612 ], [ -99.057039546414373, 19.295646359568071 ], [ -99.057126883236677, 19.295537961478423 ], [ -99.05714641654923, 19.295513717683797 ], [ -99.057262010760937, 19.295370247597745 ], [ -99.05749675978619, 19.295078887175119 ], [ -99.05773553522485, 19.294782527966721 ], [ -99.057974309804564, 19.294486168438844 ], [ -99.057998695467035, 19.294456221871783 ], [ -99.058350657024477, 19.294023997924647 ], [ -99.05845360343352, 19.293897574122518 ], [ -99.058971191857623, 19.293261945893146 ], [ -99.05950991530942, 19.29260035583739 ], [ -99.061123961893969, 19.293805598529236 ], [ -99.060591326857406, 19.294446456311764 ], [ -99.060509161500107, 19.294545315743434 ], [ -99.059844739715288, 19.29534472671277 ], [ -99.059566212445077, 19.295677175488041 ], [ -99.059335511396867, 19.29595253777628 ], [ -99.059279348852854, 19.296019572600041 ], [ -99.059092120780448, 19.296243044876082 ], [ -99.058859003516929, 19.29652128859674 ], [ -99.058743597727911, 19.296659033988629 ], [ -99.058714810332688, 19.29670399008922 ], [ -99.058669488284607, 19.296730682888793 ], [ -99.058619464259166, 19.296790870525573 ], [ -99.058430277422829, 19.297018494797374 ], [ -99.058378824224945, 19.297081557451996 ], [ -99.058151661955222, 19.297361032205668 ], [ -99.057917399563806, 19.297646294536044 ], [ -99.057681457458031, 19.297939110143403 ], [ -99.057651095389517, 19.297965450966512 ] ] ] ] } },
{ "type": "Feature", "properties": { "id": 2364.0, "entidad": 9, "distrito_f": 9, "distrito_l": 7, "municipio": 11, "seccion": 3725, "tipo": 3, "control": 36415.0, "SECCION_TX": "3725", "SECCION__1": null, "SECCION__2": null, "SECCION_N": "3725", "ESTATUS": null, "ALCALDIA_N": "TLAHUAC", "EN_OPERATI": null, "EN_OP": "NO", "SEC_N": "3725", "EST": null, "ALC_N": "TLAHUAC", "OP": "NO", "NOMBRE": "TEPANTITLAMILCO" }, "geometry": { "type": "MultiPolygon", "coordinates": [ [ [ [ -98.977899830720901, 19.23415175113151 ], [ -98.977443895124154, 19.234335412847201 ], [ -98.976905076517212, 19.234440326999852 ], [ -98.976518242681237, 19.234440277801518 ], [ -98.97611760094054, 19.234387735326603 ], [ -98.975399222836231, 19.234203922914332 ], [ -98.971178037664487, 19.232855780606503 ], [ -98.972122956618293, 19.230521755406695 ], [ -98.971717322792131, 19.230413885582777 ], [ -98.97137933193072, 19.230283398195901 ], [ -98.971164576064155, 19.230149585144918 ], [ -98.971044879567415, 19.230055920704153 ], [ -98.97088647381743, 19.229841848604245 ], [ -98.970756235539397, 19.229631125346899 ], [ -98.970640079619713, 19.229430437703609 ], [ -98.970640098634931, 19.229323414206732 ], [ -98.97084087128772, 19.228878629846953 ], [ -98.971129845510063, 19.227407102299761 ], [ -98.970749658327733, 19.227005703759396 ], [ -98.970731061619077, 19.226987791935269 ], [ -98.970662850607283, 19.226922092967179 ], [ -98.970542411606615, 19.226806089247816 ], [ -98.970366088016902, 19.226636258504115 ], [ -98.97004893757375, 19.226330785327686 ], [ -98.970007954358465, 19.226297869312269 ], [ -98.969224750756752, 19.2256688284258 ], [ -98.969223508692195, 19.225904967524379 ], [ -98.969172455921708, 19.22611696062982 ], [ -98.969160564225461, 19.226166339996478 ], [ -98.969044563386092, 19.226362357718727 ], [ -98.968928562271302, 19.226558375362941 ], [ -98.967674660552888, 19.226117541237517 ], [ -98.967297312492434, 19.225983048687191 ], [ -98.967045750438515, 19.225878450380357 ], [ -98.96699854810683, 19.226031537672657 ], [ -98.966931719885494, 19.22603899370791 ], [ -98.96667227192161, 19.226053882861525 ], [ -98.966483586938708, 19.226042646303735 ], [ -98.966347027623414, 19.22583444833278 ], [ -98.96632443095946, 19.225802704808601 ], [ -98.966124944132943, 19.225752258436341 ], [ -98.966094490931653, 19.225694375124423 ], [ -98.965724986891203, 19.225625141785429 ], [ -98.965491109521224, 19.225582241136241 ], [ -98.965477537628487, 19.225622694203956 ], [ -98.965410518709845, 19.225610231264454 ], [ -98.964978130178167, 19.22552239907921 ], [ -98.96503716031178, 19.225212484716529 ], [ -98.965092243494396, 19.22497725045233 ], [ -98.965155171108776, 19.224824166627396 ], [ -98.965227967031453, 19.224644066731511 ], [ -98.965414748529767, 19.224181960628119 ], [ -98.965469700339639, 19.224173936773298 ], [ -98.965863906510663, 19.224320891983776 ], [ -98.965961963289772, 19.224357446171997 ], [ -98.96637434573725, 19.22451693865461 ], [ -98.966412192013777, 19.224435326136412 ], [ -98.966495656469519, 19.224338061674349 ], [ -98.966605669938545, 19.224248007921837 ], [ -98.966832236914044, 19.224134717712634 ], [ -98.966745126864282, 19.223993529762957 ], [ -98.966620933725565, 19.223792237059023 ], [ -98.966712008978433, 19.22356887049208 ], [ -98.966825821245322, 19.22344639070376 ], [ -98.966960859123205, 19.223352096100832 ], [ -98.96692285008497, 19.223138837191652 ], [ -98.966894187606201, 19.222978019046032 ], [ -98.966890440158849, 19.222751032255744 ], [ -98.966905633413262, 19.222642946373632 ], [ -98.966924646218402, 19.222401551868369 ], [ -98.966977787065019, 19.222199796008045 ], [ -98.96711193749799, 19.221909137828451 ], [ -98.966852500545372, 19.221792662413375 ], [ -98.967112590239935, 19.221417979108377 ], [ -98.967503355351596, 19.220913635154215 ], [ -98.967874935488339, 19.220602140452922 ], [ -98.968357676624109, 19.220198025694479 ], [ -98.968741286036504, 19.219974021242312 ], [ -98.969107944631602, 19.219796994952496 ], [ -98.970017457460727, 19.220138988880432 ], [ -98.970056115610987, 19.220188690461061 ], [ -98.969855899457613, 19.220499793157721 ], [ -98.969839968195558, 19.220551646456062 ], [ -98.970117439905863, 19.22067701039304 ], [ -98.970117420770222, 19.220782882891275 ], [ -98.97006962203281, 19.220966531466154 ], [ -98.970030933147456, 19.221085361619114 ], [ -98.970033191250138, 19.221176109842776 ], [ -98.970055917599893, 19.221281986054045 ], [ -98.970052083916613, 19.221316266066541 ], [ -98.970039969879707, 19.221424587214504 ], [ -98.969999000034392, 19.221577987591125 ], [ -98.969912345482896, 19.221823854141547 ], [ -98.969849593402657, 19.221815511660491 ], [ -98.969546333131177, 19.221739962638082 ], [ -98.969459854338467, 19.22198626382686 ], [ -98.969414367495403, 19.222190260571374 ], [ -98.969384354984669, 19.222317308339061 ], [ -98.969335042682474, 19.222342520773044 ], [ -98.96918332756502, 19.222338892361954 ], [ -98.969046748953289, 19.222522620012452 ], [ -98.968955695023496, 19.222652310962253 ], [ -98.968974108371782, 19.222671154389342 ], [ -98.969004993289914, 19.22270276066963 ], [ -98.969575898222544, 19.222831952155445 ], [ -98.970144934856549, 19.222960616402506 ], [ -98.970047929986421, 19.223319039317008 ], [ -98.970233706388385, 19.223568380761911 ], [ -98.971092843782372, 19.223535433134455 ], [ -98.971917123089241, 19.223667902196038 ], [ -98.973043183866523, 19.224274633554426 ], [ -98.973495943094747, 19.224451154070884 ], [ -98.973437856133131, 19.224682742117654 ], [ -98.973971885007884, 19.224870301620498 ], [ -98.973820874938866, 19.225377586603809 ], [ -98.974819260537487, 19.225874004645512 ], [ -98.975330273882406, 19.224727120361333 ], [ -98.977199239958736, 19.226458821622213 ], [ -98.978046652028311, 19.227396339175598 ], [ -98.977233660027608, 19.229436493235465 ], [ -98.980256547959712, 19.230646183180479 ], [ -98.979916061769075, 19.23106208304452 ], [ -98.979558002134212, 19.231606118713543 ], [ -98.979267819155496, 19.232104775106681 ], [ -98.978328168823168, 19.233705631697571 ], [ -98.977899830720901, 19.23415175113151 ] ] ] ] } },
{ "type": "Feature", "properties": { "id": 5568.0, "entidad": 9, "distrito_f": 9, "distrito_l": 7, "municipio": 11, "seccion": 3729, "tipo": 3, "control": 36434.0, "SECCION_TX": "3729", "SECCION__1": null, "SECCION__2": null, "SECCION_N": "3729", "ESTATUS": null, "ALCALDIA_N": "TLAHUAC", "EN_OPERATI": null, "EN_OP": "NO", "SEC_N": "3729", "EST": null, "ALC_N": "TLAHUAC", "OP": "NO", "NOMBRE": "TEPANTITLAMILCO" }, "geometry": { "type": "MultiPolygon", "coordinates": [ [ [ [ -98.977233660027608, 19.229436493235465 ], [ -98.978046652028311, 19.227396339175598 ], [ -98.977199239958736, 19.226458821622213 ], [ -98.975330273882406, 19.224727120361333 ], [ -98.974819260537487, 19.225874004645512 ], [ -98.973820874938866, 19.225377586603809 ], [ -98.973971885007884, 19.224870301620498 ], [ -98.973437856133131, 19.224682742117654 ], [ -98.973495943094747, 19.224451154070884 ], [ -98.973043183866523, 19.224274633554426 ], [ -98.971917123089241, 19.223667902196038 ], [ -98.971092843782372, 19.223535433134455 ], [ -98.970233706388385, 19.223568380761911 ], [ -98.970047929986421, 19.223319039317008 ], [ -98.970144934856549, 19.222960616402506 ], [ -98.969575898222544, 19.222831952155445 ], [ -98.969004993289914, 19.22270276066963 ], [ -98.968974108371782, 19.222671154389342 ], [ -98.968955695023496, 19.222652310962253 ], [ -98.969046748953289, 19.222522620012452 ], [ -98.96918332756502, 19.222338892361954 ], [ -98.969335042682474, 19.222342520773044 ], [ -98.969384354984669, 19.222317308339061 ], [ -98.969414367495403, 19.222190260571374 ], [ -98.969459854338467, 19.22198626382686 ], [ -98.969546333131177, 19.221739962638082 ], [ -98.969849593402657, 19.221815511660491 ], [ -98.969912345482896, 19.221823854141547 ], [ -98.969999000034392, 19.221577987591125 ], [ -98.970039969879707, 19.221424587214504 ], [ -98.970052083916613, 19.221316266066541 ], [ -98.970055917599893, 19.221281986054045 ], [ -98.970033191250138, 19.221176109842776 ], [ -98.970030933147456, 19.221085361619114 ], [ -98.97006962203281, 19.220966531466154 ], [ -98.970117420770222, 19.220782882891275 ], [ -98.970117439905863, 19.22067701039304 ], [ -98.969839968195558, 19.220551646456062 ], [ -98.969855899457613, 19.220499793157721 ], [ -98.970056115610987, 19.220188690461061 ], [ -98.970017457460727, 19.220138988880432 ], [ -98.969107944631602, 19.219796994952496 ], [ -98.968741286036504, 19.219974021242312 ], [ -98.968652429568266, 19.219912979522867 ], [ -98.968350550284754, 19.219714372261258 ], [ -98.968079629010106, 19.219559893310404 ], [ -98.96761776603671, 19.219336743885975 ], [ -98.96729781019279, 19.219216573315556 ], [ -98.967068163205909, 19.219138090555081 ], [ -98.966761112496485, 19.219008116160836 ], [ -98.966521150113664, 19.21890021523005 ], [ -98.966268276182504, 19.21883888632739 ], [ -98.966118614282763, 19.218811894403803 ], [ -98.966735634684412, 19.217382898833737 ], [ -98.966877538329058, 19.217488330499155 ], [ -98.966905938506656, 19.217412345286505 ], [ -98.9669782283258, 19.217226059417307 ], [ -98.967050497956308, 19.21714027687414 ], [ -98.96730335688909, 19.216540298305638 ], [ -98.967739560344981, 19.21671387300357 ], [ -98.9680233892811, 19.216814426116436 ], [ -98.968296898671298, 19.216905171797688 ], [ -98.96856782465656, 19.217013075737974 ], [ -98.968647814250673, 19.217035151154871 ], [ -98.968727803866187, 19.217057226536909 ], [ -98.968877465068971, 19.217081765031462 ], [ -98.969050348035381, 19.217118563835019 ], [ -98.969313531245689, 19.217238721871094 ], [ -98.969628348597666, 19.217224066510347 ], [ -98.969744466503144, 19.217236342226602 ], [ -98.969883807119771, 19.217255975591893 ], [ -98.970079918968196, 19.217268264224902 ], [ -98.970273452160072, 19.217270747023573 ], [ -98.97036892611824, 19.217285470295646 ], [ -98.970534538193959, 19.217347958491235 ], [ -98.970733918851437, 19.216762382799676 ], [ -98.970806167724959, 19.21678200473719 ], [ -98.970981626519801, 19.216845766448618 ], [ -98.971146570734874, 19.216933202323094 ], [ -98.971327371302607, 19.217044376304198 ], [ -98.97140994469396, 19.217049291808841 ], [ -98.971827955911721, 19.217171921628594 ], [ -98.971746935556894, 19.217450485228046 ], [ -98.971636890155992, 19.217828840953782 ], [ -98.971644626903867, 19.217855806466481 ], [ -98.971703969879158, 19.217899939064612 ], [ -98.972070372190174, 19.218034816852782 ], [ -98.972265553690505, 19.21776914629919 ], [ -98.972395288627752, 19.217569565851473 ], [ -98.972519387173335, 19.217378655722904 ], [ -98.972530742533195, 19.217361186892177 ], [ -98.972581380645877, 19.217283286302045 ], [ -98.972663469011223, 19.217316292287961 ], [ -98.97276449720448, 19.217379295345207 ], [ -98.972859215482401, 19.217412303119865 ], [ -98.972991818391733, 19.21747531072516 ], [ -98.97320971459861, 19.217280379810514 ], [ -98.973752762982215, 19.217493417873943 ], [ -98.973806465910172, 19.217328456950263 ], [ -98.973898063366761, 19.217130507686811 ], [ -98.973995982574579, 19.216887567829279 ], [ -98.974100215439648, 19.216650627663995 ], [ -98.974111336538172, 19.21659468123293 ], [ -98.974131814732104, 19.216491662362991 ], [ -98.974138165260186, 19.216263706611244 ], [ -98.974157284480825, 19.215868013932031 ], [ -98.974162165470915, 19.215775375387437 ], [ -98.974168425612845, 19.21557311824256 ], [ -98.974287587046447, 19.215145812187288 ], [ -98.974327817169254, 19.214937985289232 ], [ -98.974384681207468, 19.21474003086016 ], [ -98.974469970990057, 19.214482091767014 ], [ -98.974899195635786, 19.214606334405858 ], [ -98.975435353680339, 19.214884111201904 ], [ -98.97589805202756, 19.215078714040622 ], [ -98.976529569192238, 19.215381745970735 ], [ -98.976857837313105, 19.215515442111428 ], [ -98.977601560513989, 19.215915535124097 ], [ -98.97762252901741, 19.215928781136096 ], [ -98.978316766191384, 19.216367335095523 ], [ -98.979044581899629, 19.216977537759572 ], [ -98.979929367761116, 19.217858918278946 ], [ -98.980575118218837, 19.218557233904949 ], [ -98.981220874130358, 19.219255547206874 ], [ -98.981684672557961, 19.219825037441996 ], [ -98.982077109644536, 19.220401298589465 ], [ -98.982326856869292, 19.220645369947558 ], [ -98.982771934853417, 19.221234854068783 ], [ -98.984412692825927, 19.223536262696037 ], [ -98.981834405230444, 19.23016801948647 ], [ -98.981582126208451, 19.230188588235471 ], [ -98.980986206250464, 19.230270224009029 ], [ -98.980629872689363, 19.230404402626991 ], [ -98.980256547959712, 19.230646183180479 ], [ -98.977233660027608, 19.229436493235465 ] ] ] ] } },
{ "type": "Feature", "properties": { "id": 2342.0, "entidad": 9, "distrito_f": 9, "distrito_l": 7, "municipio": 11, "seccion": 3707, "tipo": 2, "control": 36621.0, "SECCION_TX": "3707", "SECCION__1": null, "SECCION__2": null, "SECCION_N": "3707", "ESTATUS": null, "ALCALDIA_N": "TLAHUAC", "EN_OPERATI": null, "EN_OP": "NO", "SEC_N": "3707", "EST": null, "ALC_N": "TLAHUAC", "OP": "NO", "NOMBRE": "SAN ANDRES" }, "geometry": { "type": "MultiPolygon", "coordinates": [ [ [ [ -99.005000174581596, 19.266213614740842 ], [ -99.003934081055561, 19.266157464172288 ], [ -99.003655003186921, 19.266142881139444 ], [ -99.003445130955001, 19.266139847828377 ], [ -99.001294645910633, 19.266114769735722 ], [ -99.00132902669462, 19.265949708220209 ], [ -99.001483063774785, 19.265210174841812 ], [ -99.001886575111499, 19.265293605539458 ], [ -99.001926091612575, 19.265300719360155 ], [ -99.002291363060209, 19.265366475648992 ], [ -99.002314117628671, 19.265370571908164 ], [ -99.002701528390531, 19.265440312816981 ], [ -99.002743374842396, 19.265222183693076 ], [ -99.002826135682653, 19.264790782184381 ], [ -99.002898433934334, 19.264413916368877 ], [ -99.002987339781669, 19.263950478472367 ], [ -99.003080397928642, 19.263465393098723 ], [ -99.003198622900499, 19.262849116081444 ], [ -99.002776242284455, 19.262738041740956 ], [ -99.002447133876743, 19.262651494613216 ], [ -99.002522275596135, 19.262206819173933 ], [ -99.003313254943421, 19.262408692563628 ], [ -99.003404162336778, 19.262102634160712 ], [ -99.003435030948111, 19.262015214675404 ], [ -99.003443245186617, 19.261994056185248 ], [ -99.003557984149822, 19.26169850739662 ], [ -99.00360162393045, 19.261586098165321 ], [ -99.003774154275519, 19.261141685437657 ], [ -99.005573753481883, 19.261664132683048 ], [ -99.005404681369001, 19.262171631672203 ], [ -99.005397420207103, 19.262193427222947 ], [ -99.005266773780477, 19.262585582540279 ], [ -99.005619210900946, 19.262686285425691 ], [ -99.005971648451592, 19.262786987630765 ], [ -99.0059437776724, 19.262885296791705 ], [ -99.005915906860025, 19.262983605947262 ], [ -99.005814453000951, 19.263341464708741 ], [ -99.005754052573977, 19.26355451470037 ], [ -99.005739697697834, 19.263605148467196 ], [ -99.005625536260141, 19.264007827456439 ], [ -99.005571941205503, 19.264196871340033 ], [ -99.005419214375138, 19.264735576641122 ], [ -99.005327424688218, 19.265059339798235 ], [ -99.005180882879998, 19.265576223419924 ], [ -99.005161519520314, 19.265644521788104 ], [ -99.005000174581596, 19.266213614740842 ] ] ] ] } },
{ "type": "Feature", "properties": { "id": 2343.0, "entidad": 9, "distrito_f": 9, "distrito_l": 7, "municipio": 11, "seccion": 3708, "tipo": 2, "control": 36290.0, "SECCION_TX": "3708", "SECCION__1": null, "SECCION__2": null, "SECCION_N": "3708", "ESTATUS": "COMPLETA", "ALCALDIA_N": "TLAHUAC", "EN_OPERATI": null, "EN_OP": "SI", "SEC_N": "3708", "EST": "COMPLETA", "ALC_N": "TLAHUAC", "OP": "SI", "NOMBRE": "SAN ANDRES" }, "geometry": { "type": "MultiPolygon", "coordinates": [ [ [ [ -99.003142382890417, 19.269222781201673 ], [ -99.002045540764769, 19.268990495108429 ], [ -99.001907484132332, 19.268961257356029 ], [ -99.001167299730412, 19.268804498510221 ], [ -99.000731751301416, 19.268712254997059 ], [ -99.000694175545348, 19.268684806124256 ], [ -98.999910342399005, 19.268523134788545 ], [ -98.999584643797434, 19.268455955980691 ], [ -98.998777821128058, 19.268289537469482 ], [ -98.998384827183415, 19.268206710043955 ], [ -98.998143993703252, 19.268155951507435 ], [ -98.997631863881196, 19.26804801286265 ], [ -98.997486869103028, 19.268017452864214 ], [ -98.997071523834649, 19.267929911420588 ], [ -98.996403428372147, 19.267789096177058 ], [ -98.996041116045731, 19.267712730071953 ], [ -98.995553833304086, 19.267610022178015 ], [ -98.995050155657722, 19.267507084669319 ], [ -98.994410777524607, 19.267376572693266 ], [ -98.993942464397378, 19.26728097752034 ], [ -98.993919827940829, 19.267276356783892 ], [ -98.993557753394853, 19.267202446785138 ], [ -98.993280315558266, 19.268959814566596 ], [ -98.993216977384691, 19.269361010664163 ], [ -98.993198970390182, 19.2694750700452 ], [ -98.993072561684542, 19.269433629237049 ], [ -98.993023939471726, 19.269161715111611 ], [ -98.992963543309259, 19.268804698487848 ], [ -98.992852033845324, 19.267943604423728 ], [ -98.992744365234728, 19.267112161384691 ], [ -98.992600359129881, 19.267031022478832 ], [ -98.992621516558032, 19.26695935002537 ], [ -98.992454328597546, 19.265702912513849 ], [ -98.992579774746133, 19.265413626583829 ], [ -98.992590229081685, 19.265378174670918 ], [ -98.992600683412761, 19.265342722757271 ], [ -98.992988966074407, 19.26444650293142 ], [ -98.993000026171515, 19.264342237567661 ], [ -98.993786146290319, 19.264516994120392 ], [ -98.993931888923399, 19.264552977195777 ], [ -98.994380665526961, 19.264665237378072 ], [ -98.99458582489379, 19.264716556988144 ], [ -98.994991684635096, 19.264818080040094 ], [ -98.99525214749066, 19.264883232509767 ], [ -98.995424033792972, 19.264926228109893 ], [ -98.995896851934319, 19.265044497780629 ], [ -98.995972973257238, 19.265063538467604 ], [ -98.996219995937025, 19.265125327495969 ], [ -98.99639736712021, 19.265169694009675 ], [ -98.99693750790945, 19.265304800226133 ], [ -98.997328079968668, 19.265402493461369 ], [ -98.997492424070913, 19.265443600334297 ], [ -98.998452527034402, 19.265683744501008 ], [ -98.998532361555519, 19.265703712719876 ], [ -98.999410832980004, 19.265923434724019 ], [ -98.999705652113093, 19.266000292713439 ], [ -99.00020857955316, 19.266170476800013 ], [ -99.000234734877424, 19.266175142620177 ], [ -99.000761802179184, 19.266269164735444 ], [ -99.001254901911764, 19.26635712599418 ], [ -99.002465980557744, 19.266634348834199 ], [ -99.002312797961778, 19.267238229377867 ], [ -99.002878155291953, 19.267375929156426 ], [ -99.003022318368195, 19.267411041541948 ], [ -99.003290670462221, 19.267476401084654 ], [ -99.003626969342207, 19.267558309042521 ], [ -99.003523523947052, 19.267915272320064 ], [ -99.003405129062884, 19.268321429688616 ], [ -99.003142382890417, 19.269222781201673 ] ] ] ] } },
{ "type": "Feature", "properties": { "id": 2344.0, "entidad": 9, "distrito_f": 9, "distrito_l": 7, "municipio": 11, "seccion": 3709, "tipo": 2, "control": 36291.0, "SECCION_TX": "3709", "SECCION__1": null, "SECCION__2": null, "SECCION_N": "3709", "ESTATUS": "COMPLETA", "ALCALDIA_N": "TLAHUAC", "EN_OPERATI": null, "EN_OP": "SI", "SEC_N": "3709", "EST": "COMPLETA", "ALC_N": "TLAHUAC", "OP": "SI", "NOMBRE": "SAN ANDRES" }, "geometry": { "type": "MultiPolygon", "coordinates": [ [ [ [ -99.003831376690783, 19.269377314852779 ], [ -99.003142382890417, 19.269222781201673 ], [ -99.003405129062884, 19.268321429688616 ], [ -99.003523523947052, 19.267915272320064 ], [ -99.003626969342207, 19.267558309042521 ], [ -99.003290670462221, 19.267476401084654 ], [ -99.003022318368195, 19.267411041541948 ], [ -99.002878155291953, 19.267375929156426 ], [ -99.002312797961778, 19.267238229377867 ], [ -99.002465980557744, 19.266634348834199 ], [ -99.001254901911764, 19.26635712599418 ], [ -99.000761802179184, 19.266269164735444 ], [ -99.000234734877424, 19.266175142620177 ], [ -99.00020857955316, 19.266170476800013 ], [ -98.999705652113093, 19.266000292713439 ], [ -98.999410832980004, 19.265923434724019 ], [ -98.998532361555519, 19.265703712719876 ], [ -98.998452527034402, 19.265683744501008 ], [ -98.997492424070913, 19.265443600334297 ], [ -98.997328079968668, 19.265402493461369 ], [ -98.99693750790945, 19.265304800226133 ], [ -98.99639736712021, 19.265169694009675 ], [ -98.996219995937025, 19.265125327495969 ], [ -98.995972973257238, 19.265063538467604 ], [ -98.995896851934319, 19.265044497780629 ], [ -98.995424033792972, 19.264926228109893 ], [ -98.99525214749066, 19.264883232509767 ], [ -98.994991684635096, 19.264818080040094 ], [ -98.99458582489379, 19.264716556988144 ], [ -98.994380665526961, 19.264665237378072 ], [ -98.993931888923399, 19.264552977195777 ], [ -98.993786146290319, 19.264516994120392 ], [ -98.994073434042861, 19.262996664676471 ], [ -98.994826612777061, 19.258474772714631 ], [ -99.001644432219265, 19.260538227582572 ], [ -99.001429294858255, 19.260892566525186 ], [ -99.001200344571416, 19.261269883319724 ], [ -99.001188929156797, 19.261288696205142 ], [ -99.000949938568212, 19.261682557442647 ], [ -99.002204966021296, 19.262101020527481 ], [ -99.002522275596135, 19.262206819173933 ], [ -99.002447133876743, 19.262651494613216 ], [ -99.002776242284455, 19.262738041740956 ], [ -99.003198622900499, 19.262849116081444 ], [ -99.003080397928642, 19.263465393098723 ], [ -99.002987339781669, 19.263950478472367 ], [ -99.002898433934334, 19.264413916368877 ], [ -99.002826135682653, 19.264790782184381 ], [ -99.002743374842396, 19.265222183693076 ], [ -99.002701528390531, 19.265440312816981 ], [ -99.002314117628671, 19.265370571908164 ], [ -99.002291363060209, 19.265366475648992 ], [ -99.001926091612575, 19.265300719360155 ], [ -99.001886575111499, 19.265293605539458 ], [ -99.001483063774785, 19.265210174841812 ], [ -99.00132902669462, 19.265949708220209 ], [ -99.001294645910633, 19.266114769735722 ], [ -99.003445130955001, 19.266139847828377 ], [ -99.003655003186921, 19.266142881139444 ], [ -99.003934081055561, 19.266157464172288 ], [ -99.005000174581596, 19.266213614740842 ], [ -99.004975604879803, 19.266300276188975 ], [ -99.004885027170317, 19.266658562130392 ], [ -99.004621937806746, 19.267699219830032 ], [ -99.004609952420068, 19.267795988964878 ], [ -99.0046052964165, 19.267833581165846 ], [ -99.004598580620382, 19.267860118163156 ], [ -99.004392087912478, 19.268676055292048 ], [ -99.004026479358288, 19.268559645610818 ], [ -99.003831376690783, 19.269377314852779 ] ] ] ] } },
{ "type": "Feature", "properties": { "id": 2345.0, "entidad": 9, "distrito_f": 9, "distrito_l": 7, "municipio": 11, "seccion": 3710, "tipo": 2, "control": 36620.0, "SECCION_TX": "3710", "SECCION__1": null, "SECCION__2": null, "SECCION_N": "3710", "ESTATUS": "COMPLETA", "ALCALDIA_N": "TLAHUAC", "EN_OPERATI": null, "EN_OP": "SI", "SEC_N": "3710", "EST": "COMPLETA", "ALC_N": "TLAHUAC", "OP": "SI", "NOMBRE": "SAN ANDRES" }, "geometry": { "type": "MultiPolygon", "coordinates": [ [ [ [ -99.003313254943421, 19.262408692563628 ], [ -99.002522275596135, 19.262206819173933 ], [ -99.002204966021296, 19.262101020527481 ], [ -99.000949938568212, 19.261682557442647 ], [ -99.001188929156797, 19.261288696205142 ], [ -99.001200344571416, 19.261269883319724 ], [ -99.001429294858255, 19.260892566525186 ], [ -99.001644432219265, 19.260538227582572 ], [ -99.001861394254178, 19.260187739572633 ], [ -99.002049402956459, 19.259884022358918 ], [ -99.002237410966501, 19.259580304941853 ], [ -99.004095348431122, 19.260178969729669 ], [ -99.004144241358205, 19.260180944525786 ], [ -99.004193134286453, 19.260182919308932 ], [ -99.005928329728505, 19.260694628725368 ], [ -99.005827607547474, 19.260940287261292 ], [ -99.005781435119317, 19.26105290023553 ], [ -99.005770627144514, 19.261079260492675 ], [ -99.005759819166272, 19.261105620749014 ], [ -99.005666786481513, 19.261384876743868 ], [ -99.005573753481883, 19.261664132683048 ], [ -99.003774154275519, 19.261141685437657 ], [ -99.00360162393045, 19.261586098165321 ], [ -99.003557984149822, 19.26169850739662 ], [ -99.003443245186617, 19.261994056185248 ], [ -99.003435030948111, 19.262015214675404 ], [ -99.003404162336778, 19.262102634160712 ], [ -99.003313254943421, 19.262408692563628 ] ] ] ] } },
{ "type": "Feature", "properties": { "id": 2347.0, "entidad": 9, "distrito_f": 9, "distrito_l": 7, "municipio": 11, "seccion": 3711, "tipo": 2, "control": 36226.0, "SECCION_TX": "3711", "SECCION__1": null, "SECCION__2": null, "SECCION_N": "3711", "ESTATUS": null, "ALCALDIA_N": "TLAHUAC", "EN_OPERATI": null, "EN_OP": "NO", "SEC_N": "3711", "EST": null, "ALC_N": "TLAHUAC", "OP": "NO", "NOMBRE": "SAN ANDRES" }, "geometry": { "type": "MultiPolygon", "coordinates": [ [ [ [ -99.005971648451592, 19.262786987630765 ], [ -99.005619210900946, 19.262686285425691 ], [ -99.005266773780477, 19.262585582540279 ], [ -99.005397420207103, 19.262193427222947 ], [ -99.005404681369001, 19.262171631672203 ], [ -99.005573753481883, 19.261664132683048 ], [ -99.005666786481513, 19.261384876743868 ], [ -99.005759819166272, 19.261105620749014 ], [ -99.005770627144514, 19.261079260492675 ], [ -99.005781435119317, 19.26105290023553 ], [ -99.005827607547474, 19.260940287261292 ], [ -99.005928329728505, 19.260694628725368 ], [ -99.004193134286453, 19.260182919308932 ], [ -99.004144241358205, 19.260180944525786 ], [ -99.004095348431122, 19.260178969729669 ], [ -99.002237410966501, 19.259580304941853 ], [ -99.002049402956459, 19.259884022358918 ], [ -99.001861394254178, 19.260187739572633 ], [ -99.001644432219265, 19.260538227582572 ], [ -98.994826612777061, 19.258474772714631 ], [ -98.99553081141211, 19.254101077209828 ], [ -98.999608947700906, 19.255314372718257 ], [ -99.000735126251442, 19.255655612709411 ], [ -99.000967864069565, 19.255726132856946 ], [ -99.000340803591072, 19.256924007549845 ], [ -99.003274450257109, 19.25788202310051 ], [ -99.003903777908334, 19.258078653611278 ], [ -99.004336539162836, 19.258213866330756 ], [ -99.004820396109963, 19.258365047240911 ], [ -99.005144489982627, 19.258466309369929 ], [ -99.00543654007592, 19.258568399963348 ], [ -99.005965051981264, 19.258722670679418 ], [ -99.006100863930428, 19.258765102283245 ], [ -99.00663477416775, 19.258933074140081 ], [ -99.006742957450527, 19.258967109117787 ], [ -99.006997116550579, 19.259046718284001 ], [ -99.007409227143398, 19.259175838938052 ], [ -99.007782190332847, 19.25929078716527 ], [ -99.007848024393894, 19.259311384527194 ], [ -99.008279491150518, 19.259445655475005 ], [ -99.008608093252064, 19.259548327610045 ], [ -99.008278684746998, 19.260298595480872 ], [ -99.008264673045417, 19.260330524921564 ], [ -99.008140802262275, 19.260612797317197 ], [ -99.007642755406096, 19.26174771834328 ], [ -99.007276121012424, 19.26161610025607 ], [ -99.007199600958401, 19.261588630201057 ], [ -99.007102099592828, 19.261887377708629 ], [ -99.007029542197316, 19.262109695299646 ], [ -99.006781560579427, 19.262880916217867 ], [ -99.006444053442138, 19.26277545574786 ], [ -99.006015784283733, 19.262648788137884 ], [ -99.005971648451592, 19.262786987630765 ] ] ] ] } },
{ "type": "Feature", "properties": { "id": 2349.0, "entidad": 9, "distrito_f": 9, "distrito_l": 7, "municipio": 11, "seccion": 3713, "tipo": 2, "control": 36292.0, "SECCION_TX": "3713", "SECCION__1": null, "SECCION__2": null, "SECCION_N": "3713", "ESTATUS": "COMPLETA", "ALCALDIA_N": "TLAHUAC", "EN_OPERATI": null, "EN_OP": "SI", "SEC_N": "3713", "EST": "COMPLETA", "ALC_N": "TLAHUAC", "OP": "SI", "NOMBRE": "SAN ANDRES" }, "geometry": { "type": "MultiPolygon", "coordinates": [ [ [ [ -98.999608947700906, 19.255314372718257 ], [ -98.99553081141211, 19.254101077209828 ], [ -98.986384506486971, 19.251425059379354 ], [ -98.986413098960014, 19.251318137707205 ], [ -98.987189065413475, 19.247062716248934 ], [ -98.987126764731713, 19.247004742304711 ], [ -98.994172602270865, 19.249160206297663 ], [ -98.994428377694064, 19.24771121348164 ], [ -98.994523146732718, 19.247174330985636 ], [ -98.994681351205259, 19.246278068152929 ], [ -98.994936374145979, 19.246322782195449 ], [ -98.995361703893067, 19.246397355866645 ], [ -98.995730431290156, 19.246462004512182 ], [ -98.995583015246112, 19.247351351359423 ], [ -98.996114784159204, 19.247439200487875 ], [ -98.996253712573719, 19.24663984139378 ], [ -98.99650788032703, 19.245177403678401 ], [ -98.99691905818932, 19.245276312456529 ], [ -98.9969529416813, 19.245284463079354 ], [ -98.997008381313719, 19.245485304269518 ], [ -98.997077204722444, 19.245734630165028 ], [ -98.997510680870917, 19.247628623471041 ], [ -98.997564850610814, 19.247854349868341 ], [ -98.997689854423811, 19.248375240837373 ], [ -98.997704917254225, 19.248412113981132 ], [ -98.997821829996383, 19.248698310604901 ], [ -98.997953806085462, 19.249021380265813 ], [ -98.997970183513431, 19.249061471145275 ], [ -98.99826939284803, 19.249603124316874 ], [ -98.998402829614449, 19.249768558286764 ], [ -98.998707148433724, 19.250074348770195 ], [ -98.998999048228072, 19.250247279772456 ], [ -98.999458574896892, 19.250516282637996 ], [ -98.999626201373488, 19.250604120093438 ], [ -98.999696629569897, 19.250650595552788 ], [ -98.999818940767497, 19.250731308398269 ], [ -98.999910270808968, 19.250791576753066 ], [ -99.000231550471739, 19.251003587292853 ], [ -99.000431044932554, 19.251135231941269 ], [ -99.000451750721368, 19.25114909931948 ], [ -99.000648715769316, 19.25128101334564 ], [ -99.000795935467522, 19.251379610983427 ], [ -99.001071265925617, 19.251564834868336 ], [ -99.0012273334588, 19.251608752401271 ], [ -99.001409411914935, 19.251608751089297 ], [ -99.001445040546798, 19.251608750811378 ], [ -99.001591490371041, 19.25160874959613 ], [ -99.001822799297884, 19.251608740264555 ], [ -99.00123675826373, 19.252589697898063 ], [ -98.999608947700906, 19.255314372718257 ] ] ] ] } },
{ "type": "Feature", "properties": { "id": 2380.0, "entidad": 9, "distrito_f": 9, "distrito_l": 7, "municipio": 11, "seccion": 4155, "tipo": 2, "control": 36675.0, "SECCION_TX": "4155", "SECCION__1": null, "SECCION__2": null, "SECCION_N": "4155", "ESTATUS": null, "ALCALDIA_N": "TLAHUAC", "EN_OPERATI": null, "EN_OP": "NO", "SEC_N": "4155", "EST": null, "ALC_N": "TLAHUAC", "OP": "NO", "NOMBRE": "SAN ANDRES" }, "geometry": { "type": "MultiPolygon", "coordinates": [ [ [ [ -99.006100863930413, 19.258765101874758 ], [ -99.005965051981249, 19.258722670271016 ], [ -99.00543654007592, 19.258568399554857 ], [ -99.005144489982598, 19.258466308961438 ], [ -99.004820396109963, 19.258365046832335 ], [ -99.004336539162821, 19.258213865922166 ], [ -99.00390377790832, 19.258078653202784 ], [ -99.003274450257109, 19.257882022691931 ], [ -99.000340803591072, 19.256924007141173 ], [ -99.000967864069565, 19.255726132448004 ], [ -99.001174004985472, 19.255787260769594 ], [ -99.001679909504688, 19.255937189762999 ], [ -99.002267385271068, 19.256111290970406 ], [ -99.002979409595767, 19.25632229970298 ], [ -99.003227565416893, 19.256395840014275 ], [ -99.003443250535184, 19.256459757392658 ], [ -99.003985316125465, 19.256620394909216 ], [ -99.004288012347502, 19.256129260686464 ], [ -99.004436563880375, 19.255888229849685 ], [ -99.005305250907512, 19.256128226427613 ], [ -99.005783886434401, 19.256260459432358 ], [ -99.006425775765607, 19.256437792389324 ], [ -99.007097181307756, 19.25662327688493 ], [ -99.007730146788234, 19.255289896345563 ], [ -99.008396033939235, 19.255500907856636 ], [ -99.00804438357136, 19.256246943633865 ], [ -99.008035466265852, 19.256265861841843 ], [ -99.007792951653272, 19.256780358670515 ], [ -99.007776366221407, 19.256815544676364 ], [ -99.007652839633892, 19.257077605898928 ], [ -99.00749052588489, 19.257421952545389 ], [ -99.007284948188598, 19.257858080842961 ], [ -99.006742957450513, 19.258967108709296 ], [ -99.00663477416775, 19.258933073731594 ], [ -99.006100863930413, 19.258765101874758 ] ] ] ] } },
{ "type": "Feature", "properties": { "id": 2267.0, "entidad": 9, "distrito_f": 9, "distrito_l": 8, "municipio": 11, "seccion": 3618, "tipo": 2, "control": 36247.0, "SECCION_TX": "3618", "SECCION__1": null, "SECCION__2": null, "SECCION_N": "3618", "ESTATUS": null, "ALCALDIA_N": "TLAHUAC", "EN_OPERATI": null, "EN_OP": "NO", "SEC_N": "3618", "EST": null, "ALC_N": "TLAHUAC", "OP": "NO", "NOMBRE": "GUADALUPE" }, "geometry": { "type": "MultiPolygon", "coordinates": [ [ [ [ -99.003883354075924, 19.324369371796493 ], [ -99.003759785274696, 19.323438961477304 ], [ -99.003669675155635, 19.322754725979561 ], [ -99.003914199249593, 19.321997172360813 ], [ -99.004145862895797, 19.321728359682712 ], [ -99.004544838713116, 19.321312920297647 ], [ -99.004827965877027, 19.320482053205879 ], [ -99.004776472675744, 19.32009106167969 ], [ -99.004647753869634, 19.319577886821669 ], [ -99.004660602093679, 19.318795900635862 ], [ -99.004609104339465, 19.318209412506647 ], [ -99.004763528263396, 19.317537389346572 ], [ -99.004905084392888, 19.316987551673368 ], [ -99.005201090578666, 19.316730954300265 ], [ -99.00538127091643, 19.316669856413224 ], [ -99.005600055767104, 19.316437697710743 ], [ -99.005664397017455, 19.31616277873465 ], [ -99.005548554784596, 19.315832881895382 ], [ -99.005503502699554, 19.315631277454663 ], [ -99.005554978895816, 19.31550909055608 ], [ -99.005683675174836, 19.315380791985213 ], [ -99.005683670107544, 19.315234169574801 ], [ -99.005632184050199, 19.315063111689344 ], [ -99.005458436328439, 19.314995915029417 ], [ -99.00534903728844, 19.314879842189494 ], [ -99.005303980783737, 19.31452550598889 ], [ -99.00531016566147, 19.314489816630154 ], [ -99.005387619936769, 19.314042871382629 ], [ -99.005516310076771, 19.313761841207285 ], [ -99.005580646897627, 19.313383064618211 ], [ -99.005683594737107, 19.313053160941386 ], [ -99.005696460596113, 19.312937084435681 ], [ -99.005580626169291, 19.312772137758607 ], [ -99.005503402938331, 19.312649954726897 ], [ -99.005529137499323, 19.312497222225474 ], [ -99.00560634818379, 19.31225284910677 ], [ -99.005567730876166, 19.312020698058223 ], [ -99.005509813509448, 19.311922951506588 ], [ -99.005484067002868, 19.311715237120954 ], [ -99.005535537465761, 19.311458646243707 ], [ -99.005561274082822, 19.311373115685154 ], [ -99.005606312994232, 19.31122038256224 ], [ -99.005561267266899, 19.31117150978152 ], [ -99.005484047246171, 19.311122637959215 ], [ -99.005438998753959, 19.310988235368281 ], [ -99.005387516082095, 19.310872160764511 ], [ -99.005271685377522, 19.310768306555214 ], [ -99.005200897196787, 19.31061557683115 ], [ -99.005130108575955, 19.310444519266017 ], [ -99.005027143707935, 19.310200151313222 ], [ -99.004892009050764, 19.310090188115229 ], [ -99.004608878521609, 19.310151288190745 ], [ -99.004435142006699, 19.310291805717593 ], [ -99.004293576669468, 19.310328464725789 ], [ -99.004209921182863, 19.310224609076375 ], [ -99.004139135912737, 19.310139080907788 ], [ -99.003991132478973, 19.310038281239294 ], [ -99.003849562757608, 19.309882497877354 ], [ -99.00380451579926, 19.309741985593558 ], [ -99.003688685725436, 19.309586201563306 ], [ -99.003547117272291, 19.309457909678716 ], [ -99.003402333917293, 19.309439584621988 ], [ -99.003341202279586, 19.309387656947305 ], [ -99.003341201721227, 19.309360165227393 ], [ -99.003428069418362, 19.309262415278152 ], [ -99.003576063708408, 19.308990549867239 ], [ -99.003778751090053, 19.30863315340213 ], [ -99.003946049968107, 19.308422379989459 ], [ -99.004039352915299, 19.30837961304616 ], [ -99.004377177725971, 19.308382659892853 ], [ -99.004438306515326, 19.308330729606528 ], [ -99.004563778049061, 19.308107738089305 ], [ -99.00464420521871, 19.307854201271557 ], [ -99.004695675610762, 19.307591501250204 ], [ -99.004666714665447, 19.307426551639725 ], [ -99.004621663820956, 19.307148580887791 ], [ -99.004628091913546, 19.306913373727522 ], [ -99.004685998814367, 19.306723984793123 ], [ -99.004866163053322, 19.306482663797706 ], [ -99.00493858735544, 19.306427065989919 ], [ -99.005017374553802, 19.306366583515693 ], [ -99.005146065439092, 19.306281050109085 ], [ -99.005339102408215, 19.306180241557218 ], [ -99.005387360438377, 19.306119147406861 ], [ -99.005380923472487, 19.306048890953921 ], [ -99.005332659817682, 19.305935870813332 ], [ -99.005306917429309, 19.305819795368389 ], [ -99.005329436353037, 19.305746483430358 ], [ -99.005339085756688, 19.305667062592327 ], [ -99.005310128152928, 19.305615134611607 ], [ -99.005239345559119, 19.305569317104791 ], [ -99.005178215837404, 19.30555099102822 ], [ -99.004907942934125, 19.304955344294704 ], [ -99.004862892088909, 19.304668209615528 ], [ -99.004907928357184, 19.304466602358076 ], [ -99.004830704504215, 19.304173359243123 ], [ -99.004834970596065, 19.304134387601749 ], [ -99.004965793703036, 19.302939282071318 ], [ -99.005165245009167, 19.302316130425364 ], [ -99.005216710515583, 19.301980118786073 ], [ -99.005158795744236, 19.301845716357835 ], [ -99.005158782914265, 19.301436394848345 ], [ -99.005184503342988, 19.3008804499501 ], [ -99.005261709288192, 19.300642185944 ], [ -99.005358220930049, 19.300483341935482 ], [ -99.005435427849861, 19.300287842785995 ], [ -99.005570111596072, 19.30006906110194 ], [ -99.005757131275928, 19.299756325796437 ], [ -99.005808597146455, 19.299487515951416 ], [ -99.005911537159648, 19.299194267313197 ], [ -99.006014869524634, 19.298861347634272 ], [ -99.006091678813604, 19.298613879973328 ], [ -99.006329722964736, 19.29789297701068 ], [ -99.006491391486463, 19.297410084322891 ], [ -99.006683569123865, 19.296836059114739 ], [ -99.007076009499272, 19.295620297634656 ], [ -99.007388071691395, 19.295635558477205 ], [ -99.007474261151685, 19.295659733553382 ], [ -99.007671182764327, 19.295714967447342 ], [ -99.008452339715248, 19.295745611585613 ], [ -99.009294982454108, 19.295778664001151 ], [ -99.009907689174184, 19.29580269479354 ], [ -99.010522313048, 19.29582679870559 ], [ -99.011135592525363, 19.295850847824973 ], [ -99.011769885288913, 19.295875718784526 ], [ -99.012383082427405, 19.29589976047172 ], [ -99.012960162077164, 19.29592238420928 ], [ -99.012996384075208, 19.295946946359336 ], [ -99.013050246693709, 19.295983470593576 ], [ -99.013494810233482, 19.296062582536631 ], [ -99.014060343222496, 19.296163219824461 ], [ -99.014079745877225, 19.296166672517383 ], [ -99.01485831018563, 19.296349889222 ], [ -99.015185843000538, 19.29641650143893 ], [ -99.015218636990539, 19.296423170904344 ], [ -99.015390242974462, 19.296513196681843 ], [ -99.015408460105704, 19.296522753509294 ], [ -99.015463152025376, 19.296551445234105 ], [ -99.0159489737798, 19.296887413816599 ], [ -99.015936122611379, 19.297067638675628 ], [ -99.015973143850303, 19.297098450335845 ], [ -99.016170994284508, 19.297263114958429 ], [ -99.01593298202593, 19.297858790567002 ], [ -99.0156002584514, 19.297745641083186 ], [ -99.015300840873806, 19.297643817334965 ], [ -99.015158592378341, 19.297595442286472 ], [ -99.015115794664453, 19.297580887859237 ], [ -99.01490996125969, 19.298301799656823 ], [ -99.014682344027264, 19.298903113586952 ], [ -99.014630132190192, 19.299041044943966 ], [ -99.014427487146762, 19.299477874425946 ], [ -99.014282746882728, 19.299868879562457 ], [ -99.014250594598579, 19.300097979971561 ], [ -99.014263476434635, 19.300247656255099 ], [ -99.014207285888929, 19.300435953448613 ], [ -99.014093012721233, 19.300818886880748 ], [ -99.01390319302746, 19.300782245773814 ], [ -99.013719813223275, 19.3008097513911 ], [ -99.013542872594826, 19.300895294475016 ], [ -99.013211510207171, 19.301051105306794 ], [ -99.013143955102237, 19.301136640054054 ], [ -99.01306997854924, 19.301387125697786 ], [ -99.01300564433825, 19.301521534370305 ], [ -99.012867316210688, 19.301692603905042 ], [ -99.012764371040589, 19.301779668315824 ], [ -99.012661425761593, 19.301866732667882 ], [ -99.01250058339842, 19.302132497254615 ], [ -99.012362258133166, 19.302355495239123 ], [ -99.012288273685414, 19.302523505313975 ], [ -99.012262547182686, 19.302679293569934 ], [ -99.012159603445411, 19.302798431326615 ], [ -99.012063093878197, 19.302914513961078 ], [ -99.012040582141012, 19.303039755590493 ], [ -99.012063112686334, 19.303171103519915 ], [ -99.012098519120883, 19.30339408971733 ], [ -99.012095311493965, 19.303525439341513 ], [ -99.012082455368187, 19.303702609163778 ], [ -99.012130726380008, 19.303861447105948 ], [ -99.012207953575938, 19.304026392373007 ], [ -99.012191880688604, 19.304209671682731 ], [ -99.012151496906711, 19.304317532701599 ], [ -99.012088947388037, 19.304484595874705 ], [ -99.011989230161063, 19.304747301241154 ], [ -99.0118412487531, 19.304951971580316 ], [ -99.011638570888664, 19.305132208195289 ], [ -99.011390858158748, 19.305428523597858 ], [ -99.011188188352719, 19.305743163720166 ], [ -99.011019805556288, 19.306388016333365 ], [ -99.010895156613955, 19.306648419625837 ], [ -99.010830951352304, 19.306728144610691 ], [ -99.01077302445654, 19.306800073534166 ], [ -99.010715097510115, 19.306872002438805 ], [ -99.010657407982237, 19.306955886181399 ], [ -99.010673503057291, 19.307084179965511 ], [ -99.010724992851252, 19.307270509758396 ], [ -99.010760396959412, 19.307472113662666 ], [ -99.010750758450342, 19.307679829486371 ], [ -99.010657464175509, 19.307823402852165 ], [ -99.010570606833483, 19.308003631427205 ], [ -99.010560958053901, 19.308055560797108 ], [ -99.010551309268251, 19.308107490166197 ], [ -99.010490184439789, 19.308189968859477 ], [ -99.010393668990403, 19.308281613457961 ], [ -99.010313243196805, 19.308419076633722 ], [ -99.010274645712144, 19.30859624768728 ], [ -99.010223182016986, 19.308828402893177 ], [ -99.010113802122447, 19.309011687127157 ], [ -99.009936870726776, 19.309427127283268 ], [ -99.009663431481457, 19.310102216386827 ], [ -99.009389987726252, 19.310737594775976 ], [ -99.009222696554048, 19.31100335655368 ], [ -99.009097226764425, 19.31118358631317 ], [ -99.00905541039063, 19.311369921120853 ], [ -99.009029674920342, 19.311443233632328 ], [ -99.0089685515876, 19.311589859117092 ], [ -99.008843078937517, 19.311730378439201 ], [ -99.008743339476155, 19.311754820322896 ], [ -99.008601768889321, 19.311696788990698 ], [ -99.008485939672511, 19.311672357335599 ], [ -99.008405509535322, 19.311788437177889 ], [ -99.008337950622192, 19.311935062742538 ], [ -99.008247874334756, 19.312179437606225 ], [ -99.008247877398148, 19.3122405302977 ], [ -99.008296145060626, 19.312356604222558 ], [ -99.008321891355166, 19.312487952334042 ], [ -99.008270420463447, 19.312655959569167 ], [ -99.00817712408849, 19.312857569643768 ], [ -99.008161041457257, 19.312952264028482 ], [ -99.008196437560656, 19.313031682934241 ], [ -99.008286533473552, 19.313166082773513 ], [ -99.008318714063989, 19.313282157410391 ], [ -99.008309070282962, 19.313453217364472 ], [ -99.00824472578428, 19.31355402320979 ], [ -99.008032382426791, 19.313764802432861 ], [ -99.007971254974279, 19.313862553402831 ], [ -99.007977694538624, 19.313957246775651 ], [ -99.008009875661202, 19.314085539992764 ], [ -99.00799701491006, 19.314274927859934 ], [ -99.00798414953239, 19.314369622073311 ], [ -99.007948764315742, 19.314519300675926 ], [ -99.007955207882361, 19.31469646915421 ], [ -99.007890860921918, 19.314760619256759 ], [ -99.007787902990344, 19.314806443185873 ], [ -99.007691383011291, 19.314916414092938 ], [ -99.007662441395226, 19.31525853427576 ], [ -99.007498371078142, 19.315759500982306 ], [ -99.007479079000447, 19.31604663730867 ], [ -99.007408308926983, 19.316391813751967 ], [ -99.007385240313198, 19.316557118325939 ], [ -99.007372927408241, 19.316645349735726 ], [ -99.007450158610169, 19.316871389444838 ], [ -99.007572441892108, 19.317004401057659 ], [ -99.007588520070257, 19.3170241153923 ], [ -99.007923158545779, 19.317305127395667 ], [ -99.008058304451751, 19.317482290181548 ], [ -99.00814198088338, 19.317885497988865 ], [ -99.008119465776588, 19.318044339890051 ], [ -99.008096950626353, 19.318203181785808 ], [ -99.007942526422838, 19.318600290799793 ], [ -99.007839586054885, 19.319064599371334 ], [ -99.007762395395844, 19.319730512485769 ], [ -99.007768838679411, 19.319901571605303 ], [ -99.007807454856319, 19.320005427444265 ], [ -99.007987644342208, 19.320078730810479 ], [ -99.008238622909786, 19.320182577133981 ], [ -99.008689097891221, 19.32036583414596 ], [ -99.009004432313873, 19.320518550444216 ], [ -99.009043051432442, 19.32065906159513 ], [ -99.008747072453787, 19.321447170983383 ], [ -99.008611944306864, 19.321685438665348 ], [ -99.008560470041218, 19.321838172657081 ], [ -99.008753543829371, 19.322125298836362 ], [ -99.008895143118352, 19.322546831089273 ], [ -99.008922291636935, 19.322685965373463 ], [ -99.008927328631302, 19.32271177959532 ], [ -99.008837238455783, 19.322791204389436 ], [ -99.008766461331859, 19.323005031974319 ], [ -99.008798645170643, 19.323139434185872 ], [ -99.008830283296689, 19.323192365007259 ], [ -99.003883354075924, 19.324369371796493 ] ] ] ] } },
{ "type": "Feature", "properties": { "id": 2282.0, "entidad": 9, "distrito_f": 9, "distrito_l": 8, "municipio": 11, "seccion": 3639, "tipo": 2, "control": 36597.0, "SECCION_TX": "3639", "SECCION__1": null, "SECCION__2": null, "SECCION_N": "3639", "ESTATUS": "COMPLETA", "ALCALDIA_N": "TLAHUAC", "EN_OPERATI": null, "EN_OP": "SI", "SEC_N": "3639", "EST": "COMPLETA", "ALC_N": "TLAHUAC", "OP": "SI", "NOMBRE": "GUADALUPE" }, "geometry": { "type": "MultiPolygon", "coordinates": [ [ [ [ -99.008645930239737, 19.294893225676361 ], [ -99.008568067724141, 19.294978017994826 ], [ -99.008399418465373, 19.29508067764467 ], [ -99.008165902208916, 19.295191552194733 ], [ -99.007841573455238, 19.295343491091788 ], [ -99.007543188019881, 19.295429731181919 ], [ -99.007258353844875, 19.295468669566723 ], [ -99.007168184748934, 19.295479353994317 ], [ -99.006937762903917, 19.295499558416761 ], [ -99.00656153130565, 19.295470829815319 ], [ -99.005925828434087, 19.295380517955607 ], [ -99.00606578779707, 19.294447352092519 ], [ -99.004789842470245, 19.294257710061316 ], [ -99.003517908978864, 19.29406865499244 ], [ -99.002250758993327, 19.293880301680378 ], [ -99.000973337819019, 19.293690412286075 ], [ -98.999695919590692, 19.293500513952967 ], [ -98.999837472310944, 19.292620777521208 ], [ -98.998589773216011, 19.292439265519725 ], [ -98.998532362783649, 19.292431434130584 ], [ -98.99832809121564, 19.292403569179768 ], [ -98.998270714602228, 19.29239574231838 ], [ -98.998581252894056, 19.290636340098022 ], [ -98.998843808850467, 19.290673512884073 ], [ -98.998720392006803, 19.291556737782916 ], [ -98.999989495469748, 19.291738197043582 ], [ -99.001258743330425, 19.291919667727466 ], [ -99.0025277107856, 19.292101089099678 ], [ -99.003796822637185, 19.292282521894673 ], [ -99.005063327430747, 19.292464649877932 ], [ -99.006329835023664, 19.292646769074754 ], [ -99.007593064402769, 19.292828407722734 ], [ -99.008099587725297, 19.292901237700722 ], [ -99.008930340169755, 19.293020683474779 ], [ -99.008827973724181, 19.293694664547477 ], [ -99.008795275061274, 19.293909951486736 ], [ -99.008658901649568, 19.294807823440372 ], [ -99.008652415946329, 19.294850524558587 ], [ -99.008645930239737, 19.294893225676361 ] ] ] ] } },
{ "type": "Feature", "properties": { "id": 2283.0, "entidad": 9, "distrito_f": 9, "distrito_l": 8, "municipio": 11, "seccion": 3640, "tipo": 2, "control": 36593.0, "SECCION_TX": "3640", "SECCION__1": null, "SECCION__2": null, "SECCION_N": "3640", "ESTATUS": null, "ALCALDIA_N": "TLAHUAC", "EN_OPERATI": null, "EN_OP": "NO", "SEC_N": "3640", "EST": null, "ALC_N": "TLAHUAC", "OP": "NO", "NOMBRE": "GUADALUPE" }, "geometry": { "type": "MultiPolygon", "coordinates": [ [ [ [ -99.0159489737798, 19.296887413816599 ], [ -99.015463152025376, 19.296551445234105 ], [ -99.015408460105704, 19.296522753509294 ], [ -99.015390242974462, 19.296513196681843 ], [ -99.015218636990539, 19.296423170904344 ], [ -99.015185843000538, 19.29641650143893 ], [ -99.01485831018563, 19.296349889222 ], [ -99.014079745877225, 19.296166672517383 ], [ -99.014060343222496, 19.296163219824461 ], [ -99.013494810233482, 19.296062582536631 ], [ -99.013050246693709, 19.295983470593576 ], [ -99.012996384075208, 19.295946946359336 ], [ -99.012960162077164, 19.29592238420928 ], [ -99.012383082427405, 19.29589976047172 ], [ -99.011769885288913, 19.295875718784526 ], [ -99.011135592525363, 19.295850847824973 ], [ -99.010522313048, 19.29582679870559 ], [ -99.009907689174184, 19.29580269479354 ], [ -99.009294982454108, 19.295778664001151 ], [ -99.008452339715248, 19.295745611585613 ], [ -99.007671182764327, 19.295714967447342 ], [ -99.007474261151685, 19.295659733553382 ], [ -99.007388071691395, 19.295635558477205 ], [ -99.007076009499272, 19.295620297634656 ], [ -99.00734858862198, 19.295589838263389 ], [ -99.007513536804012, 19.295571405915311 ], [ -99.007841678910992, 19.295467534353982 ], [ -99.008247028211443, 19.295296456646557 ], [ -99.008482928160035, 19.295185799625333 ], [ -99.00851404291069, 19.295171204142537 ], [ -99.008781057203535, 19.295045951246546 ], [ -99.008793924042806, 19.295015404224163 ], [ -99.00871670935102, 19.294942096557698 ], [ -99.008645930239737, 19.294893225676361 ], [ -99.008652415946329, 19.294850524558587 ], [ -99.008658901649568, 19.294807823440372 ], [ -99.008795275061274, 19.293909951486736 ], [ -99.008827973724181, 19.293694664547477 ], [ -99.008930340169783, 19.293020683474694 ], [ -99.008987501185686, 19.292644332681633 ], [ -99.009404388696723, 19.292658804620139 ], [ -99.010035225385025, 19.292680701830221 ], [ -99.01062445708466, 19.292701152900452 ], [ -99.010648288636162, 19.292701980006555 ], [ -99.011263931367267, 19.292723345634897 ], [ -99.011886131272391, 19.292744936713085 ], [ -99.012491689264337, 19.292765948256218 ], [ -99.013120240487183, 19.292787755485126 ], [ -99.013077766128347, 19.293824897376208 ], [ -99.013699135029782, 19.29385056932491 ], [ -99.014259127843502, 19.293873703693283 ], [ -99.014286470256906, 19.293874833216286 ], [ -99.014845515591887, 19.293897926639179 ], [ -99.014921909660359, 19.29390108224365 ], [ -99.01508945323107, 19.293911673954543 ], [ -99.015347482354258, 19.293927985646175 ], [ -99.015459772552276, 19.293955963225518 ], [ -99.015725776027438, 19.29402223880653 ], [ -99.015906309034449, 19.294068749336095 ], [ -99.015936076945891, 19.294076418392212 ], [ -99.016056783619902, 19.294107515789275 ], [ -99.016406299058801, 19.294196351447106 ], [ -99.016276225564326, 19.29496200188445 ], [ -99.016154000559041, 19.29568144721415 ], [ -99.0159489737798, 19.296887413816599 ] ] ] ] } },
{ "type": "Feature", "properties": { "id": 2269.0, "entidad": 9, "distrito_f": 9, "distrito_l": 8, "municipio": 11, "seccion": 3641, "tipo": 2, "control": 36591.0, "SECCION_TX": "3641", "SECCION__1": null, "SECCION__2": null, "SECCION_N": "3641", "ESTATUS": null, "ALCALDIA_N": "TLAHUAC", "EN_OPERATI": null, "EN_OP": "NO", "SEC_N": "3641", "EST": null, "ALC_N": "TLAHUAC", "OP": "NO", "NOMBRE": "GUADALUPE" }, "geometry": { "type": "MultiPolygon", "coordinates": [ [ [ [ -99.017208382554884, 19.296367916367011 ], [ -99.016964798530651, 19.296336507537983 ], [ -99.016647391667149, 19.296205509983775 ], [ -99.01676119426503, 19.295763284227377 ], [ -99.016178331340853, 19.295684726535072 ], [ -99.016154000559041, 19.29568144721415 ], [ -99.016276225564326, 19.29496200188445 ], [ -99.016406299058801, 19.294196351447106 ], [ -99.016614534691996, 19.292909624881261 ], [ -99.016723386166078, 19.292237003302176 ], [ -99.01672735261522, 19.292212493475322 ], [ -99.01691620496004, 19.291045512073961 ], [ -99.016997455819734, 19.290543430828055 ], [ -99.017009183939791, 19.290470957871278 ], [ -99.01736588153976, 19.290815549757841 ], [ -99.018009374723988, 19.289888470013004 ], [ -99.018113251846401, 19.289955407877571 ], [ -99.018871075326217, 19.290443741842282 ], [ -99.019361058010134, 19.290759478613253 ], [ -99.019828316912992, 19.29106057019056 ], [ -99.019851042572157, 19.291075214057255 ], [ -99.019418630377274, 19.291567292832955 ], [ -99.019610499282052, 19.291724274904539 ], [ -99.021233884007046, 19.293052465254476 ], [ -99.022045174574274, 19.293716218178837 ], [ -99.022015679903149, 19.293746237233005 ], [ -99.021793019754, 19.29397285552626 ], [ -99.021570358991966, 19.294199473543024 ], [ -99.021461422104537, 19.294310346191303 ], [ -99.021308132851061, 19.294470956193582 ], [ -99.021058416194094, 19.294733375421082 ], [ -99.020736948417081, 19.295071193855687 ], [ -99.020318451438413, 19.294556172921432 ], [ -99.020029086675336, 19.294194345869727 ], [ -99.019956357176795, 19.294103403234903 ], [ -99.019651701996438, 19.29373834368662 ], [ -99.019282121788379, 19.293292685619004 ], [ -99.018860218638522, 19.293788212489357 ], [ -99.018777826556786, 19.293811928290214 ], [ -99.018665561660271, 19.294620359069103 ], [ -99.018636850059252, 19.294636957117554 ], [ -99.018608138452464, 19.294653555161553 ], [ -99.018360992189116, 19.295006819071826 ], [ -99.018231175396451, 19.295172783231809 ], [ -99.018095282305509, 19.295389507476905 ], [ -99.017966557181694, 19.295594799521872 ], [ -99.017736854626051, 19.295656460972683 ], [ -99.017674437697508, 19.295694398714328 ], [ -99.017609209516507, 19.295833353258374 ], [ -99.017598440395162, 19.295856294519233 ], [ -99.017417416763777, 19.296241924767884 ], [ -99.017407335912054, 19.296263399702806 ], [ -99.017290938491527, 19.296346809175063 ], [ -99.017208382554884, 19.296367916367011 ] ] ] ] } },
{ "type": "Feature", "properties": { "id": 2306.0, "entidad": 9, "distrito_f": 9, "distrito_l": 8, "municipio": 11, "seccion": 3664, "tipo": 2, "control": 36595.0, "SECCION_TX": "3664", "SECCION__1": null, "SECCION__2": null, "SECCION_N": "3664", "ESTATUS": null, "ALCALDIA_N": "TLAHUAC", "EN_OPERATI": null, "EN_OP": "NO", "SEC_N": "3664", "EST": null, "ALC_N": "TLAHUAC", "OP": "NO", "NOMBRE": "GUADALUPE" }, "geometry": { "type": "MultiPolygon", "coordinates": [ [ [ [ -99.016406299058801, 19.294196351447106 ], [ -99.016056783619902, 19.294107515789275 ], [ -99.015936076945891, 19.294076418392212 ], [ -99.015906309034449, 19.294068749336095 ], [ -99.015725776027438, 19.29402223880653 ], [ -99.015459772552276, 19.293955963225518 ], [ -99.015347482354258, 19.293927985646175 ], [ -99.01508945323107, 19.293911673954543 ], [ -99.014921909660359, 19.29390108224365 ], [ -99.014845515591887, 19.293897926639179 ], [ -99.014286470256906, 19.293874833216286 ], [ -99.014259127843502, 19.293873703693283 ], [ -99.013699135029782, 19.29385056932491 ], [ -99.013077766128347, 19.293824897376208 ], [ -99.013120240487183, 19.292787755485126 ], [ -99.01315874108677, 19.291771998798357 ], [ -99.013199163086639, 19.290705536540994 ], [ -99.013236596871636, 19.289717900664112 ], [ -99.013275522193339, 19.288679535815252 ], [ -99.012056008974156, 19.288509068617401 ], [ -99.012095363093593, 19.287447265403525 ], [ -99.012121377062599, 19.286745381776875 ], [ -99.012644971458229, 19.286810082167364 ], [ -99.012969489987071, 19.286835953769767 ], [ -99.013082724660606, 19.286815268218195 ], [ -99.01312850903858, 19.286806904370771 ], [ -99.013253096914511, 19.286784144711493 ], [ -99.013923941862501, 19.286734895544743 ], [ -99.014349446217636, 19.287744742303687 ], [ -99.014649461677791, 19.28820045903014 ], [ -99.014714948613445, 19.288264962135965 ], [ -99.015085829420272, 19.288630269683956 ], [ -99.015523690037824, 19.289041340401102 ], [ -99.015548231297601, 19.289064380045268 ], [ -99.015576743710071, 19.289091147845305 ], [ -99.016565635682696, 19.290043710000727 ], [ -99.016581436842259, 19.290058930524992 ], [ -99.016945996798867, 19.290410093058593 ], [ -99.017009183939791, 19.290470957871278 ], [ -99.016997455819734, 19.290543430828055 ], [ -99.01691620496004, 19.291045512073961 ], [ -99.01672735261522, 19.292212493475322 ], [ -99.016723386166078, 19.292237003302176 ], [ -99.016614534691996, 19.292909624881261 ], [ -99.016406299058801, 19.294196351447106 ] ] ] ] } },
{ "type": "Feature", "properties": { "id": 2307.0, "entidad": 9, "distrito_f": 9, "distrito_l": 8, "municipio": 11, "seccion": 3665, "tipo": 2, "control": 36596.0, "SECCION_TX": "3665", "SECCION__1": null, "SECCION__2": null, "SECCION_N": "3665", "ESTATUS": null, "ALCALDIA_N": "TLAHUAC", "EN_OPERATI": null, "EN_OP": "NO", "SEC_N": "3665", "EST": null, "ALC_N": "TLAHUAC", "OP": "NO", "NOMBRE": "GUADALUPE" }, "geometry": { "type": "MultiPolygon", "coordinates": [ [ [ [ -99.013120240487183, 19.292787755485126 ], [ -99.012491689264337, 19.292765948256218 ], [ -99.011886131272391, 19.292744936713085 ], [ -99.011263931367267, 19.292723345634897 ], [ -99.010648288636162, 19.292701980006555 ], [ -99.01062445708466, 19.292701152900452 ], [ -99.010035225385025, 19.292680701830221 ], [ -99.009404388696723, 19.292658804620139 ], [ -99.008987501185686, 19.292644332681633 ], [ -99.00905928830646, 19.292138507317357 ], [ -99.009180703391323, 19.291282986926674 ], [ -99.009189520340456, 19.291220860194219 ], [ -99.009198135326201, 19.291160156507289 ], [ -99.009201615952819, 19.291135630990151 ], [ -99.009339154265632, 19.290166489713229 ], [ -99.009362484119066, 19.290002098558119 ], [ -99.009503909112482, 19.289145853992924 ], [ -99.009653725344819, 19.288238795542657 ], [ -99.009658919337866, 19.288207348465264 ], [ -99.009800711898123, 19.287348859407889 ], [ -99.00993973756691, 19.286465854487805 ], [ -99.010099081395126, 19.28648627167561 ], [ -99.010419243225769, 19.286527294505674 ], [ -99.010898749241662, 19.286588733264459 ], [ -99.012121377062599, 19.286745381776875 ], [ -99.012095363093593, 19.287447265403525 ], [ -99.012056008974156, 19.288509068617401 ], [ -99.013275522193339, 19.288679535815252 ], [ -99.013236596871636, 19.289717900664112 ], [ -99.013199163086639, 19.290705536540994 ], [ -99.01315874108677, 19.291771998798357 ], [ -99.013120240487183, 19.292787755485126 ] ] ] ] } },
{ "type": "Feature", "properties": { "id": 2308.0, "entidad": 9, "distrito_f": 9, "distrito_l": 8, "municipio": 11, "seccion": 3666, "tipo": 2, "control": 36598.0, "SECCION_TX": "3666", "SECCION__1": null, "SECCION__2": null, "SECCION_N": "3666", "ESTATUS": null, "ALCALDIA_N": "TLAHUAC", "EN_OPERATI": null, "EN_OP": "NO", "SEC_N": "3666", "EST": null, "ALC_N": "TLAHUAC", "OP": "NO", "NOMBRE": "GUADALUPE" }, "geometry": { "type": "MultiPolygon", "coordinates": [ [ [ [ -99.008930340169755, 19.293020683474779 ], [ -99.008099587725297, 19.292901237700722 ], [ -99.007593064402769, 19.292828407722734 ], [ -99.006329835023664, 19.292646769074754 ], [ -99.005063327430747, 19.292464649877932 ], [ -99.003796822637185, 19.292282521894673 ], [ -99.003941059687619, 19.291400400539494 ], [ -99.00407631456369, 19.290573203380564 ], [ -99.004096095287338, 19.290452226932068 ], [ -99.005355986132329, 19.290623592603698 ], [ -99.005510877823724, 19.289678610526632 ], [ -99.005531205552174, 19.289554591826288 ], [ -99.005688252093137, 19.288596450412356 ], [ -99.005694831507327, 19.288556309138521 ], [ -99.005834214341974, 19.287693270354712 ], [ -99.005978422886301, 19.286800341751022 ], [ -99.006020183564573, 19.286806389641015 ], [ -99.007246662019668, 19.286984006982461 ], [ -99.00851490397811, 19.287167663404979 ], [ -99.008835971924512, 19.287212909173217 ], [ -99.009800711898123, 19.287348859407889 ], [ -99.009658919337866, 19.288207348465264 ], [ -99.009653725344819, 19.288238795542657 ], [ -99.009503909112482, 19.289145853992924 ], [ -99.009362484119066, 19.290002098558119 ], [ -99.009339154265632, 19.290166489713229 ], [ -99.009201615952819, 19.291135630990151 ], [ -99.009198135326201, 19.291160156507289 ], [ -99.009189520340456, 19.291220860194219 ], [ -99.009180703391323, 19.291282986926674 ], [ -99.00905928830646, 19.292138507317357 ], [ -99.008987501185686, 19.292644332681633 ], [ -99.008930340169755, 19.293020683474779 ] ] ] ] } },
{ "type": "Feature", "properties": { "id": 2340.0, "entidad": 9, "distrito_f": 9, "distrito_l": 7, "municipio": 11, "seccion": 3705, "tipo": 2, "control": 36210.0, "SECCION_TX": "3705", "SECCION__1": null, "SECCION__2": null, "SECCION_N": "3705", "ESTATUS": null, "ALCALDIA_N": "TLAHUAC", "EN_OPERATI": null, "EN_OP": "NO", "SEC_N": "3705", "EST": null, "ALC_N": "TLAHUAC", "OP": "NO", "NOMBRE": "GEOVILLAS XOCHIMILCO" }, "geometry": { "type": "MultiPolygon", "coordinates": [ [ [ [ -99.009141195730678, 19.27046835060478 ], [ -99.008843763012877, 19.270476663919055 ], [ -99.008749901835387, 19.270393275994095 ], [ -99.008529033924646, 19.270382928671825 ], [ -99.007839157986112, 19.27025089811788 ], [ -99.008031978849715, 19.269710826375313 ], [ -99.008149984108073, 19.269380303718215 ], [ -99.008156226234163, 19.269362820016468 ], [ -99.008373526026588, 19.268754178011221 ], [ -99.007914049737664, 19.268640847243148 ], [ -99.00744978652807, 19.268526334438636 ], [ -99.006977143238615, 19.268409753270284 ], [ -99.00647662453521, 19.268286294899401 ], [ -99.006084339475692, 19.268189532443273 ], [ -99.005654952598618, 19.268083617221968 ], [ -99.005807633388599, 19.267643407527768 ], [ -99.00586041891404, 19.267525297974593 ], [ -99.005968496384028, 19.26728347008337 ], [ -99.006448786341707, 19.266519419263073 ], [ -99.006521357938396, 19.266403970796752 ], [ -99.006605214646314, 19.266270569492526 ], [ -99.006731924571412, 19.26606899575501 ], [ -99.006817419031449, 19.265929271051693 ], [ -99.007571680916413, 19.264696559004705 ], [ -99.008094595127119, 19.263817547849808 ], [ -99.008223298884985, 19.2636011970331 ], [ -99.008268300490997, 19.263505026125003 ], [ -99.008316663316464, 19.263401671967561 ], [ -99.008437884877566, 19.263142613844579 ], [ -99.008724939042196, 19.262417798794448 ], [ -99.009239901480356, 19.261256491149172 ], [ -99.009387476793364, 19.260923686211108 ], [ -99.009435593417038, 19.260815175535249 ], [ -99.009632562939302, 19.260372203986623 ], [ -99.011478014615733, 19.260889972172418 ], [ -99.011870872517875, 19.260980244849176 ], [ -99.011939494675161, 19.260735741759692 ], [ -99.013272951293487, 19.261060629048369 ], [ -99.013197196565258, 19.261325371866729 ], [ -99.013560413228035, 19.262088916544837 ], [ -99.013594769823271, 19.262161139684189 ], [ -99.013520481917922, 19.262389750570893 ], [ -99.013417536585393, 19.262706549671758 ], [ -99.013358979135788, 19.262927631920828 ], [ -99.012960906700442, 19.2643829340237 ], [ -99.010588742237587, 19.264823291826463 ], [ -99.00938907836624, 19.266035215889978 ], [ -99.009160055182605, 19.26636667596593 ], [ -99.009334568398074, 19.266454708135512 ], [ -99.009843934680973, 19.266505699166128 ], [ -99.012683060217512, 19.266789888369569 ], [ -99.012824762063971, 19.266804071180982 ], [ -99.012748434929776, 19.2670681994862 ], [ -99.012522156556955, 19.267567977187934 ], [ -99.012266322668097, 19.267916825956025 ], [ -99.012091250199504, 19.268191650114868 ], [ -99.011769665470638, 19.26870479156528 ], [ -99.011646982385329, 19.268984458976924 ], [ -99.011619406523792, 19.268996748090029 ], [ -99.01107165864201, 19.269240849306765 ], [ -99.010645916458287, 19.269447964118324 ], [ -99.010624487521213, 19.269458388815185 ], [ -99.0104499825826, 19.269561976478514 ], [ -99.010424917313117, 19.269578619727628 ], [ -99.010310117964238, 19.26965484599668 ], [ -99.009996255811245, 19.269863248372381 ], [ -99.009833762850405, 19.269971142193778 ], [ -99.009601536167594, 19.270098508338386 ], [ -99.009446576413069, 19.270183496689047 ], [ -99.009141195730678, 19.27046835060478 ] ] ] ] } },
{ "type": "Feature", "properties": { "id": 2386.0, "entidad": 9, "distrito_f": 9, "distrito_l": 7, "municipio": 11, "seccion": 5553, "tipo": 2, "control": 37951.0, "SECCION_TX": "5553", "SECCION__1": null, "SECCION__2": null, "SECCION_N": "5553", "ESTATUS": null, "ALCALDIA_N": "TLAHUAC", "EN_OPERATI": null, "EN_OP": "NO", "SEC_N": "5553", "EST": null, "ALC_N": "TLAHUAC", "OP": "NO", "NOMBRE": "LOS CERRILLOS I" }, "geometry": { "type": "MultiPolygon", "coordinates": [ [ [ [ -99.008373864813038, 19.24976380275492 ], [ -99.008358572597089, 19.249780199329866 ], [ -99.007516021335576, 19.250683590138458 ], [ -99.007477194350727, 19.250725220436205 ], [ -99.007436234144777, 19.25080539127422 ], [ -99.007381533742176, 19.250912455470168 ], [ -99.007043445900223, 19.251574185755839 ], [ -99.006966622709271, 19.251496902488967 ], [ -99.006448262110553, 19.250935707602398 ], [ -99.006097282257571, 19.25076905018015 ], [ -99.005497811078783, 19.250851385376915 ], [ -99.005336132483663, 19.250873590996328 ], [ -99.005056901370594, 19.250911941423208 ], [ -99.004743225605878, 19.251000112454371 ], [ -99.004111292010663, 19.251192794098618 ], [ -99.003738017164352, 19.251303657760339 ], [ -99.002904862943623, 19.251551125566237 ], [ -99.003114634317072, 19.251030748871994 ], [ -99.003391690880477, 19.250304478262738 ], [ -99.004036012881741, 19.248745032980128 ], [ -99.00473999406114, 19.247516509728122 ], [ -99.00485046888673, 19.247574816204441 ], [ -99.004978601017697, 19.247642441729393 ], [ -99.005327422916423, 19.247871369208305 ], [ -99.006407583525018, 19.248580256915531 ], [ -99.0073303056556, 19.249185810995922 ], [ -99.007590989580294, 19.249291155194683 ], [ -99.007851846491249, 19.248695071667711 ], [ -99.007935855629256, 19.24839950259835 ], [ -99.007990894189206, 19.248202776480394 ], [ -99.008021297763534, 19.248079599494748 ], [ -99.008082541541398, 19.247828179603744 ], [ -99.008202610306427, 19.24729829533727 ], [ -99.008301956378389, 19.24693337827642 ], [ -99.008540538294113, 19.24650496016357 ], [ -99.008389464381523, 19.24643669257868 ], [ -99.008051569718631, 19.246206624448053 ], [ -99.007966553148194, 19.246063143355084 ], [ -99.008034561898, 19.245880569490037 ], [ -99.00840948377089, 19.245082743750949 ], [ -99.008432170013876, 19.245034467636192 ], [ -99.008637780922072, 19.244596928103082 ], [ -99.008708749288843, 19.244484573404495 ], [ -99.008779716961655, 19.244360983543327 ], [ -99.008924609545815, 19.244119421156356 ], [ -99.009075413811885, 19.243834322209619 ], [ -99.009158211551963, 19.243740223834322 ], [ -99.009217020746476, 19.243451808499191 ], [ -99.009817678433677, 19.243754233567763 ], [ -99.009915268937107, 19.243776698576184 ], [ -99.010413841025311, 19.243989481771628 ], [ -99.010290921752869, 19.2442608421823 ], [ -99.01022189831717, 19.244596021145622 ], [ -99.010319728418295, 19.244872899421082 ], [ -99.010357336968724, 19.244883680568915 ], [ -99.010391241468398, 19.244893399878151 ], [ -99.010523052669711, 19.244946807986373 ], [ -99.010637911150866, 19.245090513353304 ], [ -99.010606934414, 19.245313874771895 ], [ -99.010526798501161, 19.245528264441582 ], [ -99.010340811314563, 19.245888737993308 ], [ -99.010831875670121, 19.245903897457421 ], [ -99.010983399411899, 19.246033222273145 ], [ -99.01108279698218, 19.246171789871802 ], [ -99.011106164574826, 19.246310098585603 ], [ -99.011037146567602, 19.246714498707121 ], [ -99.010795503096602, 19.246940391929954 ], [ -99.010831953595172, 19.247091582846952 ], [ -99.010843626477794, 19.247115622260434 ], [ -99.010307178294241, 19.247690834284928 ], [ -99.01026851327633, 19.247732293026957 ], [ -99.009929820785771, 19.248095456349652 ], [ -99.009735458924226, 19.248303860016815 ], [ -99.009653617477738, 19.2483916139341 ], [ -99.009599644633781, 19.248449485866082 ], [ -99.009159611960342, 19.248921305111139 ], [ -99.009125620275881, 19.248957752090341 ], [ -99.00898530158878, 19.249108206069028 ], [ -99.008963761355375, 19.249131302130557 ], [ -99.008939436021961, 19.249157384446114 ], [ -99.008415002595044, 19.249719694100293 ], [ -99.008373864813038, 19.24976380275492 ] ] ] ] } },
{ "type": "Feature", "properties": { "id": 2390.0, "entidad": 9, "distrito_f": 9, "distrito_l": 7, "municipio": 11, "seccion": 5555, "tipo": 2, "control": 37834.0, "SECCION_TX": "5555", "SECCION__1": null, "SECCION__2": null, "SECCION_N": "5555", "ESTATUS": null, "ALCALDIA_N": "TLAHUAC", "EN_OPERATI": null, "EN_OP": "NO", "SEC_N": "5555", "EST": null, "ALC_N": "TLAHUAC", "OP": "NO", "NOMBRE": "LOS CERRILLOS I" }, "geometry": { "type": "MultiPolygon", "coordinates": [ [ [ [ -99.016337031136061, 19.240484390220004 ], [ -99.016851851852422, 19.240606386012946 ], [ -99.016918693789364, 19.240601177696185 ], [ -99.016847486037449, 19.24067753969528 ], [ -99.016252143784726, 19.241315970873941 ], [ -99.016238062749778, 19.241331070964488 ], [ -99.016212957336137, 19.241357993267069 ], [ -99.014677075634211, 19.24300500396734 ], [ -99.014396961433206, 19.243305380920528 ], [ -99.014153272921305, 19.243566695997458 ], [ -99.014098343925227, 19.243625597977513 ], [ -99.013822675522334, 19.243921204434592 ], [ -99.013781422139829, 19.243965441390856 ], [ -99.01355201296704, 19.244211441547563 ], [ -99.013506696812854, 19.244260034866894 ], [ -99.013003577161939, 19.24479953633811 ], [ -99.012957739588686, 19.244848688293597 ], [ -99.012717173887964, 19.245106647931955 ], [ -99.012640263869443, 19.245189118638361 ], [ -99.012107234250891, 19.245760683774826 ], [ -99.012066685569195, 19.245804163707316 ], [ -99.011692052162132, 19.246205877722566 ], [ -99.011631774218671, 19.246270512638741 ], [ -99.011138027157287, 19.24679994574916 ], [ -99.01110610195596, 19.246834178211753 ], [ -99.010886181527255, 19.247069991935152 ], [ -99.010843626477794, 19.247115622260434 ], [ -99.010831953595172, 19.247091582846952 ], [ -99.010795503096602, 19.246940391929954 ], [ -99.011037146567602, 19.246714498707121 ], [ -99.011106164574826, 19.246310098585603 ], [ -99.01108279698218, 19.246171789871802 ], [ -99.010983399411899, 19.246033222273145 ], [ -99.010831875670121, 19.245903897457421 ], [ -99.010340811314563, 19.245888737993308 ], [ -99.010526798501161, 19.245528264441582 ], [ -99.010606934414, 19.245313874771895 ], [ -99.010637911150866, 19.245090513353304 ], [ -99.010523052669711, 19.244946807986373 ], [ -99.010391241468398, 19.244893399878151 ], [ -99.010357336968724, 19.244883680568915 ], [ -99.010319728418295, 19.244872899421082 ], [ -99.01022189831717, 19.244596021145622 ], [ -99.010290921752869, 19.2442608421823 ], [ -99.010413841025311, 19.243989481771628 ], [ -99.010499932240592, 19.243632376974467 ], [ -99.010645674017326, 19.243359127961259 ], [ -99.010684010237739, 19.243027593795208 ], [ -99.010738806648959, 19.24291997306976 ], [ -99.01102368464197, 19.242666776941 ], [ -99.011336131097849, 19.242389076884166 ], [ -99.010832570585094, 19.241858215736531 ], [ -99.010981209468611, 19.241563315976894 ], [ -99.011066955131653, 19.241363887126301 ], [ -99.011287234550153, 19.240891295697534 ], [ -99.011333061110321, 19.240745938267512 ], [ -99.011637613266103, 19.240196099570394 ], [ -99.011700634056226, 19.24008663537585 ], [ -99.011788410921852, 19.239934170744512 ], [ -99.011787139538285, 19.239781368200894 ], [ -99.011855360120876, 19.239527616467353 ], [ -99.011913061104067, 19.239312633727771 ], [ -99.012373932717892, 19.239432778100852 ], [ -99.012572963291248, 19.23961781437615 ], [ -99.012820275538672, 19.239802841526775 ], [ -99.013018908043904, 19.239765896435308 ], [ -99.013163744538701, 19.23981675204643 ], [ -99.013197268270645, 19.239880422975233 ], [ -99.013067407563426, 19.240184870453248 ], [ -99.012960683724188, 19.240425636502746 ], [ -99.012948026612762, 19.240560949593302 ], [ -99.013057164251819, 19.240626592266942 ], [ -99.013121921216651, 19.240757678322421 ], [ -99.013277058204579, 19.240936990314594 ], [ -99.01341740619155, 19.240785755910117 ], [ -99.013507481565611, 19.240706157615701 ], [ -99.013631077960369, 19.240654413868185 ], [ -99.013746618780189, 19.240575301345217 ], [ -99.014041683768042, 19.240658362416561 ], [ -99.01436363111354, 19.240813995781451 ], [ -99.014458598761564, 19.240940880388536 ], [ -99.014636669179168, 19.240956784570809 ], [ -99.01475189759968, 19.241038356780557 ], [ -99.015103835406336, 19.240922920162728 ], [ -99.015377816250904, 19.241025347725767 ], [ -99.015680770605087, 19.240594150257373 ], [ -99.015792500893951, 19.240551690679492 ], [ -99.01606490882655, 19.240550351904115 ], [ -99.016337031136061, 19.240484390220004 ] ] ] ] } },
{ "type": "Feature", "properties": { "id": 1994.0, "entidad": 9, "distrito_f": 9, "distrito_l": 7, "municipio": 11, "seccion": 3701, "tipo": 2, "control": 36626.0, "SECCION_TX": "3701", "SECCION__1": null, "SECCION__2": null, "SECCION_N": "3701", "ESTATUS": "COMPLETA", "ALCALDIA_N": "TLAHUAC", "EN_OPERATI": null, "EN_OP": "SI", "SEC_N": "3701", "EST": "COMPLETA", "ALC_N": "TLAHUAC", "OP": "SI", "NOMBRE": "SAN JUAN" }, "geometry": { "type": "MultiPolygon", "coordinates": [ [ [ [ -99.00620372250566, 19.276354812117596 ], [ -99.005428529353964, 19.276363471718788 ], [ -99.004856823696684, 19.276369856075505 ], [ -99.004619159588302, 19.276369862236407 ], [ -99.004241801760656, 19.276369871383654 ], [ -99.004218423119298, 19.276369871924746 ], [ -99.0036519406558, 19.276369884121316 ], [ -99.003584971499365, 19.276369885447174 ], [ -99.00336772928101, 19.276351135573869 ], [ -99.003066324889247, 19.27652306081686 ], [ -99.002626559087815, 19.276773907785142 ], [ -99.002170933388967, 19.27703379947458 ], [ -99.001862838300298, 19.276553700362136 ], [ -99.001902051594968, 19.276341865688106 ], [ -99.001968402553743, 19.27614637185134 ], [ -99.002034753355133, 19.275950877986407 ], [ -99.002051841682842, 19.275900529408201 ], [ -99.002159674107745, 19.275582814167851 ], [ -99.00220432123885, 19.275451266398139 ], [ -99.002369302057105, 19.275032652830543 ], [ -99.002960426800229, 19.273532745462084 ], [ -99.003130700288196, 19.273100691667043 ], [ -99.003423498108404, 19.272357737589509 ], [ -99.003460484644179, 19.272259678357056 ], [ -99.003724490109761, 19.271559739657022 ], [ -99.004013576439505, 19.27084507638487 ], [ -99.004094457807426, 19.270645631029776 ], [ -99.004557846873809, 19.269570636893857 ], [ -99.004567000880655, 19.269549426719866 ], [ -99.004576154885115, 19.269528216545279 ], [ -99.005314821709788, 19.269677876723101 ], [ -99.005437615872509, 19.269702755548412 ], [ -99.005495875436125, 19.269728440446602 ], [ -99.00555413501786, 19.269754125326056 ], [ -99.007154402865538, 19.270102033032053 ], [ -99.00697494209075, 19.270818401110287 ], [ -99.007267503657587, 19.270926433327279 ], [ -99.007235174602783, 19.270957800630683 ], [ -99.00706640035304, 19.271121553756142 ], [ -99.006902678215624, 19.271280404609989 ], [ -99.006836090914547, 19.271345010584863 ], [ -99.006411774053475, 19.271383958094393 ], [ -99.006353356095943, 19.271389320126403 ], [ -99.006455973550402, 19.271562055827104 ], [ -99.006780147419875, 19.271976175466737 ], [ -99.006319249975789, 19.271912183393844 ], [ -99.00589947831341, 19.271853900265402 ], [ -99.005600114716344, 19.271812334561037 ], [ -99.005091722167805, 19.271750340451977 ], [ -99.004994516735735, 19.272386085578436 ], [ -99.004840841998188, 19.273391142320193 ], [ -99.00476529460515, 19.273885229471098 ], [ -99.004741978227614, 19.274044681692097 ], [ -99.004779296430073, 19.27420413233191 ], [ -99.005388177891177, 19.275123464196724 ], [ -99.005578147712242, 19.275410291934037 ], [ -99.005646714464859, 19.275513817653611 ], [ -99.005680716163027, 19.275565155162585 ], [ -99.00620372250566, 19.276354812117596 ] ] ] ] } },
{ "type": "Feature", "properties": { "id": 1995.0, "entidad": 9, "distrito_f": 9, "distrito_l": 7, "municipio": 11, "seccion": 3702, "tipo": 3, "control": 36624.0, "SECCION_TX": "3702", "SECCION__1": null, "SECCION__2": null, "SECCION_N": "3702", "ESTATUS": "COMPLETA", "ALCALDIA_N": "TLAHUAC", "EN_OPERATI": null, "EN_OP": "SI", "SEC_N": "3702", "EST": "COMPLETA", "ALC_N": "TLAHUAC", "OP": "SI", "NOMBRE": "SAN JUAN" }, "geometry": { "type": "MultiPolygon", "coordinates": [ [ [ [ -99.011688425560607, 19.276631070298635 ], [ -99.009081529716454, 19.27632566471576 ], [ -99.008967209657399, 19.276326823452262 ], [ -99.007996531376477, 19.276336659267322 ], [ -99.007100126991219, 19.276345737890651 ], [ -99.00620372250566, 19.276354812117596 ], [ -99.005680716163027, 19.275565155162585 ], [ -99.005646714464859, 19.275513817653611 ], [ -99.005578147712242, 19.275410291934037 ], [ -99.005388177891177, 19.275123464196724 ], [ -99.004779296430073, 19.27420413233191 ], [ -99.004741978227614, 19.274044681692097 ], [ -99.00476529460515, 19.273885229471098 ], [ -99.004840841998188, 19.273391142320193 ], [ -99.004994516735735, 19.272386085578436 ], [ -99.005091722167805, 19.271750340451977 ], [ -99.005600114716344, 19.271812334561037 ], [ -99.00589947831341, 19.271853900265402 ], [ -99.006319249975789, 19.271912183393844 ], [ -99.006780147419875, 19.271976175466737 ], [ -99.006455973550402, 19.271562055827104 ], [ -99.006353356095943, 19.271389320126403 ], [ -99.006411774053475, 19.271383958094393 ], [ -99.006836090914547, 19.271345010584863 ], [ -99.006902678215624, 19.271280404609989 ], [ -99.00706640035304, 19.271121553756142 ], [ -99.007235174602783, 19.270957800630683 ], [ -99.007267503657587, 19.270926433327279 ], [ -99.00697494209075, 19.270818401110287 ], [ -99.007154402865538, 19.270102033032053 ], [ -99.007839157986112, 19.27025089811788 ], [ -99.008529033924646, 19.270382928671825 ], [ -99.008749901835387, 19.270393275994095 ], [ -99.008843763012877, 19.270476663919055 ], [ -99.009141195730678, 19.27046835060478 ], [ -99.009242088424685, 19.270514955449965 ], [ -99.009342981175735, 19.270561560239202 ], [ -99.010062857324414, 19.270747961700174 ], [ -99.010651844612269, 19.270846327043518 ], [ -99.011044498799592, 19.270846303743959 ], [ -99.011148125682013, 19.270991306079825 ], [ -99.011208130764487, 19.271229530862165 ], [ -99.011486275892651, 19.271436668767684 ], [ -99.012500666801159, 19.271840554784941 ], [ -99.012527123572852, 19.271876302972998 ], [ -99.012642474139938, 19.272032163551835 ], [ -99.012740659204823, 19.272301458430423 ], [ -99.012833388584383, 19.272539680360111 ], [ -99.012811588325803, 19.272720942636401 ], [ -99.012271804127863, 19.274352326234791 ], [ -99.011688425560607, 19.276631070298635 ] ] ] ] } },
{ "type": "Feature", "properties": { "id": 2341.0, "entidad": 9, "distrito_f": 9, "distrito_l": 7, "municipio": 11, "seccion": 3706, "tipo": 2, "control": 36217.0, "SECCION_TX": "3706", "SECCION__1": null, "SECCION__2": null, "SECCION_N": "3706", "ESTATUS": null, "ALCALDIA_N": "TLAHUAC", "EN_OPERATI": null, "EN_OP": "NO", "SEC_N": "3706", "EST": null, "ALC_N": "TLAHUAC", "OP": "NO", "NOMBRE": "SAN JUAN" }, "geometry": { "type": "MultiPolygon", "coordinates": [ [ [ [ -99.007839157986112, 19.27025089811788 ], [ -99.007154402865538, 19.270102033032053 ], [ -99.00555413501786, 19.269754125326056 ], [ -99.005495875436125, 19.269728440446602 ], [ -99.005437615872509, 19.269702755548412 ], [ -99.005314821709788, 19.269677876723101 ], [ -99.004576154885115, 19.269528216545279 ], [ -99.003831376690783, 19.269377314852779 ], [ -99.004026479358288, 19.268559645610818 ], [ -99.004392087912478, 19.268676055292048 ], [ -99.004598580620382, 19.267860118163156 ], [ -99.0046052964165, 19.267833581165846 ], [ -99.004609952420068, 19.267795988964878 ], [ -99.004621937806746, 19.267699219830032 ], [ -99.004885027170317, 19.266658562130392 ], [ -99.004975604879803, 19.266300276188975 ], [ -99.005000174581596, 19.266213614740842 ], [ -99.005161519520314, 19.265644521788104 ], [ -99.005180882879998, 19.265576223419924 ], [ -99.005327424688218, 19.265059339798235 ], [ -99.005419214375138, 19.264735576641122 ], [ -99.005571941205503, 19.264196871340033 ], [ -99.005625536260141, 19.264007827456439 ], [ -99.005739697697834, 19.263605148467196 ], [ -99.005754052573977, 19.26355451470037 ], [ -99.005814453000951, 19.263341464708741 ], [ -99.005915906860025, 19.262983605947262 ], [ -99.0059437776724, 19.262885296791705 ], [ -99.005971648451592, 19.262786987630765 ], [ -99.006015784283733, 19.262648788137884 ], [ -99.006444053442138, 19.26277545574786 ], [ -99.006781560579427, 19.262880916217867 ], [ -99.007029542197316, 19.262109695299646 ], [ -99.007102099592828, 19.261887377708629 ], [ -99.007199600958401, 19.261588630201057 ], [ -99.007276121012424, 19.26161610025607 ], [ -99.007642755406096, 19.26174771834328 ], [ -99.008140802262275, 19.260612797317197 ], [ -99.008264673045417, 19.260330524921564 ], [ -99.008278684746998, 19.260298595480872 ], [ -99.008608093252064, 19.259548327610045 ], [ -99.009178332727004, 19.259714044426619 ], [ -99.009730477412475, 19.259885177730755 ], [ -99.009810695901095, 19.259910023232084 ], [ -99.009632562939302, 19.260372203986623 ], [ -99.009435593417038, 19.260815175535249 ], [ -99.009387476793364, 19.260923686211108 ], [ -99.009239901480356, 19.261256491149172 ], [ -99.008724939042196, 19.262417798794448 ], [ -99.008437884877566, 19.263142613844579 ], [ -99.008316663316464, 19.263401671967561 ], [ -99.008268300490997, 19.263505026125003 ], [ -99.008223298884985, 19.2636011970331 ], [ -99.008094595127119, 19.263817547849808 ], [ -99.007571680916413, 19.264696559004705 ], [ -99.006817419031449, 19.265929271051693 ], [ -99.006731924571412, 19.26606899575501 ], [ -99.006605214646314, 19.266270569492526 ], [ -99.006521357938396, 19.266403970796752 ], [ -99.006448786341707, 19.266519419263073 ], [ -99.005968496384028, 19.26728347008337 ], [ -99.00586041891404, 19.267525297974593 ], [ -99.005807633388599, 19.267643407527768 ], [ -99.005654952598618, 19.268083617221968 ], [ -99.006084339475692, 19.268189532443273 ], [ -99.00647662453521, 19.268286294899401 ], [ -99.006977143238615, 19.268409753270284 ], [ -99.00744978652807, 19.268526334438636 ], [ -99.007914049737664, 19.268640847243148 ], [ -99.008373526026588, 19.268754178011221 ], [ -99.008156226234163, 19.269362820016468 ], [ -99.008149984108073, 19.269380303718215 ], [ -99.008031978849715, 19.269710826375313 ], [ -99.007839157986112, 19.27025089811788 ] ] ] ] } },
{ "type": "Feature", "properties": { "id": 2298.0, "entidad": 9, "distrito_f": 9, "distrito_l": 8, "municipio": 11, "seccion": 3656, "tipo": 2, "control": 36489.0, "SECCION_TX": "3656", "SECCION__1": null, "SECCION__2": null, "SECCION_N": "3656", "ESTATUS": "COMPLETA", "ALCALDIA_N": "TLAHUAC", "EN_OPERATI": null, "EN_OP": "SI", "SEC_N": "3656", "EST": "COMPLETA", "ALC_N": "TLAHUAC", "OP": "SI", "NOMBRE": "ANA BOLENA" }, "geometry": { "type": "MultiPolygon", "coordinates": [ [ [ [ -99.054091724281506, 19.294856365687007 ], [ -99.053700072292131, 19.294569825616868 ], [ -99.053317889899176, 19.294290211901881 ], [ -99.053738936705287, 19.293770822779294 ], [ -99.053966412784732, 19.29348929454412 ], [ -99.054335223186854, 19.293032845905056 ], [ -99.054618225619976, 19.292682593043892 ], [ -99.054854453159095, 19.292390228803296 ], [ -99.055264963783344, 19.291901289944683 ], [ -99.05528061392323, 19.291862792521375 ], [ -99.055977023701914, 19.291000874095609 ], [ -99.055991350161449, 19.290983142688642 ], [ -99.056512352154186, 19.290338311584065 ], [ -99.05677235315288, 19.290534910782668 ], [ -99.057160945288999, 19.290828742319363 ], [ -99.057176405860758, 19.290840432695951 ], [ -99.057552247147427, 19.291140445275577 ], [ -99.057945895336488, 19.291420785965748 ], [ -99.05740530516178, 19.292085923286312 ], [ -99.056872241275741, 19.29274179346767 ], [ -99.056239430717227, 19.293520380935092 ], [ -99.055776144151793, 19.294090386059516 ], [ -99.055787766807228, 19.294309686072257 ], [ -99.055608823778826, 19.294527931594445 ], [ -99.055791066805199, 19.29465750738035 ], [ -99.055869141997761, 19.29471301914937 ], [ -99.05541503105583, 19.295291910915044 ], [ -99.055397240532656, 19.294808617952036 ], [ -99.055385842709327, 19.294498985934435 ], [ -99.055137896099481, 19.294325148806511 ], [ -99.054734957907655, 19.294042644470188 ], [ -99.054091724281506, 19.294856365687007 ] ] ] ] } },
{ "type": "Feature", "properties": { "id": 2299.0, "entidad": 9, "distrito_f": 9, "distrito_l": 8, "municipio": 11, "seccion": 3657, "tipo": 2, "control": 36520.0, "SECCION_TX": "3657", "SECCION__1": null, "SECCION__2": null, "SECCION_N": "3657", "ESTATUS": "COMPLETA", "ALCALDIA_N": "TLAHUAC", "EN_OPERATI": null, "EN_OP": "SI", "SEC_N": "3657", "EST": "COMPLETA", "ALC_N": "TLAHUAC", "OP": "SI", "NOMBRE": "ANA BOLENA" }, "geometry": { "type": "MultiPolygon", "coordinates": [ [ [ [ -99.050502254982902, 19.296213276090512 ], [ -99.050100876611566, 19.295921614478093 ], [ -99.049713057989536, 19.29563423904796 ], [ -99.049325240720592, 19.295346862782147 ], [ -99.049907778310242, 19.294626349314616 ], [ -99.051082828706953, 19.293180970292177 ], [ -99.051474054715243, 19.293463071877969 ], [ -99.051865282063147, 19.293745172613878 ], [ -99.052253856020002, 19.29402535828229 ], [ -99.052660517942101, 19.294318584565321 ], [ -99.053337282843671, 19.293474928988886 ], [ -99.053738936705287, 19.293770822779294 ], [ -99.053317889899176, 19.294290211901881 ], [ -99.053061635306719, 19.294607128541674 ], [ -99.052671028702946, 19.295090198712511 ], [ -99.052015224757639, 19.295893192333846 ], [ -99.051995248183474, 19.295917652321265 ], [ -99.051876378290572, 19.296068993582477 ], [ -99.051476615831234, 19.295785779843779 ], [ -99.051076854746242, 19.295502565217998 ], [ -99.050502254982902, 19.296213276090512 ] ] ] ] } },
{ "type": "Feature", "properties": { "id": 2324.0, "entidad": 9, "distrito_f": 9, "distrito_l": 8, "municipio": 11, "seccion": 3681, "tipo": 2, "control": 36521.0, "SECCION_TX": "3681", "SECCION__1": null, "SECCION__2": null, "SECCION_N": "3681", "ESTATUS": null, "ALCALDIA_N": "TLAHUAC", "EN_OPERATI": null, "EN_OP": "NO", "SEC_N": "3681", "EST": null, "ALC_N": "TLAHUAC", "OP": "NO", "NOMBRE": "ANA BOLENA" }, "geometry": { "type": "MultiPolygon", "coordinates": [ [ [ [ -99.052660517942101, 19.294318584565321 ], [ -99.052253856020002, 19.29402535828229 ], [ -99.051865282063147, 19.293745172613878 ], [ -99.051474054715243, 19.293463071877969 ], [ -99.051082828706953, 19.293180970292177 ], [ -99.050679010784037, 19.29288376707947 ], [ -99.050294198656189, 19.292600549972249 ], [ -99.049909387851216, 19.292317332042579 ], [ -99.050597592645985, 19.291467913095975 ], [ -99.051190610800262, 19.290735969407262 ], [ -99.051585898971425, 19.291019121075067 ], [ -99.051981188500932, 19.29130227187548 ], [ -99.052377899191185, 19.291586438820566 ], [ -99.052759674546579, 19.291870618914292 ], [ -99.053149419213597, 19.29216072923554 ], [ -99.052553830946096, 19.292897681928917 ], [ -99.052945556208698, 19.293186305885197 ], [ -99.053337282843671, 19.293474928988886 ], [ -99.052660517942101, 19.294318584565321 ] ] ] ] } },
{ "type": "Feature", "properties": { "id": 2325.0, "entidad": 9, "distrito_f": 9, "distrito_l": 8, "municipio": 11, "seccion": 3682, "tipo": 2, "control": 36518.0, "SECCION_TX": "3682", "SECCION__1": null, "SECCION__2": null, "SECCION_N": "3682", "ESTATUS": "COMPLETA", "ALCALDIA_N": "TLAHUAC", "EN_OPERATI": null, "EN_OP": "SI", "SEC_N": "3682", "EST": "COMPLETA", "ALC_N": "TLAHUAC", "OP": "SI", "NOMBRE": "ANA BOLENA" }, "geometry": { "type": "MultiPolygon", "coordinates": [ [ [ [ -99.053738936705287, 19.293770822779294 ], [ -99.053337282843671, 19.293474928988886 ], [ -99.052945556208698, 19.293186305885197 ], [ -99.052553830946096, 19.292897681928917 ], [ -99.053149419213597, 19.29216072923554 ], [ -99.052759674546579, 19.291870618914292 ], [ -99.052377899191185, 19.291586438820566 ], [ -99.05330589577602, 19.29042398687222 ], [ -99.053703199432931, 19.290706741580223 ], [ -99.054100504453132, 19.290989495412074 ], [ -99.055379371115066, 19.289419067964946 ], [ -99.055743256779209, 19.289721202310556 ], [ -99.056130661244723, 19.290032129917972 ], [ -99.056512352154186, 19.290338311584065 ], [ -99.055991350161449, 19.290983142688642 ], [ -99.055977023701914, 19.291000874095609 ], [ -99.05528061392323, 19.291862792521375 ], [ -99.055264963783344, 19.291901289944683 ], [ -99.054854453159095, 19.292390228803296 ], [ -99.054618225619976, 19.292682593043892 ], [ -99.054335223186854, 19.293032845905056 ], [ -99.053966412784732, 19.29348929454412 ], [ -99.053738936705287, 19.293770822779294 ] ] ] ] } },
{ "type": "Feature", "properties": { "id": 2335.0, "entidad": 9, "distrito_f": 9, "distrito_l": 7, "municipio": 11, "seccion": 3693, "tipo": 2, "control": 36612.0, "SECCION_TX": "3693", "SECCION__1": null, "SECCION__2": null, "SECCION_N": "3693", "ESTATUS": null, "ALCALDIA_N": "TLAHUAC", "EN_OPERATI": null, "EN_OP": "NO", "SEC_N": "3693", "EST": null, "ALC_N": "TLAHUAC", "OP": "NO", "NOMBRE": "EL TRIANGULO" }, "geometry": { "type": "MultiPolygon", "coordinates": [ [ [ [ -99.012490551309426, 19.282286348329404 ], [ -99.012406338343737, 19.282275120835124 ], [ -99.012059441340142, 19.282228871187865 ], [ -99.012020135624383, 19.28222363075492 ], [ -99.011381449766475, 19.28213847675746 ], [ -99.011354589314763, 19.282134895486173 ], [ -99.010666649884186, 19.282043171961234 ], [ -99.01061449877426, 19.282036218501464 ], [ -99.010199890646135, 19.281980937038092 ], [ -99.009939427182445, 19.282092156433858 ], [ -99.009834803841031, 19.281932852740944 ], [ -99.009524826801979, 19.281460867100193 ], [ -99.009505545721495, 19.281431508711325 ], [ -99.00894745404581, 19.280566730577263 ], [ -99.008367046459639, 19.279697712430718 ], [ -99.007780500486888, 19.278871720740991 ], [ -99.007751664779036, 19.278828618667625 ], [ -99.007685027404932, 19.278729012581376 ], [ -99.007206533700582, 19.279017580997426 ], [ -99.006772700257471, 19.279279213885481 ], [ -99.006340192710823, 19.27954004530293 ], [ -99.005745800964363, 19.278652299224596 ], [ -99.005151221767392, 19.277764261589599 ], [ -99.00457063318224, 19.276897108536343 ], [ -99.005024095192539, 19.276636423837783 ], [ -99.004856823696684, 19.276369856075505 ], [ -99.005428529353964, 19.276363471718788 ], [ -99.00620372250566, 19.276354812117596 ], [ -99.007100126991219, 19.276345737890651 ], [ -99.007996531376477, 19.276336659267322 ], [ -99.008967209657399, 19.276326823452262 ], [ -99.009081529716454, 19.27632566471576 ], [ -99.009764394089359, 19.277395475924486 ], [ -99.009783565829721, 19.277425511141121 ], [ -99.009809201861458, 19.277465673555326 ], [ -99.009885152785259, 19.277584661118414 ], [ -99.010172377536279, 19.278034636321951 ], [ -99.011743069422039, 19.278127761905846 ], [ -99.011740161325179, 19.278738783356513 ], [ -99.011737696064188, 19.279256757015975 ], [ -99.011028702326684, 19.279277516676864 ], [ -99.011049976807513, 19.2793084466926 ], [ -99.011071251296357, 19.279339376705838 ], [ -99.011203241477759, 19.279531270919318 ], [ -99.011629893464729, 19.280144555232546 ], [ -99.011660650700335, 19.280188766529502 ], [ -99.011691407952455, 19.280232977821054 ], [ -99.011868683148705, 19.280585129831817 ], [ -99.012078697284181, 19.281141845007987 ], [ -99.012091146096708, 19.281175116661533 ], [ -99.012103594914265, 19.281208388314106 ], [ -99.012329625536452, 19.281812492365198 ], [ -99.012490551309426, 19.282286348329404 ] ] ] ] } },
{ "type": "Feature", "properties": { "id": 2400.0, "entidad": 9, "distrito_f": 9, "distrito_l": 7, "municipio": 11, "seccion": 5623, "tipo": 2, "control": 5590.0, "SECCION_TX": "5623", "SECCION__1": null, "SECCION__2": null, "SECCION_N": "5623", "ESTATUS": null, "ALCALDIA_N": "TLAHUAC", "EN_OPERATI": null, "EN_OP": "NO", "SEC_N": "5623", "EST": null, "ALC_N": "TLAHUAC", "OP": "NO", "NOMBRE": "EL TRIANGULO" }, "geometry": { "type": "MultiPolygon", "coordinates": [ [ [ [ -99.027103531632633, 19.297748424676435 ], [ -99.026314220987445, 19.297860480098567 ], [ -99.024951003570195, 19.296037115219054 ], [ -99.024841885399539, 19.295891162532627 ], [ -99.024689169135726, 19.29568689399801 ], [ -99.024655748165529, 19.295642246257991 ], [ -99.02439154242478, 19.295289287467661 ], [ -99.024377821987088, 19.295269549993698 ], [ -99.024054721582331, 19.294804753680125 ], [ -99.023987274521005, 19.294707727256288 ], [ -99.023774286243651, 19.294401330614704 ], [ -99.023513213361909, 19.294025759423498 ], [ -99.023386814397483, 19.293866633870351 ], [ -99.023332954902315, 19.293798829222737 ], [ -99.023239873372432, 19.293681647108436 ], [ -99.022744023668835, 19.293057408815258 ], [ -99.022730045326895, 19.293044463388721 ], [ -99.022716066987144, 19.293031517961008 ], [ -99.02268811031422, 19.293005627102485 ], [ -99.022632196994792, 19.292953845372356 ], [ -99.022520370461407, 19.292850281859664 ], [ -99.020556672562208, 19.291529902288595 ], [ -99.019851042572157, 19.291075214057255 ], [ -99.019828316912992, 19.29106057019056 ], [ -99.019361058010134, 19.290759478613253 ], [ -99.018871075326231, 19.290443741842282 ], [ -99.018113251846401, 19.289955407877571 ], [ -99.018009374723988, 19.289888470013004 ], [ -99.01736588153976, 19.290815549757841 ], [ -99.017009183939791, 19.290470957871278 ], [ -99.016945996798867, 19.290410093058593 ], [ -99.016581436842259, 19.290058930524992 ], [ -99.016565635682696, 19.290043710000727 ], [ -99.015576743710071, 19.289091147845305 ], [ -99.015548231297601, 19.289064380045268 ], [ -99.015523690037824, 19.289041340401102 ], [ -99.015085829420272, 19.288630269683956 ], [ -99.014714948613445, 19.288264962135965 ], [ -99.014649461677791, 19.28820045903014 ], [ -99.014349446217636, 19.287744742303687 ], [ -99.013923941862501, 19.286734895544654 ], [ -99.013253096914511, 19.286784144711493 ], [ -99.01312850903858, 19.286806904370771 ], [ -99.013082724660606, 19.286815268218195 ], [ -99.012969489987071, 19.286835953769675 ], [ -99.012644971458229, 19.286810082167364 ], [ -99.012121377062599, 19.286745381776875 ], [ -99.010898749241662, 19.28658873326437 ], [ -99.010419243225769, 19.286527294505674 ], [ -99.010099081395126, 19.28648627167561 ], [ -99.00993973756691, 19.286465854487805 ], [ -99.009800711898123, 19.287348859407889 ], [ -99.008835971924512, 19.287212909173217 ], [ -99.00851490397811, 19.287167663404979 ], [ -99.008656663000011, 19.286276891007745 ], [ -99.007374955229636, 19.286095686762806 ], [ -99.00751706662129, 19.285221809496274 ], [ -99.007662261253998, 19.284328962871434 ], [ -99.007806602183905, 19.283441356146522 ], [ -99.007949388021942, 19.282563302671303 ], [ -99.008059230787538, 19.281887824271408 ], [ -99.009341507556087, 19.282062237285107 ], [ -99.009848123148103, 19.282131143657416 ], [ -99.009939427182445, 19.282092156433858 ], [ -99.010199890646135, 19.281980937038092 ], [ -99.01061449877426, 19.282036218501464 ], [ -99.010666649884186, 19.282043171961234 ], [ -99.011354589314763, 19.282134895486173 ], [ -99.011381449766475, 19.28213847675746 ], [ -99.012020135624383, 19.28222363075492 ], [ -99.012059441340142, 19.282228871187865 ], [ -99.012406338343737, 19.282275120835124 ], [ -99.012490551309426, 19.282286348329404 ], [ -99.012665177655904, 19.282389346560144 ], [ -99.013687720597986, 19.282422177307669 ], [ -99.01570749530994, 19.282467388589264 ], [ -99.020009863850532, 19.282611815044262 ], [ -99.023153380075826, 19.282766992483626 ], [ -99.02418557315869, 19.282909973286422 ], [ -99.024462646996028, 19.282915718805469 ], [ -99.025013751944144, 19.282940219409827 ], [ -99.026103780997644, 19.282974761360613 ], [ -99.026239272089654, 19.282970405150039 ], [ -99.026351928638022, 19.282973280139242 ], [ -99.026450883309721, 19.282973265840823 ], [ -99.028032643536307, 19.283019289245182 ], [ -99.028720764824328, 19.283050985599992 ], [ -99.029413450159851, 19.283063885814084 ], [ -99.03015332913003, 19.283075330018825 ], [ -99.030791204918856, 19.283066550030679 ], [ -99.030915851347871, 19.283115547688951 ], [ -99.030694867973835, 19.28396208467543 ], [ -99.030583500373368, 19.284388704048258 ], [ -99.030460606412831, 19.284859475152995 ], [ -99.030234847638738, 19.285724284243738 ], [ -99.030229073357035, 19.285746403532084 ], [ -99.029978511329475, 19.286706214603033 ], [ -99.029748080265662, 19.287588901112173 ], [ -99.029612003035922, 19.28811015233374 ], [ -99.029605496133073, 19.288135077293038 ], [ -99.029515262004566, 19.28848072203014 ], [ -99.029282504900351, 19.289372298675225 ], [ -99.02904543772442, 19.290287128859315 ], [ -99.028820225357777, 19.29115620218094 ], [ -99.028721699851459, 19.291536399845715 ], [ -99.028574159730468, 19.292017007295406 ], [ -99.028337314131605, 19.293019679095863 ], [ -99.028122875246169, 19.29384158399586 ], [ -99.027873364416536, 19.294797902513672 ], [ -99.027668659180918, 19.295582482732403 ], [ -99.027571137137343, 19.29595625582073 ], [ -99.02747630694374, 19.296319710158329 ], [ -99.027428648120065, 19.296502370827248 ], [ -99.027103531632633, 19.297748424676435 ] ] ] ] } },
{ "type": "Feature", "properties": { "id": 2383.0, "entidad": 9, "distrito_f": 9, "distrito_l": 7, "municipio": 11, "seccion": 5549, "tipo": 2, "control": 37831.0, "SECCION_TX": "5549", "SECCION__1": null, "SECCION__2": null, "SECCION_N": "5549", "ESTATUS": null, "ALCALDIA_N": "TLAHUAC", "EN_OPERATI": null, "EN_OP": "NO", "SEC_N": "5549", "EST": null, "ALC_N": "TLAHUAC", "OP": "NO", "NOMBRE": "CALYECAC" }, "geometry": { "type": "MultiPolygon", "coordinates": [ [ [ [ -99.011530644627982, 19.255794401168238 ], [ -99.011628040089747, 19.255923394748972 ], [ -99.011705243731555, 19.256025645473439 ], [ -99.011739770259439, 19.256071373348377 ], [ -99.011848421490896, 19.2562152737924 ], [ -99.011834314145659, 19.256278162720637 ], [ -99.011794087266949, 19.2564574892642 ], [ -99.01173975288367, 19.256699704713625 ], [ -99.011982257181486, 19.256866457872171 ], [ -99.012200977494032, 19.257175266476956 ], [ -99.012308703793849, 19.257327363431802 ], [ -99.012532065777378, 19.257560673532339 ], [ -99.012314271997042, 19.257887106220593 ], [ -99.011934928822882, 19.259386086159189 ], [ -99.011840341047886, 19.259384558598978 ], [ -99.011713090935871, 19.259844165494325 ], [ -99.011688911896371, 19.260082573502096 ], [ -99.011478014615705, 19.2608899717642 ], [ -99.009632562939274, 19.260372203578406 ], [ -99.009810695901095, 19.259910022823775 ], [ -99.009730477412447, 19.259885177322449 ], [ -99.009178332726975, 19.259714044018221 ], [ -99.009565728651594, 19.258584593801611 ], [ -99.009957223554139, 19.257443458359727 ], [ -99.009978468747462, 19.257381532059885 ], [ -99.010289770235033, 19.256474132953631 ], [ -99.010391202828188, 19.256178469231241 ], [ -99.010701300110753, 19.2553037610578 ], [ -99.010761150985459, 19.255335531095433 ], [ -99.011216106257336, 19.255577029380788 ], [ -99.011250168934041, 19.255595110376344 ], [ -99.011271644230831, 19.255606509790614 ], [ -99.01129650356404, 19.255619705497811 ], [ -99.01148132293298, 19.255757601670847 ], [ -99.011530644627982, 19.255794401168238 ] ] ] ] } },
{ "type": "Feature", "properties": { "id": 2381.0, "entidad": 9, "distrito_f": 9, "distrito_l": 7, "municipio": 11, "seccion": 4156, "tipo": 2, "control": 36678.0, "SECCION_TX": "4156", "SECCION__1": null, "SECCION__2": null, "SECCION_N": "4156", "ESTATUS": null, "ALCALDIA_N": "TLAHUAC", "EN_OPERATI": null, "EN_OP": "NO", "SEC_N": "4156", "EST": null, "ALC_N": "TLAHUAC", "OP": "NO", "NOMBRE": "CALYECAC" }, "geometry": { "type": "MultiPolygon", "coordinates": [ [ [ [ -99.010701300110753, 19.2553037610578 ], [ -99.010391202828188, 19.256178469231241 ], [ -99.010076479959849, 19.256071590845281 ], [ -99.010045238344091, 19.256060981304312 ], [ -99.009266363531282, 19.255796476033812 ], [ -99.008396033939235, 19.255500907856636 ], [ -99.007730146788234, 19.255289896345563 ], [ -99.007097181307756, 19.25662327688493 ], [ -99.006425775765607, 19.256437792389324 ], [ -99.005783886434401, 19.256260459432358 ], [ -99.005305250907512, 19.256128226427613 ], [ -99.004436563880375, 19.255888229849685 ], [ -99.004784135482069, 19.255298896994198 ], [ -99.005217448246654, 19.254564176907483 ], [ -99.005293161230412, 19.254435798069675 ], [ -99.005671631769829, 19.253826001140844 ], [ -99.006649773197879, 19.252249981561107 ], [ -99.006893244963891, 19.251886017449312 ], [ -99.007043445900223, 19.251574185755839 ], [ -99.009721751595691, 19.25441318235557 ], [ -99.010701300110753, 19.2553037610578 ] ] ] ] } },
{ "type": "Feature", "properties": { "id": 2355.0, "entidad": 9, "distrito_f": 9, "distrito_l": 7, "municipio": 11, "seccion": 3716, "tipo": 2, "control": 37923.0, "SECCION_TX": "3716", "SECCION__1": null, "SECCION__2": null, "SECCION_N": "3716", "ESTATUS": null, "ALCALDIA_N": "TLAHUAC", "EN_OPERATI": null, "EN_OP": "NO", "SEC_N": "3716", "EST": null, "ALC_N": "TLAHUAC", "OP": "NO", "NOMBRE": "LOS CERRILLOS 1" }, "geometry": { "type": "MultiPolygon", "coordinates": [ [ [ [ -99.015680770605087, 19.240594150257373 ], [ -99.015377816250904, 19.241025347725767 ], [ -99.015103835406336, 19.240922920162728 ], [ -99.01475189759968, 19.241038356780557 ], [ -99.014636669179168, 19.240956784570809 ], [ -99.014458598761564, 19.240940880388536 ], [ -99.01436363111354, 19.240813995781451 ], [ -99.014041683768042, 19.240658362416561 ], [ -99.013746618780189, 19.240575301345217 ], [ -99.013631077960369, 19.240654413868185 ], [ -99.013507481565611, 19.240706157615701 ], [ -99.01341740619155, 19.240785755910117 ], [ -99.013277058204579, 19.240936990314594 ], [ -99.013121921216651, 19.240757678322421 ], [ -99.013057164251819, 19.240626592266942 ], [ -99.012948026612762, 19.240560949593302 ], [ -99.012960683724188, 19.240425636502746 ], [ -99.013067407563426, 19.240184870453248 ], [ -99.013197268270645, 19.239880422975233 ], [ -99.013163744538701, 19.23981675204643 ], [ -99.013018908043904, 19.239765896435308 ], [ -99.012820275538672, 19.239802841526775 ], [ -99.012572963291248, 19.23961781437615 ], [ -99.012373932717892, 19.239432778100852 ], [ -99.011913061104053, 19.23931263331675 ], [ -99.011923001100712, 19.239151944368562 ], [ -99.011982702393951, 19.239038513432916 ], [ -99.012075669551109, 19.238868360413861 ], [ -99.011859946780277, 19.238767557652807 ], [ -99.011727252997147, 19.238679345167863 ], [ -99.011594559355771, 19.23859113258591 ], [ -99.011342541349705, 19.238443055890876 ], [ -99.01120644385945, 19.238518689476052 ], [ -99.011057177796587, 19.238625824094022 ], [ -99.010982554394644, 19.238713847308961 ], [ -99.010884824707517, 19.238829125719192 ], [ -99.010758644063628, 19.238824339205667 ], [ -99.010496592129343, 19.238918876952109 ], [ -99.009533883436092, 19.238473566492829 ], [ -99.009437916603233, 19.238581303408395 ], [ -99.009372617965951, 19.238654718554766 ], [ -99.009306011550862, 19.238722909414687 ], [ -99.009245435566314, 19.238747571612837 ], [ -99.009210820535259, 19.238758532970547 ], [ -99.00915024513057, 19.238794154749886 ], [ -99.009089672715547, 19.238884574572708 ], [ -99.008991604974952, 19.23906815292678 ], [ -99.008962764497838, 19.239177750465419 ], [ -99.008948344393332, 19.239235289135522 ], [ -99.008933922500333, 19.239259948967618 ], [ -99.008907961279192, 19.23927090984489 ], [ -99.00886180694323, 19.239270912084937 ], [ -99.00880122908525, 19.239265435201059 ], [ -99.008722506831646, 19.239229243710689 ], [ -99.008681773561975, 19.23921051712178 ], [ -99.008661092900979, 19.239198732668914 ], [ -99.008388713448767, 19.239043522416857 ], [ -99.008359867167158, 19.239046263639576 ], [ -99.008256026078612, 19.239166824089079 ], [ -99.008169492445163, 19.239281903900565 ], [ -99.008126224100323, 19.239309304856896 ], [ -99.00810026234744, 19.239310675753483 ], [ -99.008074300594146, 19.239312047057421 ], [ -99.007984874161394, 19.239262732724605 ], [ -99.007582074575126, 19.239060978454191 ], [ -99.007517551554741, 19.239043560262331 ], [ -99.007494476656291, 19.239092879464806 ], [ -99.007451212328064, 19.239210697064479 ], [ -99.007402175942559, 19.239268237018536 ], [ -99.007315638626835, 19.23931481884917 ], [ -99.007257947738196, 19.239361399497369 ], [ -99.007177182487368, 19.239473738705847 ], [ -99.007087765994157, 19.239651835883727 ], [ -99.006983927535515, 19.239865552303005 ], [ -99.0069464305748, 19.239950490719064 ], [ -99.006848358001179, 19.2400902294596 ], [ -99.006784899188645, 19.240180648615528 ], [ -99.006724325304802, 19.240279287350997 ], [ -99.006689712226901, 19.240350526090975 ], [ -99.006669522117747, 19.240413544590794 ], [ -99.006741642457982, 19.240503958738831 ], [ -99.007050306330399, 19.240608063413539 ], [ -99.007083789722813, 19.240638418381366 ], [ -99.007113771534918, 19.240665598914266 ], [ -99.007116657267915, 19.240690257925966 ], [ -99.00709935112765, 19.240734097040246 ], [ -99.007056082575986, 19.2407697174473 ], [ -99.006992621063944, 19.240799858811346 ], [ -99.006874351535487, 19.240849181537815 ], [ -99.006804399154532, 19.240920550493346 ], [ -99.006643590324842, 19.241164278852217 ], [ -99.006525322921149, 19.241276619108429 ], [ -99.006205134958321, 19.241586239216858 ], [ -99.005988789932601, 19.24176434007606 ], [ -99.005909524030841, 19.241861777713662 ], [ -99.005890714787682, 19.24188489896035 ], [ -99.005847447129071, 19.241961617611615 ], [ -99.005734949144596, 19.242106835990111 ], [ -99.005636872301537, 19.242189036103206 ], [ -99.005483985726798, 19.242260278204562 ], [ -99.005305135580471, 19.242295902203836 ], [ -99.005241672857849, 19.242316453298383 ], [ -99.005071480021698, 19.24246030295572 ], [ -99.004771486163193, 19.242983632313098 ], [ -99.004681557154427, 19.243181049744823 ], [ -99.004618940864091, 19.243371438458841 ], [ -99.004551057036394, 19.243577521356428 ], [ -99.004491690300512, 19.243759031618321 ], [ -99.004462486200879, 19.24387000911879 ], [ -99.004391264539279, 19.244140655469426 ], [ -99.004270379202111, 19.244342778823629 ], [ -99.004078001746322, 19.244538305719143 ], [ -99.003983999758759, 19.244627592183829 ], [ -99.003861765541799, 19.244796908462305 ], [ -99.003845536724995, 19.244819388247112 ], [ -99.003738807192022, 19.245082420991427 ], [ -99.003686749400501, 19.245200288500939 ], [ -99.003490730778296, 19.245644105649752 ], [ -99.003419016064925, 19.245765043187721 ], [ -99.003029942892482, 19.245282801801643 ], [ -99.002654350960967, 19.244958824439649 ], [ -99.002592958582085, 19.244898818048117 ], [ -99.002547944247127, 19.244854819910501 ], [ -99.002401778912443, 19.24471195401475 ], [ -99.002267949822524, 19.244544900146796 ], [ -99.002191668394133, 19.244417312316386 ], [ -99.002115387083677, 19.2442897244524 ], [ -99.00199225295151, 19.244083770229171 ], [ -99.001898751706051, 19.243927379588346 ], [ -99.00178492740028, 19.243829692027045 ], [ -99.001742801955388, 19.243793538611815 ], [ -99.001721739239841, 19.243775461900462 ], [ -99.001700676528927, 19.243757385186733 ], [ -99.001586077691982, 19.243645786075888 ], [ -99.001565546869585, 19.243625792642248 ], [ -99.001512147322714, 19.243573790780662 ], [ -99.00133793712358, 19.243399262544941 ], [ -99.001098100125915, 19.243118203492244 ], [ -99.001085503783344, 19.243103442114215 ], [ -99.000858263944707, 19.242837144116624 ], [ -99.00055035166919, 19.242486199757231 ], [ -99.000535053740208, 19.242468763823126 ], [ -99.000389667975412, 19.242303059012787 ], [ -98.999681085035633, 19.24155219746801 ], [ -98.999712600999175, 19.241545253319995 ], [ -98.99977296168008, 19.241531958613553 ], [ -98.999943824840386, 19.241445246989535 ], [ -99.00002892300769, 19.241382229239527 ], [ -99.000054885108824, 19.241246604060848 ], [ -99.000092385563505, 19.240545188979148 ], [ -99.000161617264624, 19.240199961183158 ], [ -99.00027988802259, 19.239967069298501 ], [ -99.000467390114963, 19.239723217556062 ], [ -99.000706814995979, 19.239397168330676 ], [ -99.000738570530359, 19.239358084688963 ], [ -99.000911623629506, 19.239145096341048 ], [ -99.001034807957211, 19.239018655718471 ], [ -99.0010904703352, 19.238961521851667 ], [ -99.001245226270541, 19.238782373988681 ], [ -99.001275085685549, 19.238747808208096 ], [ -99.00137604777143, 19.238723148347805 ], [ -99.001661626395531, 19.238684787332957 ], [ -99.001688143042955, 19.238680327024344 ], [ -99.001714659688915, 19.238675866711798 ], [ -99.001938550885058, 19.238638206254464 ], [ -99.002059705075879, 19.238599846285471 ], [ -99.002162617074063, 19.238567262101935 ], [ -99.002180859210412, 19.238561486236243 ], [ -99.002388551564536, 19.238473806738238 ], [ -99.002449415377129, 19.238439916956153 ], [ -99.002555858785286, 19.238380647765357 ], [ -99.002769319235796, 19.238249129298879 ], [ -99.002796917113116, 19.238232318026306 ], [ -99.003020202509077, 19.238096303240006 ], [ -99.003074679966417, 19.238056084271609 ], [ -99.0031158674756, 19.238025793870328 ], [ -99.003150085400762, 19.237999791931134 ], [ -99.00317316160185, 19.237958692980477 ], [ -99.003193352427445, 19.237879235428103 ], [ -99.003207772715896, 19.237734020289182 ], [ -99.003216426226658, 19.237716210764255 ], [ -99.003225079735557, 19.237698401238884 ], [ -99.003246166510351, 19.237682676359817 ], [ -99.003268348634506, 19.237679221146632 ], [ -99.003357771743907, 19.237676479624881 ], [ -99.003478925649787, 19.237673737459328 ], [ -99.003631810471049, 19.237676474393925 ], [ -99.003672194820993, 19.237662774070497 ], [ -99.003721232893895, 19.237643593755422 ], [ -99.003825078429742, 19.237613452675898 ], [ -99.003885655839568, 19.237632630725273 ], [ -99.003977964652563, 19.237676467200032 ], [ -99.004012580237116, 19.237683316203576 ], [ -99.004047195824526, 19.237690165200572 ], [ -99.004077483912099, 19.237673725107094 ], [ -99.004214716582027, 19.237403134368613 ], [ -99.004324106640368, 19.237210675734552 ], [ -99.004413526110881, 19.237081898125922 ], [ -99.004546213997287, 19.236933940076167 ], [ -99.004817358576716, 19.236648983144786 ], [ -99.004854856044474, 19.236569524941789 ], [ -99.004869277665648, 19.236522946192515 ], [ -99.004886583551723, 19.236465407749261 ], [ -99.004938504496096, 19.236405128469713 ], [ -99.004999080514025, 19.23638868740214 ], [ -99.005102925704776, 19.236380464825512 ], [ -99.00515773302007, 19.236380463289848 ], [ -99.005187787550639, 19.236369529425072 ], [ -99.005293307430122, 19.236331141149289 ], [ -99.00541157311919, 19.236248940572821 ], [ -99.005492338905952, 19.23616400114388 ], [ -99.005552913398731, 19.236106461332358 ], [ -99.005639449063537, 19.23604618079866 ], [ -99.005743293149663, 19.236013298722163 ], [ -99.005770085582171, 19.236010646976979 ], [ -99.005881752939956, 19.235999594806433 ], [ -99.005939445308769, 19.236016032368386 ], [ -99.005997137689079, 19.236032469912118 ], [ -99.006193292340456, 19.23610096098318 ], [ -99.006259630865486, 19.235914645251409 ], [ -99.006305780289523, 19.2358105273122 ], [ -99.006349045914078, 19.235728328693192 ], [ -99.00642981075093, 19.235637909037862 ], [ -99.006536537812408, 19.235574887462825 ], [ -99.006634610281083, 19.235492686809636 ], [ -99.006716602597493, 19.235370664436907 ], [ -99.006815788342692, 19.235187426395417 ], [ -99.00685670713591, 19.23511183193461 ], [ -99.006957658318711, 19.234900855491301 ], [ -99.007007191079509, 19.234802337239906 ], [ -99.007235468514224, 19.23434830282314 ], [ -99.007326850673337, 19.234166546686708 ], [ -99.007462414326625, 19.233933649318075 ], [ -99.007572019296262, 19.233758290917965 ], [ -99.007672507919438, 19.233692663112688 ], [ -99.007710473464059, 19.233667868284101 ], [ -99.007836995109884, 19.233629314914513 ], [ -99.007970078040188, 19.233569220597428 ], [ -99.00804218783334, 19.233489760205838 ], [ -99.008049439319464, 19.233472419426715 ], [ -99.008125829802452, 19.233289743460688 ], [ -99.008139599614609, 19.233267007815858 ], [ -99.008246970563974, 19.233089724988037 ], [ -99.008353694870436, 19.233018482622363 ], [ -99.008404239469684, 19.232984962574047 ], [ -99.008506570102298, 19.232917099101318 ], [ -99.008539617973653, 19.232863673949129 ], [ -99.00845723235625, 19.232775645893124 ], [ -99.008292471203632, 19.232795216068361 ], [ -99.008204939851993, 19.232765876051353 ], [ -99.008318210119299, 19.232692511040582 ], [ -99.008408503625716, 19.23254782903475 ], [ -99.008745525447623, 19.232007798699691 ], [ -99.008910291563708, 19.232095822643647 ], [ -99.009008116811842, 19.232061583235037 ], [ -99.009100772483436, 19.231650763173072 ], [ -99.009244938095605, 19.231645865291231 ], [ -99.009383952695757, 19.231601842275012 ], [ -99.009605323799335, 19.231146999349114 ], [ -99.00971344213373, 19.231049180428741 ], [ -99.009806104772736, 19.230794861119662 ], [ -99.009862717723777, 19.230403605187849 ], [ -99.00975457680299, 19.230110171299966 ], [ -99.009785448062416, 19.229753151363365 ], [ -99.009862670142837, 19.22960642737193 ], [ -99.009924442421379, 19.229401016242281 ], [ -99.010037711401182, 19.229356994113143 ], [ -99.010202461067408, 19.229210265154297 ], [ -99.010449593058937, 19.229117328644399 ], [ -99.01060403844761, 19.228872786667672 ], [ -99.01066186373032, 19.228825080748223 ], [ -99.010799678312225, 19.228711383386688 ], [ -99.010933542311321, 19.22868203147139 ], [ -99.011087998718509, 19.228618443577503 ], [ -99.011180662843813, 19.228437483441457 ], [ -99.011257874408543, 19.228163601619865 ], [ -99.011281347153357, 19.228133161019585 ], [ -99.011582211326584, 19.227742984418736 ], [ -99.01154614303114, 19.227346843012889 ], [ -99.011468906530752, 19.227249034607759 ], [ -99.011458595339263, 19.227048518071445 ], [ -99.011571845518546, 19.226764852492185 ], [ -99.011664404612944, 19.226613502846039 ], [ -99.01169339853314, 19.226600172867236 ], [ -99.011880745350226, 19.226515408891522 ], [ -99.012112423644254, 19.226383345807779 ], [ -99.012318356314069, 19.226221940181912 ], [ -99.012513970260102, 19.225781767201486 ], [ -99.012625437676434, 19.225273054153259 ], [ -99.0135977331025, 19.22526469880351 ], [ -99.017183121768483, 19.225153457608055 ], [ -99.020179145110632, 19.225060448277077 ], [ -99.022711544732502, 19.224981793506391 ], [ -99.022775094602935, 19.224979819235287 ], [ -99.031278663852021, 19.22471544396355 ], [ -99.031743663068809, 19.224700975768755 ], [ -99.020422415041736, 19.239335096650425 ], [ -99.020127780392841, 19.239358594791092 ], [ -99.019821497153046, 19.239341909082913 ], [ -99.019653660287247, 19.239298909875242 ], [ -99.019502583909755, 19.239357561408042 ], [ -99.019353119501702, 19.239309743146862 ], [ -99.01925564765682, 19.239320554678518 ], [ -99.019316298827988, 19.239253351713788 ], [ -99.019509891592847, 19.238972449852415 ], [ -99.019611602495431, 19.238683824841857 ], [ -99.019591225079708, 19.238432118520862 ], [ -99.019457915274799, 19.238229047825516 ], [ -99.019202082454797, 19.238152455866974 ], [ -99.019149681354193, 19.238136768814012 ], [ -99.018738708016329, 19.238055048891955 ], [ -99.018436015724788, 19.237849356818703 ], [ -99.018287020037931, 19.237852512344499 ], [ -99.017950124335442, 19.238263488182184 ], [ -99.017797332178944, 19.238535169040023 ], [ -99.017436442918438, 19.239421394218713 ], [ -99.017253339066684, 19.23960465900463 ], [ -99.017342195617076, 19.240049115003814 ], [ -99.017139416938775, 19.240310250927582 ], [ -99.017099450348113, 19.240407336949488 ], [ -99.017023000625613, 19.240593048273986 ], [ -99.016918693789364, 19.240601177696185 ], [ -99.016851851852422, 19.240606386012946 ], [ -99.016337031136061, 19.240484390220004 ], [ -99.01606490882655, 19.240550351904115 ], [ -99.015792500893951, 19.240551690679492 ], [ -99.015680770605087, 19.240594150257373 ] ] ] ] } },
{ "type": "Feature", "properties": { "id": 2391.0, "entidad": 9, "distrito_f": 9, "distrito_l": 7, "municipio": 11, "seccion": 5556, "tipo": 2, "control": 37439.0, "SECCION_TX": "5556", "SECCION__1": null, "SECCION__2": null, "SECCION_N": "5556", "ESTATUS": null, "ALCALDIA_N": "TLAHUAC", "EN_OPERATI": null, "EN_OP": "NO", "SEC_N": "5556", "EST": null, "ALC_N": "TLAHUAC", "OP": "NO", "NOMBRE": "LOS CERRILLOS 1" }, "geometry": { "type": "MultiPolygon", "coordinates": [ [ [ [ -99.011913061104053, 19.23931263331675 ], [ -99.011855360120876, 19.239527616467353 ], [ -99.011787139538285, 19.239781368200894 ], [ -99.011788410921852, 19.239934170744512 ], [ -99.011700634056226, 19.24008663537585 ], [ -99.011637613266103, 19.240196099570394 ], [ -99.011333061110321, 19.240745938267512 ], [ -99.011287234550153, 19.240891295697534 ], [ -99.011066955131653, 19.241363887126301 ], [ -99.010981209468611, 19.241563315976894 ], [ -99.010832570585094, 19.241858215736531 ], [ -99.011336131097849, 19.242389076884166 ], [ -99.01102368464197, 19.242666776941 ], [ -99.010738806648959, 19.24291997306976 ], [ -99.010684010237739, 19.243027593795208 ], [ -99.009281479457499, 19.242602354205548 ], [ -99.008891700313868, 19.242484173020031 ], [ -99.008847160626104, 19.242470668505973 ], [ -99.008505975546299, 19.242367220137602 ], [ -99.008227169178625, 19.242282684617834 ], [ -99.007985511607529, 19.242162469440665 ], [ -99.008023018601833, 19.242093832397327 ], [ -99.008133268464874, 19.241892076993206 ], [ -99.00822341728032, 19.241727105750936 ], [ -99.008246318052912, 19.241685197553942 ], [ -99.008296167055136, 19.241377344163809 ], [ -99.007793680363221, 19.2412243514766 ], [ -99.007916396082251, 19.240656005611765 ], [ -99.007457678639668, 19.240545904936127 ], [ -99.007218290556622, 19.240488446850581 ], [ -99.007113771534932, 19.240665599325105 ], [ -99.007083789722827, 19.240638418792201 ], [ -99.007050306330413, 19.240608063824379 ], [ -99.006741642457982, 19.240503959149674 ], [ -99.006669522117761, 19.24041354500164 ], [ -99.006689712226915, 19.240350526501906 ], [ -99.006724325304816, 19.24027928776184 ], [ -99.006784899188645, 19.24018064902647 ], [ -99.006848358001193, 19.240090229870535 ], [ -99.006946430574814, 19.239950491129992 ], [ -99.006983927535515, 19.239865552713933 ], [ -99.007087765994171, 19.239651836294659 ], [ -99.007177182487382, 19.239473739116864 ], [ -99.007257947738211, 19.23936139990839 ], [ -99.007315638626849, 19.239314819260191 ], [ -99.007402175942559, 19.239268237429556 ], [ -99.007451212328078, 19.239210697475503 ], [ -99.007494476656319, 19.239092879875834 ], [ -99.007517551554741, 19.239043560673359 ], [ -99.00758207457514, 19.239060978865215 ], [ -99.007984874161423, 19.239262733135618 ], [ -99.008074300594174, 19.239312047468445 ], [ -99.008100262347455, 19.239310676164518 ], [ -99.008126224100351, 19.239309305267927 ], [ -99.008169492445191, 19.239281904311586 ], [ -99.008256026078641, 19.239166824500192 ], [ -99.008359867167187, 19.239046264050604 ], [ -99.008388713448795, 19.239043522827966 ], [ -99.008661092901008, 19.239198733079942 ], [ -99.008681773562003, 19.239210517532801 ], [ -99.008722506831646, 19.23922924412172 ], [ -99.008801229085279, 19.239265435612179 ], [ -99.008861806943258, 19.239270912495954 ], [ -99.00890796127922, 19.239270910256 ], [ -99.008933922500361, 19.239259949378646 ], [ -99.00894834439336, 19.239235289546638 ], [ -99.008962764497866, 19.23917775087644 ], [ -99.00899160497498, 19.239068153337893 ], [ -99.009089672715575, 19.238884574983825 ], [ -99.009150245130598, 19.238794155161006 ], [ -99.009210820535273, 19.238758533381667 ], [ -99.009245435566342, 19.23874757202395 ], [ -99.009306011550891, 19.238722909825803 ], [ -99.009372617965965, 19.238654718965872 ], [ -99.009437916603233, 19.238581303819515 ], [ -99.00953388343612, 19.238473566903949 ], [ -99.010496592129343, 19.238918877363133 ], [ -99.010758644063642, 19.238824339616784 ], [ -99.010884824707546, 19.238829126130302 ], [ -99.010982554394658, 19.238713847720074 ], [ -99.011057177796602, 19.238625824505135 ], [ -99.011206443859493, 19.238518689887169 ], [ -99.011342541349734, 19.238443056301993 ], [ -99.0115945593558, 19.238591132997026 ], [ -99.011727252997176, 19.23867934557898 ], [ -99.011859946780291, 19.238767558063916 ], [ -99.012075669551137, 19.238868360824888 ], [ -99.011982702393979, 19.239038513843944 ], [ -99.01192300110074, 19.239151944779579 ], [ -99.011913061104053, 19.23931263331675 ] ] ] ] } },
{ "type": "Feature", "properties": { "id": 2346.0, "entidad": 9, "distrito_f": 9, "distrito_l": 7, "municipio": 11, "seccion": 4153, "tipo": 2, "control": 36680.0, "SECCION_TX": "4153", "SECCION__1": null, "SECCION__2": null, "SECCION_N": "4153", "ESTATUS": "COMPLETA", "ALCALDIA_N": "TLAHUAC", "EN_OPERATI": null, "EN_OP": "SI", "SEC_N": "4153", "EST": "COMPLETA", "ALC_N": "TLAHUAC", "OP": "SI", "NOMBRE": "SAN ISIDRO TULYEHUALCO" }, "geometry": { "type": "MultiPolygon", "coordinates": [ [ [ [ -99.016649362572423, 19.259952175986545 ], [ -99.016345457278618, 19.260935252577866 ], [ -99.016514699502864, 19.261060239322987 ], [ -99.016285658455914, 19.261793302876494 ], [ -99.016045860321469, 19.262620384877899 ], [ -99.015898357843412, 19.263129127834198 ], [ -99.01569658313251, 19.263043827930804 ], [ -99.01512458204563, 19.262866563972565 ], [ -99.014990455470269, 19.263447045139394 ], [ -99.014360237574252, 19.263246404589427 ], [ -99.013358979135745, 19.262927631512881 ], [ -99.013417536585365, 19.262706549263811 ], [ -99.013520481917894, 19.262389750162942 ], [ -99.013594769823229, 19.262161139276149 ], [ -99.013560413227992, 19.262088916136797 ], [ -99.013197196565244, 19.261325371458604 ], [ -99.013272951293445, 19.261060628640152 ], [ -99.011939494675133, 19.260735741351464 ], [ -99.011870872517846, 19.26098024444104 ], [ -99.011478014615705, 19.2608899717642 ], [ -99.011688911896371, 19.260082573502096 ], [ -99.011713090935871, 19.259844165494325 ], [ -99.011840341047886, 19.259384558598978 ], [ -99.011934928822882, 19.259386086159189 ], [ -99.012314271997042, 19.257887106220593 ], [ -99.012532065777378, 19.257560673532339 ], [ -99.012994085532313, 19.258043267786562 ], [ -99.013580701767111, 19.258399143286368 ], [ -99.013816521308598, 19.258542204158061 ], [ -99.013905931932484, 19.258583283292101 ], [ -99.014524724699427, 19.258867581870977 ], [ -99.015415686373643, 19.259192941516577 ], [ -99.015453951899886, 19.259213703522946 ], [ -99.016055364375731, 19.259540014542281 ], [ -99.016239070267829, 19.259667484188807 ], [ -99.01661181599205, 19.259926123411965 ], [ -99.016649362572423, 19.259952175986545 ] ] ] ] } },
{ "type": "Feature", "properties": { "id": 2382.0, "entidad": 9, "distrito_f": 9, "distrito_l": 7, "municipio": 11, "seccion": 5548, "tipo": 2, "control": 37828.0, "SECCION_TX": "5548", "SECCION__1": null, "SECCION__2": null, "SECCION_N": "5548", "ESTATUS": null, "ALCALDIA_N": "TLAHUAC", "EN_OPERATI": null, "EN_OP": "NO", "SEC_N": "5548", "EST": null, "ALC_N": "TLAHUAC", "OP": "NO", "NOMBRE": "SAN ISIDRO TULYEHUALCO" }, "geometry": { "type": "MultiPolygon", "coordinates": [ [ [ [ -99.032642188971664, 19.266778704827939 ], [ -99.033601575900022, 19.267630050971945 ], [ -99.034424203271954, 19.268519412643364 ], [ -99.03586393697843, 19.270601901665 ], [ -99.037160961380408, 19.271654717827285 ], [ -99.037272074195101, 19.271668868646543 ], [ -99.037302820615395, 19.271679100101078 ], [ -99.037421448612918, 19.271718536796559 ], [ -99.036591601710114, 19.271597478580034 ], [ -99.035762031621346, 19.27147651067256 ], [ -99.035653969632975, 19.271462094922938 ], [ -99.035221577579577, 19.271399966354831 ], [ -99.034708933185755, 19.271348275618546 ], [ -99.034414428724347, 19.271286184752491 ], [ -99.03407219528836, 19.271172313526115 ], [ -99.033455922112424, 19.271058492012575 ], [ -99.033014179427468, 19.271027499046163 ], [ -99.031896186595588, 19.270934477701683 ], [ -99.030988149087207, 19.270805161897286 ], [ -99.030028298386569, 19.270642187382332 ], [ -99.029256587203861, 19.270429978458619 ], [ -99.027710436635687, 19.269961530754014 ], [ -99.026854203724199, 19.269757092777695 ], [ -99.025804377380112, 19.269573393730546 ], [ -99.024053770756794, 19.269319867308102 ], [ -99.02449357826228, 19.267556986169762 ], [ -99.024503414991244, 19.267517557147229 ], [ -99.024268906503266, 19.267439905206651 ], [ -99.02448148752012, 19.266751085646771 ], [ -99.024574181335552, 19.266657853344302 ], [ -99.02466142010887, 19.266554263966544 ], [ -99.024685947175584, 19.266466219668292 ], [ -99.024710474216178, 19.266378175366011 ], [ -99.024029190565784, 19.266163811900675 ], [ -99.023451840969869, 19.265982148485961 ], [ -99.022881598975047, 19.265802719295952 ], [ -99.022632132775556, 19.265724222959079 ], [ -99.022455221567441, 19.265668556320907 ], [ -99.022259074743161, 19.265606836785651 ], [ -99.022079108769162, 19.265568016986801 ], [ -99.021970598403385, 19.265532573905862 ], [ -99.02182551677187, 19.265485185313203 ], [ -99.021779669850659, 19.265468558539968 ], [ -99.021548797416642, 19.265386695157758 ], [ -99.021369152447164, 19.265331387602778 ], [ -99.020785135928691, 19.265151584118968 ], [ -99.020715831433833, 19.265130246918925 ], [ -99.020310573510926, 19.265005477038279 ], [ -99.020170697464366, 19.264962412068787 ], [ -99.019899241108618, 19.264878835847281 ], [ -99.019676538532011, 19.264810269617268 ], [ -99.019596102931544, 19.264785504821251 ], [ -99.019565017858156, 19.264775934227892 ], [ -99.019394104180876, 19.264719769612711 ], [ -99.019139641937073, 19.264636149407245 ], [ -99.018092584257417, 19.264460173977728 ], [ -99.017649930364556, 19.264381913102106 ], [ -99.017499323356105, 19.264355285634856 ], [ -99.017156157706154, 19.264294613114359 ], [ -99.0170819220792, 19.264281487984494 ], [ -99.016817228311993, 19.264197446894428 ], [ -99.016432144302414, 19.264035133573696 ], [ -99.01597801331836, 19.263843715422801 ], [ -99.015545415246393, 19.26366137202022 ], [ -99.015180424177174, 19.263507524374752 ], [ -99.014990455470269, 19.263447045139394 ], [ -99.01512458204563, 19.262866563972565 ], [ -99.01569658313251, 19.263043827930804 ], [ -99.015898357843412, 19.263129127834198 ], [ -99.016045860321469, 19.262620384877899 ], [ -99.016285658455914, 19.261793302876494 ], [ -99.016514699502864, 19.261060239322987 ], [ -99.016345457278618, 19.260935252577866 ], [ -99.016649362572423, 19.259952175986545 ], [ -99.017540331981238, 19.260255829735591 ], [ -99.018796840920899, 19.260754701431981 ], [ -99.01973351318847, 19.261101730759929 ], [ -99.020281764652083, 19.260928106788562 ], [ -99.020321765662374, 19.260935225092535 ], [ -99.021012810867404, 19.261058197253838 ], [ -99.022314999509462, 19.261361779986586 ], [ -99.025833224695035, 19.262229136743869 ], [ -99.026130173444784, 19.262012139597079 ], [ -99.026278761494211, 19.261968322701112 ], [ -99.026741368575671, 19.261831904304199 ], [ -99.0267926416591, 19.261816784277023 ], [ -99.026938897771018, 19.261852897424028 ], [ -99.029514939508914, 19.262488944595844 ], [ -99.029602676387256, 19.262510606869938 ], [ -99.030242444791909, 19.263117976015668 ], [ -99.030535459429544, 19.264422584455414 ], [ -99.030539674558113, 19.264441351595117 ], [ -99.032550494049218, 19.266697335345608 ], [ -99.032642188971664, 19.266778704827939 ] ] ] ] } },
{ "type": "Feature", "properties": { "id": 2250.0, "entidad": 9, "distrito_f": 9, "distrito_l": 8, "municipio": 11, "seccion": 3613, "tipo": 2, "control": 35797.0, "SECCION_TX": "3613", "SECCION__1": null, "SECCION__2": null, "SECCION_N": "3613", "ESTATUS": null, "ALCALDIA_N": "TLAHUAC", "EN_OPERATI": null, "EN_OP": "NO", "SEC_N": "3613", "EST": null, "ALC_N": "TLAHUAC", "OP": "NO", "NOMBRE": "SAN RAFAEL ATLIXCO" }, "geometry": { "type": "MultiPolygon", "coordinates": [ [ [ [ -99.030045915994805, 19.318142884380684 ], [ -99.031363094024982, 19.314342133175987 ], [ -99.031373886366524, 19.314310990826275 ], [ -99.031480645545955, 19.314169920659097 ], [ -99.031496135344284, 19.314149452619148 ], [ -99.031650290896536, 19.314028288083726 ], [ -99.031820408430661, 19.31397273697679 ], [ -99.031910778274266, 19.313917199674584 ], [ -99.032076193598158, 19.313847285573353 ], [ -99.032155291125321, 19.313679928431345 ], [ -99.032734636641223, 19.312912618902601 ], [ -99.03309615067748, 19.312882269225195 ], [ -99.033239677047646, 19.312791389730162 ], [ -99.03340977841053, 19.312665173376693 ], [ -99.033494794561449, 19.312432976854073 ], [ -99.033531928472172, 19.312034224497108 ], [ -99.033531837925807, 19.31159005224902 ], [ -99.033558381974387, 19.311403293115781 ], [ -99.03367964657798, 19.311291754063813 ], [ -99.033845381617027, 19.310979257470446 ], [ -99.033840029384379, 19.310805122728482 ], [ -99.033850624282223, 19.310620890200244 ], [ -99.033730973234469, 19.310464442557599 ], [ -99.034039209684181, 19.309911693606384 ], [ -99.03410636461544, 19.30988359090135 ], [ -99.034173519523748, 19.309855488171557 ], [ -99.034325297519317, 19.309616220124216 ], [ -99.034414527347181, 19.309434767806859 ], [ -99.03447960414573, 19.30930243133027 ], [ -99.034605138209557, 19.309047151725853 ], [ -99.034719508931232, 19.308814572549398 ], [ -99.035042910537143, 19.308116980609945 ], [ -99.035163527152037, 19.307856803426603 ], [ -99.035266695791947, 19.307623750282001 ], [ -99.035286845820039, 19.307578145229304 ], [ -99.035429484126581, 19.307255233419383 ], [ -99.035760922143339, 19.306464774393987 ], [ -99.035780679670026, 19.306417920690397 ], [ -99.035892131681507, 19.306153618871914 ], [ -99.035999658939673, 19.305923704901339 ], [ -99.036178574824376, 19.305541146332644 ], [ -99.036323638283235, 19.305230970424468 ], [ -99.03721190381323, 19.305532765725648 ], [ -99.037261752825799, 19.305549066200058 ], [ -99.03730464900039, 19.305563975032747 ], [ -99.037409633292711, 19.305599978092392 ], [ -99.038236934536414, 19.305881331934827 ], [ -99.038428860853415, 19.305946614917872 ], [ -99.038454782959121, 19.305944997718491 ], [ -99.038843925642325, 19.306057474899898 ], [ -99.03924422220453, 19.306179142639241 ], [ -99.03934930128797, 19.306277190973159 ], [ -99.039486661067087, 19.306378854620487 ], [ -99.038776013411749, 19.307263711269073 ], [ -99.039084049124313, 19.307485783825282 ], [ -99.039778590745641, 19.306610681037832 ], [ -99.040072307353924, 19.306855422231905 ], [ -99.040366024835777, 19.307100162945293 ], [ -99.039728685922924, 19.30789061660208 ], [ -99.039693070105912, 19.307934788496475 ], [ -99.039612710702485, 19.308034452728279 ], [ -99.039322663808008, 19.308394176603386 ], [ -99.038977567811202, 19.308822171175606 ], [ -99.038251044550762, 19.309723209579388 ], [ -99.037940929490873, 19.30949420679293 ], [ -99.037642806383502, 19.30927405829441 ], [ -99.037403573721789, 19.309097396561942 ], [ -99.037106164430867, 19.308877773234677 ], [ -99.036808755933606, 19.308658149416164 ], [ -99.036596593576022, 19.308918001970547 ], [ -99.03608315538446, 19.309546847184382 ], [ -99.03548643688768, 19.310270046693372 ], [ -99.035462564002557, 19.310280251556833 ], [ -99.035438691114436, 19.310290456417079 ], [ -99.035129475143847, 19.310682770565201 ], [ -99.035099754836921, 19.310712131129012 ], [ -99.036498191843052, 19.311915959203933 ], [ -99.031949590522487, 19.317689659587618 ], [ -99.030045915994805, 19.318142884380684 ] ] ] ] } },
{ "type": "Feature", "properties": { "id": 2292.0, "entidad": 9, "distrito_f": 9, "distrito_l": 8, "municipio": 11, "seccion": 3649, "tipo": 2, "control": 36500.0, "SECCION_TX": "3649", "SECCION__1": null, "SECCION__2": null, "SECCION_N": "3649", "ESTATUS": null, "ALCALDIA_N": "TLAHUAC", "EN_OPERATI": null, "EN_OP": "NO", "SEC_N": "3649", "EST": null, "ALC_N": "TLAHUAC", "OP": "NO", "NOMBRE": "BODAS DE FIGARO 82" }, "geometry": { "type": "MultiPolygon", "coordinates": [ [ [ [ -99.046809989180815, 19.297699535311047 ], [ -99.046726318480879, 19.297656158197793 ], [ -99.046607239564565, 19.29757705932472 ], [ -99.046034407663711, 19.297643005913596 ], [ -99.046002010790858, 19.297646735509716 ], [ -99.045223386694289, 19.297736370571254 ], [ -99.044494758546605, 19.297818229794501 ], [ -99.044297059617008, 19.297840424223743 ], [ -99.043761008002235, 19.297900602297265 ], [ -99.043696280775691, 19.297907868577308 ], [ -99.043298604975632, 19.297952511154538 ], [ -99.043014732062062, 19.297984377820573 ], [ -99.041985273312804, 19.298099937763929 ], [ -99.041873593454739, 19.297267271127826 ], [ -99.04179360227549, 19.296670864757345 ], [ -99.041642985352908, 19.29554786776405 ], [ -99.043719936527623, 19.295262063663856 ], [ -99.044766407699811, 19.295118052035541 ], [ -99.044719317828708, 19.294778234744502 ], [ -99.045106130016464, 19.294730083014588 ], [ -99.044988244249836, 19.293885302540346 ], [ -99.0449757384809, 19.293834202744964 ], [ -99.045458344652005, 19.293765430963749 ], [ -99.045940950417133, 19.293696657907542 ], [ -99.045835882220146, 19.292876289319704 ], [ -99.046327522121601, 19.292804080357719 ], [ -99.046183646039609, 19.291834178316108 ], [ -99.04664502269901, 19.291773272027523 ], [ -99.046627317844454, 19.29188063054367 ], [ -99.046629146419789, 19.292653965734431 ], [ -99.046629412145307, 19.292766344608946 ], [ -99.046630908795294, 19.293399293596412 ], [ -99.046631424840356, 19.293617532776125 ], [ -99.046644965732554, 19.294041239583066 ], [ -99.046660604910812, 19.294530600828324 ], [ -99.046664319232093, 19.294880387201655 ], [ -99.046690032577729, 19.296315552676685 ], [ -99.046780383913486, 19.296212551138197 ], [ -99.047004595054162, 19.295929292332406 ], [ -99.047577323508662, 19.29520572589195 ], [ -99.048150046932435, 19.294482157608723 ], [ -99.048529725179776, 19.294766964107481 ], [ -99.047964157974405, 19.295487962509615 ], [ -99.047382316334151, 19.296205530722226 ], [ -99.047769226200003, 19.296485187946082 ], [ -99.046809989180815, 19.297699535311047 ] ] ] ] } },
{ "type": "Feature", "properties": { "id": 2276.0, "entidad": 9, "distrito_f": 9, "distrito_l": 8, "municipio": 11, "seccion": 3624, "tipo": 2, "control": 35800.0, "SECCION_TX": "3624", "SECCION__1": null, "SECCION__2": null, "SECCION_N": "3624", "ESTATUS": null, "ALCALDIA_N": "TLAHUAC", "EN_OPERATI": null, "EN_OP": "NO", "SEC_N": "3624", "EST": null, "ALC_N": "TLAHUAC", "OP": "NO", "NOMBRE": "ZAPOTITLA TLAHUAC LL" }, "geometry": { "type": "MultiPolygon", "coordinates": [ [ [ [ -99.03815585262744, 19.311051525174772 ], [ -99.037834219493661, 19.310812553359707 ], [ -99.037539768058323, 19.310593776298642 ], [ -99.038251044550762, 19.309723209579388 ], [ -99.038977567811202, 19.308822171175606 ], [ -99.039322663808008, 19.308394176603386 ], [ -99.039612710702485, 19.308034452728279 ], [ -99.039693070105912, 19.307934788496475 ], [ -99.039728685922924, 19.30789061660208 ], [ -99.040366024835777, 19.307100162945293 ], [ -99.040481721192407, 19.306958919625263 ], [ -99.040633371798094, 19.307047564391798 ], [ -99.040856313082784, 19.307195375025518 ], [ -99.041059973505611, 19.307323931940822 ], [ -99.041186826117595, 19.307404005113405 ], [ -99.04149889653246, 19.307600992606776 ], [ -99.040674787728861, 19.308643322693712 ], [ -99.040964072608588, 19.30887939050319 ], [ -99.040240296638345, 19.309770897907171 ], [ -99.039541010708618, 19.310632227858669 ], [ -99.03921542949125, 19.310403821440325 ], [ -99.038871898558611, 19.310162821354705 ], [ -99.03815585262744, 19.311051525174772 ] ] ] ] } },
{ "type": "Feature", "properties": { "id": 2277.0, "entidad": 9, "distrito_f": 9, "distrito_l": 8, "municipio": 11, "seccion": 3625, "tipo": 2, "control": 37485.0, "SECCION_TX": "3625", "SECCION__1": null, "SECCION__2": null, "SECCION_N": "3625", "ESTATUS": null, "ALCALDIA_N": "TLAHUAC", "EN_OPERATI": null, "EN_OP": "NO", "SEC_N": "3625", "EST": null, "ALC_N": "TLAHUAC", "OP": "NO", "NOMBRE": "ZAPOTITLA TLAHUAC LL" }, "geometry": { "type": "MultiPolygon", "coordinates": [ [ [ [ -99.041440307819741, 19.308855758731944 ], [ -99.041260271146029, 19.309092973617933 ], [ -99.040964072608588, 19.30887939050319 ], [ -99.040674787728861, 19.308643322693712 ], [ -99.04149889653246, 19.307600992606776 ], [ -99.041186826117595, 19.307404005113405 ], [ -99.041059973505611, 19.307323931940822 ], [ -99.040856313082784, 19.307195375025518 ], [ -99.040633371798094, 19.307047564391798 ], [ -99.040481721192407, 19.306958919625263 ], [ -99.040990554335707, 19.306338529321785 ], [ -99.041124484189382, 19.306175235620632 ], [ -99.041811806758716, 19.305332117344417 ], [ -99.041836468175916, 19.305347842646995 ], [ -99.042655832196871, 19.305870304826112 ], [ -99.042716059957087, 19.305917002063101 ], [ -99.042799808944181, 19.30598193626642 ], [ -99.043089027868234, 19.306209341810074 ], [ -99.043428567954251, 19.306515465759979 ], [ -99.043637986035222, 19.306729556138329 ], [ -99.042245087101563, 19.308490897963313 ], [ -99.041931405943075, 19.308248512180899 ], [ -99.041703866078265, 19.308529867673542 ], [ -99.041440307819741, 19.308855758731944 ] ] ] ] } },
{ "type": "Feature", "properties": { "id": 2362.0, "entidad": 9, "distrito_f": 9, "distrito_l": 7, "municipio": 11, "seccion": 3720, "tipo": 3, "control": 37840.0, "SECCION_TX": "3720", "SECCION__1": null, "SECCION__2": null, "SECCION_N": "3720", "ESTATUS": null, "ALCALDIA_N": "TLAHUAC", "EN_OPERATI": null, "EN_OP": "NO", "SEC_N": "3720", "EST": null, "ALC_N": "TLAHUAC", "OP": "NO", "NOMBRE": "VILLA TLATEMPA" }, "geometry": { "type": "MultiPolygon", "coordinates": [ [ [ [ -98.980256547959712, 19.230646183180479 ], [ -98.980629872689363, 19.230404402626991 ], [ -98.980986206250464, 19.230270224009029 ], [ -98.981582126208451, 19.230188588235471 ], [ -98.981834405230444, 19.23016801948647 ], [ -98.98441269282597, 19.223536262282938 ], [ -98.985262392675153, 19.221799423083841 ], [ -98.988265957477694, 19.225848030748594 ], [ -98.988398553253546, 19.226026755383153 ], [ -98.991513904442144, 19.226546048800149 ], [ -98.991537558103531, 19.226549991379805 ], [ -98.992480706678734, 19.22670719223553 ], [ -98.992598295010822, 19.226739465370468 ], [ -98.9927771407406, 19.226760708232927 ], [ -98.992807342464346, 19.226764295502782 ], [ -98.993130292056392, 19.226765142010269 ], [ -98.993499386303768, 19.226803945528104 ], [ -98.993596858011699, 19.226793746925583 ], [ -98.993632546447046, 19.226797789406302 ], [ -98.993714722018055, 19.227115354312176 ], [ -98.993797691106366, 19.22744835807778 ], [ -98.99414830651385, 19.228859449033493 ], [ -98.99432570744726, 19.229642907161701 ], [ -98.994259849956322, 19.229657817399257 ], [ -98.994222319029177, 19.229666314447201 ], [ -98.994404565133252, 19.230645753370169 ], [ -98.994486904048273, 19.231234476077489 ], [ -98.994549826862624, 19.231986593909603 ], [ -98.994563464944278, 19.232203822920507 ], [ -98.994678221472057, 19.233524930796495 ], [ -98.994759877419767, 19.234428736282375 ], [ -98.994761083656627, 19.234569609969054 ], [ -98.994764276545951, 19.234942499169048 ], [ -98.994726717541653, 19.235816943213838 ], [ -98.994667235797337, 19.235910541446064 ], [ -98.994529901445986, 19.235778300221032 ], [ -98.994184746947184, 19.235445944584814 ], [ -98.993861481710184, 19.235134664709378 ], [ -98.993585673474797, 19.23482764129967 ], [ -98.992947544154816, 19.234023070764948 ], [ -98.992480391667172, 19.233414513634873 ], [ -98.992174735729677, 19.233016118626125 ], [ -98.991711750428536, 19.23243827778413 ], [ -98.991440901697317, 19.232100235550782 ], [ -98.991427901901986, 19.232084010656294 ], [ -98.990075408609954, 19.233256020084745 ], [ -98.98975816067005, 19.233151172511032 ], [ -98.9896433487758, 19.233300387173607 ], [ -98.989546562065712, 19.233426175235046 ], [ -98.98871975925033, 19.238045812714745 ], [ -98.987895806731061, 19.242574862274779 ], [ -98.987126764731741, 19.247004741894681 ], [ -98.987189065413503, 19.247062715838901 ], [ -98.986413098960043, 19.251318137297805 ], [ -98.986384506486985, 19.251425058969954 ], [ -98.995530811412124, 19.254101076800705 ], [ -98.994826612777075, 19.258474772306137 ], [ -98.994073434042875, 19.262996664268528 ], [ -98.993786146290333, 19.264516993712618 ], [ -98.993000026171529, 19.264342237159983 ], [ -98.992988966074421, 19.264446502523658 ], [ -98.992600683412789, 19.265342722349686 ], [ -98.992590229081713, 19.265378174263333 ], [ -98.992579774746147, 19.265413626176233 ], [ -98.992454328597546, 19.26570291210626 ], [ -98.99262151655806, 19.26695934961797 ], [ -98.992600359129909, 19.267031022071421 ], [ -98.992744365234742, 19.267112160977284 ], [ -98.992852033845338, 19.267943604016502 ], [ -98.992963543309273, 19.268804698080711 ], [ -98.99302393947174, 19.26916171470447 ], [ -98.993072561684556, 19.269433628830004 ], [ -98.992831585877994, 19.270712757717092 ], [ -98.973262799427474, 19.267900814889899 ], [ -98.974503630563191, 19.26110852613315 ], [ -98.976361111111103, 19.253083333361825 ], [ -98.966027777777782, 19.250000000028511 ], [ -98.968583333333328, 19.232333333361598 ], [ -98.968605554339547, 19.232172105490932 ], [ -98.969472747304607, 19.232311280857505 ], [ -98.971178037664487, 19.232855780606503 ], [ -98.975399222836231, 19.234203922914332 ], [ -98.97611760094054, 19.234387735326603 ], [ -98.976518242681237, 19.234440277801518 ], [ -98.976905076517212, 19.234440326999852 ], [ -98.977443895124154, 19.234335412847201 ], [ -98.977899830720901, 19.23415175113151 ], [ -98.978328168823168, 19.233705631697571 ], [ -98.979267819155496, 19.232104775106681 ], [ -98.979558002134212, 19.231606118713543 ], [ -98.979916061769075, 19.23106208304452 ], [ -98.980256547959712, 19.230646183180479 ] ] ] ] } },
{ "type": "Feature", "properties": { "id": 2309.0, "entidad": 9, "distrito_f": 9, "distrito_l": 8, "municipio": 11, "seccion": 3667, "tipo": 2, "control": 36601.0, "SECCION_TX": "3667", "SECCION__1": null, "SECCION__2": null, "SECCION_N": "3667", "ESTATUS": null, "ALCALDIA_N": "TLAHUAC", "EN_OPERATI": null, "EN_OP": "NO", "SEC_N": "3667", "EST": null, "ALC_N": "TLAHUAC", "OP": "NO", "NOMBRE": "SELENE 2A SECC" }, "geometry": { "type": "MultiPolygon", "coordinates": [ [ [ [ -99.003796822637185, 19.292282521894673 ], [ -99.0025277107856, 19.292101089099678 ], [ -99.001258743330425, 19.291919667727466 ], [ -99.001264195937637, 19.291884949440306 ], [ -99.001401313465863, 19.291034474120835 ], [ -99.00153195494147, 19.290224158360019 ], [ -99.001553928457383, 19.29008730638629 ], [ -99.001705466956622, 19.289134554515751 ], [ -99.001725301147175, 19.289009852289155 ], [ -99.001877511875648, 19.288052861184784 ], [ -99.002021188700652, 19.287149514692246 ], [ -99.002025187169849, 19.287124374772283 ], [ -99.002164680206036, 19.286247323280978 ], [ -99.003403682670594, 19.286426996156138 ], [ -99.003431122425411, 19.286430975208901 ], [ -99.004697567467176, 19.286614618353635 ], [ -99.005978422886301, 19.286800341751022 ], [ -99.005834214341974, 19.287693270354712 ], [ -99.005694831507327, 19.288556309138521 ], [ -99.005688252093137, 19.288596450412356 ], [ -99.005531205552174, 19.289554591826288 ], [ -99.005510877823724, 19.289678610526632 ], [ -99.005355986132329, 19.290623592603698 ], [ -99.004096095287338, 19.290452226932068 ], [ -99.00407631456369, 19.290573203380564 ], [ -99.003941059687619, 19.291400400539494 ], [ -99.003796822637185, 19.292282521894673 ] ] ] ] } },
{ "type": "Feature", "properties": { "id": 2310.0, "entidad": 9, "distrito_f": 9, "distrito_l": 8, "municipio": 11, "seccion": 3668, "tipo": 2, "control": 36602.0, "SECCION_TX": "3668", "SECCION__1": null, "SECCION__2": null, "SECCION_N": "3668", "ESTATUS": null, "ALCALDIA_N": "TLAHUAC", "EN_OPERATI": null, "EN_OP": "NO", "SEC_N": "3668", "EST": null, "ALC_N": "TLAHUAC", "OP": "NO", "NOMBRE": "SELENE 2A SECC" }, "geometry": { "type": "MultiPolygon", "coordinates": [ [ [ [ -99.001258743330425, 19.291919667727466 ], [ -98.999989495469748, 19.291738197043582 ], [ -98.998720392006803, 19.291556737782916 ], [ -98.998843808850467, 19.290673512884073 ], [ -98.998581252894056, 19.290636340098022 ], [ -98.998725514083034, 19.289818993166186 ], [ -98.998737256243871, 19.289752464726181 ], [ -98.998743806701256, 19.289714333105394 ], [ -98.998750357155615, 19.289676201484124 ], [ -98.998906467105925, 19.288767446125448 ], [ -98.998926883967101, 19.288648593673514 ], [ -98.999079003313696, 19.287684803722826 ], [ -98.999089712430731, 19.287616953014979 ], [ -98.999096115760693, 19.28757638283907 ], [ -98.999228272069857, 19.286739063208962 ], [ -98.99936252465146, 19.285854539237995 ], [ -98.999496775791172, 19.284970015082589 ], [ -98.999630809374139, 19.284087607274472 ], [ -98.999898912118283, 19.284125864723293 ], [ -99.001172375700776, 19.284307578498868 ], [ -99.002445842091973, 19.284489283394908 ], [ -99.002303117915758, 19.285381709261017 ], [ -99.002169095229249, 19.286219717463478 ], [ -99.002164680206036, 19.286247323280978 ], [ -99.002025187169849, 19.287124374772283 ], [ -99.002021188700652, 19.287149514692246 ], [ -99.001877511875648, 19.288052861184784 ], [ -99.001725301147175, 19.289009852289155 ], [ -99.001705466956622, 19.289134554515751 ], [ -99.001553928457383, 19.29008730638629 ], [ -99.00153195494147, 19.290224158360019 ], [ -99.001401313465863, 19.291034474120835 ], [ -99.001264195937637, 19.291884949440306 ], [ -99.001258743330425, 19.291919667727466 ] ] ] ] } },
{ "type": "Feature", "properties": { "id": 2311.0, "entidad": 9, "distrito_f": 9, "distrito_l": 8, "municipio": 11, "seccion": 3669, "tipo": 2, "control": 36240.0, "SECCION_TX": "3669", "SECCION__1": null, "SECCION__2": null, "SECCION_N": "3669", "ESTATUS": null, "ALCALDIA_N": "TLAHUAC", "EN_OPERATI": null, "EN_OP": "NO", "SEC_N": "3669", "EST": null, "ALC_N": "TLAHUAC", "OP": "NO", "NOMBRE": "SELENE 2A SECC" }, "geometry": { "type": "MultiPolygon", "coordinates": [ [ [ [ -98.998926883967101, 19.288648593673514 ], [ -98.997684861670251, 19.288477551732313 ], [ -98.996402433835001, 19.288300936208163 ], [ -98.995133085637434, 19.288126112765521 ], [ -98.993863740136646, 19.287951280500092 ], [ -98.992593091698524, 19.287786237085015 ], [ -98.991940413538842, 19.287701457723941 ], [ -98.991921776238982, 19.287811896007241 ], [ -98.991759533462059, 19.288773284974784 ], [ -98.991141871817703, 19.288693587799443 ], [ -98.991099989246393, 19.288688183592917 ], [ -98.99050273470354, 19.288611117353547 ], [ -98.9898635982305, 19.288528644671025 ], [ -98.989770448297264, 19.288471405555565 ], [ -98.980126485510183, 19.287149027584562 ], [ -98.970219666470257, 19.285794878782404 ], [ -98.970810639596863, 19.28222553885287 ], [ -98.970965676010195, 19.281289126146341 ], [ -98.980864343276124, 19.282516924518887 ], [ -98.990571454835759, 19.283791209598402 ], [ -98.990702673355116, 19.283808431424596 ], [ -98.99054339169119, 19.284668051586944 ], [ -98.990380780384825, 19.285545631856088 ], [ -98.99022566125582, 19.28638276942328 ], [ -98.991505747940963, 19.286554495461733 ], [ -98.992791921631309, 19.286727028686645 ], [ -98.994044605052522, 19.286895060319214 ], [ -98.994192582777714, 19.286057368381162 ], [ -98.995469627677309, 19.286230259065288 ], [ -98.996746675259516, 19.286403140819978 ], [ -98.998020474170005, 19.286575573524889 ], [ -98.999228272069857, 19.286739063208962 ], [ -98.999096115760693, 19.28757638283907 ], [ -98.999089712430731, 19.287616953014979 ], [ -98.999079003313696, 19.287684803722826 ], [ -98.998926883967101, 19.288648593673514 ] ] ] ] } },
{ "type": "Feature", "properties": { "id": 2312.0, "entidad": 9, "distrito_f": 9, "distrito_l": 8, "municipio": 11, "seccion": 3670, "tipo": 3, "control": 36239.0, "SECCION_TX": "3670", "SECCION__1": null, "SECCION__2": null, "SECCION_N": "3670", "ESTATUS": "COMPLETA", "ALCALDIA_N": "TLAHUAC", "EN_OPERATI": null, "EN_OP": "SI", "SEC_N": "3670", "EST": "COMPLETA", "ALC_N": "TLAHUAC", "OP": "SI", "NOMBRE": "SELENE 2A SECC" }, "geometry": { "type": "MultiPolygon", "coordinates": [ [ [ [ -98.999228272069857, 19.286739063208962 ], [ -98.998020474170005, 19.286575573524889 ], [ -98.996746675259516, 19.286403140819978 ], [ -98.995469627677309, 19.286230259065288 ], [ -98.994192582777714, 19.286057368381162 ], [ -98.994044605052522, 19.286895060319214 ], [ -98.992791921631309, 19.286727028686645 ], [ -98.991505747940963, 19.286554495461733 ], [ -98.99022566125582, 19.28638276942328 ], [ -98.990380780384825, 19.285545631856088 ], [ -98.99054339169119, 19.284668051586944 ], [ -98.990702673355116, 19.283808431424596 ], [ -98.990571454835759, 19.283791209598402 ], [ -98.980864343276124, 19.282516924518887 ], [ -98.970965676010195, 19.281289126146341 ], [ -98.971502918717022, 19.277819071484871 ], [ -98.971654102527637, 19.276842544423229 ], [ -98.981637108572443, 19.278165405419944 ], [ -98.991283665009078, 19.279477863748696 ], [ -98.991352406268135, 19.279487214410093 ], [ -98.991529869567572, 19.279430482391458 ], [ -98.992504952210595, 19.279557155039107 ], [ -98.993588346433981, 19.279697892074783 ], [ -98.994674982823966, 19.279839043585294 ], [ -98.995741646087893, 19.279988158368429 ], [ -98.995899246183768, 19.280010189610422 ], [ -98.995926892084256, 19.280014054273067 ], [ -98.996984204884512, 19.280161854371539 ], [ -98.998049110539327, 19.280310709409402 ], [ -98.999487862604994, 19.280511811298645 ], [ -99.001157034210081, 19.280745105315518 ], [ -99.00115040748841, 19.28078466050242 ], [ -99.001143780763542, 19.280824215688924 ], [ -99.001118680257434, 19.280974041440675 ], [ -99.000424075910971, 19.280880842685196 ], [ -99.000110476869352, 19.280838764535716 ], [ -98.999907739704824, 19.282264410639385 ], [ -98.999769275305638, 19.283176009054973 ], [ -98.999630809374139, 19.284087607274472 ], [ -98.999496775791172, 19.284970015082589 ], [ -98.99936252465146, 19.285854539237995 ], [ -98.999228272069857, 19.286739063208962 ] ] ] ] } },
{ "type": "Feature", "properties": { "id": 2313.0, "entidad": 9, "distrito_f": 9, "distrito_l": 8, "municipio": 11, "seccion": 3671, "tipo": 2, "control": 36605.0, "SECCION_TX": "3671", "SECCION__1": null, "SECCION__2": null, "SECCION_N": "3671", "ESTATUS": null, "ALCALDIA_N": "TLAHUAC", "EN_OPERATI": null, "EN_OP": "NO", "SEC_N": "3671", "EST": null, "ALC_N": "TLAHUAC", "OP": "NO", "NOMBRE": "SELENE 2A SECC" }, "geometry": { "type": "MultiPolygon", "coordinates": [ [ [ [ -99.004697567467176, 19.286614618353635 ], [ -99.003431122425411, 19.286430975208901 ], [ -99.003403682670594, 19.286426996156138 ], [ -99.002164680206036, 19.286247323280978 ], [ -99.002169095229249, 19.286219717463478 ], [ -99.002303117915758, 19.285381709261017 ], [ -99.002445842091973, 19.284489283394908 ], [ -99.001172375700776, 19.284307578498868 ], [ -98.999898912118283, 19.284125864723293 ], [ -98.999630809374139, 19.284087607274472 ], [ -98.999769275305638, 19.283176009054973 ], [ -98.999907739704824, 19.282264410639385 ], [ -99.000110476869352, 19.280838764535716 ], [ -99.000424075910971, 19.280880842685196 ], [ -99.001118680257434, 19.280974041440675 ], [ -99.00168062568487, 19.281046533915767 ], [ -99.002947415193574, 19.281209946602555 ], [ -99.004204902423012, 19.281372150309551 ], [ -99.004230406991283, 19.28137544005958 ], [ -99.004142883169052, 19.28193101441272 ], [ -99.004131898046097, 19.28200074433088 ], [ -99.003993090923402, 19.282881840737478 ], [ -99.003852224780104, 19.283775997224392 ], [ -99.003713564541428, 19.28465614193162 ], [ -99.004990062740973, 19.284846441634791 ], [ -99.004843815888407, 19.285730530095403 ], [ -99.004697567467176, 19.286614618353635 ] ] ] ] } },
{ "type": "Feature", "properties": { "id": 2314.0, "entidad": 9, "distrito_f": 9, "distrito_l": 8, "municipio": 11, "seccion": 3672, "tipo": 2, "control": 36604.0, "SECCION_TX": "3672", "SECCION__1": null, "SECCION__2": null, "SECCION_N": "3672", "ESTATUS": null, "ALCALDIA_N": "TLAHUAC", "EN_OPERATI": null, "EN_OP": "NO", "SEC_N": "3672", "EST": null, "ALC_N": "TLAHUAC", "OP": "NO", "NOMBRE": "SELENE 2A SECC" }, "geometry": { "type": "MultiPolygon", "coordinates": [ [ [ [ -99.00851490397811, 19.287167663404979 ], [ -99.007246662019668, 19.286984006982461 ], [ -99.006020183564573, 19.286806389641015 ], [ -99.005978422886301, 19.286800341751022 ], [ -99.004697567467176, 19.286614618353635 ], [ -99.004843815888407, 19.285730530095403 ], [ -99.004990062740973, 19.284846441634791 ], [ -99.003713564541428, 19.28465614193162 ], [ -99.003852224780104, 19.283775997224392 ], [ -99.003993090923402, 19.282881840737478 ], [ -99.004131898046097, 19.28200074433088 ], [ -99.004142883169052, 19.28193101441272 ], [ -99.004230406991283, 19.28137544005958 ], [ -99.005528829403076, 19.28154920803166 ], [ -99.006791056232899, 19.281718122747453 ], [ -99.008059230787538, 19.281887824271408 ], [ -99.007949388021942, 19.282563302671303 ], [ -99.007806602183905, 19.283441356146522 ], [ -99.007662261253998, 19.284328962871434 ], [ -99.00751706662129, 19.285221809496274 ], [ -99.007374955229636, 19.286095686762806 ], [ -99.008656663000011, 19.286276891007745 ], [ -99.00851490397811, 19.287167663404979 ] ] ] ] } },
{ "type": "Feature", "properties": { "id": 2336.0, "entidad": 9, "distrito_f": 9, "distrito_l": 7, "municipio": 11, "seccion": 3694, "tipo": 2, "control": 36614.0, "SECCION_TX": "3694", "SECCION__1": null, "SECCION__2": null, "SECCION_N": "3694", "ESTATUS": null, "ALCALDIA_N": "TLAHUAC", "EN_OPERATI": null, "EN_OP": "NO", "SEC_N": "3694", "EST": null, "ALC_N": "TLAHUAC", "OP": "NO", "NOMBRE": "SELENE 2A SECC" }, "geometry": { "type": "MultiPolygon", "coordinates": [ [ [ [ -99.009939427182445, 19.282092156433858 ], [ -99.009848123148103, 19.282131143657416 ], [ -99.009341507556087, 19.282062237285107 ], [ -99.008059230787538, 19.281887824271408 ], [ -99.006791056232899, 19.281718122747453 ], [ -99.005528829403076, 19.28154920803166 ], [ -99.004230406991283, 19.28137544005958 ], [ -99.004204902423012, 19.281372150309551 ], [ -99.002947415193574, 19.281209946602555 ], [ -99.00168062568487, 19.281046533915767 ], [ -99.001118680257434, 19.280974041440675 ], [ -99.001143780763542, 19.280824215688924 ], [ -99.001653486978469, 19.280898794522088 ], [ -99.001898437471468, 19.280934634484908 ], [ -99.00216413079373, 19.280776776185139 ], [ -99.002614546863086, 19.280509165640769 ], [ -99.003064322700894, 19.280241933501113 ], [ -99.003503858567043, 19.279980783476816 ], [ -99.003954699169142, 19.279712914783243 ], [ -99.004394748352226, 19.279451455933259 ], [ -99.004852956570929, 19.279179205726937 ], [ -99.005428524995907, 19.280072563328325 ], [ -99.00551023514538, 19.280199387245791 ], [ -99.005949031849141, 19.27992897267832 ], [ -99.006406063330047, 19.279654054348562 ], [ -99.006340192710823, 19.27954004530293 ], [ -99.006772700257471, 19.279279213885481 ], [ -99.007206533700582, 19.279017580997426 ], [ -99.007685027404932, 19.278729012581376 ], [ -99.007751664779036, 19.278828618667625 ], [ -99.007780500486888, 19.278871720740991 ], [ -99.008367046459639, 19.279697712430718 ], [ -99.00894745404581, 19.280566730577263 ], [ -99.009505545721495, 19.281431508711325 ], [ -99.009524826801979, 19.281460867100193 ], [ -99.009834803841031, 19.281932852740944 ], [ -99.009939427182445, 19.282092156433858 ] ] ] ] } },
{ "type": "Feature", "properties": { "id": 2348.0, "entidad": 9, "distrito_f": 9, "distrito_l": 7, "municipio": 11, "seccion": 3712, "tipo": 2, "control": 37435.0, "SECCION_TX": "3712", "SECCION__1": null, "SECCION__2": null, "SECCION_N": "3712", "ESTATUS": null, "ALCALDIA_N": "TLAHUAC", "EN_OPERATI": null, "EN_OP": "NO", "SEC_N": "3712", "EST": null, "ALC_N": "TLAHUAC", "OP": "NO", "NOMBRE": "LA ASUNCION" }, "geometry": { "type": "MultiPolygon", "coordinates": [ [ [ [ -99.002904862943637, 19.251551125975634 ], [ -99.002386557502462, 19.251595310806518 ], [ -99.00216026422018, 19.251614601531809 ], [ -99.001822799297884, 19.251608740264555 ], [ -99.001591490371041, 19.25160874959613 ], [ -99.001445040546798, 19.251608750811378 ], [ -99.001409411914935, 19.251608751089297 ], [ -99.0012273334588, 19.251608752401271 ], [ -99.001071265925617, 19.251564834868336 ], [ -99.000795935467522, 19.251379610983427 ], [ -99.000648715769316, 19.25128101334564 ], [ -99.000451750721368, 19.25114909931948 ], [ -99.000431044932554, 19.251135231941269 ], [ -99.000231550471739, 19.251003587292853 ], [ -98.999910270808968, 19.250791576753066 ], [ -98.999818940767497, 19.250731308398269 ], [ -98.999696629569897, 19.250650595552788 ], [ -98.999626201373488, 19.250604120093438 ], [ -98.999458574896892, 19.250516282637996 ], [ -98.998999048228072, 19.250247279772456 ], [ -98.998707148433724, 19.250074348770195 ], [ -98.998402829614449, 19.249768558286764 ], [ -98.99826939284803, 19.249603124316874 ], [ -98.997970183513431, 19.249061471145275 ], [ -98.997953806085462, 19.249021380265813 ], [ -98.997821829996383, 19.248698310604901 ], [ -98.997704917254225, 19.248412113981132 ], [ -98.997689854423811, 19.248375240837373 ], [ -98.997564850610814, 19.247854349868341 ], [ -98.997510680870917, 19.247628623471041 ], [ -98.997077204722444, 19.245734630165028 ], [ -98.997008381313719, 19.245485304269518 ], [ -98.9969529416813, 19.245284463079354 ], [ -98.996860465209423, 19.245059378978578 ], [ -98.996840896657886, 19.244977062602857 ], [ -98.996739094471494, 19.244548823762219 ], [ -98.996692857297973, 19.244399225380814 ], [ -98.99664662020821, 19.244249626985297 ], [ -98.996592206882511, 19.243797062820995 ], [ -98.996519479007347, 19.243346549415982 ], [ -98.99642850628878, 19.242860150148314 ], [ -98.996418341101361, 19.242805800268545 ], [ -98.996412277652396, 19.242774885757765 ], [ -98.996377726221937, 19.24259872497009 ], [ -98.996661766661887, 19.242511856376556 ], [ -98.996738128844726, 19.242654654706143 ], [ -98.996814491159611, 19.242797453001568 ], [ -98.996929033720306, 19.243073982381002 ], [ -98.997304307557428, 19.243168582722369 ], [ -98.997711061583942, 19.243278462280106 ], [ -98.998403228649281, 19.243559353857751 ], [ -98.997900286632543, 19.244472499409028 ], [ -98.999040999325771, 19.245005164115863 ], [ -98.999787819318101, 19.245343644297058 ], [ -99.00095822206471, 19.245874095350892 ], [ -99.001029013003873, 19.245906178937723 ], [ -99.001965857429099, 19.246330768064688 ], [ -99.00238545317869, 19.2465209316202 ], [ -99.002545632931358, 19.246593163697327 ], [ -99.002633377986257, 19.246629915111317 ], [ -99.003052202268833, 19.246805335980302 ], [ -99.004502555130642, 19.247412793212821 ], [ -99.004739994061154, 19.247516510138155 ], [ -99.004036012881727, 19.248745033389984 ], [ -99.003391690880491, 19.250304478672312 ], [ -99.003114634317086, 19.251030749281476 ], [ -99.002904862943637, 19.251551125975634 ] ] ] ] } },
{ "type": "Feature", "properties": { "id": 2350.0, "entidad": 9, "distrito_f": 9, "distrito_l": 7, "municipio": 11, "seccion": 3714, "tipo": 2, "control": 36293.0, "SECCION_TX": "3714", "SECCION__1": null, "SECCION__2": null, "SECCION_N": "3714", "ESTATUS": null, "ALCALDIA_N": "TLAHUAC", "EN_OPERATI": null, "EN_OP": "NO", "SEC_N": "3714", "EST": null, "ALC_N": "TLAHUAC", "OP": "NO", "NOMBRE": "LA ASUNCION" }, "geometry": { "type": "MultiPolygon", "coordinates": [ [ [ [ -98.996114784159204, 19.247439200487875 ], [ -98.995583015246112, 19.247351351359423 ], [ -98.995730431290156, 19.246462004512182 ], [ -98.995361703893067, 19.246397355866645 ], [ -98.994936374145979, 19.246322782195449 ], [ -98.994681351205259, 19.246278068152929 ], [ -98.994523146732718, 19.247174330985636 ], [ -98.994428377694064, 19.24771121348164 ], [ -98.994172602270865, 19.249160206297663 ], [ -98.987126764731713, 19.247004742304711 ], [ -98.987895806731032, 19.242574862685437 ], [ -98.988719759250301, 19.23804581312595 ], [ -98.991894962799279, 19.239059081073105 ], [ -98.992385846018962, 19.239215725227091 ], [ -98.993125638230694, 19.239451794870618 ], [ -98.993022250007911, 19.240028136913033 ], [ -98.99286374742158, 19.240911708315341 ], [ -98.993542878086004, 19.241087407785852 ], [ -98.993499512412271, 19.241504632593909 ], [ -98.994386720355578, 19.241768173314856 ], [ -98.994285553924968, 19.242281468342462 ], [ -98.995034202450057, 19.242465521950923 ], [ -98.995566739036704, 19.242596442794746 ], [ -98.996334230609946, 19.242785122782866 ], [ -98.996418341101361, 19.242805800268545 ], [ -98.99642850628878, 19.242860150148314 ], [ -98.996519479007347, 19.243346549415982 ], [ -98.996592206882511, 19.243797062820995 ], [ -98.99664662020821, 19.244249626985297 ], [ -98.996692857297973, 19.244399225380814 ], [ -98.996739094471494, 19.244548823762219 ], [ -98.996840896657886, 19.244977062602857 ], [ -98.996860465209423, 19.245059378978578 ], [ -98.9969529416813, 19.245284463079354 ], [ -98.99691905818932, 19.245276312456529 ], [ -98.99650788032703, 19.245177403678401 ], [ -98.996253712573719, 19.24663984139378 ], [ -98.996114784159204, 19.247439200487875 ] ] ] ] } },
{ "type": "Feature", "properties": { "id": 2351.0, "entidad": 9, "distrito_f": 9, "distrito_l": 7, "municipio": 11, "seccion": 3715, "tipo": 2, "control": 36300.0, "SECCION_TX": "3715", "SECCION__1": null, "SECCION__2": null, "SECCION_N": "3715", "ESTATUS": null, "ALCALDIA_N": "TLAHUAC", "EN_OPERATI": null, "EN_OP": "NO", "SEC_N": "3715", "EST": null, "ALC_N": "TLAHUAC", "OP": "NO", "NOMBRE": "LA ASUNCION" }, "geometry": { "type": "MultiPolygon", "coordinates": [ [ [ [ -99.004739994061154, 19.247516510138155 ], [ -99.004502555130642, 19.247412793212821 ], [ -99.003052202268833, 19.246805335980302 ], [ -99.002633377986257, 19.246629915111317 ], [ -99.002545632931358, 19.246593163697327 ], [ -99.00238545317869, 19.2465209316202 ], [ -99.001965857429099, 19.246330768064777 ], [ -99.001029013003873, 19.245906178937723 ], [ -99.00095822206471, 19.245874095350892 ], [ -98.999787819318101, 19.245343644297058 ], [ -98.999040999325771, 19.245005164115863 ], [ -98.997900286632543, 19.244472499409028 ], [ -98.998403228649281, 19.243559353857751 ], [ -98.997711061583942, 19.243278462280106 ], [ -98.997304307557428, 19.243168582722369 ], [ -98.996929033720306, 19.243073982381002 ], [ -98.996814491159611, 19.242797453001568 ], [ -98.996738128844726, 19.242654654706143 ], [ -98.996661766661887, 19.242511856376556 ], [ -98.996377726221937, 19.24259872497009 ], [ -98.996347544572529, 19.242444843236051 ], [ -98.996431354702395, 19.242403671241849 ], [ -98.996440025272548, 19.242373477402502 ], [ -98.9963988639538, 19.242221093816845 ], [ -98.996285246097742, 19.242024980857995 ], [ -98.996129246605634, 19.24181753401588 ], [ -98.995996645989479, 19.241697139781024 ], [ -98.99592644604256, 19.241621199051576 ], [ -98.996016802989132, 19.24150651913347 ], [ -98.995814374428861, 19.241260403159373 ], [ -98.99567566034753, 19.241120409515389 ], [ -98.995539836820171, 19.240966691283319 ], [ -98.995464702998618, 19.240791015179191 ], [ -98.995447372031492, 19.240475350058006 ], [ -98.995982007067028, 19.240629077554715 ], [ -98.996531675925908, 19.240853020180694 ], [ -98.996923106095466, 19.241012492816335 ], [ -98.997069678397651, 19.240672072877821 ], [ -98.997202305228342, 19.240364040523691 ], [ -98.997295395990889, 19.240164783266277 ], [ -98.997364603504536, 19.23999478785661 ], [ -98.997421878118047, 19.239883724343358 ], [ -98.997713018325342, 19.23964799983602 ], [ -98.997954044389289, 19.23938960811547 ], [ -98.998042340588285, 19.239319343888862 ], [ -98.998221313895243, 19.239663871813438 ], [ -98.998272619763412, 19.239757936993716 ], [ -98.99832392569003, 19.239852002158752 ], [ -98.998426473612568, 19.239954989633823 ], [ -98.998645617514782, 19.240175072228418 ], [ -98.998698582489851, 19.240228263948179 ], [ -98.998854692880911, 19.240442443993846 ], [ -98.998891876953053, 19.24049345962608 ], [ -98.99915291971466, 19.240867478786999 ], [ -98.999173467443114, 19.240896919255061 ], [ -98.999462218372301, 19.241332111114939 ], [ -98.999531423263747, 19.241472641657982 ], [ -98.99960778766841, 19.241522507446092 ], [ -98.999653034194566, 19.241540835379809 ], [ -98.999681085035633, 19.241552197878768 ], [ -99.000389667975412, 19.242303059423357 ], [ -99.000535053740208, 19.242468764233788 ], [ -99.00055035166919, 19.2424862001678 ], [ -99.000858263944707, 19.242837144527197 ], [ -99.001085503783344, 19.243103442524781 ], [ -99.001098100125915, 19.243118203902817 ], [ -99.00133793712358, 19.243399262955514 ], [ -99.001512147322714, 19.243573791191146 ], [ -99.001565546869585, 19.243625793052733 ], [ -99.001586077691982, 19.243645786486368 ], [ -99.001700676528927, 19.243757385597224 ], [ -99.001721739239841, 19.243775462310943 ], [ -99.001742801955388, 19.243793539022203 ], [ -99.00178492740028, 19.243829692437441 ], [ -99.001898751706051, 19.243927379998734 ], [ -99.00199225295151, 19.244083770639559 ], [ -99.002115387083677, 19.244289724862796 ], [ -99.002191668394147, 19.244417312726778 ], [ -99.002267949822524, 19.244544900557091 ], [ -99.002401778912443, 19.244711954425139 ], [ -99.002547944247141, 19.2448548203208 ], [ -99.002592958582099, 19.24489881845842 ], [ -99.002654350960981, 19.244958824849945 ], [ -99.003029942892482, 19.245282802211943 ], [ -99.003419016064939, 19.245765043597931 ], [ -99.004624242638272, 19.247259252058104 ], [ -99.004739994061154, 19.247516510138155 ] ] ] ] } },
{ "type": "Feature", "properties": { "id": 2361.0, "entidad": 9, "distrito_f": 9, "distrito_l": 7, "municipio": 11, "seccion": 3719, "tipo": 2, "control": 36294.0, "SECCION_TX": "3719", "SECCION__1": null, "SECCION__2": null, "SECCION_N": "3719", "ESTATUS": "COMPLETA", "ALCALDIA_N": "TLAHUAC", "EN_OPERATI": null, "EN_OP": "SI", "SEC_N": "3719", "EST": "COMPLETA", "ALC_N": "TLAHUAC", "OP": "SI", "NOMBRE": "LA ASUNCION" }, "geometry": { "type": "MultiPolygon", "coordinates": [ [ [ [ -98.996418341101361, 19.242805800268545 ], [ -98.996334230609946, 19.242785122782866 ], [ -98.995566739036704, 19.242596442794746 ], [ -98.995034202450057, 19.242465521950923 ], [ -98.994285553924968, 19.242281468342462 ], [ -98.994386720355578, 19.241768173314856 ], [ -98.993499512412271, 19.241504632593909 ], [ -98.993542878086004, 19.241087407785852 ], [ -98.99286374742158, 19.240911708315341 ], [ -98.993022250007911, 19.240028136913033 ], [ -98.993125638230694, 19.239451794870618 ], [ -98.992385846018962, 19.239215725227091 ], [ -98.991894962799279, 19.239059081073105 ], [ -98.988719759250301, 19.23804581312595 ], [ -98.989546562065684, 19.233426175646883 ], [ -98.989643348775772, 19.233300387585437 ], [ -98.989758160670007, 19.233151172922874 ], [ -98.990075408609925, 19.233256020496583 ], [ -98.991427901901957, 19.232084011068309 ], [ -98.991440901697288, 19.232100235962701 ], [ -98.991711750428493, 19.23243827819606 ], [ -98.992174735729662, 19.233016119037966 ], [ -98.992480391667158, 19.233414514046711 ], [ -98.992947544154788, 19.234023071176697 ], [ -98.993585673474783, 19.234827641711245 ], [ -98.993861481710169, 19.235134665120942 ], [ -98.99418474694717, 19.235445944996378 ], [ -98.994529901445972, 19.235778300632514 ], [ -98.994667235797323, 19.235910541857539 ], [ -98.994647193631437, 19.236006976463887 ], [ -98.994668012291527, 19.236082488316224 ], [ -98.994749401662816, 19.236152608252233 ], [ -98.994848462186525, 19.236183010181929 ], [ -98.994856321124757, 19.236210280393411 ], [ -98.994972140750534, 19.236612168920036 ], [ -98.995060062583306, 19.236915007709772 ], [ -98.995121438559167, 19.237111780894697 ], [ -98.995288490674781, 19.238186090474755 ], [ -98.995794222277979, 19.238216296813015 ], [ -98.996022523568868, 19.238249240848226 ], [ -98.996510913775268, 19.238389241270976 ], [ -98.996506150241942, 19.238428258558969 ], [ -98.99648779052518, 19.238578639688182 ], [ -98.996510907164947, 19.238702161123246 ], [ -98.996534021362365, 19.238943713721728 ], [ -98.996541426088399, 19.239117284446948 ], [ -98.996542686848002, 19.239146837287485 ], [ -98.996528371549502, 19.239271453466372 ], [ -98.996525344175382, 19.239297807052157 ], [ -98.996484401718448, 19.239391840120717 ], [ -98.996366390613673, 19.239662877090066 ], [ -98.996257581896998, 19.239936383877868 ], [ -98.996248888759155, 19.239958235322202 ], [ -98.996174199402674, 19.240145977436107 ], [ -98.996167376671877, 19.240163127298523 ], [ -98.995982007067028, 19.240629077554715 ], [ -98.995447372031492, 19.240475350058006 ], [ -98.995464702998618, 19.240791015179191 ], [ -98.995539836820171, 19.240966691283319 ], [ -98.99567566034753, 19.241120409515389 ], [ -98.995814374428861, 19.241260403159373 ], [ -98.996016802989132, 19.24150651913347 ], [ -98.99592644604256, 19.241621199051576 ], [ -98.995996645989479, 19.241697139781024 ], [ -98.996129246605634, 19.24181753401588 ], [ -98.996285246097742, 19.242024980857995 ], [ -98.9963988639538, 19.242221093816845 ], [ -98.996440025272548, 19.242373477402502 ], [ -98.996431354702395, 19.242403671241849 ], [ -98.996347544572529, 19.242444843236051 ], [ -98.996377726221937, 19.24259872497009 ], [ -98.996412277652396, 19.242774885757765 ], [ -98.996418341101361, 19.242805800268545 ] ] ] ] } },
{ "type": "Feature", "properties": { "id": 2399.0, "entidad": 9, "distrito_f": 9, "distrito_l": 8, "municipio": 11, "seccion": 5604, "tipo": 2, "control": 27360.0, "SECCION_TX": "5604", "SECCION__1": null, "SECCION__2": null, "SECCION_N": "5604", "ESTATUS": null, "ALCALDIA_N": "TLAHUAC", "EN_OPERATI": null, "EN_OP": "NO", "SEC_N": "5604", "EST": null, "ALC_N": "TLAHUAC", "OP": "NO", "NOMBRE": "SANTA CRUZ 443" }, "geometry": { "type": "MultiPolygon", "coordinates": [ [ [ [ -99.050100424, 19.307324515 ], [ -99.049791647, 19.307111899000034 ], [ -99.049769268, 19.307098827999962 ], [ -99.049496347, 19.306900060999986 ], [ -99.049468077, 19.306882413 ], [ -99.049481796, 19.306862939999952 ], [ -99.049195015, 19.306655513 ], [ -99.049204553, 19.30662705 ], [ -99.048875723, 19.306405232999975 ], [ -99.048568099, 19.306174721 ], [ -99.048552079, 19.306194373999961 ], [ -99.048491976, 19.306158482999983 ], [ -99.048146503, 19.305906635000046 ], [ -99.047782639, 19.305637675000025 ], [ -99.04742274100002, 19.305367344000036 ], [ -99.047238105, 19.305229784 ], [ -99.047001492027661, 19.305059703637568 ], [ -99.047133660698265, 19.304896438804764 ], [ -99.047602801382979, 19.304316917006808 ], [ -99.047861271168784, 19.303997631246396 ], [ -99.048133176579029, 19.303661746820168 ], [ -99.048151413698392, 19.303640729844268 ], [ -99.048453713148277, 19.303271639281974 ], [ -99.049140076256549, 19.30377161092234 ], [ -99.049966614448465, 19.304385273371739 ], [ -99.049999022040666, 19.304395519880181 ], [ -99.050026733445719, 19.304409834325835 ], [ -99.050414851599498, 19.304693488842673 ], [ -99.050589147780499, 19.304816037931495 ], [ -99.050786347912066, 19.30495469055451 ], [ -99.05082824954961, 19.304901665429643 ], [ -99.051297270346566, 19.305267169531291 ], [ -99.051621342554824, 19.305506263944554 ], [ -99.051592088, 19.305541212000016 ], [ -99.051350859, 19.305829388999978 ], [ -99.05130432, 19.305884987 ], [ -99.051142473, 19.306078334 ], [ -99.051004252, 19.306243458000043 ], [ -99.050702588, 19.306601335999957 ], [ -99.050402510000012, 19.306961702999974 ], [ -99.050100424, 19.307324515 ] ] ] ] } },
{ "type": "Feature", "properties": { "id": 2294.0, "entidad": 9, "distrito_f": 9, "distrito_l": 8, "municipio": 11, "seccion": 3652, "tipo": 2, "control": 36478.0, "SECCION_TX": "3652", "SECCION__1": null, "SECCION__2": null, "SECCION_N": "3652", "ESTATUS": null, "ALCALDIA_N": "TLAHUAC", "EN_OPERATI": null, "EN_OP": "NO", "SEC_N": "3652", "EST": null, "ALC_N": "TLAHUAC", "OP": "NO", "NOMBRE": "LA TURBA" }, "geometry": { "type": "MultiPolygon", "coordinates": [ [ [ [ -99.055622040195459, 19.300491719878561 ], [ -99.055591547350218, 19.299753341388076 ], [ -99.055435982624402, 19.299671345595659 ], [ -99.054891650153095, 19.299279583125738 ], [ -99.054671399824997, 19.299121065381595 ], [ -99.054409400711194, 19.29893249960903 ], [ -99.053950156529581, 19.29861683551718 ], [ -99.053582522800625, 19.298333034887332 ], [ -99.053310092946461, 19.298122727267554 ], [ -99.053962385775719, 19.297322736835557 ], [ -99.054614672269523, 19.296522744018702 ], [ -99.054868270683599, 19.296701141736133 ], [ -99.055255286759746, 19.2969733927339 ], [ -99.055418595158272, 19.297088273422787 ], [ -99.0554536040312, 19.297112900673529 ], [ -99.055489910326315, 19.297569427184268 ], [ -99.056104179219133, 19.296807278833594 ], [ -99.056877668642656, 19.297392201584078 ], [ -99.057651095389517, 19.297965450966512 ], [ -99.057546053633615, 19.298071702810308 ], [ -99.056661776233909, 19.299212104455982 ], [ -99.056425450969357, 19.299516876124464 ], [ -99.056308041555411, 19.299659339478531 ], [ -99.055622040195459, 19.300491719878561 ] ] ] ] } },
{ "type": "Feature", "properties": { "id": 2297.0, "entidad": 9, "distrito_f": 9, "distrito_l": 8, "municipio": 11, "seccion": 3655, "tipo": 2, "control": 36485.0, "SECCION_TX": "3655", "SECCION__1": null, "SECCION__2": null, "SECCION_N": "3655", "ESTATUS": null, "ALCALDIA_N": "TLAHUAC", "EN_OPERATI": null, "EN_OP": "NO", "SEC_N": "3655", "EST": null, "ALC_N": "TLAHUAC", "OP": "NO", "NOMBRE": "LA TURBA" }, "geometry": { "type": "MultiPolygon", "coordinates": [ [ [ [ -99.055489910326315, 19.297569427184268 ], [ -99.0554536040312, 19.297112900673529 ], [ -99.05543721353034, 19.296339127586648 ], [ -99.055431222652189, 19.296056304487976 ], [ -99.055422655749297, 19.295651868138307 ], [ -99.055421966691, 19.295619338177932 ], [ -99.05541503105583, 19.295291910915044 ], [ -99.055869141997761, 19.29471301914937 ], [ -99.055791066805199, 19.29465750738035 ], [ -99.055608823778826, 19.294527931594445 ], [ -99.055787766807228, 19.294309686072257 ], [ -99.055776144151793, 19.294090386059516 ], [ -99.056239430717227, 19.293520380935092 ], [ -99.056872241275741, 19.29274179346767 ], [ -99.05740530516178, 19.292085923286312 ], [ -99.057945895336488, 19.291420785965748 ], [ -99.058324506344931, 19.291706333798444 ], [ -99.058727902523941, 19.29201057260212 ], [ -99.059118908216917, 19.292305464644919 ], [ -99.05950991530942, 19.29260035583739 ], [ -99.058971191857623, 19.293261945893146 ], [ -99.05845360343352, 19.293897574122518 ], [ -99.058350657024477, 19.294023997924647 ], [ -99.057998695467035, 19.294456221871783 ], [ -99.057974309804564, 19.294486168438844 ], [ -99.05773553522485, 19.294782527966721 ], [ -99.05749675978619, 19.295078887175119 ], [ -99.057262010760937, 19.295370247597745 ], [ -99.05714641654923, 19.295513717683797 ], [ -99.057126883236677, 19.295537961478423 ], [ -99.057039546414373, 19.295646359568071 ], [ -99.056806889998995, 19.295935120153612 ], [ -99.05658041320676, 19.296216209660681 ], [ -99.056495868645783, 19.296321141015348 ], [ -99.056352825353713, 19.296498676894409 ], [ -99.056104179219133, 19.296807278833594 ], [ -99.055489910326315, 19.297569427184268 ] ] ] ] } },
{ "type": "Feature", "properties": { "id": 2385.0, "entidad": 9, "distrito_f": 9, "distrito_l": 7, "municipio": 11, "seccion": 5551, "tipo": 2, "control": 37833.0, "SECCION_TX": "5551", "SECCION__1": null, "SECCION__2": null, "SECCION_N": "5551", "ESTATUS": "COMPLETA", "ALCALDIA_N": "TLAHUAC", "EN_OPERATI": null, "EN_OP": "SI", "SEC_N": "5551", "EST": "COMPLETA", "ALC_N": "TLAHUAC", "OP": "SI", "NOMBRE": "LA LOMA" }, "geometry": { "type": "MultiPolygon", "coordinates": [ [ [ [ -99.004436563880375, 19.255888229849685 ], [ -99.004288012347502, 19.256129260686464 ], [ -99.003985316125465, 19.256620394909216 ], [ -99.003443250535184, 19.256459757392658 ], [ -99.003227565416893, 19.256395840014275 ], [ -99.002979409595767, 19.25632229970298 ], [ -99.002267385271068, 19.256111290970406 ], [ -99.001679909504688, 19.255937189762999 ], [ -99.001174004985472, 19.255787260769594 ], [ -99.000967864069565, 19.255726132448004 ], [ -99.000735126251442, 19.255655612300465 ], [ -98.999608947700906, 19.255314372309403 ], [ -99.001236758263715, 19.252589697488759 ], [ -99.001822799297869, 19.251608739855069 ], [ -99.00216026422018, 19.251614601122412 ], [ -99.002386557502462, 19.251595310397121 ], [ -99.002904862943623, 19.251551125566237 ], [ -99.003738017164352, 19.251303657760339 ], [ -99.004111292010663, 19.251192794098618 ], [ -99.004743225605878, 19.251000112454371 ], [ -99.005056901370594, 19.250911941423208 ], [ -99.005336132483663, 19.250873590996328 ], [ -99.005497811078783, 19.250851385376915 ], [ -99.006097282257571, 19.25076905018015 ], [ -99.006448262110553, 19.250935707602398 ], [ -99.006966622709271, 19.251496902488967 ], [ -99.007043445900223, 19.251574185755839 ], [ -99.006893244963891, 19.251886017449312 ], [ -99.006649773197879, 19.252249981561107 ], [ -99.005671631769829, 19.253826001140844 ], [ -99.005293161230412, 19.254435798069675 ], [ -99.005217448246654, 19.254564176907483 ], [ -99.004784135482069, 19.255298896994198 ], [ -99.004436563880375, 19.255888229849685 ] ] ] ] } },
{ "type": "Feature", "properties": { "id": 2263.0, "entidad": 9, "distrito_f": 9, "distrito_l": 8, "municipio": 11, "seccion": 3633, "tipo": 2, "control": 35814.0, "SECCION_TX": "3633", "SECCION__1": null, "SECCION__2": null, "SECCION_N": "3633", "ESTATUS": "COMPLETA", "ALCALDIA_N": "TLAHUAC", "EN_OPERATI": null, "EN_OP": "SI", "SEC_N": "3633", "EST": "COMPLETA", "ALC_N": "TLAHUAC", "OP": "SI", "NOMBRE": "SANTA CRUZ 127" }, "geometry": { "type": "MultiPolygon", "coordinates": [ [ [ [ -99.051621342554824, 19.305506263944554 ], [ -99.051297270346566, 19.30526716953138 ], [ -99.05082824954961, 19.304901665429643 ], [ -99.050786347912066, 19.30495469055451 ], [ -99.050589147780485, 19.304816037931495 ], [ -99.050414851599498, 19.304693488842673 ], [ -99.050026733445719, 19.304409834325835 ], [ -99.049999022040666, 19.304395519880181 ], [ -99.050018657188048, 19.304372157854367 ], [ -99.050567122886449, 19.303719586254459 ], [ -99.050677628641836, 19.303588104243804 ], [ -99.050809081287312, 19.303426337463737 ], [ -99.050840519564531, 19.303387649182142 ], [ -99.050985078534254, 19.303209753056326 ], [ -99.051172200690758, 19.302979477381054 ], [ -99.051311733410287, 19.30280776552096 ], [ -99.051440140512739, 19.302649744663192 ], [ -99.051628107910787, 19.302420628934602 ], [ -99.052163618502831, 19.301716445829076 ], [ -99.052204320217726, 19.301656515139008 ], [ -99.052334453125411, 19.301464902341927 ], [ -99.051851291232794, 19.301254990810115 ], [ -99.051409736266436, 19.301063153974233 ], [ -99.051788407192518, 19.300580258480476 ], [ -99.05217020699267, 19.300093369245609 ], [ -99.052346900336488, 19.299868040251869 ], [ -99.052696722751833, 19.299421925282857 ], [ -99.053102918051223, 19.299643323954967 ], [ -99.05357935209129, 19.29997728388496 ], [ -99.053922110339954, 19.300216156038928 ], [ -99.054261621698018, 19.300452750946686 ], [ -99.054624076813568, 19.300705333189342 ], [ -99.054894872147429, 19.300360468666362 ], [ -99.055435982624402, 19.299671345595659 ], [ -99.055591547350218, 19.299753341388076 ], [ -99.055622040195459, 19.300491719878561 ], [ -99.054172254057917, 19.302297734732218 ], [ -99.054039885103464, 19.302468100803594 ], [ -99.05314216281846, 19.303622405893069 ], [ -99.053052051413914, 19.303734620102603 ], [ -99.052976455426133, 19.303828758355767 ], [ -99.052843837369068, 19.303993904775339 ], [ -99.052768941380251, 19.304087093419106 ], [ -99.052392365376946, 19.304555642565202 ], [ -99.052092031706579, 19.304929130720378 ], [ -99.051981252842523, 19.305064911091712 ], [ -99.051845919017893, 19.305230932154053 ], [ -99.051621342554824, 19.305506263944554 ] ] ] ] } },
{ "type": "Feature", "properties": { "id": 5572.0, "entidad": 9, "distrito_f": 9, "distrito_l": 8, "municipio": 11, "seccion": 5632, "tipo": 2, "control": 105583.0, "SECCION_TX": "5632", "SECCION__1": null, "SECCION__2": null, "SECCION_N": "5632", "ESTATUS": null, "ALCALDIA_N": "TLAHUAC", "EN_OPERATI": null, "EN_OP": "NO", "SEC_N": "5632", "EST": null, "ALC_N": "TLAHUAC", "OP": "NO", "NOMBRE": "VILLAS LA DRAGA" }, "geometry": { "type": "MultiPolygon", "coordinates": [ [ [ [ -99.043840636, 19.286082406999984 ], [ -99.04386725800002, 19.286089045999979 ], [ -99.044351382, 19.286201268000042 ], [ -99.044397698, 19.286530599999956 ], [ -99.044653084, 19.288303877999983 ], [ -99.044931215, 19.290134327999986 ], [ -99.04444838, 19.290199993000027 ], [ -99.043965544930828, 19.29026565670851 ], [ -99.043479127294191, 19.290331806166602 ], [ -99.042972892, 19.290400911000045 ], [ -99.04275341, 19.289011113999955 ], [ -99.042687909, 19.288596352 ], [ -99.043213521, 19.288529237999978 ], [ -99.042945929484759, 19.286709821267891 ], [ -99.042826492, 19.285829455999963 ], [ -99.043313969, 19.285951044000026 ], [ -99.043840636, 19.286082406999984 ] ] ] ] } },
{ "type": "Feature", "properties": { "id": 2402.0, "entidad": 9, "distrito_f": 9, "distrito_l": 7, "municipio": 11, "seccion": 5625, "tipo": 2, "control": 5589.0, "SECCION_TX": "5625", "SECCION__1": null, "SECCION__2": null, "SECCION_N": "5625", "ESTATUS": null, "ALCALDIA_N": "TLAHUAC", "EN_OPERATI": null, "EN_OP": "NO", "SEC_N": "5625", "EST": null, "ALC_N": "TLAHUAC", "OP": "NO", "NOMBRE": "GUADALUPE" }, "geometry": { "type": "MultiPolygon", "coordinates": [ [ [ [ -99.024053770756851, 19.269319867715151 ], [ -99.021003076461426, 19.268958551794526 ], [ -99.019816414727501, 19.268675909163235 ], [ -99.019447042496097, 19.26863170928468 ], [ -99.019359326905828, 19.269686246010895 ], [ -99.019475332373588, 19.269898396314034 ], [ -99.01944947706005, 19.270185943026078 ], [ -99.01936058552333, 19.270462807045995 ], [ -99.019326276396455, 19.27065361585802 ], [ -99.019346566731258, 19.270901606995444 ], [ -99.019375862147001, 19.271149597169639 ], [ -99.019526711417285, 19.271277853500923 ], [ -99.019341806615515, 19.271876699317051 ], [ -99.019115237332727, 19.272687063438418 ], [ -99.019424471318331, 19.272907992423018 ], [ -99.019630845945443, 19.273176589349475 ], [ -99.020250761583029, 19.273485128342507 ], [ -99.020346454167566, 19.273644989016404 ], [ -99.01997766714895, 19.274472251909074 ], [ -99.019662225675788, 19.275430344403098 ], [ -99.019435602335335, 19.275810215513221 ], [ -99.018039980945204, 19.27532077817364 ], [ -99.017533450520034, 19.276629188872768 ], [ -99.016915646051729, 19.276451985239355 ], [ -99.016271411371775, 19.278659375668109 ], [ -99.016185952873059, 19.279000314209053 ], [ -99.016018169637604, 19.279669684828903 ], [ -99.014373642029668, 19.279323739014032 ], [ -99.0139647372485, 19.279281565526766 ], [ -99.013418038102941, 19.27908324208099 ], [ -99.013209149992818, 19.279167667684678 ], [ -99.012369111860764, 19.278986244142711 ], [ -99.012315766936155, 19.278851191125185 ], [ -99.011740161325179, 19.278738783356513 ], [ -99.011743069422039, 19.278127761905846 ], [ -99.010172377536279, 19.278034636321951 ], [ -99.009885152785259, 19.277584661118414 ], [ -99.009809201861458, 19.277465673555326 ], [ -99.009783565829721, 19.277425511141121 ], [ -99.009764394089359, 19.277395475924486 ], [ -99.009081529716454, 19.27632566471576 ], [ -99.011688425560607, 19.276631070298635 ], [ -99.012271804127863, 19.274352326234791 ], [ -99.012811588325803, 19.272720942636401 ], [ -99.012833388584383, 19.272539680360111 ], [ -99.012740659204823, 19.272301458430423 ], [ -99.012642474139938, 19.272032163551835 ], [ -99.012527123572852, 19.271876302972998 ], [ -99.012500666801159, 19.271840554784941 ], [ -99.011486275892651, 19.271436668767684 ], [ -99.011208130764487, 19.271229530862165 ], [ -99.011148125682027, 19.270991306079825 ], [ -99.011044498799592, 19.270846303743959 ], [ -99.010651844612269, 19.270846327043518 ], [ -99.010062857324414, 19.270747961700174 ], [ -99.009342981175735, 19.270561560239202 ], [ -99.009242088424685, 19.270514955449965 ], [ -99.009141195730678, 19.27046835060478 ], [ -99.009446576413069, 19.270183496689047 ], [ -99.009601536167594, 19.270098508338386 ], [ -99.009833762850405, 19.269971142193778 ], [ -99.009996255811245, 19.269863248372381 ], [ -99.010310117964238, 19.26965484599668 ], [ -99.010424917313117, 19.269578619727628 ], [ -99.010449982582614, 19.269561976478514 ], [ -99.010624487521213, 19.269458388815185 ], [ -99.010645916458287, 19.269447964118324 ], [ -99.01107165864201, 19.269240849306765 ], [ -99.011619406523792, 19.268996748090029 ], [ -99.011646982385329, 19.268984458976924 ], [ -99.011769665470638, 19.26870479156528 ], [ -99.012091250199504, 19.268191650114868 ], [ -99.012266322668097, 19.267916825956025 ], [ -99.012522156556955, 19.267567977187934 ], [ -99.012748434929776, 19.2670681994862 ], [ -99.012824762063971, 19.266804071180982 ], [ -99.012683060217512, 19.266789888369569 ], [ -99.009843934680973, 19.266505699166128 ], [ -99.009334568398074, 19.266454708135512 ], [ -99.009160055182605, 19.26636667596593 ], [ -99.00938907836624, 19.266035215889978 ], [ -99.010588742237587, 19.264823291826463 ], [ -99.012960906700442, 19.2643829340237 ], [ -99.013358979135788, 19.262927631920828 ], [ -99.014360237574294, 19.263246404997282 ], [ -99.014990455470297, 19.263447045547252 ], [ -99.015180424177217, 19.263507524782614 ], [ -99.015545415246436, 19.263661372428079 ], [ -99.015978013318403, 19.26384371583066 ], [ -99.01643214430247, 19.264035133981466 ], [ -99.016817228312036, 19.264197447302191 ], [ -99.017081922079228, 19.264281488392271 ], [ -99.017156157706196, 19.264294613522122 ], [ -99.01749932335612, 19.264355286042537 ], [ -99.017649930364584, 19.264381913509876 ], [ -99.018092584257474, 19.264460174385494 ], [ -99.01913964193713, 19.264636149814923 ], [ -99.019394104180932, 19.264719770020481 ], [ -99.019565017858213, 19.264775934635562 ], [ -99.019596102931601, 19.264785505228929 ], [ -99.019676538532039, 19.264810270024945 ], [ -99.019899241108689, 19.264878836254951 ], [ -99.020170697464422, 19.264962412476468 ], [ -99.020310573510983, 19.265005477445865 ], [ -99.020715831433904, 19.265130247326603 ], [ -99.020785135928733, 19.265151584526645 ], [ -99.021369152447235, 19.26533138801036 ], [ -99.021548797416699, 19.265386695565343 ], [ -99.02177966985073, 19.26546855894756 ], [ -99.021825516771926, 19.265485185720788 ], [ -99.021970598403456, 19.265532574313447 ], [ -99.022079108769219, 19.265568017394301 ], [ -99.022259074743218, 19.265606837193236 ], [ -99.022455221567498, 19.2656685567285 ], [ -99.022632132775598, 19.265724223366668 ], [ -99.022881598975118, 19.26580271970354 ], [ -99.02345184096994, 19.265982148893549 ], [ -99.024029190565841, 19.266163812308172 ], [ -99.024710474216249, 19.266378175773415 ], [ -99.024685947175655, 19.266466220075785 ], [ -99.024661420108913, 19.26655426437404 ], [ -99.024574181335609, 19.266657853751802 ], [ -99.024481487520177, 19.266751086054171 ], [ -99.024268906503337, 19.267439905613973 ], [ -99.024503414991329, 19.267517557554548 ], [ -99.024493578262351, 19.26755698657708 ], [ -99.024053770756851, 19.269319867715151 ] ] ] ] } },
{ "type": "Feature", "properties": { "id": 2265.0, "entidad": 9, "distrito_f": 9, "distrito_l": 8, "municipio": 11, "seccion": 3635, "tipo": 2, "control": 36494.0, "SECCION_TX": "3635", "SECCION__1": null, "SECCION__2": null, "SECCION_N": "3635", "ESTATUS": null, "ALCALDIA_N": "TLAHUAC", "EN_OPERATI": null, "EN_OP": "NO", "SEC_N": "3635", "EST": null, "ALC_N": "TLAHUAC", "OP": "NO", "NOMBRE": "LUIS G URBINA" }, "geometry": { "type": "MultiPolygon", "coordinates": [ [ [ [ -99.048594137835948, 19.300110088390436 ], [ -99.046399551384866, 19.299877078485178 ], [ -99.046302393851121, 19.2998632571 ], [ -99.046609228086012, 19.299487114144782 ], [ -99.046950040816242, 19.299069314887394 ], [ -99.047116950222048, 19.298864701138623 ], [ -99.047181836879489, 19.298785156597145 ], [ -99.047329176549923, 19.298604532548865 ], [ -99.047621511263472, 19.298246157203327 ], [ -99.048016732186284, 19.298511785841562 ], [ -99.048208650816534, 19.29827250777058 ], [ -99.048955047701028, 19.297340187195481 ], [ -99.049522657487472, 19.296637472160239 ], [ -99.050100876611566, 19.295921614478093 ], [ -99.050502254982902, 19.296213276090512 ], [ -99.051076854746242, 19.295502565217998 ], [ -99.051476615831234, 19.295785779843779 ], [ -99.051876378290572, 19.296068993582477 ], [ -99.051368257417735, 19.296715912435619 ], [ -99.05133933930496, 19.296727934715197 ], [ -99.051310421187935, 19.296739956990098 ], [ -99.051274893539869, 19.296783648031298 ], [ -99.051044039708913, 19.297067545744888 ], [ -99.050933954774763, 19.297202924729696 ], [ -99.050720243329977, 19.297465739504077 ], [ -99.05068722754001, 19.297506341056994 ], [ -99.050558078744501, 19.297665163043924 ], [ -99.050110478936844, 19.298215600165417 ], [ -99.049847382497276, 19.298539188662389 ], [ -99.049678732252914, 19.298747525659756 ], [ -99.049217971503111, 19.299316709067242 ], [ -99.048594137835948, 19.300110088390436 ] ] ] ] } },
{ "type": "Feature", "properties": { "id": 2270.0, "entidad": 9, "distrito_f": 9, "distrito_l": 8, "municipio": 11, "seccion": 3651, "tipo": 2, "control": 36487.0, "SECCION_TX": "3651", "SECCION__1": null, "SECCION__2": null, "SECCION_N": "3651", "ESTATUS": null, "ALCALDIA_N": "TLAHUAC", "EN_OPERATI": null, "EN_OP": "NO", "SEC_N": "3651", "EST": null, "ALC_N": "TLAHUAC", "OP": "NO", "NOMBRE": "LUIS G URBINA" }, "geometry": { "type": "MultiPolygon", "coordinates": [ [ [ [ -99.053310092946461, 19.298122727267554 ], [ -99.053201515147961, 19.298048138602375 ], [ -99.052929215673885, 19.297861079018496 ], [ -99.05251824269655, 19.297560230049505 ], [ -99.052125968667667, 19.29727222479406 ], [ -99.051752704625997, 19.296998174829064 ], [ -99.051416945474074, 19.296751659464196 ], [ -99.051368257417735, 19.296715912435619 ], [ -99.051876378290572, 19.296068993582477 ], [ -99.051995248183474, 19.295917652321265 ], [ -99.052015224757639, 19.295893192333846 ], [ -99.052671028702946, 19.295090198712511 ], [ -99.053061635306719, 19.294607128541674 ], [ -99.053317889899176, 19.294290211901881 ], [ -99.053700072292131, 19.294569825616868 ], [ -99.054091724281506, 19.294856365687007 ], [ -99.054734957907655, 19.294042644470188 ], [ -99.055137896099481, 19.294325148806511 ], [ -99.055385842709327, 19.294498985934435 ], [ -99.055397240532656, 19.294808617952036 ], [ -99.05541503105583, 19.295291910915044 ], [ -99.055421966691, 19.295619338177932 ], [ -99.055422655749297, 19.295651868138307 ], [ -99.055431222652189, 19.296056304487976 ], [ -99.05543721353034, 19.296339127586648 ], [ -99.0554536040312, 19.297112900673529 ], [ -99.055418595158272, 19.297088273422787 ], [ -99.055255286759746, 19.2969733927339 ], [ -99.054868270683599, 19.296701141736133 ], [ -99.054614672269523, 19.296522744018702 ], [ -99.053962385775719, 19.297322736835557 ], [ -99.053310092946461, 19.298122727267554 ] ] ] ] } },
{ "type": "Feature", "properties": { "id": 2371.0, "entidad": 9, "distrito_f": 9, "distrito_l": 8, "municipio": 11, "seccion": 3739, "tipo": 2, "control": 36035.0, "SECCION_TX": "3739", "SECCION__1": null, "SECCION__2": null, "SECCION_N": "3739", "ESTATUS": null, "ALCALDIA_N": "TLAHUAC", "EN_OPERATI": null, "EN_OP": "NO", "SEC_N": "3739", "EST": null, "ALC_N": "TLAHUAC", "OP": "NO", "NOMBRE": "VILLAS DE LOS TRABAJADORES DEL GOBIERNO DEL DF" }, "geometry": { "type": "MultiPolygon", "coordinates": [ [ [ [ -99.055631657090146, 19.282072837276012 ], [ -99.055585484490663, 19.282039454702733 ], [ -99.054714528363178, 19.281409752750658 ], [ -99.054126928702374, 19.280977189051839 ], [ -99.054052604487012, 19.280922474703004 ], [ -99.055175337860405, 19.279455103684956 ], [ -99.056347737097568, 19.279483973763767 ], [ -99.056896454716124, 19.279533426520164 ], [ -99.057567180547949, 19.27966240503924 ], [ -99.056407361724155, 19.281098828777225 ], [ -99.055631657090146, 19.282072837276012 ] ] ] ] } },
{ "type": "Feature", "properties": { "id": 2262.0, "entidad": 9, "distrito_f": 9, "distrito_l": 8, "municipio": 11, "seccion": 3617, "tipo": 3, "control": 36249.0, "SECCION_TX": "3617", "SECCION__1": null, "SECCION__2": null, "SECCION_N": "3617", "ESTATUS": null, "ALCALDIA_N": "TLAHUAC", "EN_OPERATI": null, "EN_OP": "NO", "SEC_N": "3617", "EST": null, "ALC_N": "TLAHUAC", "OP": "NO", "NOMBRE": "POTRERO DE LA LUNA" }, "geometry": { "type": "MultiPolygon", "coordinates": [ [ [ [ -99.008830283296689, 19.323192365007259 ], [ -99.008798645170643, 19.323139434185872 ], [ -99.008766461331859, 19.323005031974319 ], [ -99.008837238455783, 19.322791204389436 ], [ -99.008927328631302, 19.32271177959532 ], [ -99.008922291636935, 19.322685965373463 ], [ -99.008895143118352, 19.322546831089273 ], [ -99.008753543829371, 19.322125298836362 ], [ -99.008560470041218, 19.321838172657081 ], [ -99.008611944306864, 19.321685438665348 ], [ -99.008747072453787, 19.321447170983383 ], [ -99.009043051432442, 19.32065906159513 ], [ -99.009004432313873, 19.320518550444216 ], [ -99.008689097891221, 19.32036583414596 ], [ -99.008238622909786, 19.320182577133981 ], [ -99.007987644342208, 19.320078730810479 ], [ -99.007807454856319, 19.320005427444265 ], [ -99.007768838679411, 19.319901571605303 ], [ -99.007762395395844, 19.319730512485769 ], [ -99.007839586054885, 19.319064599371334 ], [ -99.007942526422838, 19.318600290799793 ], [ -99.008096950626353, 19.318203181785808 ], [ -99.008119465776588, 19.318044339890051 ], [ -99.00814198088338, 19.317885497988865 ], [ -99.008058304451751, 19.317482290181548 ], [ -99.007923158545779, 19.317305127395667 ], [ -99.007588520070257, 19.3170241153923 ], [ -99.007572441892108, 19.317004401057659 ], [ -99.007450158610169, 19.316871389444838 ], [ -99.007372927408241, 19.316645349735726 ], [ -99.007385240313198, 19.316557118325939 ], [ -99.007408308926983, 19.316391813751967 ], [ -99.007479079000447, 19.31604663730867 ], [ -99.007498371078142, 19.315759500982306 ], [ -99.007662441395226, 19.31525853427576 ], [ -99.007691383011291, 19.314916414092938 ], [ -99.007787902990344, 19.314806443185873 ], [ -99.007890860921918, 19.314760619256759 ], [ -99.007955207882361, 19.31469646915421 ], [ -99.007948764315742, 19.314519300675926 ], [ -99.00798414953239, 19.314369622073311 ], [ -99.00799701491006, 19.314274927859934 ], [ -99.008009875661202, 19.314085539992764 ], [ -99.007977694538624, 19.313957246775651 ], [ -99.007971254974279, 19.313862553402831 ], [ -99.008032382426791, 19.313764802432861 ], [ -99.00824472578428, 19.31355402320979 ], [ -99.008309070282962, 19.313453217364472 ], [ -99.008318714063989, 19.313282157410391 ], [ -99.008286533473552, 19.313166082773513 ], [ -99.008196437560656, 19.313031682934241 ], [ -99.008161041457257, 19.312952264028482 ], [ -99.00817712408849, 19.312857569643768 ], [ -99.008270420463447, 19.312655959569167 ], [ -99.008321891355166, 19.312487952334042 ], [ -99.008296145060626, 19.312356604222558 ], [ -99.008247877398148, 19.3122405302977 ], [ -99.008247874334756, 19.312179437606225 ], [ -99.008337950622192, 19.311935062742538 ], [ -99.008405509535322, 19.311788437177889 ], [ -99.008485939672511, 19.311672357335599 ], [ -99.008601768889321, 19.311696788990698 ], [ -99.008743339476155, 19.311754820322896 ], [ -99.008843078937517, 19.311730378439201 ], [ -99.0089685515876, 19.311589859117092 ], [ -99.009029674920342, 19.311443233632328 ], [ -99.00905541039063, 19.311369921120853 ], [ -99.009097226764425, 19.31118358631317 ], [ -99.009222696554048, 19.31100335655368 ], [ -99.009389987726252, 19.310737594775976 ], [ -99.009663431481457, 19.310102216386827 ], [ -99.009936870726776, 19.309427127283268 ], [ -99.010113802122447, 19.309011687127157 ], [ -99.010223182016986, 19.308828402893177 ], [ -99.010274645712144, 19.30859624768728 ], [ -99.010313243196805, 19.308419076633722 ], [ -99.010393668990403, 19.308281613457961 ], [ -99.010490184439789, 19.308189968859477 ], [ -99.010551309268251, 19.308107490166197 ], [ -99.010560958053901, 19.308055560797108 ], [ -99.010570606833483, 19.308003631427205 ], [ -99.010657464175509, 19.307823402852165 ], [ -99.010750758450342, 19.307679829486371 ], [ -99.010760396959412, 19.307472113662666 ], [ -99.010724992851252, 19.307270509758396 ], [ -99.010673503057291, 19.307084179965511 ], [ -99.010657407982237, 19.306955886181399 ], [ -99.010715097510115, 19.306872002438805 ], [ -99.01077302445654, 19.306800073534166 ], [ -99.010830951352304, 19.306728144610691 ], [ -99.010895156613955, 19.306648419625837 ], [ -99.011019805556288, 19.306388016333365 ], [ -99.011188188352719, 19.305743163720166 ], [ -99.011390858158748, 19.305428523597858 ], [ -99.011638570888664, 19.305132208195289 ], [ -99.0118412487531, 19.304951971580316 ], [ -99.011989230161063, 19.304747301241154 ], [ -99.012088947388037, 19.304484595874705 ], [ -99.012151496906711, 19.304317532701599 ], [ -99.012191880688604, 19.304209671682731 ], [ -99.012207953575938, 19.304026392373007 ], [ -99.012130726380008, 19.303861447105948 ], [ -99.012082455368187, 19.303702609163778 ], [ -99.012095311493965, 19.303525439341513 ], [ -99.012098519120883, 19.30339408971733 ], [ -99.012063112686334, 19.303171103519915 ], [ -99.012040582141012, 19.303039755590493 ], [ -99.012063093878197, 19.302914513961078 ], [ -99.012159603445411, 19.302798431326615 ], [ -99.012262547182686, 19.302679293569934 ], [ -99.012288273685414, 19.302523505313975 ], [ -99.012362258133166, 19.302355495239123 ], [ -99.01250058339842, 19.302132497254615 ], [ -99.012661425761593, 19.301866732667882 ], [ -99.012764371040589, 19.301779668315824 ], [ -99.012867316210688, 19.301692603905042 ], [ -99.01300564433825, 19.301521534370305 ], [ -99.01306997854924, 19.301387125697786 ], [ -99.013143955102237, 19.301136640054054 ], [ -99.013211510207171, 19.301051105306794 ], [ -99.013542872594826, 19.300895294475016 ], [ -99.013719813223275, 19.3008097513911 ], [ -99.01390319302746, 19.300782245773814 ], [ -99.014093012721233, 19.300818886880748 ], [ -99.014207285888929, 19.300435953448613 ], [ -99.014263476434635, 19.300247656255099 ], [ -99.014250594598579, 19.300097979971561 ], [ -99.014282746882728, 19.299868879562457 ], [ -99.014427487146762, 19.299477874425946 ], [ -99.014630132190192, 19.299041044943966 ], [ -99.014682344027264, 19.298903113586952 ], [ -99.01490996125969, 19.298301799656823 ], [ -99.015115794664453, 19.297580887859237 ], [ -99.015158592378341, 19.297595442286472 ], [ -99.015300840873806, 19.297643817334965 ], [ -99.0156002584514, 19.297745641083186 ], [ -99.01593298202593, 19.297858790567002 ], [ -99.016170994284508, 19.297263114958429 ], [ -99.015973143850303, 19.297098450335845 ], [ -99.015936122611379, 19.297067638675628 ], [ -99.0159489737798, 19.296887413816599 ], [ -99.016154000559041, 19.29568144721415 ], [ -99.016178331340853, 19.295684726535072 ], [ -99.01676119426503, 19.295763284227377 ], [ -99.016647391667149, 19.296205509983775 ], [ -99.016964798530651, 19.296336507537983 ], [ -99.016927432955654, 19.29685628599864 ], [ -99.01691073007791, 19.29708863238158 ], [ -99.016885554013115, 19.297438844295552 ], [ -99.016871783008895, 19.297630405360621 ], [ -99.016995999410426, 19.297804004277676 ], [ -99.017622052737536, 19.297959466623528 ], [ -99.017771483752867, 19.297996573159097 ], [ -99.018551975528439, 19.298190381705197 ], [ -99.019590447893236, 19.298455602381047 ], [ -99.019921940404359, 19.298527213720728 ], [ -99.020014805962802, 19.298547275071545 ], [ -99.020046575808394, 19.298551891321608 ], [ -99.020239400546643, 19.298579909187612 ], [ -99.020397760293903, 19.298602919053835 ], [ -99.021339613631426, 19.298674876111434 ], [ -99.021436135582675, 19.298681033177726 ], [ -99.021698414521836, 19.298697763503895 ], [ -99.021657073805031, 19.299146534942306 ], [ -99.021636441468331, 19.299660817253837 ], [ -99.021643378941206, 19.299945799529297 ], [ -99.021651653145327, 19.30009177856693 ], [ -99.021663243415233, 19.300296261408604 ], [ -99.021671043250763, 19.300433870727822 ], [ -99.021460670412566, 19.301033342721187 ], [ -99.021345455806625, 19.301252193630091 ], [ -99.021315804832753, 19.301308515745212 ], [ -99.021022588701967, 19.301596808457251 ], [ -99.020979080764874, 19.301673847508134 ], [ -99.02086568185652, 19.301874641382973 ], [ -99.02081908187688, 19.301957155157314 ], [ -99.020654042165589, 19.302252200721227 ], [ -99.020643168856026, 19.302271639162374 ], [ -99.020263712898, 19.302162654692722 ], [ -99.019987259068898, 19.302083253126895 ], [ -99.019925656330969, 19.302065559855873 ], [ -99.019703218968672, 19.302001672156905 ], [ -99.019621891299465, 19.301978313421539 ], [ -99.019594316280333, 19.301970393381808 ], [ -99.018493720216796, 19.301698627816062 ], [ -99.018593534927604, 19.302057448270919 ], [ -99.018607617927401, 19.302108074628599 ], [ -99.018638215067213, 19.30221454836774 ], [ -99.018700573383754, 19.302431546083668 ], [ -99.018762931864998, 19.302648543773017 ], [ -99.01879592249729, 19.302805070510971 ], [ -99.018859586178479, 19.303107127156004 ], [ -99.018834084511965, 19.303592434901816 ], [ -99.018832294327908, 19.303626502771341 ], [ -99.01898545425712, 19.303998801356158 ], [ -99.01949808749859, 19.305115043506387 ], [ -99.019430898457898, 19.305861902469378 ], [ -99.019427885192087, 19.306403868420333 ], [ -99.01942752007146, 19.306469538786722 ], [ -99.019468944267189, 19.306659522966143 ], [ -99.019517265752143, 19.306823301072424 ], [ -99.019531105237519, 19.307150866116494 ], [ -99.019496059568681, 19.307418221415841 ], [ -99.019414365472045, 19.308041443360604 ], [ -99.019382887401733, 19.308330121307272 ], [ -99.019327694880403, 19.308418570108397 ], [ -99.019224209269353, 19.308588915602282 ], [ -99.019248375527724, 19.308716663976629 ], [ -99.019331192791114, 19.308824752155772 ], [ -99.019538240121562, 19.309126091245506 ], [ -99.019696974751994, 19.309338992371945 ], [ -99.019755648266482, 19.309506044913036 ], [ -99.019700471242587, 19.309725520385186 ], [ -99.019562485386103, 19.309915523752736 ], [ -99.019448654230757, 19.310135005416896 ], [ -99.019293444666502, 19.310564133880074 ], [ -99.019189987096496, 19.310986705429602 ], [ -99.019185811513353, 19.311026960494683 ], [ -99.019141737896092, 19.311451854746274 ], [ -99.019155552618372, 19.311569777187245 ], [ -99.019093463328886, 19.311700810237209 ], [ -99.019086572705945, 19.31178597821005 ], [ -99.019110737426587, 19.311897348240297 ], [ -99.019172870684827, 19.312143016481151 ], [ -99.019193588310188, 19.312280592164925 ], [ -99.019176343096305, 19.312333004591338 ], [ -99.019090094812, 19.312405078227183 ], [ -99.018917595002691, 19.312523020069332 ], [ -99.018793399133685, 19.312644232442043 ], [ -99.01873821119392, 19.312788367298062 ], [ -99.018669235428504, 19.313050427417782 ], [ -99.018320883297108, 19.314183842081018 ], [ -99.018248450884798, 19.31440004307327 ], [ -99.018158755139595, 19.314511424549192 ], [ -99.017993152723733, 19.314626089143285 ], [ -99.017820651573601, 19.314760408234548 ], [ -99.017744751317551, 19.314822653218396 ], [ -99.017720606855207, 19.314894720138561 ], [ -99.017748232743926, 19.315110911171288 ], [ -99.01782071262447, 19.315323822157115 ], [ -99.017917360727893, 19.315680859872877 ], [ -99.017944974140434, 19.315779127023017 ], [ -99.017972587586016, 19.315877394167877 ], [ -99.018076122998835, 19.316106680282189 ], [ -99.018217629605147, 19.316489918652607 ], [ -99.018448851775062, 19.316922282772538 ], [ -99.018524785574655, 19.317151571393897 ], [ -99.018635268593954, 19.31778048714926 ], [ -99.018704377176604, 19.31866818426775 ], [ -99.018649241385901, 19.319290565492473 ], [ -99.018573388938705, 19.31979174932529 ], [ -99.018528576268295, 19.320171730510694 ], [ -99.018549308785708, 19.320437056902158 ], [ -99.018630995264104, 19.320860067084332 ], [ -99.01050151670664, 19.322794699714283 ], [ -99.00887694297144, 19.32318126270285 ], [ -99.008830283296689, 19.323192365007259 ] ] ] ] } },
{ "type": "Feature", "properties": { "id": 2248.0, "entidad": 9, "distrito_f": 9, "distrito_l": 8, "municipio": 11, "seccion": 3611, "tipo": 2, "control": 35785.0, "SECCION_TX": "3611", "SECCION__1": null, "SECCION__2": null, "SECCION_N": "3611", "ESTATUS": null, "ALCALDIA_N": "TLAHUAC", "EN_OPERATI": null, "EN_OP": "NO", "SEC_N": "3611", "EST": null, "ALC_N": "TLAHUAC", "OP": "NO", "NOMBRE": "SAN JOSE BUENAVISTA" }, "geometry": { "type": "MultiPolygon", "coordinates": [ [ [ [ -99.031949590522487, 19.317689659587618 ], [ -99.036498191843052, 19.311915959203933 ], [ -99.036906066260656, 19.311398204304435 ], [ -99.037539768058323, 19.310593776298642 ], [ -99.037834219493661, 19.310812553359707 ], [ -99.03815585262744, 19.311051525174772 ], [ -99.038871898558611, 19.310162821354705 ], [ -99.03921542949125, 19.310403821440325 ], [ -99.039541010708618, 19.310632227858669 ], [ -99.039825733985865, 19.310847277299583 ], [ -99.039723009561627, 19.310985191577366 ], [ -99.039484412207372, 19.311282340493097 ], [ -99.039245813991528, 19.311579489088739 ], [ -99.039112107674171, 19.311746005418172 ], [ -99.039022799710921, 19.311857228297804 ], [ -99.038804491176279, 19.312129105850598 ], [ -99.038789423883571, 19.312147870344901 ], [ -99.038565788007148, 19.312426381182217 ], [ -99.038545795647522, 19.312451279135004 ], [ -99.03847155428744, 19.312543737264033 ], [ -99.038304829809135, 19.31275137080971 ], [ -99.038108398529616, 19.312995999420504 ], [ -99.038129148367346, 19.313013870235622 ], [ -99.039491393151039, 19.314187090943324 ], [ -99.039334575631216, 19.314377415553221 ], [ -99.039618510348362, 19.314654409458115 ], [ -99.039719887558405, 19.314753308156689 ], [ -99.039276214378404, 19.314920981498375 ], [ -99.031949590522487, 19.317689659587618 ] ] ] ] } },
{ "type": "Feature", "properties": { "id": 2256.0, "entidad": 9, "distrito_f": 9, "distrito_l": 8, "municipio": 11, "seccion": 3615, "tipo": 3, "control": 36254.0, "SECCION_TX": "3615", "SECCION__1": null, "SECCION__2": null, "SECCION_N": "3615", "ESTATUS": "COMPLETA", "ALCALDIA_N": "TLAHUAC", "EN_OPERATI": null, "EN_OP": "SI", "SEC_N": "3615", "EST": "COMPLETA", "ALC_N": "TLAHUAC", "OP": "SI", "NOMBRE": "PARAJES BUENAVISTA (TETECON)" }, "geometry": { "type": "MultiPolygon", "coordinates": [ [ [ [ -99.022865384172206, 19.319852216314093 ], [ -99.022807048109883, 19.319725755948571 ], [ -99.022810489896301, 19.319663517966372 ], [ -99.022893285600645, 19.319560324284442 ], [ -99.023031288075487, 19.319458761432916 ], [ -99.023200353573912, 19.319424345573086 ], [ -99.023302138019631, 19.319404678636182 ], [ -99.023414271116678, 19.319366994180417 ], [ -99.023469465808162, 19.319283457739065 ], [ -99.023469442429843, 19.319119674702641 ], [ -99.023362441609933, 19.318851084245335 ], [ -99.023212322276464, 19.318661115072349 ], [ -99.023027712647476, 19.318566144298465 ], [ -99.022870710261344, 19.318499012996849 ], [ -99.022787891470003, 19.318431872308405 ], [ -99.02275854974792, 19.318335243968733 ], [ -99.022760262248212, 19.318243525243503 ], [ -99.022780957326077, 19.318191112082037 ], [ -99.022881015864826, 19.318171445593503 ], [ -99.02300177853995, 19.31816487908555 ], [ -99.023077684551595, 19.318146853363217 ], [ -99.023100107930759, 19.318117369574821 ], [ -99.023082850936589, 19.3180813394859 ], [ -99.023005215408588, 19.318068246647169 ], [ -99.022811987875571, 19.318025687314353 ], [ -99.022668792822301, 19.317996224211718 ], [ -99.022513516318426, 19.317929092383427 ], [ -99.022315112835315, 19.317881619670136 ], [ -99.022154668294547, 19.317868536578874 ], [ -99.021961451277704, 19.317901316552462 ], [ -99.021888996293598, 19.317924254888794 ], [ -99.021837236195907, 19.317891504478656 ], [ -99.021826879830741, 19.317852197782393 ], [ -99.021781870044791, 19.317721812494618 ], [ -99.021761297436157, 19.317662217258984 ], [ -99.021685369688029, 19.317514821536548 ], [ -99.021423125002769, 19.317390377383035 ], [ -99.02115743329496, 19.317288862880897 ], [ -99.020650207535255, 19.317118586595107 ], [ -99.020460425569524, 19.317023613789935 ], [ -99.0203914040667, 19.316908973359563 ], [ -99.020656976595376, 19.316070374060857 ], [ -99.020936351479406, 19.3152612536778 ], [ -99.021274367877083, 19.314366958743442 ], [ -99.02149167011261, 19.31385265424203 ], [ -99.021726221127253, 19.313328520412341 ], [ -99.021929757036489, 19.313095923994766 ], [ -99.02212639225688, 19.312866603844679 ], [ -99.022523112666136, 19.31241778945699 ], [ -99.022768049021465, 19.312181911305384 ], [ -99.022885336987912, 19.312031216120289 ], [ -99.02297845464129, 19.311749497364431 ], [ -99.023095718190959, 19.311428467535467 ], [ -99.02311641230682, 19.311376054297764 ], [ -99.021877715257773, 19.310933992397633 ], [ -99.021591334877499, 19.310852134908789 ], [ -99.021336009004031, 19.310786651660852 ], [ -99.021284250416386, 19.310747349738335 ], [ -99.021263538435207, 19.310665460555754 ], [ -99.021277333427136, 19.310619599653261 ], [ -99.022132801385041, 19.309214237991348 ], [ -99.022232828866393, 19.309004583309751 ], [ -99.022560517084486, 19.308418199139552 ], [ -99.022943392007505, 19.307733537469623 ], [ -99.022970987760047, 19.307693407103418 ], [ -99.022998583499145, 19.307653276732786 ], [ -99.023026179224786, 19.307613146357909 ], [ -99.023053774936983, 19.307573015978694 ], [ -99.023634302583289, 19.307052175115643 ], [ -99.023740269112665, 19.306957102946573 ], [ -99.023826508234507, 19.306855546088478 ], [ -99.023850646470635, 19.306767099974728 ], [ -99.023867877258851, 19.306629519780973 ], [ -99.023905812209748, 19.306514866530559 ], [ -99.023971336308421, 19.306318318014899 ], [ -99.024043759085913, 19.306111941566641 ], [ -99.024109267981245, 19.305813847362515 ], [ -99.024153178247573, 19.305581928739183 ], [ -99.024314776387939, 19.305164819813026 ], [ -99.024387749484973, 19.304975500767689 ], [ -99.024445095744312, 19.304826723156857 ], [ -99.024498964800017, 19.304686966447449 ], [ -99.024712804927205, 19.304244722705715 ], [ -99.024816279655425, 19.304057995696777 ], [ -99.024847311691133, 19.303933516159123 ], [ -99.024900032074697, 19.3038862283546 ], [ -99.025286268207523, 19.303133051371137 ], [ -99.025405017701146, 19.302966371510212 ], [ -99.025421575389288, 19.302872799427014 ], [ -99.024691708714371, 19.301607813937132 ], [ -99.024346606259215, 19.300942899839729 ], [ -99.02407745479924, 19.300605541790514 ], [ -99.023789796422164, 19.300299490852275 ], [ -99.026339042422379, 19.301227606328279 ], [ -99.026670246640265, 19.301234109581497 ], [ -99.026704804188242, 19.301229554002543 ], [ -99.027037913305008, 19.301185641253856 ], [ -99.027142890897721, 19.301171802250337 ], [ -99.027661110747033, 19.301089301162481 ], [ -99.027822528865528, 19.301063602928625 ], [ -99.027846618173442, 19.301056881332748 ], [ -99.027867466273449, 19.301051064122191 ], [ -99.028287890167292, 19.300933753349067 ], [ -99.028315859400124, 19.300925949060741 ], [ -99.028812714208541, 19.300747771866309 ], [ -99.029162577299488, 19.300622306354391 ], [ -99.030318790976125, 19.300127492580245 ], [ -99.030537916373362, 19.300017533542725 ], [ -99.030806173712776, 19.299882919108079 ], [ -99.030878254908544, 19.299829640631216 ], [ -99.03111487930299, 19.29965474037839 ], [ -99.031279167561507, 19.299533306775494 ], [ -99.031683461219956, 19.299289681846883 ], [ -99.031803052038569, 19.299217616827487 ], [ -99.031920792084748, 19.299146666938796 ], [ -99.032182915412307, 19.298994272660771 ], [ -99.032320945152733, 19.298914024128798 ], [ -99.032466471550961, 19.298840008268293 ], [ -99.032651404235125, 19.298745949799624 ], [ -99.032737898134442, 19.298701958103358 ], [ -99.032759048816928, 19.298691200636465 ], [ -99.03319242007683, 19.298523387280419 ], [ -99.03339379520753, 19.298445410556507 ], [ -99.033996420008506, 19.298268261220045 ], [ -99.034166757409949, 19.298227497162575 ], [ -99.034435676329551, 19.298163140841872 ], [ -99.034428263786026, 19.298258411241971 ], [ -99.034789992618926, 19.298338251342759 ], [ -99.034460845751909, 19.299637697103595 ], [ -99.034350064148484, 19.30007504932615 ], [ -99.034852389075482, 19.300163742956315 ], [ -99.034831927104918, 19.300337595909113 ], [ -99.03490680570313, 19.300634499385758 ], [ -99.034903342636426, 19.301052889833002 ], [ -99.034838782677724, 19.301218290736781 ], [ -99.034621613545696, 19.301774669675993 ], [ -99.034595019565643, 19.301802507178973 ], [ -99.034509073248117, 19.301892472217347 ], [ -99.034490720687913, 19.301911682897618 ], [ -99.034338468770557, 19.30212607314435 ], [ -99.034102085945435, 19.302502835661983 ], [ -99.033820298994229, 19.302972199100644 ], [ -99.03366639874379, 19.303230434412637 ], [ -99.033597272723384, 19.303346422843315 ], [ -99.033585897200865, 19.303378843950462 ], [ -99.033323450213743, 19.304248637039858 ], [ -99.033151402417857, 19.304799452184835 ], [ -99.033074831693611, 19.305041916972758 ], [ -99.033069294325259, 19.305059451280172 ], [ -99.032964799733463, 19.305123560975961 ], [ -99.032885284763225, 19.305172783669406 ], [ -99.032834974045798, 19.305226029863167 ], [ -99.032631760077948, 19.30536279985316 ], [ -99.032446651985055, 19.305998543741932 ], [ -99.03243694809548, 19.306039874651702 ], [ -99.03230762293083, 19.306873626547858 ], [ -99.03231210063386, 19.30694778028332 ], [ -99.032235951604193, 19.307108172019735 ], [ -99.032258293345365, 19.307259479812529 ], [ -99.03220748374369, 19.307412212896132 ], [ -99.032112057201232, 19.307699063185684 ], [ -99.032068534230376, 19.307736145216641 ], [ -99.03201594054768, 19.307732372058553 ], [ -99.031702374654358, 19.308611921930225 ], [ -99.030553666132704, 19.307695910611098 ], [ -99.029580274108724, 19.306919687694386 ], [ -99.029549332231966, 19.306895013160158 ], [ -99.029251331021086, 19.307502167041715 ], [ -99.028708976903019, 19.308917172771647 ], [ -99.028708997222438, 19.309033612527823 ], [ -99.028382114393082, 19.310003994925353 ], [ -99.028103509971757, 19.310783831461187 ], [ -99.028021814463685, 19.311182561901322 ], [ -99.027891817932357, 19.311665983113667 ], [ -99.027787792381048, 19.311888293002152 ], [ -99.027432952715884, 19.312429967808868 ], [ -99.027402301703972, 19.312493484986373 ], [ -99.0273716506684, 19.312557002158236 ], [ -99.027340067096574, 19.312600230726229 ], [ -99.027308483508165, 19.312643459288498 ], [ -99.027191436756425, 19.312794319121931 ], [ -99.027074389790059, 19.312945178878053 ], [ -99.026979650287373, 19.313146316042921 ], [ -99.026910908410017, 19.313236302330569 ], [ -99.026847740458976, 19.31332099505763 ], [ -99.026643368742143, 19.313568018323203 ], [ -99.026565351286052, 19.313758567390572 ], [ -99.026468771136834, 19.314076144238044 ], [ -99.02639447889662, 19.314323148290548 ], [ -99.02629787777586, 19.314513699915658 ], [ -99.026249589521342, 19.3146866021651 ], [ -99.026216164237368, 19.314838331411575 ], [ -99.026160432469084, 19.314947722145494 ], [ -99.026048963121482, 19.315131218807039 ], [ -99.026030391760685, 19.315205319437002 ], [ -99.025974664760369, 19.315346466385783 ], [ -99.025911503300946, 19.315480557421203 ], [ -99.02580207873045, 19.315607368312271 ], [ -99.02561196596217, 19.315850035184148 ], [ -99.025425947006454, 19.316125700332044 ], [ -99.025317627016648, 19.316422706843674 ], [ -99.025318529012452, 19.316463242601937 ], [ -99.025323803681871, 19.316700286220883 ], [ -99.025376998854824, 19.316923507683473 ], [ -99.025469060839043, 19.317265132046714 ], [ -99.025555004024895, 19.317701872101448 ], [ -99.025673637697366, 19.317981376760919 ], [ -99.025966107640642, 19.318511261171643 ], [ -99.026119498890552, 19.318771349364322 ], [ -99.026115427742624, 19.31888587602878 ], [ -99.026080681585327, 19.318969349159676 ], [ -99.026035708342008, 19.319029530303268 ], [ -99.026056424398504, 19.319092625680458 ], [ -99.026018908174379, 19.319101556353896 ], [ -99.022865384172206, 19.319852216314093 ] ] ] ] } },
{ "type": "Feature", "properties": { "id": 2257.0, "entidad": 9, "distrito_f": 9, "distrito_l": 8, "municipio": 11, "seccion": 3616, "tipo": 3, "control": 36252.0, "SECCION_TX": "3616", "SECCION__1": null, "SECCION__2": null, "SECCION_N": "3616", "ESTATUS": null, "ALCALDIA_N": "TLAHUAC", "EN_OPERATI": null, "EN_OP": "NO", "SEC_N": "3616", "EST": null, "ALC_N": "TLAHUAC", "OP": "NO", "NOMBRE": "PARAJES BUENAVISTA (TETECON)" }, "geometry": { "type": "MultiPolygon", "coordinates": [ [ [ [ -99.018630995264104, 19.320860067084332 ], [ -99.018549308785708, 19.320437056902158 ], [ -99.018528576268295, 19.320171730510694 ], [ -99.018573388938705, 19.31979174932529 ], [ -99.018649241385901, 19.319290565492473 ], [ -99.018704377176604, 19.31866818426775 ], [ -99.018635268593954, 19.31778048714926 ], [ -99.018524785574655, 19.317151571393897 ], [ -99.018448851775062, 19.316922282772538 ], [ -99.018217629605147, 19.316489918652607 ], [ -99.018076122998835, 19.316106680282189 ], [ -99.017972587586016, 19.315877394167877 ], [ -99.017944974140434, 19.315779127023017 ], [ -99.017917360727893, 19.315680859872877 ], [ -99.01782071262447, 19.315323822157115 ], [ -99.017748232743926, 19.315110911171288 ], [ -99.017720606855207, 19.314894720138561 ], [ -99.017744751317551, 19.314822653218396 ], [ -99.017820651573601, 19.314760408234548 ], [ -99.017993152723733, 19.314626089143285 ], [ -99.018158755139595, 19.314511424549192 ], [ -99.018248450884798, 19.31440004307327 ], [ -99.018320883297108, 19.314183842081018 ], [ -99.018669235428504, 19.313050427417782 ], [ -99.01873821119392, 19.312788367298062 ], [ -99.018793399133685, 19.312644232442043 ], [ -99.018917595002691, 19.312523020069332 ], [ -99.019090094812, 19.312405078227183 ], [ -99.019176343096305, 19.312333004591338 ], [ -99.019193588310188, 19.312280592164925 ], [ -99.019172870684827, 19.312143016481151 ], [ -99.019110737426587, 19.311897348240297 ], [ -99.019086572705945, 19.31178597821005 ], [ -99.019093463328886, 19.311700810237209 ], [ -99.019155552618372, 19.311569777187245 ], [ -99.019141737896092, 19.311451854746274 ], [ -99.019185811513353, 19.311026960494683 ], [ -99.019189987096496, 19.310986705429602 ], [ -99.019293444666502, 19.310564133880074 ], [ -99.019448654230757, 19.310135005416896 ], [ -99.019562485386103, 19.309915523752736 ], [ -99.019700471242587, 19.309725520385186 ], [ -99.019755648266482, 19.309506044913036 ], [ -99.019696974751994, 19.309338992371945 ], [ -99.019538240121562, 19.309126091245506 ], [ -99.019331192791114, 19.308824752155772 ], [ -99.019248375527724, 19.308716663976629 ], [ -99.019224209269353, 19.308588915602282 ], [ -99.019327694880403, 19.308418570108397 ], [ -99.019382887401733, 19.308330121307272 ], [ -99.019414365472045, 19.308041443360604 ], [ -99.019496059568681, 19.307418221415841 ], [ -99.019531105237519, 19.307150866116494 ], [ -99.019517265752143, 19.306823301072424 ], [ -99.019468944267189, 19.306659522966143 ], [ -99.01942752007146, 19.306469538786722 ], [ -99.019427885192087, 19.306403868420333 ], [ -99.019430898457898, 19.305861902469378 ], [ -99.01949808749859, 19.305115043506387 ], [ -99.01898545425712, 19.303998801356158 ], [ -99.018832294327908, 19.303626502771341 ], [ -99.018834084511965, 19.303592434901816 ], [ -99.018859586178479, 19.303107127156004 ], [ -99.01879592249729, 19.302805070510971 ], [ -99.018762931864998, 19.302648543773017 ], [ -99.018700573383754, 19.302431546083668 ], [ -99.018638215067213, 19.30221454836774 ], [ -99.018607617927401, 19.302108074628599 ], [ -99.018593534927604, 19.302057448270919 ], [ -99.018493720216796, 19.301698627816062 ], [ -99.019594316280333, 19.301970393381808 ], [ -99.019621891299465, 19.301978313421539 ], [ -99.019703218968672, 19.302001672156905 ], [ -99.019925656330969, 19.302065559855873 ], [ -99.019987259068898, 19.302083253126895 ], [ -99.020263712898, 19.302162654692722 ], [ -99.020643168856026, 19.302271639162374 ], [ -99.020654042165589, 19.302252200721227 ], [ -99.02081908187688, 19.301957155157314 ], [ -99.02086568185652, 19.301874641382973 ], [ -99.020979080764874, 19.301673847508134 ], [ -99.021022588701967, 19.301596808457251 ], [ -99.021315804832753, 19.301308515745212 ], [ -99.021345455806625, 19.301252193630091 ], [ -99.021460670412566, 19.301033342721187 ], [ -99.021671043250763, 19.300433870727822 ], [ -99.021663243415233, 19.300296261408604 ], [ -99.021651653145327, 19.30009177856693 ], [ -99.021643378941206, 19.299945799529297 ], [ -99.021636441468331, 19.299660817253837 ], [ -99.021657073805031, 19.299146534942306 ], [ -99.021698414521836, 19.298697763503895 ], [ -99.02199125717415, 19.298661381310708 ], [ -99.022110689988182, 19.298719005889602 ], [ -99.02241777214843, 19.298967919223678 ], [ -99.022831825853331, 19.299367499414693 ], [ -99.022969842982761, 19.299491957484516 ], [ -99.023211368149333, 19.299672088672114 ], [ -99.023763454748973, 19.300271464841266 ], [ -99.023789796422164, 19.300299490852275 ], [ -99.02407745479924, 19.300605541790514 ], [ -99.024346606259215, 19.300942899839729 ], [ -99.024691708714371, 19.301607813937132 ], [ -99.025421575389288, 19.302872799427014 ], [ -99.025405017701146, 19.302966371510212 ], [ -99.025286268207523, 19.303133051371137 ], [ -99.024900032074697, 19.3038862283546 ], [ -99.024847311691133, 19.303933516159123 ], [ -99.024816279655425, 19.304057995696777 ], [ -99.024712804927205, 19.304244722705715 ], [ -99.024498964800017, 19.304686966447449 ], [ -99.024445095744312, 19.304826723156857 ], [ -99.024387749484973, 19.304975500767689 ], [ -99.024314776387939, 19.305164819813026 ], [ -99.024153178247573, 19.305581928739183 ], [ -99.024109267981245, 19.305813847362515 ], [ -99.024043759085913, 19.306111941566641 ], [ -99.023971336308421, 19.306318318014899 ], [ -99.023905812209748, 19.306514866530559 ], [ -99.023867877258851, 19.306629519780973 ], [ -99.023850646470635, 19.306767099974728 ], [ -99.023826508234507, 19.306855546088478 ], [ -99.023740269112665, 19.306957102946573 ], [ -99.023634302583289, 19.307052175115643 ], [ -99.023053774936983, 19.307573015978694 ], [ -99.023026179224786, 19.307613146357909 ], [ -99.022998583499145, 19.307653276732786 ], [ -99.022970987760047, 19.307693407103418 ], [ -99.022943392007505, 19.307733537469623 ], [ -99.022560517084486, 19.308418199139552 ], [ -99.022232828866393, 19.309004583309751 ], [ -99.022132801385041, 19.309214237991348 ], [ -99.021277333427136, 19.310619599653261 ], [ -99.021263538435207, 19.310665460555754 ], [ -99.021284250416386, 19.310747349738335 ], [ -99.021336009004031, 19.310786651660852 ], [ -99.021591334877499, 19.310852134908789 ], [ -99.021877715257773, 19.310933992397633 ], [ -99.02311641230682, 19.311376054297764 ], [ -99.023095718190959, 19.311428467535467 ], [ -99.02297845464129, 19.311749497364431 ], [ -99.022885336987912, 19.312031216120289 ], [ -99.022768049021465, 19.312181911305384 ], [ -99.022523112666136, 19.31241778945699 ], [ -99.02212639225688, 19.312866603844679 ], [ -99.021929757036489, 19.313095923994766 ], [ -99.021726221127253, 19.313328520412341 ], [ -99.02149167011261, 19.31385265424203 ], [ -99.021274367877083, 19.314366958743442 ], [ -99.020936351479406, 19.3152612536778 ], [ -99.020656976595376, 19.316070374060857 ], [ -99.0203914040667, 19.316908973359563 ], [ -99.020460425569524, 19.317023613789935 ], [ -99.020650207535255, 19.317118586595107 ], [ -99.02115743329496, 19.317288862880897 ], [ -99.021423125002769, 19.317390377383035 ], [ -99.021685369688029, 19.317514821536548 ], [ -99.021761297436157, 19.317662217258984 ], [ -99.021781870044791, 19.317721812494618 ], [ -99.021826879830741, 19.317852197782393 ], [ -99.021837236195907, 19.317891504478656 ], [ -99.021888996293598, 19.317924254888794 ], [ -99.021961451277704, 19.317901316552462 ], [ -99.022154668294547, 19.317868536578874 ], [ -99.022315112835315, 19.317881619670136 ], [ -99.022513516318426, 19.317929092383427 ], [ -99.022668792822301, 19.317996224211718 ], [ -99.022811987875571, 19.318025687314353 ], [ -99.023005215408588, 19.318068246647169 ], [ -99.023082850936589, 19.3180813394859 ], [ -99.023100107930759, 19.318117369574821 ], [ -99.023077684551595, 19.318146853363217 ], [ -99.02300177853995, 19.31816487908555 ], [ -99.022881015864826, 19.318171445593503 ], [ -99.022780957326077, 19.318191112082037 ], [ -99.022760262248212, 19.318243525243503 ], [ -99.02275854974792, 19.318335243968733 ], [ -99.022787891470003, 19.318431872308405 ], [ -99.022870710261344, 19.318499012996849 ], [ -99.023027712647476, 19.318566144298465 ], [ -99.023212322276464, 19.318661115072349 ], [ -99.023362441609933, 19.318851084245335 ], [ -99.023469442429843, 19.319119674702641 ], [ -99.023469465808162, 19.319283457739065 ], [ -99.023414271116678, 19.319366994180417 ], [ -99.023302138019631, 19.319404678636182 ], [ -99.023200353573912, 19.319424345573086 ], [ -99.023031288075487, 19.319458761432916 ], [ -99.022893285600645, 19.319560324284442 ], [ -99.022810489896301, 19.319663517966372 ], [ -99.022807048109883, 19.319725755948571 ], [ -99.022865384172206, 19.319852216314093 ], [ -99.02132680247739, 19.32021843562265 ], [ -99.018630995264104, 19.320860067084332 ] ] ] ] } },
{ "type": "Feature", "properties": { "id": 2300.0, "entidad": 9, "distrito_f": 9, "distrito_l": 8, "municipio": 11, "seccion": 3658, "tipo": 2, "control": 36506.0, "SECCION_TX": "3658", "SECCION__1": null, "SECCION__2": null, "SECCION_N": "3658", "ESTATUS": "COMPLETA", "ALCALDIA_N": "TLAHUAC", "EN_OPERATI": null, "EN_OP": "SI", "SEC_N": "3658", "EST": "COMPLETA", "ALC_N": "TLAHUAC", "OP": "SI", "NOMBRE": "PRIVADA DE TLAHUAC" }, "geometry": { "type": "MultiPolygon", "coordinates": [ [ [ [ -99.046690032577729, 19.296315552676685 ], [ -99.046664319232093, 19.294880387201655 ], [ -99.046660604910812, 19.294530600828324 ], [ -99.046644965732554, 19.294041239583066 ], [ -99.046631424840356, 19.293617532776125 ], [ -99.046630908795294, 19.293399293596412 ], [ -99.046629412145307, 19.292766344608946 ], [ -99.046629146419789, 19.292653965734431 ], [ -99.046627317844454, 19.29188063054367 ], [ -99.04664502269901, 19.291773272027523 ], [ -99.046636299657877, 19.29086599793073 ], [ -99.046627576724489, 19.289958723743108 ], [ -99.046627028626474, 19.28990171557281 ], [ -99.046846449290271, 19.290062753737498 ], [ -99.04724831231043, 19.290357689277808 ], [ -99.047635056017057, 19.290641526599163 ], [ -99.048021997802337, 19.29092550748388 ], [ -99.048430973750285, 19.291225691454827 ], [ -99.048513545676713, 19.291286629746445 ], [ -99.048733916456229, 19.291449355069773 ], [ -99.049123699174146, 19.291737175442048 ], [ -99.049528051804344, 19.292035752463171 ], [ -99.049883296741953, 19.292298066352579 ], [ -99.049909387851216, 19.292317332042579 ], [ -99.050294198656189, 19.292600549972249 ], [ -99.050679010784037, 19.29288376707947 ], [ -99.051082828706953, 19.293180970292177 ], [ -99.049907778310242, 19.294626349314616 ], [ -99.049325240720592, 19.295346862782147 ], [ -99.048734363410176, 19.296050707286224 ], [ -99.047964157974405, 19.295487962509615 ], [ -99.048529725179776, 19.294766964107481 ], [ -99.048150046932435, 19.294482157608723 ], [ -99.047577323508662, 19.29520572589195 ], [ -99.047004595054162, 19.295929292332406 ], [ -99.046780383913486, 19.296212551138197 ], [ -99.046690032577729, 19.296315552676685 ] ] ] ] } },
{ "type": "Feature", "properties": { "id": 2244.0, "entidad": 9, "distrito_f": 9, "distrito_l": 8, "municipio": 11, "seccion": 3609, "tipo": 2, "control": 35781.0, "SECCION_TX": "3609", "SECCION__1": null, "SECCION__2": null, "SECCION_N": "3609", "ESTATUS": "COMPLETA", "ALCALDIA_N": "TLAHUAC", "EN_OPERATI": null, "EN_OP": "SI", "SEC_N": "3609", "EST": "COMPLETA", "ALC_N": "TLAHUAC", "OP": "SI", "NOMBRE": "PREDIO DEGOLLADO" }, "geometry": { "type": "MultiPolygon", "coordinates": [ [ [ [ -99.040477899894555, 19.315418248813859 ], [ -99.04013213792021, 19.315091521569176 ], [ -99.040076946413478, 19.315097049372941 ], [ -99.040036923337894, 19.315058670118667 ], [ -99.039870004486133, 19.314898606641144 ], [ -99.039800918076963, 19.314832357481077 ], [ -99.041026493594885, 19.313690341621566 ], [ -99.040785275922289, 19.313469918677196 ], [ -99.040398902480376, 19.313116851544006 ], [ -99.040438435266537, 19.31306896086484 ], [ -99.040548115055202, 19.312936092740323 ], [ -99.040682782314278, 19.312772953946126 ], [ -99.040780774511788, 19.31265424383756 ], [ -99.040908938848744, 19.312498982132606 ], [ -99.041012201698734, 19.312373886474745 ], [ -99.041138549030848, 19.312220825255114 ], [ -99.041203554585934, 19.312142075290204 ], [ -99.04137595181318, 19.311933226880647 ], [ -99.041610611995509, 19.311648949692923 ], [ -99.041826057559106, 19.311387948763315 ], [ -99.041865194703746, 19.311340536061387 ], [ -99.042049451922239, 19.311117317133228 ], [ -99.042090756387481, 19.311067278612864 ], [ -99.042277475893599, 19.310841075746538 ], [ -99.042323878556545, 19.310784860735847 ], [ -99.042480893847809, 19.310594642478875 ], [ -99.042549734172042, 19.31051124477284 ], [ -99.042701182639775, 19.31032776972603 ], [ -99.042787678669981, 19.310222982269377 ], [ -99.043457878787109, 19.310777477300643 ], [ -99.044265351007184, 19.311445537134016 ], [ -99.044028820274178, 19.311731493266969 ], [ -99.04401503479771, 19.311748159312664 ], [ -99.043820643792628, 19.311983169169697 ], [ -99.04379059445624, 19.312019497367686 ], [ -99.043629398798785, 19.31221437478073 ], [ -99.043514413513577, 19.31235432646719 ], [ -99.043497041674399, 19.312375470173254 ], [ -99.043271146041121, 19.312650412828546 ], [ -99.043167137355127, 19.312777003734052 ], [ -99.043041548577719, 19.312926831067845 ], [ -99.042837306479711, 19.313170490992864 ], [ -99.042817473844721, 19.313194151188355 ], [ -99.04268088095121, 19.313357105314587 ], [ -99.042608624734328, 19.313443306175973 ], [ -99.042507474026905, 19.313563977641561 ], [ -99.042404970727944, 19.313686262492077 ], [ -99.042219553552243, 19.31390746170376 ], [ -99.0421872098606, 19.313945629227703 ], [ -99.041965073895881, 19.314207519743718 ], [ -99.041793560094618, 19.314409962950432 ], [ -99.041725375646408, 19.314347417783271 ], [ -99.040477899894555, 19.315418248813859 ] ] ] ] } },
{ "type": "Feature", "properties": { "id": 2245.0, "entidad": 9, "distrito_f": 9, "distrito_l": 8, "municipio": 11, "seccion": 3610, "tipo": 2, "control": 35782.0, "SECCION_TX": "3610", "SECCION__1": null, "SECCION__2": null, "SECCION_N": "3610", "ESTATUS": null, "ALCALDIA_N": "TLAHUAC", "EN_OPERATI": null, "EN_OP": "NO", "SEC_N": "3610", "EST": null, "ALC_N": "TLAHUAC", "OP": "NO", "NOMBRE": "PREDIO DEGOLLADO" }, "geometry": { "type": "MultiPolygon", "coordinates": [ [ [ [ -99.039800918076963, 19.314832357481077 ], [ -99.039719887558405, 19.314753308156689 ], [ -99.039618510348362, 19.314654409458115 ], [ -99.039334575631216, 19.314377415553221 ], [ -99.039491393151039, 19.314187090943324 ], [ -99.038129148367346, 19.313013870235622 ], [ -99.038108398529616, 19.312995999420504 ], [ -99.038304829809135, 19.31275137080971 ], [ -99.03847155428744, 19.312543737264033 ], [ -99.038545795647522, 19.312451279135004 ], [ -99.038565788007148, 19.312426381182217 ], [ -99.038789423883571, 19.312147870344901 ], [ -99.038804491176279, 19.312129105850598 ], [ -99.039022799710921, 19.311857228297804 ], [ -99.039112107674171, 19.311746005418172 ], [ -99.039245813991528, 19.311579489088739 ], [ -99.039484412207372, 19.311282340493097 ], [ -99.039723009561627, 19.310985191577366 ], [ -99.041138549030848, 19.312220825255114 ], [ -99.041012201698734, 19.312373886474745 ], [ -99.040908938848744, 19.312498982132606 ], [ -99.040780774511788, 19.31265424383756 ], [ -99.040682782314278, 19.312772953946126 ], [ -99.040548115055202, 19.312936092740323 ], [ -99.040438435266537, 19.31306896086484 ], [ -99.040398902480376, 19.313116851544006 ], [ -99.040785275922289, 19.313469918677196 ], [ -99.041026493594885, 19.313690341621566 ], [ -99.039800918076963, 19.314832357481077 ] ] ] ] } },
{ "type": "Feature", "properties": { "id": 2367.0, "entidad": 9, "distrito_f": 9, "distrito_l": 7, "municipio": 11, "seccion": 3728, "tipo": 3, "control": 36408.0, "SECCION_TX": "3728", "SECCION__1": null, "SECCION__2": null, "SECCION_N": "3728", "ESTATUS": "COMPLETA", "ALCALDIA_N": "TLAHUAC", "EN_OPERATI": null, "EN_OP": "SI", "SEC_N": "3728", "EST": "COMPLETA", "ALC_N": "TLAHUAC", "OP": "SI", "NOMBRE": "SAN NICOLAS TETELCO" }, "geometry": { "type": "MultiPolygon", "coordinates": [ [ [ [ -98.961797522131164, 19.225164294213471 ], [ -98.961703731554906, 19.225086728108291 ], [ -98.961526860895901, 19.224989605906256 ], [ -98.961145600888813, 19.224806557285095 ], [ -98.961124183832538, 19.224791704533821 ], [ -98.960854758003322, 19.224604856991323 ], [ -98.960595359827082, 19.224418099175335 ], [ -98.960560064526916, 19.22439795182348 ], [ -98.959587104724946, 19.223842559842705 ], [ -98.959536475098162, 19.223813658827094 ], [ -98.959316016810874, 19.22368781388084 ], [ -98.95898585685481, 19.2235346444435 ], [ -98.958856977016083, 19.22347787583373 ], [ -98.958663556551471, 19.223392678316408 ], [ -98.95805041344866, 19.223075145162461 ], [ -98.957712402669983, 19.222888365224591 ], [ -98.957341781094826, 19.222599647171226 ], [ -98.957232928400359, 19.222514849457255 ], [ -98.957185773074755, 19.222455093727493 ], [ -98.95704429371898, 19.222328103087559 ], [ -98.956824216236683, 19.222126412933761 ], [ -98.956612010862926, 19.221887383926958 ], [ -98.956575563242339, 19.221842555234243 ], [ -98.956344797457461, 19.221558724488709 ], [ -98.95608543296656, 19.22128234316498 ], [ -98.955810371835966, 19.220908872504019 ], [ -98.95541744476472, 19.220318798135313 ], [ -98.955079533904012, 19.219795949210916 ], [ -98.954749497042499, 19.219235761122341 ], [ -98.954710019840221, 19.219171658696762 ], [ -98.954560901741516, 19.218929522676003 ], [ -98.954057971208996, 19.218160183744786 ], [ -98.953900409054214, 19.217946889351712 ], [ -98.953798636732174, 19.217809118175353 ], [ -98.953492097245274, 19.217588731884625 ], [ -98.953415462501297, 19.217533635231256 ], [ -98.953338827808423, 19.21747853854561 ], [ -98.953230333585154, 19.217400536260502 ], [ -98.953185558575967, 19.217368345077421 ], [ -98.952548907661011, 19.216897691436234 ], [ -98.952281582123405, 19.215650695213153 ], [ -98.952688267961889, 19.215314934132568 ], [ -98.953656969327483, 19.215297686871647 ], [ -98.955159873051571, 19.215306454033456 ], [ -98.95563480751224, 19.215560598221558 ], [ -98.955955196334884, 19.215767114030559 ], [ -98.95613932997523, 19.215879124850083 ], [ -98.956385869694685, 19.216027519211892 ], [ -98.95674996420712, 19.216063635067361 ], [ -98.956921835592993, 19.216067862005378 ], [ -98.957045796848604, 19.216070910560152 ], [ -98.957212703964984, 19.215970066822315 ], [ -98.957576853989707, 19.215790003651456 ], [ -98.957842390150546, 19.215617123006819 ], [ -98.957974191279831, 19.215505882940487 ], [ -98.95814407824497, 19.215355358023249 ], [ -98.958374788244356, 19.215102944246727 ], [ -98.958471546484972, 19.215051908025941 ], [ -98.958696174825207, 19.214933424965146 ], [ -98.959022342282111, 19.214845637292967 ], [ -98.95917465200165, 19.214804642791137 ], [ -98.95941470645495, 19.214714547639389 ], [ -98.959436236210195, 19.21470646725848 ], [ -98.95948174196451, 19.214689388380393 ], [ -98.959810241193225, 19.214628406762429 ], [ -98.960060199451405, 19.214526707030682 ], [ -98.960424415908648, 19.214411463475582 ], [ -98.960710076595163, 19.214316553411912 ], [ -98.961059976710672, 19.214343762811833 ], [ -98.961281330287989, 19.214411646514463 ], [ -98.961321345988679, 19.214415587501339 ], [ -98.961488413192356, 19.214432041188164 ], [ -98.961513961672793, 19.214427552248544 ], [ -98.96153951015188, 19.21442306330545 ], [ -98.961582344458108, 19.214272241233367 ], [ -98.961635462446267, 19.214185781382451 ], [ -98.961508953114915, 19.213669122721026 ], [ -98.963315734282716, 19.212911850435631 ], [ -98.963751102463959, 19.212729371120822 ], [ -98.964587449881577, 19.213065497018881 ], [ -98.965259499932742, 19.213268151718054 ], [ -98.965360670972231, 19.213288766739463 ], [ -98.965396828011535, 19.213178928915418 ], [ -98.965454666843243, 19.2130622298798 ], [ -98.965530566147208, 19.212976428031681 ], [ -98.965602842695205, 19.212935249863659 ], [ -98.965657040817277, 19.212948990609412 ], [ -98.965711228985995, 19.21301078837477 ], [ -98.96581598494808, 19.213168709635916 ], [ -98.965953266716937, 19.213302608361733 ], [ -98.966137527946614, 19.213412487151302 ], [ -98.966469940666116, 19.213515527627589 ], [ -98.966766222427921, 19.213604830370894 ], [ -98.967073351588425, 19.21365980813075 ], [ -98.967366018488093, 19.213759407190231 ], [ -98.967857553886446, 19.213932405698202 ], [ -98.967907996295452, 19.213938000447254 ], [ -98.967885102958988, 19.213965256098742 ], [ -98.967756724871222, 19.214365566817051 ], [ -98.967892008994056, 19.214704946861918 ], [ -98.967753504674377, 19.215132282370853 ], [ -98.967484567849311, 19.215751257175331 ], [ -98.967493806333593, 19.215937645340027 ], [ -98.96730335688909, 19.216540298305638 ], [ -98.967050497956308, 19.21714027687414 ], [ -98.9669782283258, 19.217226059417307 ], [ -98.966905938506656, 19.217412345286505 ], [ -98.966877538329058, 19.217488330499155 ], [ -98.966735634684412, 19.217382898833737 ], [ -98.966118614282763, 19.218811894403803 ], [ -98.966268276182504, 19.218838886327486 ], [ -98.966521150113664, 19.21890021523005 ], [ -98.966761112496485, 19.219008116160836 ], [ -98.967068163205909, 19.219138090555081 ], [ -98.96729781019279, 19.219216573315556 ], [ -98.967617766036696, 19.219336743885975 ], [ -98.968079629010106, 19.219559893310404 ], [ -98.968350550284754, 19.219714372261258 ], [ -98.968652429568266, 19.219912979522867 ], [ -98.968741286036504, 19.219974021242312 ], [ -98.968357676624109, 19.220198025694479 ], [ -98.967874935488339, 19.220602140452922 ], [ -98.967503355351596, 19.220913635154215 ], [ -98.967112590239935, 19.221417979108377 ], [ -98.966852500545372, 19.221792662413375 ], [ -98.96711193749799, 19.221909137828451 ], [ -98.966977787065019, 19.222199796008045 ], [ -98.966924646218388, 19.222401551868369 ], [ -98.966905633413262, 19.222642946373632 ], [ -98.966890440158849, 19.222751032255744 ], [ -98.966894187606201, 19.222978019046032 ], [ -98.96692285008497, 19.223138837191652 ], [ -98.966960859123205, 19.223352096100832 ], [ -98.966825821245322, 19.22344639070376 ], [ -98.966712008978433, 19.22356887049208 ], [ -98.966620933725565, 19.223792237059023 ], [ -98.966745126864282, 19.223993529762957 ], [ -98.966832236914044, 19.224134717712634 ], [ -98.966605669938545, 19.224248007921837 ], [ -98.966495656469519, 19.224338061674349 ], [ -98.966412192013777, 19.224435326136412 ], [ -98.96637434573725, 19.22451693865461 ], [ -98.965961963289772, 19.224357446171997 ], [ -98.966064848536902, 19.224132106254057 ], [ -98.966142364150357, 19.223962330619258 ], [ -98.966153096136225, 19.223944320699047 ], [ -98.966219160175243, 19.223833454995582 ], [ -98.966259978891529, 19.223766994368098 ], [ -98.966362065107191, 19.223614630617938 ], [ -98.966147816030372, 19.223494258130717 ], [ -98.965965717996326, 19.223463697858129 ], [ -98.965680086750126, 19.22335510578635 ], [ -98.965815821304318, 19.223117702567009 ], [ -98.966011050746602, 19.222870534097972 ], [ -98.966062261236814, 19.222805699362091 ], [ -98.966030137163031, 19.222748032174685 ], [ -98.96592659860238, 19.222697135387794 ], [ -98.965504472342857, 19.222639426883635 ], [ -98.965253026918944, 19.222525272896497 ], [ -98.96460196233312, 19.222337349478263 ], [ -98.964367922231773, 19.223091987898133 ], [ -98.9641893041575, 19.223483710247997 ], [ -98.964148301353234, 19.223580806500859 ], [ -98.964030327302524, 19.223860172997643 ], [ -98.963725533130059, 19.22375750065456 ], [ -98.963521543096363, 19.223688784633026 ], [ -98.963578708678909, 19.223531075591239 ], [ -98.963353763384291, 19.223498808281313 ], [ -98.963330618716199, 19.223207105669196 ], [ -98.963078847327381, 19.223383430625613 ], [ -98.962886014371918, 19.223458012074282 ], [ -98.962639627271116, 19.223505447710085 ], [ -98.962457514473286, 19.223542720686353 ], [ -98.962374807943831, 19.223583171667141 ], [ -98.962339669100572, 19.223600357725367 ], [ -98.962225384245954, 19.223702089301145 ], [ -98.96191974567752, 19.223958755297677 ], [ -98.961892672505329, 19.223981490462908 ], [ -98.961802235115002, 19.224093492956516 ], [ -98.961766828175286, 19.224216709029925 ], [ -98.961794311100263, 19.224362342486561 ], [ -98.961835595144208, 19.224560830521423 ], [ -98.961824154617332, 19.224607498137647 ], [ -98.961864989699578, 19.224702155224602 ], [ -98.961845267708739, 19.22499340654603 ], [ -98.961797522131164, 19.225164294213471 ] ] ] ] } },
{ "type": "Feature", "properties": { "id": 2369.0, "entidad": 9, "distrito_f": 9, "distrito_l": 7, "municipio": 11, "seccion": 3730, "tipo": 2, "control": 36452.0, "SECCION_TX": "3730", "SECCION__1": null, "SECCION__2": null, "SECCION_N": "3730", "ESTATUS": "COMPLETA", "ALCALDIA_N": "TLAHUAC", "EN_OPERATI": null, "EN_OP": "SI", "SEC_N": "3730", "EST": "COMPLETA", "ALC_N": "TLAHUAC", "OP": "SI", "NOMBRE": "SAN NICOLAS TETELCO" }, "geometry": { "type": "MultiPolygon", "coordinates": [ [ [ [ -98.972070372190174, 19.218034816852782 ], [ -98.971703969879158, 19.217899939064697 ], [ -98.971644626903867, 19.217855806466481 ], [ -98.971636890155992, 19.217828840953782 ], [ -98.971746935556894, 19.217450485228046 ], [ -98.971827955911721, 19.217171921628594 ], [ -98.97140994469396, 19.217049291808841 ], [ -98.971327371302607, 19.217044376304198 ], [ -98.971146570734874, 19.216933202323094 ], [ -98.970981626519801, 19.216845766448618 ], [ -98.970806167724959, 19.21678200473719 ], [ -98.970733918851437, 19.216762382799676 ], [ -98.970534538193959, 19.217347958491235 ], [ -98.97036892611824, 19.217285470295739 ], [ -98.970273452160072, 19.217270747023573 ], [ -98.970079918968196, 19.217268264224902 ], [ -98.969883807119771, 19.217255975591893 ], [ -98.969744466503144, 19.217236342226602 ], [ -98.969628348597666, 19.217224066510347 ], [ -98.969313531245689, 19.21723872187118 ], [ -98.969050348035381, 19.217118563835019 ], [ -98.968877465068971, 19.217081765031462 ], [ -98.968727803866187, 19.217057226536909 ], [ -98.968647814250673, 19.217035151154871 ], [ -98.96856782465656, 19.217013075737974 ], [ -98.968296898671298, 19.216905171797688 ], [ -98.9680233892811, 19.216814426116436 ], [ -98.967739560344981, 19.21671387300357 ], [ -98.96730335688909, 19.216540298305638 ], [ -98.967493806333593, 19.215937645340027 ], [ -98.967484567849311, 19.215751257175331 ], [ -98.967753504674377, 19.215132282370853 ], [ -98.967892008994056, 19.214704946861918 ], [ -98.967756724871222, 19.214365566817051 ], [ -98.967885102958988, 19.213965256098742 ], [ -98.967907996295452, 19.213938000447254 ], [ -98.967857553886446, 19.213932405698202 ], [ -98.967366018488093, 19.213759407190231 ], [ -98.967073351588425, 19.21365980813075 ], [ -98.966766222427921, 19.213604830370894 ], [ -98.966469940666116, 19.213515527627589 ], [ -98.966137527946614, 19.213412487151302 ], [ -98.965953266716937, 19.213302608361733 ], [ -98.96581598494808, 19.213168709635916 ], [ -98.965711228985995, 19.21301078837477 ], [ -98.965657040817277, 19.212948990609412 ], [ -98.965602842695205, 19.212935249863659 ], [ -98.965530566147208, 19.212976428031681 ], [ -98.965454666843243, 19.2130622298798 ], [ -98.965396828011535, 19.213178928915418 ], [ -98.965360670972231, 19.213288766739463 ], [ -98.965259499932742, 19.213268151718054 ], [ -98.964587449881577, 19.213065497018881 ], [ -98.964659778775129, 19.212780601400258 ], [ -98.964789923097072, 19.212488851568281 ], [ -98.964829675478697, 19.212464830680545 ], [ -98.964898341503712, 19.212409921512279 ], [ -98.964959781439347, 19.212351578290821 ], [ -98.965042921948722, 19.212197125105963 ], [ -98.965104413893144, 19.211891631340595 ], [ -98.965147825747735, 19.211647921735764 ], [ -98.965155074903421, 19.211541511086573 ], [ -98.965209320180364, 19.211328697332167 ], [ -98.965234645464449, 19.211177665170055 ], [ -98.965158811902754, 19.210954529300995 ], [ -98.965158827808239, 19.210879011085424 ], [ -98.965198597080715, 19.210772606603989 ], [ -98.965520321967276, 19.210117031925339 ], [ -98.965677557660612, 19.209849314993988 ], [ -98.96574983138315, 19.209815002044976 ], [ -98.965885348956249, 19.209729211146957 ], [ -98.965993766441585, 19.20964341512229 ], [ -98.966078698261484, 19.209552465717813 ], [ -98.96617086084413, 19.209440921726276 ], [ -98.966230495369587, 19.209368847136965 ], [ -98.966302772263603, 19.209317370733697 ], [ -98.966574420537214, 19.208864908320862 ], [ -98.966597982569695, 19.208885383218398 ], [ -98.966621544608032, 19.208905858112956 ], [ -98.966645106652138, 19.208926333004364 ], [ -98.966668668702127, 19.208946807892705 ], [ -98.966694344712181, 19.208969449277618 ], [ -98.966838505518524, 19.209096568647674 ], [ -98.966902975249113, 19.209153417227295 ], [ -98.96700375903697, 19.209242286951429 ], [ -98.967495409070338, 19.209732849282833 ], [ -98.967610406627628, 19.209847591812064 ], [ -98.967645170095366, 19.209883403167396 ], [ -98.967885248070928, 19.210112038354737 ], [ -98.968450662084848, 19.210515746705326 ], [ -98.968539171806313, 19.210563002361315 ], [ -98.968618393972903, 19.210597678186499 ], [ -98.968654797565861, 19.210613612152738 ], [ -98.968855320262051, 19.21070976043492 ], [ -98.969108234549225, 19.2108179315968 ], [ -98.969283467146226, 19.21089862823635 ], [ -98.969415339329757, 19.210981033801225 ], [ -98.969572500411445, 19.211089188318027 ], [ -98.969697145542639, 19.211175025125293 ], [ -98.969767597591272, 19.211221377484282 ], [ -98.969872377242837, 19.21126430281516 ], [ -98.9699064132882, 19.211280852741538 ], [ -98.969950057663283, 19.2113020746758 ], [ -98.970046708899233, 19.211336416958371 ], [ -98.970143360175356, 19.211370759189812 ], [ -98.97040350335763, 19.211477213413094 ], [ -98.97063835451182, 19.211576797924199 ], [ -98.970777458594583, 19.211636891462682 ], [ -98.970958110522218, 19.211731317944576 ], [ -98.971033985024533, 19.211767372735345 ], [ -98.971465066050342, 19.211996569480199 ], [ -98.971784711525771, 19.212245482300826 ], [ -98.97238824099388, 19.212715456350185 ], [ -98.972661944789166, 19.212995703164971 ], [ -98.972812617322674, 19.213149977014204 ], [ -98.972916305567509, 19.213274592084897 ], [ -98.973021085073441, 19.213438352129501 ], [ -98.973134861146079, 19.21361617248369 ], [ -98.97316119187802, 19.213649534513941 ], [ -98.973286593459079, 19.213808422807752 ], [ -98.97341304431194, 19.213925151138632 ], [ -98.97355394985712, 19.214036732499352 ], [ -98.973661734568154, 19.214116046904884 ], [ -98.973772233850852, 19.214176051357498 ], [ -98.974018490895389, 19.214302062504991 ], [ -98.974280535316097, 19.214428075536439 ], [ -98.974323535600973, 19.214440336781134 ], [ -98.974469970990057, 19.214482091767014 ], [ -98.974384681207468, 19.21474003086016 ], [ -98.974327817169254, 19.214937985289232 ], [ -98.974287587046447, 19.215145812187288 ], [ -98.974168425612845, 19.21557311824256 ], [ -98.974162165470915, 19.215775375387437 ], [ -98.974157284480825, 19.215868013932031 ], [ -98.974138165260186, 19.216263706611244 ], [ -98.974131814732104, 19.216491662362991 ], [ -98.974111336538172, 19.21659468123293 ], [ -98.974100215439648, 19.216650627663995 ], [ -98.973995982574579, 19.216887567829279 ], [ -98.973898063366761, 19.217130507686811 ], [ -98.973806465910172, 19.217328456950263 ], [ -98.973752762982215, 19.217493417873943 ], [ -98.97320971459861, 19.217280379810514 ], [ -98.972991818391733, 19.21747531072516 ], [ -98.972859215482401, 19.217412303119865 ], [ -98.97276449720448, 19.217379295345207 ], [ -98.972663469011223, 19.217316292287961 ], [ -98.972581380645877, 19.217283286302045 ], [ -98.972530742533195, 19.217361186892177 ], [ -98.972519387173335, 19.217378655722904 ], [ -98.972395288627752, 19.217569565851473 ], [ -98.972265553690505, 19.21776914629919 ], [ -98.972070372190174, 19.218034816852782 ] ] ] ] } },
{ "type": "Feature", "properties": { "id": 2356.0, "entidad": 9, "distrito_f": 9, "distrito_l": 7, "municipio": 11, "seccion": 3723, "tipo": 2, "control": 37839.0, "SECCION_TX": "3723", "SECCION__1": null, "SECCION__2": null, "SECCION_N": "3723", "ESTATUS": null, "ALCALDIA_N": "TLAHUAC", "EN_OPERATI": null, "EN_OP": "NO", "SEC_N": "3723", "EST": null, "ALC_N": "TLAHUAC", "OP": "NO", "NOMBRE": "SAN BARTOLOME" }, "geometry": { "type": "MultiPolygon", "coordinates": [ [ [ [ -98.960336542555623, 19.229442557684866 ], [ -98.960256734958179, 19.229417363962185 ], [ -98.960100860893604, 19.229368014970699 ], [ -98.959798162668832, 19.229272181680983 ], [ -98.959259649238078, 19.229102163507243 ], [ -98.95875623683861, 19.228944921438266 ], [ -98.957883888862341, 19.228672437468926 ], [ -98.956700742731726, 19.228295023317209 ], [ -98.956122930008377, 19.228113206720355 ], [ -98.954468106978979, 19.227592481936661 ], [ -98.953042865023633, 19.227229635510803 ], [ -98.95225, 19.22702777780604 ], [ -98.951087346043835, 19.22667311884922 ], [ -98.95093846793462, 19.226627704043928 ], [ -98.949924697093863, 19.226318452509847 ], [ -98.949593940090693, 19.226217553379215 ], [ -98.949152070115645, 19.226082757538226 ], [ -98.946103990903026, 19.225250732630055 ], [ -98.945648116824728, 19.225125992176309 ], [ -98.94565669217836, 19.224759786211376 ], [ -98.947147223445981, 19.219778088924802 ], [ -98.948636807674163, 19.214921960089743 ], [ -98.950183382600699, 19.215557045971064 ], [ -98.950830859791239, 19.215753639747582 ], [ -98.951560644519972, 19.215854713697954 ], [ -98.952281582123518, 19.215650694798967 ], [ -98.952548907661111, 19.216897691022226 ], [ -98.953185558576081, 19.217368344663594 ], [ -98.953230333585253, 19.217400535846586 ], [ -98.953338827808551, 19.217478538131697 ], [ -98.953415462501411, 19.21753363481734 ], [ -98.953492097245388, 19.217588731470705 ], [ -98.953798636732287, 19.217809117761526 ], [ -98.953900409054341, 19.217946888937885 ], [ -98.95405797120911, 19.218160183331051 ], [ -98.95456090174163, 19.218929522262261 ], [ -98.95471001984032, 19.219171658283116 ], [ -98.954749497042613, 19.219235760708614 ], [ -98.955079533904126, 19.219795948797277 ], [ -98.955417444764834, 19.220318797721763 ], [ -98.955810371836094, 19.220908872090554 ], [ -98.956085432966674, 19.221282342751607 ], [ -98.956344797457589, 19.221558724075333 ], [ -98.956575563242453, 19.221842554820874 ], [ -98.95661201086304, 19.221887383513671 ], [ -98.956824216236811, 19.222126412520474 ], [ -98.957044293719065, 19.222328102674272 ], [ -98.957185773074869, 19.222455093314199 ], [ -98.957232928400472, 19.222514849044067 ], [ -98.957341781094911, 19.222599646758038 ], [ -98.957712402670083, 19.222888364811396 ], [ -98.958050413448774, 19.22307514474927 ], [ -98.958663556551571, 19.223392677903306 ], [ -98.958856977016183, 19.223477875420638 ], [ -98.958985856854923, 19.223534644030398 ], [ -98.959316016810988, 19.223687813467826 ], [ -98.959536475098275, 19.223813658414073 ], [ -98.95958710472506, 19.22384255942961 ], [ -98.96056006452703, 19.22439795141047 ], [ -98.960595359827167, 19.224418098762317 ], [ -98.960854758003435, 19.224604856578413 ], [ -98.961124183832638, 19.224791704120904 ], [ -98.961145600888898, 19.224806556872181 ], [ -98.961526860896015, 19.224989605493416 ], [ -98.961703731555005, 19.225086727695363 ], [ -98.961797522131263, 19.22516429380055 ], [ -98.96184526770881, 19.224993406133105 ], [ -98.961864989699663, 19.224702154811588 ], [ -98.961824154617432, 19.22460749772473 ], [ -98.961835595144294, 19.224560830108501 ], [ -98.961794311100377, 19.224362342073547 ], [ -98.961766828175371, 19.224216708616911 ], [ -98.961802235115087, 19.224093492543407 ], [ -98.9618926725054, 19.223981490049802 ], [ -98.96193001552777, 19.223985231858254 ], [ -98.961967358551846, 19.223988973659093 ], [ -98.962714828276205, 19.224216832162096 ], [ -98.962898926496308, 19.224272952057088 ], [ -98.962791870780137, 19.224462699027615 ], [ -98.962545821247076, 19.224898798574863 ], [ -98.962304708310484, 19.225326145893476 ], [ -98.962002441262328, 19.225275359112192 ], [ -98.96194737077704, 19.225435911561835 ], [ -98.9618883597402, 19.225637537652116 ], [ -98.961844560918465, 19.225753950000492 ], [ -98.961809691937603, 19.225846627708734 ], [ -98.961727095545228, 19.226044514775321 ], [ -98.961660239366878, 19.226171458270887 ], [ -98.961580977688854, 19.22630314939758 ], [ -98.961565859208775, 19.226328268313843 ], [ -98.961537506917693, 19.226382765335956 ], [ -98.961339719986526, 19.226762938021345 ], [ -98.961487527973674, 19.226812937274193 ], [ -98.961644354241258, 19.226865986992063 ], [ -98.961868403353549, 19.226944448675788 ], [ -98.961860445736491, 19.226964318759848 ], [ -98.961687472365185, 19.227396230123766 ], [ -98.961652064627728, 19.227519446129151 ], [ -98.961597007800762, 19.227616519707716 ], [ -98.961518365636181, 19.227709854272213 ], [ -98.961446713323113, 19.227823493131478 ], [ -98.961211367778034, 19.228196744243032 ], [ -98.96076930340864, 19.228903153874022 ], [ -98.96054957645994, 19.228866911893274 ], [ -98.960336542555623, 19.229442557684866 ] ] ] ] } },
{ "type": "Feature", "properties": { "id": 2363.0, "entidad": 9, "distrito_f": 9, "distrito_l": 7, "municipio": 11, "seccion": 3724, "tipo": 2, "control": 37837.0, "SECCION_TX": "3724", "SECCION__1": null, "SECCION__2": null, "SECCION_N": "3724", "ESTATUS": null, "ALCALDIA_N": "TLAHUAC", "EN_OPERATI": null, "EN_OP": "NO", "SEC_N": "3724", "EST": null, "ALC_N": "TLAHUAC", "OP": "NO", "NOMBRE": "SAN BARTOLOME" }, "geometry": { "type": "MultiPolygon", "coordinates": [ [ [ [ -98.968605554339547, 19.232172105490932 ], [ -98.9685, 19.23213888891717 ], [ -98.968447179088074, 19.232111490593777 ], [ -98.967826732711288, 19.231788961570562 ], [ -98.966380904166783, 19.231333692538307 ], [ -98.966084762428878, 19.231240440440789 ], [ -98.966059015320056, 19.231232458256596 ], [ -98.966025595307471, 19.231222102725983 ], [ -98.96595793542096, 19.231201136997758 ], [ -98.965902275405355, 19.231183891411742 ], [ -98.965544957555849, 19.231072992964656 ], [ -98.965226599794519, 19.230974148604954 ], [ -98.964745461766768, 19.230823659879917 ], [ -98.963995365204681, 19.230589442554898 ], [ -98.96360630969339, 19.230467353608407 ], [ -98.963036735503195, 19.230289198076196 ], [ -98.962467162544087, 19.230111040771053 ], [ -98.962559009468549, 19.229818806846019 ], [ -98.96264025461987, 19.229560304563229 ], [ -98.962768109377691, 19.229217883415775 ], [ -98.962840863340801, 19.229007707132848 ], [ -98.962922546972052, 19.228746045987098 ], [ -98.963017338022752, 19.228442396110495 ], [ -98.96306116014388, 19.228302017674533 ], [ -98.963312694339578, 19.228537312910376 ], [ -98.963458120652547, 19.22863816112914 ], [ -98.963583900953196, 19.228697930859735 ], [ -98.963619268869849, 19.228750214482396 ], [ -98.963693927617754, 19.22889212290773 ], [ -98.963756805612036, 19.228978018335003 ], [ -98.963902239924906, 19.229045259818054 ], [ -98.964102709155867, 19.229112511980297 ], [ -98.964256021998892, 19.229105073880309 ], [ -98.964502208249229, 19.229071948006627 ], [ -98.964425119342991, 19.228817585541666 ], [ -98.964374052720444, 19.228645809662957 ], [ -98.964354445814976, 19.228421763296421 ], [ -98.964362346547105, 19.228242530788467 ], [ -98.964380480033753, 19.228151587501888 ], [ -98.964492255270827, 19.227383726168508 ], [ -98.964417569182345, 19.227368775502992 ], [ -98.964581398952959, 19.226682216239716 ], [ -98.964824752747106, 19.225849098515678 ], [ -98.96491074309796, 19.225869307162018 ], [ -98.965349512682749, 19.22597242197163 ], [ -98.965371143256618, 19.225923883495039 ], [ -98.965392773817769, 19.225875345015613 ], [ -98.965477537628487, 19.225622694203956 ], [ -98.965491109521224, 19.225582241136241 ], [ -98.965724986891203, 19.225625141785429 ], [ -98.966094490931653, 19.225694375124423 ], [ -98.966124944132943, 19.22575225843643 ], [ -98.96632443095946, 19.225802704808601 ], [ -98.966347027623414, 19.22583444833278 ], [ -98.966483586938693, 19.226042646303735 ], [ -98.96667227192161, 19.226053882861525 ], [ -98.966931719885494, 19.22603899370791 ], [ -98.96699854810683, 19.226031537672657 ], [ -98.967045750438515, 19.225878450380357 ], [ -98.967297312492434, 19.225983048687191 ], [ -98.967674660552888, 19.226117541237517 ], [ -98.968928562271302, 19.226558375362941 ], [ -98.969044563386092, 19.226362357718727 ], [ -98.969160564225461, 19.226166339996478 ], [ -98.969172455921708, 19.22611696062982 ], [ -98.969223508692195, 19.225904967524379 ], [ -98.969224750756752, 19.2256688284258 ], [ -98.970007954358465, 19.226297869312269 ], [ -98.97004893757375, 19.226330785327686 ], [ -98.970366088016902, 19.226636258504115 ], [ -98.970542411606615, 19.226806089247816 ], [ -98.970662850607283, 19.226922092967179 ], [ -98.970731061619077, 19.226987791935269 ], [ -98.970749658327733, 19.227005703759396 ], [ -98.971129845510063, 19.227407102299761 ], [ -98.97084087128772, 19.228878629846953 ], [ -98.970640098634931, 19.229323414206732 ], [ -98.970640079619713, 19.229430437703609 ], [ -98.970756235539397, 19.229631125346899 ], [ -98.97088647381743, 19.229841848604245 ], [ -98.971044879567415, 19.230055920704153 ], [ -98.971164576064155, 19.230149585144918 ], [ -98.97137933193072, 19.230283398195901 ], [ -98.971717322792131, 19.230413885582777 ], [ -98.972122956618293, 19.230521755406695 ], [ -98.971178037664487, 19.232855780606503 ], [ -98.969472747304607, 19.232311280857505 ], [ -98.968605554339547, 19.232172105490932 ] ] ] ] } },
{ "type": "Feature", "properties": { "id": 2365.0, "entidad": 9, "distrito_f": 9, "distrito_l": 7, "municipio": 11, "seccion": 3726, "tipo": 2, "control": 37838.0, "SECCION_TX": "3726", "SECCION__1": null, "SECCION__2": null, "SECCION_N": "3726", "ESTATUS": null, "ALCALDIA_N": "TLAHUAC", "EN_OPERATI": null, "EN_OP": "NO", "SEC_N": "3726", "EST": null, "ALC_N": "TLAHUAC", "OP": "NO", "NOMBRE": "SAN BARTOLOME" }, "geometry": { "type": "MultiPolygon", "coordinates": [ [ [ [ -98.962467162544087, 19.230111040771053 ], [ -98.962306219807871, 19.230060515620039 ], [ -98.962156978085304, 19.230013663642911 ], [ -98.961555688689302, 19.229825029929639 ], [ -98.96136583499657, 19.229765469411912 ], [ -98.960525176815565, 19.229501736938115 ], [ -98.960336542555623, 19.229442557684866 ], [ -98.96054957645994, 19.228866911893274 ], [ -98.96076930340864, 19.228903153874022 ], [ -98.961211367778034, 19.228196744243032 ], [ -98.961446713323113, 19.227823493131478 ], [ -98.961518365636181, 19.227709854272213 ], [ -98.961597007800762, 19.227616519707716 ], [ -98.961652064627728, 19.227519446129151 ], [ -98.961687472365185, 19.227396230123766 ], [ -98.961860445736491, 19.226964318759848 ], [ -98.961868403353549, 19.226944448675788 ], [ -98.961644354241258, 19.226865986992063 ], [ -98.961487527973674, 19.226812937274193 ], [ -98.961339719986526, 19.226762938021345 ], [ -98.961537506917693, 19.226382765335956 ], [ -98.961565859208775, 19.226328268313843 ], [ -98.961580977688854, 19.22630314939758 ], [ -98.961660239366878, 19.226171458270887 ], [ -98.961727095545228, 19.226044514775321 ], [ -98.961809691937603, 19.225846627708734 ], [ -98.961844560918465, 19.225753950000492 ], [ -98.9618883597402, 19.225637537652116 ], [ -98.96194737077704, 19.225435911561835 ], [ -98.962002441262328, 19.225275359112192 ], [ -98.962304708310484, 19.225326145893476 ], [ -98.962606853718427, 19.225376911706952 ], [ -98.962776609389337, 19.225405433452782 ], [ -98.963248510923123, 19.225484719796448 ], [ -98.963543558567864, 19.224465384754012 ], [ -98.964236151163291, 19.224633934676106 ], [ -98.964695266104101, 19.224745663644189 ], [ -98.964753121951944, 19.224506882886718 ], [ -98.964863435907262, 19.22404143078505 ], [ -98.964950342181538, 19.224068428827071 ], [ -98.965414748529838, 19.224181960215102 ], [ -98.965227967031453, 19.224644066731511 ], [ -98.965155171108776, 19.224824166627396 ], [ -98.965092243494396, 19.22497725045233 ], [ -98.96503716031178, 19.225212484716529 ], [ -98.964978130178167, 19.22552239907921 ], [ -98.965410518709845, 19.225610231264454 ], [ -98.965477537628487, 19.225622694203956 ], [ -98.965392773817769, 19.225875345015613 ], [ -98.965371143256618, 19.225923883495039 ], [ -98.965349512682749, 19.22597242197163 ], [ -98.96491074309796, 19.225869307162018 ], [ -98.964824752747106, 19.225849098515678 ], [ -98.964581398952959, 19.226682216239716 ], [ -98.964417569182345, 19.227368775502992 ], [ -98.964492255270827, 19.227383726168508 ], [ -98.964380480033753, 19.228151587501888 ], [ -98.964362346547105, 19.228242530788467 ], [ -98.964354445814976, 19.228421763296421 ], [ -98.964374052720444, 19.228645809662957 ], [ -98.964425119342991, 19.228817585541666 ], [ -98.964502208249229, 19.229071948006627 ], [ -98.964256021998892, 19.229105073880309 ], [ -98.964102709155867, 19.229112511980297 ], [ -98.963902239924906, 19.229045259818054 ], [ -98.963756805612036, 19.228978018335003 ], [ -98.963693927617754, 19.22889212290773 ], [ -98.963619268869849, 19.228750214482396 ], [ -98.963583900953196, 19.228697930859735 ], [ -98.963458120652547, 19.22863816112914 ], [ -98.963312694339578, 19.228537312910376 ], [ -98.96306116014388, 19.228302017674533 ], [ -98.963017338022752, 19.228442396110495 ], [ -98.962922546972052, 19.228746045987098 ], [ -98.962840863340801, 19.229007707132848 ], [ -98.962768109377691, 19.229217883415775 ], [ -98.96264025461987, 19.229560304563229 ], [ -98.962559009468549, 19.229818806846019 ], [ -98.962467162544087, 19.230111040771053 ] ] ] ] } },
{ "type": "Feature", "properties": { "id": 2366.0, "entidad": 9, "distrito_f": 9, "distrito_l": 7, "municipio": 11, "seccion": 3727, "tipo": 2, "control": 36424.0, "SECCION_TX": "3727", "SECCION__1": null, "SECCION__2": null, "SECCION_N": "3727", "ESTATUS": null, "ALCALDIA_N": "TLAHUAC", "EN_OPERATI": null, "EN_OP": "NO", "SEC_N": "3727", "EST": null, "ALC_N": "TLAHUAC", "OP": "NO", "NOMBRE": "SAN BARTOLOME" }, "geometry": { "type": "MultiPolygon", "coordinates": [ [ [ [ -98.963248510923009, 19.225484720209373 ], [ -98.962776609389238, 19.225405433865618 ], [ -98.962606853718341, 19.225376912119874 ], [ -98.962304708310413, 19.225326146306305 ], [ -98.962545821246977, 19.224898798987788 ], [ -98.962791870780023, 19.224462699440537 ], [ -98.962898926496194, 19.224272952470102 ], [ -98.96271482827612, 19.224216832575113 ], [ -98.961967358551746, 19.223988974072199 ], [ -98.961930015527699, 19.223985232271353 ], [ -98.961892672505329, 19.223981490462908 ], [ -98.96191974567752, 19.223958755297677 ], [ -98.962225384245954, 19.223702089301145 ], [ -98.962339669100572, 19.223600357725367 ], [ -98.962374807943831, 19.223583171667141 ], [ -98.962457514473286, 19.223542720686353 ], [ -98.962639627271116, 19.223505447710085 ], [ -98.962886014371918, 19.223458012074282 ], [ -98.963078847327381, 19.223383430625613 ], [ -98.963330618716199, 19.223207105669196 ], [ -98.963353763384291, 19.223498808281313 ], [ -98.963578708678909, 19.223531075591239 ], [ -98.963521543096363, 19.223688784633026 ], [ -98.963725533130059, 19.22375750065456 ], [ -98.964030327302524, 19.223860172997643 ], [ -98.964148301353234, 19.223580806500859 ], [ -98.9641893041575, 19.223483710247997 ], [ -98.964367922231773, 19.223091987898133 ], [ -98.96460196233312, 19.222337349478263 ], [ -98.965253026918944, 19.222525272896497 ], [ -98.965504472342857, 19.222639426883635 ], [ -98.96592659860238, 19.222697135387794 ], [ -98.966030137163031, 19.222748032174685 ], [ -98.966062261236814, 19.222805699362091 ], [ -98.966011050746602, 19.222870534097972 ], [ -98.965815821304318, 19.223117702567009 ], [ -98.965680086750126, 19.22335510578635 ], [ -98.965965717996326, 19.223463697858129 ], [ -98.966147816030372, 19.223494258130717 ], [ -98.966362065107191, 19.223614630617938 ], [ -98.966259978891529, 19.223766994368098 ], [ -98.966219160175243, 19.223833454995582 ], [ -98.966153096136225, 19.223944320699047 ], [ -98.966142364150357, 19.223962330619258 ], [ -98.966064848536902, 19.224132106254057 ], [ -98.965961963289772, 19.224357446171997 ], [ -98.965863906510663, 19.224320891983776 ], [ -98.965469700339639, 19.224173936773298 ], [ -98.965414748529767, 19.224181960628119 ], [ -98.964950342181453, 19.224068429240081 ], [ -98.964863435907162, 19.224041431198064 ], [ -98.964753121951844, 19.224506883299735 ], [ -98.964695266104002, 19.224745664057114 ], [ -98.964236151163192, 19.224633935089035 ], [ -98.963543558567764, 19.224465385167022 ], [ -98.963248510923009, 19.225484720209373 ] ] ] ] } },
{ "type": "Feature", "properties": { "id": 2352.0, "entidad": 9, "distrito_f": 9, "distrito_l": 7, "municipio": 11, "seccion": 3721, "tipo": 2, "control": 37723.0, "SECCION_TX": "3721", "SECCION__1": null, "SECCION__2": null, "SECCION_N": "3721", "ESTATUS": null, "ALCALDIA_N": "TLAHUAC", "EN_OPERATI": null, "EN_OP": "NO", "SEC_N": "3721", "EST": null, "ALC_N": "TLAHUAC", "OP": "NO", "NOMBRE": "LOPEZ PORTILLO" }, "geometry": { "type": "MultiPolygon", "coordinates": [ [ [ [ -98.997208488775726, 19.236967281351546 ], [ -98.997065622621491, 19.2368712954103 ], [ -98.996828673411699, 19.236755449052723 ], [ -98.996354779349019, 19.23637150538724 ], [ -98.996197148349168, 19.236261843247885 ], [ -98.9961073789799, 19.236199391566302 ], [ -98.995943606828746, 19.236100094512739 ], [ -98.99577635149771, 19.235954460264448 ], [ -98.995609094790055, 19.235871711745631 ], [ -98.995448805996304, 19.235838609997682 ], [ -98.995326640596673, 19.235838973969759 ], [ -98.995379201330735, 19.235640841318254 ], [ -98.99537442779399, 19.235442621242175 ], [ -98.995350079260987, 19.235314437617813 ], [ -98.995336200823786, 19.235241374053739 ], [ -98.995194426288919, 19.235079465531811 ], [ -98.995122743574754, 19.234965978922613 ], [ -98.995062213782802, 19.234796506791838 ], [ -98.995049153956998, 19.23475678646555 ], [ -98.99498747625212, 19.23456919880805 ], [ -98.995207717120181, 19.234589453421869 ], [ -98.995355142479951, 19.234597694412308 ], [ -98.995592343184384, 19.234560021539131 ], [ -98.995851068566921, 19.23453633618616 ], [ -98.995911653309008, 19.233937641130954 ], [ -98.995894878947908, 19.233846130719638 ], [ -98.995976245114818, 19.233153564195145 ], [ -98.99608308079533, 19.232244199188209 ], [ -98.996087496958992, 19.232194807470336 ], [ -98.99611444938661, 19.231893362671702 ], [ -98.996057708417382, 19.231910350397158 ], [ -98.99579387525138, 19.231989339348829 ], [ -98.995654495477652, 19.232015814372708 ], [ -98.995238507529564, 19.231996124173158 ], [ -98.994765954871141, 19.231979383500324 ], [ -98.99465789086922, 19.231982988942857 ], [ -98.99460040490338, 19.231984906875979 ], [ -98.99454982686261, 19.231986594321626 ], [ -98.994486904048259, 19.231234476489593 ], [ -98.994404565133237, 19.230645753782369 ], [ -98.994222319029177, 19.229666314859493 ], [ -98.994259849956322, 19.22965781781155 ], [ -98.994325707447231, 19.229642907574078 ], [ -98.994148306513836, 19.228859449445871 ], [ -98.994399338186653, 19.228766895028631 ], [ -98.994471825577136, 19.228740169121629 ], [ -98.994678264543168, 19.228707906897505 ], [ -98.994869024296605, 19.228685572721634 ], [ -98.99504410435712, 19.228690541902516 ], [ -98.995221814720139, 19.228710406029187 ], [ -98.995266220336418, 19.228715369576953 ], [ -98.995298150456136, 19.22871668909378 ], [ -98.995446526648152, 19.228722820688077 ], [ -98.995612858412215, 19.228701913582007 ], [ -98.995703425275778, 19.228685984154911 ], [ -98.995841112054634, 19.228660775575005 ], [ -98.996037098286877, 19.228621065041587 ], [ -98.996077889549895, 19.228491760425424 ], [ -98.996116157906101, 19.228384447557254 ], [ -98.996199124506191, 19.22810973939545 ], [ -98.996483955866367, 19.228092369824086 ], [ -98.996740042956731, 19.228065070580151 ], [ -98.997367194225163, 19.228025365787197 ], [ -98.997369374492223, 19.228088116608827 ], [ -98.997385477789223, 19.22855158821416 ], [ -98.997380251085701, 19.228578892118893 ], [ -98.997346280240933, 19.228583855989772 ], [ -98.997301856647752, 19.228601230600376 ], [ -98.997290097168872, 19.228623570046118 ], [ -98.99727833768678, 19.228645909491146 ], [ -98.9973360035345, 19.228906989156986 ], [ -98.997382416175995, 19.229117119794012 ], [ -98.997412099248109, 19.229277067334817 ], [ -98.997425896859582, 19.229371732779388 ], [ -98.997471693900479, 19.229685945592614 ], [ -98.996815795488487, 19.229527075865139 ], [ -98.996699308677577, 19.230299552509823 ], [ -98.996637374670769, 19.230710261877221 ], [ -98.996592504018295, 19.231007815962208 ], [ -98.996520468212751, 19.231485510055517 ], [ -98.996489104757671, 19.231733727369068 ], [ -98.996925506901917, 19.231726288678274 ], [ -98.997404382993139, 19.231747567304044 ], [ -98.997845035489632, 19.23181603671194 ], [ -98.997870850978785, 19.231820047936232 ], [ -98.997999631403275, 19.23184232128968 ], [ -98.998602360634266, 19.232026941826295 ], [ -98.99863817182198, 19.231922771182447 ], [ -98.99950341288222, 19.23224633031791 ], [ -98.999375912876857, 19.233225591126327 ], [ -98.999240013894479, 19.23395705292473 ], [ -98.998546114214975, 19.233768174480154 ], [ -98.99861280440993, 19.233500299032457 ], [ -98.99855165721425, 19.233201306723618 ], [ -98.998483882109539, 19.233007140143936 ], [ -98.998288747867605, 19.233232203762707 ], [ -98.998187695424505, 19.233401001790611 ], [ -98.998034373545693, 19.233702190573975 ], [ -98.997459427770224, 19.23377499875135 ], [ -98.997361850632302, 19.234446883528939 ], [ -98.997915890581751, 19.234456820024757 ], [ -98.99804830268306, 19.234456821483921 ], [ -98.998124387697786, 19.234401176779951 ], [ -98.998164709611217, 19.234349897856291 ], [ -98.998410693267402, 19.234501507070448 ], [ -98.998471672081806, 19.234551154347795 ], [ -98.998497805612672, 19.234600801321921 ], [ -98.998511743040041, 19.23467858135588 ], [ -98.998527422969474, 19.234731538023667 ], [ -98.998527422674442, 19.234764635861673 ], [ -98.998522195293873, 19.234829176603277 ], [ -98.998509999026879, 19.2348722036933 ], [ -98.998506514025337, 19.23492350531296 ], [ -98.998513482745608, 19.234963222774415 ], [ -98.998532647228686, 19.235017834360196 ], [ -98.998564007693247, 19.235064171580525 ], [ -98.998630213603107, 19.235110509059258 ], [ -98.998745203087182, 19.235166776205521 ], [ -98.99878004835567, 19.235189944926415 ], [ -98.99881489363392, 19.235213113640711 ], [ -98.99885322326061, 19.235266070422721 ], [ -98.998853222686193, 19.235348815012618 ], [ -98.99880792294384, 19.235434869096032 ], [ -98.998780045838103, 19.235530852634831 ], [ -98.998814889906043, 19.23573274965587 ], [ -98.998847461910984, 19.235882925827511 ], [ -98.998653453925968, 19.235880621039698 ], [ -98.998515223411559, 19.235859888797087 ], [ -98.998266660679292, 19.235752629159293 ], [ -98.998107895976659, 19.23608687813303 ], [ -98.998155221292549, 19.236123657478316 ], [ -98.99828859365519, 19.236140004934608 ], [ -98.998155669197814, 19.236497906969625 ], [ -98.997993008096358, 19.236443652468008 ], [ -98.997841038858482, 19.236382768347724 ], [ -98.99777971594267, 19.236357163124275 ], [ -98.997755575155281, 19.236450962713665 ], [ -98.99769633546272, 19.236593282653658 ], [ -98.997644065247016, 19.23670581461424 ], [ -98.997581341756799, 19.236781938807113 ], [ -98.997494225649262, 19.236891160475871 ], [ -98.997445440705661, 19.236944116329884 ], [ -98.997393171618313, 19.236967284074197 ], [ -98.997295603053175, 19.236983831573944 ], [ -98.997208488775726, 19.236967281351546 ] ] ] ] } },
{ "type": "Feature", "properties": { "id": 2360.0, "entidad": 9, "distrito_f": 9, "distrito_l": 7, "municipio": 11, "seccion": 3718, "tipo": 2, "control": 37722.0, "SECCION_TX": "3718", "SECCION__1": null, "SECCION__2": null, "SECCION_N": "3718", "ESTATUS": "COMPLETA", "ALCALDIA_N": "TLAHUAC", "EN_OPERATI": null, "EN_OP": "SI", "SEC_N": "3718", "EST": "COMPLETA", "ALC_N": "TLAHUAC", "OP": "SI", "NOMBRE": "LOPEZ PORTILLO" }, "geometry": { "type": "MultiPolygon", "coordinates": [ [ [ [ -98.996923106095466, 19.241012492816335 ], [ -98.996531675925908, 19.240853020180694 ], [ -98.995982007067028, 19.240629077554715 ], [ -98.996167376671877, 19.240163127298523 ], [ -98.996174199402674, 19.240145977436107 ], [ -98.996248888759155, 19.239958235322202 ], [ -98.996257581896998, 19.239936383877868 ], [ -98.996366390613673, 19.239662877090066 ], [ -98.996484401718448, 19.239391840120717 ], [ -98.996525344175382, 19.239297807052157 ], [ -98.996528371549502, 19.239271453466372 ], [ -98.996542686848002, 19.239146837287485 ], [ -98.996541426088399, 19.239117284446948 ], [ -98.996534021362365, 19.238943713721728 ], [ -98.996510907164947, 19.238702161123246 ], [ -98.99648779052518, 19.238578639688182 ], [ -98.996506150241942, 19.238428258558969 ], [ -98.996510913775268, 19.238389241270976 ], [ -98.996022523568868, 19.238249240848226 ], [ -98.995794222277979, 19.238216296813015 ], [ -98.995288490674781, 19.238186090474755 ], [ -98.995121438559167, 19.237111780894697 ], [ -98.995060062583306, 19.236915007709772 ], [ -98.994972140750534, 19.236612168920036 ], [ -98.994856321124757, 19.236210280393411 ], [ -98.994848462186525, 19.236183010181929 ], [ -98.994749401662816, 19.236152608252233 ], [ -98.994668012291527, 19.236082488316224 ], [ -98.994647193631437, 19.236006976463887 ], [ -98.994667235797323, 19.235910541857539 ], [ -98.994726717541639, 19.23581694362532 ], [ -98.994764276545936, 19.234942499580704 ], [ -98.994761083656613, 19.234569610380706 ], [ -98.994759877419753, 19.234428736694035 ], [ -98.994678221472043, 19.233524931208247 ], [ -98.994563464944264, 19.23220382333243 ], [ -98.99454982686261, 19.231986594321626 ], [ -98.99460040490338, 19.231984906875979 ], [ -98.99465789086922, 19.231982988942857 ], [ -98.994765954871141, 19.231979383500324 ], [ -98.995238507529564, 19.231996124173158 ], [ -98.995654495477652, 19.232015814372708 ], [ -98.99579387525138, 19.231989339348829 ], [ -98.996057708417382, 19.231910350397158 ], [ -98.99611444938661, 19.231893362671702 ], [ -98.996087496958992, 19.232194807470336 ], [ -98.99608308079533, 19.232244199188209 ], [ -98.995976245114818, 19.233153564195145 ], [ -98.995894878947908, 19.233846130719638 ], [ -98.995911653309008, 19.233937641130954 ], [ -98.995851068566921, 19.23453633618616 ], [ -98.995592343184384, 19.234560021539131 ], [ -98.995355142479951, 19.234597694412308 ], [ -98.995207717120181, 19.234589453421869 ], [ -98.99498747625212, 19.23456919880805 ], [ -98.995049153956998, 19.23475678646555 ], [ -98.995062213782802, 19.234796506791838 ], [ -98.995122743574754, 19.234965978922613 ], [ -98.995194426288919, 19.235079465531811 ], [ -98.995336200823786, 19.235241374053739 ], [ -98.995350079260987, 19.235314437617813 ], [ -98.99537442779399, 19.235442621242175 ], [ -98.995379201330735, 19.235640841318254 ], [ -98.995326640596673, 19.235838973969759 ], [ -98.995448805996304, 19.235838609997682 ], [ -98.995609094790055, 19.235871711745631 ], [ -98.99577635149771, 19.235954460264448 ], [ -98.995943606828746, 19.236100094512739 ], [ -98.9961073789799, 19.236199391566302 ], [ -98.996197148349168, 19.236261843247885 ], [ -98.996354779349019, 19.23637150538724 ], [ -98.996828673411699, 19.236755449052723 ], [ -98.997065622621491, 19.2368712954103 ], [ -98.997208488775726, 19.236967281351546 ], [ -98.997295603053175, 19.236983831573944 ], [ -98.997393171618313, 19.236967284074197 ], [ -98.997445440705661, 19.236944116329884 ], [ -98.997494225649262, 19.236891160475871 ], [ -98.997581341756799, 19.236781938807113 ], [ -98.997644065247016, 19.23670581461424 ], [ -98.99769633546272, 19.236593282653658 ], [ -98.997755575155281, 19.236450962713665 ], [ -98.99777971594267, 19.236357163124275 ], [ -98.997841038858482, 19.236382768347724 ], [ -98.997993008096358, 19.236443652468008 ], [ -98.998155669197814, 19.236497906969625 ], [ -98.99828859365519, 19.236140004934608 ], [ -98.998155221292549, 19.236123657478316 ], [ -98.998107895976659, 19.23608687813303 ], [ -98.998266660679292, 19.235752629159293 ], [ -98.998515223411559, 19.235859888797087 ], [ -98.998653453925968, 19.235880621039698 ], [ -98.998847461910984, 19.235882925827511 ], [ -98.998814889906043, 19.23573274965587 ], [ -98.998780045838103, 19.235530852634831 ], [ -98.99880792294384, 19.235434869096032 ], [ -98.998853222686193, 19.235348815012618 ], [ -98.99885322326061, 19.235266070422721 ], [ -98.99881489363392, 19.235213113640711 ], [ -98.99878004835567, 19.235189944926415 ], [ -98.998745203087182, 19.235166776205521 ], [ -98.998630213603107, 19.235110509059258 ], [ -98.998564007693247, 19.235064171580525 ], [ -98.998532647228686, 19.235017834360196 ], [ -98.998513482745608, 19.234963222774415 ], [ -98.998506514025337, 19.23492350531296 ], [ -98.998509999026879, 19.2348722036933 ], [ -98.998522195293873, 19.234829176603277 ], [ -98.998527422674442, 19.234764635861673 ], [ -98.998527422969474, 19.234731538023667 ], [ -98.998511743040041, 19.23467858135588 ], [ -98.998497805612672, 19.234600801321921 ], [ -98.998471672081806, 19.234551154347795 ], [ -98.998410693267402, 19.234501507070448 ], [ -98.998164709611217, 19.234349897856291 ], [ -98.998124387697786, 19.234401176779951 ], [ -98.99804830268306, 19.234456821483921 ], [ -98.997915890581751, 19.234456820024757 ], [ -98.997361850632302, 19.234446883528939 ], [ -98.997459427770224, 19.23377499875135 ], [ -98.998034373545693, 19.233702190573975 ], [ -98.998187695424505, 19.233401001790611 ], [ -98.998288747867605, 19.233232203762707 ], [ -98.998483882109539, 19.233007140143936 ], [ -98.99855165721425, 19.233201306723618 ], [ -98.99861280440993, 19.233500299032457 ], [ -98.998546114214975, 19.233768174480154 ], [ -98.999240013894479, 19.23395705292473 ], [ -98.999375912876857, 19.233225591126327 ], [ -98.99950341288222, 19.23224633031791 ], [ -98.999922830423273, 19.232374163190094 ], [ -99.000254706473029, 19.232493307616512 ], [ -99.000316159184251, 19.232520768322846 ], [ -99.00063360810249, 19.232662622801552 ], [ -99.00070534405269, 19.23269467844969 ], [ -99.000704272972342, 19.233031119731677 ], [ -99.00057265765939, 19.233283758481576 ], [ -99.000578426819089, 19.2333056777025 ], [ -99.000610156860532, 19.233327596838528 ], [ -99.00064834115679, 19.233341764518872 ], [ -99.001163990419698, 19.233533087018568 ], [ -99.001625520799365, 19.233842692741213 ], [ -99.00198897692735, 19.234064621433248 ], [ -99.002177009420379, 19.234181675910506 ], [ -99.002415894970568, 19.234330387045414 ], [ -99.002645974202679, 19.234480569195242 ], [ -99.002753684569271, 19.234550875974481 ], [ -99.003063143084219, 19.234765734000778 ], [ -99.003015892252321, 19.234815341241809 ], [ -99.00293801003113, 19.234878360309491 ], [ -99.002799552746737, 19.234998918271678 ], [ -99.002672634174971, 19.235157834620171 ], [ -99.00241900154758, 19.235588382208078 ], [ -99.002403350417396, 19.235619973889204 ], [ -99.002174444567757, 19.235520866240606 ], [ -99.001986108479713, 19.235404434739515 ], [ -99.001663034914472, 19.235327720639578 ], [ -99.001412023751783, 19.235300323704646 ], [ -99.001074580940241, 19.235292106283062 ], [ -99.000956313206615, 19.23527566751331 ], [ -99.000855353080055, 19.235283887725569 ], [ -99.000760162336078, 19.235344166039582 ], [ -99.000703693191838, 19.235353295971862 ], [ -99.000624587278466, 19.235366085786389 ], [ -99.000510293748647, 19.235335788326388 ], [ -99.000448627844207, 19.235297588695289 ], [ -98.999972672719721, 19.235166073836492 ], [ -98.99992363491782, 19.235248270951864 ], [ -98.999860174148537, 19.235368826702601 ], [ -98.999790944196022, 19.235434584338613 ], [ -98.99974767543516, 19.235483902560315 ], [ -98.99971306043355, 19.235508561647308 ], [ -98.999658253390308, 19.235516781265879 ], [ -98.999522677989404, 19.235557879525789 ], [ -98.99943902493952, 19.235615417276726 ], [ -98.999407294378116, 19.235659255643583 ], [ -98.999395755705521, 19.235752412347249 ], [ -98.999413063076744, 19.23579077106146 ], [ -98.999511138740289, 19.235870228569105 ], [ -98.999666906120666, 19.236018183739379 ], [ -98.99973325153573, 19.23610312087375 ], [ -98.999730366788484, 19.236199017510351 ], [ -98.99970440527072, 19.236303133822073 ], [ -98.999663735074634, 19.236406562443541 ], [ -98.999641134985893, 19.236484540972846 ], [ -98.999574597473156, 19.236714119154218 ], [ -98.999491829835662, 19.236868996317764 ], [ -98.999462097323402, 19.236927831356525 ], [ -98.999292991473538, 19.237193982556946 ], [ -98.999239980914425, 19.237322376706832 ], [ -98.999172910220722, 19.237600129035876 ], [ -98.999115940105355, 19.237788159762594 ], [ -98.999061131824419, 19.237875836402466 ], [ -98.998939977028627, 19.237982691977308 ], [ -98.998833245222443, 19.238086807659723 ], [ -98.998795744863131, 19.23811831630648 ], [ -98.99877699467811, 19.238134070626852 ], [ -98.998758244489537, 19.23814982494536 ], [ -98.998515934267388, 19.238327916862474 ], [ -98.998504401751745, 19.238348094707973 ], [ -98.998461125412248, 19.238423813027584 ], [ -98.998406316414147, 19.238527928885055 ], [ -98.998314006422333, 19.238697802062031 ], [ -98.998215926607486, 19.23890055397165 ], [ -98.998146693874475, 19.239023848927079 ], [ -98.998051498435174, 19.239215641158058 ], [ -98.998013997390387, 19.239270438816988 ], [ -98.998042340588285, 19.239319343888862 ], [ -98.997954044389289, 19.23938960811547 ], [ -98.997713018325342, 19.23964799983602 ], [ -98.997421878118047, 19.239883724343358 ], [ -98.997364603504536, 19.23999478785661 ], [ -98.997295395990889, 19.240164783266277 ], [ -98.997202305228342, 19.240364040523691 ], [ -98.997069678397651, 19.240672072877821 ], [ -98.996923106095466, 19.241012492816335 ] ] ] ] } },
{ "type": "Feature", "properties": { "id": 2358.0, "entidad": 9, "distrito_f": 9, "distrito_l": 7, "municipio": 11, "seccion": 3717, "tipo": 2, "control": 36332.0, "SECCION_TX": "3717", "SECCION__1": null, "SECCION__2": null, "SECCION_N": "3717", "ESTATUS": "COMPLETA", "ALCALDIA_N": "TLAHUAC", "EN_OPERATI": null, "EN_OP": "SI", "SEC_N": "3717", "EST": "COMPLETA", "ALC_N": "TLAHUAC", "OP": "SI", "NOMBRE": "LA CONCEPCION" }, "geometry": { "type": "MultiPolygon", "coordinates": [ [ [ [ -98.999681085035633, 19.241552197878768 ], [ -98.999653034194566, 19.241540835379809 ], [ -98.99960778766841, 19.241522507446092 ], [ -98.999531423263747, 19.241472641657982 ], [ -98.999462218372301, 19.241332111114939 ], [ -98.999173467443114, 19.240896919255061 ], [ -98.99915291971466, 19.240867478786999 ], [ -98.998891876953053, 19.24049345962608 ], [ -98.998854692880911, 19.240442443993846 ], [ -98.998698582489851, 19.240228263948179 ], [ -98.998645617514782, 19.240175072228418 ], [ -98.998426473612568, 19.239954989633823 ], [ -98.99832392569003, 19.239852002158752 ], [ -98.998272619763412, 19.239757936993716 ], [ -98.998221313895243, 19.239663871813438 ], [ -98.998042340588285, 19.239319343888862 ], [ -98.998013997390387, 19.239270438816988 ], [ -98.998051498435174, 19.239215641158058 ], [ -98.998146693874475, 19.239023848927079 ], [ -98.998215926607486, 19.23890055397165 ], [ -98.998314006422333, 19.238697802062031 ], [ -98.998406316414147, 19.238527928885055 ], [ -98.998461125412248, 19.238423813027584 ], [ -98.998504401751745, 19.238348094707973 ], [ -98.998515934267388, 19.238327916862474 ], [ -98.998758244489537, 19.23814982494536 ], [ -98.99877699467811, 19.238134070626852 ], [ -98.998795744863131, 19.23811831630648 ], [ -98.998833245222443, 19.238086807659723 ], [ -98.998939977028627, 19.237982691977308 ], [ -98.999061131824419, 19.237875836402466 ], [ -98.999115940105355, 19.237788159762594 ], [ -98.999172910220722, 19.237600129035876 ], [ -98.999239980914425, 19.237322376706832 ], [ -98.999292991473538, 19.237193982556946 ], [ -98.999462097323402, 19.236927831356525 ], [ -98.999491829835662, 19.236868996317764 ], [ -98.999574597473156, 19.236714119154218 ], [ -98.999641134985893, 19.236484540972846 ], [ -98.999663735074634, 19.236406562443541 ], [ -98.99970440527072, 19.236303133822073 ], [ -98.999730366788484, 19.236199017510351 ], [ -98.99973325153573, 19.23610312087375 ], [ -98.999666906120666, 19.236018183739471 ], [ -98.999511138740289, 19.235870228569105 ], [ -98.999413063076744, 19.23579077106146 ], [ -98.999395755705521, 19.235752412347249 ], [ -98.999407294378116, 19.235659255643583 ], [ -98.99943902493952, 19.235615417276726 ], [ -98.999522677989404, 19.235557879525789 ], [ -98.999658253390308, 19.235516781265879 ], [ -98.99971306043355, 19.235508561647308 ], [ -98.99974767543516, 19.235483902560315 ], [ -98.999790944196022, 19.235434584338613 ], [ -98.999860174148537, 19.235368826702601 ], [ -98.99992363491782, 19.235248270951864 ], [ -98.999972672719721, 19.235166073836492 ], [ -99.000448627844207, 19.235297588695289 ], [ -99.000510293748647, 19.235335788326388 ], [ -99.000624587278466, 19.235366085786389 ], [ -99.000703693191838, 19.235353295971862 ], [ -99.000760162336078, 19.235344166039582 ], [ -99.000855353080055, 19.235283887725664 ], [ -99.000956313206615, 19.23527566751331 ], [ -99.001074580940241, 19.235292106283158 ], [ -99.001412023751783, 19.235300323704646 ], [ -99.001663034914472, 19.235327720639578 ], [ -99.001986108479713, 19.235404434739515 ], [ -99.002174444567757, 19.235520866240606 ], [ -99.002403350417396, 19.235619973889204 ], [ -99.00241900154758, 19.235588382208078 ], [ -99.002672634174971, 19.235157834620171 ], [ -99.002799552746737, 19.234998918271678 ], [ -99.00293801003113, 19.234878360309491 ], [ -99.003015892252321, 19.234815341241809 ], [ -99.003063143084219, 19.234765734000778 ], [ -99.002753684569271, 19.234550875974481 ], [ -99.002645974202679, 19.234480569195242 ], [ -99.002415894970568, 19.234330387045414 ], [ -99.002177009420379, 19.234181675910506 ], [ -99.00198897692735, 19.23406462143334 ], [ -99.001625520799365, 19.233842692741213 ], [ -99.001163990419698, 19.233533087018568 ], [ -99.00064834115679, 19.233341764518872 ], [ -99.000610156860532, 19.233327596838528 ], [ -99.000578426819089, 19.2333056777025 ], [ -99.00057265765939, 19.233283758481576 ], [ -99.000704272972342, 19.233031119731677 ], [ -99.00070534405269, 19.23269467844969 ], [ -99.001178408654127, 19.232902908798629 ], [ -99.001305327181015, 19.232946560876503 ], [ -99.001626540326214, 19.233061347003801 ], [ -99.001783087038007, 19.232735649042187 ], [ -99.001863039381391, 19.232570639488184 ], [ -99.002042389418008, 19.232378257742273 ], [ -99.002326013842548, 19.232075686091097 ], [ -99.002524061072194, 19.232134661547541 ], [ -99.002933279606438, 19.23226027804877 ], [ -99.003079819804483, 19.232291790970557 ], [ -99.003231889908491, 19.232325929954687 ], [ -99.003397241126777, 19.232369919986063 ], [ -99.003572020714813, 19.232388558189719 ], [ -99.003683952748048, 19.23240602287532 ], [ -99.003741266158741, 19.232445094590823 ], [ -99.003822891684507, 19.232521576226667 ], [ -99.003896855185133, 19.232621373202051 ], [ -99.004001543605426, 19.232802959497704 ], [ -99.004141308456482, 19.232180579558595 ], [ -99.004174224164728, 19.232006829817919 ], [ -99.00421002704266, 19.231815121848758 ], [ -99.004279249603968, 19.231590448005573 ], [ -99.004368665706238, 19.231447970813171 ], [ -99.004420580571889, 19.231212337697656 ], [ -99.004472496179503, 19.231009583428101 ], [ -99.004501337838434, 19.23088628697057 ], [ -99.004512874826688, 19.230849297960965 ], [ -99.004524411809783, 19.230812308950572 ], [ -99.004587869099353, 19.230752029448116 ], [ -99.004688825182242, 19.230705448495371 ], [ -99.004763821379285, 19.23068078740905 ], [ -99.004807086986446, 19.230617768448202 ], [ -99.004907050182396, 19.230288037649451 ], [ -99.004942324679547, 19.230201288442089 ], [ -99.005107597299002, 19.229785888016011 ], [ -99.005139360074551, 19.229702882880915 ], [ -99.005204968220241, 19.229531429917003 ], [ -99.005360861036067, 19.229108064925303 ], [ -99.005424314578192, 19.228962848031255 ], [ -99.005496423039645, 19.228866949165131 ], [ -99.005523262890236, 19.22885049980059 ], [ -99.005585839582722, 19.22881214833583 ], [ -99.005634873031639, 19.228740909272126 ], [ -99.005750246274715, 19.228590210842157 ], [ -99.005810816456673, 19.228491572303987 ], [ -99.005908886552788, 19.228450470571726 ], [ -99.005975227679016, 19.228412109730922 ], [ -99.006018491631707, 19.22833265103046 ], [ -99.00610991067127, 19.227979983781733 ], [ -99.006158308085858, 19.227859385857688 ], [ -99.00622170256969, 19.227689488641008 ], [ -99.00625213192194, 19.227603272143 ], [ -99.006277489715487, 19.227415624470737 ], [ -99.006315381042654, 19.227152904808467 ], [ -99.006361170434161, 19.226979470421909 ], [ -99.006449922711553, 19.226857753012844 ], [ -99.006457530049616, 19.226812108984539 ], [ -99.006487959401866, 19.226692927354868 ], [ -99.006493036217421, 19.22664317007996 ], [ -99.006854825759021, 19.22664118547053 ], [ -99.007035705233065, 19.226640192988118 ], [ -99.007297016620043, 19.226660039795622 ], [ -99.007430283210809, 19.226620319550936 ], [ -99.007500747253843, 19.226572547523066 ], [ -99.007574001699098, 19.226570670468003 ], [ -99.007699432309991, 19.226605415352541 ], [ -99.007839135302333, 19.226603097896444 ], [ -99.007953479583605, 19.226739774129651 ], [ -99.008060605212364, 19.226680408868472 ], [ -99.008161559046528, 19.226658485143425 ], [ -99.008233668463163, 19.226633822754607 ], [ -99.008323082614226, 19.226573540762622 ], [ -99.008452877644913, 19.226494077519458 ], [ -99.008457513064045, 19.226406001827907 ], [ -99.008550019694908, 19.226271250482494 ], [ -99.008617852663193, 19.226074008863588 ], [ -99.008747367104107, 19.225991982777902 ], [ -99.008952915135751, 19.225304567551163 ], [ -99.009030791395745, 19.225303900078945 ], [ -99.010342218987333, 19.225292654946848 ], [ -99.011145239755194, 19.225285764628445 ], [ -99.012625437676476, 19.225273054566184 ], [ -99.012513970260144, 19.225781767614311 ], [ -99.012318356314111, 19.226221940594652 ], [ -99.012112423644282, 19.226383346220526 ], [ -99.011880745350254, 19.226515409304177 ], [ -99.011693398533168, 19.226600173279888 ], [ -99.011664404612986, 19.226613503258779 ], [ -99.011571845518574, 19.226764852904832 ], [ -99.011458595339292, 19.227048518484089 ], [ -99.011468906530794, 19.227249035020325 ], [ -99.011546143031168, 19.22734684342554 ], [ -99.011582211326626, 19.227742984831295 ], [ -99.0112813471534, 19.228133161432154 ], [ -99.011257874408585, 19.228163602032339 ], [ -99.011180662843842, 19.228437483853924 ], [ -99.011087998718537, 19.22861844398988 ], [ -99.010933542311321, 19.228682031883856 ], [ -99.010799678312239, 19.22871138379907 ], [ -99.01066186373032, 19.228825081160689 ], [ -99.010604038447639, 19.228872787080054 ], [ -99.010449593058979, 19.229117329056777 ], [ -99.010202461067436, 19.229210265566586 ], [ -99.010037711401225, 19.229356994525528 ], [ -99.009924442421408, 19.229401016654663 ], [ -99.009862670142866, 19.229606427784212 ], [ -99.009785448062445, 19.229753151775657 ], [ -99.009754576803019, 19.230110171712258 ], [ -99.009862717723806, 19.230403605600046 ], [ -99.00980610477275, 19.230794861531862 ], [ -99.009713442133773, 19.231049180840849 ], [ -99.009605323799363, 19.231146999761233 ], [ -99.009383952695785, 19.231601842687027 ], [ -99.00924493809562, 19.231645865703243 ], [ -99.009100772483436, 19.231650763585083 ], [ -99.00900811681187, 19.232061583647052 ], [ -99.008910291563708, 19.232095823055666 ], [ -99.008745525447637, 19.23200779911171 ], [ -99.008408503625745, 19.232547829446673 ], [ -99.008318210119327, 19.232692511452512 ], [ -99.008204939852021, 19.232765876463191 ], [ -99.00829247120366, 19.232795216480294 ], [ -99.008457232356264, 19.232775646304962 ], [ -99.008539617973682, 19.232863674361056 ], [ -99.008506570102327, 19.232917099513152 ], [ -99.008404239469712, 19.232984962985878 ], [ -99.008353694870465, 19.233018483034204 ], [ -99.008246970563974, 19.233089725399964 ], [ -99.008139599614637, 19.233267008227699 ], [ -99.008125829802481, 19.233289743872522 ], [ -99.008049439319493, 19.233472419838552 ], [ -99.008042187833368, 19.233489760617584 ], [ -99.007970078040216, 19.233569221009269 ], [ -99.007836995109898, 19.23362931532635 ], [ -99.007710473464073, 19.233667868695928 ], [ -99.007672507919452, 19.233692663524522 ], [ -99.00757201929629, 19.233758291329707 ], [ -99.007462414326653, 19.233933649729821 ], [ -99.007326850673351, 19.234166547098358 ], [ -99.007235468514239, 19.234348303234793 ], [ -99.007007191079509, 19.234802337651555 ], [ -99.006957658318726, 19.234900855902954 ], [ -99.00685670713591, 19.235111832346174 ], [ -99.00681578834272, 19.235187426806984 ], [ -99.006716602597493, 19.235370664848471 ], [ -99.006634610281083, 19.235492687221111 ], [ -99.006536537812423, 19.235574887874392 ], [ -99.006429810750944, 19.235637909449338 ], [ -99.006349045914092, 19.235728329104756 ], [ -99.006305780289537, 19.235810527723675 ], [ -99.006259630865486, 19.23591464566298 ], [ -99.00619329234047, 19.236100961394655 ], [ -99.005997137689079, 19.236032470323593 ], [ -99.005939445308783, 19.236016032779862 ], [ -99.00588175293997, 19.235999595217912 ], [ -99.005770085582171, 19.236010647388458 ], [ -99.005743293149678, 19.236013299133635 ], [ -99.005639449063551, 19.236046181210131 ], [ -99.005552913398745, 19.23610646174383 ], [ -99.005492338905967, 19.236164001555355 ], [ -99.005411573119204, 19.236248940984215 ], [ -99.005293307430136, 19.236331141560768 ], [ -99.005187787550653, 19.236369529836548 ], [ -99.005157733020084, 19.236380463701231 ], [ -99.00510292570479, 19.236380465236902 ], [ -99.004999080514025, 19.23638868781353 ], [ -99.00493850449611, 19.236405128881096 ], [ -99.004886583551738, 19.23646540816074 ], [ -99.004869277665662, 19.236522946603987 ], [ -99.004854856044474, 19.236569525353172 ], [ -99.00481735857673, 19.236648983556176 ], [ -99.004546213997301, 19.236933940487457 ], [ -99.004413526110881, 19.237081898537216 ], [ -99.004324106640382, 19.237210676145835 ], [ -99.004214716582041, 19.237403134779814 ], [ -99.004077483912113, 19.237673725518381 ], [ -99.00404719582454, 19.237690165611777 ], [ -99.004012580237131, 19.237683316614781 ], [ -99.003977964652577, 19.237676467611326 ], [ -99.003885655839582, 19.23763263113657 ], [ -99.003825078429756, 19.237613453087096 ], [ -99.003721232893909, 19.237643594166631 ], [ -99.003672194821007, 19.237662774481795 ], [ -99.003631810471063, 19.23767647480512 ], [ -99.003478925649802, 19.23767373787053 ], [ -99.003357771743921, 19.237676480036175 ], [ -99.003268348634521, 19.237679221557922 ], [ -99.003246166510365, 19.237682676771108 ], [ -99.003225079735572, 19.237698401650182 ], [ -99.003216426226672, 19.23771621117546 ], [ -99.003207772715911, 19.237734020700383 ], [ -99.003193352427459, 19.23787923583939 ], [ -99.003173161601865, 19.237958693391676 ], [ -99.003150085400776, 19.237999792342343 ], [ -99.003115867475614, 19.23802579428153 ], [ -99.003074679966431, 19.238056084682814 ], [ -99.003020202509092, 19.238096303651201 ], [ -99.00279691711313, 19.238232318437507 ], [ -99.00276931923581, 19.238249129710084 ], [ -99.002555858785286, 19.23838064817647 ], [ -99.002449415377129, 19.238439917367259 ], [ -99.00238855156455, 19.238473807149351 ], [ -99.002180859210412, 19.23856148664736 ], [ -99.002162617074063, 19.238567262513051 ], [ -99.002059705075879, 19.238599846696587 ], [ -99.001938550885058, 19.238638206665573 ], [ -99.001714659688915, 19.238675867122911 ], [ -99.001688143042941, 19.238680327435461 ], [ -99.001661626395531, 19.238684787744074 ], [ -99.00137604777143, 19.238723148758915 ], [ -99.001275085685549, 19.238747808619202 ], [ -99.001245226270541, 19.238782374399801 ], [ -99.0010904703352, 19.238961522262688 ], [ -99.001034807957211, 19.239018656129488 ], [ -99.000911623629506, 19.239145096752068 ], [ -99.000738570530359, 19.239358085100079 ], [ -99.000706814995979, 19.2393971687417 ], [ -99.000467390114963, 19.239723217966997 ], [ -99.00027988802259, 19.239967069709525 ], [ -99.000161617264624, 19.240199961594083 ], [ -99.000092385563505, 19.240545189389991 ], [ -99.000054885108824, 19.241246604471687 ], [ -99.00002892300769, 19.241382229650281 ], [ -98.999943824840386, 19.241445247400282 ], [ -98.99977296168008, 19.241531959024311 ], [ -98.999712600999175, 19.241545253730745 ], [ -98.999681085035633, 19.241552197878768 ] ] ] ] } },
{ "type": "Feature", "properties": { "id": 2329.0, "entidad": 9, "distrito_f": 9, "distrito_l": 8, "municipio": 11, "seccion": 3686, "tipo": 2, "control": 35983.0, "SECCION_TX": "3686", "SECCION__1": null, "SECCION__2": null, "SECCION_N": "3686", "ESTATUS": null, "ALCALDIA_N": "TLAHUAC", "EN_OPERATI": null, "EN_OP": "NO", "SEC_N": "3686", "EST": null, "ALC_N": "TLAHUAC", "OP": "NO", "NOMBRE": "CANANEA" }, "geometry": { "type": "MultiPolygon", "coordinates": [ [ [ [ -99.063517132066224, 19.290584153148771 ], [ -99.063211973166958, 19.290354961604105 ], [ -99.062820293781044, 19.290060786600879 ], [ -99.06242293674164, 19.289762345389992 ], [ -99.062035800367781, 19.28947157868555 ], [ -99.061662040325942, 19.289190856784934 ], [ -99.061276840197337, 19.288901540705286 ], [ -99.06089164142108, 19.288612223800381 ], [ -99.060245448371219, 19.289397601254716 ], [ -99.059846825778408, 19.289100417032319 ], [ -99.059450080140465, 19.288805022673088 ], [ -99.060099789706797, 19.288000706867614 ], [ -99.060743455993887, 19.287205867790899 ], [ -99.061406784444742, 19.286413990552628 ], [ -99.061799898060627, 19.286722692759323 ], [ -99.062190133302849, 19.287014658913613 ], [ -99.062569978575226, 19.287298849694977 ], [ -99.062957974172292, 19.287589136506448 ], [ -99.063343909473289, 19.287877880020602 ], [ -99.063593716687492, 19.288064776202731 ], [ -99.06373293863129, 19.288168936389933 ], [ -99.06412196916321, 19.288459991917655 ], [ -99.06443824316915, 19.288696612835906 ], [ -99.064517380518552, 19.288755819380796 ], [ -99.064978692312465, 19.289100947892209 ], [ -99.06427737724114, 19.289853049174933 ], [ -99.063714437946146, 19.290389722475904 ], [ -99.063517132066224, 19.290584153148771 ] ] ] ] } },
{ "type": "Feature", "properties": { "id": 2278.0, "entidad": 9, "distrito_f": 9, "distrito_l": 8, "municipio": 11, "seccion": 3626, "tipo": 2, "control": 35783.0, "SECCION_TX": "3626", "SECCION__1": null, "SECCION__2": null, "SECCION_N": "3626", "ESTATUS": null, "ALCALDIA_N": "TLAHUAC", "EN_OPERATI": null, "EN_OP": "NO", "SEC_N": "3626", "EST": null, "ALC_N": "TLAHUAC", "OP": "NO", "NOMBRE": "LA ESTACION" }, "geometry": { "type": "MultiPolygon", "coordinates": [ [ [ [ -99.041138549030848, 19.312220825255114 ], [ -99.039723009561627, 19.310985191577366 ], [ -99.039825733985865, 19.310847277299583 ], [ -99.039541010708618, 19.310632227858669 ], [ -99.040240296638345, 19.309770897907171 ], [ -99.040964072608588, 19.30887939050319 ], [ -99.041260271146029, 19.309092973617933 ], [ -99.041440307819741, 19.308855758731944 ], [ -99.042887321726653, 19.310070961182841 ], [ -99.042903623075929, 19.31008465088912 ], [ -99.042787678669981, 19.310222982269377 ], [ -99.042701182639775, 19.31032776972603 ], [ -99.042549734172042, 19.31051124477284 ], [ -99.042480893847809, 19.310594642478875 ], [ -99.042323878556545, 19.310784860735847 ], [ -99.042277475893599, 19.310841075746538 ], [ -99.042090756387481, 19.311067278612864 ], [ -99.042049451922239, 19.311117317133228 ], [ -99.041865194703746, 19.311340536061387 ], [ -99.041826057559106, 19.311387948763315 ], [ -99.041610611995509, 19.311648949692923 ], [ -99.04137595181318, 19.311933226880647 ], [ -99.041203554585934, 19.312142075290204 ], [ -99.041138549030848, 19.312220825255114 ] ] ] ] } },
{ "type": "Feature", "properties": { "id": 2377.0, "entidad": 9, "distrito_f": 9, "distrito_l": 8, "municipio": 11, "seccion": 3741, "tipo": 2, "control": 35801.0, "SECCION_TX": "3741", "SECCION__1": null, "SECCION__2": null, "SECCION_N": "3741", "ESTATUS": "COMPLETA", "ALCALDIA_N": "TLAHUAC", "EN_OPERATI": null, "EN_OP": "SI", "SEC_N": "3741", "EST": "COMPLETA", "ALC_N": "TLAHUAC", "OP": "SI", "NOMBRE": "LA ESTACION" }, "geometry": { "type": "MultiPolygon", "coordinates": [ [ [ [ -99.042903623075929, 19.31008465088912 ], [ -99.042887321726653, 19.310070961182841 ], [ -99.041440307819741, 19.308855758731944 ], [ -99.041703866078265, 19.308529867673542 ], [ -99.041931405943075, 19.308248512180899 ], [ -99.042245087101563, 19.308490897963313 ], [ -99.043637986035222, 19.306729556138329 ], [ -99.043961816562344, 19.307030584160131 ], [ -99.044222099839075, 19.307329153223908 ], [ -99.044313103744543, 19.3074720574804 ], [ -99.044444356727297, 19.307678164705269 ], [ -99.044616670666215, 19.308008832135179 ], [ -99.044532588413276, 19.308141126354037 ], [ -99.043409747009875, 19.3094807990703 ], [ -99.043143153313039, 19.309798870293687 ], [ -99.043020288271791, 19.309945459235433 ], [ -99.042903623075929, 19.31008465088912 ] ] ] ] } },
{ "type": "Feature", "properties": { "id": 2289.0, "entidad": 9, "distrito_f": 9, "distrito_l": 8, "municipio": 11, "seccion": 3646, "tipo": 2, "control": 36567.0, "SECCION_TX": "3646", "SECCION__1": null, "SECCION__2": null, "SECCION_N": "3646", "ESTATUS": null, "ALCALDIA_N": "TLAHUAC", "EN_OPERATI": null, "EN_OP": "NO", "SEC_N": "3646", "EST": null, "ALC_N": "TLAHUAC", "OP": "NO", "NOMBRE": "SANTIAGO NORTE" }, "geometry": { "type": "MultiPolygon", "coordinates": [ [ [ [ -99.035383319847881, 19.298180602079022 ], [ -99.035245104024668, 19.29815393728013 ], [ -99.034944786187481, 19.298096002971459 ], [ -99.034506279602681, 19.298138428142433 ], [ -99.034435676329551, 19.298163140841872 ], [ -99.034166757409949, 19.298227497162575 ], [ -99.033996420008506, 19.298268261220045 ], [ -99.03339379520753, 19.298445410556507 ], [ -99.03319242007683, 19.298523387280419 ], [ -99.032759048816928, 19.298691200636465 ], [ -99.032737898134442, 19.298701958103358 ], [ -99.032651404235125, 19.298745949799624 ], [ -99.032466471550961, 19.298840008268293 ], [ -99.032320945152733, 19.298914024128798 ], [ -99.032182915412307, 19.298994272660771 ], [ -99.031920792084748, 19.299146666938796 ], [ -99.031803052038569, 19.299217616827487 ], [ -99.031683461219956, 19.299289681846883 ], [ -99.031279167561507, 19.299533306775494 ], [ -99.03111487930299, 19.29965474037839 ], [ -99.030878254908544, 19.299829640631216 ], [ -99.030806173712776, 19.299882919108079 ], [ -99.030537916373362, 19.300017533542725 ], [ -99.030318790976125, 19.300127492580245 ], [ -99.029967630252784, 19.299463894042965 ], [ -99.029777523508585, 19.299104641312361 ], [ -99.029496770927366, 19.298575273427346 ], [ -99.029199828142168, 19.298012935078095 ], [ -99.028613242801228, 19.298130428390007 ], [ -99.028365958864867, 19.298193262562339 ], [ -99.028296945644101, 19.298189177905591 ], [ -99.028227932426745, 19.298185093222667 ], [ -99.028411869666499, 19.297628095093412 ], [ -99.028955632680166, 19.297536395215058 ], [ -99.029457086637649, 19.297451828785235 ], [ -99.030117407244632, 19.29734751620283 ], [ -99.032196608985558, 19.297014840806156 ], [ -99.032548160577988, 19.296957129952755 ], [ -99.034411423953202, 19.296667382545298 ], [ -99.035423565774735, 19.296517025625491 ], [ -99.035888351985861, 19.296456840125089 ], [ -99.035643355803785, 19.297716556170641 ], [ -99.035600745269932, 19.297709484611246 ], [ -99.035494701513599, 19.297691885754649 ], [ -99.035383319847881, 19.298180602079022 ] ] ] ] } },
{ "type": "Feature", "properties": { "id": 2357.0, "entidad": 9, "distrito_f": 9, "distrito_l": 8, "municipio": 11, "seccion": 3740, "tipo": 2, "control": 36568.0, "SECCION_TX": "3740", "SECCION__1": null, "SECCION__2": null, "SECCION_N": "3740", "ESTATUS": null, "ALCALDIA_N": "TLAHUAC", "EN_OPERATI": null, "EN_OP": "NO", "SEC_N": "3740", "EST": null, "ALC_N": "TLAHUAC", "OP": "NO", "NOMBRE": "SANTIAGO NORTE" }, "geometry": { "type": "MultiPolygon", "coordinates": [ [ [ [ -99.030318790976125, 19.300127492580245 ], [ -99.029162577299488, 19.300622306354391 ], [ -99.028812714208541, 19.300747771866309 ], [ -99.028315859400124, 19.300925949060741 ], [ -99.028287890167292, 19.300933753349067 ], [ -99.027867466273449, 19.301051064122191 ], [ -99.027846618173442, 19.301056881332748 ], [ -99.027822528865528, 19.301063602928625 ], [ -99.027661110747033, 19.301089301162481 ], [ -99.027142890897721, 19.301171802250337 ], [ -99.027037913305008, 19.301185641253856 ], [ -99.026704804188242, 19.301229554002543 ], [ -99.026670246640265, 19.301234109581497 ], [ -99.026339042422379, 19.301227606328279 ], [ -99.023789796422164, 19.300299490852275 ], [ -99.023763454748973, 19.300271464841266 ], [ -99.023211368149333, 19.299672088672114 ], [ -99.022969842982761, 19.299491957484516 ], [ -99.022831825853331, 19.299367499414693 ], [ -99.02241777214843, 19.298967919223678 ], [ -99.022110689988182, 19.298719005889602 ], [ -99.02199125717415, 19.298661381310708 ], [ -99.022074375058438, 19.298622779705436 ], [ -99.022801863137033, 19.298472526941204 ], [ -99.024487901366626, 19.298229507428115 ], [ -99.024527142027353, 19.298223851225842 ], [ -99.02451994691846, 19.298181533423698 ], [ -99.024512751813276, 19.298139215621159 ], [ -99.026314220987445, 19.297860480098567 ], [ -99.027103531632633, 19.297748424676524 ], [ -99.027391073925727, 19.297693776906232 ], [ -99.028423357099655, 19.297543455765123 ], [ -99.028411869666499, 19.297628095093412 ], [ -99.028227932426745, 19.298185093222667 ], [ -99.028296945644101, 19.298189177905591 ], [ -99.028365958864867, 19.298193262562339 ], [ -99.028613242801228, 19.298130428390007 ], [ -99.029199828142168, 19.298012935078095 ], [ -99.029496770927366, 19.298575273427346 ], [ -99.029777523508585, 19.299104641312361 ], [ -99.029967630252784, 19.299463894042965 ], [ -99.030318790976125, 19.300127492580245 ] ] ] ] } },
{ "type": "Feature", "properties": { "id": 2330.0, "entidad": 9, "distrito_f": 9, "distrito_l": 8, "municipio": 11, "seccion": 3687, "tipo": 2, "control": 36003.0, "SECCION_TX": "3687", "SECCION__1": null, "SECCION__2": null, "SECCION_N": "3687", "ESTATUS": null, "ALCALDIA_N": "TLAHUAC", "EN_OPERATI": null, "EN_OP": "NO", "SEC_N": "3687", "EST": null, "ALC_N": "TLAHUAC", "OP": "NO", "NOMBRE": "DEL MAR SUR" }, "geometry": { "type": "MultiPolygon", "coordinates": [ [ [ [ -99.058252909353484, 19.290255731985237 ], [ -99.057871368884605, 19.289965176482699 ], [ -99.05852707220059, 19.289171471888853 ], [ -99.05814071153479, 19.288879049368205 ], [ -99.057745986495917, 19.288580294224836 ], [ -99.057718119013188, 19.288559202117515 ], [ -99.057363654231295, 19.288290916929338 ], [ -99.057896841156847, 19.287634139801483 ], [ -99.058549516743071, 19.286830167815381 ], [ -99.058878757534799, 19.286420905630184 ], [ -99.059183864309347, 19.286041640836018 ], [ -99.059821536243817, 19.285248971619211 ], [ -99.060137593554003, 19.284856087399184 ], [ -99.060535008704292, 19.285137059153687 ], [ -99.060559961673547, 19.285154700794298 ], [ -99.060604047349102, 19.285185869157104 ], [ -99.060875940378267, 19.284821112787156 ], [ -99.061252951539629, 19.285079398047014 ], [ -99.061653481624816, 19.28535379405405 ], [ -99.061717330355719, 19.285397535512516 ], [ -99.062055307766329, 19.285653666129335 ], [ -99.061406784444742, 19.286413990552628 ], [ -99.060743455993887, 19.287205867790899 ], [ -99.060099789706797, 19.288000706867614 ], [ -99.059450080140465, 19.288805022673088 ], [ -99.058903291332584, 19.289465226261001 ], [ -99.058252909353484, 19.290255731985237 ] ] ] ] } },
{ "type": "Feature", "properties": { "id": 2323.0, "entidad": 9, "distrito_f": 9, "distrito_l": 8, "municipio": 11, "seccion": 3680, "tipo": 2, "control": 36522.0, "SECCION_TX": "3680", "SECCION__1": null, "SECCION__2": null, "SECCION_N": "3680", "ESTATUS": "COMPLETA", "ALCALDIA_N": "TLAHUAC", "EN_OPERATI": null, "EN_OP": "SI", "SEC_N": "3680", "EST": "COMPLETA", "ALC_N": "TLAHUAC", "OP": "SI", "NOMBRE": "DEL MAR SUR" }, "geometry": { "type": "MultiPolygon", "coordinates": [ [ [ [ -99.052377899191185, 19.291586438820566 ], [ -99.051981188500932, 19.29130227187548 ], [ -99.051585898971425, 19.291019121075067 ], [ -99.051190610800262, 19.290735969407262 ], [ -99.050597592645985, 19.291467913095975 ], [ -99.049909387851216, 19.292317332042579 ], [ -99.049883296741953, 19.292298066352579 ], [ -99.049528051804344, 19.292035752463171 ], [ -99.050797931463634, 19.290457593538651 ], [ -99.051739787621116, 19.289290759939597 ], [ -99.051780008955774, 19.289319872182173 ], [ -99.052148093193324, 19.289586291029682 ], [ -99.05251617862092, 19.289852709124808 ], [ -99.052917831645985, 19.290143421411109 ], [ -99.054209869554853, 19.288538080635821 ], [ -99.054268257280668, 19.288465533664652 ], [ -99.054299694237429, 19.288486746607518 ], [ -99.054372200798781, 19.288535672343038 ], [ -99.054675198063435, 19.288762813290276 ], [ -99.05469105802969, 19.2887747026329 ], [ -99.055065177197207, 19.289055158249731 ], [ -99.055080652073642, 19.28906688779141 ], [ -99.055444007204926, 19.289342300381104 ], [ -99.055379371115066, 19.289419067964946 ], [ -99.054100504453132, 19.290989495412074 ], [ -99.053703199432931, 19.290706741580223 ], [ -99.05330589577602, 19.29042398687222 ], [ -99.052377899191185, 19.291586438820566 ] ] ] ] } },
{ "type": "Feature", "properties": { "id": 2326.0, "entidad": 9, "distrito_f": 9, "distrito_l": 8, "municipio": 11, "seccion": 3683, "tipo": 2, "control": 36525.0, "SECCION_TX": "3683", "SECCION__1": null, "SECCION__2": null, "SECCION_N": "3683", "ESTATUS": null, "ALCALDIA_N": "TLAHUAC", "EN_OPERATI": null, "EN_OP": "NO", "SEC_N": "3683", "EST": null, "ALC_N": "TLAHUAC", "OP": "NO", "NOMBRE": "DEL MAR SUR" }, "geometry": { "type": "MultiPolygon", "coordinates": [ [ [ [ -99.057637545253158, 19.291061560992958 ], [ -99.057239024511446, 19.29076665534026 ], [ -99.057176405860758, 19.290840432695951 ], [ -99.057160945288999, 19.290828742319363 ], [ -99.05677235315288, 19.290534910782668 ], [ -99.056512352154186, 19.290338311584065 ], [ -99.056130661244723, 19.290032129917972 ], [ -99.055743256779209, 19.289721202310556 ], [ -99.055379371115066, 19.289419067964946 ], [ -99.055444007204926, 19.289342300381104 ], [ -99.055080652073642, 19.28906688779141 ], [ -99.055065177197207, 19.289055158249731 ], [ -99.05469105802969, 19.2887747026329 ], [ -99.054675198063435, 19.288762813290276 ], [ -99.054372200798781, 19.288535672343038 ], [ -99.054299694237429, 19.288486746607518 ], [ -99.054268257280668, 19.288465533664652 ], [ -99.054136593119495, 19.288369089548084 ], [ -99.053967980414853, 19.288274849054098 ], [ -99.053876607773049, 19.288237862649183 ], [ -99.053859095680124, 19.288230773984573 ], [ -99.053794757106488, 19.288204730557396 ], [ -99.053391429917951, 19.288062235706239 ], [ -99.05381856498154, 19.28753416811794 ], [ -99.054023872403619, 19.287280344739226 ], [ -99.054491690000788, 19.286701973910702 ], [ -99.054596731253497, 19.286572061964996 ], [ -99.054967446141532, 19.28684265278801 ], [ -99.054986685764177, 19.286857725493661 ], [ -99.055337643098383, 19.28713267165104 ], [ -99.055364753566977, 19.287153910402999 ], [ -99.055763939234907, 19.287456043973993 ], [ -99.056140886310104, 19.287741343884434 ], [ -99.055545319989122, 19.288456378623398 ], [ -99.055914912815354, 19.288745715406133 ], [ -99.056284506939463, 19.289035051428648 ], [ -99.056418395104615, 19.288877128568664 ], [ -99.056690973513852, 19.289096324120006 ], [ -99.057363654231295, 19.288290916929338 ], [ -99.057718119013188, 19.288559202117515 ], [ -99.057745986495917, 19.288580294224836 ], [ -99.05814071153479, 19.288879049368205 ], [ -99.05852707220059, 19.289171471888853 ], [ -99.057871368884605, 19.289965176482699 ], [ -99.058252909353484, 19.290255731985237 ], [ -99.057637545253158, 19.291061560992958 ] ] ] ] } },
{ "type": "Feature", "properties": { "id": 2332.0, "entidad": 9, "distrito_f": 9, "distrito_l": 8, "municipio": 11, "seccion": 3689, "tipo": 2, "control": 36526.0, "SECCION_TX": "3689", "SECCION__1": null, "SECCION__2": null, "SECCION_N": "3689", "ESTATUS": null, "ALCALDIA_N": "TLAHUAC", "EN_OPERATI": null, "EN_OP": "NO", "SEC_N": "3689", "EST": null, "ALC_N": "TLAHUAC", "OP": "NO", "NOMBRE": "DEL MAR SUR" }, "geometry": { "type": "MultiPolygon", "coordinates": [ [ [ [ -99.056690973513852, 19.289096324120006 ], [ -99.056418395104615, 19.288877128568664 ], [ -99.056284506939463, 19.289035051428648 ], [ -99.055914912815354, 19.288745715406133 ], [ -99.055545319989122, 19.288456378623398 ], [ -99.056140886310104, 19.287741343884434 ], [ -99.055763939234907, 19.287456043973993 ], [ -99.055364753566977, 19.287153910402999 ], [ -99.055337643098383, 19.28713267165104 ], [ -99.054986685764177, 19.286857725493661 ], [ -99.054967446141532, 19.28684265278801 ], [ -99.054596731253497, 19.286572061964996 ], [ -99.05518850550537, 19.28584016791547 ], [ -99.055244914179028, 19.285770402402964 ], [ -99.055551348865691, 19.285391406632215 ], [ -99.055766957347089, 19.285115778801746 ], [ -99.056144870234235, 19.285405121438583 ], [ -99.056536616240706, 19.285705053259544 ], [ -99.056901127610232, 19.285984131725396 ], [ -99.056916721451586, 19.285996070699042 ], [ -99.057271092034867, 19.286267383456327 ], [ -99.05729024085484, 19.286282044106322 ], [ -99.057667372696216, 19.286570781469432 ], [ -99.057684045776014, 19.286583546568732 ], [ -99.058039801990034, 19.286855916727816 ], [ -99.058254599595401, 19.286619249637372 ], [ -99.058549516743071, 19.286830167815381 ], [ -99.057896841156847, 19.287634139801483 ], [ -99.057363654231295, 19.288290916929338 ], [ -99.056690973513852, 19.289096324120006 ] ] ] ] } },
{ "type": "Feature", "properties": { "id": 2333.0, "entidad": 9, "distrito_f": 9, "distrito_l": 8, "municipio": 11, "seccion": 3690, "tipo": 2, "control": 36515.0, "SECCION_TX": "3690", "SECCION__1": null, "SECCION__2": null, "SECCION_N": "3690", "ESTATUS": null, "ALCALDIA_N": "TLAHUAC", "EN_OPERATI": null, "EN_OP": "NO", "SEC_N": "3690", "EST": null, "ALC_N": "TLAHUAC", "OP": "NO", "NOMBRE": "DEL MAR SUR" }, "geometry": { "type": "MultiPolygon", "coordinates": [ [ [ [ -99.050797931463634, 19.290457593538651 ], [ -99.050400981363993, 19.290161380335025 ], [ -99.050010906903253, 19.289870295999304 ], [ -99.049781579642556, 19.289699164789255 ], [ -99.050703521930686, 19.288543162937319 ], [ -99.051138954173325, 19.287997177345297 ], [ -99.051293617459351, 19.287797589201048 ], [ -99.051376096225823, 19.287681269218979 ], [ -99.051428822729719, 19.287606908810758 ], [ -99.051473093128067, 19.287613548718141 ], [ -99.053391429917951, 19.288062235706239 ], [ -99.053794757106488, 19.288204730557396 ], [ -99.053859095680124, 19.288230773984573 ], [ -99.053876607773049, 19.288237862649183 ], [ -99.053967980414853, 19.288274849054098 ], [ -99.054136593119495, 19.288369089548084 ], [ -99.054268257280668, 19.288465533664652 ], [ -99.054209869554853, 19.288538080635821 ], [ -99.052917831645985, 19.290143421411109 ], [ -99.05251617862092, 19.289852709124808 ], [ -99.052148093193324, 19.289586291029682 ], [ -99.051780008955774, 19.289319872182173 ], [ -99.051739787621116, 19.289290759939597 ], [ -99.050797931463634, 19.290457593538651 ] ] ] ] } },
{ "type": "Feature", "properties": { "id": 2372.0, "entidad": 9, "distrito_f": 9, "distrito_l": 8, "municipio": 11, "seccion": 3733, "tipo": 2, "control": 36010.0, "SECCION_TX": "3733", "SECCION__1": null, "SECCION__2": null, "SECCION_N": "3733", "ESTATUS": "COMPLETA", "ALCALDIA_N": "TLAHUAC", "EN_OPERATI": null, "EN_OP": "SI", "SEC_N": "3733", "EST": "COMPLETA", "ALC_N": "TLAHUAC", "OP": "SI", "NOMBRE": "DEL MAR SUR" }, "geometry": { "type": "MultiPolygon", "coordinates": [ [ [ [ -99.057693766772701, 19.282761607818429 ], [ -99.057667909465522, 19.282742710052361 ], [ -99.056928469502623, 19.282202288293195 ], [ -99.056904918272082, 19.282185075702614 ], [ -99.057263647136764, 19.281729130986278 ], [ -99.056468753371476, 19.281144018784786 ], [ -99.056407361724155, 19.281098828777225 ], [ -99.057567180547949, 19.27966240503924 ], [ -99.057654286719696, 19.279545587525966 ], [ -99.058021930359146, 19.2796450779481 ], [ -99.058518018326183, 19.279796864019069 ], [ -99.058924950309077, 19.279926971187177 ], [ -99.059409618391072, 19.280100464831424 ], [ -99.059747400832464, 19.280221910099854 ], [ -99.059646678250402, 19.280346365900879 ], [ -99.058941456905259, 19.281218551314492 ], [ -99.057693766772701, 19.282761607818429 ] ] ] ] } },
{ "type": "Feature", "properties": { "id": 2373.0, "entidad": 9, "distrito_f": 9, "distrito_l": 8, "municipio": 11, "seccion": 3734, "tipo": 2, "control": 36141.0, "SECCION_TX": "3734", "SECCION__1": null, "SECCION__2": null, "SECCION_N": "3734", "ESTATUS": null, "ALCALDIA_N": "TLAHUAC", "EN_OPERATI": null, "EN_OP": "NO", "SEC_N": "3734", "EST": null, "ALC_N": "TLAHUAC", "OP": "NO", "NOMBRE": "DEL MAR SUR" }, "geometry": { "type": "MultiPolygon", "coordinates": [ [ [ [ -99.056381172351848, 19.284365341987577 ], [ -99.056345642757009, 19.284340590238241 ], [ -99.055595067634101, 19.283816157886431 ], [ -99.055128359719404, 19.283492559334764 ], [ -99.054976833580398, 19.283693762376522 ], [ -99.054657252525516, 19.283451892773225 ], [ -99.054577160122335, 19.28339127597048 ], [ -99.055254522575851, 19.282544372103498 ], [ -99.055631657090146, 19.282072837276012 ], [ -99.056407361724155, 19.281098828777225 ], [ -99.056468753371476, 19.281144018784786 ], [ -99.057263647136764, 19.281729130986278 ], [ -99.056904918272082, 19.282185075702614 ], [ -99.056928469502623, 19.282202288293195 ], [ -99.057667909465522, 19.282742710052361 ], [ -99.057693766772701, 19.282761607818429 ], [ -99.057544816771824, 19.282943597699621 ], [ -99.057206837495713, 19.283356545114049 ], [ -99.057173767004684, 19.283396950918693 ], [ -99.056537232379441, 19.284174669235689 ], [ -99.056381172351848, 19.284365341987577 ] ] ] ] } },
{ "type": "Feature", "properties": { "id": 2374.0, "entidad": 9, "distrito_f": 9, "distrito_l": 8, "municipio": 11, "seccion": 3735, "tipo": 2, "control": 36159.0, "SECCION_TX": "3735", "SECCION__1": null, "SECCION__2": null, "SECCION_N": "3735", "ESTATUS": null, "ALCALDIA_N": "TLAHUAC", "EN_OPERATI": null, "EN_OP": "NO", "SEC_N": "3735", "EST": null, "ALC_N": "TLAHUAC", "OP": "NO", "NOMBRE": "DEL MAR SUR" }, "geometry": { "type": "MultiPolygon", "coordinates": [ [ [ [ -99.055551348865691, 19.285391406632215 ], [ -99.055521957115843, 19.285369638358993 ], [ -99.054927000258303, 19.284928995996598 ], [ -99.054812865179017, 19.285068773846394 ], [ -99.054658048005365, 19.28495557974572 ], [ -99.054769644169454, 19.284810984007873 ], [ -99.054004192404818, 19.284246851239914 ], [ -99.053934124505361, 19.284195211316977 ], [ -99.054577160122335, 19.28339127597048 ], [ -99.054657252525516, 19.283451892773225 ], [ -99.054976833580398, 19.283693762376522 ], [ -99.055128359719404, 19.283492559334764 ], [ -99.055595067634101, 19.283816157886431 ], [ -99.056345642757009, 19.284340590238241 ], [ -99.056381172351848, 19.284365341987577 ], [ -99.056226062512394, 19.284554853235914 ], [ -99.055766957347089, 19.285115778801746 ], [ -99.055551348865691, 19.285391406632215 ] ] ] ] } },
{ "type": "Feature", "properties": { "id": 2375.0, "entidad": 9, "distrito_f": 9, "distrito_l": 8, "municipio": 11, "seccion": 3736, "tipo": 2, "control": 36167.0, "SECCION_TX": "3736", "SECCION__1": null, "SECCION__2": null, "SECCION_N": "3736", "ESTATUS": null, "ALCALDIA_N": "TLAHUAC", "EN_OPERATI": null, "EN_OP": "NO", "SEC_N": "3736", "EST": null, "ALC_N": "TLAHUAC", "OP": "NO", "NOMBRE": "DEL MAR SUR" }, "geometry": { "type": "MultiPolygon", "coordinates": [ [ [ [ -99.054491690000788, 19.286701973910702 ], [ -99.054466039121039, 19.286683277950683 ], [ -99.052907537003804, 19.285547329651816 ], [ -99.052872833683523, 19.28552203504735 ], [ -99.053545707426366, 19.284680812807792 ], [ -99.053934124505361, 19.284195211316977 ], [ -99.054004192404818, 19.284246851239914 ], [ -99.054769644169454, 19.284810984007873 ], [ -99.054658048005365, 19.28495557974572 ], [ -99.054812865179017, 19.285068773846394 ], [ -99.054927000258303, 19.284928995996598 ], [ -99.055521957115843, 19.285369638358993 ], [ -99.055551348865691, 19.285391406632215 ], [ -99.055244914179028, 19.285770402402964 ], [ -99.05518850550537, 19.28584016791547 ], [ -99.054596731253497, 19.286572061964996 ], [ -99.054491690000788, 19.286701973910702 ] ] ] ] } },
{ "type": "Feature", "properties": { "id": 2302.0, "entidad": 9, "distrito_f": 9, "distrito_l": 8, "municipio": 11, "seccion": 3660, "tipo": 2, "control": 36570.0, "SECCION_TX": "3660", "SECCION__1": null, "SECCION__2": null, "SECCION_N": "3660", "ESTATUS": "COMPLETA", "ALCALDIA_N": "TLAHUAC", "EN_OPERATI": null, "EN_OP": "SI", "SEC_N": "3660", "EST": "COMPLETA", "ALC_N": "TLAHUAC", "OP": "SI", "NOMBRE": "MIGUEL HIDALGO OTE" }, "geometry": { "type": "MultiPolygon", "coordinates": [ [ [ [ -99.041311214411323, 19.293338986036733 ], [ -99.041125821048709, 19.293338578738698 ], [ -99.040625658353164, 19.293291545858089 ], [ -99.040205085241467, 19.293246033707113 ], [ -99.039784863683707, 19.293200558606504 ], [ -99.039693394347438, 19.29319065994126 ], [ -99.039220458105277, 19.293139478787566 ], [ -99.038873763723942, 19.293101958727775 ], [ -99.038850144795092, 19.293099402608725 ], [ -99.038315551398682, 19.29304154629255 ], [ -99.038283871523049, 19.293038117690763 ], [ -99.038234539216063, 19.293031798292997 ], [ -99.037858295149263, 19.292983601513146 ], [ -99.037257744806041, 19.292924737275058 ], [ -99.037267359561469, 19.292240992774158 ], [ -99.037280028266295, 19.29134006128859 ], [ -99.037286362570157, 19.290889595512226 ], [ -99.037292696841675, 19.29043912971342 ], [ -99.036315060828386, 19.290417484732348 ], [ -99.036322977391919, 19.289994103304171 ], [ -99.036328901652297, 19.289677269788957 ], [ -99.036332007607214, 19.289511160719094 ], [ -99.03730433434167, 19.289527185243418 ], [ -99.037825059978559, 19.289535764982986 ], [ -99.038314319744984, 19.289543824921523 ], [ -99.03877535938436, 19.289551418768934 ], [ -99.039283653043924, 19.289559789594382 ], [ -99.039757345246556, 19.289567589312252 ], [ -99.040235097805109, 19.289575436292459 ], [ -99.040738095059453, 19.289583734228906 ], [ -99.040877287311929, 19.290489697068278 ], [ -99.040905822703422, 19.290675424563602 ], [ -99.04090970548036, 19.290700696250656 ], [ -99.041011747787209, 19.291364852398516 ], [ -99.041016722161316, 19.291397228644186 ], [ -99.041054997543242, 19.291646347622841 ], [ -99.041152155706996, 19.292283889094751 ], [ -99.041157290079354, 19.292317580155771 ], [ -99.041192855868715, 19.292550957694154 ], [ -99.041223908456857, 19.292757705831541 ], [ -99.041227590445999, 19.292782220480394 ], [ -99.041311214411323, 19.293338986036733 ] ] ] ] } },
{ "type": "Feature", "properties": { "id": 2320.0, "entidad": 9, "distrito_f": 9, "distrito_l": 8, "municipio": 11, "seccion": 3677, "tipo": 2, "control": 36503.0, "SECCION_TX": "3677", "SECCION__1": null, "SECCION__2": null, "SECCION_N": "3677", "ESTATUS": null, "ALCALDIA_N": "TLAHUAC", "EN_OPERATI": null, "EN_OP": "NO", "SEC_N": "3677", "EST": null, "ALC_N": "TLAHUAC", "OP": "NO", "NOMBRE": "MIGUEL HIDALGO OTE" }, "geometry": { "type": "MultiPolygon", "coordinates": [ [ [ [ -99.046183646039609, 19.291834178316108 ], [ -99.045685643572241, 19.291917733937922 ], [ -99.045196303801148, 19.291986546793886 ], [ -99.044252415280468, 19.292117483773069 ], [ -99.043744976823447, 19.292187873944066 ], [ -99.043267460886682, 19.292254598681588 ], [ -99.042775867761478, 19.292324825385965 ], [ -99.04227608871922, 19.292396220074483 ], [ -99.041796851033055, 19.292464679036083 ], [ -99.041192855868715, 19.292550957694154 ], [ -99.041157290079354, 19.292317580155771 ], [ -99.041152155706996, 19.292283889094751 ], [ -99.041054997543242, 19.291646347622841 ], [ -99.041664653317213, 19.291558497605578 ], [ -99.041514305042668, 19.290613435347158 ], [ -99.04199831632954, 19.290542913701877 ], [ -99.042500253916529, 19.290469778731556 ], [ -99.042972892299488, 19.29040091149043 ], [ -99.043479127294191, 19.290331806166602 ], [ -99.043965544930828, 19.29026565670851 ], [ -99.044448380074698, 19.290199993111077 ], [ -99.04493121483074, 19.290134328237713 ], [ -99.045424717355274, 19.29006721118914 ], [ -99.045918219474601, 19.290000092807652 ], [ -99.046056199829522, 19.290953536026858 ], [ -99.046183646039609, 19.291834178316108 ] ] ] ] } },
{ "type": "Feature", "properties": { "id": 2303.0, "entidad": 9, "distrito_f": 9, "distrito_l": 8, "municipio": 11, "seccion": 3661, "tipo": 2, "control": 36572.0, "SECCION_TX": "3661", "SECCION__1": null, "SECCION__2": null, "SECCION_N": "3661", "ESTATUS": null, "ALCALDIA_N": "TLAHUAC", "EN_OPERATI": null, "EN_OP": "NO", "SEC_N": "3661", "EST": null, "ALC_N": "TLAHUAC", "OP": "NO", "NOMBRE": "SANTIAGO SUR (LA CONCHITA ZAPOTITLAN B)" }, "geometry": { "type": "MultiPolygon", "coordinates": [ [ [ [ -99.037257744806041, 19.292924737275058 ], [ -99.037107791233737, 19.292910038937244 ], [ -99.036463681832643, 19.292850103288202 ], [ -99.036299779428219, 19.292836484714524 ], [ -99.036297264453736, 19.293144961631221 ], [ -99.035343772659218, 19.293140906965764 ], [ -99.03535815183713, 19.292205599472386 ], [ -99.035372120447789, 19.29129698804104 ], [ -99.034472730898344, 19.291277956220188 ], [ -99.033981900767103, 19.291267665487922 ], [ -99.033520344121328, 19.291257988082624 ], [ -99.032565171744878, 19.291237956548173 ], [ -99.031580566108815, 19.291217302516458 ], [ -99.030575513252742, 19.291196214084618 ], [ -99.030551930775857, 19.291195719200893 ], [ -99.029563791154516, 19.291174980124897 ], [ -99.029595428712938, 19.290280291245992 ], [ -99.029627065934747, 19.289385602274415 ], [ -99.03058899931888, 19.289404576884017 ], [ -99.031624391516118, 19.289424994839262 ], [ -99.03259134830634, 19.289444057942458 ], [ -99.033060625389794, 19.28945330767532 ], [ -99.033079797590631, 19.289453685545183 ], [ -99.033493409581155, 19.289461837041806 ], [ -99.033531006532414, 19.289462577958904 ], [ -99.034503938566218, 19.289483666505909 ], [ -99.03539761626017, 19.289503032624104 ], [ -99.036332007607214, 19.289511160719094 ], [ -99.036328901652297, 19.289677269788957 ], [ -99.036322977391919, 19.289994103304171 ], [ -99.036315060828386, 19.290417484732348 ], [ -99.037292696841675, 19.29043912971342 ], [ -99.037286362570157, 19.290889595512226 ], [ -99.037280028266295, 19.29134006128859 ], [ -99.037267359561469, 19.292240992774158 ], [ -99.037257744806041, 19.292924737275058 ] ] ] ] } },
{ "type": "Feature", "properties": { "id": 2304.0, "entidad": 9, "distrito_f": 9, "distrito_l": 8, "municipio": 11, "seccion": 3662, "tipo": 2, "control": 36573.0, "SECCION_TX": "3662", "SECCION__1": null, "SECCION__2": null, "SECCION_N": "3662", "ESTATUS": null, "ALCALDIA_N": "TLAHUAC", "EN_OPERATI": null, "EN_OP": "NO", "SEC_N": "3662", "EST": null, "ALC_N": "TLAHUAC", "OP": "NO", "NOMBRE": "SANTIAGO SUR (LA CONCHITA ZAPOTITLAN B)" }, "geometry": { "type": "MultiPolygon", "coordinates": [ [ [ [ -99.035343772659218, 19.293140906965764 ], [ -99.034465319365239, 19.293137166991073 ], [ -99.033497721695497, 19.293066360663186 ], [ -99.032551660806391, 19.293039553957232 ], [ -99.031957154135199, 19.293026459811468 ], [ -99.031551044896389, 19.293017562922895 ], [ -99.03055084490326, 19.292996007374914 ], [ -99.029523250940116, 19.293006999905192 ], [ -99.028613890733453, 19.293016722824724 ], [ -99.028591972088932, 19.293016957123999 ], [ -99.028570053444312, 19.293017191420557 ], [ -99.028337314131605, 19.293019679095863 ], [ -99.028574159730468, 19.292017007295406 ], [ -99.028721699851459, 19.291536399845715 ], [ -99.028820225357777, 19.29115620218094 ], [ -99.02904543772442, 19.290287128859315 ], [ -99.029282504900351, 19.289372298675225 ], [ -99.029627065934747, 19.289385602274415 ], [ -99.029595428712938, 19.290280291245992 ], [ -99.029563791154516, 19.291174980124897 ], [ -99.030551930775857, 19.291195719200893 ], [ -99.030575513252742, 19.291196214084618 ], [ -99.031580566108815, 19.291217302516458 ], [ -99.032565171744878, 19.291237956548173 ], [ -99.033520344121328, 19.291257988082624 ], [ -99.033981900767103, 19.291267665487922 ], [ -99.034472730898344, 19.291277956220188 ], [ -99.035372120447789, 19.29129698804104 ], [ -99.03535815183713, 19.292205599472386 ], [ -99.035343772659218, 19.293140906965764 ] ] ] ] } },
{ "type": "Feature", "properties": { "id": 2287.0, "entidad": 9, "distrito_f": 9, "distrito_l": 8, "municipio": 11, "seccion": 3644, "tipo": 2, "control": 36569.0, "SECCION_TX": "3644", "SECCION__1": null, "SECCION__2": null, "SECCION_N": "3644", "ESTATUS": null, "ALCALDIA_N": "TLAHUAC", "EN_OPERATI": null, "EN_OP": "NO", "SEC_N": "3644", "EST": null, "ALC_N": "TLAHUAC", "OP": "NO", "NOMBRE": "SANTIAGO SUR (LA CONCHITA ZAPOTITLAN B)" }, "geometry": { "type": "MultiPolygon", "coordinates": [ [ [ [ -99.030506601212593, 19.297203204327978 ], [ -99.029439657428966, 19.297350619189139 ], [ -99.029457086637649, 19.297451828785235 ], [ -99.028955632680166, 19.297536395215058 ], [ -99.028411869666499, 19.297628095093412 ], [ -99.028423357099655, 19.297543455765123 ], [ -99.027391073925727, 19.297693776906232 ], [ -99.027103531632633, 19.297748424676524 ], [ -99.027428648120065, 19.296502370827248 ], [ -99.02747630694374, 19.296319710158329 ], [ -99.027571137137343, 19.29595625582073 ], [ -99.027668659180918, 19.295582482732403 ], [ -99.027873364416536, 19.294797902513757 ], [ -99.028122875246169, 19.29384158399586 ], [ -99.028337314131605, 19.293019679095863 ], [ -99.028570053444312, 19.293017191420557 ], [ -99.028591972088932, 19.293016957123999 ], [ -99.028613890733453, 19.293016722824724 ], [ -99.029523250940116, 19.293006999905192 ], [ -99.03055084490326, 19.292996007374914 ], [ -99.031551044896389, 19.293017562922895 ], [ -99.031957154135199, 19.293026459811468 ], [ -99.032551660806391, 19.293039553957232 ], [ -99.033497721695497, 19.293066360663186 ], [ -99.034465319365239, 19.293137166991073 ], [ -99.034452475602592, 19.293594485348198 ], [ -99.034439631770795, 19.294051803681576 ], [ -99.033487842588869, 19.293975533845483 ], [ -99.032533189083665, 19.293951134198444 ], [ -99.031544018460053, 19.293863939907318 ], [ -99.03053762102148, 19.293910525109549 ], [ -99.030537675477632, 19.294204142575005 ], [ -99.030537788632586, 19.294814235900535 ], [ -99.030531111687637, 19.295241473733117 ], [ -99.030523579874284, 19.295723409493057 ], [ -99.030513323596409, 19.296617310215524 ], [ -99.030506601212593, 19.297203204327978 ] ] ] ] } },
{ "type": "Feature", "properties": { "id": 2288.0, "entidad": 9, "distrito_f": 9, "distrito_l": 8, "municipio": 11, "seccion": 3645, "tipo": 2, "control": 36566.0, "SECCION_TX": "3645", "SECCION__1": null, "SECCION__2": null, "SECCION_N": "3645", "ESTATUS": null, "ALCALDIA_N": "TLAHUAC", "EN_OPERATI": null, "EN_OP": "NO", "SEC_N": "3645", "EST": null, "ALC_N": "TLAHUAC", "OP": "NO", "NOMBRE": "SANTIAGO SUR (LA CONCHITA ZAPOTITLAN B)" }, "geometry": { "type": "MultiPolygon", "coordinates": [ [ [ [ -99.035888351985861, 19.296456840125089 ], [ -99.035423565774735, 19.296517025625491 ], [ -99.034411423953202, 19.296667382545298 ], [ -99.032548160577988, 19.296957129952755 ], [ -99.032196608985558, 19.297014840806156 ], [ -99.030117407244632, 19.29734751620283 ], [ -99.029457086637649, 19.297451828785235 ], [ -99.029439657428966, 19.297350619189139 ], [ -99.030506601212593, 19.297203204327978 ], [ -99.030513323596409, 19.296617310215524 ], [ -99.030523579874284, 19.295723409493057 ], [ -99.030531111687637, 19.295241473733117 ], [ -99.030537788632586, 19.294814235900535 ], [ -99.030537675477632, 19.294204142575005 ], [ -99.03053762102148, 19.293910525109549 ], [ -99.031544018460053, 19.293863939907318 ], [ -99.032533189083665, 19.293951134198444 ], [ -99.033487842588869, 19.293975533845483 ], [ -99.034439631770795, 19.294051803681576 ], [ -99.034452475602592, 19.293594485348198 ], [ -99.034465319365239, 19.293137166991073 ], [ -99.035343772659218, 19.293140906965764 ], [ -99.036297264453736, 19.293144961631221 ], [ -99.036298278278451, 19.294009774132729 ], [ -99.036290627147309, 19.296268235104641 ], [ -99.036290175543456, 19.296401538094642 ], [ -99.035888351985861, 19.296456840125089 ] ] ] ] } },
{ "type": "Feature", "properties": { "id": 2316.0, "entidad": 9, "distrito_f": 9, "distrito_l": 8, "municipio": 11, "seccion": 3674, "tipo": 2, "control": 36575.0, "SECCION_TX": "3674", "SECCION__1": null, "SECCION__2": null, "SECCION_N": "3674", "ESTATUS": null, "ALCALDIA_N": "TLAHUAC", "EN_OPERATI": null, "EN_OP": "NO", "SEC_N": "3674", "EST": null, "ALC_N": "TLAHUAC", "OP": "NO", "NOMBRE": "LA CONCHITA ZAPOTITLAN A" }, "geometry": { "type": "MultiPolygon", "coordinates": [ [ [ [ -99.036332007607214, 19.289511160719094 ], [ -99.03539761626017, 19.289503032624104 ], [ -99.034503938566218, 19.289483666505909 ], [ -99.033531006532414, 19.289462577958904 ], [ -99.033533703626077, 19.289031869849499 ], [ -99.033536580246647, 19.288572490302784 ], [ -99.033539476085267, 19.288101922116152 ], [ -99.033542077002849, 19.28767902012099 ], [ -99.033543734036172, 19.287409590106712 ], [ -99.03354401634941, 19.287363686509202 ], [ -99.033547811171601, 19.286746653470946 ], [ -99.033555786239972, 19.286289774286487 ], [ -99.033556178207974, 19.286267318988664 ], [ -99.033563442972991, 19.285851129742841 ], [ -99.033579074612589, 19.284955605925866 ], [ -99.033584638176578, 19.284038241893342 ], [ -99.034544987208477, 19.284073556059706 ], [ -99.034552961544364, 19.283651957115637 ], [ -99.034555652977588, 19.283458733472962 ], [ -99.034559671153289, 19.283227106731143 ], [ -99.035470562150479, 19.283263697908865 ], [ -99.03545133086574, 19.284086925341875 ], [ -99.035431635205242, 19.284986711006695 ], [ -99.036354429366696, 19.285007719009709 ], [ -99.036383582560404, 19.28500838262487 ], [ -99.036378941908211, 19.285238161877693 ], [ -99.036365817690807, 19.28588799669237 ], [ -99.03636547774957, 19.285924426276186 ], [ -99.036357215618779, 19.28680982771731 ], [ -99.036354681668612, 19.287081373739746 ], [ -99.036348775410175, 19.287714303694408 ], [ -99.036342729658074, 19.288362177553342 ], [ -99.036340408710302, 19.288610893331878 ], [ -99.036334198679526, 19.289276364923186 ], [ -99.036332007607214, 19.289511160719094 ] ] ] ] } },
{ "type": "Feature", "properties": { "id": 1884.0, "entidad": 9, "distrito_f": 9, "distrito_l": 7, "municipio": 11, "seccion": 3700, "tipo": 2, "control": 36628.0, "SECCION_TX": "3700", "SECCION__1": null, "SECCION__2": null, "SECCION_N": "3700", "ESTATUS": null, "ALCALDIA_N": "TLAHUAC", "EN_OPERATI": null, "EN_OP": "NO", "SEC_N": "3700", "EST": null, "ALC_N": "TLAHUAC", "OP": "NO", "NOMBRE": "LA MAGDALENA" }, "geometry": { "type": "MultiPolygon", "coordinates": [ [ [ [ -99.001699967407021, 19.27725863503181 ], [ -99.000028192366997, 19.277016590297816 ], [ -98.998577908649551, 19.276806600790938 ], [ -98.99860183015133, 19.276645189437843 ], [ -98.998688557610592, 19.276059989507143 ], [ -98.998692905726344, 19.276030650163708 ], [ -98.998774016656341, 19.275483344147315 ], [ -98.998861668578115, 19.274891897816939 ], [ -98.998949319870746, 19.274300451406159 ], [ -98.997880169852408, 19.274156164711794 ], [ -98.997958956342487, 19.27359508672269 ], [ -98.996900517871666, 19.273447899000406 ], [ -98.996731483091139, 19.273424392229145 ], [ -98.996813595084589, 19.272830268319172 ], [ -98.99576007387931, 19.272682220399233 ], [ -98.995849582434005, 19.272109316399291 ], [ -98.995936925416373, 19.27155026933573 ], [ -98.995992971440103, 19.27119153939335 ], [ -98.996916616729976, 19.271823742677828 ], [ -98.996966905372275, 19.27186034719259 ], [ -98.997109475126379, 19.271964121885496 ], [ -98.997138168175951, 19.271985007158317 ], [ -98.997676916044952, 19.272377152433737 ], [ -98.997735115840655, 19.272419514852892 ], [ -98.998112387739852, 19.272687906008137 ], [ -98.999110023295032, 19.273397615746703 ], [ -98.999584808575619, 19.273739178565791 ], [ -99.000538642548008, 19.274425564110718 ], [ -99.000566298582669, 19.274314474544738 ], [ -99.000751214997763, 19.273571692910014 ], [ -99.000761359635149, 19.273530943215253 ], [ -99.000965047243554, 19.272712752046175 ], [ -99.001124466540887, 19.272078065142171 ], [ -99.001197089740074, 19.271788932884256 ], [ -99.001255497279416, 19.271556396183122 ], [ -99.001347333687463, 19.271190768457874 ], [ -99.001402351514798, 19.270987688783613 ], [ -99.001483952812762, 19.270686484271653 ], [ -99.001602907847328, 19.270247398599579 ], [ -99.001682107886737, 19.269915432634729 ], [ -99.001829016465166, 19.269293467168275 ], [ -99.001907484132332, 19.268961257356029 ], [ -99.002045540764769, 19.268990495108429 ], [ -99.003142382890417, 19.269222781201673 ], [ -99.003831376690783, 19.269377314852779 ], [ -99.004576154885115, 19.269528216545279 ], [ -99.004567000880655, 19.269549426719866 ], [ -99.004557846873809, 19.269570636893857 ], [ -99.004094457807426, 19.270645631029776 ], [ -99.004013576439505, 19.27084507638487 ], [ -99.003724490109761, 19.271559739657022 ], [ -99.003460484644179, 19.272259678357056 ], [ -99.003423498108404, 19.272357737589509 ], [ -99.003130700288196, 19.273100691667043 ], [ -99.002960426800229, 19.273532745462084 ], [ -99.002369302057105, 19.275032652830543 ], [ -99.00220432123885, 19.275451266398139 ], [ -99.002159674107745, 19.275582814167851 ], [ -99.002051841682842, 19.275900529408201 ], [ -99.002034753355133, 19.275950877986407 ], [ -99.001968402553743, 19.27614637185134 ], [ -99.001902051594968, 19.276341865688106 ], [ -99.001862838300298, 19.276553700362136 ], [ -99.001699967407021, 19.27725863503181 ] ] ] ] } },
{ "type": "Feature", "properties": { "id": 2315.0, "entidad": 9, "distrito_f": 9, "distrito_l": 8, "municipio": 11, "seccion": 3673, "tipo": 2, "control": 36576.0, "SECCION_TX": "3673", "SECCION__1": null, "SECCION__2": null, "SECCION_N": "3673", "ESTATUS": "COMPLETA", "ALCALDIA_N": "TLAHUAC", "EN_OPERATI": null, "EN_OP": "SI", "SEC_N": "3673", "EST": "COMPLETA", "ALC_N": "TLAHUAC", "OP": "SI", "NOMBRE": "LA CONCHITA ZAPOTITLAN B" }, "geometry": { "type": "MultiPolygon", "coordinates": [ [ [ [ -99.033531006532414, 19.289462577958904 ], [ -99.033493409581155, 19.289461837041806 ], [ -99.033079797590631, 19.289453685545183 ], [ -99.033060625389794, 19.28945330767532 ], [ -99.03259134830634, 19.289444057942458 ], [ -99.031624391516118, 19.289424994839262 ], [ -99.03058899931888, 19.289404576884017 ], [ -99.029627065934747, 19.289385602274415 ], [ -99.029282504900351, 19.289372298675225 ], [ -99.029515262004566, 19.28848072203014 ], [ -99.029605496133073, 19.288135077293038 ], [ -99.029612003035922, 19.28811015233374 ], [ -99.029748080265662, 19.287588901112173 ], [ -99.029978511329475, 19.286706214603033 ], [ -99.030229073357035, 19.285746403532084 ], [ -99.030234847638738, 19.285724284243738 ], [ -99.030460606412831, 19.284859475152995 ], [ -99.030583500373368, 19.284388704048258 ], [ -99.030694867973835, 19.28396208467543 ], [ -99.030915851995474, 19.283115547445828 ], [ -99.031716967568556, 19.28314008067127 ], [ -99.032663884766691, 19.283169074361499 ], [ -99.033559918468654, 19.28319650551968 ], [ -99.033583721804149, 19.283197234174438 ], [ -99.033950923231075, 19.283206323861833 ], [ -99.034559671153289, 19.283227106731143 ], [ -99.034555652977588, 19.283458733472962 ], [ -99.034552961544364, 19.283651957115637 ], [ -99.034544987208477, 19.284073556059706 ], [ -99.033584638176578, 19.284038241893342 ], [ -99.033579074612589, 19.284955605925866 ], [ -99.033563442972991, 19.285851129742841 ], [ -99.033556178207974, 19.286267318988664 ], [ -99.033555786239972, 19.286289774286487 ], [ -99.033547811171601, 19.286746653470946 ], [ -99.03354401634941, 19.287363686509202 ], [ -99.033543734036172, 19.287409590106712 ], [ -99.033542077002849, 19.28767902012099 ], [ -99.033539476085267, 19.288101922116152 ], [ -99.033536580246647, 19.288572490302784 ], [ -99.033533703626077, 19.289031869849499 ], [ -99.033531006532414, 19.289462577958904 ] ] ] ] } },
{ "type": "Feature", "properties": { "id": 2401.0, "entidad": 9, "distrito_f": 9, "distrito_l": 7, "municipio": 11, "seccion": 5624, "tipo": 2, "control": 5588.0, "SECCION_TX": "5624", "SECCION__1": null, "SECCION__2": null, "SECCION_N": "5624", "ESTATUS": null, "ALCALDIA_N": "TLAHUAC", "EN_OPERATI": null, "EN_OP": "NO", "SEC_N": "5624", "EST": null, "ALC_N": "TLAHUAC", "OP": "NO", "NOMBRE": "LA CONCHITA" }, "geometry": { "type": "MultiPolygon", "coordinates": [ [ [ [ -99.030915851347871, 19.283115547688951 ], [ -99.030791204918856, 19.283066550030679 ], [ -99.03015332913003, 19.283075330018825 ], [ -99.029413450159851, 19.283063885814084 ], [ -99.028720764824328, 19.283050985599992 ], [ -99.028032643536307, 19.283019289245182 ], [ -99.026450883309721, 19.282973265840823 ], [ -99.026351928638022, 19.282973280139242 ], [ -99.026239272089654, 19.282970405150039 ], [ -99.026103780997644, 19.282974761360613 ], [ -99.025013751944144, 19.282940219409827 ], [ -99.024462646996028, 19.282915718805469 ], [ -99.02418557315869, 19.282909973286422 ], [ -99.023153380075826, 19.282766992483626 ], [ -99.020009863850532, 19.282611815044262 ], [ -99.01570749530994, 19.282467388589264 ], [ -99.013687720597986, 19.282422177307669 ], [ -99.012665177655904, 19.282389346560144 ], [ -99.012490551309426, 19.282286348329404 ], [ -99.012329625536452, 19.281812492365198 ], [ -99.012103594914265, 19.281208388314106 ], [ -99.012091146096708, 19.281175116661533 ], [ -99.012078697284181, 19.281141845007987 ], [ -99.011868683148705, 19.280585129831817 ], [ -99.011691407952455, 19.280232977821054 ], [ -99.011660650700335, 19.280188766529502 ], [ -99.011629893464729, 19.280144555232546 ], [ -99.011203241477759, 19.279531270919318 ], [ -99.011071251296357, 19.279339376705838 ], [ -99.011049976807513, 19.2793084466926 ], [ -99.011028702326684, 19.279277516676864 ], [ -99.011737696064188, 19.279256757015975 ], [ -99.011740161325179, 19.278738783356513 ], [ -99.012315766936155, 19.278851191125185 ], [ -99.012369111860764, 19.278986244142711 ], [ -99.013209149992818, 19.279167667684678 ], [ -99.013418038102941, 19.27908324208099 ], [ -99.0139647372485, 19.279281565526766 ], [ -99.014373642029668, 19.279323739014032 ], [ -99.016018169637604, 19.279669684828903 ], [ -99.016185952873059, 19.279000314209053 ], [ -99.016271411371775, 19.278659375668109 ], [ -99.016915646051729, 19.276451985239355 ], [ -99.017533450520034, 19.276629188872768 ], [ -99.018039980945204, 19.27532077817364 ], [ -99.019435602335335, 19.275810215513221 ], [ -99.019662225675788, 19.275430344403098 ], [ -99.01997766714895, 19.274472251909074 ], [ -99.020346454167566, 19.273644989016404 ], [ -99.020250761583029, 19.273485128342507 ], [ -99.019630845945443, 19.273176589349475 ], [ -99.019424471318331, 19.272907992423018 ], [ -99.019115237332727, 19.272687063438418 ], [ -99.019341806615515, 19.271876699317051 ], [ -99.019526711417285, 19.271277853500923 ], [ -99.019375862147001, 19.271149597169639 ], [ -99.019346566731258, 19.270901606995444 ], [ -99.019326276396455, 19.27065361585802 ], [ -99.01936058552333, 19.270462807045995 ], [ -99.01944947706005, 19.270185943026078 ], [ -99.019475332373588, 19.269898396314034 ], [ -99.019359326905828, 19.269686246010895 ], [ -99.019447042496097, 19.26863170928468 ], [ -99.019816414727501, 19.268675909163235 ], [ -99.021003076461426, 19.268958551794526 ], [ -99.024053770756851, 19.269319867715151 ], [ -99.025804377380169, 19.269573394137595 ], [ -99.02685420372427, 19.269757093184747 ], [ -99.027710436635758, 19.269961531161055 ], [ -99.029256587203918, 19.270429978865572 ], [ -99.03002829838664, 19.270642187789285 ], [ -99.030988149087307, 19.270805162304153 ], [ -99.03189618659566, 19.270934478108558 ], [ -99.033014179427539, 19.27102749945303 ], [ -99.033455922112509, 19.271058492419442 ], [ -99.034072195288459, 19.271172313932983 ], [ -99.034414428724418, 19.271286185159259 ], [ -99.033984771094083, 19.272718290832604 ], [ -99.03379493396038, 19.273351034797049 ], [ -99.033340706115894, 19.274864995760556 ], [ -99.033269189195323, 19.275102615587052 ], [ -99.033225656250096, 19.275247256403347 ], [ -99.033108434806977, 19.275636730343717 ], [ -99.03299121281124, 19.276026204193052 ], [ -99.032871795296828, 19.27642297074232 ], [ -99.03274156229773, 19.276855669627817 ], [ -99.032612055874779, 19.277285952106691 ], [ -99.032553173246455, 19.277481587674117 ], [ -99.03225442482028, 19.27847416185746 ], [ -99.032145741073549, 19.278835254147683 ], [ -99.032041767285918, 19.279180696458017 ], [ -99.031858261941366, 19.279790370559102 ], [ -99.031652882444419, 19.280448634974931 ], [ -99.031500033122612, 19.280938530679137 ], [ -99.031171496295713, 19.2819915101466 ], [ -99.031112183188142, 19.282252304166054 ], [ -99.030992189493418, 19.282779902283707 ], [ -99.030915851347871, 19.283115547688951 ] ] ] ] } },
{ "type": "Feature", "properties": { "id": 2285.0, "entidad": 9, "distrito_f": 9, "distrito_l": 8, "municipio": 11, "seccion": 3642, "tipo": 2, "control": 36590.0, "SECCION_TX": "3642", "SECCION__1": null, "SECCION__2": null, "SECCION_N": "3642", "ESTATUS": "COMPLETA", "ALCALDIA_N": "TLAHUAC", "EN_OPERATI": null, "EN_OP": "SI", "SEC_N": "3642", "EST": "COMPLETA", "ALC_N": "TLAHUAC", "OP": "SI", "NOMBRE": "LOPEZ PORTILLO" }, "geometry": { "type": "MultiPolygon", "coordinates": [ [ [ [ -99.022801863137033, 19.298472526941204 ], [ -99.022074375058438, 19.298622779705436 ], [ -99.02199125717415, 19.298661381310708 ], [ -99.021698414521836, 19.298697763503895 ], [ -99.021436135582675, 19.298681033177726 ], [ -99.021339613631426, 19.298674876111434 ], [ -99.020397760293903, 19.298602919053835 ], [ -99.020239400546643, 19.298579909187612 ], [ -99.020046575808394, 19.298551891321608 ], [ -99.020014805962802, 19.298547275071545 ], [ -99.019921940404359, 19.298527213720728 ], [ -99.019590447893236, 19.298455602381047 ], [ -99.018551975528439, 19.298190381705197 ], [ -99.017771483752867, 19.297996573159097 ], [ -99.017622052737536, 19.297959466623528 ], [ -99.016995999410426, 19.297804004277676 ], [ -99.016871783008895, 19.297630405360621 ], [ -99.016885554013115, 19.297438844295552 ], [ -99.01691073007791, 19.29708863238158 ], [ -99.016927432955654, 19.29685628599864 ], [ -99.016964798530651, 19.296336507537983 ], [ -99.017208382554884, 19.296367916367011 ], [ -99.017290938491527, 19.296346809175063 ], [ -99.017407335912054, 19.296263399702806 ], [ -99.017417416763777, 19.296241924767884 ], [ -99.017598440395162, 19.295856294519233 ], [ -99.017609209516507, 19.295833353258374 ], [ -99.017674437697508, 19.295694398714328 ], [ -99.017736854626051, 19.295656460972683 ], [ -99.017966557181694, 19.295594799521872 ], [ -99.018095282305509, 19.295389507476905 ], [ -99.018231175396451, 19.295172783231809 ], [ -99.018360992189116, 19.295006819071826 ], [ -99.018608138452464, 19.294653555161553 ], [ -99.018636850059252, 19.294636957117554 ], [ -99.018665561660271, 19.294620359069103 ], [ -99.018777826556786, 19.293811928290214 ], [ -99.018860218638522, 19.293788212489357 ], [ -99.019282121788379, 19.293292685619004 ], [ -99.019651701996438, 19.29373834368662 ], [ -99.019956357176795, 19.294103403234903 ], [ -99.020029086675336, 19.294194345869727 ], [ -99.020318451438413, 19.294556172921432 ], [ -99.020736948417081, 19.295071193855687 ], [ -99.021289400412115, 19.295755348531021 ], [ -99.02138415841803, 19.295872695778868 ], [ -99.02141872410202, 19.295930113983498 ], [ -99.021440774331239, 19.29596674232635 ], [ -99.021505108986261, 19.296073610575409 ], [ -99.021527181289841, 19.296114380151568 ], [ -99.021597498892447, 19.296244263081327 ], [ -99.021644961869072, 19.296331931331149 ], [ -99.021675197757887, 19.296367807921847 ], [ -99.021705433659889, 19.296403684507393 ], [ -99.021826397378859, 19.296697887534133 ], [ -99.021909570990545, 19.296981330956655 ], [ -99.021943610837369, 19.29720378394828 ], [ -99.021936075955068, 19.297376009685145 ], [ -99.021917216229127, 19.29763793720819 ], [ -99.021889750913516, 19.297836975250949 ], [ -99.021887013924243, 19.297856809876542 ], [ -99.021849247000858, 19.29802545120177 ], [ -99.021841697225028, 19.298086448394397 ], [ -99.021866265670042, 19.298126810645307 ], [ -99.02189083412712, 19.298167172892722 ], [ -99.022055237387804, 19.298312467795771 ], [ -99.022179005925864, 19.298373449091752 ], [ -99.022302774555556, 19.298434430303434 ], [ -99.022486057253531, 19.298463111959808 ], [ -99.022801863137033, 19.298472526941204 ] ] ] ] } },
{ "type": "Feature", "properties": { "id": 2338.0, "entidad": 9, "distrito_f": 9, "distrito_l": 7, "municipio": 11, "seccion": 3695, "tipo": 2, "control": 36616.0, "SECCION_TX": "3695", "SECCION__1": null, "SECCION__2": null, "SECCION_N": "3695", "ESTATUS": null, "ALCALDIA_N": "TLAHUAC", "EN_OPERATI": null, "EN_OP": "NO", "SEC_N": "3695", "EST": null, "ALC_N": "TLAHUAC", "OP": "NO", "NOMBRE": "LA ASUNCION" }, "geometry": { "type": "MultiPolygon", "coordinates": [ [ [ [ -99.001898437471468, 19.280934634484908 ], [ -99.001653486978469, 19.280898794522088 ], [ -99.001143780763542, 19.280824215688924 ], [ -99.00115040748841, 19.28078466050242 ], [ -99.001157034210081, 19.280745105315518 ], [ -99.001217590542907, 19.2803519640273 ], [ -99.001227772021579, 19.280285864069977 ], [ -99.001247187766353, 19.280159813476601 ], [ -99.001262300028657, 19.280061701748629 ], [ -99.00133380047852, 19.279597505392427 ], [ -99.001338943356743, 19.279564116614029 ], [ -99.001349967239989, 19.279492546917215 ], [ -99.001451125364426, 19.278835801127784 ], [ -99.001468059286282, 19.278725861024594 ], [ -99.001484993185571, 19.278615920918519 ], [ -99.001571697931197, 19.278053004578222 ], [ -99.001578186093951, 19.278010881088047 ], [ -99.001602160459456, 19.277855230679155 ], [ -99.001699967407021, 19.27725863503181 ], [ -99.001862838300298, 19.276553700362136 ], [ -99.002170933388967, 19.27703379947458 ], [ -99.002626559087815, 19.276773907785142 ], [ -99.003066324889247, 19.27652306081686 ], [ -99.00336772928101, 19.276351135573869 ], [ -99.003584971499365, 19.276369885447174 ], [ -99.0036519406558, 19.276369884121316 ], [ -99.004218423119298, 19.276369871924746 ], [ -99.004241801760656, 19.276369871383654 ], [ -99.004619159588302, 19.276369862236407 ], [ -99.004856823696684, 19.276369856075505 ], [ -99.005024095192539, 19.276636423837783 ], [ -99.00457063318224, 19.276897108536343 ], [ -99.005151221767392, 19.277764261589599 ], [ -99.005745800964363, 19.278652299224596 ], [ -99.006340192710823, 19.27954004530293 ], [ -99.006406063330047, 19.279654054348562 ], [ -99.005949031849141, 19.27992897267832 ], [ -99.00551023514538, 19.280199387245791 ], [ -99.005428524995907, 19.280072563328325 ], [ -99.004852956570929, 19.279179205726937 ], [ -99.004394748352226, 19.279451455933259 ], [ -99.003954699169142, 19.279712914783243 ], [ -99.003503858567043, 19.279980783476816 ], [ -99.003064322700894, 19.280241933501113 ], [ -99.002614546863086, 19.280509165640769 ], [ -99.00216413079373, 19.280776776185139 ], [ -99.001898437471468, 19.280934634484908 ] ] ] ] } },
{ "type": "Feature", "properties": { "id": 2339.0, "entidad": 9, "distrito_f": 9, "distrito_l": 8, "municipio": 11, "seccion": 3696, "tipo": 2, "control": 36617.0, "SECCION_TX": "3696", "SECCION__1": null, "SECCION__2": null, "SECCION_N": "3696", "ESTATUS": null, "ALCALDIA_N": "TLAHUAC", "EN_OPERATI": null, "EN_OP": "NO", "SEC_N": "3696", "EST": null, "ALC_N": "TLAHUAC", "OP": "NO", "NOMBRE": "SANTA CECILIA" }, "geometry": { "type": "MultiPolygon", "coordinates": [ [ [ [ -99.001157034210081, 19.280745105315518 ], [ -98.999487862604994, 19.280511811298645 ], [ -98.998049110539327, 19.280310709409402 ], [ -98.998132329072078, 19.279729442690858 ], [ -98.998216138727742, 19.279144042861734 ], [ -98.99822488971428, 19.279082918084963 ], [ -98.998298542137547, 19.278568461351476 ], [ -98.998302255279839, 19.278542525240184 ], [ -98.998380944971572, 19.277992879767613 ], [ -98.997306144262879, 19.277848589722005 ], [ -98.997394139170382, 19.277275842191905 ], [ -98.997487265070617, 19.276669693267412 ], [ -98.997512856642189, 19.276503119009053 ], [ -98.997607403642064, 19.275887714340641 ], [ -98.997694458922041, 19.275321068992742 ], [ -98.997675205232298, 19.275318324929408 ], [ -98.99663671886789, 19.275170315231154 ], [ -98.996463657864723, 19.275145649207222 ], [ -98.995406608123133, 19.274994986392954 ], [ -98.995489533079692, 19.274417911223441 ], [ -98.995494223527956, 19.274385270248494 ], [ -98.995572744806751, 19.273838836277307 ], [ -98.99565595594872, 19.27325976125654 ], [ -98.996731483091139, 19.273424392229145 ], [ -98.996900517871666, 19.273447899000406 ], [ -98.997958956342487, 19.27359508672269 ], [ -98.997880169852408, 19.274156164711794 ], [ -98.998949319870746, 19.274300451406159 ], [ -98.998861668578115, 19.274891897816939 ], [ -98.998774016656341, 19.275483344147315 ], [ -98.998692905726344, 19.276030650163708 ], [ -98.998688557610592, 19.276059989507143 ], [ -98.99860183015133, 19.276645189437843 ], [ -98.998577908649551, 19.276806600790938 ], [ -99.000028192366997, 19.277016590297816 ], [ -99.001699967407021, 19.27725863503181 ], [ -99.001602160459456, 19.277855230679155 ], [ -99.001578186093951, 19.278010881088047 ], [ -99.001571697931197, 19.278053004578222 ], [ -99.001484993185571, 19.278615920918519 ], [ -99.001468059286282, 19.278725861024594 ], [ -99.001451125364426, 19.278835801127784 ], [ -99.001349967239989, 19.279492546917215 ], [ -99.001338943356743, 19.279564116614029 ], [ -99.00133380047852, 19.279597505392427 ], [ -99.001262300028657, 19.280061701748629 ], [ -99.001247187766353, 19.280159813476601 ], [ -99.001227772021579, 19.280285864069977 ], [ -99.001217590542907, 19.2803519640273 ], [ -99.001157034210081, 19.280745105315518 ] ] ] ] } },
{ "type": "Feature", "properties": { "id": 459.0, "entidad": 9, "distrito_f": 9, "distrito_l": 8, "municipio": 11, "seccion": 3697, "tipo": 2, "control": 36618.0, "SECCION_TX": "3697", "SECCION__1": null, "SECCION__2": null, "SECCION_N": "3697", "ESTATUS": "COMPLETA", "ALCALDIA_N": "TLAHUAC", "EN_OPERATI": null, "EN_OP": "SI", "SEC_N": "3697", "EST": "COMPLETA", "ALC_N": "TLAHUAC", "OP": "SI", "NOMBRE": "SELENE" }, "geometry": { "type": "MultiPolygon", "coordinates": [ [ [ [ -98.998049110539327, 19.280310709409402 ], [ -98.996984204884512, 19.280161854371539 ], [ -98.995926892084256, 19.280014054273067 ], [ -98.995899246183768, 19.280010189610422 ], [ -98.995741646087893, 19.279988158368429 ], [ -98.994674982823966, 19.279839043585294 ], [ -98.994760524171099, 19.27928403106127 ], [ -98.994765516818717, 19.279251637462831 ], [ -98.994850396508156, 19.278700913938469 ], [ -98.99485666905511, 19.278660215723807 ], [ -98.994940759730596, 19.278114607566259 ], [ -98.995029625999834, 19.277538009767447 ], [ -98.995115918780613, 19.276978105789997 ], [ -98.995210483641202, 19.276364524609079 ], [ -98.995236719288883, 19.276194294592262 ], [ -98.994124445872686, 19.276038169491027 ], [ -98.99421406618103, 19.275444053282467 ], [ -98.994303685842695, 19.274849936991128 ], [ -98.995406608123133, 19.274994986392954 ], [ -98.996463657864723, 19.275145649207222 ], [ -98.99663671886789, 19.275170315231154 ], [ -98.997675205232298, 19.275318324929408 ], [ -98.997694458922041, 19.275321068992742 ], [ -98.997607403642064, 19.275887714340641 ], [ -98.997512856642189, 19.276503119009053 ], [ -98.997487265070617, 19.276669693267412 ], [ -98.997394139170382, 19.277275842191905 ], [ -98.997306144262879, 19.277848589722005 ], [ -98.998380944971572, 19.277992879767613 ], [ -98.998302255279839, 19.278542525240184 ], [ -98.998298542137547, 19.278568461351476 ], [ -98.99822488971428, 19.279082918084963 ], [ -98.998216138727742, 19.279144042861734 ], [ -98.998132329072078, 19.279729442690858 ], [ -98.998049110539327, 19.280310709409402 ] ] ] ] } },
{ "type": "Feature", "properties": { "id": 943.0, "entidad": 9, "distrito_f": 9, "distrito_l": 8, "municipio": 11, "seccion": 3698, "tipo": 2, "control": 36238.0, "SECCION_TX": "3698", "SECCION__1": null, "SECCION__2": null, "SECCION_N": "3698", "ESTATUS": "COMPLETA", "ALCALDIA_N": "TLAHUAC", "EN_OPERATI": null, "EN_OP": "SI", "SEC_N": "3698", "EST": "COMPLETA", "ALC_N": "TLAHUAC", "OP": "SI", "NOMBRE": "SELENE" }, "geometry": { "type": "MultiPolygon", "coordinates": [ [ [ [ -98.994674982823966, 19.279839043585294 ], [ -98.993588346433981, 19.279697892074783 ], [ -98.992504952210595, 19.279557155039107 ], [ -98.991529869567572, 19.279430482391458 ], [ -98.991352406268135, 19.279487214410093 ], [ -98.991283665009078, 19.279477863748696 ], [ -98.981637108572443, 19.278165405419944 ], [ -98.971654102527637, 19.276842544423229 ], [ -98.972275828341466, 19.273309858270565 ], [ -98.972438377262833, 19.272386216577726 ], [ -98.982399200514678, 19.273735048474862 ], [ -98.992113624072829, 19.275093732718329 ], [ -98.992201315413425, 19.274573427308479 ], [ -98.992339861416752, 19.274591650042279 ], [ -98.993222825559101, 19.274707782338133 ], [ -98.994303685842695, 19.274849936991128 ], [ -98.99421406618103, 19.275444053282467 ], [ -98.994124445872686, 19.276038169491027 ], [ -98.995236719288883, 19.276194294592262 ], [ -98.995210483641202, 19.276364524609079 ], [ -98.995115918780613, 19.276978105789997 ], [ -98.995029625999834, 19.277538009767447 ], [ -98.994940759730596, 19.278114607566259 ], [ -98.99485666905511, 19.278660215723807 ], [ -98.994850396508156, 19.278700913938469 ], [ -98.994765516818717, 19.279251637462831 ], [ -98.994760524171099, 19.27928403106127 ], [ -98.994674982823966, 19.279839043585294 ] ] ] ] } },
{ "type": "Feature", "properties": { "id": 1012.0, "entidad": 9, "distrito_f": 9, "distrito_l": 8, "municipio": 11, "seccion": 3699, "tipo": 2, "control": 37836.0, "SECCION_TX": "3699", "SECCION__1": null, "SECCION__2": null, "SECCION_N": "3699", "ESTATUS": "COMPLETA", "ALCALDIA_N": "TLAHUAC", "EN_OPERATI": null, "EN_OP": "SI", "SEC_N": "3699", "EST": "COMPLETA", "ALC_N": "TLAHUAC", "OP": "SI", "NOMBRE": "LA HABANA" }, "geometry": { "type": "MultiPolygon", "coordinates": [ [ [ [ -98.995406608123147, 19.274994985986542 ], [ -98.994303685842723, 19.274849936584804 ], [ -98.993222825559116, 19.274707781931717 ], [ -98.992339861416767, 19.274591649635866 ], [ -98.992201315413439, 19.274573426902062 ], [ -98.992113624072843, 19.275093732311912 ], [ -98.98239920051472, 19.273735048068357 ], [ -98.97243837726289, 19.272386216171039 ], [ -98.973139062029674, 19.268848699376438 ], [ -98.973262799427474, 19.267900814889899 ], [ -98.992831585877994, 19.270712757717092 ], [ -98.993072561684556, 19.269433628830004 ], [ -98.993198970390196, 19.269475069638069 ], [ -98.993372172242829, 19.269533049395822 ], [ -98.993406930170423, 19.269544684675214 ], [ -98.993426328404979, 19.269557981216973 ], [ -98.993943824974338, 19.2699126982662 ], [ -98.994036997916453, 19.2699765631648 ], [ -98.99495472976669, 19.270546627888212 ], [ -98.995992971440117, 19.271191538986486 ], [ -98.995936925416387, 19.271550268928863 ], [ -98.995849582434005, 19.272109315992605 ], [ -98.995760073879325, 19.272682219992554 ], [ -98.996813595084618, 19.272830267912486 ], [ -98.996731483091153, 19.27342439182264 ], [ -98.995655955948735, 19.273259760850035 ], [ -98.995572744806765, 19.273838835870809 ], [ -98.995494223527984, 19.274385269841989 ], [ -98.995489533079706, 19.274417910817029 ], [ -98.995406608123147, 19.274994985986542 ] ] ] ] } },
{ "type": "Feature", "properties": { "id": 2178.0, "entidad": 9, "distrito_f": 9, "distrito_l": 7, "municipio": 11, "seccion": 3703, "tipo": 2, "control": 36630.0, "SECCION_TX": "3703", "SECCION__1": null, "SECCION__2": null, "SECCION_N": "3703", "ESTATUS": "COMPLETA", "ALCALDIA_N": "TLAHUAC", "EN_OPERATI": null, "EN_OP": "SI", "SEC_N": "3703", "EST": "COMPLETA", "ALC_N": "TLAHUAC", "OP": "SI", "NOMBRE": "LA HABANA" }, "geometry": { "type": "MultiPolygon", "coordinates": [ [ [ [ -99.000538642548008, 19.274425564110718 ], [ -98.999584808575619, 19.273739178565791 ], [ -98.999110023295032, 19.273397615746703 ], [ -98.998112387739852, 19.272687906008137 ], [ -98.997735115840655, 19.272419514852892 ], [ -98.997676916044952, 19.272377152433737 ], [ -98.997138168175951, 19.271985007158317 ], [ -98.997109475126379, 19.271964121885496 ], [ -98.996966905372275, 19.27186034719259 ], [ -98.996916616729976, 19.271823742677828 ], [ -98.995992971440103, 19.27119153939335 ], [ -98.994954729766675, 19.270546628295172 ], [ -98.994036997916439, 19.269976563571841 ], [ -98.993943824974323, 19.269912698673249 ], [ -98.993426328404965, 19.269557981624022 ], [ -98.993406930170408, 19.269544685082263 ], [ -98.993372172242815, 19.269533049802874 ], [ -98.993198970390182, 19.2694750700452 ], [ -98.993216977384691, 19.269361010664163 ], [ -98.993280315558266, 19.268959814566596 ], [ -98.993557753394853, 19.267202446785138 ], [ -98.993919827940829, 19.267276356783892 ], [ -98.993942464397378, 19.26728097752034 ], [ -98.994410777524607, 19.267376572693266 ], [ -98.995050155657722, 19.267507084669319 ], [ -98.995553833304086, 19.267610022178015 ], [ -98.99528980128737, 19.2684660458793 ], [ -98.995164905082959, 19.268870971206699 ], [ -98.995065839069085, 19.269192151120738 ], [ -98.99613428549992, 19.269395721848635 ], [ -98.996424731364343, 19.269446537063164 ], [ -98.997034875898265, 19.269541481695299 ], [ -98.997492154928011, 19.269588693996219 ], [ -98.99840990414279, 19.269730843454852 ], [ -98.998183222656365, 19.270622622358438 ], [ -98.998161745889817, 19.27070711275886 ], [ -98.99881400867325, 19.270807403939425 ], [ -98.999250769976356, 19.270874558761349 ], [ -99.000229653311607, 19.271025064702123 ], [ -99.000408762531933, 19.27105161894395 ], [ -99.000836948026688, 19.271115101184357 ], [ -99.001347333687463, 19.271190768457874 ], [ -99.001255497279416, 19.271556396183122 ], [ -99.001197089740074, 19.271788932884256 ], [ -99.001124466540887, 19.272078065142171 ], [ -99.000965047243554, 19.272712752046175 ], [ -99.000761359635149, 19.273530943215253 ], [ -99.000751214997763, 19.273571692910014 ], [ -99.000566298582669, 19.274314474544738 ], [ -99.000538642548008, 19.274425564110718 ] ] ] ] } },
{ "type": "Feature", "properties": { "id": 1293.0, "entidad": 9, "distrito_f": 9, "distrito_l": 7, "municipio": 11, "seccion": 3704, "tipo": 2, "control": 36631.0, "SECCION_TX": "3704", "SECCION__1": null, "SECCION__2": null, "SECCION_N": "3704", "ESTATUS": null, "ALCALDIA_N": "TLAHUAC", "EN_OPERATI": null, "EN_OP": "NO", "SEC_N": "3704", "EST": null, "ALC_N": "TLAHUAC", "OP": "NO", "NOMBRE": "LA HABANA" }, "geometry": { "type": "MultiPolygon", "coordinates": [ [ [ [ -99.001347333687463, 19.271190768457874 ], [ -99.000836948026688, 19.271115101184357 ], [ -99.000408762531933, 19.27105161894395 ], [ -99.000229653311607, 19.271025064702123 ], [ -98.999250769976356, 19.270874558761349 ], [ -98.99881400867325, 19.270807403939425 ], [ -98.998161745889817, 19.27070711275886 ], [ -98.998183222656365, 19.270622622358438 ], [ -98.99840990414279, 19.269730843454852 ], [ -98.997492154928011, 19.269588693996219 ], [ -98.997034875898265, 19.269541481695299 ], [ -98.996424731364343, 19.269446537063164 ], [ -98.99613428549992, 19.269395721848635 ], [ -98.995065839069085, 19.269192151120738 ], [ -98.995164905082959, 19.268870971206699 ], [ -98.99528980128737, 19.2684660458793 ], [ -98.995553833304086, 19.267610022178015 ], [ -98.996041116045731, 19.267712730071953 ], [ -98.996403428372147, 19.267789096177058 ], [ -98.997071523834649, 19.267929911420588 ], [ -98.997486869103028, 19.268017452864214 ], [ -98.997631863881196, 19.26804801286265 ], [ -98.998143993703252, 19.268155951507435 ], [ -98.998384827183415, 19.268206710043955 ], [ -98.998777821128058, 19.268289537469482 ], [ -98.999584643797434, 19.268455955980691 ], [ -98.999910342399005, 19.268523134788545 ], [ -99.000694175545348, 19.268684806124256 ], [ -99.000731751301416, 19.268712254997059 ], [ -99.001167299730412, 19.268804498510221 ], [ -99.001907484132332, 19.268961257356029 ], [ -99.001829016465166, 19.269293467168275 ], [ -99.001682107886737, 19.269915432634729 ], [ -99.001602907847328, 19.270247398599579 ], [ -99.001483952812762, 19.270686484271653 ], [ -99.001402351514798, 19.270987688783613 ], [ -99.001347333687463, 19.271190768457874 ] ] ] ] } },
{ "type": "Feature", "properties": { "id": 2359.0, "entidad": 9, "distrito_f": 9, "distrito_l": 7, "municipio": 11, "seccion": 3722, "tipo": 2, "control": 36367.0, "SECCION_TX": "3722", "SECCION__1": null, "SECCION__2": null, "SECCION_N": "3722", "ESTATUS": null, "ALCALDIA_N": "TLAHUAC", "EN_OPERATI": null, "EN_OP": "NO", "SEC_N": "3722", "EST": null, "ALC_N": "TLAHUAC", "OP": "NO", "NOMBRE": "PE�A ALTA" }, "geometry": { "type": "MultiPolygon", "coordinates": [ [ [ [ -99.002042389418008, 19.232378257742273 ], [ -99.001863039381391, 19.232570639488184 ], [ -99.001783087038007, 19.232735649042187 ], [ -99.001626540326214, 19.233061347003801 ], [ -99.001305327181015, 19.232946560876503 ], [ -99.001178408654127, 19.232902908798629 ], [ -99.00070534405269, 19.23269467844969 ], [ -99.00063360810249, 19.232662622801552 ], [ -99.000316159184251, 19.232520768322846 ], [ -99.000254706473029, 19.232493307616512 ], [ -98.999922830423273, 19.232374163190094 ], [ -98.99950341288222, 19.23224633031791 ], [ -98.99863817182198, 19.231922771182447 ], [ -98.998602360634266, 19.232026941826295 ], [ -98.997999631403275, 19.23184232128968 ], [ -98.997870850978785, 19.231820047936232 ], [ -98.997845035489632, 19.23181603671194 ], [ -98.997404382993139, 19.231747567304044 ], [ -98.996925506901917, 19.231726288678274 ], [ -98.996489104757671, 19.231733727369068 ], [ -98.996520468212751, 19.231485510055517 ], [ -98.996592504018295, 19.231007815962208 ], [ -98.996637374670769, 19.230710261877221 ], [ -98.996699308677577, 19.230299552509823 ], [ -98.996815795488487, 19.229527075865139 ], [ -98.997471693900479, 19.229685945592614 ], [ -98.997425896859582, 19.229371732779388 ], [ -98.997412099248109, 19.229277067334817 ], [ -98.997382416175995, 19.229117119794012 ], [ -98.9973360035345, 19.228906989156986 ], [ -98.99727833768678, 19.228645909491146 ], [ -98.997290097168872, 19.228623570046118 ], [ -98.997301856647752, 19.228601230600376 ], [ -98.997346280240933, 19.228583855989772 ], [ -98.997380251085701, 19.228578892118893 ], [ -98.997385477789223, 19.22855158821416 ], [ -98.997369374492223, 19.228088116608827 ], [ -98.997367194225163, 19.228025365787197 ], [ -98.996740042956731, 19.228065070580151 ], [ -98.996483955866367, 19.228092369824086 ], [ -98.996199124506191, 19.22810973939545 ], [ -98.996116157906101, 19.228384447557254 ], [ -98.996077889549895, 19.228491760425424 ], [ -98.996037098286877, 19.228621065041587 ], [ -98.995841112054634, 19.228660775575005 ], [ -98.995703425275778, 19.228685984154911 ], [ -98.995612858412215, 19.228701913582007 ], [ -98.995446526648152, 19.228722820688077 ], [ -98.995298150456136, 19.22871668909378 ], [ -98.995266220336418, 19.228715369576953 ], [ -98.995221814720139, 19.228710406029187 ], [ -98.99504410435712, 19.228690541902516 ], [ -98.994869024296605, 19.228685572721634 ], [ -98.994678264543168, 19.228707906897505 ], [ -98.994471825577136, 19.228740169121629 ], [ -98.994399338186653, 19.228766895028631 ], [ -98.994148306513836, 19.228859449445959 ], [ -98.993797691106352, 19.227448358490332 ], [ -98.993714722018041, 19.227115354724827 ], [ -98.993632546447031, 19.226797789818953 ], [ -98.994308262649298, 19.226874327821108 ], [ -98.995280548206466, 19.226960926094417 ], [ -98.995324297899145, 19.226963339729767 ], [ -98.995801663480762, 19.227034976825259 ], [ -98.995903206603145, 19.226709914953588 ], [ -98.995923232332018, 19.226706456802425 ], [ -98.996027305286717, 19.226688484884285 ], [ -98.996373271895649, 19.226870670883883 ], [ -98.996553777157388, 19.226934972776192 ], [ -98.996701325328715, 19.226963369704329 ], [ -98.996728784429493, 19.226965873140678 ], [ -98.997409509853028, 19.227027933292177 ], [ -98.997429966373403, 19.227017329258896 ], [ -98.998559808137074, 19.226431648229795 ], [ -98.998582671364943, 19.226419796402926 ], [ -98.998689303193487, 19.226441816663733 ], [ -98.998746781986171, 19.226453686431093 ], [ -98.998890948256999, 19.226483457674156 ], [ -98.998993989377695, 19.226504736238425 ], [ -98.999239305679879, 19.226552241556266 ], [ -98.99936624180458, 19.226615505209121 ], [ -98.999554385352056, 19.226613023582971 ], [ -98.999702172820932, 19.226576085934497 ], [ -98.999734363324819, 19.226372236908958 ], [ -99.001919718295738, 19.226576076116849 ], [ -99.002069938862832, 19.226555689573555 ], [ -99.002220160396917, 19.226610047567078 ], [ -99.002356075955205, 19.226711970404608 ], [ -99.002481260076777, 19.226711968751584 ], [ -99.002506295407002, 19.226613441359959 ], [ -99.002592135043784, 19.226559080412667 ], [ -99.003102361803556, 19.226684232146074 ], [ -99.003145017236989, 19.226694694874698 ], [ -99.003243095006781, 19.226718751816367 ], [ -99.003314702456308, 19.226599031914844 ], [ -99.003332509225913, 19.226569260892727 ], [ -99.003658919919445, 19.226596612551781 ], [ -99.003903976706425, 19.226661332617848 ], [ -99.004375565150255, 19.226675026375371 ], [ -99.004451346217337, 19.226712257256256 ], [ -99.004498382805508, 19.226737077911601 ], [ -99.004613359290119, 19.226729628510505 ], [ -99.004723109409653, 19.226717214811316 ], [ -99.004739742649932, 19.226707266153504 ], [ -99.004793662056741, 19.226675015910782 ], [ -99.004871889750788, 19.226653926770517 ], [ -99.00494079058025, 19.22665317356801 ], [ -99.005214371285504, 19.226650182613046 ], [ -99.00567035634927, 19.226647683332605 ], [ -99.006493036217421, 19.22664317007996 ], [ -99.006487959401866, 19.226692927354868 ], [ -99.006457530049616, 19.226812108984539 ], [ -99.006449922711553, 19.226857753012844 ], [ -99.006361170434161, 19.226979470421909 ], [ -99.006315381042654, 19.227152904808467 ], [ -99.006277489715487, 19.227415624470737 ], [ -99.00625213192194, 19.227603272143 ], [ -99.00622170256969, 19.227689488641008 ], [ -99.006158308085858, 19.227859385857688 ], [ -99.00610991067127, 19.227979983781733 ], [ -99.006018491631707, 19.22833265103046 ], [ -99.005975227679016, 19.228412109730922 ], [ -99.005908886552788, 19.228450470571726 ], [ -99.005810816456673, 19.228491572303987 ], [ -99.005750246274715, 19.228590210842157 ], [ -99.005634873031639, 19.228740909272126 ], [ -99.005585839582722, 19.22881214833583 ], [ -99.005523262890236, 19.22885049980059 ], [ -99.005496423039645, 19.228866949165131 ], [ -99.005424314578192, 19.228962848031255 ], [ -99.005360861036067, 19.229108064925303 ], [ -99.005204968220241, 19.229531429917003 ], [ -99.005139360074551, 19.229702882880915 ], [ -99.005107597299002, 19.229785888016011 ], [ -99.004942324679547, 19.230201288442089 ], [ -99.004907050182396, 19.230288037649451 ], [ -99.004807086986446, 19.230617768448202 ], [ -99.004763821379285, 19.23068078740905 ], [ -99.004688825182242, 19.230705448495371 ], [ -99.004587869099353, 19.230752029448116 ], [ -99.004524411809783, 19.230812308950572 ], [ -99.004512874826688, 19.230849297960965 ], [ -99.004501337838434, 19.23088628697057 ], [ -99.004472496179503, 19.231009583428101 ], [ -99.004420580571889, 19.231212337697656 ], [ -99.004368665706238, 19.231447970813171 ], [ -99.004279249603968, 19.231590448005573 ], [ -99.00421002704266, 19.231815121848758 ], [ -99.004174224164728, 19.232006829817919 ], [ -99.004141308456482, 19.232180579558595 ], [ -99.004001543605426, 19.232802959497704 ], [ -99.003896855185133, 19.232621373202051 ], [ -99.003822891684507, 19.232521576226667 ], [ -99.003741266158741, 19.232445094590823 ], [ -99.003683952748048, 19.23240602287532 ], [ -99.003572020714813, 19.232388558189719 ], [ -99.003397241126777, 19.232369919986063 ], [ -99.003231889908491, 19.232325929954687 ], [ -99.003079819804483, 19.232291790970557 ], [ -99.002933279606438, 19.23226027804877 ], [ -99.002524061072194, 19.232134661547541 ], [ -99.002326013842548, 19.232075686091097 ], [ -99.002042389418008, 19.232378257742273 ] ] ] ] } },
{ "type": "Feature", "properties": { "id": 2384.0, "entidad": 9, "distrito_f": 9, "distrito_l": 7, "municipio": 11, "seccion": 5550, "tipo": 2, "control": 37832.0, "SECCION_TX": "5550", "SECCION__1": null, "SECCION__2": null, "SECCION_N": "5550", "ESTATUS": null, "ALCALDIA_N": "TLAHUAC", "EN_OPERATI": null, "EN_OP": "NO", "SEC_N": "5550", "EST": null, "ALC_N": "TLAHUAC", "OP": "NO", "NOMBRE": "SAN SEBASTIAN" }, "geometry": { "type": "MultiPolygon", "coordinates": [ [ [ [ -99.009266363531282, 19.255796476033812 ], [ -99.009146281144666, 19.256091959662189 ], [ -99.008913302472493, 19.256581068937408 ], [ -99.008719583544803, 19.257047816244285 ], [ -99.008586394009356, 19.257352378030824 ], [ -99.00844468119675, 19.257748062659513 ], [ -99.008268222001632, 19.258179377920541 ], [ -99.007848024393866, 19.259311384118792 ], [ -99.007782190332819, 19.259290786756864 ], [ -99.007409227143398, 19.25917583852965 ], [ -99.006997116550551, 19.259046717875606 ], [ -99.006742957450513, 19.258967108709296 ], [ -99.007284948188598, 19.257858080842961 ], [ -99.00749052588489, 19.257421952545389 ], [ -99.007652839633892, 19.257077605898928 ], [ -99.007776366221407, 19.256815544676364 ], [ -99.007792951653272, 19.256780358670515 ], [ -99.008035466265852, 19.256265861841843 ], [ -99.00804438357136, 19.256246943633865 ], [ -99.008396033939235, 19.255500907856636 ], [ -99.009266363531282, 19.255796476033812 ] ] ] ] } },
{ "type": "Feature", "properties": { "id": 2284.0, "entidad": 9, "distrito_f": 9, "distrito_l": 7, "municipio": 11, "seccion": 4154, "tipo": 2, "control": 36673.0, "SECCION_TX": "4154", "SECCION__1": null, "SECCION__2": null, "SECCION_N": "4154", "ESTATUS": null, "ALCALDIA_N": "TLAHUAC", "EN_OPERATI": null, "EN_OP": "NO", "SEC_N": "4154", "EST": null, "ALC_N": "TLAHUAC", "OP": "NO", "NOMBRE": "SAN SEBASTIAN" }, "geometry": { "type": "MultiPolygon", "coordinates": [ [ [ [ -99.009178332726975, 19.259714044018221 ], [ -99.008608093252036, 19.259548327201735 ], [ -99.008279491150489, 19.25944565506661 ], [ -99.007848024393866, 19.259311384118792 ], [ -99.008268222001632, 19.258179377920541 ], [ -99.00844468119675, 19.257748062659513 ], [ -99.008586394009356, 19.257352378030824 ], [ -99.008719583544803, 19.257047816244285 ], [ -99.008913302472493, 19.256581068937408 ], [ -99.009146281144666, 19.256091959662189 ], [ -99.009266363531282, 19.255796476033812 ], [ -99.010045238344091, 19.256060981304312 ], [ -99.010076479959849, 19.256071590845281 ], [ -99.010391202828188, 19.256178469231241 ], [ -99.010289770235033, 19.256474132953631 ], [ -99.009978468747462, 19.257381532059885 ], [ -99.009957223554139, 19.257443458359727 ], [ -99.009565728651594, 19.258584593801611 ], [ -99.009178332726975, 19.259714044018221 ] ] ] ] } },
{ "type": "Feature", "properties": { "id": 2387.0, "entidad": 9, "distrito_f": 9, "distrito_l": 7, "municipio": 11, "seccion": 5554, "tipo": 2, "control": 37829.0, "SECCION_TX": "5554", "SECCION__1": null, "SECCION__2": null, "SECCION_N": "5554", "ESTATUS": null, "ALCALDIA_N": "TLAHUAC", "EN_OPERATI": null, "EN_OP": "NO", "SEC_N": "5554", "EST": null, "ALC_N": "TLAHUAC", "OP": "NO", "NOMBRE": "CALYECAC" }, "geometry": { "type": "MultiPolygon", "coordinates": [ [ [ [ -99.003419016064925, 19.245765043187721 ], [ -99.003490730778296, 19.245644105649752 ], [ -99.003686749400501, 19.245200288500939 ], [ -99.003738807192022, 19.245082420991427 ], [ -99.003845536724995, 19.244819388247112 ], [ -99.003861765541799, 19.244796908462305 ], [ -99.003983999758759, 19.244627592183829 ], [ -99.004078001746322, 19.244538305719143 ], [ -99.004270379202111, 19.244342778823629 ], [ -99.004391264539279, 19.244140655469426 ], [ -99.004462486200879, 19.24387000911879 ], [ -99.004491690300512, 19.243759031618321 ], [ -99.004551057036394, 19.243577521356428 ], [ -99.004618940864091, 19.243371438458841 ], [ -99.004681557154427, 19.243181049744823 ], [ -99.004771486163193, 19.242983632313098 ], [ -99.005071480021698, 19.24246030295572 ], [ -99.005241672857849, 19.242316453298383 ], [ -99.005305135580471, 19.242295902203836 ], [ -99.005483985726798, 19.242260278204562 ], [ -99.005636872301537, 19.242189036103206 ], [ -99.005734949144596, 19.242106835990111 ], [ -99.005847447129071, 19.241961617611615 ], [ -99.005890714787682, 19.24188489896035 ], [ -99.005909524030841, 19.241861777713662 ], [ -99.005988789932601, 19.24176434007606 ], [ -99.006205134958321, 19.241586239216858 ], [ -99.006525322921149, 19.241276619108429 ], [ -99.006643590324842, 19.241164278852217 ], [ -99.006804399154532, 19.240920550493346 ], [ -99.006874351535487, 19.240849181537815 ], [ -99.006992621063944, 19.240799858811346 ], [ -99.007056082575986, 19.2407697174473 ], [ -99.00709935112765, 19.240734097040246 ], [ -99.007116657267915, 19.240690257925966 ], [ -99.007113771534918, 19.240665598914266 ], [ -99.007218290556622, 19.240488446850581 ], [ -99.007457678639668, 19.240545904936127 ], [ -99.007916396082251, 19.240656005611765 ], [ -99.007793680363221, 19.2412243514766 ], [ -99.008296167055136, 19.241377344163809 ], [ -99.008246318052912, 19.241685197553942 ], [ -99.00822341728032, 19.241727105750936 ], [ -99.008133268464874, 19.241892076993206 ], [ -99.008023018601833, 19.242093832397327 ], [ -99.007985511607529, 19.242162469440665 ], [ -99.008227169178625, 19.242282684617834 ], [ -99.008505975546299, 19.242367220137602 ], [ -99.008847160626104, 19.242470668505973 ], [ -99.008891700313868, 19.242484173020031 ], [ -99.009281479457499, 19.242602354205548 ], [ -99.010684010237739, 19.243027593795208 ], [ -99.010645674017326, 19.243359127961259 ], [ -99.010499932240592, 19.243632376974467 ], [ -99.010413841025311, 19.243989481771628 ], [ -99.009915268937107, 19.243776698576184 ], [ -99.009817678433677, 19.243754233567763 ], [ -99.009217020746476, 19.243451808499191 ], [ -99.009158211551963, 19.243740223834322 ], [ -99.009075413811885, 19.243834322209619 ], [ -99.008924609545815, 19.244119421156356 ], [ -99.008779716961655, 19.244360983543327 ], [ -99.008708749288843, 19.244484573404495 ], [ -99.008637780922072, 19.244596928103082 ], [ -99.008432170013876, 19.245034467636192 ], [ -99.00840948377089, 19.245082743750949 ], [ -99.008034561898, 19.245880569490037 ], [ -99.007966553148194, 19.246063143355084 ], [ -99.008051569718631, 19.246206624448053 ], [ -99.008389464381523, 19.24643669257868 ], [ -99.008540538294085, 19.246504959753544 ], [ -99.008301956378389, 19.24693337827642 ], [ -99.008202610306427, 19.24729829533727 ], [ -99.00808254154137, 19.247828179193807 ], [ -99.008021297763534, 19.248079599494748 ], [ -99.007990894189206, 19.248202776480394 ], [ -99.007935855629285, 19.248399503008105 ], [ -99.007851846491263, 19.248695072077474 ], [ -99.007590989580294, 19.249291155194683 ], [ -99.0073303056556, 19.249185810995922 ], [ -99.006407583525018, 19.248580256915531 ], [ -99.005327422916423, 19.247871369208305 ], [ -99.004978601017697, 19.247642441729393 ], [ -99.00485046888673, 19.247574816204441 ], [ -99.00473999406114, 19.247516509728122 ], [ -99.004624242638258, 19.247259251648167 ], [ -99.003419016064925, 19.245765043187721 ] ] ] ] } },
{ "type": "Feature", "properties": { "id": 2291.0, "entidad": 9, "distrito_f": 9, "distrito_l": 8, "municipio": 11, "seccion": 3648, "tipo": 2, "control": 36564.0, "SECCION_TX": "3648", "SECCION__1": null, "SECCION__2": null, "SECCION_N": "3648", "ESTATUS": null, "ALCALDIA_N": "TLAHUAC", "EN_OPERATI": null, "EN_OP": "NO", "SEC_N": "3648", "EST": null, "ALC_N": "TLAHUAC", "OP": "NO", "NOMBRE": "SANTA ANA PONIENTE" }, "geometry": { "type": "MultiPolygon", "coordinates": [ [ [ [ -99.041620721029332, 19.299542486975724 ], [ -99.040737535728979, 19.299314010152543 ], [ -99.040152820695042, 19.299162743797329 ], [ -99.039950813000971, 19.299110483707267 ], [ -99.039557670226657, 19.299008775572958 ], [ -99.038744959776992, 19.298798519954182 ], [ -99.038402123759326, 19.298709823896147 ], [ -99.038304621309791, 19.298691788260577 ], [ -99.037951340820157, 19.29862643929749 ], [ -99.038010707850276, 19.298224180072154 ], [ -99.038055285546122, 19.298150072676517 ], [ -99.038081280000625, 19.298067147942049 ], [ -99.038161155265911, 19.297964805302374 ], [ -99.038230691940015, 19.297785562096426 ], [ -99.038775818097321, 19.296380387468478 ], [ -99.038782929841489, 19.296335301949959 ], [ -99.03879808199865, 19.296239243452948 ], [ -99.038936928364095, 19.296255038808123 ], [ -99.039305205837678, 19.296309031530399 ], [ -99.039631718960067, 19.296352218254526 ], [ -99.039716406796657, 19.296361598188899 ], [ -99.039924060724161, 19.296384597545199 ], [ -99.040141630927366, 19.296413713178353 ], [ -99.040246777610761, 19.296427783998748 ], [ -99.040546721599384, 19.296496208359759 ], [ -99.040625658353164, 19.293291545858089 ], [ -99.041125821048709, 19.293338578738698 ], [ -99.041311214411323, 19.293338986036733 ], [ -99.04132004016958, 19.293397747413913 ], [ -99.041328865934204, 19.293456508790271 ], [ -99.041642985352908, 19.29554786776405 ], [ -99.04179360227549, 19.296670864757345 ], [ -99.041873593454739, 19.297267271127826 ], [ -99.041985273312804, 19.298099937763929 ], [ -99.041980481015585, 19.298277844791393 ], [ -99.041818643733038, 19.299036367313988 ], [ -99.041759594965853, 19.299186411573302 ], [ -99.041710807290102, 19.299260223902618 ], [ -99.041620721029332, 19.299542486975724 ] ] ] ] } },
{ "type": "Feature", "properties": { "id": 2290.0, "entidad": 9, "distrito_f": 9, "distrito_l": 8, "municipio": 11, "seccion": 3647, "tipo": 2, "control": 36565.0, "SECCION_TX": "3647", "SECCION__1": null, "SECCION__2": null, "SECCION_N": "3647", "ESTATUS": null, "ALCALDIA_N": "TLAHUAC", "EN_OPERATI": null, "EN_OP": "NO", "SEC_N": "3647", "EST": null, "ALC_N": "TLAHUAC", "OP": "NO", "NOMBRE": "SANTA ANA SUR (LA CONCHITA ZAPOTITLAN A)" }, "geometry": { "type": "MultiPolygon", "coordinates": [ [ [ [ -99.040546721599384, 19.296496208359759 ], [ -99.040246777610761, 19.296427783998748 ], [ -99.040141630927366, 19.296413713178353 ], [ -99.039924060724161, 19.296384597545199 ], [ -99.039716406796657, 19.296361598188899 ], [ -99.039631718960067, 19.296352218254526 ], [ -99.039305205837678, 19.296309031530399 ], [ -99.038936928364095, 19.296255038808123 ], [ -99.03879808199865, 19.296239243452948 ], [ -99.038773991056416, 19.296236198782633 ], [ -99.038188163483397, 19.296162159492429 ], [ -99.037756407145821, 19.296096513434765 ], [ -99.03698828406057, 19.296181399033735 ], [ -99.036290627147309, 19.296268235104641 ], [ -99.036298278278451, 19.294009774132729 ], [ -99.036297264453736, 19.293144961631221 ], [ -99.036299779428219, 19.292836484714524 ], [ -99.036463681832643, 19.292850103288202 ], [ -99.037107791233737, 19.292910038937244 ], [ -99.037257744806041, 19.292924737275058 ], [ -99.037858295149263, 19.292983601513146 ], [ -99.038234539216063, 19.293031798292997 ], [ -99.038283871523049, 19.293038117690763 ], [ -99.038315551398682, 19.29304154629255 ], [ -99.038850144795092, 19.293099402608725 ], [ -99.038873763723942, 19.293101958727775 ], [ -99.039220458105277, 19.293139478787566 ], [ -99.039693394347438, 19.29319065994126 ], [ -99.039784863683707, 19.293200558606504 ], [ -99.040205085241467, 19.293246033707113 ], [ -99.040625658353164, 19.293291545858089 ], [ -99.040546721599384, 19.296496208359759 ] ] ] ] } },
{ "type": "Feature", "properties": { "id": 2249.0, "entidad": 9, "distrito_f": 9, "distrito_l": 8, "municipio": 11, "seccion": 3612, "tipo": 2, "control": 35795.0, "SECCION_TX": "3612", "SECCION__1": null, "SECCION__2": null, "SECCION_N": "3612", "ESTATUS": null, "ALCALDIA_N": "TLAHUAC", "EN_OPERATI": null, "EN_OP": "NO", "SEC_N": "3612", "EST": null, "ALC_N": "TLAHUAC", "OP": "NO", "NOMBRE": "SAN MIGUEL ZAPOTITLA" }, "geometry": { "type": "MultiPolygon", "coordinates": [ [ [ [ -99.036498191843052, 19.311915959203933 ], [ -99.035099754836921, 19.310712131129012 ], [ -99.035129475143847, 19.310682770565201 ], [ -99.035438691114436, 19.310290456417079 ], [ -99.035462564002557, 19.310280251556833 ], [ -99.03548643688768, 19.310270046693372 ], [ -99.03608315538446, 19.309546847184382 ], [ -99.036596593576022, 19.308918001970547 ], [ -99.036808755933606, 19.308658149416164 ], [ -99.037106164430867, 19.308877773234677 ], [ -99.037403573721789, 19.309097396561942 ], [ -99.037642806383502, 19.30927405829441 ], [ -99.037940929490873, 19.30949420679293 ], [ -99.038251044550762, 19.309723209579388 ], [ -99.037539768058323, 19.310593776298642 ], [ -99.036906066260656, 19.311398204304435 ], [ -99.036498191843052, 19.311915959203933 ] ] ] ] } }
]
}
