{
"type": "FeatureCollection",
"name": "secciones_COYOACAN",
"crs": { "type": "name", "properties": { "name": "urn:ogc:def:crs:OGC:1.3:CRS84" } },
"features": [
{ "type": "Feature", "properties": { "id": 2133.0, "entidad": 9, "distrito_f": 8, "distrito_l": 26, "municipio": 3, "seccion": 495, "tipo": 2, "control": 35660.0, "SECCION_TX": "0495", "SECCION__1": null, "SECCION__2": null, "SECCION_N": "495", "ESTATUS": "COMPLETA", "ALCALDIA_N": "COYOACAN", "EN_OPERATI": null, "EN_OP": "SI", "SEC_N": "495", "EST": "COMPLETA", "ALC_N": "COYOACAN", "OP": "SI", "NOMBRE": "TORRES DEL MAUREL" }, "geometry": { "type": "MultiPolygon", "coordinates": [ [ [ [ -99.183226131772869, 19.306349755041619 ], [ -99.180879486812117, 19.307477946202081 ], [ -99.180816821293959, 19.307457413289956 ], [ -99.180451545193634, 19.307337726807198 ], [ -99.180425998946376, 19.306868477656863 ], [ -99.180370982803552, 19.30591461023479 ], [ -99.180339783727163, 19.305373676695019 ], [ -99.180333890256335, 19.305189807246343 ], [ -99.1802925195434, 19.303899075723471 ], [ -99.180290695297444, 19.303842160244749 ], [ -99.180285051396709, 19.30366607333336 ], [ -99.18028380752763, 19.303627265175709 ], [ -99.180283000817056, 19.303602096155597 ], [ -99.180280767049581, 19.303532403533495 ], [ -99.18027889877412, 19.303474114059338 ], [ -99.180276929318651, 19.303412667755438 ], [ -99.181390328622555, 19.303341698632543 ], [ -99.181433078581222, 19.303411771335771 ], [ -99.181461200006098, 19.303457865944324 ], [ -99.181510912560327, 19.303539351097765 ], [ -99.181526884779004, 19.30356553156059 ], [ -99.182928921670424, 19.305862783084081 ], [ -99.183226131772869, 19.306349755041619 ] ] ] ] } },
{ "type": "Feature", "properties": { "id": 4792.0, "entidad": 9, "distrito_f": 19, "distrito_l": 30, "municipio": 3, "seccion": 616, "tipo": 2, "control": 36908.0, "SECCION_TX": "0616", "SECCION__1": null, "SECCION__2": null, "SECCION_N": "616", "ESTATUS": null, "ALCALDIA_N": "COYOACAN", "EN_OPERATI": null, "EN_OP": "NO", "SEC_N": "616", "EST": null, "ALC_N": "COYOACAN", "OP": "NO", "NOMBRE": "CTM VIIA CULHUACAN" }, "geometry": { "type": "MultiPolygon", "coordinates": [ [ [ [ -99.108637378688343, 19.320620796585676 ], [ -99.107639591572365, 19.320766473570963 ], [ -99.107598694055739, 19.320519711125485 ], [ -99.106278894361267, 19.32070905328861 ], [ -99.105922273017356, 19.320712857863828 ], [ -99.105756540203927, 19.320694860175102 ], [ -99.105844045998879, 19.320202083805601 ], [ -99.10589631527003, 19.319962700079941 ], [ -99.106021106348422, 19.319391176838806 ], [ -99.10606131236645, 19.319207038825649 ], [ -99.106338411599239, 19.319197468939226 ], [ -99.106659688888854, 19.319139362076893 ], [ -99.10698285889265, 19.319095454568359 ], [ -99.107334793559872, 19.319042433945068 ], [ -99.107676414127852, 19.318995897185719 ], [ -99.108005830151541, 19.318945505725747 ], [ -99.108323036531715, 19.318883537059879 ], [ -99.108449447278829, 19.319577466943283 ], [ -99.108497478945665, 19.319844123314901 ], [ -99.108545908046196, 19.320112985200527 ], [ -99.10859197657409, 19.320368741142403 ], [ -99.108627874566423, 19.32056803334568 ], [ -99.108637378688343, 19.320620796585676 ] ] ] ] } },
{ "type": "Feature", "properties": { "id": 4308.0, "entidad": 9, "distrito_f": 19, "distrito_l": 30, "municipio": 3, "seccion": 634, "tipo": 2, "control": 36912.0, "SECCION_TX": "0634", "SECCION__1": null, "SECCION__2": null, "SECCION_N": "634", "ESTATUS": "COMPLETA", "ALCALDIA_N": "COYOACAN", "EN_OPERATI": null, "EN_OP": "SI", "SEC_N": "634", "EST": "COMPLETA", "ALC_N": "COYOACAN", "OP": "SI", "NOMBRE": "CTM VIIA CULHUACAN" }, "geometry": { "type": "MultiPolygon", "coordinates": [ [ [ [ -99.105844045998879, 19.320202083805601 ], [ -99.105485263354822, 19.320131723725421 ], [ -99.105216100768118, 19.320078938335151 ], [ -99.104944323973896, 19.320025639835464 ], [ -99.104665693154388, 19.319970996726884 ], [ -99.104334277550777, 19.319906245048504 ], [ -99.104678475176627, 19.318316977722738 ], [ -99.104690116046811, 19.318263227663536 ], [ -99.105029246140987, 19.318310331909878 ], [ -99.10530414067631, 19.318362004446399 ], [ -99.105576800811249, 19.318413477056595 ], [ -99.105849358530605, 19.318467089453836 ], [ -99.106239773284415, 19.31854411357417 ], [ -99.10606131236645, 19.319207038825649 ], [ -99.106021106348422, 19.319391176838806 ], [ -99.10589631527003, 19.319962700079941 ], [ -99.105844045998879, 19.320202083805601 ] ] ] ] } },
{ "type": "Feature", "properties": { "id": 4804.0, "entidad": 9, "distrito_f": 19, "distrito_l": 30, "municipio": 3, "seccion": 635, "tipo": 2, "control": 36907.0, "SECCION_TX": "0635", "SECCION__1": null, "SECCION__2": null, "SECCION_N": "635", "ESTATUS": null, "ALCALDIA_N": "COYOACAN", "EN_OPERATI": null, "EN_OP": "NO", "SEC_N": "635", "EST": null, "ALC_N": "COYOACAN", "OP": "NO", "NOMBRE": "CTM VIIA CULHUACAN" }, "geometry": { "type": "MultiPolygon", "coordinates": [ [ [ [ -99.105712809206437, 19.320891445970702 ], [ -99.105308713423042, 19.320818578046588 ], [ -99.104338609258306, 19.320643641645027 ], [ -99.104210212538334, 19.320609505264471 ], [ -99.10387768619168, 19.320521097176726 ], [ -99.103629944766297, 19.320455230222642 ], [ -99.10348487891099, 19.320388440459261 ], [ -99.103364657058208, 19.320294100927295 ], [ -99.102919874248386, 19.319992687819365 ], [ -99.102802893204199, 19.319898830555033 ], [ -99.102486905485563, 19.319647505031998 ], [ -99.102148799347304, 19.319393066497263 ], [ -99.102060135457322, 19.319326343100624 ], [ -99.102031439263044, 19.319458677484896 ], [ -99.101680128731743, 19.321078751490237 ], [ -99.101625956450448, 19.32136852500965 ], [ -99.101612718120023, 19.321439338145094 ], [ -99.101583306996602, 19.321596660925078 ], [ -99.100394674144596, 19.320760237466441 ], [ -99.100347403952028, 19.320694129989853 ], [ -99.100365019182846, 19.320480729901554 ], [ -99.100466319563978, 19.319253513723879 ], [ -99.100477663473043, 19.319116085394572 ], [ -99.100520998153712, 19.318451651801443 ], [ -99.100885363152145, 19.31848719246867 ], [ -99.101186571527023, 19.318516572189854 ], [ -99.101360870586262, 19.318534238326063 ], [ -99.10144209940394, 19.318540492316913 ], [ -99.101730954955883, 19.318556634203578 ], [ -99.10190328113093, 19.318575461768045 ], [ -99.102026366255842, 19.318598825275377 ], [ -99.102200764491641, 19.318650041453328 ], [ -99.102897287989805, 19.319182295936304 ], [ -99.103329823597022, 19.319521443132178 ], [ -99.103512069297167, 19.319648501149089 ], [ -99.103627393058204, 19.319728902346345 ], [ -99.103784902689398, 19.319795253765456 ], [ -99.10396864132808, 19.319836674741467 ], [ -99.104334277550777, 19.319906245048504 ], [ -99.104665693154388, 19.319970996726884 ], [ -99.104944323973896, 19.320025639835464 ], [ -99.105216100768118, 19.320078938335151 ], [ -99.105485263354822, 19.320131723725421 ], [ -99.105844045998879, 19.320202083805601 ], [ -99.105756540203927, 19.320694860175102 ], [ -99.10573246496304, 19.320803086679248 ], [ -99.105712809206437, 19.320891445970702 ] ] ] ] } },
{ "type": "Feature", "properties": { "id": 4807.0, "entidad": 9, "distrito_f": 19, "distrito_l": 30, "municipio": 3, "seccion": 638, "tipo": 2, "control": 36980.0, "SECCION_TX": "0638", "SECCION__1": null, "SECCION__2": null, "SECCION_N": "638", "ESTATUS": "COMPLETA", "ALCALDIA_N": "COYOACAN", "EN_OPERATI": null, "EN_OP": "SI", "SEC_N": "638", "EST": "COMPLETA", "ALC_N": "COYOACAN", "OP": "SI", "NOMBRE": "CTM VIIA CULHUACAN" }, "geometry": { "type": "MultiPolygon", "coordinates": [ [ [ [ -99.106239773284415, 19.31854411357417 ], [ -99.105849358530605, 19.318467089453836 ], [ -99.105576800811249, 19.318413477056595 ], [ -99.10530414067631, 19.318362004446399 ], [ -99.105029246140987, 19.318310331909878 ], [ -99.104690116046811, 19.318263227663536 ], [ -99.104678475176627, 19.318316977722738 ], [ -99.104334277550777, 19.319906245048504 ], [ -99.10396864132808, 19.319836674741467 ], [ -99.103784902689398, 19.319795253765456 ], [ -99.103627393058204, 19.319728902346345 ], [ -99.103512069297167, 19.319648501149089 ], [ -99.103329823597022, 19.319521443132178 ], [ -99.102897287989805, 19.319182295936304 ], [ -99.103325942823005, 19.318610278938106 ], [ -99.103428320713093, 19.318473660367538 ], [ -99.10360832491844, 19.3181334492579 ], [ -99.10362356116562, 19.318057989461774 ], [ -99.103699499411434, 19.317681892878845 ], [ -99.103821749391443, 19.317148731574875 ], [ -99.103955945667209, 19.31656346556359 ], [ -99.103992178708964, 19.31657127813541 ], [ -99.104766325356408, 19.316739174759405 ], [ -99.104879298721585, 19.316357564375444 ], [ -99.104884531401467, 19.316339888970102 ], [ -99.105169093579875, 19.316387586068515 ], [ -99.105431552182722, 19.316446926349961 ], [ -99.105700295969712, 19.316505781570303 ], [ -99.105969176312129, 19.316555576798383 ], [ -99.106249478375034, 19.316616936843694 ], [ -99.106621319954755, 19.3166984586505 ], [ -99.106348621835352, 19.318017584989754 ], [ -99.106307383090865, 19.318217067862129 ], [ -99.106239773284415, 19.31854411357417 ] ] ] ] } },
{ "type": "Feature", "properties": { "id": 4845.0, "entidad": 9, "distrito_f": 19, "distrito_l": 30, "municipio": 3, "seccion": 687, "tipo": 2, "control": 36952.0, "SECCION_TX": "0687", "SECCION__1": null, "SECCION__2": null, "SECCION_N": "687", "ESTATUS": null, "ALCALDIA_N": "COYOACAN", "EN_OPERATI": null, "EN_OP": "NO", "SEC_N": "687", "EST": null, "ALC_N": "COYOACAN", "OP": "NO", "NOMBRE": "CTM VIIA CULHUACAN" }, "geometry": { "type": "MultiPolygon", "coordinates": [ [ [ [ -99.108005830151541, 19.318945505725747 ], [ -99.107676414127852, 19.318995897185719 ], [ -99.107334793559872, 19.319042433945068 ], [ -99.10698285889265, 19.319095454568359 ], [ -99.106659688888854, 19.319139362076893 ], [ -99.106338411599239, 19.319197468939226 ], [ -99.10606131236645, 19.319207038825649 ], [ -99.106239773284415, 19.31854411357417 ], [ -99.106307383090865, 19.318217067862129 ], [ -99.106348621835352, 19.318017584989754 ], [ -99.106621319954755, 19.3166984586505 ], [ -99.106671479088249, 19.316471555951292 ], [ -99.106701196238532, 19.316337125465076 ], [ -99.107512634621813, 19.316963880737703 ], [ -99.107877272245204, 19.317245524204147 ], [ -99.107794244463847, 19.317341986748367 ], [ -99.10775273340839, 19.317394600434906 ], [ -99.107845433329999, 19.317968644031723 ], [ -99.108005830151541, 19.318945505725747 ] ] ] ] } },
{ "type": "Feature", "properties": { "id": 2197.0, "entidad": 9, "distrito_f": 8, "distrito_l": 26, "municipio": 3, "seccion": 698, "tipo": 2, "control": 34357.0, "SECCION_TX": "0698", "SECCION__1": null, "SECCION__2": null, "SECCION_N": "698", "ESTATUS": null, "ALCALDIA_N": "COYOACAN", "EN_OPERATI": null, "EN_OP": "NO", "SEC_N": "698", "EST": null, "ALC_N": "COYOACAN", "OP": "NO", "NOMBRE": "PORTALES SUR" }, "geometry": { "type": "MultiPolygon", "coordinates": [ [ [ [ -99.156697246124693, 19.357899508703948 ], [ -99.153208300948279, 19.357709413242787 ], [ -99.152993783856331, 19.357698620081447 ], [ -99.152978269267663, 19.357630336452157 ], [ -99.152936794213161, 19.357479439296519 ], [ -99.152441252687566, 19.355676506195394 ], [ -99.152272058087519, 19.355060914392684 ], [ -99.15236413867612, 19.355043234892399 ], [ -99.152456219136198, 19.355025555129668 ], [ -99.15617558023078, 19.354311392831345 ], [ -99.155828935564699, 19.355235267967178 ], [ -99.15580413081986, 19.355301377756042 ], [ -99.15618524279229, 19.355243166264916 ], [ -99.156379577555512, 19.356140974277956 ], [ -99.156562843428702, 19.35698761907139 ], [ -99.156711782628022, 19.357680858346264 ], [ -99.156710244267117, 19.357719957280338 ], [ -99.156708860274932, 19.357755132769178 ], [ -99.156707264322876, 19.357795695404317 ], [ -99.156697246124693, 19.357899508703948 ] ] ] ] } },
{ "type": "Feature", "properties": { "id": 2198.0, "entidad": 9, "distrito_f": 8, "distrito_l": 26, "municipio": 3, "seccion": 699, "tipo": 2, "control": 34545.0, "SECCION_TX": "0699", "SECCION__1": null, "SECCION__2": null, "SECCION_N": "699", "ESTATUS": null, "ALCALDIA_N": "COYOACAN", "EN_OPERATI": null, "EN_OP": "NO", "SEC_N": "699", "EST": null, "ALC_N": "COYOACAN", "OP": "NO", "NOMBRE": "PORTALES SUR" }, "geometry": { "type": "MultiPolygon", "coordinates": [ [ [ [ -99.152993783856331, 19.357698620081447 ], [ -99.149643657299066, 19.357501947461206 ], [ -99.146266779885764, 19.357365495242579 ], [ -99.144017627510365, 19.35726636769699 ], [ -99.143850438793365, 19.357258331373046 ], [ -99.144090282614144, 19.356310194129463 ], [ -99.144425008550371, 19.355117609776993 ], [ -99.144665547599914, 19.354339785756327 ], [ -99.144870483591035, 19.353677084247035 ], [ -99.144932850251024, 19.353477318466947 ], [ -99.145062578201973, 19.353512451378986 ], [ -99.147824859653937, 19.354266063057544 ], [ -99.148165437978363, 19.354358976991687 ], [ -99.14824351656469, 19.354345242648094 ], [ -99.148337940151563, 19.354167861960015 ], [ -99.14836480418235, 19.354117396097816 ], [ -99.148472976304987, 19.354073801568592 ], [ -99.148503888468511, 19.354061343618028 ], [ -99.148657292731187, 19.354117933117266 ], [ -99.149580961795948, 19.3545952930568 ], [ -99.150785179445307, 19.353879470228865 ], [ -99.151765789414711, 19.353328140688532 ], [ -99.151935711911179, 19.353879306974388 ], [ -99.151976672832134, 19.35401216859599 ], [ -99.152272058087519, 19.355060914392684 ], [ -99.152441252687566, 19.355676506195394 ], [ -99.152936794213161, 19.357479439296519 ], [ -99.152978269267663, 19.357630336452157 ], [ -99.152993783856331, 19.357698620081447 ] ] ] ] } },
{ "type": "Feature", "properties": { "id": 4832.0, "entidad": 9, "distrito_f": 19, "distrito_l": 30, "municipio": 3, "seccion": 669, "tipo": 2, "control": 37142.0, "SECCION_TX": "0669", "SECCION__1": null, "SECCION__2": null, "SECCION_N": "669", "ESTATUS": "COMPLETA", "ALCALDIA_N": "COYOACAN", "EN_OPERATI": null, "EN_OP": "SI", "SEC_N": "669", "EST": "COMPLETA", "ALC_N": "COYOACAN", "OP": "SI", "NOMBRE": "EL MIRADOR" }, "geometry": { "type": "MultiPolygon", "coordinates": [ [ [ [ -99.110794504720005, 19.308572661027188 ], [ -99.110576772392122, 19.30842573070041 ], [ -99.11030653911024, 19.308243370900708 ], [ -99.109808949037486, 19.307907583250302 ], [ -99.109578659495384, 19.307754275401955 ], [ -99.109479558583928, 19.307688301982154 ], [ -99.108637457742489, 19.307462543718415 ], [ -99.108669222405098, 19.307171253471633 ], [ -99.108726706890195, 19.306644103145697 ], [ -99.108760518604058, 19.30633403781798 ], [ -99.108817606974242, 19.305534492259316 ], [ -99.109918098029709, 19.305739264976872 ], [ -99.11005420882735, 19.305764665730827 ], [ -99.110297192112952, 19.305787021986848 ], [ -99.110655624507288, 19.305819999811128 ], [ -99.11063040879921, 19.305930574646361 ], [ -99.110447176127565, 19.306734074101573 ], [ -99.11043268175635, 19.306797633491371 ], [ -99.11082064368091, 19.306886592290819 ], [ -99.111141913940457, 19.3069439414245 ], [ -99.11113616507275, 19.306970893461479 ], [ -99.111129077127075, 19.307004123397011 ], [ -99.111087115068457, 19.307200850993699 ], [ -99.111032316027462, 19.307457760539993 ], [ -99.110977566187799, 19.307714438605721 ], [ -99.110921340407728, 19.307978035324929 ], [ -99.110862622245648, 19.308253315869713 ], [ -99.110794504720005, 19.308572661027188 ] ] ] ] } },
{ "type": "Feature", "properties": { "id": 4834.0, "entidad": 9, "distrito_f": 19, "distrito_l": 30, "municipio": 3, "seccion": 671, "tipo": 2, "control": 37086.0, "SECCION_TX": "0671", "SECCION__1": null, "SECCION__2": null, "SECCION_N": "671", "ESTATUS": null, "ALCALDIA_N": "COYOACAN", "EN_OPERATI": null, "EN_OP": "NO", "SEC_N": "671", "EST": null, "ALC_N": "COYOACAN", "OP": "NO", "NOMBRE": "EL MIRADOR" }, "geometry": { "type": "MultiPolygon", "coordinates": [ [ [ [ -99.11005420882735, 19.305764665730827 ], [ -99.109918098029709, 19.305739264976872 ], [ -99.108817606974242, 19.305534492259316 ], [ -99.108760518604058, 19.30633403781798 ], [ -99.108726706890195, 19.306644103145697 ], [ -99.108669222405098, 19.307171253471633 ], [ -99.108637457742489, 19.307462543718415 ], [ -99.108628356144706, 19.307546007557523 ], [ -99.10862179346725, 19.307608096507586 ], [ -99.10859664531398, 19.307846020683169 ], [ -99.108466595077886, 19.309076402173698 ], [ -99.108438865274067, 19.309253007352424 ], [ -99.108408202787018, 19.309071124035182 ], [ -99.108367565169516, 19.308614983022863 ], [ -99.108331797662743, 19.308143713366583 ], [ -99.108308559681575, 19.307652368371386 ], [ -99.108316794309431, 19.307200765714757 ], [ -99.108317579551553, 19.307157701431915 ], [ -99.108318144141379, 19.307126738160807 ], [ -99.108314837900892, 19.30709667239746 ], [ -99.108292547968901, 19.306893975463804 ], [ -99.108290264822628, 19.306873213291635 ], [ -99.108263197743867, 19.306627073874779 ], [ -99.108163540042071, 19.306089723067288 ], [ -99.108068838900934, 19.305538226869874 ], [ -99.107734936735582, 19.303652775124132 ], [ -99.107663233810513, 19.303184178688838 ], [ -99.107404627001713, 19.301686122018673 ], [ -99.10732890720621, 19.3012158751079 ], [ -99.107067939843532, 19.299730103299886 ], [ -99.107040642580174, 19.299574689519758 ], [ -99.10738054226789, 19.299557048499913 ], [ -99.108190135615018, 19.299518323939644 ], [ -99.108484985120157, 19.299510499933994 ], [ -99.108871231927424, 19.299500249925568 ], [ -99.109372406019745, 19.299547128878725 ], [ -99.109465075526458, 19.299612278415601 ], [ -99.109444735693231, 19.299722638573968 ], [ -99.109425435839256, 19.299849028615874 ], [ -99.11005420882735, 19.305764665730827 ] ] ] ] } },
{ "type": "Feature", "properties": { "id": 4333.0, "entidad": 9, "distrito_f": 19, "distrito_l": 30, "municipio": 3, "seccion": 672, "tipo": 2, "control": 37093.0, "SECCION_TX": "0672", "SECCION__1": null, "SECCION__2": null, "SECCION_N": "672", "ESTATUS": null, "ALCALDIA_N": "COYOACAN", "EN_OPERATI": null, "EN_OP": "NO", "SEC_N": "672", "EST": null, "ALC_N": "COYOACAN", "OP": "NO", "NOMBRE": "EL MIRADOR" }, "geometry": { "type": "MultiPolygon", "coordinates": [ [ [ [ -99.111874424493976, 19.305940565094353 ], [ -99.110993689241667, 19.305853442449145 ], [ -99.110655624507288, 19.305819999811128 ], [ -99.110297192112952, 19.305787021986848 ], [ -99.11005420882735, 19.305764665730827 ], [ -99.109425435839256, 19.299849028615874 ], [ -99.109444735693231, 19.299722638573968 ], [ -99.109465075526458, 19.299612278415601 ], [ -99.110324805374688, 19.299812840710803 ], [ -99.111473150356318, 19.300055372884074 ], [ -99.112435852023722, 19.30029431205557 ], [ -99.112400422631893, 19.300415188715391 ], [ -99.11185055022716, 19.302291198987778 ], [ -99.111391595483539, 19.303770866967845 ], [ -99.110889895361296, 19.305325036712237 ], [ -99.11140315152214, 19.305382587119372 ], [ -99.112030980310337, 19.305452982311831 ], [ -99.111874424493976, 19.305940565094353 ] ] ] ] } },
{ "type": "Feature", "properties": { "id": 2194.0, "entidad": 9, "distrito_f": 8, "distrito_l": 26, "municipio": 3, "seccion": 695, "tipo": 2, "control": 34353.0, "SECCION_TX": "0695", "SECCION__1": null, "SECCION__2": null, "SECCION_N": "695", "ESTATUS": null, "ALCALDIA_N": "COYOACAN", "EN_OPERATI": null, "EN_OP": "NO", "SEC_N": "695", "EST": null, "ALC_N": "COYOACAN", "OP": "NO", "NOMBRE": "VILLA COYOACAN" }, "geometry": { "type": "MultiPolygon", "coordinates": [ [ [ [ -99.167888392142132, 19.355163981055899 ], [ -99.167563349317305, 19.354826543472328 ], [ -99.166988977695397, 19.354935529603949 ], [ -99.165619618315858, 19.355195355555793 ], [ -99.164284863841289, 19.355448604788737 ], [ -99.163465895556541, 19.355603986261773 ], [ -99.163404000859373, 19.354692351779605 ], [ -99.163504051653945, 19.353742197892743 ], [ -99.163604151650617, 19.352791566010946 ], [ -99.163640982377032, 19.352441788444438 ], [ -99.163702837552378, 19.351854353025757 ], [ -99.163758382338003, 19.351350541833447 ], [ -99.163895534433408, 19.350705074247351 ], [ -99.165146010814453, 19.350986134876919 ], [ -99.165460228637599, 19.35106140496525 ], [ -99.166134074550811, 19.35122282099087 ], [ -99.166803309832446, 19.351383129776242 ], [ -99.166831135993831, 19.351389795201655 ], [ -99.167032027362509, 19.351440683290701 ], [ -99.167895957897841, 19.351659523915732 ], [ -99.169278810584586, 19.352009801966172 ], [ -99.168921008414941, 19.352821492585448 ], [ -99.168531861917089, 19.353704279356759 ], [ -99.167888392142132, 19.355163981055899 ] ] ] ] } },
{ "type": "Feature", "properties": { "id": 2201.0, "entidad": 9, "distrito_f": 8, "distrito_l": 26, "municipio": 3, "seccion": 702, "tipo": 2, "control": 34419.0, "SECCION_TX": "0702", "SECCION__1": null, "SECCION__2": null, "SECCION_N": "702", "ESTATUS": null, "ALCALDIA_N": "COYOACAN", "EN_OPERATI": null, "EN_OP": "NO", "SEC_N": "702", "EST": null, "ALC_N": "COYOACAN", "OP": "NO", "NOMBRE": "VILLA COYOACAN" }, "geometry": { "type": "MultiPolygon", "coordinates": [ [ [ [ -99.163702837552378, 19.351854353025757 ], [ -99.16284285548825, 19.352026721511034 ], [ -99.161924265898165, 19.35221083197813 ], [ -99.160595374498797, 19.352477169223565 ], [ -99.15926692869229, 19.352743406618277 ], [ -99.157921219241331, 19.353013093116626 ], [ -99.15806008277977, 19.353622153393626 ], [ -99.15813050723176, 19.35393103565821 ], [ -99.157251977253267, 19.354101968217638 ], [ -99.15617558023078, 19.354311392831345 ], [ -99.156213676104642, 19.354216397027063 ], [ -99.156595536707982, 19.353258922912296 ], [ -99.156861370639433, 19.35228847935117 ], [ -99.156925793535351, 19.352053297724311 ], [ -99.15685780597633, 19.351828211991418 ], [ -99.156557301207883, 19.351424484071398 ], [ -99.156391273875172, 19.351201425401591 ], [ -99.156272504394295, 19.351024628219143 ], [ -99.156145210137311, 19.350791552181054 ], [ -99.156100313117847, 19.35060195272186 ], [ -99.157344859766582, 19.350347231151968 ], [ -99.157889845749878, 19.350235685856727 ], [ -99.158675568263007, 19.350074864550553 ], [ -99.15908094045723, 19.349991891717533 ], [ -99.159999074117223, 19.34983425625941 ], [ -99.161782180801723, 19.349528098482718 ], [ -99.161816674490453, 19.349626014691303 ], [ -99.161729329083641, 19.349986814151784 ], [ -99.161622758311566, 19.350427026035288 ], [ -99.16154984220455, 19.350527195604791 ], [ -99.161721006463807, 19.351335583255356 ], [ -99.162580778285871, 19.351150008976674 ], [ -99.162766623691027, 19.350395206170255 ], [ -99.163895534433408, 19.350705074247351 ], [ -99.163758382338003, 19.351350541833447 ], [ -99.163702837552378, 19.351854353025757 ] ] ] ] } },
{ "type": "Feature", "properties": { "id": 2205.0, "entidad": 9, "distrito_f": 8, "distrito_l": 26, "municipio": 3, "seccion": 706, "tipo": 2, "control": 34409.0, "SECCION_TX": "0706", "SECCION__1": null, "SECCION__2": null, "SECCION_N": "706", "ESTATUS": null, "ALCALDIA_N": "COYOACAN", "EN_OPERATI": null, "EN_OP": "NO", "SEC_N": "706", "EST": null, "ALC_N": "COYOACAN", "OP": "NO", "NOMBRE": "VILLA COYOACAN" }, "geometry": { "type": "MultiPolygon", "coordinates": [ [ [ [ -99.169278810584586, 19.352009801966172 ], [ -99.167895957897841, 19.351659523915732 ], [ -99.167032027362509, 19.351440683290701 ], [ -99.166831135993831, 19.351389795201655 ], [ -99.166803309832446, 19.351383129776242 ], [ -99.166134074550811, 19.35122282099087 ], [ -99.165460228637599, 19.35106140496525 ], [ -99.165146010814453, 19.350986134876919 ], [ -99.163895534433408, 19.350705074247351 ], [ -99.164138600497694, 19.349730273106196 ], [ -99.164268838039007, 19.349207958791588 ], [ -99.164304993610457, 19.349062957199759 ], [ -99.164455891409062, 19.348457780124892 ], [ -99.164618962081036, 19.347803778508521 ], [ -99.165757016891902, 19.34803995284032 ], [ -99.166107251841183, 19.34811263362554 ], [ -99.166240437386818, 19.347572154156939 ], [ -99.16651963736453, 19.347646390025083 ], [ -99.166742065237955, 19.34703948473372 ], [ -99.166836193050912, 19.347071296616349 ], [ -99.166960273891263, 19.346815998610936 ], [ -99.167040657591428, 19.346551171166219 ], [ -99.167301137445932, 19.346663924478964 ], [ -99.167530708689398, 19.346668275130494 ], [ -99.16755820465896, 19.34666879619277 ], [ -99.167904835027329, 19.347057555793164 ], [ -99.168090316788721, 19.347271096644562 ], [ -99.168339616873041, 19.34758303842019 ], [ -99.168392720094516, 19.347647219313998 ], [ -99.168717932782414, 19.348003472098224 ], [ -99.168794116383864, 19.348049569228326 ], [ -99.168882379008693, 19.348138949402717 ], [ -99.168997974946777, 19.348202136850929 ], [ -99.169181920560945, 19.348202160646423 ], [ -99.169323291711422, 19.348196257583194 ], [ -99.169492988650731, 19.348232343830308 ], [ -99.169173822114985, 19.3489067812976 ], [ -99.168938948441721, 19.349375064308902 ], [ -99.169270904400975, 19.349393618711126 ], [ -99.170030979108375, 19.349436100159686 ], [ -99.170218215624715, 19.349446564533356 ], [ -99.17039051746697, 19.349456194058664 ], [ -99.169842813359494, 19.350812929410772 ], [ -99.169751717607525, 19.351006869235157 ], [ -99.169719538336267, 19.35107537423735 ], [ -99.169687359038321, 19.351143879233447 ], [ -99.169278810584586, 19.352009801966172 ] ] ] ] } },
{ "type": "Feature", "properties": { "id": 2206.0, "entidad": 9, "distrito_f": 8, "distrito_l": 26, "municipio": 3, "seccion": 707, "tipo": 2, "control": 34412.0, "SECCION_TX": "0707", "SECCION__1": null, "SECCION__2": null, "SECCION_N": "707", "ESTATUS": null, "ALCALDIA_N": "COYOACAN", "EN_OPERATI": null, "EN_OP": "NO", "SEC_N": "707", "EST": null, "ALC_N": "COYOACAN", "OP": "NO", "NOMBRE": "VILLA COYOACAN" }, "geometry": { "type": "MultiPolygon", "coordinates": [ [ [ [ -99.163895534433408, 19.350705074247351 ], [ -99.162766623691027, 19.350395206170255 ], [ -99.162580778285871, 19.351150008976674 ], [ -99.161721006463807, 19.351335583255356 ], [ -99.16154984220455, 19.350527195604791 ], [ -99.161622758311566, 19.350427026035288 ], [ -99.161729329083641, 19.349986814151784 ], [ -99.161816674490453, 19.349626014691303 ], [ -99.161782180801723, 19.349528098482718 ], [ -99.161765795234828, 19.349145603984667 ], [ -99.162125378130881, 19.347845837798449 ], [ -99.162284881422806, 19.347269282507291 ], [ -99.162422818155122, 19.347292260739003 ], [ -99.162666859031106, 19.346497028661432 ], [ -99.162913188072466, 19.34576586525499 ], [ -99.163397772408473, 19.345891200996284 ], [ -99.16355596365959, 19.344665417566276 ], [ -99.164064336850871, 19.344724322586661 ], [ -99.16458200080767, 19.344784302622063 ], [ -99.165071583499127, 19.344841027577775 ], [ -99.166006119679025, 19.344949302810985 ], [ -99.166014557848897, 19.345020763637287 ], [ -99.166293924891249, 19.345223866073908 ], [ -99.166337129366667, 19.345255276045187 ], [ -99.166374557449501, 19.345282486518471 ], [ -99.166556406315692, 19.345449685866093 ], [ -99.166923388238928, 19.345843897349994 ], [ -99.167209239165416, 19.345948671456576 ], [ -99.167040657591428, 19.346551171166219 ], [ -99.166960273891263, 19.346815998610936 ], [ -99.166836193050912, 19.347071296616349 ], [ -99.166742065237955, 19.34703948473372 ], [ -99.16651963736453, 19.347646390025083 ], [ -99.166240437386818, 19.347572154156939 ], [ -99.166107251841183, 19.34811263362554 ], [ -99.165757016891902, 19.34803995284032 ], [ -99.164618962081036, 19.347803778508521 ], [ -99.164455891409062, 19.348457780124892 ], [ -99.164304993610457, 19.349062957199759 ], [ -99.164268838039007, 19.349207958791588 ], [ -99.164138600497694, 19.349730273106196 ], [ -99.163895534433408, 19.350705074247351 ] ] ] ] } },
{ "type": "Feature", "properties": { "id": 2207.0, "entidad": 9, "distrito_f": 8, "distrito_l": 26, "municipio": 3, "seccion": 708, "tipo": 2, "control": 34420.0, "SECCION_TX": "0708", "SECCION__1": null, "SECCION__2": null, "SECCION_N": "708", "ESTATUS": null, "ALCALDIA_N": "COYOACAN", "EN_OPERATI": null, "EN_OP": "NO", "SEC_N": "708", "EST": null, "ALC_N": "COYOACAN", "OP": "NO", "NOMBRE": "VILLA COYOACAN" }, "geometry": { "type": "MultiPolygon", "coordinates": [ [ [ [ -99.15908094045723, 19.349991891717533 ], [ -99.159469530456775, 19.347830958893976 ], [ -99.159500985607565, 19.347656035617455 ], [ -99.159721365045485, 19.347224947888634 ], [ -99.159885391779639, 19.34680025041942 ], [ -99.159909152946739, 19.346738727891346 ], [ -99.159604726216898, 19.346671526380668 ], [ -99.159631063709298, 19.346575707523797 ], [ -99.159675112267863, 19.346413266048529 ], [ -99.159764599575752, 19.34611411248887 ], [ -99.160283271129103, 19.346167951581993 ], [ -99.160488266226025, 19.345219425606064 ], [ -99.160495244758664, 19.345195871963785 ], [ -99.160551299965334, 19.345005790766457 ], [ -99.160733645858514, 19.344344217924533 ], [ -99.16153120578582, 19.344434990424549 ], [ -99.161931085054206, 19.344480500436294 ], [ -99.16355596365959, 19.344665417566276 ], [ -99.163397772408473, 19.345891200996284 ], [ -99.162913188072466, 19.34576586525499 ], [ -99.162666859031106, 19.346497028661432 ], [ -99.162422818155122, 19.347292260739003 ], [ -99.162284881422806, 19.347269282507291 ], [ -99.162125378130881, 19.347845837798449 ], [ -99.161765795234828, 19.349145603984667 ], [ -99.161782180801723, 19.349528098482718 ], [ -99.159999074117223, 19.34983425625941 ], [ -99.15908094045723, 19.349991891717533 ] ] ] ] } },
{ "type": "Feature", "properties": { "id": 2218.0, "entidad": 9, "distrito_f": 8, "distrito_l": 26, "municipio": 3, "seccion": 721, "tipo": 2, "control": 35398.0, "SECCION_TX": "0721", "SECCION__1": null, "SECCION__2": null, "SECCION_N": "721", "ESTATUS": null, "ALCALDIA_N": "COYOACAN", "EN_OPERATI": null, "EN_OP": "NO", "SEC_N": "721", "EST": null, "ALC_N": "COYOACAN", "OP": "NO", "NOMBRE": "VILLA COYOACAN" }, "geometry": { "type": "MultiPolygon", "coordinates": [ [ [ [ -99.165071583499127, 19.344841027577775 ], [ -99.16458200080767, 19.344784302622063 ], [ -99.164064336850871, 19.344724322586661 ], [ -99.16355596365959, 19.344665417566276 ], [ -99.161931085054206, 19.344480500436294 ], [ -99.16153120578582, 19.344434990424549 ], [ -99.160733645858514, 19.344344217924533 ], [ -99.159206609305159, 19.344157478691386 ], [ -99.159239426988776, 19.344067648049595 ], [ -99.159271308925909, 19.34398034645821 ], [ -99.159482944031751, 19.343402330033779 ], [ -99.15972386867621, 19.342741333786563 ], [ -99.159969124407837, 19.342829662397548 ], [ -99.160165004825117, 19.342646168483054 ], [ -99.160511699640068, 19.342577548898152 ], [ -99.160878034327041, 19.342521332149126 ], [ -99.160884132811901, 19.342067966456742 ], [ -99.160903626880128, 19.341931320108522 ], [ -99.161125893927533, 19.341744811277668 ], [ -99.161119302545174, 19.341695133780632 ], [ -99.161182913076502, 19.34155049979115 ], [ -99.161227493276854, 19.341426973362086 ], [ -99.16142968902102, 19.341311066760902 ], [ -99.161747034437099, 19.341328163243826 ], [ -99.16212988492174, 19.341436505344724 ], [ -99.162767274293969, 19.34169782811507 ], [ -99.163596032509176, 19.342037605445849 ], [ -99.163726174736979, 19.341643049737478 ], [ -99.164626318709139, 19.34185657568322 ], [ -99.164456766766975, 19.342412560850736 ], [ -99.165539824418531, 19.342656891651064 ], [ -99.165507580546674, 19.343122701961082 ], [ -99.165367041351871, 19.343582811923682 ], [ -99.165342567384258, 19.343662936745446 ], [ -99.165170244822193, 19.344312843647064 ], [ -99.165104465579731, 19.344664993558425 ], [ -99.165082912554524, 19.344780283319452 ], [ -99.165071583499127, 19.344841027577775 ] ] ] ] } },
{ "type": "Feature", "properties": { "id": 2117.0, "entidad": 9, "distrito_f": 8, "distrito_l": 26, "municipio": 3, "seccion": 477, "tipo": 2, "control": 35677.0, "SECCION_TX": "0477", "SECCION__1": null, "SECCION__2": null, "SECCION_N": "477", "ESTATUS": null, "ALCALDIA_N": "COYOACAN", "EN_OPERATI": null, "EN_OP": "NO", "SEC_N": "477", "EST": null, "ALC_N": "COYOACAN", "OP": "NO", "NOMBRE": "PEDREGAL DEL SUR" }, "geometry": { "type": "MultiPolygon", "coordinates": [ [ [ [ -99.174806845895503, 19.305914652954922 ], [ -99.174238641995984, 19.306082294710482 ], [ -99.174154626293458, 19.306107082358391 ], [ -99.174086758011825, 19.305967585538088 ], [ -99.174005285908294, 19.306005956905786 ], [ -99.173957873999115, 19.306028286730271 ], [ -99.172957421230123, 19.30649964372428 ], [ -99.172825002836476, 19.306274921832195 ], [ -99.172080170153109, 19.304907420233345 ], [ -99.173380756307338, 19.30427549812276 ], [ -99.17385204079666, 19.304036665921679 ], [ -99.174287726314375, 19.304879315740973 ], [ -99.174394851561132, 19.305083856894178 ], [ -99.174673918885873, 19.305702462774136 ], [ -99.17469119580268, 19.305747725601559 ], [ -99.174697482076553, 19.305834286485631 ], [ -99.174806845895503, 19.305914652954922 ] ] ] ] } },
{ "type": "Feature", "properties": { "id": 2121.0, "entidad": 9, "distrito_f": 8, "distrito_l": 26, "municipio": 3, "seccion": 480, "tipo": 2, "control": 35675.0, "SECCION_TX": "0480", "SECCION__1": null, "SECCION__2": null, "SECCION_N": "480", "ESTATUS": null, "ALCALDIA_N": "COYOACAN", "EN_OPERATI": null, "EN_OP": "NO", "SEC_N": "480", "EST": null, "ALC_N": "COYOACAN", "OP": "NO", "NOMBRE": "PEDREGAL DEL SUR" }, "geometry": { "type": "MultiPolygon", "coordinates": [ [ [ [ -99.175102917002206, 19.305577973926855 ], [ -99.174922144985459, 19.305667121498345 ], [ -99.17469119580268, 19.305747725601559 ], [ -99.174673918885873, 19.305702462774136 ], [ -99.174394851561132, 19.305083856894178 ], [ -99.174287726314375, 19.304879315740973 ], [ -99.17385204079666, 19.304036665921679 ], [ -99.173380756307338, 19.30427549812276 ], [ -99.172080170153109, 19.304907420233345 ], [ -99.172825002836476, 19.306274921832195 ], [ -99.172592702539504, 19.306403075180551 ], [ -99.172108993152705, 19.305512026850725 ], [ -99.17170198818468, 19.304762268271862 ], [ -99.171611187710425, 19.304595000358983 ], [ -99.171397131216622, 19.304200675065118 ], [ -99.170983689934005, 19.303439045873493 ], [ -99.170626562292256, 19.303599876862169 ], [ -99.170545625857642, 19.303351911900975 ], [ -99.170537790919383, 19.303206012987179 ], [ -99.171259670752335, 19.302829628666139 ], [ -99.171417549292812, 19.302728599059748 ], [ -99.171442392346194, 19.302712467438663 ], [ -99.171548312912492, 19.302644770794462 ], [ -99.171614185765478, 19.302602767120195 ], [ -99.171678121291492, 19.302561853304582 ], [ -99.172133229019309, 19.302627325879239 ], [ -99.172853394708994, 19.302730927716237 ], [ -99.173532602678407, 19.302822927551695 ], [ -99.173567982000051, 19.302885000175618 ], [ -99.173599824719176, 19.302940892316528 ], [ -99.173641783760331, 19.303014541130214 ], [ -99.173667920445965, 19.303060417637631 ], [ -99.173705424359667, 19.3031262156025 ], [ -99.173819773845835, 19.303326833312575 ], [ -99.174078465069556, 19.303780685814804 ], [ -99.175102917002206, 19.305577973926855 ] ] ] ] } },
{ "type": "Feature", "properties": { "id": 1988.0, "entidad": 9, "distrito_f": 8, "distrito_l": 26, "municipio": 3, "seccion": 355, "tipo": 2, "control": 35484.0, "SECCION_TX": "0355", "SECCION__1": null, "SECCION__2": null, "SECCION_N": "355", "ESTATUS": "COMPLETA", "ALCALDIA_N": "COYOACAN", "EN_OPERATI": null, "EN_OP": "SI", "SEC_N": "355", "EST": "COMPLETA", "ALC_N": "COYOACAN", "OP": "SI", "NOMBRE": "PEDREGAL DE COYOACAN" }, "geometry": { "type": "MultiPolygon", "coordinates": [ [ [ [ -99.159874537700304, 19.335350777866065 ], [ -99.159656556744793, 19.335368282380021 ], [ -99.159431691354371, 19.335335450700878 ], [ -99.159152203451328, 19.335325076779423 ], [ -99.156305243855343, 19.335145852795815 ], [ -99.15576802693316, 19.335030461427863 ], [ -99.155003825871603, 19.33486625167577 ], [ -99.15503002050221, 19.3347695396128 ], [ -99.155056215102377, 19.334672827545347 ], [ -99.156311625395048, 19.334946229708862 ], [ -99.156408592837337, 19.333910039711203 ], [ -99.156417368755967, 19.333816259988506 ], [ -99.156421703164114, 19.333769942338211 ], [ -99.156429813694103, 19.333683272838226 ], [ -99.156448236215596, 19.333486408588112 ], [ -99.156484509783056, 19.333468393113336 ], [ -99.156528214445757, 19.333428596640037 ], [ -99.156940835564697, 19.332883451217764 ], [ -99.157110624800097, 19.332642932900153 ], [ -99.157140787783874, 19.332600251876553 ], [ -99.157967718551333, 19.331400398863781 ], [ -99.158012615438594, 19.331332523211358 ], [ -99.158035789672724, 19.331169587830228 ], [ -99.158274322675879, 19.330928793371257 ], [ -99.158295974613196, 19.330894346713929 ], [ -99.158514116441552, 19.330950297607654 ], [ -99.158830467621769, 19.33105809645577 ], [ -99.160065579260646, 19.33145995960891 ], [ -99.15991325583299, 19.331921534325542 ], [ -99.159894355448685, 19.331979081215799 ], [ -99.160516286109342, 19.332170498300005 ], [ -99.160542640597271, 19.332178610946606 ], [ -99.160869752778765, 19.332278665434217 ], [ -99.160529595994177, 19.333306087217636 ], [ -99.160446906167195, 19.333555844515267 ], [ -99.160278082490308, 19.334065759012187 ], [ -99.160200921539712, 19.334298814600483 ], [ -99.160000871053597, 19.334950798766922 ], [ -99.159942821759728, 19.3351399861075 ], [ -99.15992698881945, 19.335188859520471 ], [ -99.159891293551183, 19.335299052034504 ], [ -99.159874537700304, 19.335350777866065 ] ] ] ] } },
{ "type": "Feature", "properties": { "id": 2123.0, "entidad": 9, "distrito_f": 8, "distrito_l": 26, "municipio": 3, "seccion": 482, "tipo": 2, "control": 35396.0, "SECCION_TX": "0482", "SECCION__1": null, "SECCION__2": null, "SECCION_N": "482", "ESTATUS": null, "ALCALDIA_N": "COYOACAN", "EN_OPERATI": null, "EN_OP": "NO", "SEC_N": "482", "EST": null, "ALC_N": "COYOACAN", "OP": "NO", "NOMBRE": "PEDREGAL DE COYOACAN" }, "geometry": { "type": "MultiPolygon", "coordinates": [ [ [ [ -99.167678443076596, 19.337065665686772 ], [ -99.16762038335861, 19.337062668403227 ], [ -99.167301535041261, 19.337046258741992 ], [ -99.167226459097023, 19.33704239484571 ], [ -99.166675701887712, 19.337014048346763 ], [ -99.166604263340318, 19.337010371408372 ], [ -99.16613317078648, 19.336986123593682 ], [ -99.16610616446691, 19.336984733502234 ], [ -99.166084081679443, 19.336982930984373 ], [ -99.166026636592619, 19.336978241989616 ], [ -99.165449137471398, 19.336873743649299 ], [ -99.16499094452432, 19.336774206939893 ], [ -99.164964989973825, 19.33676915901901 ], [ -99.164666050199969, 19.33669986753608 ], [ -99.164642815370925, 19.336694481893961 ], [ -99.164619580543359, 19.336689096248765 ], [ -99.162856786876688, 19.336323778445262 ], [ -99.162910553894491, 19.336048970611298 ], [ -99.162918155499781, 19.335999945199639 ], [ -99.162924295709331, 19.335960344818997 ], [ -99.16209732849623, 19.33568675787328 ], [ -99.161717260445258, 19.335561017754085 ], [ -99.161568565733162, 19.335534893740228 ], [ -99.161566037999364, 19.33547990323035 ], [ -99.161564130200929, 19.335438399305339 ], [ -99.162543239299595, 19.335489168210824 ], [ -99.162996168198106, 19.335512761280029 ], [ -99.163569224844238, 19.335542610181371 ], [ -99.164141822550292, 19.335572433366842 ], [ -99.164712267059102, 19.33560214260519 ], [ -99.165148490112713, 19.335624860262946 ], [ -99.165589348014649, 19.335647818227383 ], [ -99.165998478287435, 19.335669122994609 ], [ -99.166359831284325, 19.335689632874715 ], [ -99.166721184365514, 19.335710142037705 ], [ -99.167381408073894, 19.335747604471386 ], [ -99.167752271066703, 19.335768497908564 ], [ -99.167680403400752, 19.337031222773867 ], [ -99.167678443076596, 19.337065665686772 ] ] ] ] } },
{ "type": "Feature", "properties": { "id": 2229.0, "entidad": 9, "distrito_f": 8, "distrito_l": 26, "municipio": 3, "seccion": 732, "tipo": 2, "control": 35397.0, "SECCION_TX": "0732", "SECCION__1": null, "SECCION__2": null, "SECCION_N": "732", "ESTATUS": "COMPLETA", "ALCALDIA_N": "COYOACAN", "EN_OPERATI": null, "EN_OP": "SI", "SEC_N": "732", "EST": "COMPLETA", "ALC_N": "COYOACAN", "OP": "SI", "NOMBRE": "PEDREGAL DE COYOACAN" }, "geometry": { "type": "MultiPolygon", "coordinates": [ [ [ [ -99.162856786876688, 19.336323778445262 ], [ -99.164619580543359, 19.336689096248765 ], [ -99.164642815370925, 19.336694481893961 ], [ -99.164666050199969, 19.33669986753608 ], [ -99.164964989973825, 19.33676915901901 ], [ -99.16499094452432, 19.336774206939893 ], [ -99.165449137471398, 19.336873743649299 ], [ -99.166026636592619, 19.336978241989616 ], [ -99.166084081679443, 19.336982930984373 ], [ -99.16610616446691, 19.336984733502234 ], [ -99.16613317078648, 19.336986123593682 ], [ -99.166604263340318, 19.337010371408372 ], [ -99.166675701887712, 19.337014048346763 ], [ -99.167226459097023, 19.33704239484571 ], [ -99.167301535041261, 19.337046258741992 ], [ -99.16762038335861, 19.337062668403227 ], [ -99.167678443076596, 19.337065665686772 ], [ -99.167720758727327, 19.337067850184646 ], [ -99.168018338590954, 19.337083277722385 ], [ -99.168121885932138, 19.337088645848983 ], [ -99.168420091007135, 19.337104071521981 ], [ -99.168512451042218, 19.337111407886958 ], [ -99.16881012286531, 19.337135951938119 ], [ -99.1689242306811, 19.337136056739155 ], [ -99.169228229162229, 19.33714592500672 ], [ -99.169324066280566, 19.337151002145184 ], [ -99.169698026057787, 19.337176613625289 ], [ -99.169737354848891, 19.337179307101369 ], [ -99.170115159380799, 19.337193018325326 ], [ -99.170151605292858, 19.337196256779656 ], [ -99.170171632414835, 19.337198036315399 ], [ -99.170220514939331, 19.33720447577095 ], [ -99.171010957773902, 19.337232648560239 ], [ -99.17106110110349, 19.337235729869221 ], [ -99.171303390090046, 19.337250618338437 ], [ -99.171362177705618, 19.337254230742563 ], [ -99.171705649492907, 19.337244203290627 ], [ -99.171631905746139, 19.337544213761372 ], [ -99.171614013097383, 19.337617005961647 ], [ -99.171588732469388, 19.337615748651885 ], [ -99.17121514974616, 19.337597168433057 ], [ -99.170521091346657, 19.337562647241345 ], [ -99.169803892680591, 19.337526972302378 ], [ -99.169069074548318, 19.33749041799075 ], [ -99.16906608169144, 19.33756302413623 ], [ -99.169003055208975, 19.339092021234411 ], [ -99.169000456587696, 19.339155062186602 ], [ -99.169279513062662, 19.339170590516265 ], [ -99.16927151730944, 19.339384333059545 ], [ -99.169024136406605, 19.3393703837007 ], [ -99.169014330701998, 19.339472566070825 ], [ -99.168972237834396, 19.340030770619034 ], [ -99.168932435000599, 19.340558603093474 ], [ -99.168927763883246, 19.340620547400864 ], [ -99.168224967442256, 19.340584838840343 ], [ -99.167505514420128, 19.340548281146955 ], [ -99.166599163007902, 19.340511709777243 ], [ -99.166439994913546, 19.340686990741879 ], [ -99.166273974702037, 19.340851604198875 ], [ -99.165930307827566, 19.340912311522125 ], [ -99.165701733617965, 19.340933434067363 ], [ -99.165399119358113, 19.340863543192558 ], [ -99.165039840888369, 19.340759765761661 ], [ -99.165005238003545, 19.340780266354979 ], [ -99.164912897398622, 19.340827395773236 ], [ -99.164491123132848, 19.340731326761535 ], [ -99.164410024212614, 19.340919477735326 ], [ -99.163988249994574, 19.340823407560499 ], [ -99.163655721053473, 19.340709422112056 ], [ -99.163600225161289, 19.340426454409521 ], [ -99.163521558318877, 19.340320282122345 ], [ -99.163425667230555, 19.340225425596582 ], [ -99.163313233918728, 19.340173597140332 ], [ -99.163116335172717, 19.340128780646083 ], [ -99.162922151521997, 19.340128550409446 ], [ -99.16278284188941, 19.340207061507964 ], [ -99.162716990393989, 19.3406159234213 ], [ -99.162237591057874, 19.340433630285624 ], [ -99.162089748839975, 19.339300572639388 ], [ -99.161809697829, 19.33935779746232 ], [ -99.161658053184652, 19.339357932020004 ], [ -99.16146287348495, 19.339332782356141 ], [ -99.161307717917623, 19.339259955964074 ], [ -99.161153907122667, 19.339146999068024 ], [ -99.161094443548379, 19.339142875371984 ], [ -99.160869964395957, 19.339051095202791 ], [ -99.160814011810757, 19.339090068334524 ], [ -99.161017925509242, 19.339984538196539 ], [ -99.161136582655558, 19.340735272457064 ], [ -99.161111903599476, 19.340736947964047 ], [ -99.160995996091003, 19.340789957362443 ], [ -99.16088802961518, 19.340804812489726 ], [ -99.160793960154081, 19.340896734177232 ], [ -99.160707351160795, 19.340888405689274 ], [ -99.16057019245045, 19.340781708701265 ], [ -99.159962364706473, 19.340530316254199 ], [ -99.159887995696906, 19.340450022668048 ], [ -99.159719713687096, 19.340400765928987 ], [ -99.159749849369504, 19.340299060979738 ], [ -99.159096557756826, 19.340067575746229 ], [ -99.159162782116582, 19.339810014183588 ], [ -99.159325068037688, 19.339646722361056 ], [ -99.159700607198104, 19.339521855772333 ], [ -99.159815355031427, 19.339551528210542 ], [ -99.159869940377277, 19.339490455966139 ], [ -99.160200826705818, 19.339288785005252 ], [ -99.160503009348773, 19.339319031351629 ], [ -99.160694449332837, 19.339202681252267 ], [ -99.160683724264601, 19.339081437162914 ], [ -99.16070994519329, 19.339034641420415 ], [ -99.160767951360313, 19.339003496998433 ], [ -99.160944490611357, 19.338960728594181 ], [ -99.161002438561411, 19.338913102612207 ], [ -99.161016918298998, 19.338844044895996 ], [ -99.161182975412871, 19.338052070205396 ], [ -99.161210142171839, 19.33802855676209 ], [ -99.161294143366177, 19.337919276431847 ], [ -99.161261958101036, 19.337827905366012 ], [ -99.162523584126589, 19.338086653959532 ], [ -99.162540057375054, 19.338028869382374 ], [ -99.162856786876688, 19.336323778445262 ] ] ] ] } },
{ "type": "Feature", "properties": { "id": 2242.0, "entidad": 9, "distrito_f": 8, "distrito_l": 26, "municipio": 3, "seccion": 746, "tipo": 2, "control": 34658.0, "SECCION_TX": "0746", "SECCION__1": null, "SECCION__2": null, "SECCION_N": "746", "ESTATUS": null, "ALCALDIA_N": "COYOACAN", "EN_OPERATI": null, "EN_OP": "NO", "SEC_N": "746", "EST": null, "ALC_N": "COYOACAN", "OP": "NO", "NOMBRE": "PEDREGAL DE COYOACAN" }, "geometry": { "type": "MultiPolygon", "coordinates": [ [ [ [ -99.159206609305159, 19.344157478691386 ], [ -99.15895684204169, 19.344126633228061 ], [ -99.157729218946457, 19.343975020525985 ], [ -99.156673293238597, 19.343844605777651 ], [ -99.156683027830809, 19.34374832381631 ], [ -99.156691831154873, 19.343677439961258 ], [ -99.156661004277154, 19.343495497105621 ], [ -99.157309468234246, 19.342834840392218 ], [ -99.157610024746745, 19.342069724092813 ], [ -99.157668330875396, 19.341921295320162 ], [ -99.157675351883441, 19.341903422057925 ], [ -99.157906781493338, 19.34116757952809 ], [ -99.157986400376274, 19.340613305561675 ], [ -99.15813351888869, 19.340243612455499 ], [ -99.158168632229149, 19.339952409141201 ], [ -99.158144831530919, 19.33973964963036 ], [ -99.158050130507277, 19.339409362561078 ], [ -99.158055318458281, 19.338990055623839 ], [ -99.158287872718148, 19.33864545980585 ], [ -99.158299581275486, 19.338600406028014 ], [ -99.158391226314734, 19.338328367117633 ], [ -99.158337990196486, 19.338152823351383 ], [ -99.158324991735654, 19.338069457208025 ], [ -99.158318105096882, 19.337978714976678 ], [ -99.158314479782661, 19.337903180967565 ], [ -99.15831859196129, 19.337746707566932 ], [ -99.158331562667797, 19.337628484066716 ], [ -99.158330448789471, 19.337554801386155 ], [ -99.158365917122964, 19.337458006593067 ], [ -99.158410647876636, 19.337327941706377 ], [ -99.158431969217403, 19.337273417819333 ], [ -99.15931113664918, 19.337618427805008 ], [ -99.159086138646174, 19.338176468038963 ], [ -99.159562663699717, 19.338299009244569 ], [ -99.160023776404202, 19.338463327279594 ], [ -99.159787752050278, 19.339020255085078 ], [ -99.159605236054134, 19.339105609028572 ], [ -99.159815355031427, 19.339551528210542 ], [ -99.159700607198104, 19.339521855772333 ], [ -99.159325068037688, 19.339646722361056 ], [ -99.159162782116582, 19.339810014183588 ], [ -99.159096557756826, 19.340067575746229 ], [ -99.159749849369504, 19.340299060979738 ], [ -99.159719713687096, 19.340400765928987 ], [ -99.159887995696906, 19.340450022668048 ], [ -99.159962364706473, 19.340530316254199 ], [ -99.16057019245045, 19.340781708701265 ], [ -99.160707351160795, 19.340888405689274 ], [ -99.160793960154081, 19.340896734177232 ], [ -99.16088802961518, 19.340804812489726 ], [ -99.160995996091003, 19.340789957362443 ], [ -99.161111903599476, 19.340736947964047 ], [ -99.161120848332516, 19.340839427767833 ], [ -99.161182913076502, 19.34155049979115 ], [ -99.161119302545174, 19.341695133780632 ], [ -99.161125893927533, 19.341744811277668 ], [ -99.160903626880128, 19.341931320108522 ], [ -99.160884132811901, 19.342067966456742 ], [ -99.160878034327041, 19.342521332149126 ], [ -99.160511699640068, 19.342577548898152 ], [ -99.160165004825117, 19.342646168483054 ], [ -99.159969124407837, 19.342829662397548 ], [ -99.15972386867621, 19.342741333786563 ], [ -99.159482944031751, 19.343402330033779 ], [ -99.159271308925909, 19.34398034645821 ], [ -99.159239426988776, 19.344067648049595 ], [ -99.159206609305159, 19.344157478691386 ] ] ] ] } },
{ "type": "Feature", "properties": { "id": 2243.0, "entidad": 9, "distrito_f": 8, "distrito_l": 26, "municipio": 3, "seccion": 5515, "tipo": 2, "control": 35420.0, "SECCION_TX": "5515", "SECCION__1": null, "SECCION__2": null, "SECCION_N": "5515", "ESTATUS": null, "ALCALDIA_N": "COYOACAN", "EN_OPERATI": null, "EN_OP": "NO", "SEC_N": "5515", "EST": null, "ALC_N": "COYOACAN", "OP": "NO", "NOMBRE": "PEDREGAL DE COYOACAN" }, "geometry": { "type": "MultiPolygon", "coordinates": [ [ [ [ -99.161564130200929, 19.335438399305339 ], [ -99.161566037999364, 19.33547990323035 ], [ -99.161568565733162, 19.335534893740228 ], [ -99.161717260445258, 19.335561017754085 ], [ -99.16209732849623, 19.33568675787328 ], [ -99.162924295709331, 19.335960344818997 ], [ -99.162918155499781, 19.335999945199639 ], [ -99.162910553894491, 19.336048970611298 ], [ -99.162856786876688, 19.336323778445262 ], [ -99.162540057375054, 19.338028869382374 ], [ -99.162523584126589, 19.338086653959532 ], [ -99.161261958101036, 19.337827905366012 ], [ -99.161294143366177, 19.337919276431847 ], [ -99.161210142171839, 19.33802855676209 ], [ -99.161182975412871, 19.338052070205396 ], [ -99.161016918298998, 19.338844044895996 ], [ -99.161002438561411, 19.338913102612207 ], [ -99.160944490611357, 19.338960728594181 ], [ -99.160767951360313, 19.339003496998433 ], [ -99.16070994519329, 19.339034641420415 ], [ -99.160683724264601, 19.339081437162914 ], [ -99.160694449332837, 19.339202681252267 ], [ -99.160503009348773, 19.339319031351629 ], [ -99.160200826705818, 19.339288785005252 ], [ -99.159869940377277, 19.339490455966139 ], [ -99.159815355031427, 19.339551528210542 ], [ -99.159605236054134, 19.339105609028572 ], [ -99.159787752050278, 19.339020255085078 ], [ -99.160023776404202, 19.338463327279594 ], [ -99.159562663699717, 19.338299009244569 ], [ -99.159086138646174, 19.338176468038963 ], [ -99.15931113664918, 19.337618427805008 ], [ -99.158431969217403, 19.337273417819333 ], [ -99.158410647876636, 19.337327941706377 ], [ -99.158363303662938, 19.337311445562666 ], [ -99.158386750103247, 19.337239939228333 ], [ -99.158581815212571, 19.336681829026656 ], [ -99.15899635473842, 19.335649927420103 ], [ -99.159152203451328, 19.335325076779423 ], [ -99.159431691354371, 19.335335450700878 ], [ -99.159656556744793, 19.335368282380021 ], [ -99.159874537700304, 19.335350777866065 ], [ -99.160525625967608, 19.335384540046569 ], [ -99.161564130200929, 19.335438399305339 ] ] ] ] } },
{ "type": "Feature", "properties": { "id": 2109.0, "entidad": 9, "distrito_f": 8, "distrito_l": 26, "municipio": 3, "seccion": 470, "tipo": 2, "control": 35671.0, "SECCION_TX": "0470", "SECCION__1": null, "SECCION__2": null, "SECCION_N": "470", "ESTATUS": "COMPLETA", "ALCALDIA_N": "COYOACAN", "EN_OPERATI": null, "EN_OP": "SI", "SEC_N": "470", "EST": "COMPLETA", "ALC_N": "COYOACAN", "OP": "SI", "NOMBRE": "VILLAS DEL IMAN" }, "geometry": { "type": "MultiPolygon", "coordinates": [ [ [ [ -99.168193768988786, 19.309038238680756 ], [ -99.167819995618046, 19.308800282734094 ], [ -99.167566598614144, 19.30900459139594 ], [ -99.167515505467151, 19.309045786618945 ], [ -99.167443623872245, 19.309023111425208 ], [ -99.167323586881636, 19.308754875882304 ], [ -99.167287699598575, 19.308602248101348 ], [ -99.167265850517637, 19.308509324321911 ], [ -99.167150697155819, 19.308332048797048 ], [ -99.166106951233047, 19.30891972352212 ], [ -99.166085360037101, 19.308937094893981 ], [ -99.165737709001206, 19.309216816913985 ], [ -99.165718355495216, 19.309232370422627 ], [ -99.164095457640371, 19.30829267223077 ], [ -99.164134749622619, 19.308271820028562 ], [ -99.164164910305402, 19.308255879448467 ], [ -99.164743007208884, 19.308005041816283 ], [ -99.167654866602646, 19.306741539591901 ], [ -99.167987897885098, 19.306601006757774 ], [ -99.16802807024844, 19.306584054731225 ], [ -99.168307920340553, 19.307125532691643 ], [ -99.168345517014686, 19.307200884272486 ], [ -99.168444318391025, 19.307389445866246 ], [ -99.168457946108688, 19.307415813743045 ], [ -99.168454637625842, 19.30759833864505 ], [ -99.168367419944161, 19.307761029490383 ], [ -99.168329004860411, 19.30779425071195 ], [ -99.168290589761085, 19.307827471925428 ], [ -99.168144309441615, 19.307913512426833 ], [ -99.168098459781106, 19.307940480658374 ], [ -99.168119008873163, 19.308177163519147 ], [ -99.168131585492901, 19.30832201970075 ], [ -99.168155918235655, 19.30860228090107 ], [ -99.168193768988786, 19.309038238680756 ] ] ] ] } },
{ "type": "Feature", "properties": { "id": 4837.0, "entidad": 9, "distrito_f": 19, "distrito_l": 30, "municipio": 3, "seccion": 675, "tipo": 2, "control": 37101.0, "SECCION_TX": "0675", "SECCION__1": null, "SECCION__2": null, "SECCION_N": "675", "ESTATUS": null, "ALCALDIA_N": "COYOACAN", "EN_OPERATI": null, "EN_OP": "NO", "SEC_N": "675", "EST": null, "ALC_N": "COYOACAN", "OP": "NO", "NOMBRE": "GABRIEL RAMOS MILLAN" }, "geometry": { "type": "MultiPolygon", "coordinates": [ [ [ [ -99.124442869259454, 19.30432251855736 ], [ -99.124368431845454, 19.304315767099318 ], [ -99.124037679496325, 19.304288148518427 ], [ -99.124013310854096, 19.304477667341917 ], [ -99.123295447178393, 19.304441582991224 ], [ -99.123274631605057, 19.304700915941641 ], [ -99.122931178979712, 19.304661704858493 ], [ -99.122840390373909, 19.304651339650835 ], [ -99.122796913966695, 19.30522603189133 ], [ -99.122694540969235, 19.306287141388648 ], [ -99.122636401375857, 19.306908522292971 ], [ -99.122622844621375, 19.306996654524738 ], [ -99.122486590932809, 19.30698199218163 ], [ -99.121302956541598, 19.306854616165225 ], [ -99.120611224317869, 19.306775898655349 ], [ -99.120051969751287, 19.306736679387534 ], [ -99.119495166493039, 19.306695128096951 ], [ -99.119000979773077, 19.306668321911374 ], [ -99.118418528931372, 19.306624232187765 ], [ -99.117853268486414, 19.306572790725678 ], [ -99.117259585484959, 19.306539656390864 ], [ -99.117219687906257, 19.306537429577698 ], [ -99.116994313784957, 19.30652784825438 ], [ -99.116704446207621, 19.306515524711827 ], [ -99.116765134565057, 19.306230877662092 ], [ -99.116900299977374, 19.305292473304885 ], [ -99.116785594668201, 19.305279906911863 ], [ -99.116375669382478, 19.305234997467782 ], [ -99.11648916235275, 19.304301429701717 ], [ -99.116525858254448, 19.303800124826992 ], [ -99.116617915795317, 19.302992019464689 ], [ -99.116673795196874, 19.302415285320556 ], [ -99.116777198953443, 19.301568814344623 ], [ -99.116788870735178, 19.301503907587644 ], [ -99.116821596779118, 19.301321917841783 ], [ -99.117535503375862, 19.301469185940437 ], [ -99.117626564316524, 19.301496714491805 ], [ -99.117845826186894, 19.301562999126293 ], [ -99.119375594212102, 19.302025451516428 ], [ -99.119907685579491, 19.302186467775538 ], [ -99.120988747934518, 19.302513602473635 ], [ -99.121730506798585, 19.302738057824545 ], [ -99.12181442872533, 19.302759610111679 ], [ -99.12188779547202, 19.302785652722793 ], [ -99.122864785809256, 19.303171728485822 ], [ -99.124517658906171, 19.303824468589607 ], [ -99.124482272724066, 19.303969235969195 ], [ -99.124473498333785, 19.304016801346009 ], [ -99.124442869259454, 19.30432251855736 ] ] ] ] } },
{ "type": "Feature", "properties": { "id": 4758.0, "entidad": 9, "distrito_f": 19, "distrito_l": 30, "municipio": 3, "seccion": 576, "tipo": 2, "control": 35877.0, "SECCION_TX": "0576", "SECCION__1": null, "SECCION__2": null, "SECCION_N": "576", "ESTATUS": null, "ALCALDIA_N": "COYOACAN", "EN_OPERATI": null, "EN_OP": "NO", "SEC_N": "576", "EST": null, "ALC_N": "COYOACAN", "OP": "NO", "NOMBRE": "SAN ANDRES TOMATLAN" }, "geometry": { "type": "MultiPolygon", "coordinates": [ [ [ [ -99.112898287207329, 19.335715097086208 ], [ -99.112595168204834, 19.335024305813644 ], [ -99.112314547658272, 19.33453752749309 ], [ -99.112093176869593, 19.334236681440295 ], [ -99.112015474096182, 19.334131081936359 ], [ -99.111520700397207, 19.3336795746105 ], [ -99.111025476538927, 19.33333203942912 ], [ -99.110717815730808, 19.333169539576389 ], [ -99.110372627980226, 19.332952356028756 ], [ -99.110224462421201, 19.332816902448862 ], [ -99.110055066280594, 19.332565998819842 ], [ -99.109938443398434, 19.332149399269252 ], [ -99.109816559614998, 19.331772963749007 ], [ -99.109673569988317, 19.331466822504538 ], [ -99.109128361691774, 19.330699071240492 ], [ -99.108366074069806, 19.329529837712901 ], [ -99.107587916194106, 19.328335509556656 ], [ -99.107412492299176, 19.328186393187003 ], [ -99.107127584812602, 19.327944211038652 ], [ -99.107000420208038, 19.327789646271917 ], [ -99.106777647340337, 19.327573393356666 ], [ -99.106407892986809, 19.3271815737784 ], [ -99.105926327559501, 19.326654741220132 ], [ -99.105393544080357, 19.326043950810732 ], [ -99.104896680521932, 19.325526142697043 ], [ -99.104280602257404, 19.324918726857803 ], [ -99.103836241443133, 19.324667974165333 ], [ -99.10258251979181, 19.323965866150605 ], [ -99.102004582273821, 19.323619963712428 ], [ -99.101635600638488, 19.323399122110626 ], [ -99.101402636750706, 19.323243203658308 ], [ -99.101095994844997, 19.323037972950718 ], [ -99.100908499411702, 19.322901536726285 ], [ -99.100868509696113, 19.322872438537605 ], [ -99.101031174652064, 19.322842378034832 ], [ -99.102920009914143, 19.322493360469124 ], [ -99.103087722128294, 19.322462840136193 ], [ -99.105458001556045, 19.322031478081545 ], [ -99.106140084561929, 19.321916580709225 ], [ -99.106491072927327, 19.321857455410697 ], [ -99.107789356826558, 19.321638748411793 ], [ -99.108782986020529, 19.321454258448913 ], [ -99.109156864241328, 19.321384837906514 ], [ -99.109327019141105, 19.321353243802079 ], [ -99.109887183135314, 19.321249232192411 ], [ -99.110475743389088, 19.321139945952659 ], [ -99.110849399161836, 19.321049933346387 ], [ -99.111164863489179, 19.320978015817122 ], [ -99.111483832596022, 19.320915459440389 ], [ -99.11180358757332, 19.320852773286088 ], [ -99.112144171669513, 19.320796325718298 ], [ -99.112412211041971, 19.320743746611985 ], [ -99.112533781366622, 19.320751289092847 ], [ -99.11285793974649, 19.32076597892463 ], [ -99.112883124210896, 19.320896245358611 ], [ -99.112785190767724, 19.320921647280286 ], [ -99.111818916299796, 19.321109370149006 ], [ -99.111472979549546, 19.321176575626112 ], [ -99.111259708394556, 19.321218007671693 ], [ -99.110793094626516, 19.32132412037225 ], [ -99.110522824157968, 19.321386305188806 ], [ -99.110277217463278, 19.321430945884877 ], [ -99.109208595196023, 19.321625171158452 ], [ -99.109172632572466, 19.322173051060972 ], [ -99.109150439334442, 19.322521235037311 ], [ -99.10910842803942, 19.323168538001084 ], [ -99.109096275703962, 19.323254136774182 ], [ -99.109074606105636, 19.323406773142043 ], [ -99.109051498331183, 19.323569539426508 ], [ -99.108963656993978, 19.323799312811161 ], [ -99.108854751773549, 19.323928013208416 ], [ -99.10874584638276, 19.324056713539566 ], [ -99.108638334127008, 19.324183767253569 ], [ -99.108181035007874, 19.324593359891459 ], [ -99.108156278784264, 19.324612799000178 ], [ -99.107675328489023, 19.32499044972997 ], [ -99.107638767229517, 19.325019929100989 ], [ -99.107037703795697, 19.325504564426428 ], [ -99.107649984701823, 19.326137316167792 ], [ -99.108310093547118, 19.326819487077426 ], [ -99.108523347929221, 19.327040632203261 ], [ -99.108711238688912, 19.327218631703978 ], [ -99.10894159294206, 19.327465212314479 ], [ -99.109172103245498, 19.327713387230609 ], [ -99.109296322039839, 19.327842200408888 ], [ -99.109364539708579, 19.32787348507199 ], [ -99.109432757403155, 19.327904769709335 ], [ -99.109629706359016, 19.327960943265531 ], [ -99.109713602262104, 19.327966509017472 ], [ -99.110094582359054, 19.328001288997459 ], [ -99.11042649069239, 19.32802973307971 ], [ -99.110690843781654, 19.328052276595944 ], [ -99.110966208396846, 19.328070929486795 ], [ -99.111244449499267, 19.328093159284744 ], [ -99.111519699737784, 19.328115149706651 ], [ -99.111799541725176, 19.32813750654249 ], [ -99.112065704080905, 19.328158770095602 ], [ -99.112437371976682, 19.32818846176432 ], [ -99.113488996785392, 19.328272469417453 ], [ -99.113602750846198, 19.328281549784105 ], [ -99.113732040254675, 19.328291870165394 ], [ -99.113722401679041, 19.328411079258643 ], [ -99.113712763089922, 19.328530288349896 ], [ -99.113674878998992, 19.328998833301384 ], [ -99.113632850713657, 19.329396794084783 ], [ -99.113605286954382, 19.329708085718703 ], [ -99.113566602533467, 19.33017066092853 ], [ -99.113459211958371, 19.331454787718098 ], [ -99.113372102389306, 19.332496389203136 ], [ -99.113337883990795, 19.332905547774686 ], [ -99.113262493739512, 19.332892740109692 ], [ -99.11318710349984, 19.332879932413455 ], [ -99.11316590173935, 19.333040740728141 ], [ -99.11301686354733, 19.334530136934685 ], [ -99.112898287207329, 19.335715097086208 ] ] ] ] } },
{ "type": "Feature", "properties": { "id": 2049.0, "entidad": 9, "distrito_f": 8, "distrito_l": 26, "municipio": 3, "seccion": 412, "tipo": 2, "control": 37876.0, "SECCION_TX": "0412", "SECCION__1": null, "SECCION__2": null, "SECCION_N": "412", "ESTATUS": null, "ALCALDIA_N": "COYOACAN", "EN_OPERATI": null, "EN_OP": "NO", "SEC_N": "412", "EST": null, "ALC_N": "COYOACAN", "OP": "NO", "NOMBRE": "PARQUES DEL PEDREGAL" }, "geometry": { "type": "MultiPolygon", "coordinates": [ [ [ [ -99.194207641055471, 19.321419842956999 ], [ -99.193976999221107, 19.321172250547143 ], [ -99.193792679869276, 19.321138429498685 ], [ -99.193639108130753, 19.32113373301792 ], [ -99.193470254142767, 19.321192226964865 ], [ -99.193096799310425, 19.321382145713262 ], [ -99.193063932710757, 19.321426825402359 ], [ -99.192917923813511, 19.321625313234918 ], [ -99.192693256883871, 19.322106647640627 ], [ -99.192427847819701, 19.322767828632141 ], [ -99.192362740383317, 19.322925894400438 ], [ -99.192341070703222, 19.322976881434396 ], [ -99.191630780795919, 19.324041873648383 ], [ -99.191134507423683, 19.324270793896346 ], [ -99.190054700884588, 19.324288002353139 ], [ -99.189829193620952, 19.324291595367416 ], [ -99.188692921860536, 19.324357041083012 ], [ -99.188626314515886, 19.32436087723757 ], [ -99.18842958220732, 19.32243183321949 ], [ -99.18837641866314, 19.321998348854404 ], [ -99.187819268935783, 19.317455322072409 ], [ -99.187738639663806, 19.316797845022556 ], [ -99.187387321579081, 19.313889995139597 ], [ -99.187092628418497, 19.311450744513465 ], [ -99.186822584749407, 19.309215457035503 ], [ -99.186901347913931, 19.30920855698486 ], [ -99.187021900768144, 19.309197995879661 ], [ -99.18807313141231, 19.309105898757743 ], [ -99.18850640349099, 19.3090679384925 ], [ -99.189170505221156, 19.309033081497006 ], [ -99.190236650718845, 19.309236228252825 ], [ -99.190335084207675, 19.309258383477104 ], [ -99.190496750718324, 19.309294770942394 ], [ -99.191495685019319, 19.309519604856231 ], [ -99.192660677384055, 19.309781806379814 ], [ -99.193833573459415, 19.310049470245247 ], [ -99.19382876343019, 19.310004897807023 ], [ -99.193803816045886, 19.309773720891592 ], [ -99.193797711709053, 19.309717154465208 ], [ -99.193722968930331, 19.309024539952745 ], [ -99.193709591796463, 19.308900578200937 ], [ -99.19365117134906, 19.308359211709668 ], [ -99.19358520234843, 19.307722282260887 ], [ -99.193580687870153, 19.307678694867569 ], [ -99.193570491474603, 19.307580248339903 ], [ -99.193566086786831, 19.307537720898825 ], [ -99.193503907650566, 19.30693737630013 ], [ -99.193449237454146, 19.306409527284487 ], [ -99.193439578545153, 19.306316268683805 ], [ -99.193435819878999, 19.306279978017944 ], [ -99.193392558451706, 19.305862279149792 ], [ -99.193384603107262, 19.305785468254282 ], [ -99.193375249947792, 19.305695160998305 ], [ -99.193371542671272, 19.305665763080757 ], [ -99.19336906994198, 19.30564615485514 ], [ -99.193293510463363, 19.305046981629594 ], [ -99.193269717067068, 19.304858303276148 ], [ -99.193262090368421, 19.304797824510377 ], [ -99.193153038511625, 19.30393305180473 ], [ -99.193124941087419, 19.303710239872192 ], [ -99.193116828605113, 19.303645907954429 ], [ -99.19295872740571, 19.302392156151861 ], [ -99.192954650352675, 19.30235982461511 ], [ -99.19294514774721, 19.302284467722131 ], [ -99.192942651262655, 19.302264675542109 ], [ -99.192934409503664, 19.302199334674459 ], [ -99.1929278310933, 19.302147180836407 ], [ -99.192921989966834, 19.302100823217462 ], [ -99.193732590799996, 19.3020265473161 ], [ -99.194368978780176, 19.302005688721447 ], [ -99.195272824910745, 19.302083629157455 ], [ -99.195949917176037, 19.302182555870679 ], [ -99.196590364464313, 19.3023562586597 ], [ -99.197160637006306, 19.302535781449478 ], [ -99.197767318916249, 19.302837198498402 ], [ -99.198509130673784, 19.30320574767731 ], [ -99.19942626394085, 19.303769198737097 ], [ -99.199540659434092, 19.30383702832529 ], [ -99.200664449699076, 19.304380378087146 ], [ -99.200951551392706, 19.304506400201067 ], [ -99.201307038130807, 19.304644817115371 ], [ -99.20197132590414, 19.304871630769568 ], [ -99.202741047860385, 19.305091640290239 ], [ -99.203877978731867, 19.305343527668789 ], [ -99.204856175984162, 19.30551327206198 ], [ -99.204853120708577, 19.30558354981277 ], [ -99.204851153234699, 19.305711443217593 ], [ -99.204854480549059, 19.305779721752412 ], [ -99.205119862583288, 19.305979419342325 ], [ -99.205121036521675, 19.306215461856024 ], [ -99.205383259310636, 19.306415078232327 ], [ -99.202753925863277, 19.308917311214948 ], [ -99.20190784424048, 19.309765760314729 ], [ -99.200898706519553, 19.31074306933316 ], [ -99.201739948629466, 19.311077159812811 ], [ -99.201543063635739, 19.311390446537882 ], [ -99.19770279543846, 19.317491954638069 ], [ -99.195178822616455, 19.321504342939598 ], [ -99.194825315447943, 19.322431060049116 ], [ -99.194207641055471, 19.321419842956999 ] ] ] ] } },
{ "type": "Feature", "properties": { "id": 2050.0, "entidad": 9, "distrito_f": 8, "distrito_l": 26, "municipio": 3, "seccion": 413, "tipo": 2, "control": 35658.0, "SECCION_TX": "0413", "SECCION__1": null, "SECCION__2": null, "SECCION_N": "413", "ESTATUS": null, "ALCALDIA_N": "COYOACAN", "EN_OPERATI": null, "EN_OP": "NO", "SEC_N": "413", "EST": null, "ALC_N": "COYOACAN", "OP": "NO", "NOMBRE": "PARQUES DEL PEDREGAL" }, "geometry": { "type": "MultiPolygon", "coordinates": [ [ [ [ -99.193833573459415, 19.310049470245247 ], [ -99.192660677384055, 19.309781806379814 ], [ -99.191495685019319, 19.309519604856231 ], [ -99.190496750718324, 19.309294770942394 ], [ -99.190335084207675, 19.309258383477104 ], [ -99.190236650718845, 19.309236228252825 ], [ -99.189170505221156, 19.309033081497006 ], [ -99.18850640349099, 19.3090679384925 ], [ -99.18807313141231, 19.309105898757743 ], [ -99.187021900768144, 19.309197995879661 ], [ -99.186901347913931, 19.30920855698486 ], [ -99.186822584749407, 19.309215457035503 ], [ -99.186465763641735, 19.306602005682514 ], [ -99.186315388682161, 19.305500593887555 ], [ -99.186277855408591, 19.305225681401435 ], [ -99.186014989311559, 19.303171504387358 ], [ -99.186006862748044, 19.303105340729612 ], [ -99.185999193260386, 19.303046028040992 ], [ -99.185995481778107, 19.303017168000771 ], [ -99.18598917271008, 19.302981691427835 ], [ -99.18598398143682, 19.30292774266071 ], [ -99.185976604649269, 19.302870011426229 ], [ -99.190651914711452, 19.302356275712256 ], [ -99.192921989966834, 19.302100823217462 ], [ -99.1929278310933, 19.302147180836407 ], [ -99.192934409503664, 19.302199334674459 ], [ -99.192942651262655, 19.302264675542109 ], [ -99.19294514774721, 19.302284467722131 ], [ -99.192954650352675, 19.30235982461511 ], [ -99.19295872740571, 19.302392156151861 ], [ -99.193116828605113, 19.303645907954429 ], [ -99.193124941087419, 19.303710239872192 ], [ -99.193153038511625, 19.30393305180473 ], [ -99.193262090368421, 19.304797824510377 ], [ -99.193269717067068, 19.304858303276148 ], [ -99.193293510463363, 19.305046981629594 ], [ -99.19336906994198, 19.30564615485514 ], [ -99.193371542671272, 19.305665763080757 ], [ -99.193375249947792, 19.305695160998305 ], [ -99.193384603107262, 19.305785468254282 ], [ -99.193392558451706, 19.305862279149792 ], [ -99.193435819878999, 19.306279978017944 ], [ -99.193439578545153, 19.306316268683805 ], [ -99.193449237454146, 19.306409527284487 ], [ -99.193503907650566, 19.30693737630013 ], [ -99.193566086786831, 19.307537720898825 ], [ -99.193570491474603, 19.307580248339903 ], [ -99.193580687870153, 19.307678694867569 ], [ -99.19358520234843, 19.307722282260887 ], [ -99.19365117134906, 19.308359211709668 ], [ -99.193709591796463, 19.308900578200937 ], [ -99.193722968930331, 19.309024539952745 ], [ -99.193797711709053, 19.309717154465208 ], [ -99.193803816045886, 19.309773720891592 ], [ -99.19382876343019, 19.310004897807023 ], [ -99.193833573459415, 19.310049470245247 ] ] ] ] } },
{ "type": "Feature", "properties": { "id": 2051.0, "entidad": 9, "distrito_f": 8, "distrito_l": 26, "municipio": 3, "seccion": 414, "tipo": 2, "control": 35659.0, "SECCION_TX": "0414", "SECCION__1": null, "SECCION__2": null, "SECCION_N": "414", "ESTATUS": null, "ALCALDIA_N": "COYOACAN", "EN_OPERATI": null, "EN_OP": "NO", "SEC_N": "414", "EST": null, "ALC_N": "COYOACAN", "OP": "NO", "NOMBRE": "PARQUES DEL PEDREGAL" }, "geometry": { "type": "MultiPolygon", "coordinates": [ [ [ [ -99.188626314515886, 19.32436087723757 ], [ -99.188708142176125, 19.324988543680217 ], [ -99.188650277858727, 19.325055831962398 ], [ -99.188504212987354, 19.325225685091606 ], [ -99.188368062391618, 19.32521146633438 ], [ -99.188216736476221, 19.325154184858739 ], [ -99.188124366859981, 19.3249683716692 ], [ -99.18809544905298, 19.324910199737737 ], [ -99.188064950637298, 19.324694839788531 ], [ -99.188034156629399, 19.324221010440439 ], [ -99.187988048082246, 19.323582063418389 ], [ -99.187866770384304, 19.323345257796692 ], [ -99.187518368206526, 19.322900473991375 ], [ -99.187086874281036, 19.322541931313403 ], [ -99.186984714086435, 19.322488188200946 ], [ -99.186882553958242, 19.322434445030396 ], [ -99.186723668237121, 19.322377170020985 ], [ -99.186564782625581, 19.322319894871885 ], [ -99.186194234280592, 19.32234899235343 ], [ -99.186093421388108, 19.322380707280509 ], [ -99.185392852759534, 19.322601098674518 ], [ -99.184576326828122, 19.322838857379203 ], [ -99.18353745683757, 19.323191772613555 ], [ -99.183495240880262, 19.323206113668302 ], [ -99.183094026295223, 19.323498368721566 ], [ -99.183011605862831, 19.323558405652722 ], [ -99.182731828705499, 19.323874482755119 ], [ -99.182649039785787, 19.32396801288419 ], [ -99.182558599890143, 19.324084719975627 ], [ -99.182367673970475, 19.32433109737439 ], [ -99.181342264859239, 19.325433978775177 ], [ -99.180642829729067, 19.326180837888966 ], [ -99.180601956656631, 19.326224481996071 ], [ -99.179705289778212, 19.327848635038208 ], [ -99.179197999288277, 19.328767485649493 ], [ -99.179152714166577, 19.328853686700604 ], [ -99.178983869672749, 19.329305190314354 ], [ -99.178760569174031, 19.329902309585151 ], [ -99.178625601814048, 19.330979398627512 ], [ -99.17856909343341, 19.331415332338658 ], [ -99.178535296890615, 19.331676054568241 ], [ -99.176858001149313, 19.331112252478611 ], [ -99.17607259969698, 19.329918501493097 ], [ -99.175810076853224, 19.329562453405163 ], [ -99.175332787475838, 19.32909824854125 ], [ -99.175100777864131, 19.328832067644875 ], [ -99.175045833223791, 19.32869595090197 ], [ -99.174936506497346, 19.328431513779851 ], [ -99.174812772232485, 19.327695278592081 ], [ -99.174752352728589, 19.326403459233553 ], [ -99.174742460750267, 19.326355423686003 ], [ -99.174636869449472, 19.326211389747947 ], [ -99.174504694911079, 19.326187493751906 ], [ -99.174321918649596, 19.32617165353841 ], [ -99.174178559695733, 19.326206489696467 ], [ -99.174085825094409, 19.326254623267037 ], [ -99.174004399340333, 19.326361467701634 ], [ -99.173890148254529, 19.327333153847 ], [ -99.173649300890006, 19.328240900395897 ], [ -99.173621358563338, 19.328406415396156 ], [ -99.173570812457541, 19.328467854368967 ], [ -99.173496570134063, 19.328493940647373 ], [ -99.173430237709525, 19.32847866478609 ], [ -99.173393651547528, 19.328446669565654 ], [ -99.173351422251784, 19.328395995528449 ], [ -99.173533547137367, 19.326537212692543 ], [ -99.173541900386212, 19.326449596805791 ], [ -99.173540499791216, 19.326376718256835 ], [ -99.173539099197782, 19.326303839707272 ], [ -99.173537470017422, 19.326219066755183 ], [ -99.173369145161871, 19.325539937661677 ], [ -99.172844130526713, 19.323324816015909 ], [ -99.172749497628288, 19.32295113895783 ], [ -99.17265464296284, 19.322602974791995 ], [ -99.17256575999842, 19.32221967749269 ], [ -99.172481539196724, 19.32184067104987 ], [ -99.172376013823282, 19.321375341834482 ], [ -99.172320887665691, 19.321132254062306 ], [ -99.171681158685132, 19.318173731848297 ], [ -99.171362904618078, 19.316701001722116 ], [ -99.171350784744533, 19.316644625976465 ], [ -99.171240008474001, 19.316132331403587 ], [ -99.171118485505716, 19.315570683648854 ], [ -99.171108869024337, 19.315484094213005 ], [ -99.171104957816084, 19.315448876593695 ], [ -99.171089342959078, 19.315308275870557 ], [ -99.170889077649989, 19.31350500621275 ], [ -99.170805469471276, 19.312752152107873 ], [ -99.170774849521479, 19.312468535952767 ], [ -99.170834819782627, 19.312375300468641 ], [ -99.170684578352393, 19.312331236869497 ], [ -99.170785000859283, 19.312233557299418 ], [ -99.170989772958947, 19.312031828146552 ], [ -99.171080668038016, 19.311942283550838 ], [ -99.171716471585825, 19.311453360585347 ], [ -99.171802491988842, 19.311387211849802 ], [ -99.172845984355362, 19.310932228632744 ], [ -99.174607988022387, 19.310164345439823 ], [ -99.175388750699696, 19.30982349693776 ], [ -99.175910096369705, 19.309602857304199 ], [ -99.175976191641993, 19.309574884857245 ], [ -99.176454012216908, 19.30935492389073 ], [ -99.177869100419741, 19.308763138624339 ], [ -99.18010958808047, 19.307825507056627 ], [ -99.180292408633562, 19.307743781669021 ], [ -99.180464026492913, 19.307666071495621 ], [ -99.180879486812117, 19.307477946202081 ], [ -99.183226131772869, 19.306349755041619 ], [ -99.182928921670424, 19.305862783084081 ], [ -99.181526884779004, 19.30356553156059 ], [ -99.181510912560327, 19.303539351097765 ], [ -99.181461200006098, 19.303457865944324 ], [ -99.181433078581222, 19.303411771335771 ], [ -99.181390328622555, 19.303341698632543 ], [ -99.182191105427862, 19.303289810932014 ], [ -99.183332645427441, 19.303157843921152 ], [ -99.184390475073343, 19.303037723817539 ], [ -99.185976604649269, 19.302870011426229 ], [ -99.18598398143682, 19.30292774266071 ], [ -99.18598917271008, 19.302981691427835 ], [ -99.185995481778107, 19.303017168000771 ], [ -99.185999193260386, 19.303046028040992 ], [ -99.186006862748044, 19.303105340729612 ], [ -99.186014989311559, 19.303171504387358 ], [ -99.186277855408591, 19.305225681401435 ], [ -99.186315388682161, 19.305500593887555 ], [ -99.186465763641735, 19.306602005682514 ], [ -99.186822584749407, 19.309215457035503 ], [ -99.187092628418497, 19.311450744513465 ], [ -99.187387321579081, 19.313889995139597 ], [ -99.187738639663806, 19.316797845022556 ], [ -99.187819268935783, 19.317455322072409 ], [ -99.18837641866314, 19.321998348854404 ], [ -99.18842958220732, 19.32243183321949 ], [ -99.188626314515886, 19.32436087723757 ] ] ] ] } },
{ "type": "Feature", "properties": { "id": 2157.0, "entidad": 9, "distrito_f": 8, "distrito_l": 30, "municipio": 3, "seccion": 526, "tipo": 2, "control": 35858.0, "SECCION_TX": "0526", "SECCION__1": null, "SECCION__2": null, "SECCION_N": "526", "ESTATUS": null, "ALCALDIA_N": "COYOACAN", "EN_OPERATI": null, "EN_OP": "NO", "SEC_N": "526", "EST": null, "ALC_N": "COYOACAN", "OP": "NO", "NOMBRE": "SAN MATEO" }, "geometry": { "type": "MultiPolygon", "coordinates": [ [ [ [ -99.140871491360528, 19.355411257676867 ], [ -99.135306073091712, 19.354446445299526 ], [ -99.135133091584237, 19.354231268440039 ], [ -99.135099312637024, 19.353926323705632 ], [ -99.135010994108342, 19.353786778065093 ], [ -99.135198920013664, 19.353064462327275 ], [ -99.135240061585804, 19.352906328894228 ], [ -99.13554706290877, 19.35172631615529 ], [ -99.135645645590117, 19.351347392858884 ], [ -99.135846722024823, 19.350574507673606 ], [ -99.135975957445197, 19.350077756602246 ], [ -99.136323304657282, 19.348742618955939 ], [ -99.136584041932522, 19.347692918017408 ], [ -99.136635545808517, 19.347485567188158 ], [ -99.13681153495429, 19.346846477509807 ], [ -99.137163129971668, 19.345334681752227 ], [ -99.137166896368342, 19.34523850438876 ], [ -99.137186378280163, 19.344741019571181 ], [ -99.137191446350187, 19.344611602253007 ], [ -99.137193578803647, 19.344557148251727 ], [ -99.137203598702428, 19.344301281221796 ], [ -99.137213618572702, 19.344045414184322 ], [ -99.137286496198982, 19.343115667368021 ], [ -99.13742102759241, 19.341399336963406 ], [ -99.137432211890584, 19.341256647878804 ], [ -99.137439567107478, 19.341162810016776 ], [ -99.137446922316343, 19.341068972153447 ], [ -99.137505944423893, 19.341076455232283 ], [ -99.138003769294983, 19.341139570840046 ], [ -99.138473398369186, 19.34119911041461 ], [ -99.138921766850132, 19.341255953400253 ], [ -99.139387430304069, 19.341342777348586 ], [ -99.139420339223889, 19.341347059212051 ], [ -99.13988247451168, 19.341407188161416 ], [ -99.140344194364388, 19.341467261842357 ], [ -99.140826253929163, 19.341529980596356 ], [ -99.141210356285214, 19.341579953599293 ], [ -99.14124648727369, 19.341585121378255 ], [ -99.141994165420783, 19.341692059348407 ], [ -99.142046359409306, 19.341651190370545 ], [ -99.142109330102443, 19.341601882962088 ], [ -99.142195894040995, 19.341534101450421 ], [ -99.143303644440849, 19.340872529455364 ], [ -99.143429834921207, 19.340797165062572 ], [ -99.143713319178062, 19.341724689319211 ], [ -99.143759599591078, 19.341877879108345 ], [ -99.1437750509875, 19.341925487894446 ], [ -99.143785632379831, 19.34196142774454 ], [ -99.143795414999758, 19.341994956010907 ], [ -99.143808953949076, 19.342039175939849 ], [ -99.143971188435614, 19.342678772308766 ], [ -99.143979238189672, 19.342710507677797 ], [ -99.143988418948084, 19.342746701905231 ], [ -99.143999139156264, 19.342788965239119 ], [ -99.144010974591694, 19.342835625216818 ], [ -99.144226409080446, 19.343660215518071 ], [ -99.144554937623539, 19.34515326069987 ], [ -99.144677868634588, 19.345716613839819 ], [ -99.144777888417096, 19.346174672862016 ], [ -99.145443024694643, 19.348978765924127 ], [ -99.145462318895483, 19.349085284458315 ], [ -99.145537259746291, 19.349499013082085 ], [ -99.145590308240401, 19.350047764559683 ], [ -99.145586860422895, 19.350393436158608 ], [ -99.145549869156213, 19.351017095040127 ], [ -99.145536906300592, 19.351114541374006 ], [ -99.145435232704202, 19.350978758440277 ], [ -99.14537519391439, 19.350899298616966 ], [ -99.145229923098725, 19.350588280323016 ], [ -99.145018586383543, 19.350398831270027 ], [ -99.144583691689832, 19.350296001110259 ], [ -99.144006355505596, 19.350191475484046 ], [ -99.143613960013596, 19.352107983638753 ], [ -99.143588958273682, 19.352230105967834 ], [ -99.143019453734667, 19.352132446646209 ], [ -99.14287869888409, 19.352108309542711 ], [ -99.142684212264328, 19.353007365442227 ], [ -99.141483094871973, 19.352762725565711 ], [ -99.141449324877613, 19.352901256282635 ], [ -99.141076189421142, 19.354431910542523 ], [ -99.141069606204766, 19.354458915562688 ], [ -99.141031403916358, 19.354583482210959 ], [ -99.141020539951853, 19.35461969550148 ], [ -99.140871491360528, 19.355411257676867 ] ] ] ] } },
{ "type": "Feature", "properties": { "id": 2199.0, "entidad": 9, "distrito_f": 8, "distrito_l": 26, "municipio": 3, "seccion": 700, "tipo": 2, "control": 34550.0, "SECCION_TX": "0700", "SECCION__1": null, "SECCION__2": null, "SECCION_N": "700", "ESTATUS": null, "ALCALDIA_N": "COYOACAN", "EN_OPERATI": null, "EN_OP": "NO", "SEC_N": "700", "EST": null, "ALC_N": "COYOACAN", "OP": "NO", "NOMBRE": "SAN MATEO" }, "geometry": { "type": "MultiPolygon", "coordinates": [ [ [ [ -99.148657292731187, 19.354117933117266 ], [ -99.148503888468511, 19.354061343618028 ], [ -99.148472976304987, 19.354073801568592 ], [ -99.14836480418235, 19.354117396097816 ], [ -99.148337940151563, 19.3541678619601 ], [ -99.14824351656469, 19.354345242648094 ], [ -99.148165437978363, 19.354358976991687 ], [ -99.147824859653937, 19.354266063057544 ], [ -99.145062578201973, 19.353512451378986 ], [ -99.144932850251024, 19.353477318466947 ], [ -99.144999964728072, 19.353261715954673 ], [ -99.145299463506348, 19.352307316605376 ], [ -99.145416512024681, 19.351783852944166 ], [ -99.145481236973978, 19.351424026239837 ], [ -99.145536906300592, 19.351114541374006 ], [ -99.145549869156213, 19.351017095040127 ], [ -99.145699189972007, 19.350846601034299 ], [ -99.145762999850007, 19.350773742984337 ], [ -99.145814499383903, 19.350735581959423 ], [ -99.146053481221585, 19.350618857550415 ], [ -99.146399144540183, 19.350631703393415 ], [ -99.14657197094958, 19.350643565806621 ], [ -99.147362440767751, 19.35080000711983 ], [ -99.147592971687118, 19.350845630624612 ], [ -99.148485332777867, 19.351022231447061 ], [ -99.14926333431238, 19.351176196299861 ], [ -99.149102656715684, 19.352148446538024 ], [ -99.148995468774558, 19.352797027771206 ], [ -99.14884603261082, 19.353452953049388 ], [ -99.148837826485035, 19.35348897232463 ], [ -99.148657292731187, 19.354117933117266 ] ] ] ] } },
{ "type": "Feature", "properties": { "id": 2211.0, "entidad": 9, "distrito_f": 8, "distrito_l": 26, "municipio": 3, "seccion": 712, "tipo": 2, "control": 34553.0, "SECCION_TX": "0712", "SECCION__1": null, "SECCION__2": null, "SECCION_N": "712", "ESTATUS": null, "ALCALDIA_N": "COYOACAN", "EN_OPERATI": null, "EN_OP": "NO", "SEC_N": "712", "EST": null, "ALC_N": "COYOACAN", "OP": "NO", "NOMBRE": "SAN MATEO" }, "geometry": { "type": "MultiPolygon", "coordinates": [ [ [ [ -99.151252227452218, 19.351561594533536 ], [ -99.151168357963755, 19.351545343179861 ], [ -99.15013500622959, 19.351345107631278 ], [ -99.14926333431238, 19.351176196299861 ], [ -99.148485332777867, 19.351022231447061 ], [ -99.147592971687118, 19.350845630624612 ], [ -99.147362440767751, 19.35080000711983 ], [ -99.14657197094958, 19.350643565806621 ], [ -99.146399144540183, 19.350631703393415 ], [ -99.146053481221585, 19.350618857550415 ], [ -99.145814499383903, 19.350735581959423 ], [ -99.145762999850007, 19.350773742984337 ], [ -99.145699189972007, 19.350846601034299 ], [ -99.145549869156213, 19.351017095040127 ], [ -99.145586860422895, 19.350393436158608 ], [ -99.145590308240401, 19.350047764559683 ], [ -99.145537259746291, 19.349499013082085 ], [ -99.145462318895483, 19.349085284458315 ], [ -99.145443024694643, 19.348978765924127 ], [ -99.145539218276753, 19.348797771125977 ], [ -99.146029321616552, 19.347875601212376 ], [ -99.147086108722235, 19.348409255868813 ], [ -99.147230074878095, 19.348483957071696 ], [ -99.14760162258942, 19.348669575728699 ], [ -99.147496177853597, 19.349342251800675 ], [ -99.147496271639568, 19.349436133692713 ], [ -99.148133576341365, 19.349542350192674 ], [ -99.149630888958583, 19.349132158962895 ], [ -99.150513451353604, 19.348890372837026 ], [ -99.150815237947597, 19.349981565566598 ], [ -99.151252227452218, 19.351561594533536 ] ] ] ] } },
{ "type": "Feature", "properties": { "id": 2212.0, "entidad": 9, "distrito_f": 8, "distrito_l": 26, "municipio": 3, "seccion": 713, "tipo": 2, "control": 34554.0, "SECCION_TX": "0713", "SECCION__1": null, "SECCION__2": null, "SECCION_N": "713", "ESTATUS": null, "ALCALDIA_N": "COYOACAN", "EN_OPERATI": null, "EN_OP": "NO", "SEC_N": "713", "EST": null, "ALC_N": "COYOACAN", "OP": "NO", "NOMBRE": "SAN MATEO" }, "geometry": { "type": "MultiPolygon", "coordinates": [ [ [ [ -99.150513451353604, 19.348890372837026 ], [ -99.149630888958583, 19.349132158962895 ], [ -99.148133576341365, 19.349542350192674 ], [ -99.147496271639568, 19.349436133692713 ], [ -99.147496177853597, 19.349342251800675 ], [ -99.14760162258942, 19.348669575728699 ], [ -99.147230074878095, 19.348483957071696 ], [ -99.147086108722235, 19.348409255868813 ], [ -99.146029321616552, 19.347875601212376 ], [ -99.145539218276753, 19.348797771125977 ], [ -99.145443024694643, 19.348978765924127 ], [ -99.144777888417096, 19.346174672862016 ], [ -99.14490153865097, 19.346155976258281 ], [ -99.145678857937227, 19.346030174313729 ], [ -99.14626046170703, 19.345936044823841 ], [ -99.14650928192313, 19.345895773990179 ], [ -99.148372651686998, 19.345594181552702 ], [ -99.149528816261537, 19.345407042438456 ], [ -99.149751932510085, 19.346195715375725 ], [ -99.150003236409646, 19.34708541179733 ], [ -99.150513451353604, 19.348890372837026 ] ] ] ] } },
{ "type": "Feature", "properties": { "id": 2238.0, "entidad": 9, "distrito_f": 8, "distrito_l": 26, "municipio": 3, "seccion": 742, "tipo": 2, "control": 34548.0, "SECCION_TX": "0742", "SECCION__1": null, "SECCION__2": null, "SECCION_N": "742", "ESTATUS": null, "ALCALDIA_N": "COYOACAN", "EN_OPERATI": null, "EN_OP": "NO", "SEC_N": "742", "EST": null, "ALC_N": "COYOACAN", "OP": "NO", "NOMBRE": "SAN MATEO" }, "geometry": { "type": "MultiPolygon", "coordinates": [ [ [ [ -99.151765789414711, 19.353328140688532 ], [ -99.150785179445307, 19.353879470228865 ], [ -99.149580961795948, 19.3545952930568 ], [ -99.148657292731187, 19.354117933117266 ], [ -99.148837826485035, 19.35348897232463 ], [ -99.14884603261082, 19.353452953049388 ], [ -99.148995468774558, 19.352797027771206 ], [ -99.149102656715684, 19.352148446538024 ], [ -99.14926333431238, 19.351176196299861 ], [ -99.15013500622959, 19.351345107631278 ], [ -99.151168357963755, 19.351545343179861 ], [ -99.151252227452218, 19.351561594533536 ], [ -99.151765789414711, 19.353328140688532 ] ] ] ] } },
{ "type": "Feature", "properties": { "id": 2183.0, "entidad": 9, "distrito_f": 8, "distrito_l": 30, "municipio": 3, "seccion": 647, "tipo": 2, "control": 36864.0, "SECCION_TX": "0647", "SECCION__1": null, "SECCION__2": null, "SECCION_N": "647", "ESTATUS": null, "ALCALDIA_N": "COYOACAN", "EN_OPERATI": null, "EN_OP": "NO", "SEC_N": "647", "EST": null, "ALC_N": "COYOACAN", "OP": "NO", "NOMBRE": "BELISARIO DOMINGUEZ" }, "geometry": { "type": "MultiPolygon", "coordinates": [ [ [ [ -99.134810939651516, 19.308251446405308 ], [ -99.134637919878898, 19.308275181999591 ], [ -99.13447856609433, 19.308309381546831 ], [ -99.134408293980073, 19.308327910532803 ], [ -99.134385292372357, 19.30829085149313 ], [ -99.1336635246995, 19.308513908729399 ], [ -99.133357111392868, 19.308582836247858 ], [ -99.133269582169376, 19.30861634965984 ], [ -99.133182052909987, 19.308649863029835 ], [ -99.133203188564295, 19.308686981512672 ], [ -99.133224324228195, 19.308724099992848 ], [ -99.133147726495622, 19.30874586004029 ], [ -99.132729642949641, 19.308864629438741 ], [ -99.132395725390111, 19.308959488107831 ], [ -99.13185862602586, 19.309112064769302 ], [ -99.131530724500067, 19.309205212576803 ], [ -99.129964583603041, 19.309650100564919 ], [ -99.129149182929098, 19.309881722218904 ], [ -99.128220686663255, 19.310145464430871 ], [ -99.128093938363833, 19.310181467242209 ], [ -99.127401656893383, 19.310378242902321 ], [ -99.12643267310645, 19.310653339480961 ], [ -99.126317073040482, 19.310686174309552 ], [ -99.125962220524087, 19.310786965421986 ], [ -99.125789058514229, 19.310831632177074 ], [ -99.125757164008661, 19.310737987152315 ], [ -99.125731178017759, 19.310661689952809 ], [ -99.125964819406676, 19.310598388029749 ], [ -99.126614815610779, 19.308301937750095 ], [ -99.127255699147071, 19.306160043532739 ], [ -99.126493381573837, 19.305975457974277 ], [ -99.126429037527302, 19.306195309912273 ], [ -99.125870204362016, 19.308104715891172 ], [ -99.125282452459132, 19.310221325448072 ], [ -99.125385390409235, 19.310716394627828 ], [ -99.125404084161985, 19.310806299919996 ], [ -99.125428680000695, 19.310924590408415 ], [ -99.12467438362431, 19.311119155572648 ], [ -99.12402642385797, 19.311314777346997 ], [ -99.124041507787112, 19.311135070517807 ], [ -99.124075803649433, 19.310726475243854 ], [ -99.124309347207316, 19.307944023000314 ], [ -99.124318809051601, 19.307834908655323 ], [ -99.124379711026478, 19.307105686161659 ], [ -99.124280266457916, 19.30708944809701 ], [ -99.124197640733996, 19.307081465806238 ], [ -99.124442869259454, 19.30432251855736 ], [ -99.124473498333785, 19.304016801346009 ], [ -99.124482272724066, 19.303969235969195 ], [ -99.124517658906171, 19.303824468589607 ], [ -99.124606384277556, 19.303859318409863 ], [ -99.124695109686314, 19.303894168186648 ], [ -99.125509479554438, 19.304214035601859 ], [ -99.126055202921478, 19.304428381561355 ], [ -99.127114160407871, 19.30486685628242 ], [ -99.127418718257346, 19.304992960728832 ], [ -99.127890104264111, 19.305188140226964 ], [ -99.128411354726268, 19.30536444998922 ], [ -99.129072311560506, 19.305709883592204 ], [ -99.129295203424846, 19.305804841899956 ], [ -99.129553910791387, 19.305922818101664 ], [ -99.130062523492995, 19.306146885191101 ], [ -99.13054811573933, 19.306360508524435 ], [ -99.131046592052797, 19.306573665000656 ], [ -99.13116457050188, 19.306624114198573 ], [ -99.131963093035495, 19.30698173135626 ], [ -99.132256311348542, 19.307106211359407 ], [ -99.132513318753041, 19.307215318196597 ], [ -99.132817214808185, 19.307354241280095 ], [ -99.134810939651516, 19.308251446405308 ] ] ] ] } },
{ "type": "Feature", "properties": { "id": 4735.0, "entidad": 9, "distrito_f": 19, "distrito_l": 30, "municipio": 3, "seccion": 546, "tipo": 2, "control": 35913.0, "SECCION_TX": "0546", "SECCION__1": null, "SECCION__2": null, "SECCION_N": "546", "ESTATUS": "COMPLETA", "ALCALDIA_N": "COYOACAN", "EN_OPERATI": null, "EN_OP": "SI", "SEC_N": "546", "EST": "COMPLETA", "ALC_N": "COYOACAN", "OP": "SI", "NOMBRE": "SANTA MARTHA DEL SUR" }, "geometry": { "type": "MultiPolygon", "coordinates": [ [ [ [ -99.131563149159604, 19.344862261253486 ], [ -99.131084509681898, 19.344843850181377 ], [ -99.13061902687285, 19.344804588414235 ], [ -99.130153549234834, 19.34477157745539 ], [ -99.129683466594869, 19.344730249842236 ], [ -99.129213384183771, 19.344688921014935 ], [ -99.128936891907486, 19.344655001953157 ], [ -99.128939493755226, 19.344447686462644 ], [ -99.128292944355749, 19.344412336571516 ], [ -99.128302974065008, 19.344258060346611 ], [ -99.128384219514857, 19.344171341413428 ], [ -99.128469158389677, 19.34410922715071 ], [ -99.128528884980625, 19.344098075722211 ], [ -99.128588611563345, 19.344086924274169 ], [ -99.128937667070133, 19.344096967039125 ], [ -99.129455834466853, 19.34411717847992 ], [ -99.129490923401391, 19.344119597944122 ], [ -99.12992848381522, 19.344149768185503 ], [ -99.130107357441872, 19.344167132544872 ], [ -99.130184402115859, 19.344268942579479 ], [ -99.130770856416078, 19.34428189890161 ], [ -99.130583980531384, 19.343743897296228 ], [ -99.130480352238678, 19.343723392722229 ], [ -99.129960623921491, 19.342329811905806 ], [ -99.129793000860346, 19.341864227486386 ], [ -99.12977622337219, 19.341817626718605 ], [ -99.129718703042599, 19.341602184056701 ], [ -99.129695148765975, 19.341513961232081 ], [ -99.129726779158332, 19.339530827576755 ], [ -99.129767293835158, 19.339541024875594 ], [ -99.129934852253257, 19.339583198205482 ], [ -99.130007960055877, 19.339604351214017 ], [ -99.131660793255179, 19.340082572593751 ], [ -99.131755883199048, 19.34011008483623 ], [ -99.131471238774068, 19.34118128072901 ], [ -99.131105527293329, 19.341731574061019 ], [ -99.131311376709462, 19.341842506615514 ], [ -99.131489071809185, 19.341938227905352 ], [ -99.131051108958204, 19.342618796483244 ], [ -99.130811377198597, 19.343298621402592 ], [ -99.130801097819116, 19.343327771259538 ], [ -99.130914060305344, 19.343582190410981 ], [ -99.131252387084416, 19.343641409731173 ], [ -99.131401415955011, 19.343676862585799 ], [ -99.13169098130696, 19.34374574762581 ], [ -99.131558695524461, 19.344395175564348 ], [ -99.131563149159604, 19.344862261253486 ] ] ] ] } },
{ "type": "Feature", "properties": { "id": 4736.0, "entidad": 9, "distrito_f": 19, "distrito_l": 30, "municipio": 3, "seccion": 547, "tipo": 2, "control": 35914.0, "SECCION_TX": "0547", "SECCION__1": null, "SECCION__2": null, "SECCION_N": "547", "ESTATUS": null, "ALCALDIA_N": "COYOACAN", "EN_OPERATI": null, "EN_OP": "NO", "SEC_N": "547", "EST": null, "ALC_N": "COYOACAN", "OP": "NO", "NOMBRE": "SANTA MARTHA DEL SUR" }, "geometry": { "type": "MultiPolygon", "coordinates": [ [ [ [ -99.132030811109303, 19.344880679021763 ], [ -99.131563149159604, 19.344862261253486 ], [ -99.131558695524461, 19.344395175564348 ], [ -99.13169098130696, 19.34374574762581 ], [ -99.131401415955011, 19.343676862585799 ], [ -99.131252387084416, 19.343641409731173 ], [ -99.130914060305344, 19.343582190410981 ], [ -99.130801097819116, 19.343327771259538 ], [ -99.130811377198597, 19.343298621402592 ], [ -99.131051108958204, 19.342618796483244 ], [ -99.131489071809185, 19.341938227905352 ], [ -99.131311376709462, 19.341842506615514 ], [ -99.131105527293329, 19.341731574061019 ], [ -99.131471238774068, 19.34118128072901 ], [ -99.131755883199048, 19.34011008483623 ], [ -99.131660793255179, 19.340082572593751 ], [ -99.130007960055877, 19.339604351214017 ], [ -99.129934852253257, 19.339583198205482 ], [ -99.129974568391404, 19.339431915633266 ], [ -99.130350613312217, 19.33953991402333 ], [ -99.130826904393061, 19.33967670133277 ], [ -99.131247875929702, 19.339797600044626 ], [ -99.131722650580741, 19.339929396276762 ], [ -99.132197427730091, 19.340063357472985 ], [ -99.132729395024725, 19.340207213628283 ], [ -99.132788612048458, 19.340223227157399 ], [ -99.132839389374183, 19.340238538808276 ], [ -99.133404921379636, 19.340409071027956 ], [ -99.13390025932928, 19.340566841008137 ], [ -99.134404724176875, 19.340716334955044 ], [ -99.134425263405276, 19.340722421548406 ], [ -99.134405914535364, 19.340782006544266 ], [ -99.134386565651525, 19.340841591537679 ], [ -99.134272467207367, 19.340848174255143 ], [ -99.13406539609467, 19.341580505039786 ], [ -99.133810539262655, 19.342035638084294 ], [ -99.133766876984851, 19.342113611554939 ], [ -99.133235769780995, 19.342878671986099 ], [ -99.132758603469796, 19.342623407681998 ], [ -99.13246885999871, 19.343090756643299 ], [ -99.132252760631019, 19.343596402773915 ], [ -99.132161694033798, 19.343867244798432 ], [ -99.132061618873621, 19.344287561621645 ], [ -99.132014082687505, 19.344770660335254 ], [ -99.132030811109303, 19.344880679021763 ] ] ] ] } },
{ "type": "Feature", "properties": { "id": 1996.0, "entidad": 9, "distrito_f": 8, "distrito_l": 26, "municipio": 3, "seccion": 359, "tipo": 2, "control": 37877.0, "SECCION_TX": "0359", "SECCION__1": null, "SECCION__2": null, "SECCION_N": "359", "ESTATUS": null, "ALCALDIA_N": "COYOACAN", "EN_OPERATI": null, "EN_OP": "NO", "SEC_N": "359", "EST": null, "ALC_N": "COYOACAN", "OP": "NO", "NOMBRE": "INSURGENTES SAN ANGEL" }, "geometry": { "type": "MultiPolygon", "coordinates": [ [ [ [ -99.197828454238746, 19.333522268772139 ], [ -99.198048377343326, 19.333475485407043 ], [ -99.198201433237983, 19.33344071615257 ], [ -99.198429310622828, 19.333415600866218 ], [ -99.19866541494423, 19.333389578547767 ], [ -99.200026564842176, 19.333239552828402 ], [ -99.199448924907244, 19.33401005378763 ], [ -99.198723876098668, 19.335041621546189 ], [ -99.198027408265588, 19.335516786772494 ], [ -99.197724993581701, 19.33557953704339 ], [ -99.197422578662056, 19.335642286814306 ], [ -99.196090792047144, 19.335937278732757 ], [ -99.1959499707242, 19.335968470150952 ], [ -99.194608752100208, 19.33629313638076 ], [ -99.194520720895341, 19.336314445536832 ], [ -99.193359806812609, 19.336595456165313 ], [ -99.193236210293406, 19.33661104290006 ], [ -99.193158260376094, 19.33662087310552 ], [ -99.19308178473247, 19.336632055426438 ], [ -99.191890938199748, 19.336806177489194 ], [ -99.191216393384792, 19.336847802879234 ], [ -99.191124287579157, 19.336847501813686 ], [ -99.190388855185219, 19.337772117444178 ], [ -99.190427682605929, 19.338736606973175 ], [ -99.190321324016509, 19.338687517293291 ], [ -99.189980288837972, 19.338530112293281 ], [ -99.189888985908638, 19.338487971208639 ], [ -99.189781476202853, 19.338464762688876 ], [ -99.189642593562525, 19.33843478147336 ], [ -99.189515559937689, 19.338415902039095 ], [ -99.18663324437145, 19.337987514171949 ], [ -99.186353746464121, 19.337945071732165 ], [ -99.186261765930539, 19.33793110416488 ], [ -99.185794352454479, 19.337860125030236 ], [ -99.185188699766954, 19.337780537771685 ], [ -99.184509440891432, 19.337574595862257 ], [ -99.184401355488816, 19.337541825578832 ], [ -99.184370884590777, 19.337532587129814 ], [ -99.184129619831012, 19.337518603420218 ], [ -99.184077407658265, 19.337499382270376 ], [ -99.183879191806426, 19.337444174928248 ], [ -99.183773598555035, 19.337385242827388 ], [ -99.181096247554123, 19.336401271337746 ], [ -99.181053778778875, 19.336385662935189 ], [ -99.180132225102525, 19.336046964306817 ], [ -99.179352866929108, 19.335767659132973 ], [ -99.179317899076167, 19.335755127307184 ], [ -99.179168328119928, 19.335701523770666 ], [ -99.178520487013131, 19.335479814464609 ], [ -99.177641530411933, 19.335179006327742 ], [ -99.177194926025919, 19.335026161421176 ], [ -99.176677347674598, 19.334849024807859 ], [ -99.176717780427722, 19.334751439630868 ], [ -99.177018426808402, 19.334025820276796 ], [ -99.177101837813055, 19.333886926750289 ], [ -99.177220995256249, 19.333759592474941 ], [ -99.177224487111729, 19.333644686060087 ], [ -99.17725240807853, 19.333604470130748 ], [ -99.178179985351349, 19.333164595155047 ], [ -99.178248179864042, 19.333084581386789 ], [ -99.178297522422582, 19.33299280218155 ], [ -99.178535296890615, 19.331676054568241 ], [ -99.17856909343341, 19.331415332338658 ], [ -99.178625601814048, 19.330979398627512 ], [ -99.178760569174031, 19.329902309585151 ], [ -99.178983869672749, 19.329305190314354 ], [ -99.179152714166577, 19.328853686700604 ], [ -99.179197999288277, 19.328767485649493 ], [ -99.179705289778212, 19.327848635038208 ], [ -99.180601956656631, 19.326224481996071 ], [ -99.180642829729067, 19.326180837888966 ], [ -99.181342264859239, 19.325433978775177 ], [ -99.182367673970475, 19.32433109737439 ], [ -99.182558599890143, 19.324084719975627 ], [ -99.182649039785787, 19.32396801288419 ], [ -99.182731828705499, 19.323874482755119 ], [ -99.183011605862831, 19.323558405652722 ], [ -99.183094026295223, 19.323498368721566 ], [ -99.183495240880262, 19.323206113668302 ], [ -99.18353745683757, 19.323191772613555 ], [ -99.184576326828122, 19.322838857379203 ], [ -99.185392852759534, 19.322601098674518 ], [ -99.186093421388108, 19.322380707280509 ], [ -99.186194234280592, 19.32234899235343 ], [ -99.186564782625581, 19.322319894871885 ], [ -99.186723668237121, 19.322377170020985 ], [ -99.186882553958242, 19.322434445030396 ], [ -99.186984714086435, 19.322488188200946 ], [ -99.187086874281036, 19.322541931313403 ], [ -99.187518368206526, 19.322900473991375 ], [ -99.187866770384304, 19.323345257796692 ], [ -99.187988048082246, 19.323582063418389 ], [ -99.188034156629399, 19.324221010440439 ], [ -99.188064950637298, 19.324694839788531 ], [ -99.18809544905298, 19.324910199737737 ], [ -99.188124366859981, 19.3249683716692 ], [ -99.188216736476221, 19.325154184858739 ], [ -99.188368062391618, 19.32521146633438 ], [ -99.188504212987354, 19.325225685091606 ], [ -99.188650277858727, 19.325055831962398 ], [ -99.188708142176125, 19.324988543680217 ], [ -99.188626314515886, 19.32436087723757 ], [ -99.188692921860536, 19.324357041083012 ], [ -99.189829193620952, 19.324291595367416 ], [ -99.190054700884588, 19.324288002353139 ], [ -99.191134507423683, 19.324270793896346 ], [ -99.191630780795919, 19.324041873648383 ], [ -99.192341070703222, 19.322976881434396 ], [ -99.192362740383317, 19.322925894400438 ], [ -99.192427847819701, 19.322767828632141 ], [ -99.192693256883871, 19.322106647640627 ], [ -99.192917923813511, 19.321625313234918 ], [ -99.193063932710757, 19.321426825402359 ], [ -99.193096799310425, 19.321382145713262 ], [ -99.193470254142767, 19.321192226964865 ], [ -99.193639108130753, 19.32113373301792 ], [ -99.193792679869276, 19.321138429498685 ], [ -99.193976999221107, 19.321172250547143 ], [ -99.194207641055471, 19.321419842956999 ], [ -99.194825315447943, 19.322431060049116 ], [ -99.194935602451253, 19.323091283079883 ], [ -99.194747645569564, 19.329974219160462 ], [ -99.194774562719132, 19.330137564079543 ], [ -99.194916962227623, 19.330386601124999 ], [ -99.197611111111144, 19.332900000029284 ], [ -99.197828454238746, 19.333522268772139 ] ] ] ] } },
{ "type": "Feature", "properties": { "id": 2224.0, "entidad": 9, "distrito_f": 8, "distrito_l": 26, "municipio": 3, "seccion": 727, "tipo": 2, "control": 34693.0, "SECCION_TX": "0727", "SECCION__1": null, "SECCION__2": null, "SECCION_N": "727", "ESTATUS": null, "ALCALDIA_N": "COYOACAN", "EN_OPERATI": null, "EN_OP": "NO", "SEC_N": "727", "EST": null, "ALC_N": "COYOACAN", "OP": "NO", "NOMBRE": "INSURGENTES SAN ANGEL" }, "geometry": { "type": "MultiPolygon", "coordinates": [ [ [ [ -99.181612815601426, 19.347257102728619 ], [ -99.180871971214245, 19.347000472527085 ], [ -99.180868543078915, 19.346901245093978 ], [ -99.18081866556247, 19.346814664500894 ], [ -99.180734075744041, 19.34674971692284 ], [ -99.180650159855659, 19.346730087847277 ], [ -99.180619933427423, 19.346724116150337 ], [ -99.181221884370515, 19.343665585347807 ], [ -99.181566767697689, 19.341985303847572 ], [ -99.181610911778478, 19.341973589676709 ], [ -99.181705071339337, 19.341947214088638 ], [ -99.182238986715006, 19.341783458210497 ], [ -99.18249439779423, 19.341699709998728 ], [ -99.182526897932462, 19.341689053309228 ], [ -99.18378207404929, 19.34150134006688 ], [ -99.184481712591463, 19.341396704266149 ], [ -99.184490355355805, 19.34137190614614 ], [ -99.18462912721705, 19.34097373601967 ], [ -99.184360345308733, 19.340821918937628 ], [ -99.184241519114451, 19.340754801680163 ], [ -99.184563798404753, 19.340290019323518 ], [ -99.185060182335548, 19.340547547270621 ], [ -99.185185636010146, 19.340603194730267 ], [ -99.185441326630595, 19.340716610977463 ], [ -99.185755743923451, 19.340825658733369 ], [ -99.185853433192179, 19.340685453699983 ], [ -99.186143795993104, 19.340272998658271 ], [ -99.186415133201081, 19.339831039576829 ], [ -99.18676487584365, 19.339578464952069 ], [ -99.186785072293489, 19.339563879581064 ], [ -99.18681928472644, 19.339548794140438 ], [ -99.187643870743159, 19.339185202971798 ], [ -99.188352723955077, 19.338919066962809 ], [ -99.188655408747138, 19.338805424106916 ], [ -99.189270160928061, 19.338574613674535 ], [ -99.189642593562525, 19.33843478147336 ], [ -99.189781476202853, 19.338464762688876 ], [ -99.189888985908638, 19.338487971208639 ], [ -99.188942889473253, 19.339214686550076 ], [ -99.188253843675867, 19.33975598335708 ], [ -99.188068575188638, 19.339901524503091 ], [ -99.188026079964857, 19.339934907362775 ], [ -99.18798358472381, 19.339968290212585 ], [ -99.187603665904206, 19.340155794931885 ], [ -99.187585182777013, 19.340177900348472 ], [ -99.187566699644847, 19.340200005763172 ], [ -99.187441410113593, 19.340349849048042 ], [ -99.187427018425467, 19.340367061140004 ], [ -99.187106966842748, 19.340799810361087 ], [ -99.186813023310222, 19.341197255774134 ], [ -99.186644731406417, 19.341315345321494 ], [ -99.186453268074658, 19.341833657674972 ], [ -99.185514861834477, 19.34276899047941 ], [ -99.185479419745874, 19.342804316185735 ], [ -99.184652111763143, 19.343308225729785 ], [ -99.184314320545838, 19.343513970861292 ], [ -99.18383893808695, 19.343625161114776 ], [ -99.183702435969465, 19.343886612231284 ], [ -99.183445114765362, 19.344379473228006 ], [ -99.183107409650617, 19.345847880649934 ], [ -99.183057919605986, 19.346170366324447 ], [ -99.183045736339196, 19.34625481595112 ], [ -99.182961097519438, 19.346433945145332 ], [ -99.182397107024798, 19.34679051951041 ], [ -99.181824472511693, 19.347323588693413 ], [ -99.181612815601426, 19.347257102728619 ] ] ] ] } },
{ "type": "Feature", "properties": { "id": 2235.0, "entidad": 9, "distrito_f": 8, "distrito_l": 26, "municipio": 3, "seccion": 738, "tipo": 2, "control": 34703.0, "SECCION_TX": "0738", "SECCION__1": null, "SECCION__2": null, "SECCION_N": "738", "ESTATUS": null, "ALCALDIA_N": "COYOACAN", "EN_OPERATI": null, "EN_OP": "NO", "SEC_N": "738", "EST": null, "ALC_N": "COYOACAN", "OP": "NO", "NOMBRE": "INSURGENTES SAN ANGEL" }, "geometry": { "type": "MultiPolygon", "coordinates": [ [ [ [ -99.186143795993104, 19.340272998658271 ], [ -99.185853433192179, 19.340685453699983 ], [ -99.185100922266344, 19.339823833409124 ], [ -99.185107724061453, 19.339784837248995 ], [ -99.185114367203383, 19.339746750664013 ], [ -99.185177815157161, 19.339382988788138 ], [ -99.1858538788114, 19.339553709889451 ], [ -99.185915380353507, 19.339191239146135 ], [ -99.185563359689937, 19.339084987837253 ], [ -99.185644012947819, 19.338545118775464 ], [ -99.185772938529354, 19.337957693913019 ], [ -99.185794352454479, 19.337860125030236 ], [ -99.186261765930539, 19.33793110416488 ], [ -99.186353746464121, 19.337945071732165 ], [ -99.18663324437145, 19.337987514171949 ], [ -99.186627096573261, 19.338056122574464 ], [ -99.186521364772787, 19.339236063220806 ], [ -99.186415133201081, 19.339831039576829 ], [ -99.186143795993104, 19.340272998658271 ] ] ] ] } },
{ "type": "Feature", "properties": { "id": 1501.0, "entidad": 9, "distrito_f": 8, "distrito_l": 26, "municipio": 3, "seccion": 739, "tipo": 2, "control": 34701.0, "SECCION_TX": "0739", "SECCION__1": null, "SECCION__2": null, "SECCION_N": "739", "ESTATUS": null, "ALCALDIA_N": "COYOACAN", "EN_OPERATI": null, "EN_OP": "NO", "SEC_N": "739", "EST": null, "ALC_N": "COYOACAN", "OP": "NO", "NOMBRE": "INSURGENTES SAN ANGEL" }, "geometry": { "type": "MultiPolygon", "coordinates": [ [ [ [ -99.189642593562525, 19.33843478147336 ], [ -99.189270160928061, 19.338574613674535 ], [ -99.188655408747138, 19.338805424106916 ], [ -99.188352723955077, 19.338919066962809 ], [ -99.187643870743159, 19.339185202971798 ], [ -99.18681928472644, 19.339548794140438 ], [ -99.186785072293489, 19.339563879581064 ], [ -99.18676487584365, 19.339578464952069 ], [ -99.186415133201081, 19.339831039576829 ], [ -99.186521364772787, 19.339236063220806 ], [ -99.186627096573261, 19.338056122574464 ], [ -99.18663324437145, 19.337987514171949 ], [ -99.189515559937689, 19.338415902039095 ], [ -99.189642593562525, 19.33843478147336 ] ] ] ] } },
{ "type": "Feature", "properties": { "id": 4797.0, "entidad": 9, "distrito_f": 19, "distrito_l": 30, "municipio": 3, "seccion": 619, "tipo": 2, "control": 37188.0, "SECCION_TX": "0619", "SECCION__1": null, "SECCION__2": null, "SECCION_N": "619", "ESTATUS": null, "ALCALDIA_N": "COYOACAN", "EN_OPERATI": null, "EN_OP": "NO", "SEC_N": "619", "EST": null, "ALC_N": "COYOACAN", "OP": "NO", "NOMBRE": "LOS CEDROS" }, "geometry": { "type": "MultiPolygon", "coordinates": [ [ [ [ -99.124893845868598, 19.321817244652223 ], [ -99.124707623758624, 19.321680620665571 ], [ -99.123587833162688, 19.320827371396824 ], [ -99.123420192456592, 19.320718123631821 ], [ -99.122702482655583, 19.320249679935131 ], [ -99.122533815413504, 19.320158969797273 ], [ -99.12235155939122, 19.320117356516739 ], [ -99.122026866780416, 19.320051294436219 ], [ -99.121508413722069, 19.319955535133584 ], [ -99.121159287488823, 19.319891144766558 ], [ -99.120700847085629, 19.319807939700016 ], [ -99.119899549069714, 19.319656767891097 ], [ -99.119656436138229, 19.31964515792944 ], [ -99.119389275064407, 19.319650347527073 ], [ -99.119133771486275, 19.319682915689302 ], [ -99.118486689743875, 19.319805051204703 ], [ -99.118038441895536, 19.319891726641071 ], [ -99.117117603957126, 19.320070207290758 ], [ -99.116249259748471, 19.320235657251249 ], [ -99.11542282757371, 19.32038401851306 ], [ -99.115107798804999, 19.320447355990897 ], [ -99.114838571779131, 19.320501484421452 ], [ -99.114562614930222, 19.320555452560679 ], [ -99.114273371036546, 19.320611213731244 ], [ -99.113984126944146, 19.320666974443842 ], [ -99.113801646355384, 19.320669609111253 ], [ -99.11369416363361, 19.320671160868788 ], [ -99.113638440316691, 19.320442503160816 ], [ -99.112200487140726, 19.317402834167837 ], [ -99.113357442948356, 19.31743213630061 ], [ -99.113369600281473, 19.317299458271783 ], [ -99.11337383929677, 19.317253475681397 ], [ -99.11341307351735, 19.316825963692775 ], [ -99.113495940463736, 19.316844420195334 ], [ -99.113505975505305, 19.316775721028041 ], [ -99.113516556590511, 19.316703283623589 ], [ -99.113537172682555, 19.316562147047517 ], [ -99.113602875840641, 19.31642792291208 ], [ -99.113636857892672, 19.31623356740268 ], [ -99.113696775020784, 19.315969810259123 ], [ -99.113697552727785, 19.315905011994097 ], [ -99.114066907059836, 19.315939479467634 ], [ -99.114165463000532, 19.315948676399518 ], [ -99.114302124500981, 19.315908071553377 ], [ -99.114418820639486, 19.315918579707979 ], [ -99.114479316063253, 19.315982990802777 ], [ -99.114540958978239, 19.316109252630934 ], [ -99.114785757468795, 19.316131753158846 ], [ -99.114874916849615, 19.316139948114522 ], [ -99.114985602060401, 19.316150121524018 ], [ -99.115165862898536, 19.316166689691368 ], [ -99.115335888327067, 19.316182316933485 ], [ -99.115543087617411, 19.316201360651601 ], [ -99.115614710090114, 19.316208536387403 ], [ -99.115809520526554, 19.316228053973663 ], [ -99.115900253978154, 19.316237144266051 ], [ -99.116163199524138, 19.316263487672863 ], [ -99.116258396213766, 19.316273024932716 ], [ -99.116612905357599, 19.316308540907851 ], [ -99.116793942811427, 19.316326677606085 ], [ -99.116917323012473, 19.316338393541908 ], [ -99.1172377357084, 19.316368818889657 ], [ -99.117225854711265, 19.316445072628063 ], [ -99.117221501613855, 19.31681371632105 ], [ -99.117160925160306, 19.316935337533234 ], [ -99.117134041260911, 19.31704413895935 ], [ -99.117126296755785, 19.317093381757303 ], [ -99.117107416556408, 19.31721342982615 ], [ -99.117093781417154, 19.31730012753739 ], [ -99.117532478398616, 19.317262257174843 ], [ -99.118439526585988, 19.317253912710061 ], [ -99.120702995221436, 19.317143818823666 ], [ -99.121283399721904, 19.317438233762449 ], [ -99.122918260072694, 19.318143107613555 ], [ -99.1244223044623, 19.318739445516652 ], [ -99.12445506770699, 19.318840275720344 ], [ -99.124554667436044, 19.319089987807519 ], [ -99.124682460586257, 19.320071264635494 ], [ -99.124757510877856, 19.320551776503166 ], [ -99.124768118699691, 19.320619693182699 ], [ -99.124786918017236, 19.320740055847214 ], [ -99.124892489533494, 19.32164462304819 ], [ -99.124893167700549, 19.32173093385062 ], [ -99.124893845868598, 19.321817244652223 ] ] ] ] } },
{ "type": "Feature", "properties": { "id": 4803.0, "entidad": 9, "distrito_f": 19, "distrito_l": 30, "municipio": 3, "seccion": 631, "tipo": 2, "control": 37157.0, "SECCION_TX": "0631", "SECCION__1": null, "SECCION__2": null, "SECCION_N": "631", "ESTATUS": "COMPLETA", "ALCALDIA_N": "COYOACAN", "EN_OPERATI": null, "EN_OP": "SI", "SEC_N": "631", "EST": "COMPLETA", "ALC_N": "COYOACAN", "OP": "SI", "NOMBRE": "LOS CEDROS" }, "geometry": { "type": "MultiPolygon", "coordinates": [ [ [ [ -99.115543087617411, 19.316201360651601 ], [ -99.115335888327067, 19.316182316933485 ], [ -99.115165862898536, 19.316166689691368 ], [ -99.114985602060401, 19.316150121524018 ], [ -99.114874916849615, 19.316139948114522 ], [ -99.114785757468795, 19.316131753158846 ], [ -99.114540958978239, 19.316109252630934 ], [ -99.114479316063253, 19.315982990802777 ], [ -99.114418820639486, 19.315918579707979 ], [ -99.114468274452577, 19.315810137329922 ], [ -99.114540529747259, 19.315492981404496 ], [ -99.11462624241949, 19.314722091847322 ], [ -99.114659229891629, 19.313997102081782 ], [ -99.114605569424683, 19.313865504960329 ], [ -99.114588420054986, 19.313825252031219 ], [ -99.114589755563685, 19.313781749815949 ], [ -99.114633822985056, 19.313712915110475 ], [ -99.11467790079908, 19.313659038436917 ], [ -99.114762287577946, 19.31285538517611 ], [ -99.11487650947042, 19.311897461232608 ], [ -99.115101658456666, 19.311919650516305 ], [ -99.115268741879092, 19.311938516996076 ], [ -99.115511747047918, 19.311965956014792 ], [ -99.115730699813142, 19.311984915118536 ], [ -99.116101908086407, 19.312017057404805 ], [ -99.116498100925597, 19.312051362214351 ], [ -99.116915767465741, 19.312105157806716 ], [ -99.116889011334806, 19.312308419380848 ], [ -99.116848238694743, 19.31257769040273 ], [ -99.116779019116578, 19.312724323604581 ], [ -99.116768321768603, 19.312893692458079 ], [ -99.116771676457617, 19.312919797775205 ], [ -99.116530681375025, 19.312896526856889 ], [ -99.116501844402862, 19.312996948969598 ], [ -99.116476609846941, 19.313239679029426 ], [ -99.116471891688605, 19.313316467083009 ], [ -99.11646599939678, 19.313463889813157 ], [ -99.116453680249137, 19.313724206575099 ], [ -99.116447637441027, 19.313801860967882 ], [ -99.116429656317123, 19.314032682270557 ], [ -99.116416490030076, 19.314201741525881 ], [ -99.116559876807969, 19.314237677745197 ], [ -99.116528357444892, 19.314552758172951 ], [ -99.11652177477454, 19.314618561084622 ], [ -99.116517967030973, 19.314656624734223 ], [ -99.116382051598279, 19.314647888935518 ], [ -99.11638966846192, 19.314801838563834 ], [ -99.11635513957097, 19.315059813307904 ], [ -99.116273745608936, 19.315057592482187 ], [ -99.116192351648905, 19.315055371620147 ], [ -99.116098953732617, 19.315004295069183 ], [ -99.115878229767432, 19.315008048362944 ], [ -99.115821265459047, 19.315009016967387 ], [ -99.115792801183773, 19.315381759666796 ], [ -99.115678050767201, 19.3156045581418 ], [ -99.115665524315119, 19.315792848543698 ], [ -99.115663837616552, 19.315818201991949 ], [ -99.115553833017131, 19.315981906885931 ], [ -99.115543087617411, 19.316201360651601 ] ] ] ] } },
{ "type": "Feature", "properties": { "id": 4809.0, "entidad": 9, "distrito_f": 19, "distrito_l": 30, "municipio": 3, "seccion": 640, "tipo": 2, "control": 37002.0, "SECCION_TX": "0640", "SECCION__1": null, "SECCION__2": null, "SECCION_N": "640", "ESTATUS": "COMPLETA", "ALCALDIA_N": "COYOACAN", "EN_OPERATI": null, "EN_OP": "SI", "SEC_N": "640", "EST": "COMPLETA", "ALC_N": "COYOACAN", "OP": "SI", "NOMBRE": "LOS CEDROS" }, "geometry": { "type": "MultiPolygon", "coordinates": [ [ [ [ -99.111409765438694, 19.315701792704942 ], [ -99.111223383782004, 19.315683348246242 ], [ -99.111075206689705, 19.315668684398894 ], [ -99.110767317130851, 19.315638214751392 ], [ -99.110414602975638, 19.315606381407449 ], [ -99.110175571716908, 19.315580795634801 ], [ -99.110033961251588, 19.31556563757799 ], [ -99.109713236923639, 19.315533895881476 ], [ -99.109519013655245, 19.315514673560614 ], [ -99.109385897977035, 19.315501498949658 ], [ -99.109054372850267, 19.315468687097134 ], [ -99.108774732882495, 19.315440622812059 ], [ -99.108712520493626, 19.315434379202031 ], [ -99.108385648652117, 19.315402499953784 ], [ -99.108330517178572, 19.315397043190639 ], [ -99.108070017767432, 19.315371259438113 ], [ -99.107891870920824, 19.315353626571977 ], [ -99.107736016625751, 19.315338200063149 ], [ -99.107404959321485, 19.315305431451815 ], [ -99.106934628969512, 19.315258876302803 ], [ -99.107240206154174, 19.31388034371161 ], [ -99.107314756391119, 19.313494285891071 ], [ -99.107454203654584, 19.312772154403273 ], [ -99.107613452487485, 19.312062647583481 ], [ -99.107665123635059, 19.311832433996408 ], [ -99.107811400830187, 19.311180712805697 ], [ -99.107997089751635, 19.310353389626993 ], [ -99.107510881029029, 19.310233677533795 ], [ -99.107537640948834, 19.31014454698412 ], [ -99.107569089868193, 19.310039798430182 ], [ -99.107956842387011, 19.310134996585294 ], [ -99.108356747123878, 19.310233177283241 ], [ -99.10843220902558, 19.31024841449192 ], [ -99.109086039949617, 19.310380434098331 ], [ -99.109740182350578, 19.31054308299688 ], [ -99.109776038614356, 19.310551998381744 ], [ -99.110761624998389, 19.310797053730077 ], [ -99.110866889197638, 19.310821991418873 ], [ -99.110984511022849, 19.310847624474821 ], [ -99.111451851316943, 19.310949470049028 ], [ -99.111664031207624, 19.310995709114273 ], [ -99.11219801010067, 19.31111275498704 ], [ -99.112176879468493, 19.311211274868157 ], [ -99.112149284035311, 19.311292417027772 ], [ -99.112024334546987, 19.311754367408216 ], [ -99.111904894842809, 19.312211731979058 ], [ -99.111801421344552, 19.312669086670521 ], [ -99.111574594826308, 19.313565640502372 ], [ -99.111382029424405, 19.3143267660734 ], [ -99.111179754251893, 19.315160590198658 ], [ -99.111172434552913, 19.315190888731419 ], [ -99.111409765438694, 19.315701792704942 ] ] ] ] } },
{ "type": "Feature", "properties": { "id": 4815.0, "entidad": 9, "distrito_f": 19, "distrito_l": 30, "municipio": 3, "seccion": 652, "tipo": 2, "control": 37132.0, "SECCION_TX": "0652", "SECCION__1": null, "SECCION__2": null, "SECCION_N": "652", "ESTATUS": null, "ALCALDIA_N": "COYOACAN", "EN_OPERATI": null, "EN_OP": "NO", "SEC_N": "652", "EST": null, "ALC_N": "COYOACAN", "OP": "NO", "NOMBRE": "LOS CEDROS" }, "geometry": { "type": "MultiPolygon", "coordinates": [ [ [ [ -99.11487650947042, 19.311897461232608 ], [ -99.114430201187531, 19.311806885852896 ], [ -99.1138134857312, 19.311681725475395 ], [ -99.113454490700235, 19.311613942705751 ], [ -99.113308279136916, 19.311586335907851 ], [ -99.112732437866953, 19.311444346011228 ], [ -99.112149284035311, 19.311292417027772 ], [ -99.112176879468493, 19.311211274868157 ], [ -99.11219801010067, 19.31111275498704 ], [ -99.111664031207624, 19.310995709114273 ], [ -99.111946080993022, 19.309768661766984 ], [ -99.112047178572681, 19.309325939300084 ], [ -99.112215414198474, 19.308520503594725 ], [ -99.11241140741005, 19.307748327109358 ], [ -99.112499185749769, 19.307285039469935 ], [ -99.112756977900517, 19.306128347491658 ], [ -99.112777932699615, 19.306034324320056 ], [ -99.114274267394791, 19.30618959250133 ], [ -99.114465806910928, 19.30622031388403 ], [ -99.114445996730623, 19.306296404954335 ], [ -99.11502661198206, 19.306373302757709 ], [ -99.115205767346865, 19.306392621395453 ], [ -99.115210175949599, 19.30635193482863 ], [ -99.115264270805682, 19.306358320053825 ], [ -99.115622390623145, 19.306400591228471 ], [ -99.115598536991968, 19.306498421900713 ], [ -99.115272106820626, 19.307837194915475 ], [ -99.115160811690629, 19.308340767874824 ], [ -99.114991958105307, 19.309104767459004 ], [ -99.114808441766456, 19.309904923384565 ], [ -99.114725822956061, 19.310323413584857 ], [ -99.114450208420607, 19.311569505328137 ], [ -99.114437506217911, 19.311626933294466 ], [ -99.114908020958197, 19.311724460822482 ], [ -99.11487650947042, 19.311897461232608 ] ] ] ] } },
{ "type": "Feature", "properties": { "id": 4846.0, "entidad": 9, "distrito_f": 19, "distrito_l": 30, "municipio": 3, "seccion": 688, "tipo": 2, "control": 37172.0, "SECCION_TX": "0688", "SECCION__1": null, "SECCION__2": null, "SECCION_N": "688", "ESTATUS": null, "ALCALDIA_N": "COYOACAN", "EN_OPERATI": null, "EN_OP": "NO", "SEC_N": "688", "EST": null, "ALC_N": "COYOACAN", "OP": "NO", "NOMBRE": "LOS CEDROS" }, "geometry": { "type": "MultiPolygon", "coordinates": [ [ [ [ -99.113357442948356, 19.31743213630061 ], [ -99.112200487140726, 19.317402834167837 ], [ -99.111409765438694, 19.315701792704942 ], [ -99.111172434552913, 19.315190888731419 ], [ -99.111179754251893, 19.315160590198658 ], [ -99.111382029424405, 19.3143267660734 ], [ -99.111574594826308, 19.313565640502372 ], [ -99.111801421344552, 19.312669086670521 ], [ -99.111904894842809, 19.312211731979058 ], [ -99.112024334546987, 19.311754367408216 ], [ -99.112149284035311, 19.311292417027772 ], [ -99.112732437866953, 19.311444346011228 ], [ -99.113308279136916, 19.311586335907851 ], [ -99.113454490700235, 19.311613942705751 ], [ -99.1138134857312, 19.311681725475395 ], [ -99.114430201187531, 19.311806885852896 ], [ -99.11487650947042, 19.311897461232608 ], [ -99.114762287577946, 19.31285538517611 ], [ -99.11467790079908, 19.313659038436917 ], [ -99.114633822985056, 19.313712915110475 ], [ -99.114589755563685, 19.313781749815949 ], [ -99.114588420054986, 19.313825252031219 ], [ -99.114605569424683, 19.313865504960329 ], [ -99.114659229891629, 19.313997102081782 ], [ -99.11462624241949, 19.314722091847322 ], [ -99.114540529747259, 19.315492981404496 ], [ -99.114468274452577, 19.315810137329922 ], [ -99.114418820639486, 19.315918579707979 ], [ -99.114302124500981, 19.315908071553377 ], [ -99.114165463000532, 19.315948676399518 ], [ -99.114066907059836, 19.315939479467634 ], [ -99.113697552727785, 19.315905011994097 ], [ -99.113696775020784, 19.315969810259123 ], [ -99.113636857892672, 19.31623356740268 ], [ -99.113602875840641, 19.31642792291208 ], [ -99.113537172682555, 19.316562147047517 ], [ -99.113516556590511, 19.316703283623589 ], [ -99.113505975505305, 19.316775721028041 ], [ -99.113495940463736, 19.316844420195334 ], [ -99.11341307351735, 19.316825963692775 ], [ -99.11337383929677, 19.317253475681397 ], [ -99.113369600281473, 19.317299458271783 ], [ -99.113357442948356, 19.31743213630061 ] ] ] ] } },
{ "type": "Feature", "properties": { "id": 2132.0, "entidad": 9, "distrito_f": 8, "distrito_l": 30, "municipio": 3, "seccion": 491, "tipo": 2, "control": 34909.0, "SECCION_TX": "0491", "SECCION__1": null, "SECCION__2": null, "SECCION_N": "491", "ESTATUS": null, "ALCALDIA_N": "COYOACAN", "EN_OPERATI": null, "EN_OP": "NO", "SEC_N": "491", "EST": null, "ALC_N": "COYOACAN", "OP": "NO", "NOMBRE": "EMILIANO ZAPATA" }, "geometry": { "type": "MultiPolygon", "coordinates": [ [ [ [ -99.140076678785874, 19.329939123175894 ], [ -99.140022720480971, 19.329775302132443 ], [ -99.139522293457887, 19.328146594190844 ], [ -99.139390864619273, 19.327715442742385 ], [ -99.138469444954467, 19.324743272211798 ], [ -99.138094589526943, 19.323544229176406 ], [ -99.137970259201524, 19.323146531978665 ], [ -99.13792843611381, 19.323010432438636 ], [ -99.138123673308655, 19.32324470797171 ], [ -99.139491688351796, 19.324886237365448 ], [ -99.139646128513846, 19.32532489748484 ], [ -99.139829856578558, 19.325693887650832 ], [ -99.139965663101762, 19.325898841882783 ], [ -99.140028199323609, 19.325993219050162 ], [ -99.140108211839618, 19.32609428495234 ], [ -99.141297038937779, 19.327595904548431 ], [ -99.142251007993323, 19.328800846797321 ], [ -99.142397316243603, 19.328985644255106 ], [ -99.141931563520657, 19.329300097996029 ], [ -99.141232628024184, 19.329616407050047 ], [ -99.14103279545192, 19.329672196613689 ], [ -99.140184549264532, 19.329909008425449 ], [ -99.140076678785874, 19.329939123175894 ] ] ] ] } },
{ "type": "Feature", "properties": { "id": 2165.0, "entidad": 9, "distrito_f": 8, "distrito_l": 30, "municipio": 3, "seccion": 587, "tipo": 2, "control": 36409.0, "SECCION_TX": "0587", "SECCION__1": null, "SECCION__2": null, "SECCION_N": "587", "ESTATUS": null, "ALCALDIA_N": "COYOACAN", "EN_OPERATI": null, "EN_OP": "NO", "SEC_N": "587", "EST": null, "ALC_N": "COYOACAN", "OP": "NO", "NOMBRE": "EMILIANO ZAPATA" }, "geometry": { "type": "MultiPolygon", "coordinates": [ [ [ [ -99.13702227392335, 19.329797643410352 ], [ -99.136993162692931, 19.328461839930192 ], [ -99.136991130258053, 19.328368578289659 ], [ -99.136985304797463, 19.328177876909884 ], [ -99.136975964316576, 19.327532424235944 ], [ -99.136977677831837, 19.3275043839046 ], [ -99.13701850564658, 19.326836266080374 ], [ -99.137045925662434, 19.326837034248857 ], [ -99.137088399066016, 19.326954529303613 ], [ -99.137110909435421, 19.327046009892328 ], [ -99.137154945325875, 19.327044399236279 ], [ -99.137155441763227, 19.326896014515647 ], [ -99.137155610335896, 19.326845628279873 ], [ -99.137113149872903, 19.3257476899892 ], [ -99.137095695331027, 19.324744385380733 ], [ -99.137720516377371, 19.324743914651041 ], [ -99.13830360631863, 19.324743414735114 ], [ -99.138469444954467, 19.324743272211798 ], [ -99.139390864619273, 19.327715442742385 ], [ -99.139522293457887, 19.328146594190844 ], [ -99.140022720480971, 19.329775302132443 ], [ -99.139895087586225, 19.329781186598876 ], [ -99.139727505356959, 19.32978058106195 ], [ -99.137410119168436, 19.32979540185887 ], [ -99.137154598411954, 19.329797122700093 ], [ -99.13702227392335, 19.329797643410352 ] ] ] ] } },
{ "type": "Feature", "properties": { "id": 2166.0, "entidad": 9, "distrito_f": 8, "distrito_l": 30, "municipio": 3, "seccion": 588, "tipo": 2, "control": 37920.0, "SECCION_TX": "0588", "SECCION__1": null, "SECCION__2": null, "SECCION_N": "588", "ESTATUS": null, "ALCALDIA_N": "COYOACAN", "EN_OPERATI": null, "EN_OP": "NO", "SEC_N": "588", "EST": null, "ALC_N": "COYOACAN", "OP": "NO", "NOMBRE": "EMILIANO ZAPATA" }, "geometry": { "type": "MultiPolygon", "coordinates": [ [ [ [ -99.13703370134607, 19.33032199739305 ], [ -99.136881233127639, 19.330285093797055 ], [ -99.136762734192374, 19.330256412068504 ], [ -99.136335419786761, 19.330219035459944 ], [ -99.135067834333171, 19.330108155492589 ], [ -99.134582673534482, 19.330060667843508 ], [ -99.134078626816134, 19.330031135180374 ], [ -99.133574570546315, 19.329989639535807 ], [ -99.133002136197504, 19.329941110527812 ], [ -99.133004973568319, 19.329611466285066 ], [ -99.133181538791305, 19.327747258899276 ], [ -99.133184451372955, 19.327716506991553 ], [ -99.133206663427202, 19.32767601623495 ], [ -99.133254177180078, 19.32758940247674 ], [ -99.133301690883087, 19.327502788705718 ], [ -99.133566134914702, 19.327691222596496 ], [ -99.133830579551599, 19.327879656096364 ], [ -99.13397231129801, 19.32798064857559 ], [ -99.134974180132531, 19.326721335016622 ], [ -99.135117544073154, 19.326858236546382 ], [ -99.13511185697152, 19.326912874463417 ], [ -99.135107833527599, 19.326952712794473 ], [ -99.135105562613262, 19.326974807054501 ], [ -99.135303707179247, 19.327134162122963 ], [ -99.135552718593289, 19.327333714351624 ], [ -99.135584961024762, 19.327377639847967 ], [ -99.135786251239793, 19.327379400929463 ], [ -99.135789850735605, 19.326863469739344 ], [ -99.135785728673213, 19.326746911178027 ], [ -99.135779634784669, 19.326680036090529 ], [ -99.135745306963358, 19.326548213240422 ], [ -99.135686840478115, 19.326435516807202 ], [ -99.135636433451992, 19.326332368592244 ], [ -99.135527634284429, 19.32620633360515 ], [ -99.135384396077612, 19.326078111136443 ], [ -99.135346342048464, 19.326044046278529 ], [ -99.135370129054863, 19.326015095541766 ], [ -99.135427809682312, 19.325944893434311 ], [ -99.135446884769493, 19.325921677453952 ], [ -99.135388476952812, 19.325879682196728 ], [ -99.135879827025008, 19.325269996999175 ], [ -99.13591729725826, 19.325223502318572 ], [ -99.135955524076238, 19.325176068799916 ], [ -99.136027260232822, 19.325121007704784 ], [ -99.136122485377058, 19.325047917533936 ], [ -99.13653854951194, 19.325650359847039 ], [ -99.136664597121495, 19.325832870091727 ], [ -99.136767406002448, 19.326016234289945 ], [ -99.136856148877683, 19.326228271677923 ], [ -99.136955096479369, 19.326608455835427 ], [ -99.13701850564658, 19.326836266080374 ], [ -99.136977677831837, 19.3275043839046 ], [ -99.136975964316576, 19.327532424235944 ], [ -99.136985304797463, 19.328177876909884 ], [ -99.136991130258053, 19.328368578289659 ], [ -99.136993162692931, 19.328461839930192 ], [ -99.13702227392335, 19.329797643410352 ], [ -99.13702688780603, 19.330009354587695 ], [ -99.137030294572298, 19.330165675991811 ], [ -99.13703370134607, 19.33032199739305 ] ] ] ] } },
{ "type": "Feature", "properties": { "id": 2167.0, "entidad": 9, "distrito_f": 8, "distrito_l": 30, "municipio": 3, "seccion": 604, "tipo": 2, "control": 37921.0, "SECCION_TX": "0604", "SECCION__1": null, "SECCION__2": null, "SECCION_N": "604", "ESTATUS": "COMPLETA", "ALCALDIA_N": "COYOACAN", "EN_OPERATI": null, "EN_OP": "SI", "SEC_N": "604", "EST": "COMPLETA", "ALC_N": "COYOACAN", "OP": "SI", "NOMBRE": "EMILIANO ZAPATA" }, "geometry": { "type": "MultiPolygon", "coordinates": [ [ [ [ -99.133709480119208, 19.322366295045644 ], [ -99.133818484779709, 19.32230899777997 ], [ -99.133951671366916, 19.322238300070747 ], [ -99.134310026361746, 19.32268432758816 ], [ -99.134501261495629, 19.32295426196621 ], [ -99.134592063954912, 19.323082432094452 ], [ -99.135026311824149, 19.323052663415652 ], [ -99.135529861970468, 19.323018142600716 ], [ -99.136018526277397, 19.322984640940021 ], [ -99.13626127336525, 19.322978769583528 ], [ -99.137040150028795, 19.322943431173137 ], [ -99.137063353475085, 19.323248422789437 ], [ -99.137548933006173, 19.323200600001723 ], [ -99.137836658906153, 19.323162392760018 ], [ -99.137970259201524, 19.323146531978665 ], [ -99.138094589526943, 19.323544229176406 ], [ -99.138469444954467, 19.324743272211798 ], [ -99.13830360631863, 19.324743414735114 ], [ -99.137720516377371, 19.324743914651041 ], [ -99.137095695331027, 19.324744385380733 ], [ -99.137113149872903, 19.3257476899892 ], [ -99.137155610335896, 19.326845628279873 ], [ -99.137155441763227, 19.326896014515647 ], [ -99.137154945325875, 19.327044399236279 ], [ -99.137110909435421, 19.327046009892328 ], [ -99.137088399066016, 19.326954529303613 ], [ -99.137045925662434, 19.326837034248857 ], [ -99.13701850564658, 19.326836266080374 ], [ -99.136955096479369, 19.326608455835427 ], [ -99.136856148877683, 19.326228271677923 ], [ -99.136767406002448, 19.326016234289945 ], [ -99.136664597121495, 19.325832870091727 ], [ -99.13653854951194, 19.325650359847039 ], [ -99.136122485377058, 19.325047917533936 ], [ -99.136027260232822, 19.325121007704784 ], [ -99.135955524076238, 19.325176068799916 ], [ -99.13591729725826, 19.325223502318572 ], [ -99.135879827025008, 19.325269996999175 ], [ -99.135388476952812, 19.325879682196728 ], [ -99.135446884769493, 19.325921677453952 ], [ -99.135427809682312, 19.325944893434311 ], [ -99.135370129054863, 19.326015095541766 ], [ -99.135346342048464, 19.326044046278529 ], [ -99.135384396077612, 19.326078111136443 ], [ -99.135527634284429, 19.32620633360515 ], [ -99.135636433451992, 19.326332368592244 ], [ -99.135686840478115, 19.326435516807202 ], [ -99.135745306963358, 19.326548213240422 ], [ -99.135779634784669, 19.326680036090529 ], [ -99.135785728673213, 19.326746911178027 ], [ -99.135789850735605, 19.326863469739344 ], [ -99.135786251239793, 19.327379400929463 ], [ -99.135584961024762, 19.327377639847967 ], [ -99.135552718593289, 19.327333714351624 ], [ -99.135303707179247, 19.327134162122963 ], [ -99.135105562613262, 19.326974807054501 ], [ -99.135107833527599, 19.326952712794473 ], [ -99.13511185697152, 19.326912874463417 ], [ -99.135117544073154, 19.326858236546382 ], [ -99.134974180132531, 19.326721335016622 ], [ -99.134933949054158, 19.326542787077948 ], [ -99.134928144417614, 19.32651702571923 ], [ -99.134289916395204, 19.326075933841384 ], [ -99.133926406263697, 19.325824702801548 ], [ -99.133904916073888, 19.325807585029036 ], [ -99.133947034909056, 19.325362829713534 ], [ -99.133463925295032, 19.324974294484324 ], [ -99.133412542765527, 19.324933141877619 ], [ -99.133275708833736, 19.324841643441037 ], [ -99.132561055206054, 19.324368732725784 ], [ -99.132285365627254, 19.324699669813047 ], [ -99.131395598600832, 19.324066702968793 ], [ -99.130754226266461, 19.323610434600024 ], [ -99.130584825012477, 19.32349278481195 ], [ -99.129833027745377, 19.322970654908612 ], [ -99.12968927438682, 19.322871777702449 ], [ -99.12963366193739, 19.32283219249306 ], [ -99.129737729548651, 19.322589466076451 ], [ -99.130063389499753, 19.321455183243121 ], [ -99.130820037176491, 19.321784108682596 ], [ -99.131328065439931, 19.322020010478148 ], [ -99.131886537809265, 19.322249488789442 ], [ -99.13213985238319, 19.322358577022278 ], [ -99.132404648309418, 19.322472609089477 ], [ -99.132926190024463, 19.322693893528218 ], [ -99.133454321115948, 19.322912449805361 ], [ -99.133999346638376, 19.323141931431895 ], [ -99.134396306395047, 19.32326615835969 ], [ -99.133709480119208, 19.322366295045644 ] ] ] ] } },
{ "type": "Feature", "properties": { "id": 2168.0, "entidad": 9, "distrito_f": 8, "distrito_l": 30, "municipio": 3, "seccion": 605, "tipo": 2, "control": 36449.0, "SECCION_TX": "0605", "SECCION__1": null, "SECCION__2": null, "SECCION_N": "605", "ESTATUS": null, "ALCALDIA_N": "COYOACAN", "EN_OPERATI": null, "EN_OP": "NO", "SEC_N": "605", "EST": null, "ALC_N": "COYOACAN", "OP": "NO", "NOMBRE": "EMILIANO ZAPATA" }, "geometry": { "type": "MultiPolygon", "coordinates": [ [ [ [ -99.137970259201524, 19.323146531978665 ], [ -99.137836658906153, 19.323162392760018 ], [ -99.137548933006173, 19.323200600001723 ], [ -99.137063353475085, 19.323248422789437 ], [ -99.137040150028795, 19.322943431173137 ], [ -99.13626127336525, 19.322978769583528 ], [ -99.136018526277397, 19.322984640940021 ], [ -99.135529861970468, 19.323018142600716 ], [ -99.135026311824149, 19.323052663415652 ], [ -99.134592063954912, 19.323082432094452 ], [ -99.134501261495629, 19.32295426196621 ], [ -99.134310026361746, 19.32268432758816 ], [ -99.133951671366916, 19.322238300070747 ], [ -99.133218041549043, 19.321325175862754 ], [ -99.13262402070967, 19.320540364051723 ], [ -99.132653906986718, 19.32043791910024 ], [ -99.132712735552488, 19.320452412851711 ], [ -99.132816484105746, 19.320467889415838 ], [ -99.132908293102332, 19.320481584859341 ], [ -99.13302121176352, 19.320478010763832 ], [ -99.133358212473695, 19.320467343618525 ], [ -99.133903849907441, 19.320470516075602 ], [ -99.134481566329484, 19.320486873939132 ], [ -99.135023162286515, 19.320498951526009 ], [ -99.135573828504619, 19.320507166649282 ], [ -99.13558853229722, 19.3191944608987 ], [ -99.135589660553194, 19.319093733341845 ], [ -99.136143612158222, 19.319102752617781 ], [ -99.136657390849138, 19.319110962681965 ], [ -99.137198585253756, 19.319121599525403 ], [ -99.137805054568858, 19.319132679053915 ], [ -99.137848950350332, 19.3192078497325 ], [ -99.138050917452063, 19.319553713459484 ], [ -99.138119715703525, 19.319694868575215 ], [ -99.138231105541919, 19.319859405099734 ], [ -99.138131780935112, 19.320185311733905 ], [ -99.137981572138699, 19.320549280474193 ], [ -99.137817035593599, 19.320989862086979 ], [ -99.137789313879765, 19.321218063374886 ], [ -99.13776412237425, 19.321339752794334 ], [ -99.13775090581305, 19.321445907426629 ], [ -99.137740968812693, 19.321957627393111 ], [ -99.137782943249732, 19.32256771435986 ], [ -99.13792843611381, 19.323010432438636 ], [ -99.137970259201524, 19.323146531978665 ] ] ] ] } },
{ "type": "Feature", "properties": { "id": 2180.0, "entidad": 9, "distrito_f": 8, "distrito_l": 26, "municipio": 3, "seccion": 704, "tipo": 2, "control": 34410.0, "SECCION_TX": "0704", "SECCION__1": null, "SECCION__2": null, "SECCION_N": "704", "ESTATUS": null, "ALCALDIA_N": "COYOACAN", "EN_OPERATI": null, "EN_OP": "NO", "SEC_N": "704", "EST": null, "ALC_N": "COYOACAN", "OP": "NO", "NOMBRE": "MONTE DE PIEDAD" }, "geometry": { "type": "MultiPolygon", "coordinates": [ [ [ [ -99.177538108078807, 19.351757802094074 ], [ -99.17721381020327, 19.351679219074079 ], [ -99.176769599298012, 19.351576292001297 ], [ -99.175127197352296, 19.351195724319581 ], [ -99.174351705126966, 19.351016026063611 ], [ -99.174469283103406, 19.350742843782051 ], [ -99.174488817507878, 19.350697457183824 ], [ -99.174619753515373, 19.350352418439059 ], [ -99.17469481433811, 19.349982679221316 ], [ -99.174624075991744, 19.349935385739155 ], [ -99.174736416661645, 19.349565592594264 ], [ -99.174468585613212, 19.349555299318364 ], [ -99.173453091992428, 19.349516268304676 ], [ -99.173311697580729, 19.34951083328793 ], [ -99.17358641227861, 19.347683063800773 ], [ -99.172667379851958, 19.347605434024665 ], [ -99.172948477670062, 19.34579145964036 ], [ -99.173837629221524, 19.345898760317159 ], [ -99.173848174921801, 19.345822948990399 ], [ -99.173860037251984, 19.345737672542608 ], [ -99.173946576214774, 19.345747298958273 ], [ -99.174326927012558, 19.345789864833232 ], [ -99.176639676168051, 19.346046852708682 ], [ -99.176792313457909, 19.346065157208212 ], [ -99.177811965422777, 19.34618743205731 ], [ -99.177834399815325, 19.346191121409145 ], [ -99.178729770997421, 19.346338363442474 ], [ -99.178813791862922, 19.346352180269051 ], [ -99.179670639239063, 19.346600484376903 ], [ -99.180412127538972, 19.346829243309504 ], [ -99.180489985233351, 19.346767444324659 ], [ -99.180619933427423, 19.346724116150337 ], [ -99.180650159855659, 19.346730087847277 ], [ -99.180734075744041, 19.34674971692284 ], [ -99.18081866556247, 19.346814664500894 ], [ -99.180868543078915, 19.346901245093978 ], [ -99.180871971214245, 19.347000472527085 ], [ -99.180830592080639, 19.347144360934074 ], [ -99.180731155942695, 19.347213249756248 ], [ -99.180613420696062, 19.347230361513983 ], [ -99.180144759244371, 19.349294712186946 ], [ -99.180141843239241, 19.349340466402534 ], [ -99.180134979352658, 19.349448165619457 ], [ -99.180112108047808, 19.349508176942585 ], [ -99.180014634818136, 19.349649589590971 ], [ -99.179980341903146, 19.349687903615148 ], [ -99.179834213330622, 19.349872061018175 ], [ -99.179609222922096, 19.350079130880491 ], [ -99.178319599117955, 19.351156609682089 ], [ -99.177722919054048, 19.351675953484424 ], [ -99.17760137800316, 19.351777808023634 ], [ -99.177538108078807, 19.351757802094074 ] ] ] ] } },
{ "type": "Feature", "properties": { "id": 2204.0, "entidad": 9, "distrito_f": 8, "distrito_l": 26, "municipio": 3, "seccion": 705, "tipo": 2, "control": 34411.0, "SECCION_TX": "0705", "SECCION__1": null, "SECCION__2": null, "SECCION_N": "705", "ESTATUS": null, "ALCALDIA_N": "COYOACAN", "EN_OPERATI": null, "EN_OP": "NO", "SEC_N": "705", "EST": null, "ALC_N": "COYOACAN", "OP": "NO", "NOMBRE": "MONTE DE PIEDAD" }, "geometry": { "type": "MultiPolygon", "coordinates": [ [ [ [ -99.173311697580729, 19.34951083328793 ], [ -99.172589773022636, 19.349483081733283 ], [ -99.171679671942812, 19.349448092380189 ], [ -99.171168562753451, 19.349428440496244 ], [ -99.170413443026135, 19.349399403899717 ], [ -99.17039051746697, 19.349456194058664 ], [ -99.170218215624715, 19.349446564533356 ], [ -99.170030979108375, 19.349436100159686 ], [ -99.169270904400975, 19.349393618711126 ], [ -99.168938948441721, 19.349375064308902 ], [ -99.169173822114985, 19.3489067812976 ], [ -99.169492988650731, 19.348232343830308 ], [ -99.169323291711422, 19.348196257583194 ], [ -99.169181920560945, 19.348202160646423 ], [ -99.168997974946777, 19.348202136850929 ], [ -99.168882379008693, 19.348138949402717 ], [ -99.168794116383864, 19.348049569228326 ], [ -99.168717932782414, 19.348003472098224 ], [ -99.168392720094516, 19.347647219313998 ], [ -99.168339616873041, 19.34758303842019 ], [ -99.168090316788721, 19.347271096644562 ], [ -99.167904835027329, 19.347057555793164 ], [ -99.16755820465896, 19.34666879619277 ], [ -99.167530708689398, 19.346668275130494 ], [ -99.167301137445932, 19.346663924478964 ], [ -99.167040657591428, 19.346551171166219 ], [ -99.167209239165416, 19.345948671456576 ], [ -99.166923388238928, 19.345843897349994 ], [ -99.166556406315692, 19.345449685866093 ], [ -99.166374557449501, 19.345282486518471 ], [ -99.166337129366667, 19.345255276045187 ], [ -99.166293924891249, 19.345223866073908 ], [ -99.166014557848897, 19.345020763637287 ], [ -99.166006119679025, 19.344949302810985 ], [ -99.166389492943793, 19.345004713750452 ], [ -99.167784253365582, 19.345175648794413 ], [ -99.167794326025614, 19.345083227295159 ], [ -99.167803920998551, 19.344995230170177 ], [ -99.167886520660517, 19.345005357289818 ], [ -99.168419024497055, 19.345070643915811 ], [ -99.168917741047053, 19.345131786655358 ], [ -99.16945024567886, 19.345197070260784 ], [ -99.169974303784159, 19.345261316773268 ], [ -99.17020115479454, 19.345289126919955 ], [ -99.170515256174184, 19.345327632792287 ], [ -99.171057114461547, 19.345394058200519 ], [ -99.171183287925658, 19.345409526946167 ], [ -99.1725074125752, 19.345571857904901 ], [ -99.173860037251984, 19.345737672542608 ], [ -99.173848174921801, 19.345822948990399 ], [ -99.173837629221524, 19.345898760317159 ], [ -99.172948477670062, 19.34579145964036 ], [ -99.172667379851958, 19.347605434024665 ], [ -99.17358641227861, 19.347683063800773 ], [ -99.173311697580729, 19.34951083328793 ] ] ] ] } },
{ "type": "Feature", "properties": { "id": 2220.0, "entidad": 9, "distrito_f": 8, "distrito_l": 26, "municipio": 3, "seccion": 723, "tipo": 2, "control": 35392.0, "SECCION_TX": "0723", "SECCION__1": null, "SECCION__2": null, "SECCION_N": "723", "ESTATUS": null, "ALCALDIA_N": "COYOACAN", "EN_OPERATI": null, "EN_OP": "NO", "SEC_N": "723", "EST": null, "ALC_N": "COYOACAN", "OP": "NO", "NOMBRE": "MONTE DE PIEDAD" }, "geometry": { "type": "MultiPolygon", "coordinates": [ [ [ [ -99.171057114461547, 19.345394058200519 ], [ -99.170515256174184, 19.345327632792287 ], [ -99.17020115479454, 19.345289126919955 ], [ -99.169974303784159, 19.345261316773268 ], [ -99.16945024567886, 19.345197070260784 ], [ -99.168917741047053, 19.345131786655358 ], [ -99.168419024497055, 19.345070643915811 ], [ -99.167886520660517, 19.345005357289818 ], [ -99.167803920998551, 19.344995230170177 ], [ -99.167777427071172, 19.344924460102902 ], [ -99.167812373474746, 19.344657750962703 ], [ -99.167921776987043, 19.343822783513797 ], [ -99.167954676751137, 19.343571690926428 ], [ -99.168036075382673, 19.34295044939341 ], [ -99.168078743148854, 19.342624803391111 ], [ -99.168108869239077, 19.342394876343295 ], [ -99.168134083894302, 19.342330060666384 ], [ -99.168186309736839, 19.342195811053408 ], [ -99.168298730170704, 19.342057697911109 ], [ -99.168372421592906, 19.341967164794088 ], [ -99.168496493355491, 19.341812277136118 ], [ -99.168570179531727, 19.341738507571151 ], [ -99.168643865641783, 19.34166473797621 ], [ -99.168884387597103, 19.341495001976046 ], [ -99.168927763883246, 19.340620547400864 ], [ -99.168932435000599, 19.340558603093474 ], [ -99.168972237834396, 19.340030770619034 ], [ -99.169014330701998, 19.339472566070825 ], [ -99.169024136406605, 19.3393703837007 ], [ -99.16927151730944, 19.339384333059545 ], [ -99.169279513062662, 19.339170590516265 ], [ -99.169718402737317, 19.339193294149993 ], [ -99.170416541297882, 19.339229406460646 ], [ -99.170955454574269, 19.339332309815752 ], [ -99.171123319217727, 19.339369469290624 ], [ -99.171321793120782, 19.33953565954236 ], [ -99.171408326100433, 19.339750636846549 ], [ -99.171434616358695, 19.339815950653023 ], [ -99.171536088174491, 19.34013644470204 ], [ -99.171393910341777, 19.340154655817344 ], [ -99.171615559026648, 19.341299007660005 ], [ -99.171597385666274, 19.341480301074817 ], [ -99.171581314080143, 19.341603409041763 ], [ -99.171435315181739, 19.342659189460843 ], [ -99.171320578503355, 19.343488890012274 ], [ -99.171305777909723, 19.343595917614795 ], [ -99.171291555112745, 19.343698766863952 ], [ -99.171057114461547, 19.345394058200519 ] ] ] ] } },
{ "type": "Feature", "properties": { "id": 2221.0, "entidad": 9, "distrito_f": 8, "distrito_l": 26, "municipio": 3, "seccion": 724, "tipo": 2, "control": 35391.0, "SECCION_TX": "0724", "SECCION__1": null, "SECCION__2": null, "SECCION_N": "724", "ESTATUS": null, "ALCALDIA_N": "COYOACAN", "EN_OPERATI": null, "EN_OP": "NO", "SEC_N": "724", "EST": null, "ALC_N": "COYOACAN", "OP": "NO", "NOMBRE": "MONTE DE PIEDAD" }, "geometry": { "type": "MultiPolygon", "coordinates": [ [ [ [ -99.173860037251984, 19.345737672542608 ], [ -99.1725074125752, 19.345571857904901 ], [ -99.171183287925658, 19.345409526946167 ], [ -99.171057114461547, 19.345394058200519 ], [ -99.171291555112745, 19.343698766863952 ], [ -99.171305777909723, 19.343595917614795 ], [ -99.171320578503355, 19.343488890012274 ], [ -99.171435315181739, 19.342659189460843 ], [ -99.171581314080143, 19.341603409041763 ], [ -99.171597385666274, 19.341480301074817 ], [ -99.171702269384809, 19.341510332476034 ], [ -99.172669394370942, 19.341641740518906 ], [ -99.17317365907553, 19.341710255329851 ], [ -99.173488614726324, 19.341899853980493 ], [ -99.173721448541301, 19.342088344679091 ], [ -99.173866742159404, 19.342256806606827 ], [ -99.17396890589005, 19.342406348236203 ], [ -99.174036887086118, 19.342518687358421 ], [ -99.174196145284583, 19.342923215444742 ], [ -99.174170622116122, 19.343157285243223 ], [ -99.174103339067528, 19.343705949531984 ], [ -99.174075670135821, 19.343931576712947 ], [ -99.173970974759911, 19.344787139029464 ], [ -99.173860037251984, 19.345737672542608 ] ] ] ] } },
{ "type": "Feature", "properties": { "id": 2222.0, "entidad": 9, "distrito_f": 8, "distrito_l": 26, "municipio": 3, "seccion": 725, "tipo": 2, "control": 35390.0, "SECCION_TX": "0725", "SECCION__1": null, "SECCION__2": null, "SECCION_N": "725", "ESTATUS": null, "ALCALDIA_N": "COYOACAN", "EN_OPERATI": null, "EN_OP": "NO", "SEC_N": "725", "EST": null, "ALC_N": "COYOACAN", "OP": "NO", "NOMBRE": "MONTE DE PIEDAD" }, "geometry": { "type": "MultiPolygon", "coordinates": [ [ [ [ -99.176639676168051, 19.346046852708682 ], [ -99.174326927012558, 19.345789864833232 ], [ -99.173946576214774, 19.345747298958273 ], [ -99.173860037251984, 19.345737672542608 ], [ -99.173970974759911, 19.344787139029464 ], [ -99.174075670135821, 19.343931576712947 ], [ -99.174103339067528, 19.343705949531984 ], [ -99.174170622116122, 19.343157285243223 ], [ -99.174196145284583, 19.342923215444742 ], [ -99.174350236402418, 19.341832796156822 ], [ -99.174436520678967, 19.340994803063843 ], [ -99.174573657358522, 19.341011716080825 ], [ -99.175138798130831, 19.341081413560161 ], [ -99.175121038365631, 19.34119002557798 ], [ -99.175055746060494, 19.341589327434697 ], [ -99.175742938138043, 19.343199452094872 ], [ -99.17595186306788, 19.343226263382363 ], [ -99.177008982858297, 19.343362425030808 ], [ -99.176920016981967, 19.344085554243609 ], [ -99.176639676168051, 19.346046852708682 ] ] ] ] } },
{ "type": "Feature", "properties": { "id": 2110.0, "entidad": 9, "distrito_f": 8, "distrito_l": 26, "municipio": 3, "seccion": 471, "tipo": 2, "control": 37412.0, "SECCION_TX": "0471", "SECCION__1": null, "SECCION__2": null, "SECCION_N": "471", "ESTATUS": null, "ALCALDIA_N": "COYOACAN", "EN_OPERATI": null, "EN_OP": "NO", "SEC_N": "471", "EST": null, "ALC_N": "COYOACAN", "OP": "NO", "NOMBRE": "CANTIL DEL PEDREGAL" }, "geometry": { "type": "MultiPolygon", "coordinates": [ [ [ [ -99.163732045733624, 19.30816326361354 ], [ -99.163526626706073, 19.308326840364096 ], [ -99.163325269328112, 19.308783553168585 ], [ -99.162785972785102, 19.308619645002207 ], [ -99.162233387777377, 19.308451696079143 ], [ -99.161672629292156, 19.308281260896408 ], [ -99.161015879128286, 19.308129552583569 ], [ -99.16093147829686, 19.308110055924704 ], [ -99.160417414224383, 19.307991305771505 ], [ -99.160249437329512, 19.307952502315 ], [ -99.159919497414549, 19.307829837506134 ], [ -99.159681706152128, 19.30776123449148 ], [ -99.159692191063669, 19.307687775431518 ], [ -99.159689113523058, 19.307625991204471 ], [ -99.15968700830264, 19.307511891349606 ], [ -99.159682923967395, 19.307290525824445 ], [ -99.159625646791966, 19.304280754373195 ], [ -99.159622599327491, 19.30412061402442 ], [ -99.159477949704737, 19.303812994824757 ], [ -99.15939729472835, 19.303758177662218 ], [ -99.159419449677245, 19.303681981326513 ], [ -99.159179459744266, 19.303514176344144 ], [ -99.159065630282541, 19.303304629719953 ], [ -99.159290589461222, 19.303359662602944 ], [ -99.159512957446481, 19.303420648045645 ], [ -99.159742026227789, 19.303364042835756 ], [ -99.160248191490126, 19.303167378161881 ], [ -99.16056330939594, 19.30293819419612 ], [ -99.160829796662014, 19.302657437975061 ], [ -99.160863256363911, 19.302622186591428 ], [ -99.160999680092942, 19.30236779649308 ], [ -99.161072150064172, 19.302144389746331 ], [ -99.161069177109056, 19.301744225681922 ], [ -99.160995577440247, 19.301450205088209 ], [ -99.160712301951506, 19.301140465683648 ], [ -99.160669533703256, 19.301061384063761 ], [ -99.160651169725725, 19.301027421186266 ], [ -99.160633013920233, 19.300993908475402 ], [ -99.160606777786526, 19.30094538683587 ], [ -99.160590812503216, 19.300916899785246 ], [ -99.16054912824427, 19.300839068740295 ], [ -99.160508121478074, 19.300763010627229 ], [ -99.161526655040561, 19.301122104857942 ], [ -99.161570152770182, 19.301130262862351 ], [ -99.161609864724383, 19.301137710834269 ], [ -99.16165898837707, 19.301146923956185 ], [ -99.161720928052844, 19.301158540697948 ], [ -99.16239284460255, 19.301284556705291 ], [ -99.162771667941087, 19.301338708228851 ], [ -99.1637121985558, 19.301476543705959 ], [ -99.164335786988261, 19.301545190550826 ], [ -99.166468877896165, 19.301851061189737 ], [ -99.166442712111447, 19.301926745753139 ], [ -99.166433761369319, 19.301948901476678 ], [ -99.166423678933853, 19.30197358915332 ], [ -99.16641148053057, 19.302003737994571 ], [ -99.166402570225401, 19.302027099692392 ], [ -99.166372830390188, 19.302099263283331 ], [ -99.165874787943551, 19.30334523315047 ], [ -99.165893775645088, 19.303381278171038 ], [ -99.165923081845492, 19.303471197520896 ], [ -99.166598875781844, 19.304726468150079 ], [ -99.167654866602646, 19.306741539591901 ], [ -99.164743007208884, 19.308005041816283 ], [ -99.164164910305402, 19.308255879448467 ], [ -99.164134749622619, 19.308271820028562 ], [ -99.164095457640371, 19.30829267223077 ], [ -99.164051715463913, 19.308317485449532 ], [ -99.163732045733624, 19.30816326361354 ] ] ] ] } },
{ "type": "Feature", "properties": { "id": 2112.0, "entidad": 9, "distrito_f": 8, "distrito_l": 30, "municipio": 3, "seccion": 473, "tipo": 2, "control": 34796.0, "SECCION_TX": "0473", "SECCION__1": null, "SECCION__2": null, "SECCION_N": "473", "ESTATUS": "COMPLETA", "ALCALDIA_N": "COYOACAN", "EN_OPERATI": null, "EN_OP": "SI", "SEC_N": "473", "EST": "COMPLETA", "ALC_N": "COYOACAN", "OP": "SI", "NOMBRE": "CANTIL DEL PEDREGAL" }, "geometry": { "type": "MultiPolygon", "coordinates": [ [ [ [ -99.15200257267125, 19.297809532103074 ], [ -99.152117364497755, 19.297783987662779 ], [ -99.152846309428497, 19.297621774853265 ], [ -99.155023992495728, 19.297148282228328 ], [ -99.156355717855462, 19.296847275580138 ], [ -99.156619837784532, 19.296781996399588 ], [ -99.156686037821558, 19.296872173459128 ], [ -99.157941943858432, 19.298516961680942 ], [ -99.158420721705141, 19.299183350125166 ], [ -99.15863503722737, 19.299441554330205 ], [ -99.1589020748645, 19.299695425249126 ], [ -99.159352724106313, 19.300052716618321 ], [ -99.159751635204756, 19.300319483933919 ], [ -99.16011093579003, 19.300553105081686 ], [ -99.160253503038021, 19.300636213155894 ], [ -99.160508121478074, 19.300763010627229 ], [ -99.16054912824427, 19.300839068740295 ], [ -99.160590812503216, 19.300916899785246 ], [ -99.160606777786526, 19.30094538683587 ], [ -99.160633013920233, 19.300993908475402 ], [ -99.160651169725725, 19.301027421186266 ], [ -99.160669533703256, 19.301061384063761 ], [ -99.160712301951506, 19.301140465683648 ], [ -99.160995577440247, 19.301450205088209 ], [ -99.161069177109056, 19.301744225681922 ], [ -99.161072150064172, 19.302144389746331 ], [ -99.160999680092942, 19.30236779649308 ], [ -99.160863256363911, 19.302622186591428 ], [ -99.160829796662014, 19.302657437975061 ], [ -99.16056330939594, 19.30293819419612 ], [ -99.160248191490126, 19.303167378161881 ], [ -99.159742026227789, 19.303364042835756 ], [ -99.159512957446481, 19.303420648045645 ], [ -99.159290589461222, 19.303359662602944 ], [ -99.159065630282541, 19.303304629719953 ], [ -99.159179459744266, 19.303514176344144 ], [ -99.159419449677245, 19.303681981326513 ], [ -99.15939729472835, 19.303758177662218 ], [ -99.159477949704737, 19.303812994824757 ], [ -99.159377295455826, 19.303814064116992 ], [ -99.158510355316054, 19.304022828808655 ], [ -99.155040244887999, 19.305113024721813 ], [ -99.154884963134876, 19.30516797297636 ], [ -99.154771824775352, 19.305207480468702 ], [ -99.15467180866294, 19.305292447918081 ], [ -99.15459608787495, 19.305313239228525 ], [ -99.154558909564486, 19.305259267283262 ], [ -99.154566837736539, 19.305149563651696 ], [ -99.154543626524557, 19.305161114493938 ], [ -99.154512503515718, 19.305084765356263 ], [ -99.153889549380239, 19.305243807347072 ], [ -99.153355541890022, 19.305540171219889 ], [ -99.15323933449956, 19.305588827352274 ], [ -99.153096818278769, 19.305620736051413 ], [ -99.15271380960381, 19.305759942313887 ], [ -99.152037228857594, 19.305817651145514 ], [ -99.151804366611387, 19.305785932382591 ], [ -99.151428151675489, 19.305630820804481 ], [ -99.15092535494351, 19.305337829161278 ], [ -99.15048815521385, 19.305072183697895 ], [ -99.150049576939637, 19.304797854136517 ], [ -99.149703969302493, 19.304645013858 ], [ -99.149280772920179, 19.304628872475746 ], [ -99.148809634958042, 19.304563217160624 ], [ -99.147700549056765, 19.303874995879163 ], [ -99.147063125408579, 19.302975102929953 ], [ -99.146564303178351, 19.302731340523994 ], [ -99.146436228578381, 19.302668136785581 ], [ -99.146500943194724, 19.302577046252139 ], [ -99.146582451926065, 19.302462060651717 ], [ -99.146669067748149, 19.302339958511144 ], [ -99.147440351300276, 19.301284718364393 ], [ -99.147789682542566, 19.300870773183661 ], [ -99.150032298443719, 19.299125784190661 ], [ -99.150686820899836, 19.298659749377748 ], [ -99.150949499253969, 19.298468502200606 ], [ -99.15152941626458, 19.298060610616915 ], [ -99.151640840251048, 19.297981380475346 ], [ -99.151827087120196, 19.297865777474463 ], [ -99.15200257267125, 19.297809532103074 ] ] ] ] } },
{ "type": "Feature", "properties": { "id": 1992.0, "entidad": 9, "distrito_f": 8, "distrito_l": 30, "municipio": 3, "seccion": 369, "tipo": 2, "control": 34910.0, "SECCION_TX": "0369", "SECCION__1": null, "SECCION__2": null, "SECCION_N": "369", "ESTATUS": null, "ALCALDIA_N": "COYOACAN", "EN_OPERATI": null, "EN_OP": "NO", "SEC_N": "369", "EST": null, "ALC_N": "COYOACAN", "OP": "NO", "NOMBRE": "XOTEPINGO" }, "geometry": { "type": "MultiPolygon", "coordinates": [ [ [ [ -99.140076678785874, 19.329939123175894 ], [ -99.140184549264532, 19.329909008425449 ], [ -99.14103279545192, 19.329672196613689 ], [ -99.141232628024184, 19.329616407050047 ], [ -99.141931563520657, 19.329300097996029 ], [ -99.142397316243603, 19.328985644255106 ], [ -99.143534155728062, 19.330490604064583 ], [ -99.143847174321735, 19.330904975137646 ], [ -99.143566847208191, 19.331388577741059 ], [ -99.143277549380144, 19.331887652613865 ], [ -99.143155963140444, 19.332097403014888 ], [ -99.142918411266749, 19.332507205837647 ], [ -99.142886124418041, 19.332560685139097 ], [ -99.14291195594798, 19.332684425213909 ], [ -99.142985359029765, 19.332769445887411 ], [ -99.142782016672825, 19.333171793202045 ], [ -99.142506207098265, 19.333670908036556 ], [ -99.142278797164593, 19.334082434559338 ], [ -99.141760127489661, 19.335020445038335 ], [ -99.14168412273365, 19.335158560715922 ], [ -99.141615514510448, 19.334935794163435 ], [ -99.141393979566232, 19.334216479850177 ], [ -99.140919331922944, 19.332689695053965 ], [ -99.140853592698761, 19.332472888477138 ], [ -99.140708066324194, 19.331989306927735 ], [ -99.140475279241599, 19.331233428382202 ], [ -99.140076678785874, 19.329939123175894 ] ] ] ] } },
{ "type": "Feature", "properties": { "id": 1993.0, "entidad": 9, "distrito_f": 8, "distrito_l": 30, "municipio": 3, "seccion": 370, "tipo": 2, "control": 34908.0, "SECCION_TX": "0370", "SECCION__1": null, "SECCION__2": null, "SECCION_N": "370", "ESTATUS": null, "ALCALDIA_N": "COYOACAN", "EN_OPERATI": null, "EN_OP": "NO", "SEC_N": "370", "EST": null, "ALC_N": "COYOACAN", "OP": "NO", "NOMBRE": "XOTEPINGO" }, "geometry": { "type": "MultiPolygon", "coordinates": [ [ [ [ -99.141297038937779, 19.327595904548431 ], [ -99.14146770308254, 19.327486909867162 ], [ -99.141608786324539, 19.327384849880559 ], [ -99.141911262351826, 19.32717595658551 ], [ -99.142087831779818, 19.327031797006679 ], [ -99.142231048295073, 19.326843688829751 ], [ -99.142519799150037, 19.326368425777964 ], [ -99.142782015862863, 19.325911165979822 ], [ -99.142999294225334, 19.325580990577954 ], [ -99.143138277243921, 19.325687486452399 ], [ -99.144480145647648, 19.326487964780611 ], [ -99.144822619541543, 19.326770202794592 ], [ -99.145153397408819, 19.327118515993604 ], [ -99.144928190037561, 19.328732260161811 ], [ -99.14492384896262, 19.328763366225537 ], [ -99.144673433490752, 19.330012655500528 ], [ -99.144570804514743, 19.330415855102025 ], [ -99.144437342725737, 19.330976193095236 ], [ -99.14434384195475, 19.331132145181702 ], [ -99.144191386145721, 19.331309890604288 ], [ -99.143847174321735, 19.330904975137646 ], [ -99.143534155728062, 19.330490604064583 ], [ -99.142397316243603, 19.328985644255106 ], [ -99.142251007993323, 19.328800846797321 ], [ -99.141297038937779, 19.327595904548431 ] ] ] ] } },
{ "type": "Feature", "properties": { "id": 2035.0, "entidad": 9, "distrito_f": 8, "distrito_l": 30, "municipio": 3, "seccion": 397, "tipo": 2, "control": 34876.0, "SECCION_TX": "0397", "SECCION__1": null, "SECCION__2": null, "SECCION_N": "397", "ESTATUS": "COMPLETA", "ALCALDIA_N": "COYOACAN", "EN_OPERATI": null, "EN_OP": "SI", "SEC_N": "397", "EST": "COMPLETA", "ALC_N": "COYOACAN", "OP": "SI", "NOMBRE": "XOTEPINGO" }, "geometry": { "type": "MultiPolygon", "coordinates": [ [ [ [ -99.141297038937779, 19.327595904548431 ], [ -99.140108211839618, 19.32609428495234 ], [ -99.140028199323609, 19.325993219050162 ], [ -99.139965663101762, 19.325898841882783 ], [ -99.139829856578558, 19.325693887650832 ], [ -99.139646128513846, 19.32532489748484 ], [ -99.139491688351796, 19.324886237365448 ], [ -99.138123673308655, 19.32324470797171 ], [ -99.13792843611381, 19.323010432438636 ], [ -99.137782943249732, 19.32256771435986 ], [ -99.137928698673562, 19.322580069220695 ], [ -99.13909432151614, 19.322696318701123 ], [ -99.138953745890447, 19.321870162652658 ], [ -99.139021383437083, 19.32186253564424 ], [ -99.139067130792014, 19.321849069888305 ], [ -99.139115406020721, 19.321840089321991 ], [ -99.139198274050315, 19.321858953041456 ], [ -99.139343858553516, 19.322069111901595 ], [ -99.139425154502874, 19.322232771467412 ], [ -99.139487593462476, 19.322297626245462 ], [ -99.139555419081034, 19.322320953151998 ], [ -99.139609575692432, 19.322381906062063 ], [ -99.139635158209217, 19.322478836545763 ], [ -99.139652059194745, 19.322587652438536 ], [ -99.139981787547796, 19.322423089752387 ], [ -99.140537832161783, 19.322326076512542 ], [ -99.140720904755824, 19.322243074583302 ], [ -99.140320245200982, 19.321986899401658 ], [ -99.140066886763734, 19.321542636852289 ], [ -99.140522111796557, 19.321490811022425 ], [ -99.140624409744035, 19.321539270311316 ], [ -99.140795639613813, 19.321610890234325 ], [ -99.141024678710949, 19.321610768551867 ], [ -99.14113528495335, 19.321618126530794 ], [ -99.14130786805471, 19.321719588180756 ], [ -99.141360955552202, 19.321787179094517 ], [ -99.141454193662625, 19.322145279282338 ], [ -99.141623747147776, 19.322122685136527 ], [ -99.141793531725654, 19.322131851808102 ], [ -99.141828821632956, 19.322133757090608 ], [ -99.142127552846858, 19.322021376163242 ], [ -99.142128200491001, 19.322090227877759 ], [ -99.142102203658595, 19.322170849113686 ], [ -99.142021390550923, 19.322421465758687 ], [ -99.141896145569333, 19.322665571942615 ], [ -99.141770860134343, 19.32286320021932 ], [ -99.141614063791096, 19.323000563661623 ], [ -99.141482288282717, 19.323163467229616 ], [ -99.141449241799407, 19.323174305620768 ], [ -99.141349781035714, 19.32320692613213 ], [ -99.141040049534524, 19.3233085094781 ], [ -99.140833764789221, 19.323358124468104 ], [ -99.140788955757117, 19.32336692826069 ], [ -99.140758547004864, 19.323576247537204 ], [ -99.140779730490564, 19.323658227046074 ], [ -99.140888959492401, 19.323741739849982 ], [ -99.141084030491541, 19.323838266122987 ], [ -99.141258956895342, 19.323909814258492 ], [ -99.14136294140674, 19.323899494563637 ], [ -99.141625962656079, 19.324003495788364 ], [ -99.141840254574646, 19.324000101085694 ], [ -99.141867635285891, 19.323950878143133 ], [ -99.142179843708121, 19.323858786471437 ], [ -99.142387542497318, 19.323852316722004 ], [ -99.142441310714361, 19.323921801709812 ], [ -99.142609071816437, 19.324138599897914 ], [ -99.143071459703137, 19.324354144559702 ], [ -99.143328126306002, 19.324556450430421 ], [ -99.142999294225334, 19.325580990577954 ], [ -99.142782015862863, 19.325911165979822 ], [ -99.142519799150037, 19.326368425777964 ], [ -99.142231048295073, 19.326843688829751 ], [ -99.142087831779818, 19.327031797006679 ], [ -99.141911262351826, 19.32717595658551 ], [ -99.141608786324539, 19.327384849880559 ], [ -99.14146770308254, 19.327486909867162 ], [ -99.141297038937779, 19.327595904548431 ] ] ] ] } },
{ "type": "Feature", "properties": { "id": 2164.0, "entidad": 9, "distrito_f": 8, "distrito_l": 30, "municipio": 3, "seccion": 586, "tipo": 2, "control": 36404.0, "SECCION_TX": "0586", "SECCION__1": null, "SECCION__2": null, "SECCION_N": "586", "ESTATUS": null, "ALCALDIA_N": "COYOACAN", "EN_OPERATI": null, "EN_OP": "NO", "SEC_N": "586", "EST": null, "ALC_N": "COYOACAN", "OP": "NO", "NOMBRE": "XOTEPINGO" }, "geometry": { "type": "MultiPolygon", "coordinates": [ [ [ [ -99.141393979566232, 19.334216479850177 ], [ -99.141244264578276, 19.334200558859155 ], [ -99.140855834445333, 19.334159251834429 ], [ -99.140475313418975, 19.334101531697002 ], [ -99.139923152396818, 19.334007558252363 ], [ -99.139777435904321, 19.333982758158978 ], [ -99.139313477661503, 19.333909719688251 ], [ -99.138844668193784, 19.333813748231368 ], [ -99.138374879951371, 19.333754595498593 ], [ -99.137892092774649, 19.333653583738265 ], [ -99.137697646071899, 19.333623928249668 ], [ -99.137090356408663, 19.333567372417729 ], [ -99.137087338446634, 19.333478575670441 ], [ -99.137084149071711, 19.333392305172559 ], [ -99.137079086567965, 19.333255367565304 ], [ -99.137060573385099, 19.332691069249503 ], [ -99.13702213316374, 19.331560030807037 ], [ -99.13703370134607, 19.33032199739305 ], [ -99.137030294572298, 19.330165675991811 ], [ -99.13702688780603, 19.330009354587695 ], [ -99.13702227392335, 19.329797643410352 ], [ -99.137154598411954, 19.329797122700093 ], [ -99.137410119168436, 19.32979540185887 ], [ -99.139727505356959, 19.32978058106195 ], [ -99.139895087586225, 19.329781186598876 ], [ -99.140022720480971, 19.329775302132443 ], [ -99.140076678785874, 19.329939123175894 ], [ -99.140475279241599, 19.331233428382202 ], [ -99.140708066324194, 19.331989306927735 ], [ -99.140853592698761, 19.332472888477138 ], [ -99.140919331922944, 19.332689695053965 ], [ -99.141393979566232, 19.334216479850177 ] ] ] ] } },
{ "type": "Feature", "properties": { "id": 2241.0, "entidad": 9, "distrito_f": 8, "distrito_l": 26, "municipio": 3, "seccion": 745, "tipo": 2, "control": 35402.0, "SECCION_TX": "0745", "SECCION__1": null, "SECCION__2": null, "SECCION_N": "745", "ESTATUS": null, "ALCALDIA_N": "COYOACAN", "EN_OPERATI": null, "EN_OP": "NO", "SEC_N": "745", "EST": null, "ALC_N": "COYOACAN", "OP": "NO", "NOMBRE": "TECUALIAPAN" }, "geometry": { "type": "MultiPolygon", "coordinates": [ [ [ [ -99.166389492943793, 19.345004713750452 ], [ -99.166006119679025, 19.344949302810985 ], [ -99.165071583499127, 19.344841027577775 ], [ -99.165082912554524, 19.344780283319452 ], [ -99.165104465579731, 19.344664993558425 ], [ -99.165170244822193, 19.344312843647064 ], [ -99.165342567384258, 19.343662936745446 ], [ -99.165367041351871, 19.343582811923682 ], [ -99.165507580546674, 19.343122701961082 ], [ -99.165539824418531, 19.342656891651064 ], [ -99.164456766766975, 19.342412560850736 ], [ -99.164626318709139, 19.34185657568322 ], [ -99.163726174736979, 19.341643049737478 ], [ -99.163862160727021, 19.341230775221582 ], [ -99.163874777269712, 19.341192428305074 ], [ -99.163988249994574, 19.340823407560499 ], [ -99.164410024212614, 19.340919477735326 ], [ -99.164491123132848, 19.340731326761535 ], [ -99.164912897398622, 19.340827395773236 ], [ -99.165005238003545, 19.340780266354979 ], [ -99.165039840888369, 19.340759765761661 ], [ -99.165399119358113, 19.340863543192558 ], [ -99.165701733617965, 19.340933434067363 ], [ -99.165930307827566, 19.340912311522125 ], [ -99.166273974702037, 19.340851604198875 ], [ -99.166439994913546, 19.340686990741879 ], [ -99.166397477806925, 19.34099197895392 ], [ -99.166367503616542, 19.341144534216955 ], [ -99.166377720379856, 19.341316118774841 ], [ -99.166418027326429, 19.341449543882483 ], [ -99.166476519701362, 19.341538189691853 ], [ -99.166518611314544, 19.341601979902382 ], [ -99.166609094507223, 19.341697227139274 ], [ -99.166669410243685, 19.341754369948493 ], [ -99.166800036384245, 19.341820981394452 ], [ -99.166894627057005, 19.341850814357763 ], [ -99.166950729163773, 19.341868508379388 ], [ -99.167231999930422, 19.341934981453875 ], [ -99.167171352457714, 19.342168540756731 ], [ -99.167143011198945, 19.342277685461639 ], [ -99.166805150513895, 19.343578805544972 ], [ -99.166584667822136, 19.344427885150925 ], [ -99.166570975312609, 19.344480550301604 ], [ -99.166482826055812, 19.344819595716363 ], [ -99.166456210094168, 19.344922075737355 ], [ -99.166446037888818, 19.344961241968146 ], [ -99.166389492943793, 19.345004713750452 ] ] ] ] } },
{ "type": "Feature", "properties": { "id": 2113.0, "entidad": 9, "distrito_f": 8, "distrito_l": 26, "municipio": 3, "seccion": 474, "tipo": 2, "control": 35679.0, "SECCION_TX": "0474", "SECCION__1": null, "SECCION__2": null, "SECCION_N": "474", "ESTATUS": null, "ALCALDIA_N": "COYOACAN", "EN_OPERATI": null, "EN_OP": "NO", "SEC_N": "474", "EST": null, "ALC_N": "COYOACAN", "OP": "NO", "NOMBRE": "ISIDRO FABELA" }, "geometry": { "type": "MultiPolygon", "coordinates": [ [ [ [ -99.16837845520341, 19.303502208514573 ], [ -99.16834326131216, 19.303519293233308 ], [ -99.168282101144385, 19.303549577254756 ], [ -99.16823784225906, 19.303574009370816 ], [ -99.16816800280715, 19.303609671262006 ], [ -99.168054831896825, 19.303669105374688 ], [ -99.167945346845755, 19.303725622625819 ], [ -99.167751632171104, 19.303824987529364 ], [ -99.167405425026431, 19.303999061118876 ], [ -99.167278256871597, 19.304114407035211 ], [ -99.167077031144075, 19.304176421693651 ], [ -99.166805837860181, 19.304560086440784 ], [ -99.166628227509634, 19.3047072480312 ], [ -99.166598875781844, 19.304726468150079 ], [ -99.165923081845492, 19.303471197520896 ], [ -99.165893775645088, 19.303381278171038 ], [ -99.165874787943551, 19.30334523315047 ], [ -99.166372830390188, 19.302099263283331 ], [ -99.166402570225401, 19.302027099692392 ], [ -99.16641148053057, 19.302003737994571 ], [ -99.166423678933853, 19.30197358915332 ], [ -99.166433761369319, 19.301948901476678 ], [ -99.166442712111447, 19.301926745753139 ], [ -99.166468877896165, 19.301851061189737 ], [ -99.167516783955733, 19.301996013833811 ], [ -99.16755440659874, 19.302061813397202 ], [ -99.167600262599038, 19.302142012485731 ], [ -99.167636244025687, 19.302204941539124 ], [ -99.167653010833888, 19.302234265520362 ], [ -99.167677230987138, 19.302276669675592 ], [ -99.167689280538241, 19.30229781593037 ], [ -99.167705094385013, 19.302325568293394 ], [ -99.167728278143457, 19.302365802345008 ], [ -99.167763997483462, 19.302427671704212 ], [ -99.167785148981778, 19.302465365523222 ], [ -99.168112765677932, 19.303023748564215 ], [ -99.16832521561409, 19.303409169331893 ], [ -99.16837845520341, 19.303502208514573 ] ] ] ] } },
{ "type": "Feature", "properties": { "id": 2116.0, "entidad": 9, "distrito_f": 8, "distrito_l": 26, "municipio": 3, "seccion": 476, "tipo": 2, "control": 35673.0, "SECCION_TX": "0476", "SECCION__1": null, "SECCION__2": null, "SECCION_N": "476", "ESTATUS": null, "ALCALDIA_N": "COYOACAN", "EN_OPERATI": null, "EN_OP": "NO", "SEC_N": "476", "EST": null, "ALC_N": "COYOACAN", "OP": "NO", "NOMBRE": "ISIDRO FABELA" }, "geometry": { "type": "MultiPolygon", "coordinates": [ [ [ [ -99.171347015819592, 19.309145137196644 ], [ -99.17130200139718, 19.309165427940112 ], [ -99.169929209516425, 19.309784221167014 ], [ -99.169912125283986, 19.309801940477797 ], [ -99.169684152326852, 19.310038387437793 ], [ -99.169421230053828, 19.309907684543504 ], [ -99.169206826266361, 19.309801100532386 ], [ -99.169901650396213, 19.308712365322009 ], [ -99.17010568309361, 19.308388219585702 ], [ -99.17039948018629, 19.307906201345865 ], [ -99.17043802548713, 19.307863104047367 ], [ -99.170467506364716, 19.307875072556108 ], [ -99.170548089383786, 19.307908101187969 ], [ -99.170588340034399, 19.307917430589278 ], [ -99.170661707004228, 19.307796619895029 ], [ -99.170778145145633, 19.307604885059895 ], [ -99.170799581775981, 19.307460161311553 ], [ -99.17075850596143, 19.307192086361596 ], [ -99.170730061592792, 19.307079642941595 ], [ -99.170606552714943, 19.30682469970953 ], [ -99.170411966094306, 19.306423038180004 ], [ -99.170395826995204, 19.306389724098551 ], [ -99.170171936658306, 19.306073411477559 ], [ -99.170043819307381, 19.305983644760662 ], [ -99.169781177326399, 19.305772640433911 ], [ -99.169660446914918, 19.305675646339814 ], [ -99.169321961060803, 19.305191469373348 ], [ -99.168977470992843, 19.304574696105085 ], [ -99.168649273643155, 19.303987088251198 ], [ -99.168557212888643, 19.303829137098372 ], [ -99.16837845520341, 19.303502208514573 ], [ -99.16832521561409, 19.303409169331893 ], [ -99.168112765677932, 19.303023748564215 ], [ -99.167785148981778, 19.302465365523222 ], [ -99.167763997483462, 19.302427671704212 ], [ -99.167728278143457, 19.302365802345008 ], [ -99.167705094385013, 19.302325568293394 ], [ -99.167689280538241, 19.30229781593037 ], [ -99.167677230987138, 19.302276669675592 ], [ -99.167653010833888, 19.302234265520362 ], [ -99.167636244025687, 19.302204941539124 ], [ -99.167600262599038, 19.302142012485731 ], [ -99.16755440659874, 19.302061813397202 ], [ -99.167516783955733, 19.301996013833811 ], [ -99.16853181266255, 19.302139063655666 ], [ -99.170356295913436, 19.302376830665139 ], [ -99.171590504276608, 19.302547530115454 ], [ -99.171678121291492, 19.302561853304582 ], [ -99.171614185765478, 19.302602767120195 ], [ -99.171548312912492, 19.302644770794462 ], [ -99.171442392346194, 19.302712467438663 ], [ -99.171417549292812, 19.302728599059748 ], [ -99.171259670752335, 19.302829628666139 ], [ -99.170537790919383, 19.303206012987179 ], [ -99.170545625857642, 19.303351911900975 ], [ -99.170626562292256, 19.303599876862169 ], [ -99.170983689934005, 19.303439045873493 ], [ -99.171397131216622, 19.304200675065118 ], [ -99.171611187710425, 19.304595000358983 ], [ -99.17170198818468, 19.304762268271862 ], [ -99.172108993152705, 19.305512026850725 ], [ -99.172592702539504, 19.306403075180551 ], [ -99.172825002836476, 19.306274921832195 ], [ -99.172957421230123, 19.30649964372428 ], [ -99.173957873999115, 19.306028286730271 ], [ -99.174005285908294, 19.306005956905786 ], [ -99.174086758011825, 19.305967585538088 ], [ -99.174154626293458, 19.306107082358391 ], [ -99.173953664637949, 19.306440216398236 ], [ -99.173758835085906, 19.306868521905141 ], [ -99.173384438201282, 19.306683194212319 ], [ -99.172371595225883, 19.307064051550583 ], [ -99.172178540211533, 19.307136644808075 ], [ -99.171863697820243, 19.307326619537665 ], [ -99.17172143101179, 19.307217323816573 ], [ -99.171506638695277, 19.307560405246047 ], [ -99.171341323926484, 19.307454778540428 ], [ -99.171056348814332, 19.307934236103911 ], [ -99.171031417819236, 19.307976181206321 ], [ -99.171009812273766, 19.308012531392684 ], [ -99.170872706023431, 19.308243204966065 ], [ -99.170861915451425, 19.308261359466204 ], [ -99.170973408803349, 19.308334208134692 ], [ -99.170806446601532, 19.308554648648002 ], [ -99.170785408986262, 19.308582424598878 ], [ -99.171289028891621, 19.308888355550554 ], [ -99.171318022332571, 19.309016746376972 ], [ -99.171347015819592, 19.309145137196644 ] ] ] ] } },
{ "type": "Feature", "properties": { "id": 2119.0, "entidad": 9, "distrito_f": 8, "distrito_l": 26, "municipio": 3, "seccion": 478, "tipo": 2, "control": 35676.0, "SECCION_TX": "0478", "SECCION__1": null, "SECCION__2": null, "SECCION_N": "478", "ESTATUS": null, "ALCALDIA_N": "COYOACAN", "EN_OPERATI": null, "EN_OP": "NO", "SEC_N": "478", "EST": null, "ALC_N": "COYOACAN", "OP": "NO", "NOMBRE": "ISIDRO FABELA" }, "geometry": { "type": "MultiPolygon", "coordinates": [ [ [ [ -99.179287936913127, 19.303707854978693 ], [ -99.178378736512357, 19.304121801329373 ], [ -99.178047879515162, 19.30426010749709 ], [ -99.178055953618468, 19.304318605740349 ], [ -99.178095788848893, 19.30461066215781 ], [ -99.178058406647949, 19.304626979391006 ], [ -99.177932776918468, 19.30468181636035 ], [ -99.17775009253188, 19.304761557283097 ], [ -99.177171215660735, 19.305014232747443 ], [ -99.176948346546823, 19.30516024355585 ], [ -99.176842653506469, 19.305472763049352 ], [ -99.176671941424573, 19.305439560275968 ], [ -99.176645124279332, 19.305480812529982 ], [ -99.17660746790402, 19.305538738503447 ], [ -99.176570359116639, 19.305609196900949 ], [ -99.176259272635008, 19.305578506679566 ], [ -99.17594730599329, 19.305711909397417 ], [ -99.175363008317319, 19.305967667415064 ], [ -99.175306207177613, 19.305879498193093 ], [ -99.175249189930639, 19.305792860757336 ], [ -99.174953190191459, 19.305921350708864 ], [ -99.174806845895503, 19.305914652954922 ], [ -99.174697482076553, 19.305834286485631 ], [ -99.17469119580268, 19.305747725601559 ], [ -99.174922144985459, 19.305667121498345 ], [ -99.175102917002206, 19.305577973926855 ], [ -99.174078465069556, 19.303780685814804 ], [ -99.173819773845835, 19.303326833312575 ], [ -99.173705424359667, 19.3031262156025 ], [ -99.173667920445965, 19.303060417637631 ], [ -99.173641783760331, 19.303014541130214 ], [ -99.173599824719176, 19.302940892316528 ], [ -99.173567982000051, 19.302885000175618 ], [ -99.173532602678407, 19.302822927551695 ], [ -99.174086402031818, 19.302890005890632 ], [ -99.175338774896204, 19.303073404553775 ], [ -99.176737806083992, 19.303252267925984 ], [ -99.177161519991458, 19.303306436716515 ], [ -99.179257667631177, 19.303428614619964 ], [ -99.179262228784225, 19.303470249190596 ], [ -99.179272526844827, 19.303538649328054 ], [ -99.179282824914225, 19.303607049464443 ], [ -99.179287527350454, 19.303638283190143 ], [ -99.179287936913127, 19.303707854978693 ] ] ] ] } },
{ "type": "Feature", "properties": { "id": 2193.0, "entidad": 9, "distrito_f": 8, "distrito_l": 26, "municipio": 3, "seccion": 694, "tipo": 2, "control": 34352.0, "SECCION_TX": "0694", "SECCION__1": null, "SECCION__2": null, "SECCION_N": "694", "ESTATUS": null, "ALCALDIA_N": "COYOACAN", "EN_OPERATI": null, "EN_OP": "NO", "SEC_N": "694", "EST": null, "ALC_N": "COYOACAN", "OP": "NO", "NOMBRE": "AXOTLA" }, "geometry": { "type": "MultiPolygon", "coordinates": [ [ [ [ -99.171802919858152, 19.359601083001532 ], [ -99.171663334064945, 19.359524655986434 ], [ -99.171031058229232, 19.359127124595531 ], [ -99.170579079672152, 19.35888660946615 ], [ -99.170464691935265, 19.358830359553529 ], [ -99.170295817961545, 19.358756224503122 ], [ -99.170084967272757, 19.358692818495353 ], [ -99.169641388851673, 19.35861806498221 ], [ -99.169303869555065, 19.358598719938694 ], [ -99.168815073477433, 19.358576046449105 ], [ -99.168472875012, 19.358560172309847 ], [ -99.167571457492841, 19.358504549521022 ], [ -99.167272666839068, 19.358486111378195 ], [ -99.16346975593224, 19.358278932211292 ], [ -99.16347117928666, 19.358200867791219 ], [ -99.163474027717712, 19.358044644321957 ], [ -99.163484013276303, 19.357457394984912 ], [ -99.163477519446715, 19.356537072722109 ], [ -99.163465895556541, 19.355603986261773 ], [ -99.164284863841289, 19.355448604788737 ], [ -99.165619618315858, 19.355195355555793 ], [ -99.166988977695397, 19.354935529603949 ], [ -99.167563349317305, 19.354826543472328 ], [ -99.167888392142132, 19.355163981055899 ], [ -99.168255217652487, 19.355572348935439 ], [ -99.168518476557821, 19.355882732863527 ], [ -99.16867264995949, 19.356123220889778 ], [ -99.168894165570165, 19.356468751458255 ], [ -99.169857621016789, 19.356556743642127 ], [ -99.170500352705758, 19.356615441303394 ], [ -99.170984077698847, 19.356673264412493 ], [ -99.171976940722999, 19.356829855371998 ], [ -99.172239487826999, 19.356889717578898 ], [ -99.172284698146271, 19.356899660653596 ], [ -99.172687678076684, 19.357149067902899 ], [ -99.17272915155894, 19.357173578695317 ], [ -99.17274708070633, 19.357184182951823 ], [ -99.172763727654456, 19.357194013125241 ], [ -99.172450567117735, 19.357934376770622 ], [ -99.171854293503628, 19.359449264977084 ], [ -99.171802919858152, 19.359601083001532 ] ] ] ] } },
{ "type": "Feature", "properties": { "id": 2203.0, "entidad": 9, "distrito_f": 8, "distrito_l": 26, "municipio": 3, "seccion": 703, "tipo": 2, "control": 34408.0, "SECCION_TX": "0703", "SECCION__1": null, "SECCION__2": null, "SECCION_N": "703", "ESTATUS": null, "ALCALDIA_N": "COYOACAN", "EN_OPERATI": null, "EN_OP": "NO", "SEC_N": "703", "EST": null, "ALC_N": "COYOACAN", "OP": "NO", "NOMBRE": "AXOTLA" }, "geometry": { "type": "MultiPolygon", "coordinates": [ [ [ [ -99.172763727654456, 19.357194013125241 ], [ -99.17274708070633, 19.357184182951823 ], [ -99.17272915155894, 19.357173578695317 ], [ -99.172687678076684, 19.357149067902899 ], [ -99.172284698146271, 19.356899660653596 ], [ -99.172239487826999, 19.356889717578898 ], [ -99.171976940722999, 19.356829855371998 ], [ -99.170984077698847, 19.356673264412493 ], [ -99.170500352705758, 19.356615441303394 ], [ -99.169857621016789, 19.356556743642127 ], [ -99.168894165570165, 19.356468751458255 ], [ -99.16867264995949, 19.356123220889778 ], [ -99.168518476557821, 19.355882732863527 ], [ -99.168255217652487, 19.355572348935439 ], [ -99.167888392142132, 19.355163981055899 ], [ -99.168531861917089, 19.353704279356759 ], [ -99.168921008414941, 19.352821492585448 ], [ -99.169278810584586, 19.352009801966172 ], [ -99.169687359038321, 19.351143879233447 ], [ -99.169719538336267, 19.35107537423735 ], [ -99.169751717607525, 19.351006869235157 ], [ -99.169842813359494, 19.350812929410772 ], [ -99.17039051746697, 19.349456194058664 ], [ -99.170413443026135, 19.349399403899717 ], [ -99.171168562753451, 19.349428440496244 ], [ -99.171679671942812, 19.349448092380189 ], [ -99.172589773022636, 19.349483081733283 ], [ -99.173311697580729, 19.34951083328793 ], [ -99.173453091992428, 19.349516268304676 ], [ -99.174468585613212, 19.349555299318364 ], [ -99.174736416661645, 19.349565592594264 ], [ -99.174624075991744, 19.349935385739155 ], [ -99.17469481433811, 19.349982679221316 ], [ -99.174619753515373, 19.350352418439059 ], [ -99.174488817507878, 19.350697457183824 ], [ -99.174469283103406, 19.350742843782051 ], [ -99.174351705126966, 19.351016026063611 ], [ -99.175127197352296, 19.351195724319581 ], [ -99.176769599298012, 19.351576292001297 ], [ -99.17721381020327, 19.351679219074079 ], [ -99.177538108078807, 19.351757802094074 ], [ -99.17760137800316, 19.351777808023634 ], [ -99.177528404576179, 19.351892271221775 ], [ -99.177480989155896, 19.351966645051959 ], [ -99.177415873807988, 19.352068782112728 ], [ -99.177303342798794, 19.352245292932682 ], [ -99.177237472789642, 19.352361287881678 ], [ -99.177171226198055, 19.352477945790955 ], [ -99.177104979512819, 19.352594603675303 ], [ -99.176064713881615, 19.353431805454552 ], [ -99.175585349673256, 19.353872608256051 ], [ -99.175481041146966, 19.353982734076535 ], [ -99.175255797468211, 19.354257516985157 ], [ -99.174983308633884, 19.354643497744426 ], [ -99.174216603173434, 19.355476563024858 ], [ -99.173584799359176, 19.356148294440523 ], [ -99.173018893378284, 19.356779497106345 ], [ -99.172763727654456, 19.357194013125241 ] ] ] ] } },
{ "type": "Feature", "properties": { "id": 2148.0, "entidad": 9, "distrito_f": 8, "distrito_l": 30, "municipio": 3, "seccion": 510, "tipo": 2, "control": 34798.0, "SECCION_TX": "0510", "SECCION__1": null, "SECCION__2": null, "SECCION_N": "510", "ESTATUS": null, "ALCALDIA_N": "COYOACAN", "EN_OPERATI": null, "EN_OP": "NO", "SEC_N": "510", "EST": null, "ALC_N": "COYOACAN", "OP": "NO", "NOMBRE": "BUENAVISTA" }, "geometry": { "type": "MultiPolygon", "coordinates": [ [ [ [ -99.148809634958042, 19.304563217160624 ], [ -99.148621649920671, 19.30517826480995 ], [ -99.148425757608351, 19.305728032555898 ], [ -99.148519824505883, 19.30601195789712 ], [ -99.148588862591637, 19.305938607714246 ], [ -99.148822434955378, 19.30591174830564 ], [ -99.149189050281663, 19.306001738328902 ], [ -99.149320322161614, 19.306018125169583 ], [ -99.149444396325833, 19.306026607604469 ], [ -99.149544841221001, 19.30609268869302 ], [ -99.149920546597428, 19.306176104433007 ], [ -99.149530607032176, 19.306891906625257 ], [ -99.149438070926422, 19.306936358570105 ], [ -99.149011886375277, 19.306841224425192 ], [ -99.148777229671921, 19.306820812838247 ], [ -99.148708781459689, 19.306814858820452 ], [ -99.148366389867135, 19.306904533345918 ], [ -99.148212086041994, 19.306842989051457 ], [ -99.147859106749124, 19.306768816505709 ], [ -99.147747103238785, 19.306744924164665 ], [ -99.147226148261666, 19.306607740122853 ], [ -99.147016005391563, 19.306561365051007 ], [ -99.146868873698807, 19.30649332912532 ], [ -99.146623649048394, 19.306373840547412 ], [ -99.146345534748335, 19.30622010490757 ], [ -99.145970337384909, 19.306095097458734 ], [ -99.145937008053863, 19.306023645129432 ], [ -99.145767486316174, 19.30587018533296 ], [ -99.145781135519002, 19.30575209739991 ], [ -99.145519221757922, 19.305695846144367 ], [ -99.14516022669396, 19.305526683185303 ], [ -99.144673891011195, 19.305259781352667 ], [ -99.14456292438949, 19.305201174036057 ], [ -99.144520990435396, 19.305179026477894 ], [ -99.146436228578381, 19.302668136785581 ], [ -99.146564303178351, 19.302731340523994 ], [ -99.147063125408579, 19.302975102929953 ], [ -99.147700549056765, 19.303874995879163 ], [ -99.148809634958042, 19.304563217160624 ] ] ] ] } },
{ "type": "Feature", "properties": { "id": 2103.0, "entidad": 9, "distrito_f": 8, "distrito_l": 26, "municipio": 3, "seccion": 465, "tipo": 2, "control": 35665.0, "SECCION_TX": "0465", "SECCION__1": null, "SECCION__2": null, "SECCION_N": "465", "ESTATUS": null, "ALCALDIA_N": "COYOACAN", "EN_OPERATI": null, "EN_OP": "NO", "SEC_N": "465", "EST": null, "ALC_N": "COYOACAN", "OP": "NO", "NOMBRE": "CENTRO URBANO" }, "geometry": { "type": "MultiPolygon", "coordinates": [ [ [ [ -99.174397700971767, 19.30820588199046 ], [ -99.174009753080483, 19.30836094163028 ], [ -99.17337185985339, 19.308581654347552 ], [ -99.172495650610585, 19.308993102623976 ], [ -99.170821320303773, 19.309756888153405 ], [ -99.169741224280443, 19.310249587694585 ], [ -99.169688337535845, 19.310136554817564 ], [ -99.16967880376933, 19.310116178633667 ], [ -99.16964804894657, 19.310075832731464 ], [ -99.169684152326852, 19.310038387437793 ], [ -99.169912125283986, 19.309801940477797 ], [ -99.169929209516425, 19.309784221167014 ], [ -99.17130200139718, 19.309165427940112 ], [ -99.171347015819592, 19.309145137196644 ], [ -99.173092012094955, 19.308389365038057 ], [ -99.173338514261431, 19.308130175936718 ], [ -99.173729842865157, 19.30758176677109 ], [ -99.173759958018607, 19.307494718477439 ], [ -99.173678060267008, 19.307420352067751 ], [ -99.173603951345697, 19.307353058134559 ], [ -99.17359732069535, 19.307223586847066 ], [ -99.173609209182203, 19.307197451865083 ], [ -99.173742765897074, 19.306903847659548 ], [ -99.173758835085906, 19.306868521905141 ], [ -99.173953664637949, 19.306440216398236 ], [ -99.174154626293458, 19.306107082358391 ], [ -99.174238641995984, 19.306082294710482 ], [ -99.174806845895503, 19.305914652954922 ], [ -99.174953190191459, 19.305921350708864 ], [ -99.175249189930639, 19.305792860757336 ], [ -99.175306207177613, 19.305879498193093 ], [ -99.175363008317319, 19.305967667415064 ], [ -99.17594730599329, 19.305711909397417 ], [ -99.175943342222581, 19.306609418841894 ], [ -99.175957211549132, 19.306919486638844 ], [ -99.176058106839562, 19.307449264314357 ], [ -99.175621055703488, 19.307648422949001 ], [ -99.175159424459892, 19.307858780766221 ], [ -99.174397700971767, 19.30820588199046 ] ] ] ] } },
{ "type": "Feature", "properties": { "id": 2104.0, "entidad": 9, "distrito_f": 8, "distrito_l": 26, "municipio": 3, "seccion": 466, "tipo": 2, "control": 35674.0, "SECCION_TX": "0466", "SECCION__1": null, "SECCION__2": null, "SECCION_N": "466", "ESTATUS": "COMPLETA", "ALCALDIA_N": "COYOACAN", "EN_OPERATI": null, "EN_OP": "SI", "SEC_N": "466", "EST": "COMPLETA", "ALC_N": "COYOACAN", "OP": "SI", "NOMBRE": "CENTRO URBANO" }, "geometry": { "type": "MultiPolygon", "coordinates": [ [ [ [ -99.173729842865157, 19.30758176677109 ], [ -99.173338514261431, 19.308130175936718 ], [ -99.173092012094955, 19.308389365038057 ], [ -99.171347015819592, 19.309145137196644 ], [ -99.171318022332571, 19.309016746376972 ], [ -99.171289028891621, 19.308888355550554 ], [ -99.170785408986262, 19.308582424598878 ], [ -99.170806446601532, 19.308554648648002 ], [ -99.170973408803349, 19.308334208134692 ], [ -99.170861915451425, 19.308261359466204 ], [ -99.170872706023431, 19.308243204966065 ], [ -99.171009812273766, 19.308012531392684 ], [ -99.171031417819236, 19.307976181206321 ], [ -99.171056348814332, 19.307934236103911 ], [ -99.171341323926484, 19.307454778540428 ], [ -99.171506638695277, 19.307560405246047 ], [ -99.17172143101179, 19.307217323816573 ], [ -99.171863697820243, 19.307326619537665 ], [ -99.172178540211533, 19.307136644808075 ], [ -99.172371595225883, 19.307064051550583 ], [ -99.173384438201282, 19.306683194212319 ], [ -99.173758835085906, 19.306868521905141 ], [ -99.173742765897074, 19.306903847659548 ], [ -99.173609209182203, 19.307197451865083 ], [ -99.17359732069535, 19.307223586847066 ], [ -99.173603951345697, 19.307353058134559 ], [ -99.173678060267008, 19.307420352067751 ], [ -99.173759958018607, 19.307494718477439 ], [ -99.173729842865157, 19.30758176677109 ] ] ] ] } },
{ "type": "Feature", "properties": { "id": 2098.0, "entidad": 9, "distrito_f": 8, "distrito_l": 26, "municipio": 3, "seccion": 460, "tipo": 2, "control": 35667.0, "SECCION_TX": "0460", "SECCION__1": null, "SECCION__2": null, "SECCION_N": "460", "ESTATUS": "COMPLETA", "ALCALDIA_N": "COYOACAN", "EN_OPERATI": null, "EN_OP": "SI", "SEC_N": "460", "EST": "COMPLETA", "ALC_N": "COYOACAN", "OP": "SI", "NOMBRE": "PEDREGAL DEL MAUREL" }, "geometry": { "type": "MultiPolygon", "coordinates": [ [ [ [ -99.174607988022387, 19.310164345439823 ], [ -99.172845984355362, 19.310932228632744 ], [ -99.172816970802586, 19.310865254290977 ], [ -99.172792466298503, 19.31080868850583 ], [ -99.172768104289801, 19.310752451612064 ], [ -99.172719000942251, 19.310639102055276 ], [ -99.172693203786579, 19.310579617895428 ], [ -99.172411974741152, 19.309931145122199 ], [ -99.172885927390055, 19.30969024099312 ], [ -99.172495650610585, 19.308993102623976 ], [ -99.17337185985339, 19.308581654347552 ], [ -99.174009753080483, 19.30836094163028 ], [ -99.174074396324031, 19.308579445323112 ], [ -99.174295258033922, 19.30938753144844 ], [ -99.174372463994331, 19.309628472661977 ], [ -99.174449180417909, 19.309861690833706 ], [ -99.174546718380327, 19.310004869880917 ], [ -99.174607988022387, 19.310164345439823 ] ] ] ] } },
{ "type": "Feature", "properties": { "id": 2099.0, "entidad": 9, "distrito_f": 8, "distrito_l": 26, "municipio": 3, "seccion": 461, "tipo": 2, "control": 35666.0, "SECCION_TX": "0461", "SECCION__1": null, "SECCION__2": null, "SECCION_N": "461", "ESTATUS": null, "ALCALDIA_N": "COYOACAN", "EN_OPERATI": null, "EN_OP": "NO", "SEC_N": "461", "EST": null, "ALC_N": "COYOACAN", "OP": "NO", "NOMBRE": "PEDREGAL DEL MAUREL" }, "geometry": { "type": "MultiPolygon", "coordinates": [ [ [ [ -99.175976191641993, 19.309574884857245 ], [ -99.175910096369705, 19.309602857304199 ], [ -99.175388750699696, 19.30982349693776 ], [ -99.174607988022387, 19.310164345439823 ], [ -99.174546718380327, 19.310004869880917 ], [ -99.174449180417909, 19.309861690833706 ], [ -99.174372463994331, 19.309628472661977 ], [ -99.174295258033922, 19.30938753144844 ], [ -99.174074396324031, 19.308579445323112 ], [ -99.174009753080483, 19.30836094163028 ], [ -99.174397700971767, 19.30820588199046 ], [ -99.174662895182124, 19.308745887605895 ], [ -99.175141553708073, 19.308543169845564 ], [ -99.175791461572771, 19.30934515779386 ], [ -99.175873580502198, 19.309447279553119 ], [ -99.175919950054706, 19.309504943897931 ], [ -99.175976191641993, 19.309574884857245 ] ] ] ] } },
{ "type": "Feature", "properties": { "id": 2100.0, "entidad": 9, "distrito_f": 8, "distrito_l": 26, "municipio": 3, "seccion": 462, "tipo": 2, "control": 35661.0, "SECCION_TX": "0462", "SECCION__1": null, "SECCION__2": null, "SECCION_N": "462", "ESTATUS": null, "ALCALDIA_N": "COYOACAN", "EN_OPERATI": null, "EN_OP": "NO", "SEC_N": "462", "EST": null, "ALC_N": "COYOACAN", "OP": "NO", "NOMBRE": "PEDREGAL DEL MAUREL" }, "geometry": { "type": "MultiPolygon", "coordinates": [ [ [ [ -99.180879486812117, 19.307477946202081 ], [ -99.180464026492913, 19.307666071495621 ], [ -99.180292408633562, 19.307743781669021 ], [ -99.18010958808047, 19.307825507056627 ], [ -99.177869100419741, 19.308763138624339 ], [ -99.176454012216908, 19.30935492389073 ], [ -99.175976191641993, 19.309574884857245 ], [ -99.175919950054706, 19.309504943897931 ], [ -99.175873580502198, 19.309447279553119 ], [ -99.175791461572771, 19.30934515779386 ], [ -99.175141553708073, 19.308543169845564 ], [ -99.174662895182124, 19.308745887605895 ], [ -99.174397700971767, 19.30820588199046 ], [ -99.175159424459892, 19.307858780766221 ], [ -99.175621055703488, 19.307648422949001 ], [ -99.176058106839562, 19.307449264314357 ], [ -99.178372291142907, 19.306338253898378 ], [ -99.178281472499947, 19.306108983551159 ], [ -99.17840546463907, 19.306061193120488 ], [ -99.178385341825148, 19.306016200444958 ], [ -99.178357655762639, 19.305954297028602 ], [ -99.178326752503835, 19.305887983765686 ], [ -99.17836012841758, 19.305875647688005 ], [ -99.178399590796417, 19.305859178664445 ], [ -99.178541228153904, 19.305801119809725 ], [ -99.179475435825523, 19.305400038755081 ], [ -99.179777896619711, 19.305227036122062 ], [ -99.179862769998365, 19.30533316592312 ], [ -99.17994256473969, 19.30543294498603 ], [ -99.180339783727163, 19.305373676695019 ], [ -99.180370982803552, 19.30591461023479 ], [ -99.180425998946376, 19.306868477656863 ], [ -99.180451545193634, 19.307337726807198 ], [ -99.180816821293959, 19.307457413289956 ], [ -99.180879486812117, 19.307477946202081 ] ] ] ] } },
{ "type": "Feature", "properties": { "id": 2105.0, "entidad": 9, "distrito_f": 8, "distrito_l": 26, "municipio": 3, "seccion": 467, "tipo": 2, "control": 35680.0, "SECCION_TX": "0467", "SECCION__1": null, "SECCION__2": null, "SECCION_N": "467", "ESTATUS": "COMPLETA", "ALCALDIA_N": "COYOACAN", "EN_OPERATI": null, "EN_OP": "SI", "SEC_N": "467", "EST": "COMPLETA", "ALC_N": "COYOACAN", "OP": "SI", "NOMBRE": "OLIMPICA" }, "geometry": { "type": "MultiPolygon", "coordinates": [ [ [ [ -99.170799581775981, 19.307460161311553 ], [ -99.170778145145633, 19.307604885059895 ], [ -99.170661707004228, 19.307796619895029 ], [ -99.170588340034399, 19.307917430589278 ], [ -99.170548089383786, 19.307908101187969 ], [ -99.170467506364716, 19.307875072556108 ], [ -99.17043802548713, 19.307863104047367 ], [ -99.17039948018629, 19.307906201345865 ], [ -99.170256092198684, 19.307844900139603 ], [ -99.170115667658251, 19.307778402721603 ], [ -99.169955734111298, 19.307697117060467 ], [ -99.169869957469103, 19.307693495335553 ], [ -99.169803686113255, 19.307700960150903 ], [ -99.169756988779724, 19.307786139816656 ], [ -99.169772793926228, 19.307989711746806 ], [ -99.169648010335877, 19.307967618321602 ], [ -99.169542774033616, 19.307997328705905 ], [ -99.169460827386615, 19.307927074880055 ], [ -99.169454845623193, 19.307903939859553 ], [ -99.169417769391671, 19.307760543969088 ], [ -99.169378648354538, 19.30763102514371 ], [ -99.169257870473871, 19.307712571839058 ], [ -99.169214737924221, 19.307727070113241 ], [ -99.169059101918336, 19.307779384407944 ], [ -99.168914908355362, 19.307838743112278 ], [ -99.168720102806475, 19.307968478424446 ], [ -99.168493351049932, 19.30765231714653 ], [ -99.168454637625842, 19.30759833864505 ], [ -99.168457946108688, 19.307415813743045 ], [ -99.168444318391025, 19.307389445866246 ], [ -99.168345517014686, 19.307200884272486 ], [ -99.168307920340553, 19.307125532691643 ], [ -99.16890810301453, 19.306841440202724 ], [ -99.168929750591531, 19.306888977678145 ], [ -99.168982302737632, 19.307004380598087 ], [ -99.17019248076241, 19.306478433413996 ], [ -99.170221821582828, 19.306465681659621 ], [ -99.170259716787157, 19.306449193216672 ], [ -99.170297611983841, 19.306432704765886 ], [ -99.170364206818434, 19.306403561668667 ], [ -99.170395826995204, 19.306389724098551 ], [ -99.170411966094306, 19.306423038180004 ], [ -99.170606552714943, 19.30682469970953 ], [ -99.170730061592792, 19.307079642941595 ], [ -99.17075850596143, 19.307192086361596 ], [ -99.170799581775981, 19.307460161311553 ] ] ] ] } },
{ "type": "Feature", "properties": { "id": 2115.0, "entidad": 9, "distrito_f": 8, "distrito_l": 26, "municipio": 3, "seccion": 475, "tipo": 2, "control": 35678.0, "SECCION_TX": "0475", "SECCION__1": null, "SECCION__2": null, "SECCION_N": "475", "ESTATUS": null, "ALCALDIA_N": "COYOACAN", "EN_OPERATI": null, "EN_OP": "NO", "SEC_N": "475", "EST": null, "ALC_N": "COYOACAN", "OP": "NO", "NOMBRE": "OLIMPICA" }, "geometry": { "type": "MultiPolygon", "coordinates": [ [ [ [ -99.170395826995204, 19.306389724098551 ], [ -99.170364206818434, 19.306403561668667 ], [ -99.170297611983841, 19.306432704765886 ], [ -99.170259716787157, 19.306449193216672 ], [ -99.170221821582828, 19.306465681659621 ], [ -99.17019248076241, 19.306478433413996 ], [ -99.168982302737632, 19.307004380598087 ], [ -99.168929750591531, 19.306888977678145 ], [ -99.16890810301453, 19.306841440202724 ], [ -99.168307920340553, 19.307125532691643 ], [ -99.16802807024844, 19.306584054731225 ], [ -99.167987897885098, 19.306601006757774 ], [ -99.167654866602646, 19.306741539591901 ], [ -99.166598875781844, 19.304726468150079 ], [ -99.166628227509634, 19.3047072480312 ], [ -99.166805837860181, 19.304560086440784 ], [ -99.167077031144075, 19.304176421693651 ], [ -99.167278256871597, 19.304114407035211 ], [ -99.167405425026431, 19.303999061118876 ], [ -99.167751632171104, 19.303824987529364 ], [ -99.167945346845755, 19.303725622625819 ], [ -99.168054831896825, 19.303669105374688 ], [ -99.16816800280715, 19.303609671262006 ], [ -99.16823784225906, 19.303574009370816 ], [ -99.168282101144385, 19.303549577254756 ], [ -99.16834326131216, 19.303519293233308 ], [ -99.16837845520341, 19.303502208514573 ], [ -99.168557212888643, 19.303829137098372 ], [ -99.168649273643155, 19.303987088251198 ], [ -99.168977470992843, 19.304574696105085 ], [ -99.169321961060803, 19.305191469373348 ], [ -99.169660446914918, 19.305675646339814 ], [ -99.169781177326399, 19.305772640433911 ], [ -99.170043819307381, 19.305983644760662 ], [ -99.170171936658306, 19.306073411477559 ], [ -99.170395826995204, 19.306389724098551 ] ] ] ] } },
{ "type": "Feature", "properties": { "id": 4741.0, "entidad": 9, "distrito_f": 19, "distrito_l": 30, "municipio": 3, "seccion": 554, "tipo": 2, "control": 36340.0, "SECCION_TX": "0554", "SECCION__1": null, "SECCION__2": null, "SECCION_N": "554", "ESTATUS": null, "ALCALDIA_N": "COYOACAN", "EN_OPERATI": null, "EN_OP": "NO", "SEC_N": "554", "EST": null, "ALC_N": "COYOACAN", "OP": "NO", "NOMBRE": "TAXQUE�A" }, "geometry": { "type": "MultiPolygon", "coordinates": [ [ [ [ -99.126418112650313, 19.341907284808904 ], [ -99.126367059846118, 19.341820896522286 ], [ -99.126284899459719, 19.341716219365619 ], [ -99.126243819305884, 19.34166388077276 ], [ -99.126202739178254, 19.34161154217011 ], [ -99.126177081598399, 19.34149213750716 ], [ -99.126016421715732, 19.341477814407757 ], [ -99.125504242893086, 19.341432151839477 ], [ -99.123810066134794, 19.341281099497486 ], [ -99.123304081186475, 19.341212471269021 ], [ -99.12201221597131, 19.341049853271112 ], [ -99.121899001844781, 19.341021665730878 ], [ -99.121851816592383, 19.341011397371769 ], [ -99.121718252097423, 19.34098604890335 ], [ -99.121725952843647, 19.340961401062767 ], [ -99.121753223052849, 19.340802084151012 ], [ -99.121815776600144, 19.340669011172583 ], [ -99.123708548980886, 19.340949278789186 ], [ -99.123914637517899, 19.340137991277984 ], [ -99.123941682722759, 19.340021474558565 ], [ -99.124090550443071, 19.339380116503534 ], [ -99.123990984837334, 19.339358950311148 ], [ -99.12389141925695, 19.339337784064259 ], [ -99.123043226718508, 19.339139197283615 ], [ -99.123219871396003, 19.338470038973544 ], [ -99.123383697663883, 19.337837192398364 ], [ -99.123418884292292, 19.337741142704232 ], [ -99.123454716688499, 19.337644296753655 ], [ -99.124767709334847, 19.33796214226091 ], [ -99.125048515143405, 19.338030117537784 ], [ -99.125677310395389, 19.338172625495698 ], [ -99.126281523534473, 19.338353316389849 ], [ -99.127119284744097, 19.338604232998023 ], [ -99.127286287899864, 19.338654279216385 ], [ -99.127734409299237, 19.338788567873184 ], [ -99.127699935220264, 19.338869586373146 ], [ -99.127654554219589, 19.338976666520722 ], [ -99.127383484111462, 19.339600516436189 ], [ -99.127058412390411, 19.340352001108922 ], [ -99.126927640538028, 19.340694585806755 ], [ -99.126886232128683, 19.340803063630112 ], [ -99.126858558000464, 19.340875561601202 ], [ -99.126744784302147, 19.3411736140785 ], [ -99.126720510454803, 19.341265013728641 ], [ -99.126696236580742, 19.34135641337469 ], [ -99.126603462615662, 19.341586510331105 ], [ -99.126510688392315, 19.341816607235952 ], [ -99.126418112650313, 19.341907284808904 ] ] ] ] } },
{ "type": "Feature", "properties": { "id": 4742.0, "entidad": 9, "distrito_f": 19, "distrito_l": 30, "municipio": 3, "seccion": 555, "tipo": 2, "control": 36336.0, "SECCION_TX": "0555", "SECCION__1": null, "SECCION__2": null, "SECCION_N": "555", "ESTATUS": null, "ALCALDIA_N": "COYOACAN", "EN_OPERATI": null, "EN_OP": "NO", "SEC_N": "555", "EST": null, "ALC_N": "COYOACAN", "OP": "NO", "NOMBRE": "TAXQUE�A" }, "geometry": { "type": "MultiPolygon", "coordinates": [ [ [ [ -99.123708548980886, 19.340949278789186 ], [ -99.121815776600144, 19.340669011172583 ], [ -99.12212960129078, 19.339647455912196 ], [ -99.122169660513279, 19.339501738203797 ], [ -99.12238707414231, 19.338710879067463 ], [ -99.122420784310876, 19.338588254980721 ], [ -99.122671269978824, 19.337677082567353 ], [ -99.122697614774879, 19.337581249526796 ], [ -99.122723959540522, 19.33748541648151 ], [ -99.123298073667669, 19.33761023990418 ], [ -99.123454716688499, 19.337644296753655 ], [ -99.123418884292292, 19.337741142704232 ], [ -99.123383697663883, 19.337837192398364 ], [ -99.123219871396003, 19.338470038973544 ], [ -99.123043226718508, 19.339139197283615 ], [ -99.12389141925695, 19.339337784064259 ], [ -99.123990984837334, 19.339358950311148 ], [ -99.124090550443071, 19.339380116503534 ], [ -99.123941682722759, 19.340021474558565 ], [ -99.123914637517899, 19.340137991277984 ], [ -99.123708548980886, 19.340949278789186 ] ] ] ] } },
{ "type": "Feature", "properties": { "id": 4749.0, "entidad": 9, "distrito_f": 19, "distrito_l": 30, "municipio": 3, "seccion": 562, "tipo": 2, "control": 36351.0, "SECCION_TX": "0562", "SECCION__1": null, "SECCION__2": null, "SECCION_N": "562", "ESTATUS": null, "ALCALDIA_N": "COYOACAN", "EN_OPERATI": null, "EN_OP": "NO", "SEC_N": "562", "EST": null, "ALC_N": "COYOACAN", "OP": "NO", "NOMBRE": "TAXQUE�A" }, "geometry": { "type": "MultiPolygon", "coordinates": [ [ [ [ -99.128143323851617, 19.338906005836829 ], [ -99.127734409299237, 19.338788567873184 ], [ -99.127286287899864, 19.338654279216385 ], [ -99.127119284744097, 19.338604232998023 ], [ -99.126281523534473, 19.338353316389849 ], [ -99.125677310395389, 19.338172625495698 ], [ -99.125048515143405, 19.338030117537784 ], [ -99.124767709334847, 19.33796214226091 ], [ -99.123454716688499, 19.337644296753655 ], [ -99.123298073667669, 19.33761023990418 ], [ -99.122723959540522, 19.33748541648151 ], [ -99.122800386346242, 19.337057222817172 ], [ -99.122967882782319, 19.336118788818716 ], [ -99.123086295785541, 19.33545534856551 ], [ -99.123112792425147, 19.335335307616752 ], [ -99.123278940435313, 19.334580094310233 ], [ -99.123319972552977, 19.334393584813331 ], [ -99.123755577121017, 19.33449639190248 ], [ -99.124126872195404, 19.334549536297786 ], [ -99.124536149956427, 19.33461069853853 ], [ -99.124950281371454, 19.334675571651786 ], [ -99.125334169861603, 19.334740446546061 ], [ -99.125723151711028, 19.334799251230628 ], [ -99.125819505887378, 19.334319071445542 ], [ -99.126371703027289, 19.334420068028578 ], [ -99.126472042444533, 19.333884413864613 ], [ -99.126495496234185, 19.33388762770436 ], [ -99.126985929298399, 19.333954830335678 ], [ -99.127677170415112, 19.334065290081156 ], [ -99.127672312709194, 19.33429674252643 ], [ -99.127667454991652, 19.334528194965788 ], [ -99.12826594452973, 19.334558379706426 ], [ -99.128272382445388, 19.335061442062038 ], [ -99.128300618434892, 19.335093939823086 ], [ -99.128346986834956, 19.335122599211385 ], [ -99.128457817196534, 19.335126346754382 ], [ -99.128538399464816, 19.335101423533061 ], [ -99.128578674869573, 19.335068877501524 ], [ -99.12858479785271, 19.33516833887456 ], [ -99.128581035764597, 19.33551073303504 ], [ -99.1285529298775, 19.335644648973144 ], [ -99.128432128582887, 19.335911521316181 ], [ -99.128314022137104, 19.336190468098284 ], [ -99.128300953269644, 19.336216508621586 ], [ -99.128259656429321, 19.336298795059129 ], [ -99.128232579296878, 19.336395800004464 ], [ -99.128221625875412, 19.336660653166284 ], [ -99.128210672421361, 19.336925506320071 ], [ -99.128205203060347, 19.337059704404215 ], [ -99.128188534800984, 19.337468681170392 ], [ -99.128188028146454, 19.337501258819117 ], [ -99.128186199552403, 19.337618836470103 ], [ -99.128180764337429, 19.337968317185037 ], [ -99.128160686715006, 19.338382753521401 ], [ -99.128159554320575, 19.338416879783505 ], [ -99.128143323851617, 19.338906005836829 ] ] ] ] } },
{ "type": "Feature", "properties": { "id": 4794.0, "entidad": 9, "distrito_f": 19, "distrito_l": 30, "municipio": 3, "seccion": 618, "tipo": 2, "control": 36967.0, "SECCION_TX": "0618", "SECCION__1": null, "SECCION__2": null, "SECCION_N": "618", "ESTATUS": null, "ALCALDIA_N": "COYOACAN", "EN_OPERATI": null, "EN_OP": "NO", "SEC_N": "618", "EST": null, "ALC_N": "COYOACAN", "OP": "NO", "NOMBRE": "POPULAR EMILIANO ZAPATA" }, "geometry": { "type": "MultiPolygon", "coordinates": [ [ [ [ -99.11369416363361, 19.320671160868788 ], [ -99.113511107061328, 19.320724541952767 ], [ -99.112883124210896, 19.320896245358611 ], [ -99.11285793974649, 19.32076597892463 ], [ -99.112558514097984, 19.320565329172812 ], [ -99.112257453584803, 19.320346317410667 ], [ -99.111952354276099, 19.320124366444933 ], [ -99.111637724961952, 19.319895481503334 ], [ -99.111037605881208, 19.319458906613715 ], [ -99.110939780633373, 19.319387740249816 ], [ -99.110726516274894, 19.319232593309188 ], [ -99.110346422674795, 19.318956078993658 ], [ -99.110161445108147, 19.318821509025049 ], [ -99.109716045987483, 19.318514206699653 ], [ -99.109537724778249, 19.318391173669323 ], [ -99.109400688940553, 19.318296625307941 ], [ -99.109069936504966, 19.318068420615578 ], [ -99.109097246700316, 19.317996214160452 ], [ -99.109432484397942, 19.318047789705187 ], [ -99.109769910985207, 19.318096895772641 ], [ -99.109851724854991, 19.31747432246534 ], [ -99.110167130113069, 19.317514223026254 ], [ -99.11053530601086, 19.317555339839139 ], [ -99.110907686331203, 19.317593038657993 ], [ -99.111236305540359, 19.317620414928577 ], [ -99.111572345391266, 19.317661436751656 ], [ -99.111907368995361, 19.317691702413633 ], [ -99.112168948260873, 19.317707584083376 ], [ -99.112050813381074, 19.317440958168412 ], [ -99.112121808368585, 19.317422874769381 ], [ -99.112200487140726, 19.317402834167837 ], [ -99.113638440316691, 19.320442503160816 ], [ -99.11369416363361, 19.320671160868788 ] ] ] ] } },
{ "type": "Feature", "properties": { "id": 4795.0, "entidad": 9, "distrito_f": 19, "distrito_l": 30, "municipio": 3, "seccion": 632, "tipo": 2, "control": 36972.0, "SECCION_TX": "0632", "SECCION__1": null, "SECCION__2": null, "SECCION_N": "632", "ESTATUS": null, "ALCALDIA_N": "COYOACAN", "EN_OPERATI": null, "EN_OP": "NO", "SEC_N": "632", "EST": null, "ALC_N": "COYOACAN", "OP": "NO", "NOMBRE": "POPULAR EMILIANO ZAPATA" }, "geometry": { "type": "MultiPolygon", "coordinates": [ [ [ [ -99.112200487140726, 19.317402834167837 ], [ -99.112121808368585, 19.317422874769381 ], [ -99.112050813381074, 19.317440958168412 ], [ -99.112168948260873, 19.317707584083376 ], [ -99.111907368995361, 19.317691702413633 ], [ -99.111572345391266, 19.317661436751656 ], [ -99.111236305540359, 19.317620414928577 ], [ -99.110907686331203, 19.317593038657993 ], [ -99.11053530601086, 19.317555339839139 ], [ -99.110167130113069, 19.317514223026254 ], [ -99.109851724854991, 19.31747432246534 ], [ -99.109940073500823, 19.316638385740536 ], [ -99.10997215754891, 19.31629323059359 ], [ -99.110033961251588, 19.31556563757799 ], [ -99.110175571716908, 19.315580795634801 ], [ -99.110414602975638, 19.315606381407449 ], [ -99.110767317130851, 19.315638214751392 ], [ -99.111075206689705, 19.315668684398894 ], [ -99.111223383782004, 19.315683348246242 ], [ -99.111409765438694, 19.315701792704942 ], [ -99.112200487140726, 19.317402834167837 ] ] ] ] } },
{ "type": "Feature", "properties": { "id": 4796.0, "entidad": 9, "distrito_f": 19, "distrito_l": 30, "municipio": 3, "seccion": 633, "tipo": 2, "control": 36977.0, "SECCION_TX": "0633", "SECCION__1": null, "SECCION__2": null, "SECCION_N": "633", "ESTATUS": null, "ALCALDIA_N": "COYOACAN", "EN_OPERATI": null, "EN_OP": "NO", "SEC_N": "633", "EST": null, "ALC_N": "COYOACAN", "OP": "NO", "NOMBRE": "POPULAR EMILIANO ZAPATA" }, "geometry": { "type": "MultiPolygon", "coordinates": [ [ [ [ -99.110144289216663, 19.319310240462027 ], [ -99.109752154117999, 19.319374173249745 ], [ -99.109580400789199, 19.319396165498862 ], [ -99.109414684689696, 19.319424247993325 ], [ -99.109082642633751, 19.319469653019745 ], [ -99.10900176199209, 19.31948469120033 ], [ -99.108776919484754, 19.319520989933064 ], [ -99.108449447278829, 19.319577466943283 ], [ -99.108323036531715, 19.318883537059879 ], [ -99.108005830151541, 19.318945505725747 ], [ -99.107845433329999, 19.317968644031723 ], [ -99.10775273340839, 19.317394600434906 ], [ -99.107794244463847, 19.317341986748367 ], [ -99.107877272245204, 19.317245524204147 ], [ -99.107967557501752, 19.317307818422229 ], [ -99.108479603693155, 19.31766111374715 ], [ -99.108774769734097, 19.317864767424194 ], [ -99.109069936504966, 19.318068420615578 ], [ -99.109400688940553, 19.318296625307941 ], [ -99.109537724778249, 19.318391173669323 ], [ -99.109716045987483, 19.318514206699653 ], [ -99.110161445108147, 19.318821509025049 ], [ -99.110060692754772, 19.318917280577246 ], [ -99.110144289216663, 19.319310240462027 ] ] ] ] } },
{ "type": "Feature", "properties": { "id": 4808.0, "entidad": 9, "distrito_f": 19, "distrito_l": 30, "municipio": 3, "seccion": 639, "tipo": 2, "control": 36991.0, "SECCION_TX": "0639", "SECCION__1": null, "SECCION__2": null, "SECCION_N": "639", "ESTATUS": null, "ALCALDIA_N": "COYOACAN", "EN_OPERATI": null, "EN_OP": "NO", "SEC_N": "639", "EST": null, "ALC_N": "COYOACAN", "OP": "NO", "NOMBRE": "POPULAR EMILIANO ZAPATA" }, "geometry": { "type": "MultiPolygon", "coordinates": [ [ [ [ -99.109940073500823, 19.316638385740536 ], [ -99.109608134875288, 19.316601245477681 ], [ -99.109264446502181, 19.31657444994314 ], [ -99.108934042243206, 19.316549678320321 ], [ -99.108607881899118, 19.316520838591245 ], [ -99.108278407275705, 19.316482782035401 ], [ -99.107946565616928, 19.316449226564501 ], [ -99.107605242064508, 19.316413425941562 ], [ -99.10727868183541, 19.316372511391002 ], [ -99.106708670785849, 19.316311571122633 ], [ -99.106725217361614, 19.316234484339514 ], [ -99.10677416048442, 19.316006468883728 ], [ -99.106934628969512, 19.315258876302803 ], [ -99.107404959321485, 19.315305431451815 ], [ -99.107736016625751, 19.315338200063149 ], [ -99.107891870920824, 19.315353626571977 ], [ -99.108070017767432, 19.315371259438113 ], [ -99.108330517178572, 19.315397043190639 ], [ -99.108385648652117, 19.315402499953784 ], [ -99.108712520493626, 19.315434379202031 ], [ -99.108774732882495, 19.315440622812059 ], [ -99.109054372850267, 19.315468687097134 ], [ -99.109385897977035, 19.315501498949658 ], [ -99.109519013655245, 19.315514673560614 ], [ -99.109713236923639, 19.315533895881476 ], [ -99.110033961251588, 19.31556563757799 ], [ -99.10997215754891, 19.31629323059359 ], [ -99.109940073500823, 19.316638385740536 ] ] ] ] } },
{ "type": "Feature", "properties": { "id": 4816.0, "entidad": 9, "distrito_f": 19, "distrito_l": 30, "municipio": 3, "seccion": 653, "tipo": 2, "control": 36988.0, "SECCION_TX": "0653", "SECCION__1": null, "SECCION__2": null, "SECCION_N": "653", "ESTATUS": null, "ALCALDIA_N": "COYOACAN", "EN_OPERATI": null, "EN_OP": "NO", "SEC_N": "653", "EST": null, "ALC_N": "COYOACAN", "OP": "NO", "NOMBRE": "POPULAR EMILIANO ZAPATA" }, "geometry": { "type": "MultiPolygon", "coordinates": [ [ [ [ -99.106725217361614, 19.316234484339514 ], [ -99.106359249553449, 19.316166504168272 ], [ -99.106078939948333, 19.316105158449485 ], [ -99.105816153825316, 19.316049779134396 ], [ -99.105540552574013, 19.316001479112582 ], [ -99.105266545894679, 19.315953458103206 ], [ -99.105002022614769, 19.315907098688275 ], [ -99.105092309365318, 19.315469961409487 ], [ -99.105211555901164, 19.314951549973866 ], [ -99.10486845823992, 19.314894250482073 ], [ -99.105005201470448, 19.314173016254315 ], [ -99.10504882010288, 19.313942954155163 ], [ -99.10539511449106, 19.31400945254379 ], [ -99.105673421897876, 19.314068337266729 ], [ -99.105946765090579, 19.314125953424739 ], [ -99.106206701979744, 19.314170452789185 ], [ -99.106483249791722, 19.314224267052204 ], [ -99.106754627721941, 19.314275630490833 ], [ -99.106873186823009, 19.313789782168417 ], [ -99.107240206154174, 19.31388034371161 ], [ -99.106934628969512, 19.315258876302803 ], [ -99.10677416048442, 19.316006468883728 ], [ -99.106725217361614, 19.316234484339514 ] ] ] ] } },
{ "type": "Feature", "properties": { "id": 4817.0, "entidad": 9, "distrito_f": 19, "distrito_l": 30, "municipio": 3, "seccion": 654, "tipo": 2, "control": 36950.0, "SECCION_TX": "0654", "SECCION__1": null, "SECCION__2": null, "SECCION_N": "654", "ESTATUS": null, "ALCALDIA_N": "COYOACAN", "EN_OPERATI": null, "EN_OP": "NO", "SEC_N": "654", "EST": null, "ALC_N": "COYOACAN", "OP": "NO", "NOMBRE": "POPULAR EMILIANO ZAPATA" }, "geometry": { "type": "MultiPolygon", "coordinates": [ [ [ [ -99.105092309365318, 19.315469961409487 ], [ -99.105002022614769, 19.315907098688275 ], [ -99.105266545894679, 19.315953458103206 ], [ -99.105540552574013, 19.316001479112582 ], [ -99.105816153825316, 19.316049779134396 ], [ -99.106078939948333, 19.316105158449485 ], [ -99.106359249553449, 19.316166504168272 ], [ -99.106725217361614, 19.316234484339514 ], [ -99.106708670785849, 19.316311571122633 ], [ -99.106701196238532, 19.316337125465076 ], [ -99.106671479035157, 19.316471555844771 ], [ -99.106621319812064, 19.316698458364183 ], [ -99.106249478375034, 19.316616936843694 ], [ -99.105969176312129, 19.316555576798383 ], [ -99.105700295969712, 19.316505781570303 ], [ -99.105431552182722, 19.316446926349961 ], [ -99.105169093579875, 19.316387586068515 ], [ -99.104884531401467, 19.316339888970102 ], [ -99.104879298721585, 19.316357564375444 ], [ -99.104766325356408, 19.316739174759405 ], [ -99.103992178708964, 19.31657127813541 ], [ -99.103955945667209, 19.31656346556359 ], [ -99.103982242609135, 19.316448777036662 ], [ -99.103778358566615, 19.316401617834465 ], [ -99.103577182500359, 19.316397698180555 ], [ -99.103432536511264, 19.316422671205164 ], [ -99.103154523234366, 19.316414515756115 ], [ -99.102889282000532, 19.316395129263764 ], [ -99.102612608544931, 19.31637574881529 ], [ -99.102340504012176, 19.316349853297709 ], [ -99.102365441539504, 19.316006869408156 ], [ -99.102369929879188, 19.315929548003353 ], [ -99.102401040519382, 19.315397615121345 ], [ -99.102403955225427, 19.315347731555995 ], [ -99.102471783971936, 19.315351311363791 ], [ -99.102688182041533, 19.315362732067207 ], [ -99.102759879588973, 19.315364701198177 ], [ -99.10295487004791, 19.315370056353821 ], [ -99.103235566417069, 19.315274942349824 ], [ -99.103305778152887, 19.315247245275255 ], [ -99.103697470713584, 19.31509273001096 ], [ -99.104056950737174, 19.314944905335754 ], [ -99.104096120525071, 19.31492879795292 ], [ -99.104365498468184, 19.314850202064932 ], [ -99.10486845823992, 19.314894250482073 ], [ -99.105211555901164, 19.314951549973866 ], [ -99.105092309365318, 19.315469961409487 ] ] ] ] } },
{ "type": "Feature", "properties": { "id": 4844.0, "entidad": 9, "distrito_f": 19, "distrito_l": 30, "municipio": 3, "seccion": 686, "tipo": 2, "control": 36910.0, "SECCION_TX": "0686", "SECCION__1": null, "SECCION__2": null, "SECCION_N": "686", "ESTATUS": null, "ALCALDIA_N": "COYOACAN", "EN_OPERATI": null, "EN_OP": "NO", "SEC_N": "686", "EST": null, "ALC_N": "COYOACAN", "OP": "NO", "NOMBRE": "POPULAR EMILIANO ZAPATA" }, "geometry": { "type": "MultiPolygon", "coordinates": [ [ [ [ -99.11285793974649, 19.32076597892463 ], [ -99.112533781366622, 19.320751289092847 ], [ -99.112412211041971, 19.320743746611985 ], [ -99.112144171669513, 19.320796325718298 ], [ -99.11180358757332, 19.320852773286088 ], [ -99.111483832596022, 19.320915459440389 ], [ -99.111164863489179, 19.320978015817122 ], [ -99.110849399161836, 19.321049933346387 ], [ -99.110475743389088, 19.321139945952659 ], [ -99.109887183135314, 19.321249232192411 ], [ -99.109327019141105, 19.321353243802079 ], [ -99.109255254471748, 19.320918600969691 ], [ -99.10920320158651, 19.320692667898594 ], [ -99.109786784415078, 19.320616254912306 ], [ -99.109762659069048, 19.320471556033709 ], [ -99.109747495926356, 19.320382088501152 ], [ -99.109710879411097, 19.320166038592518 ], [ -99.109673249123659, 19.319944006468631 ], [ -99.109628928586872, 19.319682498687232 ], [ -99.109580400789199, 19.319396165498862 ], [ -99.109752154117999, 19.319374173249745 ], [ -99.110144289216663, 19.319310240462027 ], [ -99.110060692754772, 19.318917280577246 ], [ -99.110161445108147, 19.318821509025049 ], [ -99.110346422674795, 19.318956078993658 ], [ -99.110726516274894, 19.319232593309188 ], [ -99.110939780633373, 19.319387740249816 ], [ -99.111037605881208, 19.319458906613715 ], [ -99.111637724961952, 19.319895481503334 ], [ -99.111952354276099, 19.320124366444933 ], [ -99.112257453584803, 19.320346317410667 ], [ -99.112558514097984, 19.320565329172812 ], [ -99.11285793974649, 19.32076597892463 ] ] ] ] } },
{ "type": "Feature", "properties": { "id": 4849.0, "entidad": 9, "distrito_f": 19, "distrito_l": 30, "municipio": 3, "seccion": 690, "tipo": 2, "control": 36975.0, "SECCION_TX": "0690", "SECCION__1": null, "SECCION__2": null, "SECCION_N": "690", "ESTATUS": null, "ALCALDIA_N": "COYOACAN", "EN_OPERATI": null, "EN_OP": "NO", "SEC_N": "690", "EST": null, "ALC_N": "COYOACAN", "OP": "NO", "NOMBRE": "POPULAR EMILIANO ZAPATA" }, "geometry": { "type": "MultiPolygon", "coordinates": [ [ [ [ -99.109769910985207, 19.318096895772641 ], [ -99.109432484397942, 19.318047789705187 ], [ -99.109097246700316, 19.317996214160452 ], [ -99.109069936504966, 19.318068420615578 ], [ -99.108774769734097, 19.317864767424194 ], [ -99.108479603693155, 19.31766111374715 ], [ -99.107967557501752, 19.317307818422229 ], [ -99.107877272245204, 19.317245524204147 ], [ -99.107512634621813, 19.316963880737703 ], [ -99.106701196238532, 19.316337125465076 ], [ -99.106708670785849, 19.316311571122633 ], [ -99.10727868183541, 19.316372511391002 ], [ -99.107605242064508, 19.316413425941562 ], [ -99.107946565616928, 19.316449226564501 ], [ -99.108278407275705, 19.316482782035401 ], [ -99.108607881899118, 19.316520838591245 ], [ -99.108934042243206, 19.316549678320321 ], [ -99.109264446502181, 19.31657444994314 ], [ -99.109608134875288, 19.316601245477681 ], [ -99.109940073500823, 19.316638385740536 ], [ -99.109851724854991, 19.31747432246534 ], [ -99.109769910985207, 19.318096895772641 ] ] ] ] } },
{ "type": "Feature", "properties": { "id": 4762.0, "entidad": 9, "distrito_f": 19, "distrito_l": 30, "municipio": 3, "seccion": 580, "tipo": 2, "control": 36606.0, "SECCION_TX": "0580", "SECCION__1": null, "SECCION__2": null, "SECCION_N": "580", "ESTATUS": null, "ALCALDIA_N": "COYOACAN", "EN_OPERATI": null, "EN_OP": "NO", "SEC_N": "580", "EST": null, "ALC_N": "COYOACAN", "OP": "NO", "NOMBRE": "INFONAVIT CULHUACAN ZONA 3(CTM III CULHUACAN SECCION VI)" }, "geometry": { "type": "MultiPolygon", "coordinates": [ [ [ [ -99.118792500529693, 19.331227187272791 ], [ -99.118801132896337, 19.331151499510302 ], [ -99.1188763057079, 19.330497735021282 ], [ -99.118693566010194, 19.330471168784502 ], [ -99.118768071747141, 19.32983956861057 ], [ -99.118782262146027, 19.329670069096142 ], [ -99.118808451858072, 19.329388271665099 ], [ -99.118819878320309, 19.329265324323032 ], [ -99.118842984726797, 19.32901670165203 ], [ -99.118842681116774, 19.328974461103705 ], [ -99.118842377506994, 19.328932220555277 ], [ -99.118199552712355, 19.328879341048079 ], [ -99.11714945404124, 19.328792953772503 ], [ -99.116848884274248, 19.328772804102236 ], [ -99.11656631296114, 19.328753860560248 ], [ -99.116498923629734, 19.328749342723377 ], [ -99.116507003707611, 19.328643517578982 ], [ -99.116515083775454, 19.328537692433137 ], [ -99.117052027722053, 19.328590636554665 ], [ -99.117403059041649, 19.328624591816666 ], [ -99.118140279268772, 19.328680097242845 ], [ -99.120656064569658, 19.328869518559092 ], [ -99.121981830947178, 19.329001813175484 ], [ -99.121977078609049, 19.329100404016046 ], [ -99.121972326265563, 19.32919899485546 ], [ -99.12184293446515, 19.329190659573559 ], [ -99.121814471535842, 19.329188826009528 ], [ -99.121255303310377, 19.32914041987415 ], [ -99.120683033125218, 19.329107540484916 ], [ -99.120606658234806, 19.329103152281302 ], [ -99.120406359063239, 19.330457619165919 ], [ -99.12038626256637, 19.330454642946229 ], [ -99.120338696784202, 19.330445878051535 ], [ -99.119921439297272, 19.330385410004101 ], [ -99.119818432515757, 19.331157584413965 ], [ -99.119770403229353, 19.3311989612796 ], [ -99.119673281405966, 19.331186583399543 ], [ -99.119453059555056, 19.3311600425269 ], [ -99.119200077165516, 19.331182445817387 ], [ -99.118951789523422, 19.331218188333587 ], [ -99.118792500529693, 19.331227187272791 ] ] ] ] } },
{ "type": "Feature", "properties": { "id": 4770.0, "entidad": 9, "distrito_f": 19, "distrito_l": 30, "municipio": 3, "seccion": 591, "tipo": 2, "control": 36559.0, "SECCION_TX": "0591", "SECCION__1": null, "SECCION__2": null, "SECCION_N": "591", "ESTATUS": null, "ALCALDIA_N": "COYOACAN", "EN_OPERATI": null, "EN_OP": "NO", "SEC_N": "591", "EST": null, "ALC_N": "COYOACAN", "OP": "NO", "NOMBRE": "INFONAVIT CULHUACAN ZONA 3(CTM III CULHUACAN SECCION VI)" }, "geometry": { "type": "MultiPolygon", "coordinates": [ [ [ [ -99.125621103247752, 19.329241867160111 ], [ -99.124480877568544, 19.32917744487953 ], [ -99.124282154996237, 19.329166216401173 ], [ -99.122509903619004, 19.329039556911432 ], [ -99.121981830947178, 19.329001813175484 ], [ -99.120656064569658, 19.328869518559092 ], [ -99.120687800851272, 19.328559999442714 ], [ -99.120713130952197, 19.32823227877919 ], [ -99.12070024751317, 19.328098778308004 ], [ -99.120668190509633, 19.327971359112954 ], [ -99.120591340294439, 19.327783283624953 ], [ -99.12050813318919, 19.32764376103065 ], [ -99.120988104233774, 19.327663914614288 ], [ -99.121077098535181, 19.327667658531379 ], [ -99.121265939797837, 19.327684721975711 ], [ -99.121543794783761, 19.327709828218971 ], [ -99.121660872654942, 19.327721513057092 ], [ -99.121825899581395, 19.327737983271501 ], [ -99.121990926540036, 19.327754453336446 ], [ -99.12197986531686, 19.327609985231742 ], [ -99.12208636343918, 19.327617094021889 ], [ -99.122095747194649, 19.327477598803036 ], [ -99.122258782757541, 19.327490881012018 ], [ -99.122277865958736, 19.327242987924254 ], [ -99.122404387946276, 19.327252690599018 ], [ -99.12240743101961, 19.327130663032829 ], [ -99.122443565965128, 19.327130864030917 ], [ -99.122627042022017, 19.32714376974884 ], [ -99.122668483512058, 19.327144696196275 ], [ -99.122696085280637, 19.326716797988784 ], [ -99.122712720034144, 19.326458915606505 ], [ -99.122220456577693, 19.326416766024927 ], [ -99.12145329731365, 19.326356592612289 ], [ -99.120977342469857, 19.326310462490802 ], [ -99.120800335480354, 19.326293306434707 ], [ -99.120666417178171, 19.326295783372963 ], [ -99.120424050238128, 19.32630872640048 ], [ -99.12021932273403, 19.326392179304577 ], [ -99.120110905171714, 19.326436373338876 ], [ -99.119863974556196, 19.326567541032947 ], [ -99.11928484044617, 19.325609727617014 ], [ -99.119093642882305, 19.325284007857029 ], [ -99.11903227274189, 19.325146943365617 ], [ -99.118971984061758, 19.325007966268537 ], [ -99.118927750730208, 19.324896524428116 ], [ -99.118918556340432, 19.324664071960381 ], [ -99.11893325762162, 19.324495195380511 ], [ -99.118933027783768, 19.324177543136305 ], [ -99.118922814783801, 19.323987235651302 ], [ -99.121042538552175, 19.32414182934594 ], [ -99.121437093960409, 19.324175031505309 ], [ -99.121651835925604, 19.324193101852241 ], [ -99.122024682433477, 19.324224475946576 ], [ -99.122426589325755, 19.324258294531475 ], [ -99.122904339927814, 19.324298493838707 ], [ -99.122951864419846, 19.323849793525792 ], [ -99.122971808546893, 19.323398353528052 ], [ -99.123014849200516, 19.322942211122573 ], [ -99.123061333722987, 19.322477683762258 ], [ -99.123074035292177, 19.322354484066846 ], [ -99.123105758332272, 19.322046783585925 ], [ -99.123130228026156, 19.321605319094559 ], [ -99.123169360567942, 19.321469287595963 ], [ -99.123207505404551, 19.321336689307419 ], [ -99.123373535327474, 19.321105970481156 ], [ -99.123587833162688, 19.320827371396824 ], [ -99.124707623758624, 19.321680620665571 ], [ -99.124893845868598, 19.321817244652223 ], [ -99.125000292790801, 19.321889530919165 ], [ -99.125096975047597, 19.321958888312977 ], [ -99.126215109092342, 19.32277015660414 ], [ -99.126210588154521, 19.322820297279883 ], [ -99.126015198104398, 19.324987294568466 ], [ -99.126012347181771, 19.325017536839127 ], [ -99.125813779685316, 19.327120337189182 ], [ -99.125781813517875, 19.327379900849976 ], [ -99.125748552523575, 19.327826513485441 ], [ -99.125706850517062, 19.32827121960544 ], [ -99.125673647566984, 19.328743668897676 ], [ -99.125625256099767, 19.329202492057188 ], [ -99.125621103247752, 19.329241867160111 ] ] ] ] } },
{ "type": "Feature", "properties": { "id": 4771.0, "entidad": 9, "distrito_f": 19, "distrito_l": 30, "municipio": 3, "seccion": 592, "tipo": 2, "control": 36571.0, "SECCION_TX": "0592", "SECCION__1": null, "SECCION__2": null, "SECCION_N": "592", "ESTATUS": null, "ALCALDIA_N": "COYOACAN", "EN_OPERATI": null, "EN_OP": "NO", "SEC_N": "592", "EST": null, "ALC_N": "COYOACAN", "OP": "NO", "NOMBRE": "INFONAVIT CULHUACAN ZONA 3(CTM III CULHUACAN SECCION VI)" }, "geometry": { "type": "MultiPolygon", "coordinates": [ [ [ [ -99.121990926540036, 19.327754453336446 ], [ -99.121825899581395, 19.327737983271501 ], [ -99.121660872654942, 19.327721513057092 ], [ -99.121543794783761, 19.327709828218971 ], [ -99.121265939797837, 19.327684721975711 ], [ -99.121077098535181, 19.327667658531379 ], [ -99.120988104233774, 19.327663914614288 ], [ -99.12050813318919, 19.32764376103065 ], [ -99.120391269837157, 19.327452649310029 ], [ -99.120203465813177, 19.327145524121647 ], [ -99.120071467880877, 19.326920798509427 ], [ -99.119863974556196, 19.326567541032947 ], [ -99.120110905171714, 19.326436373338876 ], [ -99.12021932273403, 19.326392179304577 ], [ -99.120424050238128, 19.32630872640048 ], [ -99.120666417178171, 19.326295783372963 ], [ -99.120800335480354, 19.326293306434707 ], [ -99.120977342469857, 19.326310462490802 ], [ -99.12145329731365, 19.326356592612289 ], [ -99.122220456577693, 19.326416766024927 ], [ -99.122712720034144, 19.326458915606505 ], [ -99.122696085280637, 19.326716797988784 ], [ -99.122668483512058, 19.327144696196275 ], [ -99.122627042022017, 19.32714376974884 ], [ -99.122443565965128, 19.327130864030917 ], [ -99.12240743101961, 19.327130663032829 ], [ -99.122404387946276, 19.327252690599018 ], [ -99.122277865958736, 19.327242987924254 ], [ -99.122258782757541, 19.327490881012018 ], [ -99.122095747194649, 19.327477598803036 ], [ -99.12208636343918, 19.327617094021889 ], [ -99.12197986531686, 19.327609985231742 ], [ -99.121990926540036, 19.327754453336446 ] ] ] ] } },
{ "type": "Feature", "properties": { "id": 4772.0, "entidad": 9, "distrito_f": 19, "distrito_l": 30, "municipio": 3, "seccion": 593, "tipo": 2, "control": 36577.0, "SECCION_TX": "0593", "SECCION__1": null, "SECCION__2": null, "SECCION_N": "593", "ESTATUS": null, "ALCALDIA_N": "COYOACAN", "EN_OPERATI": null, "EN_OP": "NO", "SEC_N": "593", "EST": null, "ALC_N": "COYOACAN", "OP": "NO", "NOMBRE": "INFONAVIT CULHUACAN ZONA 3(CTM III CULHUACAN SECCION VI)" }, "geometry": { "type": "MultiPolygon", "coordinates": [ [ [ [ -99.120656064569658, 19.328869518559092 ], [ -99.118140279268772, 19.328680097242845 ], [ -99.117403059041649, 19.328624591816666 ], [ -99.117410248331851, 19.328531075542983 ], [ -99.117469931745646, 19.327754726410181 ], [ -99.117632385625086, 19.327464536068199 ], [ -99.117635335327691, 19.327292972970394 ], [ -99.117640086895605, 19.327016607624572 ], [ -99.117950429178393, 19.327055255920577 ], [ -99.117972316348613, 19.326841357923012 ], [ -99.117981330736001, 19.326753262345559 ], [ -99.118251802923837, 19.326766501010322 ], [ -99.11852069698412, 19.326797313401876 ], [ -99.118901566003345, 19.326827833083527 ], [ -99.1192624275605, 19.326822225102166 ], [ -99.119435270722647, 19.326759560431544 ], [ -99.119608113752136, 19.326696895597465 ], [ -99.119863974556196, 19.326567541032947 ], [ -99.120071467880877, 19.326920798509427 ], [ -99.120203465813177, 19.327145524121647 ], [ -99.120391269837157, 19.327452649310029 ], [ -99.12050813318919, 19.32764376103065 ], [ -99.120591340294439, 19.327783283624953 ], [ -99.120668190509633, 19.327971359112954 ], [ -99.12070024751317, 19.328098778308004 ], [ -99.120713130952197, 19.32823227877919 ], [ -99.120687800851272, 19.328559999442714 ], [ -99.120656064569658, 19.328869518559092 ] ] ] ] } },
{ "type": "Feature", "properties": { "id": 4773.0, "entidad": 9, "distrito_f": 19, "distrito_l": 30, "municipio": 3, "seccion": 594, "tipo": 2, "control": 35709.0, "SECCION_TX": "0594", "SECCION__1": null, "SECCION__2": null, "SECCION_N": "594", "ESTATUS": null, "ALCALDIA_N": "COYOACAN", "EN_OPERATI": null, "EN_OP": "NO", "SEC_N": "594", "EST": null, "ALC_N": "COYOACAN", "OP": "NO", "NOMBRE": "INFONAVIT CULHUACAN ZONA 3(CTM III CULHUACAN SECCION VI)" }, "geometry": { "type": "MultiPolygon", "coordinates": [ [ [ [ -99.117403059041649, 19.328624591816666 ], [ -99.117052027722053, 19.328590636554665 ], [ -99.116515083775454, 19.328537692433137 ], [ -99.116622491875432, 19.327628598362594 ], [ -99.116626995007465, 19.3275904839746 ], [ -99.116724346722677, 19.326641966697878 ], [ -99.116804405052818, 19.325927241911184 ], [ -99.116850685313224, 19.32551548408556 ], [ -99.11743442972768, 19.32555784111992 ], [ -99.117583779280821, 19.325568793330547 ], [ -99.11761452803367, 19.325570908837729 ], [ -99.117643702820999, 19.325199370228471 ], [ -99.117837551674299, 19.325205243331347 ], [ -99.117859813048312, 19.325205264628863 ], [ -99.117843927012601, 19.325451795668876 ], [ -99.117836776692258, 19.325562759300357 ], [ -99.117861140466033, 19.325565606130905 ], [ -99.117913995828843, 19.325571871793805 ], [ -99.118068682922882, 19.325590126041984 ], [ -99.118336917123443, 19.325605335621511 ], [ -99.118615385012106, 19.325628682128766 ], [ -99.11928484044617, 19.325609727617014 ], [ -99.119863974556196, 19.326567541032947 ], [ -99.119608113752136, 19.326696895597465 ], [ -99.119435270722647, 19.326759560431544 ], [ -99.1192624275605, 19.326822225102166 ], [ -99.118901566003345, 19.326827833083527 ], [ -99.11852069698412, 19.326797313401876 ], [ -99.118251802923837, 19.326766501010322 ], [ -99.117981330736001, 19.326753262345559 ], [ -99.117972316348613, 19.326841357923012 ], [ -99.117950429178393, 19.327055255920577 ], [ -99.117640086895605, 19.327016607624572 ], [ -99.117635335327691, 19.327292972970394 ], [ -99.117632385625086, 19.327464536068199 ], [ -99.117469931745646, 19.327754726410181 ], [ -99.117410248331851, 19.328531075542983 ], [ -99.117403059041649, 19.328624591816666 ] ] ] ] } },
{ "type": "Feature", "properties": { "id": 4763.0, "entidad": 9, "distrito_f": 19, "distrito_l": 30, "municipio": 3, "seccion": 595, "tipo": 2, "control": 35720.0, "SECCION_TX": "0595", "SECCION__1": null, "SECCION__2": null, "SECCION_N": "595", "ESTATUS": null, "ALCALDIA_N": "COYOACAN", "EN_OPERATI": null, "EN_OP": "NO", "SEC_N": "595", "EST": null, "ALC_N": "COYOACAN", "OP": "NO", "NOMBRE": "INFONAVIT CULHUACAN ZONA 3(CTM III CULHUACAN SECCION VI)" }, "geometry": { "type": "MultiPolygon", "coordinates": [ [ [ [ -99.116515083775454, 19.328537692433137 ], [ -99.115541399071475, 19.32845169316829 ], [ -99.115217484093165, 19.328423082682601 ], [ -99.114870483913975, 19.328392432497154 ], [ -99.114596352950485, 19.328368133960257 ], [ -99.113732040254675, 19.328291870165394 ], [ -99.113602750846198, 19.328281549784105 ], [ -99.113488996785392, 19.328272469417453 ], [ -99.113669098145763, 19.326382448357219 ], [ -99.113829957608942, 19.326396113348704 ], [ -99.113924022966117, 19.3264041041223 ], [ -99.114262287366444, 19.326432838993338 ], [ -99.114532224460874, 19.326455769141464 ], [ -99.114819648560214, 19.326480184298813 ], [ -99.11548105460659, 19.326536365495716 ], [ -99.115650759437003, 19.32655078018168 ], [ -99.115795877882348, 19.326563106378998 ], [ -99.116007810834404, 19.326581107514237 ], [ -99.116063520190409, 19.32658583930715 ], [ -99.116353363889615, 19.326610457520513 ], [ -99.116724346722677, 19.326641966697878 ], [ -99.116626995007465, 19.3275904839746 ], [ -99.116622491875432, 19.327628598362594 ], [ -99.116515083775454, 19.328537692433137 ] ] ] ] } },
{ "type": "Feature", "properties": { "id": 4779.0, "entidad": 9, "distrito_f": 19, "distrito_l": 30, "municipio": 3, "seccion": 600, "tipo": 2, "control": 36676.0, "SECCION_TX": "0600", "SECCION__1": null, "SECCION__2": null, "SECCION_N": "600", "ESTATUS": null, "ALCALDIA_N": "COYOACAN", "EN_OPERATI": null, "EN_OP": "NO", "SEC_N": "600", "EST": null, "ALC_N": "COYOACAN", "OP": "NO", "NOMBRE": "INFONAVIT CULHUACAN ZONA 3(CTM III CULHUACAN SECCION VI)" }, "geometry": { "type": "MultiPolygon", "coordinates": [ [ [ [ -99.116724346722677, 19.326641966697878 ], [ -99.116353363889615, 19.326610457520513 ], [ -99.116063520190409, 19.32658583930715 ], [ -99.116007810834404, 19.326581107514237 ], [ -99.115795877882348, 19.326563106378998 ], [ -99.115650759437003, 19.32655078018168 ], [ -99.11548105460659, 19.326536365495716 ], [ -99.114819648560214, 19.326480184298813 ], [ -99.114532224460874, 19.326455769141464 ], [ -99.114262287366444, 19.326432838993338 ], [ -99.113924022966117, 19.3264041041223 ], [ -99.113829957608942, 19.326396113348704 ], [ -99.113669098145763, 19.326382448357219 ], [ -99.113748224559558, 19.325561715233217 ], [ -99.11383923260118, 19.324617730797073 ], [ -99.113924958334167, 19.32462118865195 ], [ -99.11402871676728, 19.324625373824276 ], [ -99.114750376839723, 19.324676698547798 ], [ -99.114978271867059, 19.324679328665585 ], [ -99.115036900589431, 19.324679661002662 ], [ -99.115181638587785, 19.324695314000838 ], [ -99.115472458306698, 19.324709251451036 ], [ -99.115740634383826, 19.324719693944704 ], [ -99.116100773259959, 19.324752893191121 ], [ -99.116171662051343, 19.324759350175622 ], [ -99.116226986694272, 19.324903753092983 ], [ -99.116297124523271, 19.325018582648312 ], [ -99.116341765908274, 19.325103198371391 ], [ -99.116411914608292, 19.325233142906718 ], [ -99.116518752239074, 19.325381352550934 ], [ -99.116542603411986, 19.32541443985318 ], [ -99.116673361173355, 19.325692472871406 ], [ -99.116804405052818, 19.325927241911184 ], [ -99.116724346722677, 19.326641966697878 ] ] ] ] } },
{ "type": "Feature", "properties": { "id": 4727.0, "entidad": 9, "distrito_f": 19, "distrito_l": 30, "municipio": 3, "seccion": 539, "tipo": 2, "control": 35898.0, "SECCION_TX": "0539", "SECCION__1": null, "SECCION__2": null, "SECCION_N": "539", "ESTATUS": null, "ALCALDIA_N": "COYOACAN", "EN_OPERATI": null, "EN_OP": "NO", "SEC_N": "539", "EST": null, "ALC_N": "COYOACAN", "OP": "NO", "NOMBRE": "SAN JUAN" }, "geometry": { "type": "MultiPolygon", "coordinates": [ [ [ [ -99.116977398974583, 19.345471318182845 ], [ -99.11688099292158, 19.345318246745865 ], [ -99.116649323128115, 19.344886298117466 ], [ -99.116321211783799, 19.344247858835796 ], [ -99.116020765434484, 19.343820701551032 ], [ -99.115752931524227, 19.343528850166589 ], [ -99.115496917901154, 19.342975486699252 ], [ -99.115271765310752, 19.342475154941454 ], [ -99.114392688611474, 19.340521647454658 ], [ -99.114375389822072, 19.340392583576982 ], [ -99.114275094088256, 19.339644286812597 ], [ -99.114279466010387, 19.339084584468928 ], [ -99.114392042936231, 19.339100032652834 ], [ -99.114681868336675, 19.339156323002705 ], [ -99.115220858506945, 19.33927243393363 ], [ -99.115802514934785, 19.339357418190211 ], [ -99.116189666154185, 19.339357302228844 ], [ -99.116177209913928, 19.339428590910376 ], [ -99.116070617267937, 19.340038631927086 ], [ -99.116070662572852, 19.340102734248248 ], [ -99.116053300554242, 19.340309297317638 ], [ -99.116033299742341, 19.340577635214636 ], [ -99.116007027515323, 19.340622166601573 ], [ -99.11643171367534, 19.340682240441467 ], [ -99.116353546613766, 19.340988735897366 ], [ -99.116814643344085, 19.341115811314864 ], [ -99.11689535260534, 19.341134744871994 ], [ -99.117448498567327, 19.341264506106221 ], [ -99.117370072972349, 19.341431362646208 ], [ -99.116853099522203, 19.342380230297877 ], [ -99.116650572483707, 19.342748080860364 ], [ -99.116566157898092, 19.342901402810803 ], [ -99.116799742743765, 19.342965991241432 ], [ -99.116793711434909, 19.343203367714402 ], [ -99.117040651644487, 19.343402978103367 ], [ -99.117103768470216, 19.343404089297238 ], [ -99.117356014577339, 19.343420761509826 ], [ -99.117409824221312, 19.343530462899331 ], [ -99.117610318276249, 19.343555958799808 ], [ -99.117524053454659, 19.343996817984021 ], [ -99.117569251291116, 19.344002746903676 ], [ -99.117487056408095, 19.344491440759676 ], [ -99.117250468389074, 19.344452878573922 ], [ -99.117106288795526, 19.345310498835804 ], [ -99.117041843916553, 19.345390908520908 ], [ -99.116977398974583, 19.345471318182845 ] ] ] ] } },
{ "type": "Feature", "properties": { "id": 4728.0, "entidad": 9, "distrito_f": 19, "distrito_l": 30, "municipio": 3, "seccion": 540, "tipo": 2, "control": 35892.0, "SECCION_TX": "0540", "SECCION__1": null, "SECCION__2": null, "SECCION_N": "540", "ESTATUS": null, "ALCALDIA_N": "COYOACAN", "EN_OPERATI": null, "EN_OP": "NO", "SEC_N": "540", "EST": null, "ALC_N": "COYOACAN", "OP": "NO", "NOMBRE": "SAN JUAN" }, "geometry": { "type": "MultiPolygon", "coordinates": [ [ [ [ -99.118036309113293, 19.344064013496887 ], [ -99.117569251291116, 19.344002746903676 ], [ -99.117524053454659, 19.343996817984021 ], [ -99.117610318276249, 19.343555958799808 ], [ -99.117409824221312, 19.343530462899331 ], [ -99.117356014577339, 19.343420761509826 ], [ -99.117103768470216, 19.343404089297238 ], [ -99.117040651644487, 19.343402978103367 ], [ -99.116793711434909, 19.343203367714402 ], [ -99.116799742743765, 19.342965991241432 ], [ -99.116566157898092, 19.342901402810803 ], [ -99.116650572483707, 19.342748080860364 ], [ -99.116853099522203, 19.342380230297877 ], [ -99.117370072972349, 19.341431362646208 ], [ -99.117448498567327, 19.341264506106221 ], [ -99.117499705807901, 19.341152297629712 ], [ -99.117657948942934, 19.340805544411868 ], [ -99.117677030491393, 19.340726377754482 ], [ -99.117697406939726, 19.340641838653593 ], [ -99.117715644667726, 19.340566172735937 ], [ -99.117745246745542, 19.340451432063396 ], [ -99.117888764641151, 19.339895139729482 ], [ -99.11843449754177, 19.34007526764378 ], [ -99.118959655760804, 19.340380959828639 ], [ -99.119139121147555, 19.340436316870672 ], [ -99.119683157827211, 19.340604126532245 ], [ -99.12102732822801, 19.340986463055863 ], [ -99.121059927686858, 19.340860634782707 ], [ -99.121725952843647, 19.340961401062767 ], [ -99.121718252097423, 19.34098604890335 ], [ -99.121689321989251, 19.341106267944948 ], [ -99.121682688559602, 19.3411279725361 ], [ -99.121203385338688, 19.342696237549973 ], [ -99.119456947159364, 19.341978873975638 ], [ -99.11883659881228, 19.341722615310907 ], [ -99.118685083486781, 19.34214802453528 ], [ -99.118675413866256, 19.342175173827048 ], [ -99.118651520388298, 19.342242259253101 ], [ -99.118379120309939, 19.343007069527903 ], [ -99.118258141663844, 19.343346735560083 ], [ -99.118131190120081, 19.343742689322347 ], [ -99.118036309113293, 19.344064013496887 ] ] ] ] } },
{ "type": "Feature", "properties": { "id": 4743.0, "entidad": 9, "distrito_f": 19, "distrito_l": 30, "municipio": 3, "seccion": 556, "tipo": 2, "control": 35902.0, "SECCION_TX": "0556", "SECCION__1": null, "SECCION__2": null, "SECCION_N": "556", "ESTATUS": null, "ALCALDIA_N": "COYOACAN", "EN_OPERATI": null, "EN_OP": "NO", "SEC_N": "556", "EST": null, "ALC_N": "COYOACAN", "OP": "NO", "NOMBRE": "SAN JUAN" }, "geometry": { "type": "MultiPolygon", "coordinates": [ [ [ [ -99.12102732822801, 19.340986463055863 ], [ -99.119683157827211, 19.340604126532245 ], [ -99.119139121147555, 19.340436316870672 ], [ -99.118959655760804, 19.340380959828639 ], [ -99.11843449754177, 19.34007526764378 ], [ -99.117888764641151, 19.339895139729482 ], [ -99.117455953451525, 19.339763892823303 ], [ -99.117463478242854, 19.339744070697012 ], [ -99.11755594808379, 19.339500482281487 ], [ -99.117770434076547, 19.338993654291414 ], [ -99.11780367383416, 19.338915108814945 ], [ -99.117840541521645, 19.338743910020163 ], [ -99.118089888652491, 19.338596461354687 ], [ -99.11825180926914, 19.338500711065596 ], [ -99.118217196481652, 19.338348882736188 ], [ -99.119246620767044, 19.337732417397586 ], [ -99.119894586761717, 19.33734438099636 ], [ -99.12005941864696, 19.337301591801868 ], [ -99.120515527211211, 19.337183188343893 ], [ -99.120709256543535, 19.337176922227474 ], [ -99.12104422597605, 19.33716237671344 ], [ -99.121262029242942, 19.337152918622024 ], [ -99.122723959540522, 19.33748541648151 ], [ -99.122697614774879, 19.337581249526796 ], [ -99.122671269978824, 19.337677082567353 ], [ -99.122420784310876, 19.338588254980721 ], [ -99.12238707414231, 19.338710879067463 ], [ -99.122169660513279, 19.339501738203797 ], [ -99.12212960129078, 19.339647455912196 ], [ -99.121815776600144, 19.340669011172583 ], [ -99.121753223052849, 19.340802084151012 ], [ -99.121725952843647, 19.340961401062767 ], [ -99.121059927686858, 19.340860634782707 ], [ -99.12102732822801, 19.340986463055863 ] ] ] ] } },
{ "type": "Feature", "properties": { "id": 4744.0, "entidad": 9, "distrito_f": 19, "distrito_l": 30, "municipio": 3, "seccion": 557, "tipo": 2, "control": 35975.0, "SECCION_TX": "0557", "SECCION__1": null, "SECCION__2": null, "SECCION_N": "557", "ESTATUS": null, "ALCALDIA_N": "COYOACAN", "EN_OPERATI": null, "EN_OP": "NO", "SEC_N": "557", "EST": null, "ALC_N": "COYOACAN", "OP": "NO", "NOMBRE": "SAN JUAN" }, "geometry": { "type": "MultiPolygon", "coordinates": [ [ [ [ -99.116189666154185, 19.339357302228844 ], [ -99.115802514934785, 19.339357418190211 ], [ -99.115220858506945, 19.33927243393363 ], [ -99.114681868336675, 19.339156323002705 ], [ -99.114392042936231, 19.339100032652834 ], [ -99.114279466010387, 19.339084584468928 ], [ -99.114255101179211, 19.339038859662178 ], [ -99.114238112481246, 19.339006977424063 ], [ -99.114208443501823, 19.338951298404577 ], [ -99.114178818919655, 19.338895702661194 ], [ -99.114034517381668, 19.338125226465838 ], [ -99.113822880959972, 19.337299319699493 ], [ -99.113579629644605, 19.336749345972073 ], [ -99.113496739540992, 19.336607934241364 ], [ -99.113536094162242, 19.336613443635127 ], [ -99.113678379247318, 19.336633362557375 ], [ -99.113794820811961, 19.336649663480202 ], [ -99.114163836702403, 19.336712969922274 ], [ -99.114410954891284, 19.336755363784739 ], [ -99.11446041915714, 19.336757210844127 ], [ -99.114473018048145, 19.336717249788215 ], [ -99.114499304836187, 19.336628504335948 ], [ -99.114561233210068, 19.336627557857653 ], [ -99.11504410309729, 19.336786893193587 ], [ -99.115212394421249, 19.336953938779498 ], [ -99.11522431692616, 19.337027177568601 ], [ -99.115932866219907, 19.337364788269969 ], [ -99.11693376771143, 19.337840779247959 ], [ -99.118121847409782, 19.33838131888459 ], [ -99.118217196481652, 19.338348882736188 ], [ -99.11825180926914, 19.338500711065596 ], [ -99.118089888652491, 19.338596461354687 ], [ -99.117840541521645, 19.338743910020163 ], [ -99.117381442961829, 19.339023645717852 ], [ -99.117036302285157, 19.339170171041712 ], [ -99.11666955300268, 19.339274281563565 ], [ -99.116372969865239, 19.339326419954567 ], [ -99.116189666154185, 19.339357302228844 ] ] ] ] } },
{ "type": "Feature", "properties": { "id": 4747.0, "entidad": 9, "distrito_f": 19, "distrito_l": 30, "municipio": 3, "seccion": 560, "tipo": 2, "control": 35978.0, "SECCION_TX": "0560", "SECCION__1": null, "SECCION__2": null, "SECCION_N": "560", "ESTATUS": null, "ALCALDIA_N": "COYOACAN", "EN_OPERATI": null, "EN_OP": "NO", "SEC_N": "560", "EST": null, "ALC_N": "COYOACAN", "OP": "NO", "NOMBRE": "SAN JUAN" }, "geometry": { "type": "MultiPolygon", "coordinates": [ [ [ [ -99.118121847409782, 19.33838131888459 ], [ -99.118428078715866, 19.33777515677782 ], [ -99.11859357546976, 19.337447566175719 ], [ -99.118619826345906, 19.337194116825099 ], [ -99.11858192332609, 19.337174067642021 ], [ -99.118512483959975, 19.337025123585448 ], [ -99.118485335912922, 19.336671395292946 ], [ -99.118515960052818, 19.336518207036121 ], [ -99.118546584136411, 19.336365018771982 ], [ -99.11862502286958, 19.335923697005306 ], [ -99.118588185920615, 19.335920417151058 ], [ -99.118137081012179, 19.335880251474237 ], [ -99.118046218807123, 19.335852620073563 ], [ -99.117272484953304, 19.335617323651519 ], [ -99.117381466052649, 19.335400681672073 ], [ -99.117456624323097, 19.335251275242328 ], [ -99.117485847418834, 19.335193182839053 ], [ -99.117809365856644, 19.335181962122149 ], [ -99.11819100757026, 19.335338329348218 ], [ -99.11834797483229, 19.334943021240729 ], [ -99.11840709709405, 19.334708061465939 ], [ -99.118540605361758, 19.333956715655273 ], [ -99.118682383435868, 19.333949282122628 ], [ -99.118929868721253, 19.33396135633792 ], [ -99.119321763297933, 19.334039407404678 ], [ -99.11961494444374, 19.334104418929225 ], [ -99.119399450092928, 19.334521434817241 ], [ -99.119672469490283, 19.334661637188084 ], [ -99.120199669086972, 19.334812873046392 ], [ -99.120455467548538, 19.334871858432042 ], [ -99.120375449604452, 19.335247752033759 ], [ -99.120305386835398, 19.33557687860926 ], [ -99.120228739829301, 19.335820018139746 ], [ -99.120212128904541, 19.335872711194131 ], [ -99.120046276162498, 19.336316477067975 ], [ -99.120041926734203, 19.336389091491469 ], [ -99.120005777481964, 19.336992606842841 ], [ -99.12005941864696, 19.337301591801868 ], [ -99.119894586761717, 19.33734438099636 ], [ -99.119246620767044, 19.337732417397586 ], [ -99.118217196481652, 19.338348882736188 ], [ -99.118121847409782, 19.33838131888459 ] ] ] ] } },
{ "type": "Feature", "properties": { "id": 4748.0, "entidad": 9, "distrito_f": 19, "distrito_l": 30, "municipio": 3, "seccion": 561, "tipo": 2, "control": 35979.0, "SECCION_TX": "0561", "SECCION__1": null, "SECCION__2": null, "SECCION_N": "561", "ESTATUS": "COMPLETA", "ALCALDIA_N": "COYOACAN", "EN_OPERATI": null, "EN_OP": "SI", "SEC_N": "561", "EST": "COMPLETA", "ALC_N": "COYOACAN", "OP": "SI", "NOMBRE": "SAN JUAN" }, "geometry": { "type": "MultiPolygon", "coordinates": [ [ [ [ -99.122723959540522, 19.33748541648151 ], [ -99.121262029242942, 19.337152918622024 ], [ -99.12104422597605, 19.33716237671344 ], [ -99.120709256543535, 19.337176922227474 ], [ -99.120515527211211, 19.337183188343893 ], [ -99.12005941864696, 19.337301591801868 ], [ -99.120005777481964, 19.336992606842841 ], [ -99.120041926734203, 19.336389091491469 ], [ -99.120046276162498, 19.336316477067975 ], [ -99.120212128904541, 19.335872711194131 ], [ -99.120228739829301, 19.335820018139746 ], [ -99.120305386835398, 19.33557687860926 ], [ -99.120375449604452, 19.335247752033759 ], [ -99.120455467548538, 19.334871858432042 ], [ -99.120827392062864, 19.334957816584129 ], [ -99.121570653506737, 19.335129594538614 ], [ -99.122028678428293, 19.335229428305567 ], [ -99.122333310954303, 19.335292078733474 ], [ -99.123086295785541, 19.33545534856551 ], [ -99.122967882782319, 19.336118788818716 ], [ -99.122800386346242, 19.337057222817172 ], [ -99.122723959540522, 19.33748541648151 ] ] ] ] } },
{ "type": "Feature", "properties": { "id": 4839.0, "entidad": 9, "distrito_f": 19, "distrito_l": 30, "municipio": 3, "seccion": 680, "tipo": 2, "control": 35899.0, "SECCION_TX": "0680", "SECCION__1": null, "SECCION__2": null, "SECCION_N": "680", "ESTATUS": null, "ALCALDIA_N": "COYOACAN", "EN_OPERATI": null, "EN_OP": "NO", "SEC_N": "680", "EST": null, "ALC_N": "COYOACAN", "OP": "NO", "NOMBRE": "SAN JUAN" }, "geometry": { "type": "MultiPolygon", "coordinates": [ [ [ [ -99.117448498567327, 19.341264506106221 ], [ -99.11689535260534, 19.341134744871994 ], [ -99.116814643344085, 19.341115811314864 ], [ -99.116353546613766, 19.340988735897366 ], [ -99.11643171367534, 19.340682240441467 ], [ -99.116007027515323, 19.340622166601573 ], [ -99.116033299742341, 19.340577635214636 ], [ -99.116053300554242, 19.340309297317638 ], [ -99.116070662572852, 19.340102734248248 ], [ -99.116070617267937, 19.340038631927086 ], [ -99.116177209913928, 19.339428590910376 ], [ -99.116189666154185, 19.339357302228844 ], [ -99.116372969865239, 19.339326419954567 ], [ -99.11666955300268, 19.339274281563565 ], [ -99.117036302285157, 19.339170171041712 ], [ -99.117381442961829, 19.339023645717852 ], [ -99.117840541521645, 19.338743910020163 ], [ -99.11780367383416, 19.338915108814945 ], [ -99.117770434076547, 19.338993654291414 ], [ -99.11755594808379, 19.339500482281487 ], [ -99.117463478242854, 19.339744070697012 ], [ -99.117455953451525, 19.339763892823303 ], [ -99.117888764641151, 19.339895139729482 ], [ -99.117745246745542, 19.340451432063396 ], [ -99.117715644667726, 19.340566172735937 ], [ -99.117697406939726, 19.340641838653593 ], [ -99.117677030491393, 19.340726377754482 ], [ -99.117657948942934, 19.340805544411868 ], [ -99.117499705807901, 19.341152297629712 ], [ -99.117448498567327, 19.341264506106221 ] ] ] ] } },
{ "type": "Feature", "properties": { "id": 4822.0, "entidad": 9, "distrito_f": 19, "distrito_l": 30, "municipio": 3, "seccion": 659, "tipo": 2, "control": 37049.0, "SECCION_TX": "0659", "SECCION__1": null, "SECCION__2": null, "SECCION_N": "659", "ESTATUS": null, "ALCALDIA_N": "COYOACAN", "EN_OPERATI": null, "EN_OP": "NO", "SEC_N": "659", "EST": null, "ALC_N": "COYOACAN", "OP": "NO", "NOMBRE": "CANAL NACIONAL" }, "geometry": { "type": "MultiPolygon", "coordinates": [ [ [ [ -99.103508241573309, 19.312417351517269 ], [ -99.103377822532352, 19.3124107639686 ], [ -99.102623840349807, 19.312372678010984 ], [ -99.102499080878061, 19.31236637572443 ], [ -99.102505012955106, 19.312307981960352 ], [ -99.102507336801366, 19.312263040589897 ], [ -99.102472530140574, 19.312261382763399 ], [ -99.102186988122298, 19.312247782266422 ], [ -99.101915424963266, 19.312237127538111 ], [ -99.10163572377401, 19.312214126546511 ], [ -99.10137716844028, 19.312201919972729 ], [ -99.101398042996024, 19.311772732252415 ], [ -99.101449625358526, 19.311039399012245 ], [ -99.101087039550336, 19.311008509325273 ], [ -99.101164537959875, 19.309930188294466 ], [ -99.101305056437909, 19.30993916046986 ], [ -99.10144557493075, 19.309948132536903 ], [ -99.102387911028131, 19.310008736489625 ], [ -99.102386344101035, 19.310029358471361 ], [ -99.102310751375725, 19.311026347034087 ], [ -99.102305963267611, 19.311089476112262 ], [ -99.102583967636036, 19.311109016043734 ], [ -99.102858417052843, 19.311119124155358 ], [ -99.103189771150653, 19.311155944882181 ], [ -99.103401448955466, 19.311270061806454 ], [ -99.103650509053779, 19.311447184418039 ], [ -99.103918422367173, 19.311683638317859 ], [ -99.103523913047653, 19.312276728977817 ], [ -99.103508241573309, 19.312417351517269 ] ] ] ] } },
{ "type": "Feature", "properties": { "id": 4823.0, "entidad": 9, "distrito_f": 19, "distrito_l": 30, "municipio": 3, "seccion": 660, "tipo": 2, "control": 37037.0, "SECCION_TX": "0660", "SECCION__1": null, "SECCION__2": null, "SECCION_N": "660", "ESTATUS": null, "ALCALDIA_N": "COYOACAN", "EN_OPERATI": null, "EN_OP": "NO", "SEC_N": "660", "EST": null, "ALC_N": "COYOACAN", "OP": "NO", "NOMBRE": "CANAL NACIONAL" }, "geometry": { "type": "MultiPolygon", "coordinates": [ [ [ [ -99.103918422367173, 19.311683638317859 ], [ -99.103650509053779, 19.311447184418039 ], [ -99.103401448955466, 19.311270061806454 ], [ -99.103189771150653, 19.311155944882181 ], [ -99.102858417052843, 19.311119124155358 ], [ -99.102583967636036, 19.311109016043734 ], [ -99.102305963267611, 19.311089476112262 ], [ -99.102310751375725, 19.311026347034087 ], [ -99.102386344101035, 19.310029358471361 ], [ -99.102387911028131, 19.310008736489625 ], [ -99.10144557493075, 19.309948132536903 ], [ -99.101305056437909, 19.30993916046986 ], [ -99.101164537959875, 19.309930188294466 ], [ -99.101271198155274, 19.308512801957541 ], [ -99.101358887336929, 19.308565256777293 ], [ -99.101518735523769, 19.308642720536632 ], [ -99.10145314964187, 19.30927583649752 ], [ -99.101444005783563, 19.309611658574347 ], [ -99.101690011402994, 19.309681398311472 ], [ -99.102343828863653, 19.309866746066874 ], [ -99.102669949519722, 19.309894708833198 ], [ -99.103017671382702, 19.31007143255346 ], [ -99.103027529796123, 19.310053261000167 ], [ -99.103065015818061, 19.309984164724227 ], [ -99.103112360203355, 19.309896896882105 ], [ -99.103157287755735, 19.309831510931911 ], [ -99.103214039802324, 19.309731799726329 ], [ -99.103240964769583, 19.309749295847524 ], [ -99.103265969388829, 19.309761023810754 ], [ -99.103290974011642, 19.309772751770534 ], [ -99.103329202754395, 19.309790682251275 ], [ -99.10361494101663, 19.309924698076731 ], [ -99.103740639397714, 19.309986162118079 ], [ -99.10383781148613, 19.310035586453981 ], [ -99.104182490045844, 19.310204307668577 ], [ -99.104634851465491, 19.310288590619255 ], [ -99.104575710375087, 19.310556257480037 ], [ -99.104503990273884, 19.310862403974109 ], [ -99.104472233294715, 19.310928840668357 ], [ -99.104420824843672, 19.311036388792772 ], [ -99.104196160117354, 19.311321141730083 ], [ -99.103918422367173, 19.311683638317859 ] ] ] ] } },
{ "type": "Feature", "properties": { "id": 4827.0, "entidad": 9, "distrito_f": 19, "distrito_l": 30, "municipio": 3, "seccion": 664, "tipo": 2, "control": 37031.0, "SECCION_TX": "0664", "SECCION__1": null, "SECCION__2": null, "SECCION_N": "664", "ESTATUS": null, "ALCALDIA_N": "COYOACAN", "EN_OPERATI": null, "EN_OP": "NO", "SEC_N": "664", "EST": null, "ALC_N": "COYOACAN", "OP": "NO", "NOMBRE": "CANAL NACIONAL" }, "geometry": { "type": "MultiPolygon", "coordinates": [ [ [ [ -99.100394674144596, 19.320760237466441 ], [ -99.100192961887572, 19.320831287482147 ], [ -99.099864157784253, 19.320803092133751 ], [ -99.099692257537413, 19.320746434865296 ], [ -99.099553516185395, 19.320747475211423 ], [ -99.099493753766936, 19.320747923304825 ], [ -99.099096712022558, 19.32075089979206 ], [ -99.09903252204461, 19.320469400426305 ], [ -99.099254996986929, 19.317962131753816 ], [ -99.099360397343972, 19.316776296578482 ], [ -99.09940151349717, 19.316310865326656 ], [ -99.099531169931581, 19.314849587643764 ], [ -99.099637141953593, 19.313655223375058 ], [ -99.099803369679393, 19.311781709047281 ], [ -99.099838786082799, 19.311382533510297 ], [ -99.099886214709414, 19.310847966150007 ], [ -99.099971039702496, 19.30988797139555 ], [ -99.10025312968645, 19.306715357108018 ], [ -99.100276073746642, 19.306457304176611 ], [ -99.100922902440075, 19.306820117916175 ], [ -99.10128951316203, 19.307005242352538 ], [ -99.101382241950532, 19.307052066671467 ], [ -99.102541219585774, 19.307629378413278 ], [ -99.102917471197628, 19.307816727197658 ], [ -99.103982449404242, 19.30834701039355 ], [ -99.104468993444812, 19.308589271404315 ], [ -99.104434130128169, 19.308675774454727 ], [ -99.104405680663874, 19.308746363347488 ], [ -99.1042537591794, 19.308680344801338 ], [ -99.103905581193871, 19.308529040936758 ], [ -99.103545458489307, 19.309172084388244 ], [ -99.10347025245396, 19.309306373302604 ], [ -99.102199628027591, 19.308711660407809 ], [ -99.102180287680682, 19.30874097564605 ], [ -99.102119797983022, 19.308837620570731 ], [ -99.102097603924761, 19.308924940644197 ], [ -99.10184036865131, 19.308807514547279 ], [ -99.10159841992288, 19.308684542324286 ], [ -99.101518735523769, 19.308642720536632 ], [ -99.101358887336929, 19.308565256777293 ], [ -99.101271198155274, 19.308512801957541 ], [ -99.101164537959875, 19.309930188294466 ], [ -99.101087039550336, 19.311008509325273 ], [ -99.100873020426064, 19.313908791852164 ], [ -99.100774601021456, 19.315184182672009 ], [ -99.100728322476314, 19.316064270318325 ], [ -99.10072590039664, 19.316093048147398 ], [ -99.100692999775021, 19.316483954400177 ], [ -99.100644025120175, 19.317221006879937 ], [ -99.100635025332181, 19.317356450036122 ], [ -99.100631056610013, 19.317416177624573 ], [ -99.100520998153712, 19.318451651801443 ], [ -99.100477663473043, 19.319116085394572 ], [ -99.100466319563978, 19.319253513723879 ], [ -99.100365019182846, 19.320480729901554 ], [ -99.100347403952028, 19.320694129989853 ], [ -99.100394674144596, 19.320760237466441 ] ] ] ] } },
{ "type": "Feature", "properties": { "id": 4828.0, "entidad": 9, "distrito_f": 19, "distrito_l": 30, "municipio": 3, "seccion": 665, "tipo": 2, "control": 37079.0, "SECCION_TX": "0665", "SECCION__1": null, "SECCION__2": null, "SECCION_N": "665", "ESTATUS": null, "ALCALDIA_N": "COYOACAN", "EN_OPERATI": null, "EN_OP": "NO", "SEC_N": "665", "EST": null, "ALC_N": "COYOACAN", "OP": "NO", "NOMBRE": "CANAL NACIONAL" }, "geometry": { "type": "MultiPolygon", "coordinates": [ [ [ [ -99.107734936735582, 19.303652775124132 ], [ -99.107253377348954, 19.303742627022917 ], [ -99.106756912844034, 19.303818343999893 ], [ -99.106280308431451, 19.303894048066791 ], [ -99.106438913609438, 19.304990915598939 ], [ -99.105374945277305, 19.304633636700817 ], [ -99.104849889303011, 19.304457320861054 ], [ -99.104356354291696, 19.304291588156214 ], [ -99.104380706964548, 19.304819467291868 ], [ -99.104434198113609, 19.305347063449378 ], [ -99.104443334206564, 19.305538146528018 ], [ -99.104445212633507, 19.305593793244594 ], [ -99.104454388024109, 19.305865605390885 ], [ -99.104589446246436, 19.307435330719684 ], [ -99.104639527449393, 19.308109421394015 ], [ -99.104681030045228, 19.308573646971016 ], [ -99.104692173292975, 19.308698288844869 ], [ -99.104468993444812, 19.308589271404315 ], [ -99.103982449404242, 19.30834701039355 ], [ -99.102917471197628, 19.307816727197658 ], [ -99.102541219585774, 19.307629378413278 ], [ -99.101382241950532, 19.307052066671467 ], [ -99.10128951316203, 19.307005242352538 ], [ -99.100922902440075, 19.306820117916175 ], [ -99.100276073746642, 19.306457304176611 ], [ -99.100454010523549, 19.304623484558963 ], [ -99.100897024595952, 19.300015493754334 ], [ -99.103881544626972, 19.299848072994561 ], [ -99.104982760184853, 19.299694907837956 ], [ -99.106153102265694, 19.299626558943814 ], [ -99.106431232206901, 19.29961030500623 ], [ -99.107040642580174, 19.299574689519758 ], [ -99.107067939843532, 19.299730103299886 ], [ -99.10732890720621, 19.3012158751079 ], [ -99.107404627001713, 19.301686122018673 ], [ -99.107663233810513, 19.303184178688838 ], [ -99.107734936735582, 19.303652775124132 ] ] ] ] } },
{ "type": "Feature", "properties": { "id": 2158.0, "entidad": 9, "distrito_f": 8, "distrito_l": 30, "municipio": 3, "seccion": 550, "tipo": 2, "control": 35859.0, "SECCION_TX": "0550", "SECCION__1": null, "SECCION__2": null, "SECCION_N": "550", "ESTATUS": null, "ALCALDIA_N": "COYOACAN", "EN_OPERATI": null, "EN_OP": "NO", "SEC_N": "550", "EST": null, "ALC_N": "COYOACAN", "OP": "NO", "NOMBRE": "EDUCACION" }, "geometry": { "type": "MultiPolygon", "coordinates": [ [ [ [ -99.141994165420783, 19.341692059348407 ], [ -99.14124648727369, 19.341585121378255 ], [ -99.141210356285214, 19.341579953599293 ], [ -99.140826253929163, 19.341529980596356 ], [ -99.140344194364388, 19.341467261842357 ], [ -99.140379017466984, 19.341217093620116 ], [ -99.140437587491306, 19.340796326451784 ], [ -99.140424973094923, 19.340067846575824 ], [ -99.14048450183445, 19.339566964073359 ], [ -99.14094499695058, 19.339625963709626 ], [ -99.141383969127148, 19.339697169072831 ], [ -99.141523614765205, 19.339715559192069 ], [ -99.141869277014095, 19.339761079433202 ], [ -99.142029447625418, 19.339784204852872 ], [ -99.14236738264043, 19.339832995398844 ], [ -99.143021672505554, 19.339918719524722 ], [ -99.143169018088287, 19.33993802419625 ], [ -99.143350980783538, 19.340537417451603 ], [ -99.143429834921207, 19.340797165062572 ], [ -99.143303644440849, 19.340872529455364 ], [ -99.142195894040995, 19.341534101450421 ], [ -99.142109330102443, 19.341601882962088 ], [ -99.142046359409306, 19.341651190370545 ], [ -99.141994165420783, 19.341692059348407 ] ] ] ] } },
{ "type": "Feature", "properties": { "id": 2159.0, "entidad": 9, "distrito_f": 8, "distrito_l": 30, "municipio": 3, "seccion": 551, "tipo": 2, "control": 35987.0, "SECCION_TX": "0551", "SECCION__1": null, "SECCION__2": null, "SECCION_N": "551", "ESTATUS": null, "ALCALDIA_N": "COYOACAN", "EN_OPERATI": null, "EN_OP": "NO", "SEC_N": "551", "EST": null, "ALC_N": "COYOACAN", "OP": "NO", "NOMBRE": "EDUCACION" }, "geometry": { "type": "MultiPolygon", "coordinates": [ [ [ [ -99.140344194364388, 19.341467261842357 ], [ -99.13988247451168, 19.341407188161416 ], [ -99.139420339223889, 19.341347059212051 ], [ -99.139387430304069, 19.341342777348586 ], [ -99.138921766850132, 19.341255953400253 ], [ -99.138473398369186, 19.34119911041461 ], [ -99.138003769294983, 19.341139570840046 ], [ -99.137505944423893, 19.341076455232283 ], [ -99.137510577906298, 19.340897080118193 ], [ -99.13745725455378, 19.340287188624725 ], [ -99.137402460096453, 19.33966897100516 ], [ -99.137363341296194, 19.339311041542601 ], [ -99.137338648658712, 19.339085107841335 ], [ -99.137293008846797, 19.338595687170692 ], [ -99.137263280543294, 19.338308794611361 ], [ -99.137232748045577, 19.338014140095257 ], [ -99.137155413746868, 19.337267818854105 ], [ -99.137092378338536, 19.336659485019648 ], [ -99.137119419567171, 19.336543541087099 ], [ -99.137319515498376, 19.336715940168094 ], [ -99.137411124623384, 19.336794868758293 ], [ -99.13797417632486, 19.337242577608137 ], [ -99.138375796677224, 19.337516208034586 ], [ -99.138500045051899, 19.337590199369522 ], [ -99.138779750881724, 19.337707948937869 ], [ -99.138944139051148, 19.337777152205966 ], [ -99.139190400074057, 19.337867207109674 ], [ -99.139630159055727, 19.337977266560241 ], [ -99.13981186306107, 19.338022741668777 ], [ -99.140069925125772, 19.338314499191434 ], [ -99.14011313048232, 19.338487685764054 ], [ -99.140165235160367, 19.338696544323646 ], [ -99.140157164585048, 19.338805033578524 ], [ -99.140133932777204, 19.33911732795589 ], [ -99.140112689269458, 19.339171909458102 ], [ -99.140079356846826, 19.33925755124859 ], [ -99.139998537222496, 19.339465202646295 ], [ -99.140143312299926, 19.33950802603691 ], [ -99.14048450183445, 19.339566964073359 ], [ -99.140424973094923, 19.340067846575824 ], [ -99.140437587491306, 19.340796326451784 ], [ -99.140379017466984, 19.341217093620116 ], [ -99.140344194364388, 19.341467261842357 ] ] ] ] } },
{ "type": "Feature", "properties": { "id": 2160.0, "entidad": 9, "distrito_f": 8, "distrito_l": 30, "municipio": 3, "seccion": 565, "tipo": 2, "control": 36380.0, "SECCION_TX": "0565", "SECCION__1": null, "SECCION__2": null, "SECCION_N": "565", "ESTATUS": null, "ALCALDIA_N": "COYOACAN", "EN_OPERATI": null, "EN_OP": "NO", "SEC_N": "565", "EST": null, "ALC_N": "COYOACAN", "OP": "NO", "NOMBRE": "EDUCACION" }, "geometry": { "type": "MultiPolygon", "coordinates": [ [ [ [ -99.143169018088287, 19.33993802419625 ], [ -99.143021672505554, 19.339918719524722 ], [ -99.14236738264043, 19.339832995398844 ], [ -99.142029447625418, 19.339784204852872 ], [ -99.141869277014095, 19.339761079433202 ], [ -99.141523614765205, 19.339715559192069 ], [ -99.141383969127148, 19.339697169072831 ], [ -99.14094499695058, 19.339625963709626 ], [ -99.14048450183445, 19.339566964073359 ], [ -99.140143312299926, 19.33950802603691 ], [ -99.139998537222496, 19.339465202646295 ], [ -99.140079356846826, 19.33925755124859 ], [ -99.140112689269458, 19.339171909458102 ], [ -99.140133932777204, 19.33911732795589 ], [ -99.140157164585048, 19.338805033578524 ], [ -99.140165235160367, 19.338696544323646 ], [ -99.14011313048232, 19.338487685764054 ], [ -99.140069925125772, 19.338314499191434 ], [ -99.13981186306107, 19.338022741668777 ], [ -99.139877158829449, 19.337960132766266 ], [ -99.140103508650753, 19.337953819897244 ], [ -99.140500530999063, 19.337942746312372 ], [ -99.14098846073253, 19.337834164543942 ], [ -99.141216395430433, 19.337779885590134 ], [ -99.141409600585462, 19.338247983888436 ], [ -99.141520232525906, 19.338516022123525 ], [ -99.141607827267123, 19.338487235823504 ], [ -99.141844335357746, 19.338409653400273 ], [ -99.141951657589473, 19.338412753357908 ], [ -99.142404901993004, 19.338260002839306 ], [ -99.142463293012867, 19.338238878858718 ], [ -99.142624130994093, 19.338184219206944 ], [ -99.142941123402096, 19.339204514084134 ], [ -99.143104369022709, 19.339729943025176 ], [ -99.143169018088287, 19.33993802419625 ] ] ] ] } },
{ "type": "Feature", "properties": { "id": 2161.0, "entidad": 9, "distrito_f": 8, "distrito_l": 30, "municipio": 3, "seccion": 566, "tipo": 2, "control": 36388.0, "SECCION_TX": "0566", "SECCION__1": null, "SECCION__2": null, "SECCION_N": "566", "ESTATUS": null, "ALCALDIA_N": "COYOACAN", "EN_OPERATI": null, "EN_OP": "NO", "SEC_N": "566", "EST": null, "ALC_N": "COYOACAN", "OP": "NO", "NOMBRE": "EDUCACION" }, "geometry": { "type": "MultiPolygon", "coordinates": [ [ [ [ -99.141520232525906, 19.338516022123525 ], [ -99.141409600585462, 19.338247983888436 ], [ -99.141216395430433, 19.337779885590134 ], [ -99.14098846073253, 19.337834164543942 ], [ -99.140500530999063, 19.337942746312372 ], [ -99.140103508650753, 19.337953819897244 ], [ -99.139877158829449, 19.337960132766266 ], [ -99.13981186306107, 19.338022741668777 ], [ -99.139630159055727, 19.337977266560241 ], [ -99.139190400074057, 19.337867207109674 ], [ -99.138944139051148, 19.337777152205966 ], [ -99.139303278879993, 19.337087792817513 ], [ -99.139641633557261, 19.336449440748087 ], [ -99.139681193515045, 19.336374805147646 ], [ -99.13987548625083, 19.336008242600165 ], [ -99.139982397707044, 19.335825817492179 ], [ -99.140091391896078, 19.335631444811426 ], [ -99.140183628954887, 19.335466955224533 ], [ -99.14014876537486, 19.335203929753245 ], [ -99.140526613246791, 19.33516477889172 ], [ -99.140879248363419, 19.335101732889928 ], [ -99.141477493215888, 19.334966901478893 ], [ -99.141615514510448, 19.334935794163435 ], [ -99.14168412273365, 19.335158560715922 ], [ -99.141780908660436, 19.33547009660985 ], [ -99.141862544499276, 19.335732866210716 ], [ -99.142387240982274, 19.33742173892901 ], [ -99.142624130994093, 19.338184219206944 ], [ -99.142463293012867, 19.338238878858718 ], [ -99.142404901993004, 19.338260002839306 ], [ -99.141951657589473, 19.338412753357908 ], [ -99.141844335357746, 19.338409653400273 ], [ -99.141607827267123, 19.338487235823504 ], [ -99.141520232525906, 19.338516022123525 ] ] ] ] } },
{ "type": "Feature", "properties": { "id": 2162.0, "entidad": 9, "distrito_f": 8, "distrito_l": 30, "municipio": 3, "seccion": 567, "tipo": 2, "control": 36390.0, "SECCION_TX": "0567", "SECCION__1": null, "SECCION__2": null, "SECCION_N": "567", "ESTATUS": null, "ALCALDIA_N": "COYOACAN", "EN_OPERATI": null, "EN_OP": "NO", "SEC_N": "567", "EST": null, "ALC_N": "COYOACAN", "OP": "NO", "NOMBRE": "EDUCACION" }, "geometry": { "type": "MultiPolygon", "coordinates": [ [ [ [ -99.138944139051148, 19.337777152205966 ], [ -99.138779750881724, 19.337707948937869 ], [ -99.138500045051899, 19.337590199369522 ], [ -99.138375796677224, 19.337516208034586 ], [ -99.13797417632486, 19.337242577608137 ], [ -99.137411124623384, 19.336794868758293 ], [ -99.137319515498376, 19.336715940168094 ], [ -99.137119419567171, 19.336543541087099 ], [ -99.137089058970957, 19.336223067834435 ], [ -99.137088984781954, 19.33612994507892 ], [ -99.137088207276804, 19.335153979465264 ], [ -99.137087822655133, 19.334671159316539 ], [ -99.13708770711132, 19.334526112860861 ], [ -99.137113819927905, 19.334429052720569 ], [ -99.137129684365561, 19.33437008527655 ], [ -99.137090356408663, 19.333567372417729 ], [ -99.137697646071899, 19.333623928249668 ], [ -99.137892092774649, 19.333653583738265 ], [ -99.138374879951371, 19.333754595498593 ], [ -99.138844668193784, 19.333813748231368 ], [ -99.139313477661503, 19.333909719688251 ], [ -99.139777435904321, 19.333982758158978 ], [ -99.139923152396818, 19.334007558252363 ], [ -99.140475313418975, 19.334101531697002 ], [ -99.140855834445333, 19.334159251834429 ], [ -99.141244264578276, 19.334200558859155 ], [ -99.141393979566232, 19.334216479850177 ], [ -99.141615514510448, 19.334935794163435 ], [ -99.141477493215888, 19.334966901478893 ], [ -99.140879248363419, 19.335101732889928 ], [ -99.140526613246791, 19.33516477889172 ], [ -99.14014876537486, 19.335203929753245 ], [ -99.140183628954887, 19.335466955224533 ], [ -99.140091391896078, 19.335631444811426 ], [ -99.139982397707044, 19.335825817492179 ], [ -99.13987548625083, 19.336008242600165 ], [ -99.139681193515045, 19.336374805147646 ], [ -99.139641633557261, 19.336449440748087 ], [ -99.139303278879993, 19.337087792817513 ], [ -99.138944139051148, 19.337777152205966 ] ] ] ] } },
{ "type": "Feature", "properties": { "id": 2163.0, "entidad": 9, "distrito_f": 8, "distrito_l": 30, "municipio": 3, "seccion": 585, "tipo": 2, "control": 36398.0, "SECCION_TX": "0585", "SECCION__1": null, "SECCION__2": null, "SECCION_N": "585", "ESTATUS": null, "ALCALDIA_N": "COYOACAN", "EN_OPERATI": null, "EN_OP": "NO", "SEC_N": "585", "EST": null, "ALC_N": "COYOACAN", "OP": "NO", "NOMBRE": "EDUCACION" }, "geometry": { "type": "MultiPolygon", "coordinates": [ [ [ [ -99.13708770711132, 19.334526112860861 ], [ -99.136977492395317, 19.334491330593725 ], [ -99.136867277725571, 19.334456548259535 ], [ -99.136811502900073, 19.333416293500296 ], [ -99.136441068915872, 19.333328677850592 ], [ -99.135944959077705, 19.333219181885255 ], [ -99.135593018271777, 19.333161850428056 ], [ -99.135465409717412, 19.333141062707842 ], [ -99.135002381846277, 19.333047234809627 ], [ -99.134502969576332, 19.33294087639749 ], [ -99.134013480854421, 19.332837648363839 ], [ -99.133573612322337, 19.332756355980763 ], [ -99.133127123028018, 19.332665650232624 ], [ -99.132657486772672, 19.332574960230495 ], [ -99.132776452202592, 19.332318661048486 ], [ -99.132821874332606, 19.33205146807925 ], [ -99.133002136197504, 19.329941110527812 ], [ -99.133574570546315, 19.329989639535807 ], [ -99.134078626816134, 19.330031135180374 ], [ -99.134582673534482, 19.330060667843508 ], [ -99.135067834333171, 19.330108155492589 ], [ -99.136335419786761, 19.330219035459944 ], [ -99.136762734192374, 19.330256412068504 ], [ -99.136881233127639, 19.330285093797055 ], [ -99.13703370134607, 19.33032199739305 ], [ -99.13702213316374, 19.331560030807037 ], [ -99.137060573385099, 19.332691069249503 ], [ -99.137079086567965, 19.333255367565304 ], [ -99.137084149071711, 19.333392305172559 ], [ -99.137087338446634, 19.333478575670441 ], [ -99.137090356408663, 19.333567372417729 ], [ -99.137129684365561, 19.33437008527655 ], [ -99.137113819927905, 19.334429052720569 ], [ -99.13708770711132, 19.334526112860861 ] ] ] ] } },
{ "type": "Feature", "properties": { "id": 4733.0, "entidad": 9, "distrito_f": 19, "distrito_l": 30, "municipio": 3, "seccion": 545, "tipo": 2, "control": 35908.0, "SECCION_TX": "0545", "SECCION__1": null, "SECCION__2": null, "SECCION_N": "545", "ESTATUS": null, "ALCALDIA_N": "COYOACAN", "EN_OPERATI": null, "EN_OP": "NO", "SEC_N": "545", "EST": null, "ALC_N": "COYOACAN", "OP": "NO", "NOMBRE": "EDUCACION" }, "geometry": { "type": "MultiPolygon", "coordinates": [ [ [ [ -99.126433733785774, 19.345887150852096 ], [ -99.12640658454599, 19.345156424246778 ], [ -99.126419901098316, 19.345101006622951 ], [ -99.126414166395904, 19.344962121555628 ], [ -99.126400380631381, 19.344628251952159 ], [ -99.126393861393552, 19.344454504047839 ], [ -99.126387342170673, 19.344280756139987 ], [ -99.126389028110367, 19.344013178573217 ], [ -99.126389238932944, 19.343979718630809 ], [ -99.126399690055692, 19.343731204986749 ], [ -99.126397233413471, 19.343304907085862 ], [ -99.12624398154027, 19.343302992935389 ], [ -99.126257679531847, 19.343065009047393 ], [ -99.126278949519502, 19.342727801623578 ], [ -99.126311033154806, 19.34245444894535 ], [ -99.126353900935214, 19.342206633679975 ], [ -99.126418112650313, 19.341907284808904 ], [ -99.126510688392315, 19.341816607235952 ], [ -99.126603462615662, 19.341586510331105 ], [ -99.126696236580742, 19.34135641337469 ], [ -99.126720510454803, 19.341265013728641 ], [ -99.126744784302147, 19.3411736140785 ], [ -99.126858558000464, 19.340875561601202 ], [ -99.126886232128683, 19.340803063630112 ], [ -99.126927640538028, 19.340694585806755 ], [ -99.127058412390411, 19.340352001108922 ], [ -99.127383484111462, 19.339600516436189 ], [ -99.127654554219589, 19.338976666520722 ], [ -99.127699935220264, 19.338869586373146 ], [ -99.127734409299237, 19.338788567873184 ], [ -99.128143323851617, 19.338906005836829 ], [ -99.128968431896624, 19.339142968920413 ], [ -99.129974568391404, 19.339431915633266 ], [ -99.129934852253257, 19.339583198205482 ], [ -99.129767293835158, 19.339541024875594 ], [ -99.129726779158332, 19.339530827576755 ], [ -99.129695148765975, 19.341513961232081 ], [ -99.129718703042599, 19.341602184056701 ], [ -99.12977622337219, 19.341817626718605 ], [ -99.129793000860346, 19.341864227486386 ], [ -99.129960623921491, 19.342329811905806 ], [ -99.130480352238678, 19.343723392722229 ], [ -99.130583980531384, 19.343743897296228 ], [ -99.130770856416078, 19.34428189890161 ], [ -99.130184402115859, 19.344268942579479 ], [ -99.130107357441872, 19.344167132544872 ], [ -99.12992848381522, 19.344149768185503 ], [ -99.129490923401391, 19.344119597944122 ], [ -99.129455834466853, 19.34411717847992 ], [ -99.128937667070133, 19.344096967039125 ], [ -99.128588611563345, 19.344086924274169 ], [ -99.128528884980625, 19.344098075722211 ], [ -99.128469158389677, 19.34410922715071 ], [ -99.128384219514857, 19.344171341413428 ], [ -99.128302974065008, 19.344258060346611 ], [ -99.128292944355749, 19.344412336571516 ], [ -99.128013294795167, 19.344395854977986 ], [ -99.127363737236976, 19.344363158565454 ], [ -99.126870063310847, 19.344333673114999 ], [ -99.126891980601201, 19.345863580108059 ], [ -99.126662857210846, 19.345875365623996 ], [ -99.126433733785774, 19.345887150852096 ] ] ] ] } },
{ "type": "Feature", "properties": { "id": 4739.0, "entidad": 9, "distrito_f": 19, "distrito_l": 30, "municipio": 3, "seccion": 552, "tipo": 2, "control": 35988.0, "SECCION_TX": "0552", "SECCION__1": null, "SECCION__2": null, "SECCION_N": "552", "ESTATUS": null, "ALCALDIA_N": "COYOACAN", "EN_OPERATI": null, "EN_OP": "NO", "SEC_N": "552", "EST": null, "ALC_N": "COYOACAN", "OP": "NO", "NOMBRE": "EDUCACION" }, "geometry": { "type": "MultiPolygon", "coordinates": [ [ [ [ -99.137432211890584, 19.341256647878804 ], [ -99.137331230554523, 19.341243593623865 ], [ -99.136849893802577, 19.341181368528179 ], [ -99.136374024239089, 19.341148994661875 ], [ -99.135873982725968, 19.341074087849435 ], [ -99.135398813032907, 19.341010664607406 ], [ -99.135361878602296, 19.341005734732896 ], [ -99.134878207410139, 19.340935589441727 ], [ -99.134856667120403, 19.340932465490894 ], [ -99.134386565651525, 19.340841591537679 ], [ -99.134405914535364, 19.340782006544266 ], [ -99.134425263405276, 19.340722421548406 ], [ -99.134404724176875, 19.340716334955044 ], [ -99.13390025932928, 19.340566841008137 ], [ -99.133404921379636, 19.340409071027956 ], [ -99.132839389374183, 19.340238538808276 ], [ -99.132788612048458, 19.340223227157399 ], [ -99.132920482827572, 19.339743472826171 ], [ -99.133177122621447, 19.338921920326435 ], [ -99.133255201146824, 19.338723816108313 ], [ -99.13336259901638, 19.338500934509419 ], [ -99.133564442160846, 19.338163487646437 ], [ -99.134049836573581, 19.337748470075248 ], [ -99.134179236305357, 19.337631124075344 ], [ -99.134323795282882, 19.337632790804356 ], [ -99.13465609475351, 19.337636621699669 ], [ -99.135094383471568, 19.337636297404927 ], [ -99.135162466313375, 19.337636028385219 ], [ -99.135520286542047, 19.337687739291781 ], [ -99.135617831083252, 19.337700892945101 ], [ -99.135999942685388, 19.337780282514501 ], [ -99.136040527421585, 19.337788714566788 ], [ -99.136547112758748, 19.337938474686382 ], [ -99.136747690963787, 19.33804817860284 ], [ -99.136948269435791, 19.338157882295608 ], [ -99.137023367070427, 19.338300172243404 ], [ -99.137143323803983, 19.338304483466874 ], [ -99.137263280543294, 19.338308794611361 ], [ -99.137293008846797, 19.338595687170692 ], [ -99.137338648658712, 19.339085107841335 ], [ -99.137363341296194, 19.339311041542601 ], [ -99.137402460096453, 19.33966897100516 ], [ -99.13745725455378, 19.340287188624725 ], [ -99.137510577906298, 19.340897080118193 ], [ -99.137505944423893, 19.341076455232283 ], [ -99.137446922316343, 19.341068972153447 ], [ -99.137439567107478, 19.341162810016776 ], [ -99.137432211890584, 19.341256647878804 ] ] ] ] } },
{ "type": "Feature", "properties": { "id": 4740.0, "entidad": 9, "distrito_f": 19, "distrito_l": 30, "municipio": 3, "seccion": 553, "tipo": 2, "control": 35989.0, "SECCION_TX": "0553", "SECCION__1": null, "SECCION__2": null, "SECCION_N": "553", "ESTATUS": null, "ALCALDIA_N": "COYOACAN", "EN_OPERATI": null, "EN_OP": "NO", "SEC_N": "553", "EST": null, "ALC_N": "COYOACAN", "OP": "NO", "NOMBRE": "EDUCACION" }, "geometry": { "type": "MultiPolygon", "coordinates": [ [ [ [ -99.132788612048458, 19.340223227157399 ], [ -99.132729395024725, 19.340207213628283 ], [ -99.132197427730091, 19.340063357472985 ], [ -99.131722650580741, 19.339929396276762 ], [ -99.131247875929702, 19.339797600044626 ], [ -99.130826904393061, 19.33967670133277 ], [ -99.130350613312217, 19.33953991402333 ], [ -99.129974568391404, 19.339431915633266 ], [ -99.128968431896624, 19.339142968920413 ], [ -99.128143323851617, 19.338906005836829 ], [ -99.128159554320575, 19.338416879783505 ], [ -99.128160686715006, 19.338382753521401 ], [ -99.128180764337429, 19.337968317185037 ], [ -99.128186199552403, 19.337618836470103 ], [ -99.128188028146454, 19.337501258819117 ], [ -99.128188534800984, 19.337468681170392 ], [ -99.128205203060347, 19.337059704404215 ], [ -99.128210672421361, 19.336925506320071 ], [ -99.128221625875412, 19.336660653166284 ], [ -99.128232579296878, 19.336395800004464 ], [ -99.128259656429321, 19.336298795059129 ], [ -99.128300953269644, 19.336216508621586 ], [ -99.128314022137104, 19.336190468098284 ], [ -99.128432128582887, 19.335911521316181 ], [ -99.128696072678935, 19.335993599227621 ], [ -99.129552667896547, 19.336221836793541 ], [ -99.129671595383115, 19.335947084997052 ], [ -99.129911281522723, 19.336036349165692 ], [ -99.130141897464981, 19.336146568182716 ], [ -99.129991302670831, 19.336615321382538 ], [ -99.129918380483005, 19.337273801245495 ], [ -99.130383100449649, 19.337297782942461 ], [ -99.130867424059289, 19.337317274132047 ], [ -99.130965867185679, 19.337322423613998 ], [ -99.131089236789336, 19.337331342746904 ], [ -99.131203967879031, 19.337339637273608 ], [ -99.131261769010166, 19.3373438160002 ], [ -99.131526908495402, 19.337357147439725 ], [ -99.131673987996479, 19.337366777509544 ], [ -99.132003436925743, 19.337376877114462 ], [ -99.13203146766611, 19.337377049625342 ], [ -99.132059498406505, 19.337377222131821 ], [ -99.132566505330786, 19.337380341604337 ], [ -99.132797259129219, 19.337413992379563 ], [ -99.133064131807046, 19.337452909980872 ], [ -99.133121476161719, 19.337461272359814 ], [ -99.133354089164513, 19.337513389248596 ], [ -99.133586702313067, 19.337565505839446 ], [ -99.133776110926519, 19.337595689930723 ], [ -99.13392540209783, 19.337619480773537 ], [ -99.13409878269195, 19.337627865771893 ], [ -99.134179236305357, 19.337631124075344 ], [ -99.134049836573581, 19.337748470075248 ], [ -99.133564442160846, 19.338163487646437 ], [ -99.13336259901638, 19.338500934509419 ], [ -99.133255201146824, 19.338723816108313 ], [ -99.133177122621447, 19.338921920326435 ], [ -99.132920482827572, 19.339743472826171 ], [ -99.132788612048458, 19.340223227157399 ] ] ] ] } },
{ "type": "Feature", "properties": { "id": 4750.0, "entidad": 9, "distrito_f": 19, "distrito_l": 30, "municipio": 3, "seccion": 563, "tipo": 2, "control": 36512.0, "SECCION_TX": "0563", "SECCION__1": null, "SECCION__2": null, "SECCION_N": "563", "ESTATUS": null, "ALCALDIA_N": "COYOACAN", "EN_OPERATI": null, "EN_OP": "NO", "SEC_N": "563", "EST": null, "ALC_N": "COYOACAN", "OP": "NO", "NOMBRE": "EDUCACION" }, "geometry": { "type": "MultiPolygon", "coordinates": [ [ [ [ -99.133064131807046, 19.337452909980872 ], [ -99.132797259129219, 19.337413992379563 ], [ -99.132566505330786, 19.337380341604337 ], [ -99.132059498406505, 19.337377222131821 ], [ -99.13203146766611, 19.337377049625342 ], [ -99.132003436925743, 19.337376877114462 ], [ -99.131673987996479, 19.337366777509544 ], [ -99.131526908495402, 19.337357147439725 ], [ -99.131261769010166, 19.3373438160002 ], [ -99.131203967879031, 19.337339637273608 ], [ -99.131089236789336, 19.337331342746904 ], [ -99.130965867185679, 19.337322423613998 ], [ -99.130867424059289, 19.337317274132047 ], [ -99.130383100449649, 19.337297782942461 ], [ -99.129918380483005, 19.337273801245495 ], [ -99.129991302670831, 19.336615321382538 ], [ -99.130141897464981, 19.336146568182716 ], [ -99.129911281522723, 19.336036349165692 ], [ -99.129671595383115, 19.335947084997052 ], [ -99.129552667896547, 19.336221836793541 ], [ -99.128696072678935, 19.335993599227621 ], [ -99.128432128582887, 19.335911521316181 ], [ -99.1285529298775, 19.335644648973144 ], [ -99.128581035764597, 19.33551073303504 ], [ -99.128640925161662, 19.335447850908665 ], [ -99.128850617471826, 19.334859985691349 ], [ -99.129192532264639, 19.334010895965545 ], [ -99.129289921380646, 19.333769044227211 ], [ -99.129309984460107, 19.333719220385699 ], [ -99.130326258519062, 19.334608004771628 ], [ -99.130457276127714, 19.334743189596701 ], [ -99.130783686492876, 19.334911351563434 ], [ -99.130715479692071, 19.335120406451427 ], [ -99.131101011650998, 19.335256383615331 ], [ -99.131549249327918, 19.335421788594704 ], [ -99.131684266823427, 19.335472942158852 ], [ -99.131811208899336, 19.335521036098708 ], [ -99.132186320389579, 19.335619509685156 ], [ -99.132209932836616, 19.335625708351984 ], [ -99.132463117011326, 19.335666956525813 ], [ -99.132752867904543, 19.335717078120801 ], [ -99.132876837019836, 19.335738522355847 ], [ -99.132784941152508, 19.335936849815592 ], [ -99.132700053739171, 19.336233832559703 ], [ -99.13268825518827, 19.336332501582287 ], [ -99.132684152004046, 19.336412573041159 ], [ -99.132681976522406, 19.336455026379102 ], [ -99.13272023496728, 19.336709267189217 ], [ -99.132777836540598, 19.336944131024325 ], [ -99.132840614428261, 19.337188294795453 ], [ -99.132930598631475, 19.33734429912678 ], [ -99.133064131807046, 19.337452909980872 ] ] ] ] } },
{ "type": "Feature", "properties": { "id": 4751.0, "entidad": 9, "distrito_f": 19, "distrito_l": 30, "municipio": 3, "seccion": 564, "tipo": 2, "control": 36354.0, "SECCION_TX": "0564", "SECCION__1": null, "SECCION__2": null, "SECCION_N": "564", "ESTATUS": null, "ALCALDIA_N": "COYOACAN", "EN_OPERATI": null, "EN_OP": "NO", "SEC_N": "564", "EST": null, "ALC_N": "COYOACAN", "OP": "NO", "NOMBRE": "EDUCACION" }, "geometry": { "type": "MultiPolygon", "coordinates": [ [ [ [ -99.137023367070427, 19.338300172243404 ], [ -99.136948269435791, 19.338157882295608 ], [ -99.136747690963787, 19.33804817860284 ], [ -99.136547112758748, 19.337938474686382 ], [ -99.136040527421585, 19.337788714566788 ], [ -99.135999942685388, 19.337780282514501 ], [ -99.135617831083252, 19.337700892945101 ], [ -99.135520286542047, 19.337687739291781 ], [ -99.135162466313375, 19.337636028385219 ], [ -99.135094383471568, 19.337636297404927 ], [ -99.13465609475351, 19.337636621699669 ], [ -99.134323795282882, 19.337632790804356 ], [ -99.134179236305357, 19.337631124075344 ], [ -99.13409878269195, 19.337627865771893 ], [ -99.13392540209783, 19.337619480773537 ], [ -99.133776110926519, 19.337595689930723 ], [ -99.133586702313067, 19.337565505839446 ], [ -99.133354089164513, 19.337513389248596 ], [ -99.133121476161719, 19.337461272359814 ], [ -99.133064131807046, 19.337452909980872 ], [ -99.132930598631475, 19.33734429912678 ], [ -99.132840614428261, 19.337188294795453 ], [ -99.132777836540598, 19.336944131024325 ], [ -99.13272023496728, 19.336709267189217 ], [ -99.132681976522406, 19.336455026379102 ], [ -99.132684152004046, 19.336412573041159 ], [ -99.13268825518827, 19.336332501582287 ], [ -99.132700053739171, 19.336233832559703 ], [ -99.132784941152508, 19.335936849815592 ], [ -99.132876837019836, 19.335738522355847 ], [ -99.132960830600979, 19.33556087232186 ], [ -99.133107139549566, 19.335327738985519 ], [ -99.133314582768662, 19.335214339163841 ], [ -99.13343366115366, 19.335149244221256 ], [ -99.133578088850243, 19.335058662263762 ], [ -99.133621941172976, 19.335055739186362 ], [ -99.134005679637696, 19.335030159762827 ], [ -99.134425974392499, 19.335098196182461 ], [ -99.134571947283291, 19.335121825722794 ], [ -99.13484917310744, 19.335205247341172 ], [ -99.135126399210591, 19.335288668535412 ], [ -99.135258789844102, 19.335343030901686 ], [ -99.13552841395196, 19.335453743795469 ], [ -99.135950257601891, 19.335656388301665 ], [ -99.136756375851306, 19.336112442189119 ], [ -99.136875242762869, 19.336213832270293 ], [ -99.136982150864114, 19.336218450083734 ], [ -99.137089058970957, 19.336223067834435 ], [ -99.137119419567171, 19.336543541087099 ], [ -99.137092378338536, 19.336659485019648 ], [ -99.137155413746868, 19.337267818854105 ], [ -99.137232748045577, 19.338014140095257 ], [ -99.137263280543294, 19.338308794611361 ], [ -99.137143323803983, 19.338304483466874 ], [ -99.137023367070427, 19.338300172243404 ] ] ] ] } },
{ "type": "Feature", "properties": { "id": 4752.0, "entidad": 9, "distrito_f": 19, "distrito_l": 30, "municipio": 3, "seccion": 568, "tipo": 2, "control": 36370.0, "SECCION_TX": "0568", "SECCION__1": null, "SECCION__2": null, "SECCION_N": "568", "ESTATUS": null, "ALCALDIA_N": "COYOACAN", "EN_OPERATI": null, "EN_OP": "NO", "SEC_N": "568", "EST": null, "ALC_N": "COYOACAN", "OP": "NO", "NOMBRE": "EDUCACION" }, "geometry": { "type": "MultiPolygon", "coordinates": [ [ [ [ -99.136875242762869, 19.336213832270293 ], [ -99.136756375851306, 19.336112442189119 ], [ -99.135950257601891, 19.335656388301665 ], [ -99.13552841395196, 19.335453743795469 ], [ -99.135258789844102, 19.335343030901686 ], [ -99.135126399210591, 19.335288668535412 ], [ -99.13484917310744, 19.335205247341172 ], [ -99.134571947283291, 19.335121825722794 ], [ -99.134425974392499, 19.335098196182461 ], [ -99.134005679637696, 19.335030159762827 ], [ -99.133621941172976, 19.335055739186362 ], [ -99.133578088850243, 19.335058662263762 ], [ -99.13343366115366, 19.335149244221256 ], [ -99.133314582768662, 19.335214339163841 ], [ -99.133107139549566, 19.335327738985519 ], [ -99.132960830600979, 19.33556087232186 ], [ -99.132876837019836, 19.335738522355847 ], [ -99.132752867904543, 19.335717078120801 ], [ -99.132463117011326, 19.335666956525813 ], [ -99.132209932836616, 19.335625708351984 ], [ -99.132186320389579, 19.335619509685156 ], [ -99.131811208899336, 19.335521036098708 ], [ -99.131684266823427, 19.335472942158852 ], [ -99.131549249327918, 19.335421788594704 ], [ -99.131101011650998, 19.335256383615331 ], [ -99.130715479692071, 19.335120406451427 ], [ -99.130783686492876, 19.334911351563434 ], [ -99.130457276127714, 19.334743189596701 ], [ -99.130501186974953, 19.334699461322998 ], [ -99.130804005888081, 19.334458093920535 ], [ -99.131143515289281, 19.334170212801478 ], [ -99.13161466390477, 19.333920006607883 ], [ -99.132052215807704, 19.333759891755847 ], [ -99.132449534558006, 19.333672069656696 ], [ -99.132606103774307, 19.33363746182124 ], [ -99.132814813551917, 19.333609979851204 ], [ -99.133138608428197, 19.333567343499276 ], [ -99.133545555572098, 19.333573593289106 ], [ -99.133680358529261, 19.333575663357877 ], [ -99.133906164030975, 19.333598505107119 ], [ -99.133955034936221, 19.333603310887874 ], [ -99.134222146653713, 19.333630468399789 ], [ -99.134363675426684, 19.333660129545443 ], [ -99.134760922096859, 19.333743382581122 ], [ -99.135256858036954, 19.333867948656504 ], [ -99.135675978344921, 19.33399002545756 ], [ -99.135774241249607, 19.334018646240651 ], [ -99.136084445531893, 19.334142923953586 ], [ -99.136867277725571, 19.334456548259535 ], [ -99.136977492395317, 19.334491330593725 ], [ -99.13708770711132, 19.334526112860861 ], [ -99.137087822655133, 19.334671159316539 ], [ -99.137088207276804, 19.335153979465264 ], [ -99.137088984781954, 19.33612994507892 ], [ -99.137089058970957, 19.336223067834435 ], [ -99.136982150864114, 19.336218450083734 ], [ -99.136875242762869, 19.336213832270293 ] ] ] ] } },
{ "type": "Feature", "properties": { "id": 4753.0, "entidad": 9, "distrito_f": 19, "distrito_l": 30, "municipio": 3, "seccion": 569, "tipo": 2, "control": 36375.0, "SECCION_TX": "0569", "SECCION__1": null, "SECCION__2": null, "SECCION_N": "569", "ESTATUS": null, "ALCALDIA_N": "COYOACAN", "EN_OPERATI": null, "EN_OP": "NO", "SEC_N": "569", "EST": null, "ALC_N": "COYOACAN", "OP": "NO", "NOMBRE": "EDUCACION" }, "geometry": { "type": "MultiPolygon", "coordinates": [ [ [ [ -99.130457276127714, 19.334743189596701 ], [ -99.130326258519062, 19.334608004771628 ], [ -99.129309984460107, 19.333719220385699 ], [ -99.129511083060805, 19.333155059928867 ], [ -99.129564945905287, 19.333019225521504 ], [ -99.129727898582914, 19.332608280658413 ], [ -99.129840239794177, 19.33234482675509 ], [ -99.129890150952008, 19.332213710911553 ], [ -99.129925271310881, 19.332121450135684 ], [ -99.129951303388026, 19.332028977066255 ], [ -99.129975347109976, 19.33203448091006 ], [ -99.13211567675593, 19.332437611788553 ], [ -99.132171307045283, 19.332471724827517 ], [ -99.132657486772672, 19.332574960230495 ], [ -99.133127123028018, 19.332665650232624 ], [ -99.133573612322337, 19.332756355980763 ], [ -99.134013480854421, 19.332837648363839 ], [ -99.134502969576332, 19.33294087639749 ], [ -99.135002381846277, 19.333047234809627 ], [ -99.135465409717412, 19.333141062707842 ], [ -99.135593018271777, 19.333161850428056 ], [ -99.135944959077705, 19.333219181885255 ], [ -99.136441068915872, 19.333328677850592 ], [ -99.136811502900073, 19.333416293500296 ], [ -99.136867277725571, 19.334456548259535 ], [ -99.136084445531893, 19.334142923953586 ], [ -99.135774241249607, 19.334018646240651 ], [ -99.135675978344921, 19.33399002545756 ], [ -99.135256858036954, 19.333867948656504 ], [ -99.134760922096859, 19.333743382581122 ], [ -99.134363675426684, 19.333660129545443 ], [ -99.134222146653713, 19.333630468399789 ], [ -99.133955034936221, 19.333603310887874 ], [ -99.133906164030975, 19.333598505107119 ], [ -99.133680358529261, 19.333575663357877 ], [ -99.133545555572098, 19.333573593289106 ], [ -99.133138608428197, 19.333567343499276 ], [ -99.132814813551917, 19.333609979851204 ], [ -99.132606103774307, 19.33363746182124 ], [ -99.132449534558006, 19.333672069656696 ], [ -99.132052215807704, 19.333759891755847 ], [ -99.13161466390477, 19.333920006607883 ], [ -99.131143515289281, 19.334170212801478 ], [ -99.130804005888081, 19.334458093920535 ], [ -99.130501186974953, 19.334699461322998 ], [ -99.130457276127714, 19.334743189596701 ] ] ] ] } },
{ "type": "Feature", "properties": { "id": 4766.0, "entidad": 9, "distrito_f": 19, "distrito_l": 30, "municipio": 3, "seccion": 583, "tipo": 2, "control": 36501.0, "SECCION_TX": "0583", "SECCION__1": null, "SECCION__2": null, "SECCION_N": "583", "ESTATUS": null, "ALCALDIA_N": "COYOACAN", "EN_OPERATI": null, "EN_OP": "NO", "SEC_N": "583", "EST": null, "ALC_N": "COYOACAN", "OP": "NO", "NOMBRE": "EDUCACION" }, "geometry": { "type": "MultiPolygon", "coordinates": [ [ [ [ -99.128581035764597, 19.33551073303504 ], [ -99.12858479785271, 19.33516833887456 ], [ -99.128578674869573, 19.335068877501524 ], [ -99.128538399464816, 19.335101423533061 ], [ -99.128457817196534, 19.335126346754382 ], [ -99.128346986834956, 19.335122599211385 ], [ -99.128300618434892, 19.335093939823086 ], [ -99.128272382445388, 19.335061442062038 ], [ -99.12826594452973, 19.334558379706426 ], [ -99.12831723627184, 19.332778457476469 ], [ -99.128319300688247, 19.332706817525779 ], [ -99.128321790496358, 19.33266639249603 ], [ -99.128375890873045, 19.331788003090804 ], [ -99.128388281136054, 19.331346740743925 ], [ -99.128394322739879, 19.330929661128131 ], [ -99.12846548072811, 19.329734610691119 ], [ -99.128468997216018, 19.329675553216308 ], [ -99.128476027345215, 19.329557485952197 ], [ -99.128416808787819, 19.329475909989842 ], [ -99.12847494044361, 19.328167235168973 ], [ -99.128475807140759, 19.328142276600346 ], [ -99.128512303411966, 19.327091274890758 ], [ -99.128556137253199, 19.326148290542442 ], [ -99.128568162633883, 19.325241595960208 ], [ -99.128571546496616, 19.325196147998223 ], [ -99.128587065845934, 19.324987710508335 ], [ -99.12873951090009, 19.324516126145838 ], [ -99.129071031494263, 19.324721108017354 ], [ -99.129491264896515, 19.325047516526045 ], [ -99.1297414450232, 19.325234966520497 ], [ -99.130160225090265, 19.325548739988932 ], [ -99.130559345600105, 19.325847996565464 ], [ -99.130641929339205, 19.325897883829455 ], [ -99.130878444146532, 19.326023324844979 ], [ -99.1305813859924, 19.327823686109252 ], [ -99.13027414551631, 19.329685717175568 ], [ -99.130212557980087, 19.32971650600966 ], [ -99.130059618607703, 19.331076329872953 ], [ -99.130011263020776, 19.331506267397359 ], [ -99.13000855096837, 19.331534145462662 ], [ -99.130005838915054, 19.331562023527752 ], [ -99.129951303388026, 19.332028977066255 ], [ -99.129925271310881, 19.332121450135684 ], [ -99.129890150952008, 19.332213710911553 ], [ -99.129840239794177, 19.33234482675509 ], [ -99.129727898582914, 19.332608280658413 ], [ -99.129564945905287, 19.333019225521504 ], [ -99.129511083060805, 19.333155059928867 ], [ -99.129309984460107, 19.333719220385699 ], [ -99.129289921380646, 19.333769044227211 ], [ -99.129192532264639, 19.334010895965545 ], [ -99.128850617471826, 19.334859985691349 ], [ -99.128640925161662, 19.335447850908665 ], [ -99.128581035764597, 19.33551073303504 ] ] ] ] } },
{ "type": "Feature", "properties": { "id": 4767.0, "entidad": 9, "distrito_f": 19, "distrito_l": 30, "municipio": 3, "seccion": 584, "tipo": 2, "control": 36479.0, "SECCION_TX": "0584", "SECCION__1": null, "SECCION__2": null, "SECCION_N": "584", "ESTATUS": null, "ALCALDIA_N": "COYOACAN", "EN_OPERATI": null, "EN_OP": "NO", "SEC_N": "584", "EST": null, "ALC_N": "COYOACAN", "OP": "NO", "NOMBRE": "EDUCACION" }, "geometry": { "type": "MultiPolygon", "coordinates": [ [ [ [ -99.132657486772672, 19.332574960230495 ], [ -99.132171307045283, 19.332471724827517 ], [ -99.13211567675593, 19.332437611788553 ], [ -99.129975347109976, 19.33203448091006 ], [ -99.129951303388026, 19.332028977066255 ], [ -99.130005838915054, 19.331562023527752 ], [ -99.13000855096837, 19.331534145462662 ], [ -99.130011263020776, 19.331506267397359 ], [ -99.130059618607703, 19.331076329872953 ], [ -99.130212557980087, 19.32971650600966 ], [ -99.13027414551631, 19.329685717175568 ], [ -99.130347783662486, 19.329692611694977 ], [ -99.130451453421557, 19.32970231793303 ], [ -99.130616071013137, 19.329717730380636 ], [ -99.130951459516737, 19.329749130915996 ], [ -99.131050995060065, 19.329758449746919 ], [ -99.131455241969348, 19.329796296045121 ], [ -99.131511126737692, 19.329801528002356 ], [ -99.131931097630527, 19.329840845307611 ], [ -99.132477038417846, 19.329891954328158 ], [ -99.133002136197504, 19.329941110527812 ], [ -99.132821874332606, 19.33205146807925 ], [ -99.132776452202592, 19.332318661048486 ], [ -99.132657486772672, 19.332574960230495 ] ] ] ] } },
{ "type": "Feature", "properties": { "id": 2179.0, "entidad": 9, "distrito_f": 8, "distrito_l": 30, "municipio": 3, "seccion": 644, "tipo": 2, "control": 36691.0, "SECCION_TX": "0644", "SECCION__1": null, "SECCION__2": null, "SECCION_N": "644", "ESTATUS": null, "ALCALDIA_N": "COYOACAN", "EN_OPERATI": null, "EN_OP": "NO", "SEC_N": "644", "EST": null, "ALC_N": "COYOACAN", "OP": "NO", "NOMBRE": "LAS CABA�AS" }, "geometry": { "type": "MultiPolygon", "coordinates": [ [ [ [ -99.124656506273951, 19.315203542222825 ], [ -99.124569284626361, 19.314973209692052 ], [ -99.124429605683048, 19.314579636486869 ], [ -99.124401628603891, 19.314171049945315 ], [ -99.124357228713137, 19.313777879996884 ], [ -99.124302427741029, 19.31332153253414 ], [ -99.124179315407616, 19.312443586307175 ], [ -99.124153521703363, 19.312257063288975 ], [ -99.12402642385797, 19.311314777346997 ], [ -99.12467438362431, 19.311119155572648 ], [ -99.125428680000695, 19.310924590408415 ], [ -99.125613907183393, 19.310876811881364 ], [ -99.125789058514229, 19.310831632177074 ], [ -99.125962220524087, 19.310786965421986 ], [ -99.126317073040482, 19.310686174309552 ], [ -99.12643267310645, 19.310653339480961 ], [ -99.127401656893383, 19.310378242902321 ], [ -99.128093938363833, 19.310181467242209 ], [ -99.128220686663255, 19.310145464430871 ], [ -99.129149182929098, 19.309881722218904 ], [ -99.129964583603041, 19.309650100564919 ], [ -99.131530724500067, 19.309205212576803 ], [ -99.13185862602586, 19.309112064769302 ], [ -99.132395725390111, 19.308959488107831 ], [ -99.132729642949641, 19.308864629438741 ], [ -99.133147726495622, 19.30874586004029 ], [ -99.133224324228195, 19.308724099992848 ], [ -99.133203188564295, 19.308686981512672 ], [ -99.133182052909987, 19.308649863029835 ], [ -99.133269582169376, 19.30861634965984 ], [ -99.133357111392868, 19.308582836247858 ], [ -99.1336635246995, 19.308513908729399 ], [ -99.134385292372357, 19.30829085149313 ], [ -99.134408293980073, 19.308327910532803 ], [ -99.13443613116695, 19.308372760389066 ], [ -99.133394016873169, 19.308646859040227 ], [ -99.133406318706349, 19.30866819996923 ], [ -99.133347387389932, 19.308759188913882 ], [ -99.133348230608178, 19.308940880581677 ], [ -99.133445756373305, 19.309111506459551 ], [ -99.132971776633156, 19.309326587492002 ], [ -99.132520072509209, 19.30948826222561 ], [ -99.13202101911665, 19.309666879418685 ], [ -99.131582572259674, 19.309827925181519 ], [ -99.131114598394845, 19.309998765782026 ], [ -99.130640728706624, 19.310161223971907 ], [ -99.130196296818681, 19.310320864790711 ], [ -99.129725378197747, 19.310494499079386 ], [ -99.129261280130621, 19.310647406014684 ], [ -99.128808148201955, 19.310813989974847 ], [ -99.128347919457099, 19.31098182811375 ], [ -99.127879932385639, 19.311144275008729 ], [ -99.127838727872231, 19.311161074742529 ], [ -99.127776921086266, 19.311186274325806 ], [ -99.127703383403869, 19.311270180125742 ], [ -99.127577085614064, 19.311519151738707 ], [ -99.127500549439091, 19.311670027563263 ], [ -99.127321159331302, 19.311930101207054 ], [ -99.126617630206724, 19.312972159229638 ], [ -99.126602963111509, 19.312993883767071 ], [ -99.126241453641569, 19.313525570594276 ], [ -99.126167783403488, 19.313634080863608 ], [ -99.125789951199621, 19.314191428181523 ], [ -99.124939213501889, 19.315497492778814 ], [ -99.124907888158546, 19.315545583418196 ], [ -99.124656506273951, 19.315203542222825 ] ] ] ] } },
{ "type": "Feature", "properties": { "id": 4820.0, "entidad": 9, "distrito_f": 19, "distrito_l": 30, "municipio": 3, "seccion": 657, "tipo": 2, "control": 37011.0, "SECCION_TX": "0657", "SECCION__1": null, "SECCION__2": null, "SECCION_N": "657", "ESTATUS": null, "ALCALDIA_N": "COYOACAN", "EN_OPERATI": null, "EN_OP": "NO", "SEC_N": "657", "EST": null, "ALC_N": "COYOACAN", "OP": "NO", "NOMBRE": "CTM IXA CULHUACAN" }, "geometry": { "type": "MultiPolygon", "coordinates": [ [ [ [ -99.107240206154174, 19.31388034371161 ], [ -99.106873186823009, 19.313789782168417 ], [ -99.106600541669735, 19.313738380227012 ], [ -99.10632399463816, 19.31368456613518 ], [ -99.106067007590681, 19.313628028604189 ], [ -99.105880423077096, 19.313594031413917 ], [ -99.105853933615435, 19.313566058978221 ], [ -99.105703561437167, 19.313402677384513 ], [ -99.104973851618837, 19.313250363602663 ], [ -99.104711578233662, 19.313215472886995 ], [ -99.104667932515667, 19.31320966657804 ], [ -99.103458016518502, 19.312973394302098 ], [ -99.103508241573309, 19.312417351517269 ], [ -99.103523913047653, 19.312276728977817 ], [ -99.103918422367173, 19.311683638317859 ], [ -99.104167607176436, 19.311871370765186 ], [ -99.104253773531582, 19.311936287145333 ], [ -99.104863209722481, 19.312257844842279 ], [ -99.105550015614313, 19.312406806823294 ], [ -99.106005062346384, 19.31250550076512 ], [ -99.10610918793428, 19.312528084125578 ], [ -99.106281078546033, 19.312559276465869 ], [ -99.106554662912956, 19.312608922429007 ], [ -99.106832039714519, 19.31265925613593 ], [ -99.107102992076577, 19.312708423605425 ], [ -99.107454203654584, 19.312772154403273 ], [ -99.107314756391119, 19.313494285891071 ], [ -99.107240206154174, 19.31388034371161 ] ] ] ] } },
{ "type": "Feature", "properties": { "id": 4824.0, "entidad": 9, "distrito_f": 19, "distrito_l": 30, "municipio": 3, "seccion": 661, "tipo": 2, "control": 37019.0, "SECCION_TX": "0661", "SECCION__1": null, "SECCION__2": null, "SECCION_N": "661", "ESTATUS": null, "ALCALDIA_N": "COYOACAN", "EN_OPERATI": null, "EN_OP": "NO", "SEC_N": "661", "EST": null, "ALC_N": "COYOACAN", "OP": "NO", "NOMBRE": "CTM IXA CULHUACAN" }, "geometry": { "type": "MultiPolygon", "coordinates": [ [ [ [ -99.107454203654584, 19.312772154403273 ], [ -99.107102992076577, 19.312708423605425 ], [ -99.106832039714519, 19.31265925613593 ], [ -99.106554662912956, 19.312608922429007 ], [ -99.106281078546033, 19.312559276465869 ], [ -99.10610918793428, 19.312528084125578 ], [ -99.106005062346384, 19.31250550076512 ], [ -99.105550015614313, 19.312406806823294 ], [ -99.104863209722481, 19.312257844842279 ], [ -99.104253773531582, 19.311936287145333 ], [ -99.104167607176436, 19.311871370765186 ], [ -99.103918422367173, 19.311683638317859 ], [ -99.104196160117354, 19.311321141730083 ], [ -99.104420824843672, 19.311036388792772 ], [ -99.104472233294715, 19.310928840668357 ], [ -99.104503990273884, 19.310862403974109 ], [ -99.104575710375087, 19.310556257480037 ], [ -99.105320658522643, 19.31070319564871 ], [ -99.105932257792816, 19.310823828788564 ], [ -99.105806168450641, 19.311344074645135 ], [ -99.106036942863255, 19.311390499603586 ], [ -99.106242029907165, 19.311425150806144 ], [ -99.106232438484241, 19.31146182093574 ], [ -99.106210357307788, 19.311554861059385 ], [ -99.106475481465566, 19.31160897814852 ], [ -99.106760939618212, 19.311660173985185 ], [ -99.107033338134087, 19.311709605909904 ], [ -99.107313200060446, 19.311760804162819 ], [ -99.107665123635059, 19.311832433996408 ], [ -99.107613452487485, 19.312062647583481 ], [ -99.107454203654584, 19.312772154403273 ] ] ] ] } },
{ "type": "Feature", "properties": { "id": 4825.0, "entidad": 9, "distrito_f": 19, "distrito_l": 30, "municipio": 3, "seccion": 662, "tipo": 2, "control": 37021.0, "SECCION_TX": "0662", "SECCION__1": null, "SECCION__2": null, "SECCION_N": "662", "ESTATUS": null, "ALCALDIA_N": "COYOACAN", "EN_OPERATI": null, "EN_OP": "NO", "SEC_N": "662", "EST": null, "ALC_N": "COYOACAN", "OP": "NO", "NOMBRE": "CTM IXA CULHUACAN" }, "geometry": { "type": "MultiPolygon", "coordinates": [ [ [ [ -99.107665123635059, 19.311832433996408 ], [ -99.107313200060446, 19.311760804162819 ], [ -99.107033338134087, 19.311709605909904 ], [ -99.106760939618212, 19.311660173985185 ], [ -99.106475481465566, 19.31160897814852 ], [ -99.106210357307788, 19.311554861059385 ], [ -99.106232438484241, 19.31146182093574 ], [ -99.106242029907165, 19.311425150806144 ], [ -99.106036942863255, 19.311390499603586 ], [ -99.105806168450641, 19.311344074645135 ], [ -99.105932257792816, 19.310823828788564 ], [ -99.105320658522643, 19.31070319564871 ], [ -99.104575710375087, 19.310556257480037 ], [ -99.104634851465491, 19.310288590619255 ], [ -99.104650056410051, 19.310219774365887 ], [ -99.104699813962881, 19.309994575610141 ], [ -99.104922466322861, 19.309027223401394 ], [ -99.104405680663874, 19.308746363347488 ], [ -99.104434130128169, 19.308675774454727 ], [ -99.104468993444812, 19.308589271404315 ], [ -99.104692173292975, 19.308698288844869 ], [ -99.104967582418382, 19.308832818324845 ], [ -99.105902547131976, 19.309289517077172 ], [ -99.105979274761154, 19.309326995611247 ], [ -99.107153039989782, 19.309913210894454 ], [ -99.107203438880745, 19.309938381422246 ], [ -99.107569089868193, 19.310039798430182 ], [ -99.107537640948834, 19.31014454698412 ], [ -99.107510881029029, 19.310233677533795 ], [ -99.107997089751635, 19.310353389626993 ], [ -99.107811400830187, 19.311180712805697 ], [ -99.107665123635059, 19.311832433996408 ] ] ] ] } },
{ "type": "Feature", "properties": { "id": 4826.0, "entidad": 9, "distrito_f": 19, "distrito_l": 30, "municipio": 3, "seccion": 663, "tipo": 2, "control": 37039.0, "SECCION_TX": "0663", "SECCION__1": null, "SECCION__2": null, "SECCION_N": "663", "ESTATUS": null, "ALCALDIA_N": "COYOACAN", "EN_OPERATI": null, "EN_OP": "NO", "SEC_N": "663", "EST": null, "ALC_N": "COYOACAN", "OP": "NO", "NOMBRE": "CTM IXA CULHUACAN" }, "geometry": { "type": "MultiPolygon", "coordinates": [ [ [ [ -99.104634851465491, 19.310288590619255 ], [ -99.104182490045844, 19.310204307668577 ], [ -99.10383781148613, 19.310035586453981 ], [ -99.103740639397714, 19.309986162118079 ], [ -99.10361494101663, 19.309924698076731 ], [ -99.103329202754395, 19.309790682251275 ], [ -99.103290974011642, 19.309772751770534 ], [ -99.103265969388829, 19.309761023810754 ], [ -99.103240964769583, 19.309749295847524 ], [ -99.103214039802324, 19.309731799726329 ], [ -99.103157287755735, 19.309831510931911 ], [ -99.103112360203355, 19.309896896882105 ], [ -99.103065015818061, 19.309984164724227 ], [ -99.103027529796123, 19.310053261000167 ], [ -99.103017671382702, 19.31007143255346 ], [ -99.102669949519722, 19.309894708833198 ], [ -99.102343828863653, 19.309866746066874 ], [ -99.101690011402994, 19.309681398311472 ], [ -99.101444005783563, 19.309611658574347 ], [ -99.10145314964187, 19.30927583649752 ], [ -99.101518735523769, 19.308642720536632 ], [ -99.10159841992288, 19.308684542324286 ], [ -99.10184036865131, 19.308807514547279 ], [ -99.102097603924761, 19.308924940644197 ], [ -99.102119797983022, 19.308837620570731 ], [ -99.102180287680682, 19.30874097564605 ], [ -99.102199628027591, 19.308711660407809 ], [ -99.10347025245396, 19.309306373302604 ], [ -99.103545458489307, 19.309172084388244 ], [ -99.103905581193871, 19.308529040936758 ], [ -99.1042537591794, 19.308680344801338 ], [ -99.104405680663874, 19.308746363347488 ], [ -99.104922466322861, 19.309027223401394 ], [ -99.104699813962881, 19.309994575610141 ], [ -99.104650056410051, 19.310219774365887 ], [ -99.104634851465491, 19.310288590619255 ] ] ] ] } },
{ "type": "Feature", "properties": { "id": 4830.0, "entidad": 9, "distrito_f": 19, "distrito_l": 30, "municipio": 3, "seccion": 667, "tipo": 2, "control": 37139.0, "SECCION_TX": "0667", "SECCION__1": null, "SECCION__2": null, "SECCION_N": "667", "ESTATUS": null, "ALCALDIA_N": "COYOACAN", "EN_OPERATI": null, "EN_OP": "NO", "SEC_N": "667", "EST": null, "ALC_N": "COYOACAN", "OP": "NO", "NOMBRE": "CTM IXA CULHUACAN" }, "geometry": { "type": "MultiPolygon", "coordinates": [ [ [ [ -99.109740182350578, 19.31054308299688 ], [ -99.109086039949617, 19.310380434098331 ], [ -99.10843220902558, 19.31024841449192 ], [ -99.108356747123878, 19.310233177283241 ], [ -99.107956842387011, 19.310134996585294 ], [ -99.107569089868193, 19.310039798430182 ], [ -99.107203438880745, 19.309938381422246 ], [ -99.107153039989782, 19.309913210894454 ], [ -99.105979274761154, 19.309326995611247 ], [ -99.105902547131976, 19.309289517077172 ], [ -99.104967582418382, 19.308832818324845 ], [ -99.104692173292975, 19.308698288844869 ], [ -99.104681030045228, 19.308573646971016 ], [ -99.104639527449393, 19.308109421394015 ], [ -99.105642813969112, 19.308580255560926 ], [ -99.10568592789852, 19.308602444067123 ], [ -99.106164341818968, 19.308848657838535 ], [ -99.106104019574147, 19.307703161491155 ], [ -99.106593081819014, 19.307679305929529 ], [ -99.10826771145949, 19.307653009984403 ], [ -99.108308559681575, 19.307652368371386 ], [ -99.108331797662743, 19.308143713366583 ], [ -99.108367565169516, 19.308614983022863 ], [ -99.108408202787018, 19.309071124035182 ], [ -99.108438865274067, 19.309253007352424 ], [ -99.108466595077886, 19.309076402173698 ], [ -99.10859664531398, 19.307846020683169 ], [ -99.10862179346725, 19.307608096507586 ], [ -99.108628356144706, 19.307546007557523 ], [ -99.108637457742489, 19.307462543718415 ], [ -99.109479558583928, 19.307688301982154 ], [ -99.109578659495384, 19.307754275401955 ], [ -99.109808949037486, 19.307907583250302 ], [ -99.109783358638225, 19.307949758106847 ], [ -99.109709175572434, 19.308080277681448 ], [ -99.109848016730069, 19.308182992937056 ], [ -99.109872191267797, 19.308200184032145 ], [ -99.109667464681181, 19.309287912452863 ], [ -99.109641834821588, 19.309424084885009 ], [ -99.109634628923544, 19.309452108581521 ], [ -99.109932873527242, 19.309515087918253 ], [ -99.109970429088534, 19.309524721217358 ], [ -99.109740182350578, 19.31054308299688 ] ] ] ] } },
{ "type": "Feature", "properties": { "id": 2192.0, "entidad": 9, "distrito_f": 8, "distrito_l": 26, "municipio": 3, "seccion": 693, "tipo": 2, "control": 34691.0, "SECCION_TX": "0693", "SECCION__1": null, "SECCION__2": null, "SECCION_N": "693", "ESTATUS": null, "ALCALDIA_N": "COYOACAN", "EN_OPERATI": null, "EN_OP": "NO", "SEC_N": "693", "EST": null, "ALC_N": "COYOACAN", "OP": "NO", "NOMBRE": "FORTIN CHIMALISTAC" }, "geometry": { "type": "MultiPolygon", "coordinates": [ [ [ [ -99.182961097519438, 19.346433945145332 ], [ -99.183045736339196, 19.34625481595112 ], [ -99.183057919605986, 19.346170366324447 ], [ -99.183107409650617, 19.345847880649934 ], [ -99.183445114765362, 19.344379473228006 ], [ -99.183702435969465, 19.343886612231284 ], [ -99.18383893808695, 19.343625161114776 ], [ -99.184314320545838, 19.343513970861292 ], [ -99.184652111763143, 19.343308225729785 ], [ -99.185479419745874, 19.342804316185735 ], [ -99.185514861834477, 19.34276899047941 ], [ -99.186453268074658, 19.341833657674972 ], [ -99.186644731406417, 19.341315345321494 ], [ -99.186813023310222, 19.341197255774134 ], [ -99.187106966842748, 19.340799810361087 ], [ -99.187427018425467, 19.340367061140004 ], [ -99.187441410113593, 19.340349849048042 ], [ -99.187566699644847, 19.340200005763172 ], [ -99.187585182777013, 19.340177900348472 ], [ -99.187603665904206, 19.340155794931885 ], [ -99.18798358472381, 19.339968290212585 ], [ -99.188026079964857, 19.339934907362775 ], [ -99.188068575188638, 19.339901524503091 ], [ -99.188253843675867, 19.33975598335708 ], [ -99.188942889473253, 19.339214686550076 ], [ -99.189888985908638, 19.338487971208639 ], [ -99.189980288837972, 19.338530112293281 ], [ -99.190321324016509, 19.338687517293291 ], [ -99.190427682605929, 19.338736606973175 ], [ -99.190351059636257, 19.338842117218498 ], [ -99.190270071867076, 19.338953637634173 ], [ -99.189970697699763, 19.339155451872237 ], [ -99.189533502550603, 19.339686589699294 ], [ -99.189471450780175, 19.339810346007447 ], [ -99.188737360931469, 19.340236543737653 ], [ -99.188567928002698, 19.340356801838553 ], [ -99.187799269072045, 19.341020834293538 ], [ -99.187779851490731, 19.341036457457118 ], [ -99.187760433905723, 19.341052080618539 ], [ -99.187685781599626, 19.34108198827041 ], [ -99.186882369921193, 19.341403853223444 ], [ -99.18681290969603, 19.341859208509273 ], [ -99.186649124509998, 19.341949887530184 ], [ -99.186448239279201, 19.342061106506595 ], [ -99.186412840130018, 19.342213086726037 ], [ -99.186402022686224, 19.342259529522149 ], [ -99.186118261385332, 19.34251208971483 ], [ -99.18531026624126, 19.343166807034429 ], [ -99.184716287702699, 19.343576190824571 ], [ -99.184442138164272, 19.343735146799382 ], [ -99.184118574672411, 19.34382896846844 ], [ -99.183767884437842, 19.344286729233861 ], [ -99.183667931855325, 19.3444171981177 ], [ -99.183469152430234, 19.344921644883364 ], [ -99.183441103687215, 19.345023924826283 ], [ -99.183379019636234, 19.345250314299577 ], [ -99.183214228922935, 19.345851220482285 ], [ -99.183123663644352, 19.346181463117372 ], [ -99.182961097519438, 19.346433945145332 ] ] ] ] } },
{ "type": "Feature", "properties": { "id": 2225.0, "entidad": 9, "distrito_f": 8, "distrito_l": 26, "municipio": 3, "seccion": 728, "tipo": 2, "control": 35433.0, "SECCION_TX": "0728", "SECCION__1": null, "SECCION__2": null, "SECCION_N": "728", "ESTATUS": null, "ALCALDIA_N": "COYOACAN", "EN_OPERATI": null, "EN_OP": "NO", "SEC_N": "728", "EST": null, "ALC_N": "COYOACAN", "OP": "NO", "NOMBRE": "FORTIN CHIMALISTAC" }, "geometry": { "type": "MultiPolygon", "coordinates": [ [ [ [ -99.184481712591463, 19.341396704266149 ], [ -99.18378207404929, 19.34150134006688 ], [ -99.182526897932462, 19.341689053309228 ], [ -99.18249439779423, 19.341699709998728 ], [ -99.182238986715006, 19.341783458210497 ], [ -99.181705071339337, 19.341947214088638 ], [ -99.181610911778478, 19.341973589676709 ], [ -99.181566767697689, 19.341985303847572 ], [ -99.181663132475649, 19.341497616035589 ], [ -99.181820977338219, 19.340769975162566 ], [ -99.182039403310199, 19.339646111693884 ], [ -99.182101072535716, 19.339659582236241 ], [ -99.182133166367592, 19.339666592552302 ], [ -99.18219449838422, 19.339679989402512 ], [ -99.182242867351306, 19.339404566609154 ], [ -99.182297976529895, 19.339403492530391 ], [ -99.182713937811101, 19.339395384900406 ], [ -99.183059845074311, 19.339388641991576 ], [ -99.183416290487983, 19.339381692971077 ], [ -99.183701442887426, 19.33937613332915 ], [ -99.184022113065808, 19.339369467035414 ], [ -99.184765472503244, 19.339740917866401 ], [ -99.185100922266344, 19.339823833409124 ], [ -99.185853433192179, 19.340685453699983 ], [ -99.185755743923451, 19.340825658733369 ], [ -99.185441326630595, 19.340716610977463 ], [ -99.185185636010146, 19.340603194730267 ], [ -99.185060182335548, 19.340547547270621 ], [ -99.184563798404753, 19.340290019323518 ], [ -99.184241519114451, 19.340754801680163 ], [ -99.184360345308733, 19.340821918937628 ], [ -99.18462912721705, 19.34097373601967 ], [ -99.184490355355805, 19.34137190614614 ], [ -99.184481712591463, 19.341396704266149 ] ] ] ] } },
{ "type": "Feature", "properties": { "id": 2171.0, "entidad": 9, "distrito_f": 8, "distrito_l": 26, "municipio": 3, "seccion": 718, "tipo": 2, "control": 34426.0, "SECCION_TX": "0718", "SECCION__1": null, "SECCION__2": null, "SECCION_N": "718", "ESTATUS": null, "ALCALDIA_N": "COYOACAN", "EN_OPERATI": null, "EN_OP": "NO", "SEC_N": "718", "EST": null, "ALC_N": "COYOACAN", "OP": "NO", "NOMBRE": "AMERICA 141" }, "geometry": { "type": "MultiPolygon", "coordinates": [ [ [ [ -99.156223719117889, 19.345943195693753 ], [ -99.154514533182194, 19.345572148133304 ], [ -99.153556105661082, 19.345399956627116 ], [ -99.152226057242117, 19.345064489442656 ], [ -99.151761001357158, 19.344880304804313 ], [ -99.151030437670883, 19.345156875149346 ], [ -99.149695032444541, 19.345368724984493 ], [ -99.149617193137814, 19.345386669131095 ], [ -99.149528816261537, 19.345407042438456 ], [ -99.149296324133516, 19.344589748877347 ], [ -99.148985514988695, 19.343497129331002 ], [ -99.148942537130893, 19.343346043608193 ], [ -99.148779052472818, 19.342771321770392 ], [ -99.148862205688488, 19.342782446494198 ], [ -99.148945358915157, 19.342793571179971 ], [ -99.150163811271682, 19.342956577758219 ], [ -99.15149226626616, 19.343134291007591 ], [ -99.152391008240301, 19.343254515771111 ], [ -99.154363623042073, 19.343518417157053 ], [ -99.154775748756606, 19.34407876598722 ], [ -99.15526381909946, 19.344724052010424 ], [ -99.155701029731517, 19.345269022401702 ], [ -99.156082597065478, 19.345738349920229 ], [ -99.156223719117889, 19.345943195693753 ] ] ] ] } },
{ "type": "Feature", "properties": { "id": 4726.0, "entidad": 9, "distrito_f": 19, "distrito_l": 30, "municipio": 3, "seccion": 538, "tipo": 2, "control": 35896.0, "SECCION_TX": "0538", "SECCION__1": null, "SECCION__2": null, "SECCION_N": "538", "ESTATUS": null, "ALCALDIA_N": "COYOACAN", "EN_OPERATI": null, "EN_OP": "NO", "SEC_N": "538", "EST": null, "ALC_N": "COYOACAN", "OP": "NO", "NOMBRE": "SAN ANTONIO CULHUACAN" }, "geometry": { "type": "MultiPolygon", "coordinates": [ [ [ [ -99.119601871151048, 19.349716030585814 ], [ -99.118146392077549, 19.347455658968471 ], [ -99.117446187748641, 19.346266066893989 ], [ -99.11730631632409, 19.346028940499369 ], [ -99.116977398974583, 19.345471318182845 ], [ -99.117041843916553, 19.345390908520908 ], [ -99.117106288795526, 19.345310498835804 ], [ -99.117250468389074, 19.344452878573922 ], [ -99.117487056408095, 19.344491440759676 ], [ -99.117569251291116, 19.344002746903676 ], [ -99.118036309113293, 19.344064013496887 ], [ -99.118093940348487, 19.344110998529743 ], [ -99.118033116725343, 19.344342517700241 ], [ -99.1180044417613, 19.344490646484928 ], [ -99.120596984281974, 19.344885984256042 ], [ -99.120639729339871, 19.344699856563302 ], [ -99.120719331221309, 19.344733894719525 ], [ -99.120791829506302, 19.344764895300226 ], [ -99.120653454205524, 19.345554939088231 ], [ -99.120622589919336, 19.3457847123839 ], [ -99.120488328780411, 19.346264123741587 ], [ -99.120090077167674, 19.347686158917462 ], [ -99.119791734373806, 19.348702549274403 ], [ -99.119673662370204, 19.349271770717827 ], [ -99.11965433648102, 19.349393094668574 ], [ -99.119645639967928, 19.349445179798487 ], [ -99.119629674902143, 19.349543975139287 ], [ -99.119606831140814, 19.34968533715471 ], [ -99.119601871151048, 19.349716030585814 ] ] ] ] } },
{ "type": "Feature", "properties": { "id": 4813.0, "entidad": 9, "distrito_f": 19, "distrito_l": 30, "municipio": 3, "seccion": 650, "tipo": 2, "control": 36698.0, "SECCION_TX": "0650", "SECCION__1": null, "SECCION__2": null, "SECCION_N": "650", "ESTATUS": null, "ALCALDIA_N": "COYOACAN", "EN_OPERATI": null, "EN_OP": "NO", "SEC_N": "650", "EST": null, "ALC_N": "COYOACAN", "OP": "NO", "NOMBRE": "CAMPESTRE COYOACAN" }, "geometry": { "type": "MultiPolygon", "coordinates": [ [ [ [ -99.12402642385797, 19.311314777346997 ], [ -99.123877173328282, 19.311351790890882 ], [ -99.123271669379264, 19.311501952064379 ], [ -99.123072975888476, 19.31155122630383 ], [ -99.123001935417221, 19.311568843656712 ], [ -99.122679277534075, 19.311643410574899 ], [ -99.122270615096753, 19.311661592361123 ], [ -99.121843072915141, 19.31165590914102 ], [ -99.1218209843925, 19.311655364675985 ], [ -99.121371515114561, 19.311644285023736 ], [ -99.121257829841582, 19.31164768167481 ], [ -99.120986247877767, 19.311655795623999 ], [ -99.12096284812317, 19.311656494710419 ], [ -99.120591944294759, 19.311645561519292 ], [ -99.120566738205937, 19.311644818487977 ], [ -99.120340394695589, 19.311644967885339 ], [ -99.120023142709186, 19.311744146403143 ], [ -99.119975364751213, 19.311759082569989 ], [ -99.119927131699683, 19.311782726266543 ], [ -99.119662168973008, 19.311912609847969 ], [ -99.119125149354659, 19.312194232367371 ], [ -99.1190896285907, 19.312212859990002 ], [ -99.118787896535935, 19.31229662509201 ], [ -99.118460937396577, 19.312272960930805 ], [ -99.118070339474627, 19.312236133413958 ], [ -99.117747571611361, 19.31220216481805 ], [ -99.117308991233926, 19.312155135748068 ], [ -99.116915767465741, 19.312105157806716 ], [ -99.116498100925597, 19.312051362214351 ], [ -99.116516909916669, 19.311974574160793 ], [ -99.116549003123723, 19.311843552880692 ], [ -99.117000655881441, 19.309999647109503 ], [ -99.117401809287074, 19.308274297381761 ], [ -99.117853268486414, 19.306572790725678 ], [ -99.118418528931372, 19.306624232187765 ], [ -99.119000979773077, 19.306668321911374 ], [ -99.119495166493039, 19.306695128096951 ], [ -99.120051969751287, 19.306736679387534 ], [ -99.120611224317869, 19.306775898655349 ], [ -99.121302956541598, 19.306854616165225 ], [ -99.122486590932809, 19.30698199218163 ], [ -99.122622844621375, 19.306996654524738 ], [ -99.122636401375857, 19.306908522292971 ], [ -99.124197640733996, 19.307081465806238 ], [ -99.124280266457916, 19.30708944809701 ], [ -99.124379711026478, 19.307105686161659 ], [ -99.124318809051601, 19.307834908655323 ], [ -99.124309347207316, 19.307944023000314 ], [ -99.124075803649433, 19.310726475243854 ], [ -99.124041507787112, 19.311135070517807 ], [ -99.12402642385797, 19.311314777346997 ] ] ] ] } },
{ "type": "Feature", "properties": { "id": 4814.0, "entidad": 9, "distrito_f": 19, "distrito_l": 30, "municipio": 3, "seccion": 651, "tipo": 2, "control": 36709.0, "SECCION_TX": "0651", "SECCION__1": null, "SECCION__2": null, "SECCION_N": "651", "ESTATUS": null, "ALCALDIA_N": "COYOACAN", "EN_OPERATI": null, "EN_OP": "NO", "SEC_N": "651", "EST": null, "ALC_N": "COYOACAN", "OP": "NO", "NOMBRE": "CAMPESTRE COYOACAN" }, "geometry": { "type": "MultiPolygon", "coordinates": [ [ [ [ -99.116498100925597, 19.312051362214351 ], [ -99.116101908086407, 19.312017057404805 ], [ -99.115730699813142, 19.311984915118536 ], [ -99.115511747047918, 19.311965956014792 ], [ -99.115268741879092, 19.311938516996076 ], [ -99.115101658456666, 19.311919650516305 ], [ -99.11487650947042, 19.311897461232608 ], [ -99.114908020958197, 19.311724460822482 ], [ -99.114437506217911, 19.311626933294466 ], [ -99.114450208420607, 19.311569505328137 ], [ -99.114725822956061, 19.310323413584857 ], [ -99.114808441766456, 19.309904923384565 ], [ -99.114991958105307, 19.309104767459004 ], [ -99.115160811690629, 19.308340767874824 ], [ -99.115272106820626, 19.307837194915475 ], [ -99.115598536991968, 19.306498421900713 ], [ -99.115622390623145, 19.306400591228471 ], [ -99.115264270805682, 19.306358320053825 ], [ -99.115210175949599, 19.30635193482863 ], [ -99.115213682466461, 19.306294510144049 ], [ -99.115243425619099, 19.305807418056055 ], [ -99.115298159825954, 19.304911049894084 ], [ -99.115316627122013, 19.304528595824475 ], [ -99.115614076521979, 19.304549946376039 ], [ -99.115869345486118, 19.304568268876817 ], [ -99.115860413074799, 19.305186408180056 ], [ -99.116375669382478, 19.305234997467782 ], [ -99.116785594668201, 19.305279906911863 ], [ -99.116900299977374, 19.305292473304885 ], [ -99.116765134565057, 19.306230877662092 ], [ -99.116704446207621, 19.306515524711827 ], [ -99.116994313784957, 19.30652784825438 ], [ -99.117219687906257, 19.306537429577698 ], [ -99.117259585484959, 19.306539656390864 ], [ -99.117853268486414, 19.306572790725678 ], [ -99.117401809287074, 19.308274297381761 ], [ -99.117000655881441, 19.309999647109503 ], [ -99.116549003123723, 19.311843552880692 ], [ -99.116516909916669, 19.311974574160793 ], [ -99.116498100925597, 19.312051362214351 ] ] ] ] } },
{ "type": "Feature", "properties": { "id": 2025.0, "entidad": 9, "distrito_f": 8, "distrito_l": 26, "municipio": 3, "seccion": 388, "tipo": 2, "control": 35019.0, "SECCION_TX": "0388", "SECCION__1": null, "SECCION__2": null, "SECCION_N": "388", "ESTATUS": null, "ALCALDIA_N": "COYOACAN", "EN_OPERATI": null, "EN_OP": "NO", "SEC_N": "388", "EST": null, "ALC_N": "COYOACAN", "OP": "NO", "NOMBRE": "LA CANTERA" }, "geometry": { "type": "MultiPolygon", "coordinates": [ [ [ [ -99.177224487111729, 19.333644686060087 ], [ -99.177121154117742, 19.333618531078596 ], [ -99.177044950396905, 19.333599242877366 ], [ -99.176293335655373, 19.333353609201147 ], [ -99.176179199522778, 19.333311541121141 ], [ -99.176166084001991, 19.333352077295974 ], [ -99.175737651241178, 19.333218038277298 ], [ -99.174682438698824, 19.332866199502092 ], [ -99.174649756163916, 19.332835237384128 ], [ -99.174600758478832, 19.332808562942851 ], [ -99.174546746411778, 19.332799574381326 ], [ -99.174223314054004, 19.332688430558147 ], [ -99.174183800118101, 19.332674851997094 ], [ -99.174376541157855, 19.332249195827707 ], [ -99.174932426748413, 19.33177184133207 ], [ -99.175032706612683, 19.331603023456086 ], [ -99.175053963817646, 19.331485273764009 ], [ -99.175131323976629, 19.331056752460945 ], [ -99.175147941111248, 19.330964704838465 ], [ -99.175685022705167, 19.330975191731291 ], [ -99.176222104353812, 19.330985677041625 ], [ -99.176159827217006, 19.330560265239569 ], [ -99.176139763958886, 19.330539065295888 ], [ -99.175958681701402, 19.330347723455777 ], [ -99.175773070345286, 19.330208523711867 ], [ -99.17607259969698, 19.329918501493097 ], [ -99.176858001149313, 19.331112252478611 ], [ -99.178535296890615, 19.331676054568241 ], [ -99.178297522422582, 19.33299280218155 ], [ -99.178248179864042, 19.333084581386789 ], [ -99.178179985351349, 19.333164595155047 ], [ -99.17725240807853, 19.333604470130748 ], [ -99.177224487111729, 19.333644686060087 ] ] ] ] } },
{ "type": "Feature", "properties": { "id": 2126.0, "entidad": 9, "distrito_f": 8, "distrito_l": 26, "municipio": 3, "seccion": 485, "tipo": 2, "control": 35352.0, "SECCION_TX": "0485", "SECCION__1": null, "SECCION__2": null, "SECCION_N": "485", "ESTATUS": "COMPLETA", "ALCALDIA_N": "COYOACAN", "EN_OPERATI": null, "EN_OP": "SI", "SEC_N": "485", "EST": "COMPLETA", "ALC_N": "COYOACAN", "OP": "SI", "NOMBRE": "LA CANTERA" }, "geometry": { "type": "MultiPolygon", "coordinates": [ [ [ [ -99.174248117481966, 19.335873695633325 ], [ -99.174239136309438, 19.335925167768242 ], [ -99.174220292706394, 19.336033162524391 ], [ -99.174201449079177, 19.336141157277595 ], [ -99.17357563474657, 19.33610098836866 ], [ -99.173000010978996, 19.336067082453688 ], [ -99.173006567189532, 19.335975743066665 ], [ -99.173014702461884, 19.335862404474856 ], [ -99.172900271518088, 19.335856601832212 ], [ -99.172595424798061, 19.33584114310327 ], [ -99.172327167964099, 19.335687077840912 ], [ -99.172530183864168, 19.33505848944651 ], [ -99.173024539268582, 19.333887063203875 ], [ -99.173207232471256, 19.333340536246769 ], [ -99.173252001773804, 19.333221184256313 ], [ -99.173355216461147, 19.332766849832332 ], [ -99.173768137304705, 19.332721003618676 ], [ -99.173852784390917, 19.332711605213625 ], [ -99.17393743146711, 19.332702206769255 ], [ -99.174164080765308, 19.332719657834726 ], [ -99.174183800118101, 19.332674851997094 ], [ -99.174223314054004, 19.332688430558147 ], [ -99.174546746411778, 19.332799574381326 ], [ -99.174600758478832, 19.332808562942851 ], [ -99.174649756163916, 19.332835237384128 ], [ -99.174682438698824, 19.332866199502092 ], [ -99.175737651241178, 19.333218038277298 ], [ -99.175227574413555, 19.333982088045758 ], [ -99.174928532587927, 19.33446152091464 ], [ -99.17433560350878, 19.335372301448103 ], [ -99.174248117481966, 19.335873695633325 ] ] ] ] } },
{ "type": "Feature", "properties": { "id": 2228.0, "entidad": 9, "distrito_f": 8, "distrito_l": 26, "municipio": 3, "seccion": 731, "tipo": 2, "control": 34974.0, "SECCION_TX": "0731", "SECCION__1": null, "SECCION__2": null, "SECCION_N": "731", "ESTATUS": null, "ALCALDIA_N": "COYOACAN", "EN_OPERATI": null, "EN_OP": "NO", "SEC_N": "731", "EST": null, "ALC_N": "COYOACAN", "OP": "NO", "NOMBRE": "LA CANTERA" }, "geometry": { "type": "MultiPolygon", "coordinates": [ [ [ [ -99.176076703773191, 19.336298675003572 ], [ -99.175955693664719, 19.336289999206095 ], [ -99.175754146913945, 19.336830226611923 ], [ -99.175637498585274, 19.336989743967401 ], [ -99.175001060693646, 19.337671669453108 ], [ -99.173342863812138, 19.339448344205007 ], [ -99.171734758119612, 19.341171297609986 ], [ -99.171615559026648, 19.341299007660005 ], [ -99.171393910341777, 19.340154655817344 ], [ -99.171536088174491, 19.34013644470204 ], [ -99.171434616358695, 19.339815950653023 ], [ -99.171408326100433, 19.339750636846549 ], [ -99.171321793120782, 19.33953565954236 ], [ -99.171123319217727, 19.339369469290624 ], [ -99.170955454574269, 19.339332309815752 ], [ -99.170416541297882, 19.339229406460646 ], [ -99.169718402737317, 19.339193294149993 ], [ -99.169279513062662, 19.339170590516265 ], [ -99.169000456587696, 19.339155062186602 ], [ -99.169003055208975, 19.339092021234411 ], [ -99.16906608169144, 19.33756302413623 ], [ -99.169069074548318, 19.33749041799075 ], [ -99.169803892680591, 19.337526972302378 ], [ -99.170521091346657, 19.337562647241345 ], [ -99.17121514974616, 19.337597168433057 ], [ -99.171588732469388, 19.337615748651885 ], [ -99.171614013097383, 19.337617005961647 ], [ -99.171631905746139, 19.337544213761372 ], [ -99.171705649492907, 19.337244203290627 ], [ -99.171881633202972, 19.337224725238517 ], [ -99.171971460760716, 19.337214782967852 ], [ -99.172347870070851, 19.337185503976858 ], [ -99.17281448384243, 19.337149329848806 ], [ -99.172904519500449, 19.337142349715293 ], [ -99.17323947673286, 19.336960943936539 ], [ -99.173273917784755, 19.336974609693272 ], [ -99.173280946632218, 19.336954257779528 ], [ -99.173553602595462, 19.336164782782042 ], [ -99.17357563474657, 19.33610098836866 ], [ -99.174201449079177, 19.336141157277595 ], [ -99.174220292706394, 19.336033162524391 ], [ -99.174239136309438, 19.335925167768242 ], [ -99.174248117481966, 19.335873695633325 ], [ -99.17433560350878, 19.335372301448103 ], [ -99.174928532587927, 19.33446152091464 ], [ -99.175227574413555, 19.333982088045758 ], [ -99.175737651241178, 19.333218038277298 ], [ -99.176166084001991, 19.333352077295974 ], [ -99.176179199522778, 19.333311541121141 ], [ -99.176293335655373, 19.333353609201147 ], [ -99.177044950738008, 19.333599243556911 ], [ -99.177121154326173, 19.333618531493741 ], [ -99.177224487111729, 19.333644686060087 ], [ -99.177220995256249, 19.333759592474941 ], [ -99.177101837813055, 19.333886926750289 ], [ -99.177018426808402, 19.334025820276796 ], [ -99.176717780427722, 19.334751439630868 ], [ -99.176677347674598, 19.334849024807859 ], [ -99.176367716151248, 19.335596321931476 ], [ -99.176176613235384, 19.33605754606414 ], [ -99.176140936688029, 19.336153265188521 ], [ -99.176100202276785, 19.336241962032695 ], [ -99.176076703773191, 19.336298675003572 ] ] ] ] } },
{ "type": "Feature", "properties": { "id": 2186.0, "entidad": 9, "distrito_f": 8, "distrito_l": 30, "municipio": 3, "seccion": 677, "tipo": 2, "control": 36033.0, "SECCION_TX": "0677", "SECCION__1": null, "SECCION__2": null, "SECCION_N": "677", "ESTATUS": null, "ALCALDIA_N": "COYOACAN", "EN_OPERATI": null, "EN_OP": "NO", "SEC_N": "677", "EST": null, "ALC_N": "COYOACAN", "OP": "NO", "NOMBRE": "VERGEL DEL SUR" }, "geometry": { "type": "MultiPolygon", "coordinates": [ [ [ [ -99.142402501971389, 19.308183951208555 ], [ -99.142215261637986, 19.308093346819046 ], [ -99.142126462563169, 19.308050377416944 ], [ -99.142056428660737, 19.308013047648817 ], [ -99.141997824225939, 19.307981810030164 ], [ -99.142126885849066, 19.307559308859609 ], [ -99.141932638506077, 19.307455193294341 ], [ -99.141914888431387, 19.307445679329689 ], [ -99.142125939300769, 19.306839788329118 ], [ -99.141670967689663, 19.306537796325042 ], [ -99.141651544179908, 19.30652524186722 ], [ -99.140819546003357, 19.305987472982892 ], [ -99.140611954116508, 19.305850601169794 ], [ -99.140915067036019, 19.305461702226378 ], [ -99.140930333580485, 19.305442114932607 ], [ -99.141161620184548, 19.305159308031993 ], [ -99.14124686029254, 19.305029126560733 ], [ -99.141326784485159, 19.304910810001488 ], [ -99.140827662514923, 19.304598757925028 ], [ -99.140610768518997, 19.304463154555012 ], [ -99.141097281454435, 19.303766200502217 ], [ -99.140746229318694, 19.303532465214683 ], [ -99.140355829205674, 19.303272138336133 ], [ -99.139647146183265, 19.302779544034994 ], [ -99.140133784692182, 19.3022310435572 ], [ -99.140837808756515, 19.302732952086636 ], [ -99.141198372182814, 19.302967424820643 ], [ -99.141509345679395, 19.303180589810495 ], [ -99.141854704972928, 19.303417324173942 ], [ -99.142269860289971, 19.303662516545458 ], [ -99.142486595390295, 19.303347378124137 ], [ -99.142764195437124, 19.302924897925632 ], [ -99.142803071596077, 19.302871133101803 ], [ -99.142994407371731, 19.302606519539765 ], [ -99.14332758399236, 19.302186414537751 ], [ -99.143463436774155, 19.30201511591336 ], [ -99.144064530959199, 19.301210458936115 ], [ -99.144203739999782, 19.300971796428652 ], [ -99.144370977870224, 19.300685079729714 ], [ -99.144432098237743, 19.300580293187679 ], [ -99.144509728750833, 19.300449470170935 ], [ -99.144548399195557, 19.300383910917933 ], [ -99.144625772812233, 19.300413135188766 ], [ -99.145146174754629, 19.30060969159619 ], [ -99.145596182971047, 19.300731530937345 ], [ -99.146065499851105, 19.30082172940099 ], [ -99.146292072207231, 19.30086527409242 ], [ -99.146903877810971, 19.301020860542842 ], [ -99.147114212915739, 19.301104174596595 ], [ -99.147225413560534, 19.301165733187901 ], [ -99.147440351300276, 19.301284718364393 ], [ -99.146669067748149, 19.302339958511144 ], [ -99.146582451926065, 19.302462060651717 ], [ -99.146500943194724, 19.302577046252139 ], [ -99.146436228578381, 19.302668136785581 ], [ -99.144520990435396, 19.305179026477894 ], [ -99.143009590245654, 19.307305794876076 ], [ -99.142402501971389, 19.308183951208555 ] ] ] ] } },
{ "type": "Feature", "properties": { "id": 2188.0, "entidad": 9, "distrito_f": 8, "distrito_l": 30, "municipio": 3, "seccion": 679, "tipo": 2, "control": 36688.0, "SECCION_TX": "0679", "SECCION__1": null, "SECCION__2": null, "SECCION_N": "679", "ESTATUS": null, "ALCALDIA_N": "COYOACAN", "EN_OPERATI": null, "EN_OP": "NO", "SEC_N": "679", "EST": null, "ALC_N": "COYOACAN", "OP": "NO", "NOMBRE": "VERGEL DEL SUR" }, "geometry": { "type": "MultiPolygon", "coordinates": [ [ [ [ -99.142269860289971, 19.303662516545458 ], [ -99.141854704972928, 19.303417324173942 ], [ -99.141509345679395, 19.303180589810495 ], [ -99.141198372182814, 19.302967424820643 ], [ -99.140837808756515, 19.302732952086636 ], [ -99.140133784692182, 19.3022310435572 ], [ -99.140522705625187, 19.30180425861198 ], [ -99.14065846625563, 19.301663412532577 ], [ -99.140904367190899, 19.301379921372348 ], [ -99.141256710863715, 19.301056686017773 ], [ -99.141960323976846, 19.301522610898115 ], [ -99.142458124239141, 19.301861048887893 ], [ -99.142722663061122, 19.301495077591817 ], [ -99.143463436774155, 19.30201511591336 ], [ -99.14332758399236, 19.302186414537751 ], [ -99.142994407371731, 19.302606519539765 ], [ -99.142803071596077, 19.302871133101803 ], [ -99.142764195437124, 19.302924897925632 ], [ -99.142486595390295, 19.303347378124137 ], [ -99.142269860289971, 19.303662516545458 ] ] ] ] } },
{ "type": "Feature", "properties": { "id": 2190.0, "entidad": 9, "distrito_f": 8, "distrito_l": 30, "municipio": 3, "seccion": 691, "tipo": 2, "control": 36021.0, "SECCION_TX": "0691", "SECCION__1": null, "SECCION__2": null, "SECCION_N": "691", "ESTATUS": null, "ALCALDIA_N": "COYOACAN", "EN_OPERATI": null, "EN_OP": "NO", "SEC_N": "691", "EST": null, "ALC_N": "COYOACAN", "OP": "NO", "NOMBRE": "VERGEL DEL SUR" }, "geometry": { "type": "MultiPolygon", "coordinates": [ [ [ [ -99.142458124239141, 19.301861048887893 ], [ -99.141960323976846, 19.301522610898115 ], [ -99.141256710863715, 19.301056686017773 ], [ -99.14178045758733, 19.300493355406921 ], [ -99.142062927473077, 19.300186014443774 ], [ -99.142345402207113, 19.299885497955596 ], [ -99.142551965130835, 19.29964302994355 ], [ -99.143721186380532, 19.300062354450333 ], [ -99.144548399195557, 19.300383910917933 ], [ -99.144509728750833, 19.300449470170935 ], [ -99.144432098237743, 19.300580293187679 ], [ -99.144370977870224, 19.300685079729714 ], [ -99.144203739999782, 19.300971796428652 ], [ -99.144064530959199, 19.301210458936115 ], [ -99.143463436774155, 19.30201511591336 ], [ -99.142722663061122, 19.301495077591817 ], [ -99.142458124239141, 19.301861048887893 ] ] ] ] } },
{ "type": "Feature", "properties": { "id": 2170.0, "entidad": 9, "distrito_f": 8, "distrito_l": 30, "municipio": 3, "seccion": 606, "tipo": 2, "control": 36791.0, "SECCION_TX": "0606", "SECCION__1": null, "SECCION__2": null, "SECCION_N": "606", "ESTATUS": null, "ALCALDIA_N": "COYOACAN", "EN_OPERATI": null, "EN_OP": "NO", "SEC_N": "606", "EST": null, "ALC_N": "COYOACAN", "OP": "NO", "NOMBRE": "LOS CIRUELOS" }, "geometry": { "type": "MultiPolygon", "coordinates": [ [ [ [ -99.134396306395047, 19.32326615835969 ], [ -99.133999346638376, 19.323141931431895 ], [ -99.133454321115948, 19.322912449805361 ], [ -99.132926190024463, 19.322693893528218 ], [ -99.132404648309418, 19.322472609089477 ], [ -99.13213985238319, 19.322358577022278 ], [ -99.131886537809265, 19.322249488789442 ], [ -99.131328065439931, 19.322020010478148 ], [ -99.130820037176491, 19.321784108682596 ], [ -99.130063389499753, 19.321455183243121 ], [ -99.129967972477004, 19.321411578224609 ], [ -99.129186796216473, 19.321054582503862 ], [ -99.128172893264733, 19.320613342453669 ], [ -99.127806365696657, 19.320452657415657 ], [ -99.127434370158554, 19.32029197545458 ], [ -99.127084258079819, 19.320141660853395 ], [ -99.126896216401192, 19.320058815214217 ], [ -99.126225384672864, 19.319763264191923 ], [ -99.126195411545666, 19.319749708841677 ], [ -99.125743975343426, 19.319545545896297 ], [ -99.125257102586659, 19.31933302175505 ], [ -99.125374580426765, 19.319156214061444 ], [ -99.125390302708112, 19.319132551518987 ], [ -99.126065661417769, 19.318116107072175 ], [ -99.12608191746952, 19.318091640816057 ], [ -99.126841145166992, 19.316912601882525 ], [ -99.126898583530064, 19.316821226028633 ], [ -99.1269560218295, 19.316729850156189 ], [ -99.127175152340598, 19.31683695956988 ], [ -99.127699985765176, 19.317092882130602 ], [ -99.128163519426948, 19.317315141266317 ], [ -99.128626179905964, 19.317514479580751 ], [ -99.129054094422841, 19.31772975403371 ], [ -99.129206415571616, 19.317805207357331 ], [ -99.129513979457514, 19.317957560631221 ], [ -99.129582235654411, 19.317991371562758 ], [ -99.129635211151381, 19.318017613121949 ], [ -99.129937967967436, 19.318163716033364 ], [ -99.130377527694009, 19.31837583526384 ], [ -99.130396531062544, 19.318385005721513 ], [ -99.130491032614316, 19.318430609301398 ], [ -99.130844380871039, 19.318607398910636 ], [ -99.13120338555747, 19.318807665466071 ], [ -99.131266203822122, 19.318842707774898 ], [ -99.131313049765325, 19.318893762175211 ], [ -99.131436011908036, 19.319027770547617 ], [ -99.131648154722058, 19.319258970366761 ], [ -99.13188528961247, 19.319581631779787 ], [ -99.131981159226029, 19.319712077863112 ], [ -99.13262402070967, 19.320540364051723 ], [ -99.133218041549043, 19.321325175862754 ], [ -99.133951671366916, 19.322238300070747 ], [ -99.133818484779709, 19.32230899777997 ], [ -99.133709480119208, 19.322366295045644 ], [ -99.134396306395047, 19.32326615835969 ] ] ] ] } },
{ "type": "Feature", "properties": { "id": 2172.0, "entidad": 9, "distrito_f": 8, "distrito_l": 30, "municipio": 3, "seccion": 621, "tipo": 2, "control": 36782.0, "SECCION_TX": "0621", "SECCION__1": null, "SECCION__2": null, "SECCION_N": "621", "ESTATUS": null, "ALCALDIA_N": "COYOACAN", "EN_OPERATI": null, "EN_OP": "NO", "SEC_N": "621", "EST": null, "ALC_N": "COYOACAN", "OP": "NO", "NOMBRE": "LOS CIRUELOS" }, "geometry": { "type": "MultiPolygon", "coordinates": [ [ [ [ -99.13262402070967, 19.320540364051723 ], [ -99.131981159226029, 19.319712077863112 ], [ -99.13188528961247, 19.319581631779787 ], [ -99.131648154722058, 19.319258970366761 ], [ -99.131436011908036, 19.319027770547617 ], [ -99.131313049765325, 19.318893762175211 ], [ -99.131266203822122, 19.318842707774898 ], [ -99.13120338555747, 19.318807665466071 ], [ -99.130844380871039, 19.318607398910636 ], [ -99.130491032614316, 19.318430609301398 ], [ -99.130396531062544, 19.318385005721513 ], [ -99.130377527694009, 19.31837583526384 ], [ -99.129937967967436, 19.318163716033364 ], [ -99.129635211151381, 19.318017613121949 ], [ -99.129582235654411, 19.317991371562758 ], [ -99.129513979457514, 19.317957560631221 ], [ -99.129206415571616, 19.317805207357331 ], [ -99.129054094422841, 19.31772975403371 ], [ -99.128626179905964, 19.317514479580751 ], [ -99.128163519426948, 19.317315141266317 ], [ -99.128198480054806, 19.317264013900058 ], [ -99.128988671392747, 19.316108406461243 ], [ -99.129780417816676, 19.314946217136416 ], [ -99.130158354939056, 19.315233829636234 ], [ -99.130570157647455, 19.315524527909037 ], [ -99.130956788136459, 19.315803971143112 ], [ -99.131345389222247, 19.316116826259286 ], [ -99.131633029768238, 19.316342619538425 ], [ -99.131686076315404, 19.316384260120699 ], [ -99.131806957187266, 19.316137898019559 ], [ -99.132156309155675, 19.316299561007241 ], [ -99.132899605293986, 19.316526474097113 ], [ -99.133369159750387, 19.316677826611109 ], [ -99.133469468814894, 19.316710159257674 ], [ -99.133468420206128, 19.316752094689669 ], [ -99.133465759940407, 19.316858482609675 ], [ -99.133444907777815, 19.317692386926304 ], [ -99.133270389758607, 19.317703560459591 ], [ -99.133078673411575, 19.317715834923327 ], [ -99.132902728359326, 19.319048841274604 ], [ -99.132887467687311, 19.319134036648897 ], [ -99.132653906986718, 19.32043791910024 ], [ -99.13262402070967, 19.320540364051723 ] ] ] ] } },
{ "type": "Feature", "properties": { "id": 1982.0, "entidad": 9, "distrito_f": 8, "distrito_l": 30, "municipio": 3, "seccion": 349, "tipo": 2, "control": 35699.0, "SECCION_TX": "0349", "SECCION__1": null, "SECCION__2": null, "SECCION_N": "349", "ESTATUS": null, "ALCALDIA_N": "COYOACAN", "EN_OPERATI": null, "EN_OP": "NO", "SEC_N": "349", "EST": null, "ALC_N": "COYOACAN", "OP": "NO", "NOMBRE": "MULTIFAMILIAR TLALPAN" }, "geometry": { "type": "MultiPolygon", "coordinates": [ [ [ [ -99.14168412273365, 19.335158560715922 ], [ -99.141760127489661, 19.335020445038335 ], [ -99.142278797164593, 19.334082434559338 ], [ -99.142506207098265, 19.333670908036556 ], [ -99.142782016672825, 19.333171793202045 ], [ -99.142985359029765, 19.332769445887411 ], [ -99.14291195594798, 19.332684425213909 ], [ -99.142886124418041, 19.332560685139097 ], [ -99.142918411266749, 19.332507205837647 ], [ -99.143155963140444, 19.332097403014888 ], [ -99.143277549380144, 19.331887652613865 ], [ -99.143566847208191, 19.331388577741059 ], [ -99.143847174321735, 19.330904975137646 ], [ -99.144191386145721, 19.331309890604288 ], [ -99.144353762662007, 19.331500902180146 ], [ -99.144825964492597, 19.332056373304358 ], [ -99.144461932913458, 19.332688836327193 ], [ -99.144182465597737, 19.333174374862971 ], [ -99.144090161580209, 19.333334740502604 ], [ -99.144043256212967, 19.333416232042161 ], [ -99.143736893700961, 19.333501471566546 ], [ -99.143582772073742, 19.333695303251762 ], [ -99.14352034552121, 19.333773814089518 ], [ -99.143363667837534, 19.334048935034303 ], [ -99.143317140756679, 19.334132253360263 ], [ -99.144395650786663, 19.335100790731115 ], [ -99.14404181775933, 19.335445669473138 ], [ -99.143717888942859, 19.335758521792457 ], [ -99.143758556047572, 19.335795739261027 ], [ -99.144097636303513, 19.336106055605697 ], [ -99.145144179732796, 19.337063810091323 ], [ -99.146370473215327, 19.338186042519926 ], [ -99.146314390028337, 19.338262971735805 ], [ -99.145909973062487, 19.33886826475149 ], [ -99.14581449938315, 19.339009706338434 ], [ -99.145737818480583, 19.339123306739054 ], [ -99.145601010559901, 19.339325982998261 ], [ -99.143953929758879, 19.341766029534639 ], [ -99.143833624453606, 19.341745359466756 ], [ -99.143713319178062, 19.341724689319211 ], [ -99.143429834921207, 19.340797165062572 ], [ -99.143350980783538, 19.340537417451603 ], [ -99.143169018088287, 19.33993802419625 ], [ -99.143104369022709, 19.339729943025176 ], [ -99.142941123402096, 19.339204514084134 ], [ -99.142624130994093, 19.338184219206944 ], [ -99.142387240982274, 19.33742173892901 ], [ -99.141862544499276, 19.335732866210716 ], [ -99.141780908660436, 19.33547009660985 ], [ -99.14168412273365, 19.335158560715922 ] ] ] ] } },
{ "type": "Feature", "properties": { "id": 2184.0, "entidad": 9, "distrito_f": 8, "distrito_l": 30, "municipio": 3, "seccion": 648, "tipo": 2, "control": 36836.0, "SECCION_TX": "0648", "SECCION__1": null, "SECCION__2": null, "SECCION_N": "648", "ESTATUS": null, "ALCALDIA_N": "COYOACAN", "EN_OPERATI": null, "EN_OP": "NO", "SEC_N": "648", "EST": null, "ALC_N": "COYOACAN", "OP": "NO", "NOMBRE": "LOS GIRASOLES III" }, "geometry": { "type": "MultiPolygon", "coordinates": [ [ [ [ -99.125964819406676, 19.310598388029749 ], [ -99.125731178017759, 19.310661689952809 ], [ -99.125757164008661, 19.310737987152315 ], [ -99.125789058514229, 19.310831632177074 ], [ -99.125613907183393, 19.310876811881364 ], [ -99.125428680000695, 19.310924590408415 ], [ -99.125404084161985, 19.310806299919996 ], [ -99.125385390409235, 19.310716394627828 ], [ -99.125282452459132, 19.310221325448072 ], [ -99.125870204362016, 19.308104715891172 ], [ -99.126614815610779, 19.308301937750095 ], [ -99.125964819406676, 19.310598388029749 ] ] ] ] } },
{ "type": "Feature", "properties": { "id": 2185.0, "entidad": 9, "distrito_f": 8, "distrito_l": 30, "municipio": 3, "seccion": 649, "tipo": 2, "control": 36837.0, "SECCION_TX": "0649", "SECCION__1": null, "SECCION__2": null, "SECCION_N": "649", "ESTATUS": null, "ALCALDIA_N": "COYOACAN", "EN_OPERATI": null, "EN_OP": "NO", "SEC_N": "649", "EST": null, "ALC_N": "COYOACAN", "OP": "NO", "NOMBRE": "LOS GIRASOLES III" }, "geometry": { "type": "MultiPolygon", "coordinates": [ [ [ [ -99.126614815610779, 19.308301937750095 ], [ -99.125870204362016, 19.308104715891172 ], [ -99.126429037527302, 19.306195309912273 ], [ -99.126493381573837, 19.305975457974277 ], [ -99.127255699147071, 19.306160043532739 ], [ -99.126614815610779, 19.308301937750095 ] ] ] ] } },
{ "type": "Feature", "properties": { "id": 4812.0, "entidad": 9, "distrito_f": 19, "distrito_l": 30, "municipio": 3, "seccion": 643, "tipo": 2, "control": 37168.0, "SECCION_TX": "0643", "SECCION__1": null, "SECCION__2": null, "SECCION_N": "643", "ESTATUS": null, "ALCALDIA_N": "COYOACAN", "EN_OPERATI": null, "EN_OP": "NO", "SEC_N": "643", "EST": null, "ALC_N": "COYOACAN", "OP": "NO", "NOMBRE": "LOS GIRASOLES III" }, "geometry": { "type": "MultiPolygon", "coordinates": [ [ [ [ -99.122455500033027, 19.314461834260303 ], [ -99.122088534185835, 19.314426411763506 ], [ -99.12201504157234, 19.314419317574391 ], [ -99.122034939486511, 19.313988303852771 ], [ -99.121827237301829, 19.313972738172712 ], [ -99.121570718090013, 19.313938084699252 ], [ -99.121633340742264, 19.313856462897924 ], [ -99.121634896238319, 19.313837838839344 ], [ -99.12163831184742, 19.313796943507903 ], [ -99.121671691458459, 19.313397285999081 ], [ -99.121672906161962, 19.313372407862829 ], [ -99.121681219660402, 19.313202140322979 ], [ -99.121591743415777, 19.313195312695253 ], [ -99.121586847738939, 19.313114964470028 ], [ -99.12160689299121, 19.31302827149705 ], [ -99.121613318250141, 19.312940469313194 ], [ -99.121661674166148, 19.312931254053193 ], [ -99.121659183013278, 19.312832538169712 ], [ -99.12169015094193, 19.312829388194395 ], [ -99.122026853119948, 19.312835846262093 ], [ -99.12206785103578, 19.312836856771685 ], [ -99.122053119065697, 19.312536122476185 ], [ -99.122101462055994, 19.312509688931687 ], [ -99.122102131207683, 19.312475624879191 ], [ -99.122103209613428, 19.312420727181792 ], [ -99.122104957169284, 19.312331765431018 ], [ -99.122161766089988, 19.312308769840907 ], [ -99.122165361734929, 19.312266295930087 ], [ -99.122282997963111, 19.312249725273279 ], [ -99.122345493297871, 19.312240921926403 ], [ -99.12233765149584, 19.312180250425399 ], [ -99.122328113017659, 19.3121064517909 ], [ -99.122273775501284, 19.311685668136388 ], [ -99.122270615096753, 19.311661592361123 ], [ -99.122679277534075, 19.311643410574899 ], [ -99.123001935417221, 19.311568843656712 ], [ -99.123072975888476, 19.31155122630383 ], [ -99.123271669379264, 19.311501952064379 ], [ -99.123877173328282, 19.311351790890882 ], [ -99.12402642385797, 19.311314777346997 ], [ -99.124153521703363, 19.312257063288975 ], [ -99.124179315407616, 19.312443586307175 ], [ -99.124302427741029, 19.31332153253414 ], [ -99.124357228713137, 19.313777879996884 ], [ -99.124162849099164, 19.313788849020142 ], [ -99.124044756627072, 19.313795488543136 ], [ -99.123728846576896, 19.313813339435701 ], [ -99.123625780619534, 19.313819155212585 ], [ -99.123586429676308, 19.314140127278897 ], [ -99.123579034202251, 19.314200449470505 ], [ -99.123557915303593, 19.314372708403383 ], [ -99.123359121259014, 19.31435115138575 ], [ -99.123329416634036, 19.314347930228312 ], [ -99.123329311934015, 19.314208306856784 ], [ -99.123214185445406, 19.314199628219175 ], [ -99.122841574983042, 19.31417153903412 ], [ -99.122470759507806, 19.314143584398614 ], [ -99.122461966163684, 19.314331282086897 ], [ -99.122455500033027, 19.314461834260303 ] ] ] ] } },
{ "type": "Feature", "properties": { "id": 4838.0, "entidad": 9, "distrito_f": 19, "distrito_l": 30, "municipio": 3, "seccion": 676, "tipo": 2, "control": 36877.0, "SECCION_TX": "0676", "SECCION__1": null, "SECCION__2": null, "SECCION_N": "676", "ESTATUS": "COMPLETA", "ALCALDIA_N": "COYOACAN", "EN_OPERATI": null, "EN_OP": "SI", "SEC_N": "676", "EST": "COMPLETA", "ALC_N": "COYOACAN", "OP": "SI", "NOMBRE": "LOS GIRASOLES III" }, "geometry": { "type": "MultiPolygon", "coordinates": [ [ [ [ -99.124197640733996, 19.307081465806238 ], [ -99.122636401375857, 19.306908522292971 ], [ -99.122694540969235, 19.306287141388648 ], [ -99.122796913966695, 19.30522603189133 ], [ -99.122840390373909, 19.304651339650835 ], [ -99.122931178979712, 19.304661704858493 ], [ -99.123274631605057, 19.304700915941641 ], [ -99.123295447178393, 19.304441582991224 ], [ -99.124013310854096, 19.304477667341917 ], [ -99.124037679496325, 19.304288148518427 ], [ -99.124368431845454, 19.304315767099318 ], [ -99.124442869259454, 19.30432251855736 ], [ -99.124197640733996, 19.307081465806238 ] ] ] ] } },
{ "type": "Feature", "properties": { "id": 1985.0, "entidad": 9, "distrito_f": 8, "distrito_l": 26, "municipio": 3, "seccion": 352, "tipo": 2, "control": 35509.0, "SECCION_TX": "0352", "SECCION__1": null, "SECCION__2": null, "SECCION_N": "352", "ESTATUS": "COMPLETA", "ALCALDIA_N": "COYOACAN", "EN_OPERATI": null, "EN_OP": "SI", "SEC_N": "352", "EST": "COMPLETA", "ALC_N": "COYOACAN", "OP": "SI", "NOMBRE": "MARIANA" }, "geometry": { "type": "MultiPolygon", "coordinates": [ [ [ [ -99.153989901193469, 19.334643920823407 ], [ -99.153357462202081, 19.334490051820531 ], [ -99.153218013154557, 19.334461609641679 ], [ -99.152693117356563, 19.334705888046592 ], [ -99.152652093056616, 19.334724980028476 ], [ -99.151869276494224, 19.335063395742612 ], [ -99.151638409217313, 19.335122311346105 ], [ -99.151633654936376, 19.335162039046761 ], [ -99.151628900653208, 19.335201766747044 ], [ -99.152002042403936, 19.335295895390409 ], [ -99.1518333070631, 19.335984902698257 ], [ -99.151190770425828, 19.33582183482261 ], [ -99.151337634292702, 19.335230401435766 ], [ -99.151352074069791, 19.335172250980296 ], [ -99.151190209193757, 19.335212046360546 ], [ -99.150741350989776, 19.335388585210687 ], [ -99.150770469049604, 19.335313393886995 ], [ -99.151070689441056, 19.334538132990065 ], [ -99.151161014845329, 19.334435216989039 ], [ -99.151331356282583, 19.33394531562157 ], [ -99.151341570909423, 19.333915938293458 ], [ -99.151326883630361, 19.333870381758263 ], [ -99.151318658988558, 19.333844870814058 ], [ -99.151273488762655, 19.333704763027928 ], [ -99.151386397165311, 19.333446894942647 ], [ -99.151617418282981, 19.333144566548373 ], [ -99.151563641492899, 19.332970302188784 ], [ -99.151521567824318, 19.332791606109296 ], [ -99.151524345096291, 19.332657438894952 ], [ -99.151584579919344, 19.332411145255548 ], [ -99.15157349423491, 19.332356972549729 ], [ -99.151375470134397, 19.332377769749428 ], [ -99.151173518628937, 19.332654749066869 ], [ -99.150809721182313, 19.332844979578901 ], [ -99.150381150214599, 19.332758969588518 ], [ -99.150406294872369, 19.332520593164055 ], [ -99.150343704198846, 19.332468063217682 ], [ -99.149944855675045, 19.332402080043078 ], [ -99.149871552738446, 19.33237917758105 ], [ -99.14969870796547, 19.332384896779036 ], [ -99.149778276716972, 19.332143204087949 ], [ -99.149815932629181, 19.332077198970843 ], [ -99.149883996893678, 19.331986144818856 ], [ -99.150270978233834, 19.332149421453654 ], [ -99.150392618489334, 19.33221146133765 ], [ -99.150460725569175, 19.332084964097159 ], [ -99.150532149058307, 19.332032478366294 ], [ -99.150619609643158, 19.331754852606839 ], [ -99.150967291271684, 19.331831663268179 ], [ -99.15116877028386, 19.331896258825449 ], [ -99.151344678129988, 19.331783892331295 ], [ -99.151386305431757, 19.331757301577088 ], [ -99.151503167596786, 19.331658518812972 ], [ -99.151617079730954, 19.33188355087383 ], [ -99.151639991414541, 19.33206856749899 ], [ -99.15182902783954, 19.331958034060595 ], [ -99.152036119400634, 19.331836943021468 ], [ -99.152728175706528, 19.331925798549996 ], [ -99.152770308473038, 19.331817825776881 ], [ -99.152839764373752, 19.331835200361287 ], [ -99.152909220288976, 19.331852574919182 ], [ -99.153163493152405, 19.331916181606424 ], [ -99.153296760376861, 19.332057768611037 ], [ -99.153484500523291, 19.332219925799702 ], [ -99.153655975397584, 19.332292573756941 ], [ -99.153768118224107, 19.332307331517793 ], [ -99.153888320472987, 19.332307230104369 ], [ -99.154224224106216, 19.332428041979757 ], [ -99.154196949148869, 19.33255810175871 ], [ -99.154162101823587, 19.332603947986172 ], [ -99.154100372878801, 19.332685160431062 ], [ -99.154019531920881, 19.332970109241703 ], [ -99.154077004887199, 19.33315063134561 ], [ -99.154333327958895, 19.333352291086499 ], [ -99.154284654945968, 19.33365264470072 ], [ -99.154252958343861, 19.333852302003343 ], [ -99.154144466488717, 19.33399400372139 ], [ -99.154132236019564, 19.334009977974794 ], [ -99.15405839204405, 19.334319068750656 ], [ -99.154034640818907, 19.334431720947507 ], [ -99.154012271020378, 19.334537820887302 ], [ -99.153989901193469, 19.334643920823407 ] ] ] ] } },
{ "type": "Feature", "properties": { "id": 2124.0, "entidad": 9, "distrito_f": 8, "distrito_l": 26, "municipio": 3, "seccion": 483, "tipo": 2, "control": 35502.0, "SECCION_TX": "0483", "SECCION__1": null, "SECCION__2": null, "SECCION_N": "483", "ESTATUS": null, "ALCALDIA_N": "COYOACAN", "EN_OPERATI": null, "EN_OP": "NO", "SEC_N": "483", "EST": null, "ALC_N": "COYOACAN", "OP": "NO", "NOMBRE": "MARIANA" }, "geometry": { "type": "MultiPolygon", "coordinates": [ [ [ [ -99.15282837546367, 19.337281294330293 ], [ -99.15228670517034, 19.336986001561108 ], [ -99.151897395228474, 19.336767112643098 ], [ -99.151359303849659, 19.336440241066732 ], [ -99.150522588931821, 19.335999457185469 ], [ -99.150741350989776, 19.335388585210687 ], [ -99.151190209193757, 19.335212046360546 ], [ -99.151352074069791, 19.335172250980296 ], [ -99.151337634292702, 19.335230401435766 ], [ -99.151190770425828, 19.33582183482261 ], [ -99.1518333070631, 19.335984902698257 ], [ -99.152002042403936, 19.335295895390409 ], [ -99.151628900653208, 19.335201766747044 ], [ -99.151633654936376, 19.335162039046761 ], [ -99.151638409217313, 19.335122311346105 ], [ -99.151869276494224, 19.335063395742612 ], [ -99.152652093056616, 19.334724980028476 ], [ -99.152693117356563, 19.334705888046592 ], [ -99.153218013154557, 19.334461609641679 ], [ -99.153357462202081, 19.334490051820531 ], [ -99.153123510341487, 19.335009464563306 ], [ -99.152978407673999, 19.335203862646722 ], [ -99.152848503780532, 19.335440221136142 ], [ -99.15281463758788, 19.335557968419398 ], [ -99.152796303638013, 19.335712336847475 ], [ -99.152834978599358, 19.335839578112072 ], [ -99.152881783636076, 19.335905496852291 ], [ -99.152952582176155, 19.335960602325397 ], [ -99.153019669078574, 19.335990213714616 ], [ -99.153282683063466, 19.336009507332239 ], [ -99.15282837546367, 19.337281294330293 ] ] ] ] } },
{ "type": "Feature", "properties": { "id": 4708.0, "entidad": 9, "distrito_f": 19, "distrito_l": 30, "municipio": 3, "seccion": 516, "tipo": 2, "control": 35788.0, "SECCION_TX": "0516", "SECCION__1": null, "SECCION__2": null, "SECCION_N": "516", "ESTATUS": "COMPLETA", "ALCALDIA_N": "COYOACAN", "EN_OPERATI": null, "EN_OP": "SI", "SEC_N": "516", "EST": "COMPLETA", "ALC_N": "COYOACAN", "OP": "SI", "NOMBRE": "VALLE DEL SUR" }, "geometry": { "type": "MultiPolygon", "coordinates": [ [ [ [ -99.122399309392449, 19.357653462806599 ], [ -99.121970183001991, 19.357619717854398 ], [ -99.121920637379986, 19.356840888391975 ], [ -99.121737691432529, 19.355227175250153 ], [ -99.12170042456701, 19.354959417925016 ], [ -99.12162896549232, 19.354445991717888 ], [ -99.121475767844188, 19.353928017507336 ], [ -99.1213044302594, 19.353321909972657 ], [ -99.121129002656659, 19.352701329079139 ], [ -99.12096477900748, 19.352284955188253 ], [ -99.120719694898384, 19.351669429898809 ], [ -99.120484925466712, 19.351048001688039 ], [ -99.12039401911656, 19.350942933511899 ], [ -99.120303112882908, 19.350837865288558 ], [ -99.120128365510794, 19.350510181124694 ], [ -99.119601871151048, 19.349716030585814 ], [ -99.119606831140814, 19.34968533715471 ], [ -99.119629674902143, 19.349543975139287 ], [ -99.119645639967928, 19.349445179798487 ], [ -99.11965433648102, 19.349393094668574 ], [ -99.119673662370204, 19.349271770717827 ], [ -99.120008158278821, 19.349896616281793 ], [ -99.120051183554068, 19.349976988027418 ], [ -99.120128142880333, 19.350045824527403 ], [ -99.120149865868356, 19.350065254702574 ], [ -99.120306279346678, 19.350205158873816 ], [ -99.120457881229996, 19.35029752204964 ], [ -99.120784036417859, 19.350496230728222 ], [ -99.121042640395231, 19.350610228646534 ], [ -99.121267431285872, 19.350661483654875 ], [ -99.121304069065317, 19.350669837476868 ], [ -99.121340706848471, 19.350678191291461 ], [ -99.121529631829006, 19.350681308247097 ], [ -99.122050186178868, 19.350689895534845 ], [ -99.122824652150868, 19.350707984822094 ], [ -99.122817403626172, 19.350957421589698 ], [ -99.122812990857881, 19.351109273763075 ], [ -99.122809895840021, 19.351215779358945 ], [ -99.12280750249711, 19.351295172516483 ], [ -99.122747367229266, 19.353367483943259 ], [ -99.122713734585091, 19.354694873811578 ], [ -99.122696966180257, 19.355356670450092 ], [ -99.122753533102056, 19.35579892271836 ], [ -99.12279249726852, 19.355892883714169 ], [ -99.122825609205975, 19.356188375010667 ], [ -99.122552005950851, 19.356183073378006 ], [ -99.122550400790672, 19.35673923075365 ], [ -99.122550288381206, 19.356778178496818 ], [ -99.122478099103347, 19.357146252423437 ], [ -99.122418250133393, 19.357539589894298 ], [ -99.122399309392449, 19.357653462806599 ] ] ] ] } },
{ "type": "Feature", "properties": { "id": 2217.0, "entidad": 9, "distrito_f": 8, "distrito_l": 26, "municipio": 3, "seccion": 720, "tipo": 2, "control": 34672.0, "SECCION_TX": "0720", "SECCION__1": null, "SECCION__2": null, "SECCION_N": "720", "ESTATUS": null, "ALCALDIA_N": "COYOACAN", "EN_OPERATI": null, "EN_OP": "NO", "SEC_N": "720", "EST": null, "ALC_N": "COYOACAN", "OP": "NO", "NOMBRE": "VILLA SAN FRANCISCO" }, "geometry": { "type": "MultiPolygon", "coordinates": [ [ [ [ -99.163596032509176, 19.342037605445849 ], [ -99.162767274293969, 19.34169782811507 ], [ -99.16212988492174, 19.341436505344724 ], [ -99.161747034437099, 19.341328163243826 ], [ -99.16142968902102, 19.341311066760902 ], [ -99.161227493276854, 19.341426973362086 ], [ -99.161182913076502, 19.34155049979115 ], [ -99.161120848332516, 19.340839427767833 ], [ -99.161111903599476, 19.340736947964047 ], [ -99.161136582655558, 19.340735272457064 ], [ -99.161017925509242, 19.339984538196539 ], [ -99.160814011810757, 19.339090068334524 ], [ -99.160869964395957, 19.339051095202791 ], [ -99.161094443548379, 19.339142875371984 ], [ -99.161153907122667, 19.339146999068024 ], [ -99.161307717917623, 19.339259955964074 ], [ -99.16146287348495, 19.339332782356141 ], [ -99.161658053184652, 19.339357932020004 ], [ -99.161809697829, 19.33935779746232 ], [ -99.162089748839975, 19.339300572639388 ], [ -99.162237591057874, 19.340433630285624 ], [ -99.162716990393989, 19.3406159234213 ], [ -99.16278284188941, 19.340207061507964 ], [ -99.162922151521997, 19.340128550409446 ], [ -99.163116335172717, 19.340128780646083 ], [ -99.163313233918728, 19.340173597140332 ], [ -99.163425667230555, 19.340225425596582 ], [ -99.163521558318877, 19.340320282122345 ], [ -99.163600225161289, 19.340426454409521 ], [ -99.163655721053473, 19.340709422112056 ], [ -99.163988249994574, 19.340823407560499 ], [ -99.163874777269712, 19.341192428305074 ], [ -99.163862160727021, 19.341230775221582 ], [ -99.163726174736979, 19.341643049737478 ], [ -99.163596032509176, 19.342037605445849 ] ] ] ] } },
{ "type": "Feature", "properties": { "id": 2200.0, "entidad": 9, "distrito_f": 8, "distrito_l": 26, "municipio": 3, "seccion": 701, "tipo": 2, "control": 34422.0, "SECCION_TX": "0701", "SECCION__1": null, "SECCION__2": null, "SECCION_N": "701", "ESTATUS": null, "ALCALDIA_N": "COYOACAN", "EN_OPERATI": null, "EN_OP": "NO", "SEC_N": "701", "EST": null, "ALC_N": "COYOACAN", "OP": "NO", "NOMBRE": "SAN LUCAS" }, "geometry": { "type": "MultiPolygon", "coordinates": [ [ [ [ -99.15617558023078, 19.354311392831345 ], [ -99.152456219244527, 19.355025555345566 ], [ -99.15236413867612, 19.355043234892399 ], [ -99.152272058087519, 19.355060914392684 ], [ -99.151976672832134, 19.35401216859599 ], [ -99.151935711911179, 19.353879306974388 ], [ -99.151765789414711, 19.353328140688532 ], [ -99.151252227452218, 19.351561594533536 ], [ -99.151343833005669, 19.351562024840412 ], [ -99.151435438559218, 19.35156245510122 ], [ -99.151622078807847, 19.351504914135898 ], [ -99.152674212525369, 19.351296699760137 ], [ -99.152458383794155, 19.352782447295166 ], [ -99.152870542538338, 19.352388737744249 ], [ -99.15313212707575, 19.352196187643209 ], [ -99.154130136376054, 19.351685820860652 ], [ -99.154892142431038, 19.351229038686132 ], [ -99.155748329707365, 19.35067386499982 ], [ -99.156100313117847, 19.35060195272186 ], [ -99.156145210137311, 19.350791552181054 ], [ -99.156272504394295, 19.351024628219143 ], [ -99.156391273875172, 19.351201425401591 ], [ -99.156557301207883, 19.351424484071398 ], [ -99.15685780597633, 19.351828211991418 ], [ -99.156925793535351, 19.352053297724311 ], [ -99.156861370639433, 19.35228847935117 ], [ -99.156595536707982, 19.353258922912296 ], [ -99.156213676104642, 19.354216397027063 ], [ -99.15617558023078, 19.354311392831345 ] ] ] ] } },
{ "type": "Feature", "properties": { "id": 2208.0, "entidad": 9, "distrito_f": 8, "distrito_l": 26, "municipio": 3, "seccion": 709, "tipo": 2, "control": 34421.0, "SECCION_TX": "0709", "SECCION__1": null, "SECCION__2": null, "SECCION_N": "709", "ESTATUS": null, "ALCALDIA_N": "COYOACAN", "EN_OPERATI": null, "EN_OP": "NO", "SEC_N": "709", "EST": null, "ALC_N": "COYOACAN", "OP": "NO", "NOMBRE": "SAN LUCAS" }, "geometry": { "type": "MultiPolygon", "coordinates": [ [ [ [ -99.15908094045723, 19.349991891717533 ], [ -99.158675568263007, 19.350074864550553 ], [ -99.157889845749878, 19.350235685856727 ], [ -99.157344859766582, 19.350347231151968 ], [ -99.156100313117847, 19.35060195272186 ], [ -99.15601301804314, 19.349570843853975 ], [ -99.156047106618232, 19.349156751749582 ], [ -99.156131500134777, 19.348738773560587 ], [ -99.156140914854461, 19.348692144875557 ], [ -99.156296237331631, 19.348236779678164 ], [ -99.15640647110088, 19.347913601264352 ], [ -99.156474996918305, 19.34771269967775 ], [ -99.156490341153528, 19.347667713916781 ], [ -99.156448619693762, 19.347089030314596 ], [ -99.156359723869144, 19.346476429682667 ], [ -99.156297989657716, 19.346051002873843 ], [ -99.156223719117889, 19.345943195693753 ], [ -99.156082597065478, 19.345738349920229 ], [ -99.155701029731517, 19.345269022401702 ], [ -99.15526381909946, 19.344724052010424 ], [ -99.154775748756606, 19.34407876598722 ], [ -99.154363623042073, 19.343518417157053 ], [ -99.155668556558595, 19.343702618053285 ], [ -99.156343545372152, 19.343798006993687 ], [ -99.156673293238597, 19.343844605777651 ], [ -99.157729218946457, 19.343975020525985 ], [ -99.15895684204169, 19.344126633228061 ], [ -99.159206609305159, 19.344157478691386 ], [ -99.160733645858514, 19.344344217924533 ], [ -99.160551299965334, 19.345005790766457 ], [ -99.160495244758664, 19.345195871963785 ], [ -99.160488266226025, 19.345219425606064 ], [ -99.160283271129103, 19.346167951581993 ], [ -99.159764599575752, 19.34611411248887 ], [ -99.159675112267863, 19.346413266048529 ], [ -99.159631063709298, 19.346575707523797 ], [ -99.159604726216898, 19.346671526380668 ], [ -99.159909152946739, 19.346738727891346 ], [ -99.159885391779639, 19.34680025041942 ], [ -99.159721365045485, 19.347224947888634 ], [ -99.159500985607565, 19.347656035617455 ], [ -99.159469530456775, 19.347830958893976 ], [ -99.15908094045723, 19.349991891717533 ] ] ] ] } },
{ "type": "Feature", "properties": { "id": 2209.0, "entidad": 9, "distrito_f": 8, "distrito_l": 26, "municipio": 3, "seccion": 710, "tipo": 2, "control": 35568.0, "SECCION_TX": "0710", "SECCION__1": null, "SECCION__2": null, "SECCION_N": "710", "ESTATUS": null, "ALCALDIA_N": "COYOACAN", "EN_OPERATI": null, "EN_OP": "NO", "SEC_N": "710", "EST": null, "ALC_N": "COYOACAN", "OP": "NO", "NOMBRE": "SAN LUCAS" }, "geometry": { "type": "MultiPolygon", "coordinates": [ [ [ [ -99.15601301804314, 19.349570843853975 ], [ -99.155166911512211, 19.349363464270599 ], [ -99.155113128330797, 19.349357528300477 ], [ -99.155081399033136, 19.349354026377156 ], [ -99.155012486188156, 19.349346420532161 ], [ -99.154677661888655, 19.349309465912153 ], [ -99.154450087948987, 19.349284348173175 ], [ -99.153790732101655, 19.349263875632079 ], [ -99.152975112455081, 19.349260255908156 ], [ -99.152732601312735, 19.349111319613364 ], [ -99.152682355403684, 19.349002936362698 ], [ -99.15322943059283, 19.347700864017138 ], [ -99.153658041745601, 19.347807077929495 ], [ -99.153677979343271, 19.347812018627582 ], [ -99.153660581562633, 19.347868387904153 ], [ -99.154165109480559, 19.348018019932642 ], [ -99.154277463726558, 19.347720102231627 ], [ -99.154319476030352, 19.347200486436279 ], [ -99.154336159768434, 19.346994138057116 ], [ -99.154392730661598, 19.346294452280336 ], [ -99.154397127980104, 19.346268375743229 ], [ -99.154514533182194, 19.345572148133304 ], [ -99.156223719117889, 19.345943195693753 ], [ -99.156297989657716, 19.346051002873843 ], [ -99.156359723869144, 19.346476429682667 ], [ -99.156448619693762, 19.347089030314596 ], [ -99.156490341153528, 19.347667713916781 ], [ -99.156474996918305, 19.34771269967775 ], [ -99.15640647110088, 19.347913601264352 ], [ -99.156296237331631, 19.348236779678164 ], [ -99.156140914854461, 19.348692144875557 ], [ -99.156131500134777, 19.348738773560587 ], [ -99.156047106618232, 19.349156751749582 ], [ -99.15601301804314, 19.349570843853975 ] ] ] ] } },
{ "type": "Feature", "properties": { "id": 2210.0, "entidad": 9, "distrito_f": 8, "distrito_l": 26, "municipio": 3, "seccion": 711, "tipo": 2, "control": 34424.0, "SECCION_TX": "0711", "SECCION__1": null, "SECCION__2": null, "SECCION_N": "711", "ESTATUS": null, "ALCALDIA_N": "COYOACAN", "EN_OPERATI": null, "EN_OP": "NO", "SEC_N": "711", "EST": null, "ALC_N": "COYOACAN", "OP": "NO", "NOMBRE": "SAN LUCAS" }, "geometry": { "type": "MultiPolygon", "coordinates": [ [ [ [ -99.151622078807847, 19.351504914135898 ], [ -99.151435438559218, 19.35156245510122 ], [ -99.151343833005669, 19.351562024840412 ], [ -99.151252227452218, 19.351561594533536 ], [ -99.150815237947597, 19.349981565566598 ], [ -99.150513451353604, 19.348890372837026 ], [ -99.150003236409646, 19.34708541179733 ], [ -99.149751932510085, 19.346195715375725 ], [ -99.149528816261537, 19.345407042438456 ], [ -99.149617193137814, 19.345386669131095 ], [ -99.149695032444541, 19.345368724984493 ], [ -99.149928743328019, 19.346193835080424 ], [ -99.150197319951232, 19.34712788051262 ], [ -99.151007866444445, 19.347281056312706 ], [ -99.15322943059283, 19.347700864017138 ], [ -99.152682355403684, 19.349002936362698 ], [ -99.152732601312735, 19.349111319613364 ], [ -99.152975112455081, 19.349260255908156 ], [ -99.152725492247455, 19.349320912002465 ], [ -99.152187959684355, 19.349403182070748 ], [ -99.152067268439282, 19.349441844945982 ], [ -99.151830833173307, 19.35062757698827 ], [ -99.151622078807847, 19.351504914135898 ] ] ] ] } },
{ "type": "Feature", "properties": { "id": 2149.0, "entidad": 9, "distrito_f": 8, "distrito_l": 26, "municipio": 3, "seccion": 717, "tipo": 2, "control": 34425.0, "SECCION_TX": "0717", "SECCION__1": null, "SECCION__2": null, "SECCION_N": "717", "ESTATUS": null, "ALCALDIA_N": "COYOACAN", "EN_OPERATI": null, "EN_OP": "NO", "SEC_N": "717", "EST": null, "ALC_N": "COYOACAN", "OP": "NO", "NOMBRE": "SAN LUCAS" }, "geometry": { "type": "MultiPolygon", "coordinates": [ [ [ [ -99.154165109480559, 19.348018019932642 ], [ -99.153660581562633, 19.347868387904153 ], [ -99.153677979343271, 19.347812018627582 ], [ -99.153658041745601, 19.347807077929495 ], [ -99.15322943059283, 19.347700864017138 ], [ -99.151007866444445, 19.347281056312706 ], [ -99.150197319951232, 19.34712788051262 ], [ -99.149928743328019, 19.346193835080424 ], [ -99.149695032444541, 19.345368724984493 ], [ -99.151030437670883, 19.345156875149346 ], [ -99.151761001357158, 19.344880304804313 ], [ -99.152226057242117, 19.345064489442656 ], [ -99.153556105661082, 19.345399956627116 ], [ -99.154514533182194, 19.345572148133304 ], [ -99.154397127980104, 19.346268375743229 ], [ -99.154392730661598, 19.346294452280336 ], [ -99.154336159768434, 19.346994138057116 ], [ -99.154319476030352, 19.347200486436279 ], [ -99.154277463726558, 19.347720102231627 ], [ -99.154165109480559, 19.348018019932642 ] ] ] ] } },
{ "type": "Feature", "properties": { "id": 2240.0, "entidad": 9, "distrito_f": 8, "distrito_l": 26, "municipio": 3, "seccion": 744, "tipo": 2, "control": 34423.0, "SECCION_TX": "0744", "SECCION__1": null, "SECCION__2": null, "SECCION_N": "744", "ESTATUS": null, "ALCALDIA_N": "COYOACAN", "EN_OPERATI": null, "EN_OP": "NO", "SEC_N": "744", "EST": null, "ALC_N": "COYOACAN", "OP": "NO", "NOMBRE": "SAN LUCAS" }, "geometry": { "type": "MultiPolygon", "coordinates": [ [ [ [ -99.156100313117847, 19.35060195272186 ], [ -99.155748329707365, 19.35067386499982 ], [ -99.154892142431038, 19.351229038686132 ], [ -99.154130136376054, 19.351685820860652 ], [ -99.15313212707575, 19.352196187643209 ], [ -99.152870542538338, 19.352388737744249 ], [ -99.152458383794155, 19.352782447295166 ], [ -99.152674212525369, 19.351296699760137 ], [ -99.151622078807847, 19.351504914135898 ], [ -99.151830833173307, 19.35062757698827 ], [ -99.152067268439282, 19.349441844945982 ], [ -99.152187959684355, 19.349403182070748 ], [ -99.152725492247455, 19.349320912002465 ], [ -99.152975112455081, 19.349260255908156 ], [ -99.153790732101655, 19.349263875632079 ], [ -99.154450087948987, 19.349284348173175 ], [ -99.154677661888655, 19.349309465912153 ], [ -99.155012486188156, 19.349346420532161 ], [ -99.155081399033136, 19.349354026377156 ], [ -99.155113128330797, 19.349357528300477 ], [ -99.155166911512211, 19.349363464270599 ], [ -99.15601301804314, 19.349570843853975 ], [ -99.156100313117847, 19.35060195272186 ] ] ] ] } },
{ "type": "Feature", "properties": { "id": 2036.0, "entidad": 9, "distrito_f": 8, "distrito_l": 30, "municipio": 3, "seccion": 398, "tipo": 2, "control": 34868.0, "SECCION_TX": "0398", "SECCION__1": null, "SECCION__2": null, "SECCION_N": "398", "ESTATUS": null, "ALCALDIA_N": "COYOACAN", "EN_OPERATI": null, "EN_OP": "NO", "SEC_N": "398", "EST": null, "ALC_N": "COYOACAN", "OP": "NO", "NOMBRE": "EL RELOJ" }, "geometry": { "type": "MultiPolygon", "coordinates": [ [ [ [ -99.138784588836913, 19.318020586036404 ], [ -99.138890725229587, 19.318048911703279 ], [ -99.138958153379349, 19.318065434945545 ], [ -99.138999601509283, 19.318075632306417 ], [ -99.139042261917837, 19.318088797831759 ], [ -99.140118430577431, 19.318377083159188 ], [ -99.14102764069527, 19.31861919617187 ], [ -99.142579115624088, 19.319033224308942 ], [ -99.142384174089059, 19.319779327501468 ], [ -99.142380839647359, 19.319830654121805 ], [ -99.14238762867646, 19.319866736022831 ], [ -99.142402869795205, 19.31990842489035 ], [ -99.142429933566063, 19.319946094837288 ], [ -99.142465434849768, 19.319972531062323 ], [ -99.142506842949757, 19.319991745226204 ], [ -99.142581201930952, 19.320017391414041 ], [ -99.142796153983539, 19.320086672628836 ], [ -99.142941195792275, 19.320131205044255 ], [ -99.142778070557853, 19.320693011683225 ], [ -99.142568883110982, 19.320820240883261 ], [ -99.142475668900062, 19.320993362669654 ], [ -99.142406797388446, 19.321039844217047 ], [ -99.142302345687909, 19.321071581025898 ], [ -99.142247164268653, 19.321525349977534 ], [ -99.142204324088695, 19.32171412350985 ], [ -99.142144953575865, 19.321848699520775 ], [ -99.142127552846858, 19.322021376163242 ], [ -99.141828821632956, 19.322133757090608 ], [ -99.141793531725654, 19.322131851808102 ], [ -99.141623747147776, 19.322122685136527 ], [ -99.141454193662625, 19.322145279282338 ], [ -99.141360955552202, 19.321787179094517 ], [ -99.14130786805471, 19.321719588180756 ], [ -99.14113528495335, 19.321618126530794 ], [ -99.141024678710949, 19.321610768551867 ], [ -99.140795639613813, 19.321610890234325 ], [ -99.140624409744035, 19.321539270311316 ], [ -99.140522111796557, 19.321490811022425 ], [ -99.140066886763734, 19.321542636852289 ], [ -99.140320245200982, 19.321986899401658 ], [ -99.140720904755824, 19.322243074583302 ], [ -99.140537832161783, 19.322326076512542 ], [ -99.139981787547796, 19.322423089752387 ], [ -99.139652059194745, 19.322587652438536 ], [ -99.139635158209217, 19.322478836545763 ], [ -99.139609575692432, 19.322381906062063 ], [ -99.139555419081034, 19.322320953151998 ], [ -99.139487593462476, 19.322297626245462 ], [ -99.139425154502874, 19.322232771467412 ], [ -99.139343858553516, 19.322069111901595 ], [ -99.139198274050315, 19.321858953041456 ], [ -99.139115406020721, 19.321840089321991 ], [ -99.139067130792014, 19.321849069888305 ], [ -99.139021383437083, 19.32186253564424 ], [ -99.138953745890447, 19.321870162652658 ], [ -99.13909432151614, 19.322696318701123 ], [ -99.137928698673562, 19.322580069220695 ], [ -99.137782943249732, 19.32256771435986 ], [ -99.137740968812693, 19.321957627393111 ], [ -99.13775090581305, 19.321445907426629 ], [ -99.13776412237425, 19.321339752794334 ], [ -99.137789313879765, 19.321218063374886 ], [ -99.137817035593599, 19.320989862086979 ], [ -99.137981572138699, 19.320549280474193 ], [ -99.138131780935112, 19.320185311733905 ], [ -99.138231105541919, 19.319859405099734 ], [ -99.138336901894249, 19.319482612601334 ], [ -99.138354489122705, 19.319382083572968 ], [ -99.138383620366227, 19.319231287930215 ], [ -99.138510442389489, 19.318848357935369 ], [ -99.138677570672499, 19.318343723230594 ], [ -99.138726671455558, 19.318196402164798 ], [ -99.138784588836913, 19.318020586036404 ] ] ] ] } },
{ "type": "Feature", "properties": { "id": 2037.0, "entidad": 9, "distrito_f": 8, "distrito_l": 30, "municipio": 3, "seccion": 399, "tipo": 2, "control": 35200.0, "SECCION_TX": "0399", "SECCION__1": null, "SECCION__2": null, "SECCION_N": "399", "ESTATUS": null, "ALCALDIA_N": "COYOACAN", "EN_OPERATI": null, "EN_OP": "NO", "SEC_N": "399", "EST": null, "ALC_N": "COYOACAN", "OP": "NO", "NOMBRE": "EL RELOJ" }, "geometry": { "type": "MultiPolygon", "coordinates": [ [ [ [ -99.142579115624088, 19.319033224308942 ], [ -99.142831233271764, 19.319100984739357 ], [ -99.143059409440042, 19.319162310185483 ], [ -99.143087575153572, 19.319169880080747 ], [ -99.143290109490863, 19.319225372878126 ], [ -99.14355060321563, 19.319296413937707 ], [ -99.143573138033659, 19.319302572098415 ], [ -99.145622765086017, 19.319656170825347 ], [ -99.145772242753551, 19.319710613363867 ], [ -99.145786273977308, 19.319737223665271 ], [ -99.145873874614423, 19.319786927215031 ], [ -99.145544030593214, 19.320387785007 ], [ -99.144842125744361, 19.320813175635163 ], [ -99.144732215339744, 19.320967596366771 ], [ -99.144698580532875, 19.321014852162588 ], [ -99.14501553336369, 19.321138638996267 ], [ -99.145475068683737, 19.321237286094519 ], [ -99.145281353301456, 19.322017080429632 ], [ -99.145260494302235, 19.322106209388863 ], [ -99.145273320790167, 19.322238917779639 ], [ -99.145663374424117, 19.322366104106401 ], [ -99.145404727820619, 19.323148870573942 ], [ -99.145382823659574, 19.323215160832195 ], [ -99.145407487365489, 19.323694438561621 ], [ -99.145363023513084, 19.323695079634774 ], [ -99.145314858780466, 19.323684361515532 ], [ -99.145199534979412, 19.323629717762721 ], [ -99.145007068875174, 19.323563920328517 ], [ -99.144799440231907, 19.323994264144979 ], [ -99.144679129697209, 19.323946829689053 ], [ -99.144672340558685, 19.323972666601716 ], [ -99.144630347789047, 19.324132475134636 ], [ -99.144494199551289, 19.324086480176803 ], [ -99.144336969359827, 19.324539801637286 ], [ -99.144182938234479, 19.324416475306784 ], [ -99.144070099854304, 19.32437686211362 ], [ -99.143376604775057, 19.324575801181833 ], [ -99.143328126306002, 19.324556450430421 ], [ -99.143071459703137, 19.324354144559702 ], [ -99.142609071816437, 19.324138599897914 ], [ -99.142441310714361, 19.323921801709812 ], [ -99.142387542497318, 19.323852316722004 ], [ -99.142179843708121, 19.323858786471437 ], [ -99.141867635285891, 19.323950878143133 ], [ -99.141840254574646, 19.324000101085694 ], [ -99.141625962656079, 19.324003495788364 ], [ -99.14136294140674, 19.323899494563637 ], [ -99.141258956895342, 19.323909814258492 ], [ -99.141084030491541, 19.323838266122987 ], [ -99.140888959492401, 19.323741739849982 ], [ -99.140779730490564, 19.323658227046074 ], [ -99.140758547004864, 19.323576247537204 ], [ -99.140788955757117, 19.32336692826069 ], [ -99.140833764789221, 19.323358124468104 ], [ -99.141040049534524, 19.3233085094781 ], [ -99.141349781035714, 19.32320692613213 ], [ -99.141449241799407, 19.323174305620768 ], [ -99.141482288282717, 19.323163467229616 ], [ -99.141614063791096, 19.323000563661623 ], [ -99.141770860134343, 19.32286320021932 ], [ -99.141896145569333, 19.322665571942615 ], [ -99.142021390550923, 19.322421465758687 ], [ -99.142102203658595, 19.322170849113686 ], [ -99.142128200491001, 19.322090227877759 ], [ -99.142127552846858, 19.322021376163242 ], [ -99.142144953575865, 19.321848699520775 ], [ -99.142204324088695, 19.32171412350985 ], [ -99.142247164268653, 19.321525349977534 ], [ -99.142302345687909, 19.321071581025898 ], [ -99.142406797388446, 19.321039844217047 ], [ -99.142475668900062, 19.320993362669654 ], [ -99.142568883110982, 19.320820240883261 ], [ -99.142778070557853, 19.320693011683225 ], [ -99.142941195792275, 19.320131205044255 ], [ -99.142796153983539, 19.320086672628836 ], [ -99.142581201930952, 19.320017391414041 ], [ -99.142506842949757, 19.319991745226204 ], [ -99.142465434849768, 19.319972531062323 ], [ -99.142429933566063, 19.319946094837288 ], [ -99.142402869795205, 19.31990842489035 ], [ -99.14238762867646, 19.319866736022831 ], [ -99.142380839647359, 19.319830654121805 ], [ -99.142384174089059, 19.319779327501468 ], [ -99.142579115624088, 19.319033224308942 ] ] ] ] } },
{ "type": "Feature", "properties": { "id": 2063.0, "entidad": 9, "distrito_f": 8, "distrito_l": 30, "municipio": 3, "seccion": 426, "tipo": 2, "control": 35191.0, "SECCION_TX": "0426", "SECCION__1": null, "SECCION__2": null, "SECCION_N": "426", "ESTATUS": null, "ALCALDIA_N": "COYOACAN", "EN_OPERATI": null, "EN_OP": "NO", "SEC_N": "426", "EST": null, "ALC_N": "COYOACAN", "OP": "NO", "NOMBRE": "EL RELOJ" }, "geometry": { "type": "MultiPolygon", "coordinates": [ [ [ [ -99.145977143035481, 19.319767930647288 ], [ -99.145873874614423, 19.319786927215031 ], [ -99.145786273977308, 19.319737223665271 ], [ -99.145772242753551, 19.319710613363867 ], [ -99.145622765086017, 19.319656170825347 ], [ -99.143573138033659, 19.319302572098415 ], [ -99.14355060321563, 19.319296413937707 ], [ -99.143290109490863, 19.319225372878126 ], [ -99.143087575153572, 19.319169880080747 ], [ -99.143122962195406, 19.319051555667574 ], [ -99.143392698441417, 19.31813552946026 ], [ -99.143174121316306, 19.318060838308146 ], [ -99.143342311593244, 19.317591855515683 ], [ -99.143051316165867, 19.31751068566836 ], [ -99.14306082848735, 19.31747938837368 ], [ -99.143268597297194, 19.316795787528097 ], [ -99.143436408507412, 19.316243650852467 ], [ -99.143519472408926, 19.316268976881961 ], [ -99.143663131882079, 19.315964321285819 ], [ -99.14380478983098, 19.315943202356586 ], [ -99.143983545405845, 19.315532232580949 ], [ -99.144021701905473, 19.315436825159157 ], [ -99.144003069342745, 19.315212800442833 ], [ -99.143832994027591, 19.31493788252563 ], [ -99.143854266989052, 19.314759401400234 ], [ -99.143884689480956, 19.314622361390406 ], [ -99.144491407719926, 19.314585018644358 ], [ -99.145074082023029, 19.314678805003318 ], [ -99.145672688243891, 19.314867765457375 ], [ -99.146278225520078, 19.315058848309747 ], [ -99.146809612504612, 19.315226530327244 ], [ -99.146323412784923, 19.316621513153933 ], [ -99.146304321097432, 19.316676289674881 ], [ -99.145996814184471, 19.317579711445564 ], [ -99.145967277545225, 19.31774144818468 ], [ -99.146142230728202, 19.317755306574906 ], [ -99.145779117949374, 19.318640779734288 ], [ -99.145758003186145, 19.318928885048788 ], [ -99.146173940734315, 19.319063898102453 ], [ -99.146216806702739, 19.319077554724451 ], [ -99.145977143035481, 19.319767930647288 ] ] ] ] } },
{ "type": "Feature", "properties": { "id": 2064.0, "entidad": 9, "distrito_f": 8, "distrito_l": 30, "municipio": 3, "seccion": 427, "tipo": 2, "control": 34860.0, "SECCION_TX": "0427", "SECCION__1": null, "SECCION__2": null, "SECCION_N": "427", "ESTATUS": null, "ALCALDIA_N": "COYOACAN", "EN_OPERATI": null, "EN_OP": "NO", "SEC_N": "427", "EST": null, "ALC_N": "COYOACAN", "OP": "NO", "NOMBRE": "EL RELOJ" }, "geometry": { "type": "MultiPolygon", "coordinates": [ [ [ [ -99.139311888155746, 19.316435842949886 ], [ -99.139417502536318, 19.316465810455721 ], [ -99.14000984754766, 19.316633883789969 ], [ -99.140452860655174, 19.316759583860591 ], [ -99.140876260399367, 19.316879717667447 ], [ -99.141273035457516, 19.316992296034361 ], [ -99.141658105782497, 19.317092497232604 ], [ -99.142058110256897, 19.315904795168013 ], [ -99.142093593594822, 19.315799436393711 ], [ -99.142109106287506, 19.31575337534191 ], [ -99.14229762968948, 19.315823012405339 ], [ -99.142540301173455, 19.315912650395237 ], [ -99.142742410377849, 19.315987305168406 ], [ -99.142972621552303, 19.316072339845299 ], [ -99.143012412372002, 19.316087037614167 ], [ -99.143184726137477, 19.316150686030959 ], [ -99.143205883152731, 19.316158500891177 ], [ -99.143436408507412, 19.316243650852467 ], [ -99.143268597297194, 19.316795787528097 ], [ -99.14306082848735, 19.31747938837368 ], [ -99.143051316165867, 19.31751068566836 ], [ -99.143342311593244, 19.317591855515683 ], [ -99.143174121316306, 19.318060838308146 ], [ -99.143392698441417, 19.31813552946026 ], [ -99.143122962195406, 19.319051555667574 ], [ -99.143087575153572, 19.319169880080747 ], [ -99.143059409440042, 19.319162310185483 ], [ -99.142831233271764, 19.319100984739357 ], [ -99.142579115624088, 19.319033224308942 ], [ -99.14102764069527, 19.31861919617187 ], [ -99.140118430577431, 19.318377083159188 ], [ -99.139042261917837, 19.318088797831759 ], [ -99.138999601509283, 19.318075632306417 ], [ -99.138958153379349, 19.318065434945545 ], [ -99.138890725229587, 19.318048911703279 ], [ -99.138784588836913, 19.318020586036404 ], [ -99.138977323923072, 19.31744184845849 ], [ -99.139003360708756, 19.317363608929668 ], [ -99.13902537982942, 19.317296917800917 ], [ -99.139311888155746, 19.316435842949886 ] ] ] ] } },
{ "type": "Feature", "properties": { "id": 2065.0, "entidad": 9, "distrito_f": 8, "distrito_l": 30, "municipio": 3, "seccion": 428, "tipo": 2, "control": 34856.0, "SECCION_TX": "0428", "SECCION__1": null, "SECCION__2": null, "SECCION_N": "428", "ESTATUS": null, "ALCALDIA_N": "COYOACAN", "EN_OPERATI": null, "EN_OP": "NO", "SEC_N": "428", "EST": null, "ALC_N": "COYOACAN", "OP": "NO", "NOMBRE": "EL RELOJ" }, "geometry": { "type": "MultiPolygon", "coordinates": [ [ [ [ -99.140531008469779, 19.31270016772373 ], [ -99.140657970218967, 19.312742912041859 ], [ -99.141806614754756, 19.31313554204192 ], [ -99.142137836857003, 19.313139421921345 ], [ -99.142329616436399, 19.313164097887213 ], [ -99.142491061150238, 19.313387400919911 ], [ -99.142509556283329, 19.31339650007634 ], [ -99.142794273124352, 19.313536573484289 ], [ -99.142845747732579, 19.313613165976118 ], [ -99.142869280003893, 19.313684945221642 ], [ -99.142856152210641, 19.313794802470127 ], [ -99.142823072438546, 19.313925815094894 ], [ -99.142980607173214, 19.31398901316831 ], [ -99.142924290730889, 19.314220013800334 ], [ -99.142858444386391, 19.314530775344757 ], [ -99.142863483538576, 19.314623356694717 ], [ -99.1428999498184, 19.314741021310393 ], [ -99.142929476492299, 19.314763594661116 ], [ -99.143025620188865, 19.314797415569068 ], [ -99.143198914733674, 19.314835366772726 ], [ -99.143478097802785, 19.314882986245454 ], [ -99.143802612236996, 19.31490461071072 ], [ -99.143832994027591, 19.31493788252563 ], [ -99.144003069342745, 19.315212800442833 ], [ -99.144021701905473, 19.315436825159157 ], [ -99.143983545405845, 19.315532232580949 ], [ -99.14380478983098, 19.315943202356586 ], [ -99.143663131882079, 19.315964321285819 ], [ -99.143519472408926, 19.316268976881961 ], [ -99.143436408507412, 19.316243650852467 ], [ -99.143205883152731, 19.316158500891177 ], [ -99.143184726137477, 19.316150686030959 ], [ -99.143012412372002, 19.316087037614167 ], [ -99.142972621552303, 19.316072339845299 ], [ -99.142742410377849, 19.315987305168406 ], [ -99.142540301173455, 19.315912650395237 ], [ -99.14229762968948, 19.315823012405339 ], [ -99.142109106287506, 19.31575337534191 ], [ -99.142093593594822, 19.315799436393711 ], [ -99.142058110256897, 19.315904795168013 ], [ -99.141658105782497, 19.317092497232604 ], [ -99.141273035457516, 19.316992296034361 ], [ -99.140876260399367, 19.316879717667447 ], [ -99.140452860655174, 19.316759583860591 ], [ -99.14000984754766, 19.316633883789969 ], [ -99.139417502536318, 19.316465810455721 ], [ -99.139311888155746, 19.316435842949886 ], [ -99.139819473442827, 19.314912375370827 ], [ -99.140315930231026, 19.313402591920006 ], [ -99.140531008469779, 19.31270016772373 ] ] ] ] } },
{ "type": "Feature", "properties": { "id": 2174.0, "entidad": 9, "distrito_f": 8, "distrito_l": 30, "municipio": 3, "seccion": 623, "tipo": 2, "control": 36448.0, "SECCION_TX": "0623", "SECCION__1": null, "SECCION__2": null, "SECCION_N": "623", "ESTATUS": null, "ALCALDIA_N": "COYOACAN", "EN_OPERATI": null, "EN_OP": "NO", "SEC_N": "623", "EST": null, "ALC_N": "COYOACAN", "OP": "NO", "NOMBRE": "EL RELOJ" }, "geometry": { "type": "MultiPolygon", "coordinates": [ [ [ [ -99.138677570672499, 19.318343723230594 ], [ -99.13840790704154, 19.31829258414886 ], [ -99.138356461375736, 19.318285762725221 ], [ -99.138294044752243, 19.318277637728741 ], [ -99.138252810216642, 19.318272270068803 ], [ -99.138175691768865, 19.318262231234218 ], [ -99.137602462362878, 19.318287859910839 ], [ -99.13722336067498, 19.31830480828252 ], [ -99.136676617954635, 19.318288475396596 ], [ -99.136165148151932, 19.318272114548847 ], [ -99.13617604688551, 19.317728231630735 ], [ -99.135652985570246, 19.317734166852688 ], [ -99.135097698236962, 19.317728750696084 ], [ -99.134524489376005, 19.317695687637769 ], [ -99.134593938428139, 19.316356171810334 ], [ -99.133999131676745, 19.31634852945027 ], [ -99.133635300641245, 19.316350575323245 ], [ -99.133565550460233, 19.31634615485553 ], [ -99.133595212985043, 19.31627371265677 ], [ -99.133614377435364, 19.316226908953727 ], [ -99.133672436976767, 19.31616747645424 ], [ -99.133723199082951, 19.315980431592941 ], [ -99.133730213603243, 19.315922192737229 ], [ -99.133807778985769, 19.315735171243926 ], [ -99.133826591648301, 19.315671739975134 ], [ -99.133898659208143, 19.315478481646398 ], [ -99.133982502902455, 19.315210158785483 ], [ -99.133996062452752, 19.314938641331874 ], [ -99.134003897092754, 19.314767030899716 ], [ -99.134012020392916, 19.314589097284038 ], [ -99.134065044084096, 19.313216629799854 ], [ -99.134967550111554, 19.313481435596746 ], [ -99.135450743753154, 19.313623208055755 ], [ -99.135760098789177, 19.313713974225863 ], [ -99.135984245035658, 19.313780869469763 ], [ -99.136205762117285, 19.313846979728467 ], [ -99.136244066880849, 19.313858374862349 ], [ -99.136282371649671, 19.313869769988234 ], [ -99.13948678416736, 19.314816303434949 ], [ -99.139819473442827, 19.314912375370827 ], [ -99.139311888155746, 19.316435842949886 ], [ -99.13902537982942, 19.317296917800917 ], [ -99.139003360708756, 19.317363608929668 ], [ -99.138977323923072, 19.31744184845849 ], [ -99.138784588836913, 19.318020586036404 ], [ -99.138726671455558, 19.318196402164798 ], [ -99.138677570672499, 19.318343723230594 ] ] ] ] } },
{ "type": "Feature", "properties": { "id": 2175.0, "entidad": 9, "distrito_f": 8, "distrito_l": 30, "municipio": 3, "seccion": 624, "tipo": 2, "control": 36444.0, "SECCION_TX": "0624", "SECCION__1": null, "SECCION__2": null, "SECCION_N": "624", "ESTATUS": null, "ALCALDIA_N": "COYOACAN", "EN_OPERATI": null, "EN_OP": "NO", "SEC_N": "624", "EST": null, "ALC_N": "COYOACAN", "OP": "NO", "NOMBRE": "EL RELOJ" }, "geometry": { "type": "MultiPolygon", "coordinates": [ [ [ [ -99.133469468814894, 19.316710159257674 ], [ -99.133369159750387, 19.316677826611109 ], [ -99.132899605293986, 19.316526474097113 ], [ -99.132156309155675, 19.316299561007241 ], [ -99.132164900562458, 19.316264701779815 ], [ -99.132219625750054, 19.316042656559858 ], [ -99.132315529358479, 19.315775033825876 ], [ -99.132375634128934, 19.315536360335347 ], [ -99.13246440467509, 19.315278092091205 ], [ -99.132553174944832, 19.315019823798224 ], [ -99.132640276389694, 19.314774307476096 ], [ -99.132699970687767, 19.314568253795674 ], [ -99.132708767519858, 19.314537888712596 ], [ -99.132787603114991, 19.314265761891299 ], [ -99.13287135003111, 19.314025029436472 ], [ -99.132952231574123, 19.313854467666328 ], [ -99.132971908119998, 19.313812974006222 ], [ -99.133062350477488, 19.313548328809759 ], [ -99.133156155341794, 19.313290056512965 ], [ -99.133252860631572, 19.313030579320465 ], [ -99.133261329299387, 19.313005292356841 ], [ -99.133276548728375, 19.312959706252819 ], [ -99.133069248764002, 19.312906539096176 ], [ -99.133198165032852, 19.312466797976054 ], [ -99.13267153892059, 19.312340228317364 ], [ -99.132515846946532, 19.312302808878908 ], [ -99.132228817643437, 19.312205353606913 ], [ -99.132033734491699, 19.311989607166659 ], [ -99.133939219797568, 19.310319073614121 ], [ -99.133979469671189, 19.310330306483433 ], [ -99.134015916603545, 19.310321872699006 ], [ -99.134076118901902, 19.310307941928322 ], [ -99.134122219603483, 19.310296963855521 ], [ -99.134284487337951, 19.310106657730714 ], [ -99.134506200381068, 19.309782662874742 ], [ -99.134695581690877, 19.309189799723036 ], [ -99.134824813999288, 19.30878523203636 ], [ -99.135052668241542, 19.309350483853834 ], [ -99.137543968883861, 19.310340678769855 ], [ -99.137641211946317, 19.310088736476821 ], [ -99.13838286656852, 19.30843892485532 ], [ -99.138407769654634, 19.308383527283066 ], [ -99.138435337838885, 19.308322201082209 ], [ -99.138489120810789, 19.308344036740365 ], [ -99.138675224496168, 19.30843015232529 ], [ -99.13883968991108, 19.308508069238215 ], [ -99.141018777108002, 19.309430579436114 ], [ -99.141284946934917, 19.309547436478908 ], [ -99.141508399416708, 19.309640036647224 ], [ -99.141592070308363, 19.309670522389759 ], [ -99.141219857359971, 19.31070623501645 ], [ -99.140930658680219, 19.311576684011687 ], [ -99.140658960964174, 19.312329802003227 ], [ -99.140531008469779, 19.31270016772373 ], [ -99.140315930231026, 19.313402591920006 ], [ -99.139819473442827, 19.314912375370827 ], [ -99.13948678416736, 19.314816303434949 ], [ -99.136282371649671, 19.313869769988234 ], [ -99.136244066880849, 19.313858374862349 ], [ -99.136205762117285, 19.313846979728467 ], [ -99.135984245035658, 19.313780869469763 ], [ -99.135760098789177, 19.313713974225863 ], [ -99.135450743753154, 19.313623208055755 ], [ -99.134967550111554, 19.313481435596746 ], [ -99.134065044084096, 19.313216629799854 ], [ -99.134012020392916, 19.314589097284038 ], [ -99.134003897092754, 19.314767030899716 ], [ -99.133996062452752, 19.314938641331874 ], [ -99.133982502902455, 19.315210158785483 ], [ -99.133898659208143, 19.315478481646398 ], [ -99.133826591648301, 19.315671739975134 ], [ -99.133807778985769, 19.315735171243926 ], [ -99.133730213603243, 19.315922192737229 ], [ -99.133723199082951, 19.315980431592941 ], [ -99.133672436976767, 19.31616747645424 ], [ -99.133614377435364, 19.316226908953727 ], [ -99.133595212985043, 19.31627371265677 ], [ -99.133565550460233, 19.31634615485553 ], [ -99.133542112189005, 19.316405387731983 ], [ -99.133522630993227, 19.316461015247768 ], [ -99.133497257853392, 19.316682263108877 ], [ -99.133469468814894, 19.316710159257674 ] ] ] ] } },
{ "type": "Feature", "properties": { "id": 4764.0, "entidad": 9, "distrito_f": 19, "distrito_l": 30, "municipio": 3, "seccion": 581, "tipo": 2, "control": 35982.0, "SECCION_TX": "0581", "SECCION__1": null, "SECCION__2": null, "SECCION_N": "581", "ESTATUS": null, "ALCALDIA_N": "COYOACAN", "EN_OPERATI": null, "EN_OP": "NO", "SEC_N": "581", "EST": null, "ALC_N": "COYOACAN", "OP": "NO", "NOMBRE": "CROC CULHUACAN SECC 6(CTM VI CULHUACAN)" }, "geometry": { "type": "MultiPolygon", "coordinates": [ [ [ [ -99.119522051734009, 19.332822473723393 ], [ -99.119529717406508, 19.332760585102513 ], [ -99.119597236403592, 19.332215470120804 ], [ -99.119668981907054, 19.331288410255297 ], [ -99.119673281405966, 19.331186583399543 ], [ -99.119770403229353, 19.3311989612796 ], [ -99.119818432515757, 19.331157584413965 ], [ -99.119921439297272, 19.330385410004101 ], [ -99.120338696784202, 19.330445878051535 ], [ -99.12038626256637, 19.330454642946229 ], [ -99.120406359063239, 19.330457619165919 ], [ -99.120606658234806, 19.329103152281302 ], [ -99.120683033125218, 19.329107540484916 ], [ -99.121255303310377, 19.32914041987415 ], [ -99.121814471535842, 19.329188826009528 ], [ -99.12184293446515, 19.329190659573559 ], [ -99.121972326265563, 19.32919899485546 ], [ -99.121977078609049, 19.329100404016046 ], [ -99.121981830947178, 19.329001813175484 ], [ -99.122509903619004, 19.329039556911432 ], [ -99.124282154996237, 19.329166216401173 ], [ -99.124261502475008, 19.329291467466614 ], [ -99.12423399291437, 19.329416699320422 ], [ -99.123977963088834, 19.330748254614761 ], [ -99.123872061920963, 19.331299017130199 ], [ -99.123778077003919, 19.331787803419111 ], [ -99.123740001927658, 19.331985819199833 ], [ -99.123721386142407, 19.332091187760039 ], [ -99.123177862945354, 19.332136509493054 ], [ -99.122581642509857, 19.332248223708035 ], [ -99.120972792579963, 19.332561831065522 ], [ -99.120657968952102, 19.332621011021377 ], [ -99.120060717841952, 19.332647338472967 ], [ -99.119522051734009, 19.332822473723393 ] ] ] ] } },
{ "type": "Feature", "properties": { "id": 2195.0, "entidad": 9, "distrito_f": 8, "distrito_l": 26, "municipio": 3, "seccion": 696, "tipo": 2, "control": 34355.0, "SECCION_TX": "0696", "SECCION__1": null, "SECCION__2": null, "SECCION_N": "696", "ESTATUS": null, "ALCALDIA_N": "COYOACAN", "EN_OPERATI": null, "EN_OP": "NO", "SEC_N": "696", "EST": null, "ALC_N": "COYOACAN", "OP": "NO", "NOMBRE": "GENERAL PEDRO MARIA ANAYA (GENERAL ANAYA)" }, "geometry": { "type": "MultiPolygon", "coordinates": [ [ [ [ -99.16346975593224, 19.358278932211292 ], [ -99.161859226070021, 19.358195211809818 ], [ -99.161843295407593, 19.358126668409888 ], [ -99.16182873841106, 19.358068142783907 ], [ -99.161817151700731, 19.358024772495881 ], [ -99.161800801282581, 19.357958538388697 ], [ -99.161564268253684, 19.356900416490095 ], [ -99.161385141817462, 19.356034553147541 ], [ -99.160052205563559, 19.356304806468742 ], [ -99.158732725648761, 19.356572321035998 ], [ -99.158533503153663, 19.355698555813895 ], [ -99.15833319106919, 19.354820001931301 ], [ -99.158319097379433, 19.354758187685693 ], [ -99.15813050723176, 19.35393103565821 ], [ -99.15806008277977, 19.353622153393626 ], [ -99.157921219241331, 19.353013093116626 ], [ -99.15926692869229, 19.352743406618277 ], [ -99.160595374498797, 19.352477169223565 ], [ -99.161924265898165, 19.35221083197813 ], [ -99.16284285548825, 19.352026721511034 ], [ -99.163702837552378, 19.351854353025757 ], [ -99.163640982377032, 19.352441788444438 ], [ -99.163604151650617, 19.352791566010946 ], [ -99.163504051653945, 19.353742197892743 ], [ -99.163404000859373, 19.354692351779605 ], [ -99.163465895556541, 19.355603986261773 ], [ -99.163477519446715, 19.356537072722109 ], [ -99.163484013276303, 19.357457394985452 ], [ -99.163474027717712, 19.358044644321957 ], [ -99.16347117928666, 19.358200867791219 ], [ -99.16346975593224, 19.358278932211292 ] ] ] ] } },
{ "type": "Feature", "properties": { "id": 2196.0, "entidad": 9, "distrito_f": 8, "distrito_l": 26, "municipio": 3, "seccion": 697, "tipo": 2, "control": 34356.0, "SECCION_TX": "0697", "SECCION__1": null, "SECCION__2": null, "SECCION_N": "697", "ESTATUS": null, "ALCALDIA_N": "COYOACAN", "EN_OPERATI": null, "EN_OP": "NO", "SEC_N": "697", "EST": null, "ALC_N": "COYOACAN", "OP": "NO", "NOMBRE": "GENERAL PEDRO MARIA ANAYA (GENERAL ANAYA)" }, "geometry": { "type": "MultiPolygon", "coordinates": [ [ [ [ -99.161859226070021, 19.358195211809818 ], [ -99.157142475782521, 19.357925019416406 ], [ -99.156697246124693, 19.357899508703948 ], [ -99.156707264322876, 19.357795695404317 ], [ -99.156708860274932, 19.357755132769178 ], [ -99.156710244267117, 19.357719957280338 ], [ -99.156711782628022, 19.357680858346264 ], [ -99.156562843428702, 19.35698761907139 ], [ -99.156379577555512, 19.356140974277956 ], [ -99.15618524279229, 19.355243166264916 ], [ -99.15580413081986, 19.355301377756042 ], [ -99.155828935718063, 19.355235268272786 ], [ -99.15617558023078, 19.354311392831345 ], [ -99.157251977253267, 19.354101968217638 ], [ -99.15813050723176, 19.35393103565821 ], [ -99.158319097379433, 19.354758187685693 ], [ -99.15833319106919, 19.354820001931301 ], [ -99.158533503153663, 19.355698555813895 ], [ -99.158732725648761, 19.356572321035998 ], [ -99.160052205563559, 19.356304806468742 ], [ -99.161385141817462, 19.356034553147541 ], [ -99.161564268253684, 19.356900416490095 ], [ -99.161800801282581, 19.357958538388697 ], [ -99.161817151700731, 19.358024772495881 ], [ -99.16182873841106, 19.358068142783907 ], [ -99.161843295407593, 19.358126668409888 ], [ -99.161859226070021, 19.358195211809818 ] ] ] ] } },
{ "type": "Feature", "properties": { "id": 2182.0, "entidad": 9, "distrito_f": 8, "distrito_l": 30, "municipio": 3, "seccion": 646, "tipo": 2, "control": 36034.0, "SECCION_TX": "0646", "SECCION__1": null, "SECCION__2": null, "SECCION_N": "646", "ESTATUS": null, "ALCALDIA_N": "COYOACAN", "EN_OPERATI": null, "EN_OP": "NO", "SEC_N": "646", "EST": null, "ALC_N": "COYOACAN", "OP": "NO", "NOMBRE": "VERGEL DE COYOACAN" }, "geometry": { "type": "MultiPolygon", "coordinates": [ [ [ [ -99.141592070308363, 19.309670522389759 ], [ -99.141508399416708, 19.309640036647224 ], [ -99.141284946934917, 19.309547436478908 ], [ -99.141018777108002, 19.309430579436114 ], [ -99.13883968991108, 19.308508069238215 ], [ -99.138675224496168, 19.30843015232529 ], [ -99.138489120810789, 19.308344036740365 ], [ -99.138435337838885, 19.308322201082209 ], [ -99.137610582619445, 19.307987351241582 ], [ -99.137518616595287, 19.307976499082841 ], [ -99.137443959182761, 19.307969741315855 ], [ -99.137108824315916, 19.308003267768562 ], [ -99.136197100605131, 19.308094472231524 ], [ -99.135852380582975, 19.308132788892078 ], [ -99.135166052422193, 19.308209074327429 ], [ -99.134810939651516, 19.308251446405308 ], [ -99.135198655497859, 19.307759399400428 ], [ -99.135483110895152, 19.307386376741235 ], [ -99.135956232557689, 19.306802617246003 ], [ -99.136461582283616, 19.306256013057272 ], [ -99.137051404799209, 19.305664653618788 ], [ -99.137145566075645, 19.306002032046667 ], [ -99.137384614263652, 19.306064882865961 ], [ -99.137883133642916, 19.3062291477078 ], [ -99.1382039634005, 19.306348432511204 ], [ -99.138629731618707, 19.306498941881255 ], [ -99.138992536739167, 19.306629576969264 ], [ -99.139420688957259, 19.306054380434968 ], [ -99.139435688352094, 19.306068598433935 ], [ -99.140125513048915, 19.306546179888723 ], [ -99.140269224502774, 19.306349703028879 ], [ -99.14049415683327, 19.306022144517161 ], [ -99.140611954116508, 19.305850601169794 ], [ -99.140819546003357, 19.305987472982892 ], [ -99.141651544179908, 19.30652524186722 ], [ -99.141670967689663, 19.306537796325042 ], [ -99.142125939300769, 19.306839788329118 ], [ -99.141914888431387, 19.307445679329689 ], [ -99.141932638506077, 19.307455193294341 ], [ -99.142126885849066, 19.307559308859609 ], [ -99.141997824225939, 19.307981810030164 ], [ -99.142056428660737, 19.308013047648817 ], [ -99.142126462563169, 19.308050377416944 ], [ -99.142215261637986, 19.308093346819046 ], [ -99.142402501971389, 19.308183951208555 ], [ -99.14201580537204, 19.308743303893781 ], [ -99.141932219605991, 19.30889009726933 ], [ -99.141862192935761, 19.309013077920792 ], [ -99.141770416183689, 19.30917425568876 ], [ -99.141592070308363, 19.309670522389759 ] ] ] ] } },
{ "type": "Feature", "properties": { "id": 2187.0, "entidad": 9, "distrito_f": 8, "distrito_l": 30, "municipio": 3, "seccion": 678, "tipo": 2, "control": 36690.0, "SECCION_TX": "0678", "SECCION__1": null, "SECCION__2": null, "SECCION_N": "678", "ESTATUS": null, "ALCALDIA_N": "COYOACAN", "EN_OPERATI": null, "EN_OP": "NO", "SEC_N": "678", "EST": null, "ALC_N": "COYOACAN", "OP": "NO", "NOMBRE": "VERGEL DE COYOACAN" }, "geometry": { "type": "MultiPolygon", "coordinates": [ [ [ [ -99.138992536739167, 19.306629576969264 ], [ -99.138629731618707, 19.306498941881255 ], [ -99.1382039634005, 19.306348432511204 ], [ -99.137883133642916, 19.3062291477078 ], [ -99.137384614263652, 19.306064882865961 ], [ -99.137145566075645, 19.306002032046667 ], [ -99.137051404799209, 19.305664653618788 ], [ -99.137931027115499, 19.304687580528007 ], [ -99.138140979979795, 19.304454365256053 ], [ -99.138268222946792, 19.304290912656406 ], [ -99.138444405013942, 19.304122663783954 ], [ -99.138710598293457, 19.303851441370043 ], [ -99.13902757455952, 19.303484056699091 ], [ -99.139399042903506, 19.303069560181928 ], [ -99.139647146183265, 19.302779544034994 ], [ -99.140355829205674, 19.303272138336133 ], [ -99.140746229318694, 19.303532465214683 ], [ -99.141097281454435, 19.303766200502217 ], [ -99.140610768518997, 19.304463154555012 ], [ -99.140827662514923, 19.304598757925028 ], [ -99.141326784485159, 19.304910810001488 ], [ -99.14124686029254, 19.305029126560733 ], [ -99.141161620184548, 19.305159308031993 ], [ -99.140930333580485, 19.305442114932607 ], [ -99.140915067036019, 19.305461702226378 ], [ -99.140611954116508, 19.305850601169794 ], [ -99.14049415683327, 19.306022144517161 ], [ -99.140269224502774, 19.306349703028879 ], [ -99.140125513048915, 19.306546179888723 ], [ -99.139435688352094, 19.306068598433935 ], [ -99.139420688957259, 19.306054380434968 ], [ -99.138992536739167, 19.306629576969264 ] ] ] ] } },
{ "type": "Feature", "properties": { "id": 4793.0, "entidad": 9, "distrito_f": 19, "distrito_l": 30, "municipio": 3, "seccion": 617, "tipo": 2, "control": 35705.0, "SECCION_TX": "0617", "SECCION__1": null, "SECCION__2": null, "SECCION_N": "617", "ESTATUS": null, "ALCALDIA_N": "COYOACAN", "EN_OPERATI": null, "EN_OP": "NO", "SEC_N": "617", "EST": null, "ALC_N": "COYOACAN", "OP": "NO", "NOMBRE": "CARMEN SERDAN" }, "geometry": { "type": "MultiPolygon", "coordinates": [ [ [ [ -99.107789356826558, 19.321638748411793 ], [ -99.107733495537104, 19.321313397720075 ], [ -99.107688958992867, 19.321054004334481 ], [ -99.107639591572365, 19.320766473570963 ], [ -99.108637378688343, 19.320620796585676 ], [ -99.108627874566423, 19.32056803334568 ], [ -99.10859197657409, 19.320368741142403 ], [ -99.108545908046196, 19.320112985200527 ], [ -99.108497478945665, 19.319844123314901 ], [ -99.108449447278829, 19.319577466943283 ], [ -99.108776919484754, 19.319520989933064 ], [ -99.10900176199209, 19.31948469120033 ], [ -99.109082642633751, 19.319469653019745 ], [ -99.109414684689696, 19.319424247993325 ], [ -99.109580400789199, 19.319396165498862 ], [ -99.109628928586872, 19.319682498687232 ], [ -99.109673249123659, 19.319944006468631 ], [ -99.109710879411097, 19.320166038592518 ], [ -99.109747495926356, 19.320382088501152 ], [ -99.109762659069048, 19.320471556033709 ], [ -99.109786784415078, 19.320616254912306 ], [ -99.10920320158651, 19.320692667898594 ], [ -99.109255254471748, 19.320918600969691 ], [ -99.109327019141105, 19.321353243802079 ], [ -99.109156864241328, 19.321384837906514 ], [ -99.108782986020529, 19.321454258448913 ], [ -99.107789356826558, 19.321638748411793 ] ] ] ] } },
{ "type": "Feature", "properties": { "id": 4791.0, "entidad": 9, "distrito_f": 19, "distrito_l": 30, "municipio": 3, "seccion": 615, "tipo": 2, "control": 36897.0, "SECCION_TX": "0615", "SECCION__1": null, "SECCION__2": null, "SECCION_N": "615", "ESTATUS": null, "ALCALDIA_N": "COYOACAN", "EN_OPERATI": null, "EN_OP": "NO", "SEC_N": "615", "EST": null, "ALC_N": "COYOACAN", "OP": "NO", "NOMBRE": "CARMEN SERDAN" }, "geometry": { "type": "MultiPolygon", "coordinates": [ [ [ [ -99.102920009914143, 19.322493360469124 ], [ -99.102945110823768, 19.322363882679735 ], [ -99.102960921762886, 19.322291029690597 ], [ -99.103073487920341, 19.321734266917424 ], [ -99.103301193126867, 19.320608003913037 ], [ -99.103334311792864, 19.320444192879918 ], [ -99.103364657058208, 19.320294100927295 ], [ -99.10348487891099, 19.320388440459261 ], [ -99.103629944766297, 19.320455230222642 ], [ -99.10387768619168, 19.320521097176726 ], [ -99.104210212538334, 19.320609505264471 ], [ -99.104338609258306, 19.320643641645027 ], [ -99.105308713423042, 19.320818578046588 ], [ -99.105712809206437, 19.320891445970702 ], [ -99.105578048360272, 19.321494380000619 ], [ -99.105508532299865, 19.321805400316439 ], [ -99.105458001556045, 19.322031478081545 ], [ -99.103087722128294, 19.322462840136193 ], [ -99.102920009914143, 19.322493360469124 ] ] ] ] } },
{ "type": "Feature", "properties": { "id": 4843.0, "entidad": 9, "distrito_f": 19, "distrito_l": 30, "municipio": 3, "seccion": 685, "tipo": 2, "control": 35701.0, "SECCION_TX": "0685", "SECCION__1": null, "SECCION__2": null, "SECCION_N": "685", "ESTATUS": null, "ALCALDIA_N": "COYOACAN", "EN_OPERATI": null, "EN_OP": "NO", "SEC_N": "685", "EST": null, "ALC_N": "COYOACAN", "OP": "NO", "NOMBRE": "CARMEN SERDAN" }, "geometry": { "type": "MultiPolygon", "coordinates": [ [ [ [ -99.105458001556045, 19.322031478081545 ], [ -99.105508532299865, 19.321805400316439 ], [ -99.105578048360272, 19.321494380000619 ], [ -99.105712809206437, 19.320891445970702 ], [ -99.10573246496304, 19.320803086679248 ], [ -99.105756540203927, 19.320694860175102 ], [ -99.105922273017356, 19.320712857863828 ], [ -99.106278894361267, 19.32070905328861 ], [ -99.107598694055739, 19.320519711125485 ], [ -99.107639591572365, 19.320766473570963 ], [ -99.107688958992867, 19.321054004334481 ], [ -99.107733495537104, 19.321313397720075 ], [ -99.107789356826558, 19.321638748411793 ], [ -99.106491072927327, 19.321857455410697 ], [ -99.106140084561929, 19.321916580709225 ], [ -99.105458001556045, 19.322031478081545 ] ] ] ] } },
{ "type": "Feature", "properties": { "id": 4754.0, "entidad": 9, "distrito_f": 19, "distrito_l": 30, "municipio": 3, "seccion": 572, "tipo": 2, "control": 36641.0, "SECCION_TX": "0572", "SECCION__1": null, "SECCION__2": null, "SECCION_N": "572", "ESTATUS": null, "ALCALDIA_N": "COYOACAN", "EN_OPERATI": null, "EN_OP": "NO", "SEC_N": "572", "EST": null, "ALC_N": "COYOACAN", "OP": "NO", "NOMBRE": "INFONAVIT CULHUACAN ZONA 1(CTM I CULHUACAN)" }, "geometry": { "type": "MultiPolygon", "coordinates": [ [ [ [ -99.11961494444374, 19.334104418929225 ], [ -99.119321763297933, 19.334039407404678 ], [ -99.118929868721253, 19.33396135633792 ], [ -99.118682383435868, 19.333949282122628 ], [ -99.118540605361758, 19.333956715655273 ], [ -99.118333405490887, 19.333962533724943 ], [ -99.117898831847995, 19.333876902139043 ], [ -99.118147625537162, 19.332763608472014 ], [ -99.117862114869325, 19.33268475910387 ], [ -99.117675636136539, 19.332633259062977 ], [ -99.117624605236344, 19.332619165763099 ], [ -99.117361547894447, 19.332546516455245 ], [ -99.117299181577678, 19.332529292503672 ], [ -99.117107028629391, 19.332476224709275 ], [ -99.11712394533113, 19.332326887014847 ], [ -99.117150470710584, 19.331794833846132 ], [ -99.117188270147764, 19.331258272312489 ], [ -99.1171938833361, 19.331131220721339 ], [ -99.117342132609707, 19.331141820136608 ], [ -99.11749038190176, 19.331152419431319 ], [ -99.117618197142889, 19.331160128597762 ], [ -99.117853296204075, 19.331178365992336 ], [ -99.117963777869349, 19.331185786322713 ], [ -99.118658247767499, 19.331232427771834 ], [ -99.118792500529693, 19.331227187272791 ], [ -99.118951789523422, 19.331218188333587 ], [ -99.119200077165516, 19.331182445817387 ], [ -99.119453059555056, 19.3311600425269 ], [ -99.119673281405966, 19.331186583399543 ], [ -99.119668981907054, 19.331288410255297 ], [ -99.119597236403592, 19.332215470120804 ], [ -99.119529717406508, 19.332760585102513 ], [ -99.119522051734009, 19.332822473723393 ], [ -99.120060717841952, 19.332647338472967 ], [ -99.119967872640473, 19.333146685849091 ], [ -99.119903309550693, 19.333429925896674 ], [ -99.119857490974255, 19.333558403091846 ], [ -99.11961494444374, 19.334104418929225 ] ] ] ] } },
{ "type": "Feature", "properties": { "id": 4761.0, "entidad": 9, "distrito_f": 19, "distrito_l": 30, "municipio": 3, "seccion": 579, "tipo": 2, "control": 36644.0, "SECCION_TX": "0579", "SECCION__1": null, "SECCION__2": null, "SECCION_N": "579", "ESTATUS": null, "ALCALDIA_N": "COYOACAN", "EN_OPERATI": null, "EN_OP": "NO", "SEC_N": "579", "EST": null, "ALC_N": "COYOACAN", "OP": "NO", "NOMBRE": "INFONAVIT CULHUACAN ZONA 2(CTM II CULHUACAN)" }, "geometry": { "type": "MultiPolygon", "coordinates": [ [ [ [ -99.118658247767499, 19.331232427771834 ], [ -99.117963777869349, 19.331185786322713 ], [ -99.117853296204075, 19.331178365992336 ], [ -99.117618197142889, 19.331160128597762 ], [ -99.11749038190176, 19.331152419431319 ], [ -99.117342132609707, 19.331141820136608 ], [ -99.1171938833361, 19.331131220721339 ], [ -99.11699370516321, 19.331116621808615 ], [ -99.117068833338266, 19.330083098084177 ], [ -99.117098503913695, 19.329568886681045 ], [ -99.11714945404124, 19.328792953772503 ], [ -99.118199552712355, 19.328879341048079 ], [ -99.118842377506994, 19.328932220555277 ], [ -99.118842681116774, 19.328974461103705 ], [ -99.118842984726797, 19.32901670165203 ], [ -99.118819878320309, 19.329265324323032 ], [ -99.118808451858072, 19.329388271665099 ], [ -99.118782262146027, 19.329670069096142 ], [ -99.118768071747141, 19.32983956861057 ], [ -99.118693566010194, 19.330471168784502 ], [ -99.1188763057079, 19.330497735021282 ], [ -99.118801132896337, 19.331151499510302 ], [ -99.118792500529693, 19.331227187272791 ], [ -99.118658247767499, 19.331232427771834 ] ] ] ] } },
{ "type": "Feature", "properties": { "id": 2234.0, "entidad": 9, "distrito_f": 8, "distrito_l": 26, "municipio": 3, "seccion": 737, "tipo": 2, "control": 34704.0, "SECCION_TX": "0737", "SECCION__1": null, "SECCION__2": null, "SECCION_N": "737", "ESTATUS": null, "ALCALDIA_N": "COYOACAN", "EN_OPERATI": null, "EN_OP": "NO", "SEC_N": "737", "EST": null, "ALC_N": "COYOACAN", "OP": "NO", "NOMBRE": "TORRES DE CHIMALISTAC" }, "geometry": { "type": "MultiPolygon", "coordinates": [ [ [ [ -99.185100922266344, 19.339823833409124 ], [ -99.184765472503244, 19.339740917866401 ], [ -99.184022113065808, 19.339369467035414 ], [ -99.183701442887426, 19.33937613332915 ], [ -99.183416290487983, 19.339381692971077 ], [ -99.183059845074311, 19.339388641991576 ], [ -99.182713937811101, 19.339395384900406 ], [ -99.182297976529895, 19.339403492530391 ], [ -99.182242867351306, 19.339404566609154 ], [ -99.182254674927037, 19.339371784950391 ], [ -99.182313992720694, 19.339228463758644 ], [ -99.182560473016323, 19.338632925419244 ], [ -99.18290780622101, 19.33816774174776 ], [ -99.183419625674844, 19.337759798889799 ], [ -99.184070683632768, 19.337540782448603 ], [ -99.184129619831012, 19.337518603420218 ], [ -99.184370884590777, 19.337532587129814 ], [ -99.184401355488816, 19.337541825578832 ], [ -99.184509440891432, 19.337574595862257 ], [ -99.185188699766954, 19.337780537771685 ], [ -99.185794352454479, 19.337860125030236 ], [ -99.185772938529354, 19.337957693913019 ], [ -99.185644012947819, 19.338545118775464 ], [ -99.185563359689937, 19.339084987837253 ], [ -99.185915380353507, 19.339191239146135 ], [ -99.1858538788114, 19.339553709889451 ], [ -99.185177815157161, 19.339382988788138 ], [ -99.185114367203383, 19.339746750664013 ], [ -99.185107724061453, 19.339784837248995 ], [ -99.185100922266344, 19.339823833409124 ] ] ] ] } },
{ "type": "Feature", "properties": { "id": 2023.0, "entidad": 9, "distrito_f": 8, "distrito_l": 26, "municipio": 3, "seccion": 386, "tipo": 2, "control": 35328.0, "SECCION_TX": "0386", "SECCION__1": null, "SECCION__2": null, "SECCION_N": "386", "ESTATUS": null, "ALCALDIA_N": "COYOACAN", "EN_OPERATI": null, "EN_OP": "NO", "SEC_N": "386", "EST": null, "ALC_N": "COYOACAN", "OP": "NO", "NOMBRE": "COPILCO EL ALTO" }, "geometry": { "type": "MultiPolygon", "coordinates": [ [ [ [ -99.174183800118101, 19.332674851997094 ], [ -99.174164080765308, 19.332719657834726 ], [ -99.17393743146711, 19.332702206769255 ], [ -99.173852784390917, 19.332711605213625 ], [ -99.173768137304705, 19.332721003618676 ], [ -99.173355216461147, 19.332766849832332 ], [ -99.172844172989159, 19.332823589179867 ], [ -99.172614351972015, 19.331107466693314 ], [ -99.172592646930781, 19.33094538858256 ], [ -99.17241946072464, 19.329652142752177 ], [ -99.172501017901752, 19.329679663550174 ], [ -99.173364413377641, 19.329576349588251 ], [ -99.173397908104164, 19.329815948418418 ], [ -99.173432706801847, 19.330052988020753 ], [ -99.173497032132914, 19.330491153417931 ], [ -99.17354142616324, 19.330484626672007 ], [ -99.173587654005189, 19.330477761936493 ], [ -99.173619095523236, 19.330473207808033 ], [ -99.173667705340748, 19.330466061228496 ], [ -99.174135204316187, 19.330399793408571 ], [ -99.174487763068427, 19.330296185259861 ], [ -99.174582522641003, 19.330634252364575 ], [ -99.174661368169126, 19.330743612697745 ], [ -99.174821749189718, 19.330847556505454 ], [ -99.175131323976629, 19.331056752460945 ], [ -99.175053963817646, 19.331485273764009 ], [ -99.175032706612683, 19.331603023456086 ], [ -99.174932426748413, 19.33177184133207 ], [ -99.174376541157855, 19.332249195827707 ], [ -99.174183800118101, 19.332674851997094 ] ] ] ] } },
{ "type": "Feature", "properties": { "id": 2024.0, "entidad": 9, "distrito_f": 8, "distrito_l": 26, "municipio": 3, "seccion": 387, "tipo": 2, "control": 35038.0, "SECCION_TX": "0387", "SECCION__1": null, "SECCION__2": null, "SECCION_N": "387", "ESTATUS": null, "ALCALDIA_N": "COYOACAN", "EN_OPERATI": null, "EN_OP": "NO", "SEC_N": "387", "EST": null, "ALC_N": "COYOACAN", "OP": "NO", "NOMBRE": "COPILCO EL ALTO" }, "geometry": { "type": "MultiPolygon", "coordinates": [ [ [ [ -99.17607259969698, 19.329918501493097 ], [ -99.175773070345286, 19.330208523711867 ], [ -99.175958681701402, 19.330347723455777 ], [ -99.176139763958886, 19.330539065295888 ], [ -99.176159827217006, 19.330560265239569 ], [ -99.176222104353812, 19.330985677041625 ], [ -99.175685022705167, 19.330975191731291 ], [ -99.175147941111248, 19.330964704838465 ], [ -99.175131323976629, 19.331056752460945 ], [ -99.174821749189718, 19.330847556505454 ], [ -99.174661368169126, 19.330743612697745 ], [ -99.174582522641003, 19.330634252364575 ], [ -99.174487763068427, 19.330296185259861 ], [ -99.174135204316187, 19.330399793408571 ], [ -99.173667705340748, 19.330466061228496 ], [ -99.173619095523236, 19.330473207808033 ], [ -99.173587654005189, 19.330477761936493 ], [ -99.17354142616324, 19.330484626672007 ], [ -99.173497032132914, 19.330491153417931 ], [ -99.173432706801847, 19.330052988020753 ], [ -99.173397908104164, 19.329815948418418 ], [ -99.173364413377641, 19.329576349588251 ], [ -99.173344320201096, 19.32941832588838 ], [ -99.173297944780032, 19.329167092722418 ], [ -99.173295691703643, 19.328873829498797 ], [ -99.173351422251784, 19.328395995528449 ], [ -99.173393651547528, 19.328446669565654 ], [ -99.173430237709525, 19.32847866478609 ], [ -99.173496570134063, 19.328493940647373 ], [ -99.173570812457541, 19.328467854368967 ], [ -99.173621358563338, 19.328406415396156 ], [ -99.173649300890006, 19.328240900395897 ], [ -99.173890148254529, 19.327333153847 ], [ -99.174004399340333, 19.326361467701634 ], [ -99.174085825094409, 19.326254623267037 ], [ -99.174178559695733, 19.326206489696467 ], [ -99.174321918649596, 19.32617165353841 ], [ -99.174504694911079, 19.326187493751906 ], [ -99.174636869449472, 19.326211389747947 ], [ -99.174742460750267, 19.326355423686003 ], [ -99.174752352728589, 19.326403459233553 ], [ -99.174812772232485, 19.327695278592081 ], [ -99.174936506497346, 19.328431513779851 ], [ -99.175045833223791, 19.32869595090197 ], [ -99.175100777864131, 19.328832067644875 ], [ -99.175332787475838, 19.32909824854125 ], [ -99.175810076853224, 19.329562453405163 ], [ -99.17607259969698, 19.329918501493097 ] ] ] ] } },
{ "type": "Feature", "properties": { "id": 2219.0, "entidad": 9, "distrito_f": 8, "distrito_l": 26, "municipio": 3, "seccion": 722, "tipo": 2, "control": 35399.0, "SECCION_TX": "0722", "SECCION__1": null, "SECCION__2": null, "SECCION_N": "722", "ESTATUS": null, "ALCALDIA_N": "COYOACAN", "EN_OPERATI": null, "EN_OP": "NO", "SEC_N": "722", "EST": null, "ALC_N": "COYOACAN", "OP": "NO", "NOMBRE": "SANTA CATARINA" }, "geometry": { "type": "MultiPolygon", "coordinates": [ [ [ [ -99.167784253365582, 19.345175648794413 ], [ -99.166389492943793, 19.345004713750452 ], [ -99.166446037888818, 19.344961241968146 ], [ -99.166456210094168, 19.344922075737355 ], [ -99.166482826055812, 19.344819595716363 ], [ -99.166570975312609, 19.344480550301604 ], [ -99.166584667822136, 19.344427885150925 ], [ -99.166805150513895, 19.343578805544972 ], [ -99.167143011198945, 19.342277685461639 ], [ -99.167171352457714, 19.342168540756731 ], [ -99.167231999930422, 19.341934981453875 ], [ -99.166950729163773, 19.341868508379388 ], [ -99.166894627057005, 19.341850814357763 ], [ -99.166800036384245, 19.341820981394452 ], [ -99.166669410243685, 19.341754369948493 ], [ -99.166609094507223, 19.341697227139274 ], [ -99.166518611314544, 19.341601979902382 ], [ -99.166476519701362, 19.341538189691853 ], [ -99.166418027326429, 19.341449543882483 ], [ -99.166377720379856, 19.341316118774841 ], [ -99.166367503616542, 19.341144534216955 ], [ -99.166397477806925, 19.34099197895392 ], [ -99.166439994913546, 19.340686990741879 ], [ -99.166599163007902, 19.340511709777243 ], [ -99.167505514420128, 19.340548281146955 ], [ -99.168224967442256, 19.340584838840343 ], [ -99.168927763883246, 19.340620547400864 ], [ -99.168884387597103, 19.341495001976046 ], [ -99.168643865641783, 19.34166473797621 ], [ -99.168570179531727, 19.341738507571151 ], [ -99.168496493355491, 19.341812277136118 ], [ -99.168372421592906, 19.341967164794088 ], [ -99.168298730170704, 19.342057697911109 ], [ -99.168186309736839, 19.342195811053408 ], [ -99.168134083894302, 19.342330060666384 ], [ -99.168108869239077, 19.342394876343295 ], [ -99.168078743148854, 19.342624803391111 ], [ -99.168036075382673, 19.34295044939341 ], [ -99.167954676751137, 19.343571690926428 ], [ -99.167921776987043, 19.343822783513797 ], [ -99.167812373474746, 19.344657750962703 ], [ -99.167777427071172, 19.344924460102902 ], [ -99.167803920998551, 19.344995230170177 ], [ -99.167794326025614, 19.345083227295159 ], [ -99.167784253365582, 19.345175648794413 ] ] ] ] } },
{ "type": "Feature", "properties": { "id": 2239.0, "entidad": 9, "distrito_f": 8, "distrito_l": 26, "municipio": 3, "seccion": 743, "tipo": 2, "control": 34555.0, "SECCION_TX": "0743", "SECCION__1": null, "SECCION__2": null, "SECCION_N": "743", "ESTATUS": null, "ALCALDIA_N": "COYOACAN", "EN_OPERATI": null, "EN_OP": "NO", "SEC_N": "743", "EST": null, "ALC_N": "COYOACAN", "OP": "NO", "NOMBRE": "SANTA CATARINA" }, "geometry": { "type": "MultiPolygon", "coordinates": [ [ [ [ -99.180619933427423, 19.346724116150337 ], [ -99.180489985233351, 19.346767444324659 ], [ -99.180412127538972, 19.346829243309504 ], [ -99.179670639239063, 19.346600484376903 ], [ -99.178813791862922, 19.346352180269051 ], [ -99.178729770997421, 19.346338363442474 ], [ -99.177834399815325, 19.346191121409145 ], [ -99.177811965422777, 19.34618743205731 ], [ -99.176792313457909, 19.346065157208212 ], [ -99.176639676168051, 19.346046852708682 ], [ -99.176920016981967, 19.344085554243609 ], [ -99.177008982858297, 19.343362425030808 ], [ -99.177130231579469, 19.343377533074701 ], [ -99.177671250583771, 19.343447200328114 ], [ -99.178184922488938, 19.343513344540227 ], [ -99.178234355608438, 19.343478253209724 ], [ -99.179325624523258, 19.342685089514827 ], [ -99.179397877134491, 19.342605365835968 ], [ -99.179454141430838, 19.34245836518334 ], [ -99.179517217871265, 19.342138550522382 ], [ -99.179555916256703, 19.341917805858774 ], [ -99.179571453846421, 19.341717755385247 ], [ -99.179604306604944, 19.34171771101704 ], [ -99.179684330826788, 19.341893209461514 ], [ -99.179764037849111, 19.342068011850717 ], [ -99.179993812308766, 19.342571919014265 ], [ -99.179771902031661, 19.342844977927893 ], [ -99.179691179323257, 19.343394848140321 ], [ -99.179684501382383, 19.343440337045372 ], [ -99.181221884370515, 19.343665585347807 ], [ -99.180619933427423, 19.346724116150337 ] ] ] ] } },
{ "type": "Feature", "properties": { "id": 2155.0, "entidad": 9, "distrito_f": 8, "distrito_l": 30, "municipio": 3, "seccion": 524, "tipo": 2, "control": 35852.0, "SECCION_TX": "0524", "SECCION__1": null, "SECCION__2": null, "SECCION_N": "524", "ESTATUS": null, "ALCALDIA_N": "COYOACAN", "EN_OPERATI": null, "EN_OP": "NO", "SEC_N": "524", "EST": null, "ALC_N": "COYOACAN", "OP": "NO", "NOMBRE": "SAN DIEGO CHURUBUSCO" }, "geometry": { "type": "MultiPolygon", "coordinates": [ [ [ [ -99.143096954313606, 19.356822551020009 ], [ -99.140213390510141, 19.35664350522767 ], [ -99.135821171775092, 19.356355594549878 ], [ -99.134603716607344, 19.356253595629898 ], [ -99.134397186787851, 19.356236291651861 ], [ -99.134460548580435, 19.355914570111285 ], [ -99.134741521730803, 19.354825684824331 ], [ -99.134840916197632, 19.354440487273582 ], [ -99.135010994108342, 19.353786778065093 ], [ -99.135099312637024, 19.353926323705632 ], [ -99.135133091584237, 19.354231268440039 ], [ -99.135306073091712, 19.354446445299526 ], [ -99.140871491360528, 19.355411257676867 ], [ -99.141020539951853, 19.35461969550148 ], [ -99.141031403916358, 19.354583482210959 ], [ -99.141069606204766, 19.354458915562688 ], [ -99.141076189421142, 19.354431910542523 ], [ -99.141449324877613, 19.352901256282635 ], [ -99.141483094871973, 19.352762725565711 ], [ -99.142684212264328, 19.353007365442227 ], [ -99.14287869888409, 19.352108309542711 ], [ -99.143019453734667, 19.352132446646209 ], [ -99.143588958273682, 19.352230105967834 ], [ -99.143382696337454, 19.353134284911818 ], [ -99.143985839189313, 19.353249267789668 ], [ -99.143960086858044, 19.35339668212157 ], [ -99.143638557680788, 19.35493290389747 ], [ -99.144287611145842, 19.355085066257875 ], [ -99.144425008550371, 19.355117609776993 ], [ -99.144090282614144, 19.356310194129463 ], [ -99.144000588498358, 19.356356458541679 ], [ -99.143096954313606, 19.356822551020009 ] ] ] ] } },
{ "type": "Feature", "properties": { "id": 2156.0, "entidad": 9, "distrito_f": 8, "distrito_l": 30, "municipio": 3, "seccion": 525, "tipo": 2, "control": 35750.0, "SECCION_TX": "0525", "SECCION__1": null, "SECCION__2": null, "SECCION_N": "525", "ESTATUS": null, "ALCALDIA_N": "COYOACAN", "EN_OPERATI": null, "EN_OP": "NO", "SEC_N": "525", "EST": null, "ALC_N": "COYOACAN", "OP": "NO", "NOMBRE": "SAN DIEGO CHURUBUSCO" }, "geometry": { "type": "MultiPolygon", "coordinates": [ [ [ [ -99.144425008550385, 19.355117609776993 ], [ -99.144287611145842, 19.355085066257875 ], [ -99.143638557680788, 19.35493290389747 ], [ -99.143960086858044, 19.35339668212157 ], [ -99.143985839189313, 19.353249267789668 ], [ -99.143382696337454, 19.353134284911818 ], [ -99.143588958273682, 19.352230105967834 ], [ -99.143613960013596, 19.352107983638753 ], [ -99.144006355505596, 19.350191475484046 ], [ -99.144583691689832, 19.350296001110259 ], [ -99.145018586383543, 19.350398831270027 ], [ -99.145229923098725, 19.350588280323016 ], [ -99.14537519391439, 19.350899298616966 ], [ -99.145435232704202, 19.350978758440277 ], [ -99.145536906300592, 19.351114541374006 ], [ -99.145481236973978, 19.351424026239837 ], [ -99.145416512024681, 19.351783852944166 ], [ -99.145299463506348, 19.352307316605376 ], [ -99.144999964728072, 19.353261715954673 ], [ -99.144932850251024, 19.353477318466947 ], [ -99.144870483591035, 19.353677084247035 ], [ -99.144665547599914, 19.354339785756327 ], [ -99.144425008550385, 19.355117609776993 ] ] ] ] } },
{ "type": "Feature", "properties": { "id": 1979.0, "entidad": 9, "distrito_f": 8, "distrito_l": 26, "municipio": 3, "seccion": 346, "tipo": 2, "control": 34719.0, "SECCION_TX": "0346", "SECCION__1": null, "SECCION__2": null, "SECCION_N": "346", "ESTATUS": null, "ALCALDIA_N": "COYOACAN", "EN_OPERATI": null, "EN_OP": "NO", "SEC_N": "346", "EST": null, "ALC_N": "COYOACAN", "OP": "NO", "NOMBRE": "LA CONCEPCION" }, "geometry": { "type": "MultiPolygon", "coordinates": [ [ [ [ -99.157309468234246, 19.342834840392218 ], [ -99.156661004277154, 19.343495497105621 ], [ -99.156691831154873, 19.343677439961258 ], [ -99.156683027830809, 19.34374832381631 ], [ -99.156673293238597, 19.343844605777651 ], [ -99.156343545372152, 19.343798006993687 ], [ -99.155668556558595, 19.343702618053285 ], [ -99.155699152826088, 19.343537872036265 ], [ -99.155741454781449, 19.343310096037907 ], [ -99.15546234291368, 19.343028400588597 ], [ -99.154803540035147, 19.342363493951535 ], [ -99.154155340386126, 19.341709281116426 ], [ -99.154210702957869, 19.341663089006641 ], [ -99.154246606069051, 19.341633132997192 ], [ -99.154270210058115, 19.341613438835612 ], [ -99.154395684244108, 19.341742482958608 ], [ -99.154604827417558, 19.341957575932554 ], [ -99.154861908872675, 19.341768928913329 ], [ -99.155103592280454, 19.342037341151674 ], [ -99.155147410930439, 19.342000574588219 ], [ -99.155167755640733, 19.3419835041061 ], [ -99.155462463384382, 19.342065719344149 ], [ -99.155518681528548, 19.341599556998005 ], [ -99.155496142862475, 19.341593397280167 ], [ -99.155348659175758, 19.34155309055998 ], [ -99.155659048536108, 19.340650834734213 ], [ -99.155828293287996, 19.340751644427581 ], [ -99.155922098621247, 19.340824165032974 ], [ -99.156323825225655, 19.341364152312021 ], [ -99.156584555674513, 19.341846811793545 ], [ -99.156645114711338, 19.341961519826807 ], [ -99.157309468234246, 19.342834840392218 ] ] ] ] } },
{ "type": "Feature", "properties": { "id": 2122.0, "entidad": 9, "distrito_f": 8, "distrito_l": 26, "municipio": 3, "seccion": 481, "tipo": 2, "control": 35013.0, "SECCION_TX": "0481", "SECCION__1": null, "SECCION__2": null, "SECCION_N": "481", "ESTATUS": "COMPLETA", "ALCALDIA_N": "COYOACAN", "EN_OPERATI": null, "EN_OP": "SI", "SEC_N": "481", "EST": "COMPLETA", "ALC_N": "COYOACAN", "OP": "SI", "NOMBRE": "ROMERO DE TERREROS" }, "geometry": { "type": "MultiPolygon", "coordinates": [ [ [ [ -99.17357563474657, 19.33610098836866 ], [ -99.173553602595462, 19.336164782782042 ], [ -99.173280946632218, 19.336954257779528 ], [ -99.173273917784755, 19.336974609693272 ], [ -99.17323947673286, 19.336960943936539 ], [ -99.172904519500449, 19.337142349715293 ], [ -99.17281448384243, 19.337149329848806 ], [ -99.172347870070851, 19.337185503976858 ], [ -99.171971460760716, 19.337214782967852 ], [ -99.171881633202972, 19.337224725238517 ], [ -99.171705649492907, 19.337244203290627 ], [ -99.171362177705618, 19.337254230742563 ], [ -99.171303390090046, 19.337250618338437 ], [ -99.17106110110349, 19.337235729869221 ], [ -99.171010957773902, 19.337232648560239 ], [ -99.170220514939331, 19.33720447577095 ], [ -99.170171632414835, 19.337198036315399 ], [ -99.170172683642846, 19.337166717856231 ], [ -99.170174908515634, 19.337100433831871 ], [ -99.170215100424841, 19.335903017235971 ], [ -99.170689031990705, 19.335930940617814 ], [ -99.171118433798057, 19.33595623929611 ], [ -99.171441130149006, 19.335975250634199 ], [ -99.171997973168061, 19.336008055138645 ], [ -99.172461947226353, 19.336035387275629 ], [ -99.173000010978996, 19.336067082453688 ], [ -99.17357563474657, 19.33610098836866 ] ] ] ] } },
{ "type": "Feature", "properties": { "id": 2223.0, "entidad": 9, "distrito_f": 8, "distrito_l": 26, "municipio": 3, "seccion": 726, "tipo": 2, "control": 34959.0, "SECCION_TX": "0726", "SECCION__1": null, "SECCION__2": null, "SECCION_N": "726", "ESTATUS": null, "ALCALDIA_N": "COYOACAN", "EN_OPERATI": null, "EN_OP": "NO", "SEC_N": "726", "EST": null, "ALC_N": "COYOACAN", "OP": "NO", "NOMBRE": "ROMERO DE TERREROS" }, "geometry": { "type": "MultiPolygon", "coordinates": [ [ [ [ -99.179604306604944, 19.34171771101704 ], [ -99.179571453846421, 19.341717755385247 ], [ -99.179555916256703, 19.341917805858774 ], [ -99.179517217871265, 19.342138550522382 ], [ -99.179454141430838, 19.34245836518334 ], [ -99.179397877134491, 19.342605365835968 ], [ -99.179325624523258, 19.342685089514827 ], [ -99.178234355608438, 19.343478253209724 ], [ -99.178184922488938, 19.343513344540227 ], [ -99.177671250583771, 19.343447200328114 ], [ -99.177130231579469, 19.343377533074701 ], [ -99.177008982858297, 19.343362425030808 ], [ -99.17595186306788, 19.343226263382363 ], [ -99.175742938138043, 19.343199452094872 ], [ -99.175055746060494, 19.341589327434697 ], [ -99.175121038365631, 19.34119002557798 ], [ -99.175138798130831, 19.341081413560161 ], [ -99.174573657358522, 19.341011716080825 ], [ -99.174436520678967, 19.340994803063843 ], [ -99.174350236402418, 19.341832796156822 ], [ -99.174196145284583, 19.342923215444742 ], [ -99.174036887086118, 19.342518687358421 ], [ -99.17396890589005, 19.342406348236203 ], [ -99.173866742159404, 19.342256806606827 ], [ -99.173721448541301, 19.342088344679091 ], [ -99.173488614726324, 19.341899853980493 ], [ -99.17317365907553, 19.341710255329851 ], [ -99.172669394370942, 19.341641740518906 ], [ -99.171702269384809, 19.341510332476034 ], [ -99.171597385666274, 19.341480301074817 ], [ -99.171615559026648, 19.341299007660005 ], [ -99.171734758119612, 19.341171297609986 ], [ -99.173342863812138, 19.339448344205007 ], [ -99.175001060693646, 19.337671669453108 ], [ -99.175637498585274, 19.336989743967401 ], [ -99.175754146913945, 19.336830226611923 ], [ -99.175955693664719, 19.336289999206095 ], [ -99.176076703773191, 19.336298675003572 ], [ -99.176027114552483, 19.336432944214259 ], [ -99.175882334897267, 19.336815574816626 ], [ -99.175895455796066, 19.336856869311305 ], [ -99.175917012926519, 19.336924714524365 ], [ -99.176050767819945, 19.336882244761767 ], [ -99.176212937662342, 19.337006218257002 ], [ -99.176232987470414, 19.337146519951592 ], [ -99.176375107749053, 19.33713019160443 ], [ -99.176414995717138, 19.337221030217883 ], [ -99.176861744744429, 19.337542023752892 ], [ -99.177001339471502, 19.337462333488293 ], [ -99.17716787738344, 19.337686763595496 ], [ -99.177736457310232, 19.338452988402988 ], [ -99.177968670205203, 19.338921133640937 ], [ -99.178088291306295, 19.339053586910975 ], [ -99.17850961544606, 19.3395201055908 ], [ -99.178724455369476, 19.339852452973386 ], [ -99.178743753822516, 19.339882306704453 ], [ -99.178838041085399, 19.339935148355384 ], [ -99.17964063075884, 19.340384942353467 ], [ -99.179872984570409, 19.340462144960291 ], [ -99.17947512457431, 19.341008883993602 ], [ -99.179413481164389, 19.34122647131521 ], [ -99.179564098483937, 19.34155162441504 ], [ -99.179561209180264, 19.34162201867597 ], [ -99.179590399985301, 19.341652063144586 ], [ -99.179604306604944, 19.34171771101704 ] ] ] ] } },
{ "type": "Feature", "properties": { "id": 2044.0, "entidad": 9, "distrito_f": 8, "distrito_l": 26, "municipio": 3, "seccion": 407, "tipo": 2, "control": 35284.0, "SECCION_TX": "0407", "SECCION__1": null, "SECCION__2": null, "SECCION_N": "407", "ESTATUS": "COMPLETA", "ALCALDIA_N": "COYOACAN", "EN_OPERATI": null, "EN_OP": "SI", "SEC_N": "407", "EST": "COMPLETA", "ALC_N": "COYOACAN", "OP": "SI", "NOMBRE": "SANTO DOMINGO PGAL DE STO DOMINGO" }, "geometry": { "type": "MultiPolygon", "coordinates": [ [ [ [ -99.162477133885119, 19.323371517512804 ], [ -99.161780090258816, 19.32283718439588 ], [ -99.161045186757107, 19.322273822303565 ], [ -99.160904263899383, 19.322165792917286 ], [ -99.16076334122657, 19.322057763419412 ], [ -99.160037206872019, 19.321501114203215 ], [ -99.15934947578809, 19.320973898450458 ], [ -99.160391746718673, 19.319769053345631 ], [ -99.160668725713506, 19.319448866991475 ], [ -99.161380410641556, 19.319980217580859 ], [ -99.162123979726431, 19.32053536648203 ], [ -99.162269714389836, 19.320644171223229 ], [ -99.162415449245771, 19.320752975845405 ], [ -99.163124840004684, 19.321282598260257 ], [ -99.16384716756049, 19.321821872728258 ], [ -99.162477133885119, 19.323371517512804 ] ] ] ] } },
{ "type": "Feature", "properties": { "id": 2045.0, "entidad": 9, "distrito_f": 8, "distrito_l": 26, "municipio": 3, "seccion": 408, "tipo": 2, "control": 35121.0, "SECCION_TX": "0408", "SECCION__1": null, "SECCION__2": null, "SECCION_N": "408", "ESTATUS": null, "ALCALDIA_N": "COYOACAN", "EN_OPERATI": null, "EN_OP": "NO", "SEC_N": "408", "EST": null, "ALC_N": "COYOACAN", "OP": "NO", "NOMBRE": "SANTO DOMINGO PGAL DE STO DOMINGO" }, "geometry": { "type": "MultiPolygon", "coordinates": [ [ [ [ -99.164924846346466, 19.324481367054442 ], [ -99.165605329896806, 19.322890101905916 ], [ -99.166042900713208, 19.323042705962671 ], [ -99.16653575062071, 19.323214587155054 ], [ -99.166999644886047, 19.323381509422177 ], [ -99.166319172881543, 19.324972779601598 ], [ -99.165861642712372, 19.324811530453243 ], [ -99.165396620016324, 19.324648338439577 ], [ -99.164924846346466, 19.324481367054442 ] ] ] ] } },
{ "type": "Feature", "properties": { "id": 1990.0, "entidad": 9, "distrito_f": 8, "distrito_l": 26, "municipio": 3, "seccion": 357, "tipo": 2, "control": 35361.0, "SECCION_TX": "0357", "SECCION__1": null, "SECCION__2": null, "SECCION_N": "357", "ESTATUS": null, "ALCALDIA_N": "COYOACAN", "EN_OPERATI": null, "EN_OP": "NO", "SEC_N": "357", "EST": null, "ALC_N": "COYOACAN", "OP": "NO", "NOMBRE": "SANTO DOMINGO PGAL DE STO DOMINGO" }, "geometry": { "type": "MultiPolygon", "coordinates": [ [ [ [ -99.165998478287435, 19.335669122994609 ], [ -99.165589348014649, 19.335647818227383 ], [ -99.165148490112713, 19.335624860262946 ], [ -99.164712267059102, 19.33560214260519 ], [ -99.164141822550292, 19.335572433366842 ], [ -99.163569224844238, 19.335542610181371 ], [ -99.162996168198106, 19.335512761280029 ], [ -99.162543239299595, 19.335489168210824 ], [ -99.162550707480605, 19.33546695617239 ], [ -99.162558175659626, 19.335444744133699 ], [ -99.162610122574861, 19.335290242187302 ], [ -99.162628853895953, 19.33523453090142 ], [ -99.163374391228174, 19.333017098145028 ], [ -99.163923860272035, 19.333193108722103 ], [ -99.164560708397346, 19.333385412753572 ], [ -99.165207929080253, 19.333580846154021 ], [ -99.165445796577998, 19.333652671428105 ], [ -99.165848442339922, 19.333774251465023 ], [ -99.166430182775898, 19.33394990775432 ], [ -99.166481700288486, 19.334040770673088 ], [ -99.16623073656406, 19.334813174435659 ], [ -99.166060157478768, 19.335441815669281 ], [ -99.166044403236683, 19.33549987509479 ], [ -99.166028274102615, 19.335564972676458 ], [ -99.166015993551113, 19.335614537248908 ], [ -99.165998478287435, 19.335669122994609 ] ] ] ] } },
{ "type": "Feature", "properties": { "id": 1987.0, "entidad": 9, "distrito_f": 8, "distrito_l": 26, "municipio": 3, "seccion": 354, "tipo": 2, "control": 35471.0, "SECCION_TX": "0354", "SECCION__1": null, "SECCION__2": null, "SECCION_N": "354", "ESTATUS": "COMPLETA", "ALCALDIA_N": "COYOACAN", "EN_OPERATI": null, "EN_OP": "SI", "SEC_N": "354", "EST": "COMPLETA", "ALC_N": "COYOACAN", "OP": "SI", "NOMBRE": "SANTO DOMINGO PGAL DE STO DOMINGO" }, "geometry": { "type": "MultiPolygon", "coordinates": [ [ [ [ -99.159152203451328, 19.335325076779423 ], [ -99.15899635473842, 19.335649927420103 ], [ -99.158581815212571, 19.336681829026656 ], [ -99.158386750103247, 19.337239939228333 ], [ -99.158363303662938, 19.337311445562666 ], [ -99.158304060326913, 19.337423670871701 ], [ -99.158109784889845, 19.337501729613631 ], [ -99.157813268962173, 19.337580908166526 ], [ -99.157547593004438, 19.337590947818043 ], [ -99.157169863009656, 19.337917167461228 ], [ -99.15662815916798, 19.337970227951391 ], [ -99.156604724649625, 19.338113488462586 ], [ -99.156397622498375, 19.338133625159909 ], [ -99.156393456013419, 19.338159907188889 ], [ -99.156138511396989, 19.338180488848117 ], [ -99.156123598916878, 19.337993498134757 ], [ -99.155936601218627, 19.337808264430837 ], [ -99.155935378774728, 19.337383922470654 ], [ -99.15595964028266, 19.337240982195969 ], [ -99.155585577157709, 19.337068429612255 ], [ -99.15553679848685, 19.337017357347445 ], [ -99.155529624669057, 19.336979600215358 ], [ -99.15552368535414, 19.336946602595493 ], [ -99.155445301459721, 19.336833443947178 ], [ -99.155425712756497, 19.336738119934431 ], [ -99.155423956371905, 19.336585137144247 ], [ -99.155122149316966, 19.33647603602887 ], [ -99.155160910026055, 19.336147361812561 ], [ -99.154998001320379, 19.336071472582343 ], [ -99.154888084896399, 19.335725821478956 ], [ -99.154774865739498, 19.33564994739487 ], [ -99.154755848427016, 19.3356372028843 ], [ -99.154520288622123, 19.335357441407304 ], [ -99.153991491851542, 19.335159009232289 ], [ -99.153993853240564, 19.335021920693546 ], [ -99.153997702342593, 19.334811018488718 ], [ -99.154021507298225, 19.334653172912155 ], [ -99.153989901193469, 19.334643920823407 ], [ -99.154012271020378, 19.334537820887302 ], [ -99.154034640818907, 19.334431720947507 ], [ -99.15405839204405, 19.334319068750656 ], [ -99.154132236019564, 19.334009977974794 ], [ -99.154144466488717, 19.33399400372139 ], [ -99.154252958343861, 19.333852302003343 ], [ -99.154284654945968, 19.33365264470072 ], [ -99.154333327958895, 19.333352291086499 ], [ -99.154077004887199, 19.33315063134561 ], [ -99.154019531920881, 19.332970109241703 ], [ -99.154100372878801, 19.332685160431062 ], [ -99.154162101823587, 19.332603947986172 ], [ -99.154196949148869, 19.33255810175871 ], [ -99.154224224106216, 19.332428041979757 ], [ -99.154291679508106, 19.332181680077653 ], [ -99.154385082479976, 19.332108168516243 ], [ -99.154505544111686, 19.33207920487666 ], [ -99.154557483218483, 19.332066716676998 ], [ -99.154907156683421, 19.33202358430707 ], [ -99.155001115680832, 19.331927919245068 ], [ -99.155436694879427, 19.331311756316566 ], [ -99.155525178127334, 19.331149517424315 ], [ -99.156265839409159, 19.330451275391091 ], [ -99.15679104379339, 19.329869027767529 ], [ -99.156825819341137, 19.329893340497648 ], [ -99.157414614646427, 19.330302040955115 ], [ -99.157445532047248, 19.330325053112272 ], [ -99.157853361259001, 19.329938062567244 ], [ -99.158540382115149, 19.330376399703376 ], [ -99.158540155177931, 19.330408897853761 ], [ -99.158554118813797, 19.330463450477374 ], [ -99.158532721940006, 19.330525191324298 ], [ -99.158315838029182, 19.330860966675456 ], [ -99.158295974613196, 19.330894346713929 ], [ -99.158274322675879, 19.330928793371257 ], [ -99.158035789672724, 19.331169587830228 ], [ -99.158012615438594, 19.331332523211358 ], [ -99.157967718551333, 19.331400398863781 ], [ -99.157140787783874, 19.332600251876553 ], [ -99.157110624800097, 19.332642932900153 ], [ -99.156940835564697, 19.332883451217764 ], [ -99.156528214445757, 19.333428596640037 ], [ -99.156484509783056, 19.333468393113336 ], [ -99.156448236215596, 19.333486408588112 ], [ -99.156429813694103, 19.333683272838226 ], [ -99.156421703164114, 19.333769942338211 ], [ -99.156417368755967, 19.333816259988506 ], [ -99.156408592837337, 19.333910039711203 ], [ -99.156311625395048, 19.334946229708862 ], [ -99.155056215102377, 19.334672827545347 ], [ -99.15503002050221, 19.3347695396128 ], [ -99.155003825871603, 19.33486625167577 ], [ -99.15576802693316, 19.335030461427863 ], [ -99.156305243855343, 19.335145852795815 ], [ -99.159152203451328, 19.335325076779423 ] ] ] ] } },
{ "type": "Feature", "properties": { "id": 1989.0, "entidad": 9, "distrito_f": 8, "distrito_l": 26, "municipio": 3, "seccion": 356, "tipo": 2, "control": 35381.0, "SECCION_TX": "0356", "SECCION__1": null, "SECCION__2": null, "SECCION_N": "356", "ESTATUS": null, "ALCALDIA_N": "COYOACAN", "EN_OPERATI": null, "EN_OP": "NO", "SEC_N": "356", "EST": null, "ALC_N": "COYOACAN", "OP": "NO", "NOMBRE": "SANTO DOMINGO PGAL DE STO DOMINGO" }, "geometry": { "type": "MultiPolygon", "coordinates": [ [ [ [ -99.162543239299595, 19.335489168210824 ], [ -99.161564130200929, 19.335438399305339 ], [ -99.160525625967608, 19.335384540046569 ], [ -99.159874537700304, 19.335350777866065 ], [ -99.159891293551183, 19.335299052034504 ], [ -99.15992698881945, 19.335188859520471 ], [ -99.159942821759728, 19.3351399861075 ], [ -99.160000871053597, 19.334950798766922 ], [ -99.160200921539712, 19.334298814600483 ], [ -99.160278082490308, 19.334065759012187 ], [ -99.160446906167195, 19.333555844515267 ], [ -99.160529595994177, 19.333306087217636 ], [ -99.160869752778765, 19.332278665434217 ], [ -99.161188770402518, 19.332374952903514 ], [ -99.16122178136915, 19.332384916397476 ], [ -99.161483088274835, 19.332463784774944 ], [ -99.161887198254121, 19.332585753483766 ], [ -99.162280629805778, 19.332699865567736 ], [ -99.16281388752877, 19.33285453164579 ], [ -99.163374391228174, 19.333017098145028 ], [ -99.162628853895953, 19.33523453090142 ], [ -99.162610122574861, 19.335290242187302 ], [ -99.162558175659626, 19.335444744133699 ], [ -99.162550707480605, 19.33546695617239 ], [ -99.162543239299595, 19.335489168210824 ] ] ] ] } },
{ "type": "Feature", "properties": { "id": 1991.0, "entidad": 9, "distrito_f": 8, "distrito_l": 26, "municipio": 3, "seccion": 358, "tipo": 2, "control": 35395.0, "SECCION_TX": "0358", "SECCION__1": null, "SECCION__2": null, "SECCION_N": "358", "ESTATUS": null, "ALCALDIA_N": "COYOACAN", "EN_OPERATI": null, "EN_OP": "NO", "SEC_N": "358", "EST": null, "ALC_N": "COYOACAN", "OP": "NO", "NOMBRE": "SANTO DOMINGO PGAL DE STO DOMINGO" }, "geometry": { "type": "MultiPolygon", "coordinates": [ [ [ [ -99.170171632414835, 19.337198036315399 ], [ -99.170151605292858, 19.337196256779656 ], [ -99.170115159380799, 19.337193018325326 ], [ -99.169737354848891, 19.337179307101369 ], [ -99.169698026057787, 19.337176613625289 ], [ -99.169324066280566, 19.337151002145184 ], [ -99.169228229162229, 19.33714592500672 ], [ -99.1689242306811, 19.337136056739155 ], [ -99.16881012286531, 19.337135951938119 ], [ -99.168512451042218, 19.337111407886958 ], [ -99.168420091007135, 19.337104071521981 ], [ -99.168121885932138, 19.337088645848983 ], [ -99.168018338590954, 19.337083277722385 ], [ -99.167720758727327, 19.337067850184646 ], [ -99.167678443076596, 19.337065665686772 ], [ -99.167680403400752, 19.337031222773867 ], [ -99.167752271066703, 19.335768497908564 ], [ -99.168122350335821, 19.335789329504561 ], [ -99.168492429692492, 19.335810160348498 ], [ -99.168519822053327, 19.335811395925091 ], [ -99.168942393302999, 19.335830456158675 ], [ -99.169340958787075, 19.335848432701219 ], [ -99.169592004504068, 19.335859755194182 ], [ -99.169789579437918, 19.335873473211091 ], [ -99.170215100424841, 19.335903017235971 ], [ -99.170174908515634, 19.337100433831871 ], [ -99.170172683642846, 19.337166717856231 ], [ -99.170171632414835, 19.337198036315399 ] ] ] ] } },
{ "type": "Feature", "properties": { "id": 1997.0, "entidad": 9, "distrito_f": 8, "distrito_l": 26, "municipio": 3, "seccion": 360, "tipo": 2, "control": 35356.0, "SECCION_TX": "0360", "SECCION__1": null, "SECCION__2": null, "SECCION_N": "360", "ESTATUS": null, "ALCALDIA_N": "COYOACAN", "EN_OPERATI": null, "EN_OP": "NO", "SEC_N": "360", "EST": null, "ALC_N": "COYOACAN", "OP": "NO", "NOMBRE": "SANTO DOMINGO PGAL DE STO DOMINGO" }, "geometry": { "type": "MultiPolygon", "coordinates": [ [ [ [ -99.173000010978996, 19.336067082453688 ], [ -99.172461947226353, 19.336035387275629 ], [ -99.171997973168061, 19.336008055138645 ], [ -99.171441130149006, 19.335975250634199 ], [ -99.171118433798057, 19.33595623929611 ], [ -99.170689031990705, 19.335930940617814 ], [ -99.170215100424841, 19.335903017235971 ], [ -99.169789579437918, 19.335873473211091 ], [ -99.169592004504068, 19.335859755194182 ], [ -99.169620972333689, 19.3357714406133 ], [ -99.169657076067139, 19.335661370575384 ], [ -99.169813833850768, 19.33518345879255 ], [ -99.1698769192394, 19.334991127807722 ], [ -99.170395226138766, 19.335144493785528 ], [ -99.170872186098492, 19.335282457684929 ], [ -99.171258973504351, 19.334113979187016 ], [ -99.171756569384215, 19.334275492675772 ], [ -99.171836349302382, 19.33402375204324 ], [ -99.17226998190219, 19.332655436977131 ], [ -99.172752338762947, 19.332796695617006 ], [ -99.172844172989159, 19.332823589179867 ], [ -99.173355216461147, 19.332766849832332 ], [ -99.173252001773804, 19.333221184256313 ], [ -99.173207232471256, 19.333340536246769 ], [ -99.173024539268582, 19.333887063203875 ], [ -99.172530183864168, 19.33505848944651 ], [ -99.172327167964099, 19.335687077840912 ], [ -99.172595424798061, 19.33584114310327 ], [ -99.172900271518088, 19.335856601832212 ], [ -99.173014702461884, 19.335862404474856 ], [ -99.173006567189532, 19.335975743066665 ], [ -99.173000010978996, 19.336067082453688 ] ] ] ] } },
{ "type": "Feature", "properties": { "id": 1998.0, "entidad": 9, "distrito_f": 8, "distrito_l": 26, "municipio": 3, "seccion": 361, "tipo": 2, "control": 35357.0, "SECCION_TX": "0361", "SECCION__1": null, "SECCION__2": null, "SECCION_N": "361", "ESTATUS": null, "ALCALDIA_N": "COYOACAN", "EN_OPERATI": null, "EN_OP": "NO", "SEC_N": "361", "EST": null, "ALC_N": "COYOACAN", "OP": "NO", "NOMBRE": "SANTO DOMINGO PGAL DE STO DOMINGO" }, "geometry": { "type": "MultiPolygon", "coordinates": [ [ [ [ -99.17226998190219, 19.332655436977131 ], [ -99.171836349302382, 19.33402375204324 ], [ -99.171756569384215, 19.334275492675772 ], [ -99.171258973504351, 19.334113979187016 ], [ -99.170872186098492, 19.335282457684929 ], [ -99.170395226138766, 19.335144493785528 ], [ -99.1698769192394, 19.334991127807722 ], [ -99.170721034268425, 19.332417594853176 ], [ -99.170785605664037, 19.332220726497045 ], [ -99.171348070886992, 19.332383925183475 ], [ -99.17178926898751, 19.332511936896562 ], [ -99.17226998190219, 19.332655436977131 ] ] ] ] } },
{ "type": "Feature", "properties": { "id": 1999.0, "entidad": 9, "distrito_f": 8, "distrito_l": 26, "municipio": 3, "seccion": 362, "tipo": 2, "control": 35365.0, "SECCION_TX": "0362", "SECCION__1": null, "SECCION__2": null, "SECCION_N": "362", "ESTATUS": null, "ALCALDIA_N": "COYOACAN", "EN_OPERATI": null, "EN_OP": "NO", "SEC_N": "362", "EST": null, "ALC_N": "COYOACAN", "OP": "NO", "NOMBRE": "SANTO DOMINGO PGAL DE STO DOMINGO" }, "geometry": { "type": "MultiPolygon", "coordinates": [ [ [ [ -99.169592004504068, 19.335859755194182 ], [ -99.169340958787075, 19.335848432701219 ], [ -99.168942393302999, 19.335830456158675 ], [ -99.168519822053327, 19.335811395925091 ], [ -99.168492429692492, 19.335810160348498 ], [ -99.168509256554557, 19.335759978436201 ], [ -99.168547932745156, 19.335644636238342 ], [ -99.168565451796937, 19.335592843726154 ], [ -99.168869953094742, 19.334692624749803 ], [ -99.169795314405022, 19.331924537308097 ], [ -99.170244198875977, 19.332058796315454 ], [ -99.170785605664037, 19.332220726497045 ], [ -99.170721034268425, 19.332417594853176 ], [ -99.1698769192394, 19.334991127807722 ], [ -99.169813833850768, 19.33518345879255 ], [ -99.169657076067139, 19.335661370575384 ], [ -99.169620972333689, 19.3357714406133 ], [ -99.169592004504068, 19.335859755194182 ] ] ] ] } },
{ "type": "Feature", "properties": { "id": 2000.0, "entidad": 9, "distrito_f": 8, "distrito_l": 26, "municipio": 3, "seccion": 363, "tipo": 2, "control": 35359.0, "SECCION_TX": "0363", "SECCION__1": null, "SECCION__2": null, "SECCION_N": "363", "ESTATUS": null, "ALCALDIA_N": "COYOACAN", "EN_OPERATI": null, "EN_OP": "NO", "SEC_N": "363", "EST": null, "ALC_N": "COYOACAN", "OP": "NO", "NOMBRE": "SANTO DOMINGO PGAL DE STO DOMINGO" }, "geometry": { "type": "MultiPolygon", "coordinates": [ [ [ [ -99.167381408073894, 19.335747604471386 ], [ -99.166721184365514, 19.335710142037705 ], [ -99.166359831284325, 19.335689632874715 ], [ -99.165998478287435, 19.335669122994609 ], [ -99.166015993551113, 19.335614537248908 ], [ -99.166028274102615, 19.335564972676458 ], [ -99.166044403236683, 19.33549987509479 ], [ -99.166060157478768, 19.335441815669281 ], [ -99.16623073656406, 19.334813174435659 ], [ -99.166481700288486, 19.334040770673088 ], [ -99.166430182775898, 19.33394990775432 ], [ -99.167325470083696, 19.33114250698398 ], [ -99.167803257346876, 19.331296998549252 ], [ -99.168269883606555, 19.331447879731282 ], [ -99.16880108509973, 19.33161963918192 ], [ -99.167859091266507, 19.334398771167695 ], [ -99.167742416508005, 19.334742985839608 ], [ -99.167470840360636, 19.335544185799719 ], [ -99.167420008785683, 19.335659805089286 ], [ -99.167381408073894, 19.335747604471386 ] ] ] ] } },
{ "type": "Feature", "properties": { "id": 2001.0, "entidad": 9, "distrito_f": 8, "distrito_l": 26, "municipio": 3, "seccion": 364, "tipo": 2, "control": 35362.0, "SECCION_TX": "0364", "SECCION__1": null, "SECCION__2": null, "SECCION_N": "364", "ESTATUS": null, "ALCALDIA_N": "COYOACAN", "EN_OPERATI": null, "EN_OP": "NO", "SEC_N": "364", "EST": null, "ALC_N": "COYOACAN", "OP": "NO", "NOMBRE": "SANTO DOMINGO PGAL DE STO DOMINGO" }, "geometry": { "type": "MultiPolygon", "coordinates": [ [ [ [ -99.163923860272035, 19.333193108722103 ], [ -99.164827423135009, 19.330427768893269 ], [ -99.165280489126062, 19.330563788480465 ], [ -99.165478106573516, 19.330619402057128 ], [ -99.165725156501694, 19.330688926585641 ], [ -99.166128420412448, 19.330802411838821 ], [ -99.166661063070805, 19.330952304836831 ], [ -99.166803090433021, 19.330992272987363 ], [ -99.167248425022649, 19.331117594470957 ], [ -99.167325470083696, 19.33114250698398 ], [ -99.166430182775898, 19.33394990775432 ], [ -99.165848442339922, 19.333774251465023 ], [ -99.165445796577998, 19.333652671428105 ], [ -99.165207929080253, 19.333580846154021 ], [ -99.164560708397346, 19.333385412753572 ], [ -99.163923860272035, 19.333193108722103 ] ] ] ] } },
{ "type": "Feature", "properties": { "id": 2002.0, "entidad": 9, "distrito_f": 8, "distrito_l": 26, "municipio": 3, "seccion": 365, "tipo": 2, "control": 35388.0, "SECCION_TX": "0365", "SECCION__1": null, "SECCION__2": null, "SECCION_N": "365", "ESTATUS": null, "ALCALDIA_N": "COYOACAN", "EN_OPERATI": null, "EN_OP": "NO", "SEC_N": "365", "EST": null, "ALC_N": "COYOACAN", "OP": "NO", "NOMBRE": "SANTO DOMINGO PGAL DE STO DOMINGO" }, "geometry": { "type": "MultiPolygon", "coordinates": [ [ [ [ -99.163923860272035, 19.333193108722103 ], [ -99.163374391228174, 19.333017098145028 ], [ -99.16281388752877, 19.33285453164579 ], [ -99.162280629805778, 19.332699865567736 ], [ -99.161887198254121, 19.332585753483766 ], [ -99.161483088274835, 19.332463784774944 ], [ -99.16122178136915, 19.332384916397476 ], [ -99.161188770402518, 19.332374952903514 ], [ -99.160869752778765, 19.332278665434217 ], [ -99.160542640597271, 19.332178610946606 ], [ -99.160560464402749, 19.332123439753474 ], [ -99.16100977567109, 19.330732644381641 ], [ -99.161126948888253, 19.330769606384404 ], [ -99.161298182071349, 19.330191233076881 ], [ -99.161212245618756, 19.330154243565381 ], [ -99.161458898620253, 19.329403069681465 ], [ -99.161808432036693, 19.329513659803723 ], [ -99.162084232632253, 19.32960092075594 ], [ -99.162262594814734, 19.329657352754207 ], [ -99.162793872663443, 19.329817239150781 ], [ -99.163716486701361, 19.330094237535281 ], [ -99.163821106822553, 19.330125647502854 ], [ -99.164284077578515, 19.330264643763655 ], [ -99.164827423135009, 19.330427768893269 ], [ -99.163923860272035, 19.333193108722103 ] ] ] ] } },
{ "type": "Feature", "properties": { "id": 2003.0, "entidad": 9, "distrito_f": 8, "distrito_l": 26, "municipio": 3, "seccion": 366, "tipo": 2, "control": 35389.0, "SECCION_TX": "0366", "SECCION__1": null, "SECCION__2": null, "SECCION_N": "366", "ESTATUS": null, "ALCALDIA_N": "COYOACAN", "EN_OPERATI": null, "EN_OP": "NO", "SEC_N": "366", "EST": null, "ALC_N": "COYOACAN", "OP": "NO", "NOMBRE": "SANTO DOMINGO PGAL DE STO DOMINGO" }, "geometry": { "type": "MultiPolygon", "coordinates": [ [ [ [ -99.160542640597271, 19.332178610946606 ], [ -99.160516286109342, 19.332170498300005 ], [ -99.159894355448685, 19.331979081215799 ], [ -99.15991325583299, 19.331921534325542 ], [ -99.160065579260646, 19.33145995960891 ], [ -99.158830467621769, 19.33105809645577 ], [ -99.158514116441552, 19.330950297607654 ], [ -99.158295974613196, 19.330894346713929 ], [ -99.158315838029182, 19.330860966675456 ], [ -99.158532721940006, 19.330525191324298 ], [ -99.158554118813797, 19.330463450477374 ], [ -99.158540155177931, 19.330408897853761 ], [ -99.158540382115149, 19.330376399703376 ], [ -99.158743978711485, 19.330095441860664 ], [ -99.15903765728406, 19.32967279951006 ], [ -99.159310999995228, 19.329282484809273 ], [ -99.159640803977169, 19.328811544258766 ], [ -99.159766705800038, 19.328615779636188 ], [ -99.160027959208691, 19.328209555197827 ], [ -99.160518838198996, 19.328364872569232 ], [ -99.160972828342793, 19.328495633560905 ], [ -99.160764654198871, 19.329178528829264 ], [ -99.160799042382493, 19.329198088479881 ], [ -99.161089458804113, 19.329282635931708 ], [ -99.161425865257158, 19.329392301167491 ], [ -99.161458898620253, 19.329403069681465 ], [ -99.161212245618756, 19.330154243565381 ], [ -99.161298182071349, 19.330191233076881 ], [ -99.161126948888253, 19.330769606384404 ], [ -99.16100977567109, 19.330732644381641 ], [ -99.160560464402749, 19.332123439753474 ], [ -99.160542640597271, 19.332178610946606 ] ] ] ] } },
{ "type": "Feature", "properties": { "id": 2015.0, "entidad": 9, "distrito_f": 8, "distrito_l": 26, "municipio": 3, "seccion": 379, "tipo": 2, "control": 35265.0, "SECCION_TX": "0379", "SECCION__1": null, "SECCION__2": null, "SECCION_N": "379", "ESTATUS": null, "ALCALDIA_N": "COYOACAN", "EN_OPERATI": null, "EN_OP": "NO", "SEC_N": "379", "EST": null, "ALC_N": "COYOACAN", "OP": "NO", "NOMBRE": "SANTO DOMINGO PGAL DE STO DOMINGO" }, "geometry": { "type": "MultiPolygon", "coordinates": [ [ [ [ -99.161106708009839, 19.324942967975197 ], [ -99.161784988820941, 19.325500075812641 ], [ -99.160526938681642, 19.326937653312584 ], [ -99.159187650941163, 19.328446716037593 ], [ -99.159640803977169, 19.328811544258766 ], [ -99.159310999995228, 19.329282484809273 ], [ -99.15903765728406, 19.32967279951006 ], [ -99.158743978711485, 19.330095441860664 ], [ -99.158540382115149, 19.330376399703376 ], [ -99.157853361259001, 19.329938062567244 ], [ -99.157445532047248, 19.330325053112272 ], [ -99.157414614646427, 19.330302040955115 ], [ -99.156825819341137, 19.329893340497648 ], [ -99.15679104379339, 19.329869027767529 ], [ -99.157162607497099, 19.32939381938532 ], [ -99.158487962244124, 19.327898215185336 ], [ -99.159818188127687, 19.326392935758349 ], [ -99.161106708009839, 19.324942967975197 ] ] ] ] } },
{ "type": "Feature", "properties": { "id": 2016.0, "entidad": 9, "distrito_f": 8, "distrito_l": 26, "municipio": 3, "seccion": 380, "tipo": 2, "control": 35343.0, "SECCION_TX": "0380", "SECCION__1": null, "SECCION__2": null, "SECCION_N": "380", "ESTATUS": "COMPLETA", "ALCALDIA_N": "COYOACAN", "EN_OPERATI": null, "EN_OP": "SI", "SEC_N": "380", "EST": "COMPLETA", "ALC_N": "COYOACAN", "OP": "SI", "NOMBRE": "SANTO DOMINGO PGAL DE STO DOMINGO" }, "geometry": { "type": "MultiPolygon", "coordinates": [ [ [ [ -99.161808432036693, 19.329513659803723 ], [ -99.161458898620253, 19.329403069681465 ], [ -99.161425865257158, 19.329392301167491 ], [ -99.161089458804113, 19.329282635931708 ], [ -99.161143015541924, 19.329060470853104 ], [ -99.161133723680749, 19.328967316217824 ], [ -99.161301948111358, 19.328507175928518 ], [ -99.161286531116104, 19.328422760730842 ], [ -99.161341582478428, 19.328268411058591 ], [ -99.161396722374121, 19.328204312804193 ], [ -99.161536214700661, 19.327895182890131 ], [ -99.161589592395899, 19.327858663085276 ], [ -99.161921203401633, 19.326835798112512 ], [ -99.162022353283803, 19.326523795356284 ], [ -99.162407263996101, 19.326629211758128 ], [ -99.162769398499421, 19.326733487174071 ], [ -99.162342010534303, 19.328087847140964 ], [ -99.162269050343824, 19.328108605135245 ], [ -99.161808432036693, 19.329513659803723 ] ] ] ] } },
{ "type": "Feature", "properties": { "id": 2017.0, "entidad": 9, "distrito_f": 8, "distrito_l": 26, "municipio": 3, "seccion": 381, "tipo": 2, "control": 35342.0, "SECCION_TX": "0381", "SECCION__1": null, "SECCION__2": null, "SECCION_N": "381", "ESTATUS": null, "ALCALDIA_N": "COYOACAN", "EN_OPERATI": null, "EN_OP": "NO", "SEC_N": "381", "EST": null, "ALC_N": "COYOACAN", "OP": "NO", "NOMBRE": "SANTO DOMINGO PGAL DE STO DOMINGO" }, "geometry": { "type": "MultiPolygon", "coordinates": [ [ [ [ -99.162262594814734, 19.329657352754207 ], [ -99.162084232632253, 19.32960092075594 ], [ -99.161808432036693, 19.329513659803723 ], [ -99.162269050343824, 19.328108605135245 ], [ -99.162342010534303, 19.328087847140964 ], [ -99.162769398499421, 19.326733487174071 ], [ -99.162407263996101, 19.326629211758128 ], [ -99.162699172298232, 19.32568561274136 ], [ -99.162814323410174, 19.32533381651772 ], [ -99.162825427384249, 19.325299892870255 ], [ -99.163392235648843, 19.325477699866056 ], [ -99.163725814655081, 19.325582342147793 ], [ -99.163893891739761, 19.32563506691459 ], [ -99.16431135031759, 19.325766020330644 ], [ -99.164165774103679, 19.326122385971864 ], [ -99.164151908491547, 19.326156328434262 ], [ -99.164139424305688, 19.326186889207705 ], [ -99.164035350393434, 19.326160643151049 ], [ -99.164016288487588, 19.326155835984501 ], [ -99.163955424065563, 19.326343813229212 ], [ -99.163860262035044, 19.326637716318039 ], [ -99.163746288710271, 19.326989715689681 ], [ -99.164128400728529, 19.327092396277308 ], [ -99.164468701502287, 19.327183840623348 ], [ -99.164030812084931, 19.328494879660674 ], [ -99.163870298395054, 19.328443823474888 ], [ -99.163716578801896, 19.328394928192296 ], [ -99.163333724676363, 19.328273148874871 ], [ -99.163302994275256, 19.328354173141765 ], [ -99.162962852516515, 19.328265051590215 ], [ -99.162723102028622, 19.328198619158879 ], [ -99.162262594814734, 19.329657352754207 ] ] ] ] } },
{ "type": "Feature", "properties": { "id": 2018.0, "entidad": 9, "distrito_f": 8, "distrito_l": 26, "municipio": 3, "seccion": 382, "tipo": 2, "control": 35335.0, "SECCION_TX": "0382", "SECCION__1": null, "SECCION__2": null, "SECCION_N": "382", "ESTATUS": null, "ALCALDIA_N": "COYOACAN", "EN_OPERATI": null, "EN_OP": "NO", "SEC_N": "382", "EST": null, "ALC_N": "COYOACAN", "OP": "NO", "NOMBRE": "SANTO DOMINGO PGAL DE STO DOMINGO" }, "geometry": { "type": "MultiPolygon", "coordinates": [ [ [ [ -99.165280489126062, 19.330563788480465 ], [ -99.164827423135009, 19.330427768893269 ], [ -99.164284077578515, 19.330264643763655 ], [ -99.163821106822553, 19.330125647502854 ], [ -99.163716486701361, 19.330094237535281 ], [ -99.162793872663443, 19.329817239150781 ], [ -99.162262594814734, 19.329657352754207 ], [ -99.162723102028622, 19.328198619158879 ], [ -99.162962852516515, 19.328265051590215 ], [ -99.163302994275256, 19.328354173141765 ], [ -99.163333724676363, 19.328273148874871 ], [ -99.163716578801896, 19.328394928192296 ], [ -99.163870298395054, 19.328443823474888 ], [ -99.164030812084931, 19.328494879660674 ], [ -99.164327613702994, 19.328595584186278 ], [ -99.164581780834652, 19.327845765561246 ], [ -99.165020550135949, 19.327978460965923 ], [ -99.165531735446777, 19.328133055273341 ], [ -99.166007223514029, 19.328277468268279 ], [ -99.165280489126062, 19.330563788480465 ] ] ] ] } },
{ "type": "Feature", "properties": { "id": 2019.0, "entidad": 9, "distrito_f": 8, "distrito_l": 26, "municipio": 3, "seccion": 383, "tipo": 2, "control": 35334.0, "SECCION_TX": "0383", "SECCION__1": null, "SECCION__2": null, "SECCION_N": "383", "ESTATUS": null, "ALCALDIA_N": "COYOACAN", "EN_OPERATI": null, "EN_OP": "NO", "SEC_N": "383", "EST": null, "ALC_N": "COYOACAN", "OP": "NO", "NOMBRE": "SANTO DOMINGO PGAL DE STO DOMINGO" }, "geometry": { "type": "MultiPolygon", "coordinates": [ [ [ [ -99.167248425022649, 19.331117594470957 ], [ -99.166803090433021, 19.330992272987363 ], [ -99.166661063070805, 19.330952304836831 ], [ -99.166128420412448, 19.330802411838821 ], [ -99.165725156501694, 19.330688926585641 ], [ -99.165478106573516, 19.330619402057128 ], [ -99.165280489126062, 19.330563788480465 ], [ -99.166007223514029, 19.328277468268279 ], [ -99.166479097337231, 19.328420782079746 ], [ -99.166955851863577, 19.328566199474395 ], [ -99.167466281767148, 19.328721886698862 ], [ -99.167648092879134, 19.32823897160176 ], [ -99.168162319485916, 19.328404940577798 ], [ -99.168225560074077, 19.328427386927711 ], [ -99.167769510133837, 19.32982540877569 ], [ -99.167699404564246, 19.330040315315625 ], [ -99.167575660003436, 19.330419649157996 ], [ -99.167484860118151, 19.330494748161396 ], [ -99.167248425022649, 19.331117594470957 ] ] ] ] } },
{ "type": "Feature", "properties": { "id": 2020.0, "entidad": 9, "distrito_f": 8, "distrito_l": 26, "municipio": 3, "seccion": 384, "tipo": 2, "control": 35333.0, "SECCION_TX": "0384", "SECCION__1": null, "SECCION__2": null, "SECCION_N": "384", "ESTATUS": null, "ALCALDIA_N": "COYOACAN", "EN_OPERATI": null, "EN_OP": "NO", "SEC_N": "384", "EST": null, "ALC_N": "COYOACAN", "OP": "NO", "NOMBRE": "SANTO DOMINGO PGAL DE STO DOMINGO" }, "geometry": { "type": "MultiPolygon", "coordinates": [ [ [ [ -99.16880108509973, 19.33161963918192 ], [ -99.168269883606555, 19.331447879731282 ], [ -99.167803257346876, 19.331296998549252 ], [ -99.167325470083696, 19.33114250698398 ], [ -99.167248425022649, 19.331117594470957 ], [ -99.167484860118151, 19.330494748161396 ], [ -99.167575660003436, 19.330419649157996 ], [ -99.167699404564246, 19.330040315315625 ], [ -99.167769510133837, 19.32982540877569 ], [ -99.168225560074077, 19.328427386927711 ], [ -99.168162319485916, 19.328404940577798 ], [ -99.168383012229896, 19.327652464914308 ], [ -99.16887962025902, 19.327804271106739 ], [ -99.169202966683358, 19.327894282244184 ], [ -99.169378243173469, 19.327946966474194 ], [ -99.169449040761407, 19.327970388468831 ], [ -99.169957995738642, 19.328113829980953 ], [ -99.169702331822933, 19.328887908901535 ], [ -99.169653129967642, 19.329037044981501 ], [ -99.169534587044495, 19.329396360085635 ], [ -99.169309754821356, 19.330077843866754 ], [ -99.16880108509973, 19.33161963918192 ] ] ] ] } },
{ "type": "Feature", "properties": { "id": 2022.0, "entidad": 9, "distrito_f": 8, "distrito_l": 26, "municipio": 3, "seccion": 385, "tipo": 2, "control": 35332.0, "SECCION_TX": "0385", "SECCION__1": null, "SECCION__2": null, "SECCION_N": "385", "ESTATUS": null, "ALCALDIA_N": "COYOACAN", "EN_OPERATI": null, "EN_OP": "NO", "SEC_N": "385", "EST": null, "ALC_N": "COYOACAN", "OP": "NO", "NOMBRE": "SANTO DOMINGO PGAL DE STO DOMINGO" }, "geometry": { "type": "MultiPolygon", "coordinates": [ [ [ [ -99.170244198875977, 19.332058796315454 ], [ -99.169795314405022, 19.331924537308097 ], [ -99.169732631095911, 19.331904159395688 ], [ -99.169356215392838, 19.331781788678668 ], [ -99.169327774994002, 19.331781158839124 ], [ -99.16880108509973, 19.33161963918192 ], [ -99.169309754821356, 19.330077843866754 ], [ -99.169534587044495, 19.329396360085635 ], [ -99.169653129967642, 19.329037044981501 ], [ -99.169702331822933, 19.328887908901535 ], [ -99.169957995738642, 19.328113829980953 ], [ -99.16998216608097, 19.32804445070056 ], [ -99.170524794310381, 19.328187947019558 ], [ -99.171151597631891, 19.326229338912725 ], [ -99.171207994254374, 19.326243074825541 ], [ -99.171587696151207, 19.326335554177366 ], [ -99.171375334336773, 19.327037462566981 ], [ -99.171311904457696, 19.327247112822725 ], [ -99.171267350041106, 19.327394375027392 ], [ -99.171136989689188, 19.327825243264481 ], [ -99.171077690466689, 19.328021238827588 ], [ -99.170722075920267, 19.329196604512926 ], [ -99.170581881484992, 19.329600619514249 ], [ -99.170519785787832, 19.329779567413926 ], [ -99.17040815669921, 19.330101260026886 ], [ -99.17035535816278, 19.330253414343904 ], [ -99.170302559529631, 19.330405568643748 ], [ -99.170762719266264, 19.330452871407516 ], [ -99.170244198875977, 19.332058796315454 ] ] ] ] } },
{ "type": "Feature", "properties": { "id": 2026.0, "entidad": 9, "distrito_f": 8, "distrito_l": 26, "municipio": 3, "seccion": 389, "tipo": 2, "control": 35129.0, "SECCION_TX": "0389", "SECCION__1": null, "SECCION__2": null, "SECCION_N": "389", "ESTATUS": "COMPLETA", "ALCALDIA_N": "COYOACAN", "EN_OPERATI": null, "EN_OP": "SI", "SEC_N": "389", "EST": "COMPLETA", "ALC_N": "COYOACAN", "OP": "SI", "NOMBRE": "SANTO DOMINGO PGAL DE STO DOMINGO" }, "geometry": { "type": "MultiPolygon", "coordinates": [ [ [ [ -99.173364413377641, 19.329576349588251 ], [ -99.172501017901752, 19.329679663550174 ], [ -99.17241946072464, 19.329652142752177 ], [ -99.172358674787191, 19.329637925818954 ], [ -99.171731475350185, 19.329419985924911 ], [ -99.171783672969426, 19.329265695592984 ], [ -99.171965290271217, 19.3287288527724 ], [ -99.172050434710187, 19.328477172949665 ], [ -99.172178961417472, 19.328097257250832 ], [ -99.172320108496578, 19.327680034522871 ], [ -99.172382499011988, 19.327495611005624 ], [ -99.172426461771863, 19.327365658832964 ], [ -99.17253060629568, 19.327057810897109 ], [ -99.17265539803725, 19.326688928845506 ], [ -99.17322987761456, 19.326856751973136 ], [ -99.173278262629665, 19.32746950439298 ], [ -99.173313471724953, 19.32791539265051 ], [ -99.173351422251784, 19.328395995528449 ], [ -99.173295691703643, 19.328873829498797 ], [ -99.173297944780032, 19.329167092722418 ], [ -99.173344320201096, 19.32941832588838 ], [ -99.173364413377641, 19.329576349588251 ] ] ] ] } },
{ "type": "Feature", "properties": { "id": 2027.0, "entidad": 9, "distrito_f": 8, "distrito_l": 26, "municipio": 3, "seccion": 390, "tipo": 2, "control": 35125.0, "SECCION_TX": "0390", "SECCION__1": null, "SECCION__2": null, "SECCION_N": "390", "ESTATUS": null, "ALCALDIA_N": "COYOACAN", "EN_OPERATI": null, "EN_OP": "NO", "SEC_N": "390", "EST": null, "ALC_N": "COYOACAN", "OP": "NO", "NOMBRE": "SANTO DOMINGO PGAL DE STO DOMINGO" }, "geometry": { "type": "MultiPolygon", "coordinates": [ [ [ [ -99.169677600180904, 19.32473943156451 ], [ -99.170101555964663, 19.324968914084256 ], [ -99.170537206167864, 19.32520472495592 ], [ -99.170945984533631, 19.325425988935159 ], [ -99.1708735720064, 19.325608608831754 ], [ -99.170794932675705, 19.325806931849453 ], [ -99.170672382048778, 19.326115995136515 ], [ -99.171151597631891, 19.326229338912725 ], [ -99.170524794310381, 19.328187947019558 ], [ -99.16998216608097, 19.32804445070056 ], [ -99.169957995738642, 19.328113829980953 ], [ -99.169449040761407, 19.327970388468831 ], [ -99.169378243173469, 19.327946966474194 ], [ -99.169202966683358, 19.327894282244184 ], [ -99.16887962025902, 19.327804271106739 ], [ -99.168383012229896, 19.327652464914308 ], [ -99.168498534571768, 19.327379055102185 ], [ -99.168915534064027, 19.32639212310777 ], [ -99.169677600180904, 19.32473943156451 ] ] ] ] } },
{ "type": "Feature", "properties": { "id": 2028.0, "entidad": 9, "distrito_f": 8, "distrito_l": 26, "municipio": 3, "seccion": 391, "tipo": 2, "control": 35347.0, "SECCION_TX": "0391", "SECCION__1": null, "SECCION__2": null, "SECCION_N": "391", "ESTATUS": null, "ALCALDIA_N": "COYOACAN", "EN_OPERATI": null, "EN_OP": "NO", "SEC_N": "391", "EST": null, "ALC_N": "COYOACAN", "OP": "NO", "NOMBRE": "SANTO DOMINGO PGAL DE STO DOMINGO" }, "geometry": { "type": "MultiPolygon", "coordinates": [ [ [ [ -99.168915534064027, 19.32639212310777 ], [ -99.168498534571768, 19.327379055102185 ], [ -99.168383012229896, 19.327652464914308 ], [ -99.168162319485916, 19.328404940577798 ], [ -99.167648092879134, 19.32823897160176 ], [ -99.167466281767148, 19.328721886698862 ], [ -99.166955851863577, 19.328566199474395 ], [ -99.166479097337231, 19.328420782079746 ], [ -99.166916308096035, 19.3270664244742 ], [ -99.167019516235044, 19.327103999230289 ], [ -99.167713715948764, 19.325668290920227 ], [ -99.168071951983819, 19.32588405117643 ], [ -99.168482382132453, 19.326131245600301 ], [ -99.168915534064027, 19.32639212310777 ] ] ] ] } },
{ "type": "Feature", "properties": { "id": 2029.0, "entidad": 9, "distrito_f": 8, "distrito_l": 26, "municipio": 3, "seccion": 392, "tipo": 2, "control": 35349.0, "SECCION_TX": "0392", "SECCION__1": null, "SECCION__2": null, "SECCION_N": "392", "ESTATUS": null, "ALCALDIA_N": "COYOACAN", "EN_OPERATI": null, "EN_OP": "NO", "SEC_N": "392", "EST": null, "ALC_N": "COYOACAN", "OP": "NO", "NOMBRE": "SANTO DOMINGO PGAL DE STO DOMINGO" }, "geometry": { "type": "MultiPolygon", "coordinates": [ [ [ [ -99.165531735446777, 19.328133055273341 ], [ -99.165020550135949, 19.327978460965923 ], [ -99.164581780834652, 19.327845765561246 ], [ -99.164327613702994, 19.328595584186278 ], [ -99.164030812084931, 19.328494879660674 ], [ -99.164468701502287, 19.327183840623348 ], [ -99.164128400728529, 19.327092396277308 ], [ -99.163746288710271, 19.326989715689681 ], [ -99.163860262035044, 19.326637716318039 ], [ -99.163955424065563, 19.326343813229212 ], [ -99.164016288487588, 19.326155835984501 ], [ -99.164035350393434, 19.326160643151049 ], [ -99.164139424305688, 19.326186889207705 ], [ -99.164151908491547, 19.326156328434262 ], [ -99.164165774103679, 19.326122385971864 ], [ -99.16431135031759, 19.325766020330644 ], [ -99.164751632968247, 19.325893343746458 ], [ -99.164783580654912, 19.325902582509226 ], [ -99.165255811767864, 19.326039143457169 ], [ -99.165101609347346, 19.326406124252497 ], [ -99.165565483286244, 19.326564668207411 ], [ -99.166319172881543, 19.324972779601598 ], [ -99.166771612592484, 19.325155361388106 ], [ -99.166050260766738, 19.326654151485695 ], [ -99.166022905277572, 19.326710988810731 ], [ -99.166016032432125, 19.326730887692815 ], [ -99.166003094507786, 19.32676834672462 ], [ -99.165783689326958, 19.327403585432357 ], [ -99.165531735446777, 19.328133055273341 ] ] ] ] } },
{ "type": "Feature", "properties": { "id": 2030.0, "entidad": 9, "distrito_f": 8, "distrito_l": 26, "municipio": 3, "seccion": 393, "tipo": 2, "control": 35351.0, "SECCION_TX": "0393", "SECCION__1": null, "SECCION__2": null, "SECCION_N": "393", "ESTATUS": null, "ALCALDIA_N": "COYOACAN", "EN_OPERATI": null, "EN_OP": "NO", "SEC_N": "393", "EST": null, "ALC_N": "COYOACAN", "OP": "NO", "NOMBRE": "SANTO DOMINGO PGAL DE STO DOMINGO" }, "geometry": { "type": "MultiPolygon", "coordinates": [ [ [ [ -99.165565483286244, 19.326564668207411 ], [ -99.165101609347346, 19.326406124252497 ], [ -99.165255811767864, 19.326039143457169 ], [ -99.164783580654912, 19.325902582509226 ], [ -99.164751632968247, 19.325893343746458 ], [ -99.16431135031759, 19.325766020330644 ], [ -99.163893891739761, 19.32563506691459 ], [ -99.163725814655081, 19.325582342147793 ], [ -99.163392235648843, 19.325477699866056 ], [ -99.163511596338978, 19.325186032172233 ], [ -99.163621116889161, 19.324918408695048 ], [ -99.16331495507211, 19.324799714547851 ], [ -99.163157127620664, 19.324738527044708 ], [ -99.163482209825233, 19.323994220184684 ], [ -99.163737454009578, 19.324081957854474 ], [ -99.163943179505992, 19.324152673634334 ], [ -99.164450196763525, 19.324326953745498 ], [ -99.164644668160548, 19.323880390772036 ], [ -99.164828319079902, 19.323458672353613 ], [ -99.16503722750619, 19.32297895216001 ], [ -99.16516769722476, 19.322679350649217 ], [ -99.165605329896806, 19.322890101905916 ], [ -99.164924846346466, 19.324481367054442 ], [ -99.165396620016324, 19.324648338439577 ], [ -99.165861642712372, 19.324811530453243 ], [ -99.166319172881543, 19.324972779601598 ], [ -99.165565483286244, 19.326564668207411 ] ] ] ] } },
{ "type": "Feature", "properties": { "id": 2031.0, "entidad": 9, "distrito_f": 8, "distrito_l": 26, "municipio": 3, "seccion": 394, "tipo": 2, "control": 35345.0, "SECCION_TX": "0394", "SECCION__1": null, "SECCION__2": null, "SECCION_N": "394", "ESTATUS": null, "ALCALDIA_N": "COYOACAN", "EN_OPERATI": null, "EN_OP": "NO", "SEC_N": "394", "EST": null, "ALC_N": "COYOACAN", "OP": "NO", "NOMBRE": "SANTO DOMINGO PGAL DE STO DOMINGO" }, "geometry": { "type": "MultiPolygon", "coordinates": [ [ [ [ -99.161403272432068, 19.32728070057777 ], [ -99.160721642776011, 19.327079700276741 ], [ -99.160526938681642, 19.326937653312584 ], [ -99.161784988820941, 19.325500075812641 ], [ -99.16183734708018, 19.325427785373549 ], [ -99.162084954533967, 19.32507709133435 ], [ -99.163006418598826, 19.323813641446606 ], [ -99.163041060272832, 19.323842578311414 ], [ -99.163273450714513, 19.323922460963693 ], [ -99.163482209825233, 19.323994220184684 ], [ -99.163157127620664, 19.324738527044708 ], [ -99.16331495507211, 19.324799714547851 ], [ -99.163621116889161, 19.324918408695048 ], [ -99.163511596338978, 19.325186032172233 ], [ -99.163392235648843, 19.325477699866056 ], [ -99.162825427384249, 19.325299892870255 ], [ -99.162814323410174, 19.32533381651772 ], [ -99.162699172298232, 19.32568561274136 ], [ -99.162407263996101, 19.326629211758128 ], [ -99.162022353283803, 19.326523795356284 ], [ -99.161677575021017, 19.326438400317485 ], [ -99.161580577760972, 19.326746379787448 ], [ -99.161483580141663, 19.327054359197966 ], [ -99.161403272432068, 19.32728070057777 ] ] ] ] } },
{ "type": "Feature", "properties": { "id": 2032.0, "entidad": 9, "distrito_f": 8, "distrito_l": 26, "municipio": 3, "seccion": 395, "tipo": 2, "control": 35277.0, "SECCION_TX": "0395", "SECCION__1": null, "SECCION__2": null, "SECCION_N": "395", "ESTATUS": null, "ALCALDIA_N": "COYOACAN", "EN_OPERATI": null, "EN_OP": "NO", "SEC_N": "395", "EST": null, "ALC_N": "COYOACAN", "OP": "NO", "NOMBRE": "SANTO DOMINGO PGAL DE STO DOMINGO" }, "geometry": { "type": "MultiPolygon", "coordinates": [ [ [ [ -99.161784988820941, 19.325500075812641 ], [ -99.161106708009839, 19.324942967975197 ], [ -99.160415187552445, 19.324374979167736 ], [ -99.159723671868818, 19.323806987668632 ], [ -99.159588080884788, 19.323695616279139 ], [ -99.159429726506602, 19.323565547227179 ], [ -99.158734177849126, 19.322994233659458 ], [ -99.158049431631468, 19.322431019265125 ], [ -99.15934947578809, 19.320973898450458 ], [ -99.160037206872019, 19.321501114203215 ], [ -99.16076334122657, 19.322057763419412 ], [ -99.160904263899383, 19.322165792917286 ], [ -99.161045186757107, 19.322273822303565 ], [ -99.161780090258816, 19.32283718439588 ], [ -99.162477133885119, 19.323371517512804 ], [ -99.163006418598826, 19.323813641446606 ], [ -99.162084954533967, 19.32507709133435 ], [ -99.16183734708018, 19.325427785373549 ], [ -99.161784988820941, 19.325500075812641 ] ] ] ] } },
{ "type": "Feature", "properties": { "id": 2046.0, "entidad": 9, "distrito_f": 8, "distrito_l": 26, "municipio": 3, "seccion": 409, "tipo": 2, "control": 35122.0, "SECCION_TX": "0409", "SECCION__1": null, "SECCION__2": null, "SECCION_N": "409", "ESTATUS": null, "ALCALDIA_N": "COYOACAN", "EN_OPERATI": null, "EN_OP": "NO", "SEC_N": "409", "EST": null, "ALC_N": "COYOACAN", "OP": "NO", "NOMBRE": "SANTO DOMINGO PGAL DE STO DOMINGO" }, "geometry": { "type": "MultiPolygon", "coordinates": [ [ [ [ -99.166319172881543, 19.324972779601598 ], [ -99.166999644886047, 19.323381509422177 ], [ -99.167444024946505, 19.323572724077383 ], [ -99.167880174563223, 19.323800162857154 ], [ -99.168375538325066, 19.324058489189092 ], [ -99.168813341021533, 19.324286796299219 ], [ -99.169251845759831, 19.324515467812063 ], [ -99.169677600180904, 19.32473943156451 ], [ -99.168915534064027, 19.32639212310777 ], [ -99.168482382132453, 19.326131245600301 ], [ -99.168071951983819, 19.32588405117643 ], [ -99.167713715948764, 19.325668290920227 ], [ -99.167203910167672, 19.325390727435735 ], [ -99.166771612592484, 19.325155361388106 ], [ -99.166319172881543, 19.324972779601598 ] ] ] ] } },
{ "type": "Feature", "properties": { "id": 2047.0, "entidad": 9, "distrito_f": 8, "distrito_l": 26, "municipio": 3, "seccion": 410, "tipo": 2, "control": 35322.0, "SECCION_TX": "0410", "SECCION__1": null, "SECCION__2": null, "SECCION_N": "410", "ESTATUS": null, "ALCALDIA_N": "COYOACAN", "EN_OPERATI": null, "EN_OP": "NO", "SEC_N": "410", "EST": null, "ALC_N": "COYOACAN", "OP": "NO", "NOMBRE": "SANTO DOMINGO PGAL DE STO DOMINGO" }, "geometry": { "type": "MultiPolygon", "coordinates": [ [ [ [ -99.170945984533631, 19.325425988935159 ], [ -99.170537206167864, 19.32520472495592 ], [ -99.170101555964663, 19.324968914084256 ], [ -99.169677600180904, 19.32473943156451 ], [ -99.170467500897857, 19.322652205558125 ], [ -99.170921143698905, 19.322827317181247 ], [ -99.17137916659172, 19.323003990956686 ], [ -99.171614376772197, 19.323076515206729 ], [ -99.171580005457301, 19.323636440411917 ], [ -99.171507940925778, 19.323956616246569 ], [ -99.171366761521384, 19.324325767018649 ], [ -99.170945984533631, 19.325425988935159 ] ] ] ] } },
{ "type": "Feature", "properties": { "id": 2048.0, "entidad": 9, "distrito_f": 8, "distrito_l": 26, "municipio": 3, "seccion": 411, "tipo": 2, "control": 35050.0, "SECCION_TX": "0411", "SECCION__1": null, "SECCION__2": null, "SECCION_N": "411", "ESTATUS": null, "ALCALDIA_N": "COYOACAN", "EN_OPERATI": null, "EN_OP": "NO", "SEC_N": "411", "EST": null, "ALC_N": "COYOACAN", "OP": "NO", "NOMBRE": "SANTO DOMINGO PGAL DE STO DOMINGO" }, "geometry": { "type": "MultiPolygon", "coordinates": [ [ [ [ -99.173351422251784, 19.328395995528449 ], [ -99.173313471724953, 19.32791539265051 ], [ -99.173278262629665, 19.32746950439298 ], [ -99.17322987761456, 19.326856751973136 ], [ -99.17265539803725, 19.326688928845506 ], [ -99.172676419426622, 19.326600716228594 ], [ -99.171587696151207, 19.326335554177366 ], [ -99.171207994254374, 19.326243074825541 ], [ -99.171151597631891, 19.326229338912725 ], [ -99.171315797884375, 19.325760159794637 ], [ -99.171315622392854, 19.325591792022912 ], [ -99.17167757156885, 19.324432919853951 ], [ -99.171904130667542, 19.324497787155302 ], [ -99.172130689942875, 19.324562654173381 ], [ -99.172379520337444, 19.324633897332667 ], [ -99.172780042695209, 19.324748570894787 ], [ -99.172762991545284, 19.324596254144236 ], [ -99.17253542751105, 19.323565711455885 ], [ -99.172486681115586, 19.323344957576019 ], [ -99.172470728740578, 19.323276396340997 ], [ -99.172844130526713, 19.323324816015909 ], [ -99.17336914519737, 19.325539937254327 ], [ -99.173537470017422, 19.326219066755183 ], [ -99.173539099197782, 19.326303839707272 ], [ -99.173540499791216, 19.326376718256835 ], [ -99.173541900386212, 19.326449596805791 ], [ -99.173533547137367, 19.326537212692543 ], [ -99.173351422251784, 19.328395995528449 ] ] ] ] } },
{ "type": "Feature", "properties": { "id": 2052.0, "entidad": 9, "distrito_f": 8, "distrito_l": 26, "municipio": 3, "seccion": 415, "tipo": 2, "control": 35293.0, "SECCION_TX": "0415", "SECCION__1": null, "SECCION__2": null, "SECCION_N": "415", "ESTATUS": null, "ALCALDIA_N": "COYOACAN", "EN_OPERATI": null, "EN_OP": "NO", "SEC_N": "415", "EST": null, "ALC_N": "COYOACAN", "OP": "NO", "NOMBRE": "SANTO DOMINGO PGAL DE STO DOMINGO" }, "geometry": { "type": "MultiPolygon", "coordinates": [ [ [ [ -99.172486681115586, 19.323344957576019 ], [ -99.172049951275909, 19.323210559253841 ], [ -99.171852321519012, 19.323149740670601 ], [ -99.171614376772197, 19.323076515206729 ], [ -99.17137916659172, 19.323003990956686 ], [ -99.170921143698905, 19.322827317181247 ], [ -99.170467500897857, 19.322652205558125 ], [ -99.171315791618767, 19.320314282881256 ], [ -99.171785029969797, 19.320450460549029 ], [ -99.171879652046471, 19.320477920648813 ], [ -99.172042217682687, 19.321247603977827 ], [ -99.172227207885342, 19.322123449461685 ], [ -99.172470728740578, 19.323276396340997 ], [ -99.172486681115586, 19.323344957576019 ] ] ] ] } },
{ "type": "Feature", "properties": { "id": 2053.0, "entidad": 9, "distrito_f": 8, "distrito_l": 26, "municipio": 3, "seccion": 416, "tipo": 2, "control": 35324.0, "SECCION_TX": "0416", "SECCION__1": null, "SECCION__2": null, "SECCION_N": "416", "ESTATUS": null, "ALCALDIA_N": "COYOACAN", "EN_OPERATI": null, "EN_OP": "NO", "SEC_N": "416", "EST": null, "ALC_N": "COYOACAN", "OP": "NO", "NOMBRE": "SANTO DOMINGO PGAL DE STO DOMINGO" }, "geometry": { "type": "MultiPolygon", "coordinates": [ [ [ [ -99.169677600180904, 19.32473943156451 ], [ -99.169251845759831, 19.324515467812063 ], [ -99.168813341021533, 19.324286796299219 ], [ -99.168375538325066, 19.324058489189092 ], [ -99.167880174563223, 19.323800162857154 ], [ -99.167444024946505, 19.323572724077383 ], [ -99.166999644886047, 19.323381509422177 ], [ -99.16653575062071, 19.323214587155054 ], [ -99.167314115389544, 19.321352690183346 ], [ -99.1677823100474, 19.321515797860791 ], [ -99.168246081677765, 19.32168137947739 ], [ -99.16869631046518, 19.321867423960146 ], [ -99.169137075134429, 19.32205890106723 ], [ -99.169565128312925, 19.322278460178378 ], [ -99.170027406174938, 19.322472023940239 ], [ -99.170467500897857, 19.322652205558125 ], [ -99.169677600180904, 19.32473943156451 ] ] ] ] } },
{ "type": "Feature", "properties": { "id": 2054.0, "entidad": 9, "distrito_f": 8, "distrito_l": 26, "municipio": 3, "seccion": 417, "tipo": 2, "control": 35306.0, "SECCION_TX": "0417", "SECCION__1": null, "SECCION__2": null, "SECCION_N": "417", "ESTATUS": null, "ALCALDIA_N": "COYOACAN", "EN_OPERATI": null, "EN_OP": "NO", "SEC_N": "417", "EST": null, "ALC_N": "COYOACAN", "OP": "NO", "NOMBRE": "SANTO DOMINGO PGAL DE STO DOMINGO" }, "geometry": { "type": "MultiPolygon", "coordinates": [ [ [ [ -99.16653575062071, 19.323214587155054 ], [ -99.166042900713208, 19.323042705962671 ], [ -99.165605329896806, 19.322890101905916 ], [ -99.16516769722476, 19.322679350649217 ], [ -99.164936427554466, 19.322490297793486 ], [ -99.164789278001336, 19.322370009077204 ], [ -99.16465522722244, 19.322292016510993 ], [ -99.164454009217323, 19.322174944812822 ], [ -99.164375828766651, 19.322129458130973 ], [ -99.164165552403503, 19.322007115564695 ], [ -99.16384716756049, 19.321821872728258 ], [ -99.165060195845442, 19.320430174152087 ], [ -99.165186190245933, 19.320512894880178 ], [ -99.165251875183742, 19.32056452229574 ], [ -99.16548237541879, 19.320645016998899 ], [ -99.165616769877758, 19.320691949716846 ], [ -99.165941036650921, 19.320805188396537 ], [ -99.166379437357747, 19.321032074585368 ], [ -99.166845705736321, 19.321192010155716 ], [ -99.167314115389544, 19.321352690183346 ], [ -99.16653575062071, 19.323214587155054 ] ] ] ] } },
{ "type": "Feature", "properties": { "id": 2055.0, "entidad": 9, "distrito_f": 8, "distrito_l": 26, "municipio": 3, "seccion": 418, "tipo": 2, "control": 35286.0, "SECCION_TX": "0418", "SECCION__1": null, "SECCION__2": null, "SECCION_N": "418", "ESTATUS": null, "ALCALDIA_N": "COYOACAN", "EN_OPERATI": null, "EN_OP": "NO", "SEC_N": "418", "EST": null, "ALC_N": "COYOACAN", "OP": "NO", "NOMBRE": "SANTO DOMINGO PGAL DE STO DOMINGO" }, "geometry": { "type": "MultiPolygon", "coordinates": [ [ [ [ -99.160668725713506, 19.319448866991475 ], [ -99.162126350386558, 19.31779255821856 ], [ -99.162823648272393, 19.318347489911407 ], [ -99.163555315606288, 19.318941574525233 ], [ -99.163692388996722, 19.319046747552701 ], [ -99.163829462562205, 19.319151920474749 ], [ -99.164552182412805, 19.319729929286225 ], [ -99.165957328328261, 19.31809488483492 ], [ -99.166551706426446, 19.318582833318782 ], [ -99.166358974481469, 19.318806585538265 ], [ -99.165212128452268, 19.320255860740758 ], [ -99.165060195845442, 19.320430174152087 ], [ -99.16384716756049, 19.321821872728258 ], [ -99.163124840004684, 19.321282598260257 ], [ -99.162415449245771, 19.320752975845405 ], [ -99.162269714389836, 19.320644171223229 ], [ -99.162123979726431, 19.32053536648203 ], [ -99.161380410641556, 19.319980217580859 ], [ -99.160668725713506, 19.319448866991475 ] ] ] ] } },
{ "type": "Feature", "properties": { "id": 2076.0, "entidad": 9, "distrito_f": 8, "distrito_l": 26, "municipio": 3, "seccion": 439, "tipo": 2, "control": 35298.0, "SECCION_TX": "0439", "SECCION__1": null, "SECCION__2": null, "SECCION_N": "439", "ESTATUS": "COMPLETA", "ALCALDIA_N": "COYOACAN", "EN_OPERATI": null, "EN_OP": "SI", "SEC_N": "439", "EST": "COMPLETA", "ALC_N": "COYOACAN", "OP": "SI", "NOMBRE": "SANTO DOMINGO PGAL DE STO DOMINGO" }, "geometry": { "type": "MultiPolygon", "coordinates": [ [ [ [ -99.167314115389544, 19.321352690183346 ], [ -99.166845705736321, 19.321192010155716 ], [ -99.166379437357747, 19.321032074585368 ], [ -99.165941036650921, 19.320805188396537 ], [ -99.165616769877758, 19.320691949716846 ], [ -99.16548237541879, 19.320645016998899 ], [ -99.165251875183742, 19.32056452229574 ], [ -99.165186190245933, 19.320512894880178 ], [ -99.165060195845442, 19.320430174152087 ], [ -99.165212128452268, 19.320255860740758 ], [ -99.166358974481469, 19.318806585538265 ], [ -99.16668063540132, 19.319002881857806 ], [ -99.166739666768223, 19.319016817675923 ], [ -99.16699365132159, 19.319085485165449 ], [ -99.16717299065543, 19.319134182250188 ], [ -99.167657429391468, 19.319267850977937 ], [ -99.16811715793861, 19.319397756207522 ], [ -99.167314115389544, 19.321352690183346 ] ] ] ] } },
{ "type": "Feature", "properties": { "id": 2077.0, "entidad": 9, "distrito_f": 8, "distrito_l": 26, "municipio": 3, "seccion": 440, "tipo": 2, "control": 35296.0, "SECCION_TX": "0440", "SECCION__1": null, "SECCION__2": null, "SECCION_N": "440", "ESTATUS": "COMPLETA", "ALCALDIA_N": "COYOACAN", "EN_OPERATI": null, "EN_OP": "SI", "SEC_N": "440", "EST": "COMPLETA", "ALC_N": "COYOACAN", "OP": "SI", "NOMBRE": "SANTO DOMINGO PGAL DE STO DOMINGO" }, "geometry": { "type": "MultiPolygon", "coordinates": [ [ [ [ -99.169565128312925, 19.322278460178378 ], [ -99.169137075134429, 19.32205890106723 ], [ -99.16869631046518, 19.321867423960146 ], [ -99.168246081677765, 19.32168137947739 ], [ -99.169059476393002, 19.319660808310701 ], [ -99.16950984526288, 19.31979105770975 ], [ -99.169916873122816, 19.319908771488553 ], [ -99.170385379276468, 19.32004426365177 ], [ -99.169565128312925, 19.322278460178378 ] ] ] ] } },
{ "type": "Feature", "properties": { "id": 2078.0, "entidad": 9, "distrito_f": 8, "distrito_l": 26, "municipio": 3, "seccion": 441, "tipo": 2, "control": 35080.0, "SECCION_TX": "0441", "SECCION__1": null, "SECCION__2": null, "SECCION_N": "441", "ESTATUS": null, "ALCALDIA_N": "COYOACAN", "EN_OPERATI": null, "EN_OP": "NO", "SEC_N": "441", "EST": null, "ALC_N": "COYOACAN", "OP": "NO", "NOMBRE": "SANTO DOMINGO PGAL DE STO DOMINGO" }, "geometry": { "type": "MultiPolygon", "coordinates": [ [ [ [ -99.171220174894742, 19.317152833691761 ], [ -99.17129407284834, 19.317578232628172 ], [ -99.171426900547544, 19.318342859126211 ], [ -99.171440347650901, 19.31840641733341 ], [ -99.171643350939974, 19.3193659132539 ], [ -99.171879652046471, 19.320477920648813 ], [ -99.171785029969797, 19.320450460549029 ], [ -99.171315791618767, 19.320314282881256 ], [ -99.170846191131361, 19.320177998678432 ], [ -99.170385379276468, 19.32004426365177 ], [ -99.169916873122816, 19.319908771488553 ], [ -99.16950984526288, 19.31979105770975 ], [ -99.169059476393002, 19.319660808310701 ], [ -99.169738112676825, 19.317843282467418 ], [ -99.170211399666456, 19.317970905838859 ], [ -99.170545999822821, 19.316978711391513 ], [ -99.170616404699203, 19.316997177429524 ], [ -99.170984376226613, 19.317091933210211 ], [ -99.171220174894742, 19.317152833691761 ] ] ] ] } },
{ "type": "Feature", "properties": { "id": 2079.0, "entidad": 9, "distrito_f": 8, "distrito_l": 26, "municipio": 3, "seccion": 442, "tipo": 2, "control": 35085.0, "SECCION_TX": "0442", "SECCION__1": null, "SECCION__2": null, "SECCION_N": "442", "ESTATUS": null, "ALCALDIA_N": "COYOACAN", "EN_OPERATI": null, "EN_OP": "NO", "SEC_N": "442", "EST": null, "ALC_N": "COYOACAN", "OP": "NO", "NOMBRE": "SANTO DOMINGO PGAL DE STO DOMINGO" }, "geometry": { "type": "MultiPolygon", "coordinates": [ [ [ [ -99.169738112676825, 19.317843282467418 ], [ -99.169059476393002, 19.319660808310701 ], [ -99.168578592014967, 19.31952402264697 ], [ -99.16811715793861, 19.319397756207522 ], [ -99.167657429391468, 19.319267850977937 ], [ -99.168141996053535, 19.31793248998947 ], [ -99.168308646197289, 19.317457813509552 ], [ -99.168774190379779, 19.317583353269978 ], [ -99.16924559111699, 19.317710416501033 ], [ -99.169563234109788, 19.317802162563538 ], [ -99.169738112676825, 19.317843282467418 ] ] ] ] } },
{ "type": "Feature", "properties": { "id": 2080.0, "entidad": 9, "distrito_f": 8, "distrito_l": 26, "municipio": 3, "seccion": 443, "tipo": 2, "control": 35105.0, "SECCION_TX": "0443", "SECCION__1": null, "SECCION__2": null, "SECCION_N": "443", "ESTATUS": "COMPLETA", "ALCALDIA_N": "COYOACAN", "EN_OPERATI": null, "EN_OP": "SI", "SEC_N": "443", "EST": "COMPLETA", "ALC_N": "COYOACAN", "OP": "SI", "NOMBRE": "SANTO DOMINGO PGAL DE STO DOMINGO" }, "geometry": { "type": "MultiPolygon", "coordinates": [ [ [ [ -99.167657429391468, 19.319267850977937 ], [ -99.16717299065543, 19.319134182250188 ], [ -99.16699365132159, 19.319085485165449 ], [ -99.166739666768223, 19.319016817675923 ], [ -99.16668063540132, 19.319002881857806 ], [ -99.166358974481469, 19.318806585538265 ], [ -99.166551706426446, 19.318582833318782 ], [ -99.165957328328261, 19.31809488483492 ], [ -99.165263412114243, 19.317535284000961 ], [ -99.166593284478594, 19.31605184203891 ], [ -99.167279655601888, 19.316618979471542 ], [ -99.167700779171156, 19.31697057645701 ], [ -99.168083234905964, 19.316422545837373 ], [ -99.168400273380541, 19.316488175506535 ], [ -99.168599935924235, 19.316529507046155 ], [ -99.168504509043913, 19.316833622608474 ], [ -99.168308646197289, 19.317457813509552 ], [ -99.168141996053535, 19.31793248998947 ], [ -99.167657429391468, 19.319267850977937 ] ] ] ] } },
{ "type": "Feature", "properties": { "id": 2095.0, "entidad": 9, "distrito_f": 8, "distrito_l": 26, "municipio": 3, "seccion": 457, "tipo": 2, "control": 35064.0, "SECCION_TX": "0457", "SECCION__1": null, "SECCION__2": null, "SECCION_N": "457", "ESTATUS": null, "ALCALDIA_N": "COYOACAN", "EN_OPERATI": null, "EN_OP": "NO", "SEC_N": "457", "EST": null, "ALC_N": "COYOACAN", "OP": "NO", "NOMBRE": "SANTO DOMINGO PGAL DE STO DOMINGO" }, "geometry": { "type": "MultiPolygon", "coordinates": [ [ [ [ -99.171118485505716, 19.315570683648854 ], [ -99.170905865738874, 19.315594792358105 ], [ -99.170884788252664, 19.315596610597204 ], [ -99.170882236697423, 19.315622040788632 ], [ -99.170713232723784, 19.316566516787276 ], [ -99.170282737896684, 19.316490734903205 ], [ -99.169852232727806, 19.316404563258757 ], [ -99.169556695876082, 19.316325191051664 ], [ -99.169447214727157, 19.316273349004199 ], [ -99.169082253136395, 19.31607630130144 ], [ -99.168906356777867, 19.315993009249809 ], [ -99.168680823742065, 19.315886212411026 ], [ -99.168611717880239, 19.31588413162989 ], [ -99.16859117732578, 19.3158835131476 ], [ -99.168509405319298, 19.315903685391902 ], [ -99.168442854182473, 19.315935458126447 ], [ -99.168083234905964, 19.316422545837373 ], [ -99.167700779171156, 19.31697057645701 ], [ -99.167279655601888, 19.316618979471542 ], [ -99.168603432394349, 19.31511334073662 ], [ -99.169918258729354, 19.313618322262226 ], [ -99.169255239306125, 19.313062586996452 ], [ -99.169956120069543, 19.312720309014036 ], [ -99.170481842046939, 19.312464778389302 ], [ -99.170684578352393, 19.312331236869497 ], [ -99.170834819782627, 19.312375300468641 ], [ -99.170774849521479, 19.312468535952767 ], [ -99.170805469471276, 19.312752152107873 ], [ -99.170889077649989, 19.31350500621275 ], [ -99.171089342959078, 19.315308275870557 ], [ -99.171104957816084, 19.315448876593695 ], [ -99.171108869024337, 19.315484094213005 ], [ -99.171118485505716, 19.315570683648854 ] ] ] ] } },
{ "type": "Feature", "properties": { "id": 2125.0, "entidad": 9, "distrito_f": 8, "distrito_l": 26, "municipio": 3, "seccion": 484, "tipo": 2, "control": 35358.0, "SECCION_TX": "0484", "SECCION__1": null, "SECCION__2": null, "SECCION_N": "484", "ESTATUS": null, "ALCALDIA_N": "COYOACAN", "EN_OPERATI": null, "EN_OP": "NO", "SEC_N": "484", "EST": null, "ALC_N": "COYOACAN", "OP": "NO", "NOMBRE": "SANTO DOMINGO PGAL DE STO DOMINGO" }, "geometry": { "type": "MultiPolygon", "coordinates": [ [ [ [ -99.168492429692492, 19.335810160348498 ], [ -99.168122350335821, 19.335789329504561 ], [ -99.167752271066703, 19.335768497908564 ], [ -99.167381408073894, 19.335747604471386 ], [ -99.167420008785683, 19.335659805089286 ], [ -99.167470840360636, 19.335544185799719 ], [ -99.167742416508005, 19.334742985839608 ], [ -99.167859091266507, 19.334398771167695 ], [ -99.16880108509973, 19.33161963918192 ], [ -99.169327774994002, 19.331781158839124 ], [ -99.169356215392838, 19.331781788678668 ], [ -99.169732631095911, 19.331904159395688 ], [ -99.169795314405022, 19.331924537308097 ], [ -99.168869953094742, 19.334692624749803 ], [ -99.168565451796937, 19.335592843726154 ], [ -99.168547932745156, 19.335644636238342 ], [ -99.168509256554557, 19.335759978436201 ], [ -99.168492429692492, 19.335810160348498 ] ] ] ] } },
{ "type": "Feature", "properties": { "id": 2127.0, "entidad": 9, "distrito_f": 8, "distrito_l": 26, "municipio": 3, "seccion": 486, "tipo": 2, "control": 35331.0, "SECCION_TX": "0486", "SECCION__1": null, "SECCION__2": null, "SECCION_N": "486", "ESTATUS": null, "ALCALDIA_N": "COYOACAN", "EN_OPERATI": null, "EN_OP": "NO", "SEC_N": "486", "EST": null, "ALC_N": "COYOACAN", "OP": "NO", "NOMBRE": "SANTO DOMINGO PGAL DE STO DOMINGO" }, "geometry": { "type": "MultiPolygon", "coordinates": [ [ [ [ -99.172844172989159, 19.332823589179867 ], [ -99.172752338762947, 19.332796695617006 ], [ -99.17226998190219, 19.332655436977131 ], [ -99.17178926898751, 19.332511936896562 ], [ -99.171348070886992, 19.332383925183475 ], [ -99.170785605664037, 19.332220726497045 ], [ -99.170244198875977, 19.332058796315454 ], [ -99.170762719266264, 19.330452871407516 ], [ -99.170302559529631, 19.330405568643748 ], [ -99.17035535816278, 19.330253414343904 ], [ -99.17040815669921, 19.330101260026886 ], [ -99.170519785787832, 19.329779567413926 ], [ -99.170581881484992, 19.329600619514249 ], [ -99.170722075920267, 19.329196604512926 ], [ -99.171168302813811, 19.3293373401767 ], [ -99.171699501820342, 19.329504873481273 ], [ -99.171731475350185, 19.329419985924911 ], [ -99.172358674787191, 19.329637925818954 ], [ -99.17241946072464, 19.329652142752177 ], [ -99.172592646930781, 19.33094538858256 ], [ -99.172614351972015, 19.331107466693314 ], [ -99.172844172989159, 19.332823589179867 ] ] ] ] } },
{ "type": "Feature", "properties": { "id": 2128.0, "entidad": 9, "distrito_f": 8, "distrito_l": 26, "municipio": 3, "seccion": 487, "tipo": 2, "control": 35325.0, "SECCION_TX": "0487", "SECCION__1": null, "SECCION__2": null, "SECCION_N": "487", "ESTATUS": null, "ALCALDIA_N": "COYOACAN", "EN_OPERATI": null, "EN_OP": "NO", "SEC_N": "487", "EST": null, "ALC_N": "COYOACAN", "OP": "NO", "NOMBRE": "SANTO DOMINGO PGAL DE STO DOMINGO" }, "geometry": { "type": "MultiPolygon", "coordinates": [ [ [ [ -99.172676419426622, 19.326600716228594 ], [ -99.17265539803725, 19.326688928845506 ], [ -99.17253060629568, 19.327057810897109 ], [ -99.172426461771863, 19.327365658832964 ], [ -99.172382499011988, 19.327495611005624 ], [ -99.172320108496578, 19.327680034522871 ], [ -99.172178961417472, 19.328097257250832 ], [ -99.172050434710187, 19.328477172949665 ], [ -99.171965290271217, 19.3287288527724 ], [ -99.171783672969426, 19.329265695592984 ], [ -99.171731475350185, 19.329419985924911 ], [ -99.171699501820342, 19.329504873481273 ], [ -99.171168302813811, 19.3293373401767 ], [ -99.170722075920267, 19.329196604512926 ], [ -99.171077690466689, 19.328021238827588 ], [ -99.171136989689188, 19.327825243264481 ], [ -99.171267350041106, 19.327394375027392 ], [ -99.171311904457696, 19.327247112822725 ], [ -99.171375334336773, 19.327037462566981 ], [ -99.171587696151207, 19.326335554177366 ], [ -99.172676419426622, 19.326600716228594 ] ] ] ] } },
{ "type": "Feature", "properties": { "id": 2129.0, "entidad": 9, "distrito_f": 8, "distrito_l": 26, "municipio": 3, "seccion": 488, "tipo": 2, "control": 35348.0, "SECCION_TX": "0488", "SECCION__1": null, "SECCION__2": null, "SECCION_N": "488", "ESTATUS": null, "ALCALDIA_N": "COYOACAN", "EN_OPERATI": null, "EN_OP": "NO", "SEC_N": "488", "EST": null, "ALC_N": "COYOACAN", "OP": "NO", "NOMBRE": "SANTO DOMINGO PGAL DE STO DOMINGO" }, "geometry": { "type": "MultiPolygon", "coordinates": [ [ [ [ -99.167713715948764, 19.325668290920227 ], [ -99.167019516235044, 19.327103999230289 ], [ -99.166916308096035, 19.3270664244742 ], [ -99.166479097337231, 19.328420782079746 ], [ -99.166007223514029, 19.328277468268279 ], [ -99.165531735446777, 19.328133055273341 ], [ -99.165783689326958, 19.327403585432357 ], [ -99.166003094507786, 19.32676834672462 ], [ -99.166016032432125, 19.326730887692815 ], [ -99.166022905277572, 19.326710988810731 ], [ -99.166050260766738, 19.326654151485695 ], [ -99.166771612592484, 19.325155361388106 ], [ -99.167203910167672, 19.325390727435735 ], [ -99.167713715948764, 19.325668290920227 ] ] ] ] } },
{ "type": "Feature", "properties": { "id": 2130.0, "entidad": 9, "distrito_f": 8, "distrito_l": 26, "municipio": 3, "seccion": 489, "tipo": 2, "control": 35344.0, "SECCION_TX": "0489", "SECCION__1": null, "SECCION__2": null, "SECCION_N": "489", "ESTATUS": null, "ALCALDIA_N": "COYOACAN", "EN_OPERATI": null, "EN_OP": "NO", "SEC_N": "489", "EST": null, "ALC_N": "COYOACAN", "OP": "NO", "NOMBRE": "SANTO DOMINGO PGAL DE STO DOMINGO" }, "geometry": { "type": "MultiPolygon", "coordinates": [ [ [ [ -99.161089458804113, 19.329282635931708 ], [ -99.160799042382493, 19.329198088479881 ], [ -99.160764654198871, 19.329178528829264 ], [ -99.160972828342793, 19.328495633560905 ], [ -99.160518838198996, 19.328364872569232 ], [ -99.160027959208691, 19.328209555197827 ], [ -99.159766705800038, 19.328615779636188 ], [ -99.159640803977169, 19.328811544258766 ], [ -99.159187650941163, 19.328446716037593 ], [ -99.160526938681642, 19.326937653312584 ], [ -99.160721642776011, 19.327079700276741 ], [ -99.161403272432068, 19.32728070057777 ], [ -99.161483580141663, 19.327054359197966 ], [ -99.161580577760972, 19.326746379787448 ], [ -99.161677575021017, 19.326438400317485 ], [ -99.162022353283803, 19.326523795356284 ], [ -99.161921203401633, 19.326835798112512 ], [ -99.161589592395899, 19.327858663085276 ], [ -99.161536214700661, 19.327895182890131 ], [ -99.161396722374121, 19.328204312804193 ], [ -99.161341582478428, 19.328268411058591 ], [ -99.161286531116104, 19.328422760730842 ], [ -99.161301948111358, 19.328507175928518 ], [ -99.161133723680749, 19.328967316217824 ], [ -99.161143015541924, 19.329060470853104 ], [ -99.161089458804113, 19.329282635931708 ] ] ] ] } },
{ "type": "Feature", "properties": { "id": 2118.0, "entidad": 9, "distrito_f": 8, "distrito_l": 26, "municipio": 3, "seccion": 494, "tipo": 2, "control": 35120.0, "SECCION_TX": "0494", "SECCION__1": null, "SECCION__2": null, "SECCION_N": "494", "ESTATUS": null, "ALCALDIA_N": "COYOACAN", "EN_OPERATI": null, "EN_OP": "NO", "SEC_N": "494", "EST": null, "ALC_N": "COYOACAN", "OP": "NO", "NOMBRE": "SANTO DOMINGO PGAL DE STO DOMINGO" }, "geometry": { "type": "MultiPolygon", "coordinates": [ [ [ [ -99.16516769722476, 19.322679350649217 ], [ -99.16503722750619, 19.32297895216001 ], [ -99.164828319079902, 19.323458672353613 ], [ -99.164644668160548, 19.323880390772036 ], [ -99.164450196763525, 19.324326953745498 ], [ -99.163943179505992, 19.324152673634334 ], [ -99.163737454009578, 19.324081957854474 ], [ -99.163482209825233, 19.323994220184684 ], [ -99.163273450714513, 19.323922460963693 ], [ -99.163041060272832, 19.323842578311414 ], [ -99.163006418598826, 19.323813641446606 ], [ -99.162477133885119, 19.323371517512804 ], [ -99.16384716756049, 19.321821872728258 ], [ -99.164165552403503, 19.322007115564695 ], [ -99.164375828766651, 19.322129458130973 ], [ -99.164454009217323, 19.322174944812822 ], [ -99.16465522722244, 19.322292016510993 ], [ -99.164789278001336, 19.322370009077204 ], [ -99.164936427554466, 19.322490297793486 ], [ -99.16516769722476, 19.322679350649217 ] ] ] ] } },
{ "type": "Feature", "properties": { "id": 2134.0, "entidad": 9, "distrito_f": 8, "distrito_l": 26, "municipio": 3, "seccion": 496, "tipo": 2, "control": 35294.0, "SECCION_TX": "0496", "SECCION__1": null, "SECCION__2": null, "SECCION_N": "496", "ESTATUS": null, "ALCALDIA_N": "COYOACAN", "EN_OPERATI": null, "EN_OP": "NO", "SEC_N": "496", "EST": null, "ALC_N": "COYOACAN", "OP": "NO", "NOMBRE": "SANTO DOMINGO PGAL DE STO DOMINGO" }, "geometry": { "type": "MultiPolygon", "coordinates": [ [ [ [ -99.170467500897857, 19.322652205558125 ], [ -99.170027406174938, 19.322472023940239 ], [ -99.169565128312925, 19.322278460178378 ], [ -99.170385379276468, 19.32004426365177 ], [ -99.170846191131361, 19.320177998678432 ], [ -99.171315791618767, 19.320314282881256 ], [ -99.170467500897857, 19.322652205558125 ] ] ] ] } },
{ "type": "Feature", "properties": { "id": 2135.0, "entidad": 9, "distrito_f": 8, "distrito_l": 26, "municipio": 3, "seccion": 497, "tipo": 2, "control": 35297.0, "SECCION_TX": "0497", "SECCION__1": null, "SECCION__2": null, "SECCION_N": "497", "ESTATUS": null, "ALCALDIA_N": "COYOACAN", "EN_OPERATI": null, "EN_OP": "NO", "SEC_N": "497", "EST": null, "ALC_N": "COYOACAN", "OP": "NO", "NOMBRE": "SANTO DOMINGO PGAL DE STO DOMINGO" }, "geometry": { "type": "MultiPolygon", "coordinates": [ [ [ [ -99.168246081677765, 19.32168137947739 ], [ -99.1677823100474, 19.321515797860791 ], [ -99.167314115389544, 19.321352690183346 ], [ -99.16811715793861, 19.319397756207522 ], [ -99.168578592014967, 19.31952402264697 ], [ -99.169059476393002, 19.319660808310701 ], [ -99.168246081677765, 19.32168137947739 ] ] ] ] } },
{ "type": "Feature", "properties": { "id": 2141.0, "entidad": 9, "distrito_f": 8, "distrito_l": 26, "municipio": 3, "seccion": 503, "tipo": 2, "control": 35073.0, "SECCION_TX": "0503", "SECCION__1": null, "SECCION__2": null, "SECCION_N": "503", "ESTATUS": null, "ALCALDIA_N": "COYOACAN", "EN_OPERATI": null, "EN_OP": "NO", "SEC_N": "503", "EST": null, "ALC_N": "COYOACAN", "OP": "NO", "NOMBRE": "SANTO DOMINGO PGAL DE STO DOMINGO" }, "geometry": { "type": "MultiPolygon", "coordinates": [ [ [ [ -99.170713232723784, 19.316566516787276 ], [ -99.170616404699203, 19.316997177429524 ], [ -99.170545999822821, 19.316978711391513 ], [ -99.170211399666456, 19.317970905838859 ], [ -99.169738112676825, 19.317843282467418 ], [ -99.169563234109788, 19.317802162563538 ], [ -99.16924559111699, 19.317710416501033 ], [ -99.168774190379779, 19.317583353269978 ], [ -99.168308646197289, 19.317457813509552 ], [ -99.168504509043913, 19.316833622608474 ], [ -99.168599935924235, 19.316529507046155 ], [ -99.168400273380541, 19.316488175506535 ], [ -99.168083234905964, 19.316422545837373 ], [ -99.168442854182473, 19.315935458126447 ], [ -99.168509405319298, 19.315903685391902 ], [ -99.16859117732578, 19.3158835131476 ], [ -99.168611717880239, 19.31588413162989 ], [ -99.168680823742065, 19.315886212411026 ], [ -99.168906356777867, 19.315993009249809 ], [ -99.169082253136395, 19.31607630130144 ], [ -99.169447214727157, 19.316273349004199 ], [ -99.169556695876082, 19.316325191051664 ], [ -99.169852232727806, 19.316404563258757 ], [ -99.170282737896684, 19.316490734903205 ], [ -99.170713232723784, 19.316566516787276 ] ] ] ] } },
{ "type": "Feature", "properties": { "id": 2142.0, "entidad": 9, "distrito_f": 8, "distrito_l": 26, "municipio": 3, "seccion": 504, "tipo": 2, "control": 35075.0, "SECCION_TX": "0504", "SECCION__1": null, "SECCION__2": null, "SECCION_N": "504", "ESTATUS": null, "ALCALDIA_N": "COYOACAN", "EN_OPERATI": null, "EN_OP": "NO", "SEC_N": "504", "EST": null, "ALC_N": "COYOACAN", "OP": "NO", "NOMBRE": "SANTO DOMINGO PGAL DE STO DOMINGO" }, "geometry": { "type": "MultiPolygon", "coordinates": [ [ [ [ -99.172844130526713, 19.323324816015909 ], [ -99.172470728740578, 19.323276396340997 ], [ -99.172227207885342, 19.322123449461685 ], [ -99.172042217682687, 19.321247603977827 ], [ -99.171879652046471, 19.320477920648813 ], [ -99.171643350939974, 19.3193659132539 ], [ -99.171440347650901, 19.31840641733341 ], [ -99.171426900547544, 19.318342859126211 ], [ -99.17129407284834, 19.317578232628172 ], [ -99.171220174894742, 19.317152833691761 ], [ -99.170984376226613, 19.317091933210211 ], [ -99.170616404699203, 19.316997177429524 ], [ -99.170713232723784, 19.316566516787276 ], [ -99.170882236697423, 19.315622040788632 ], [ -99.170884788252664, 19.315596610597204 ], [ -99.170905865738874, 19.315594792358105 ], [ -99.171118485505716, 19.315570683648854 ], [ -99.171240008474001, 19.316132331403587 ], [ -99.171350784744533, 19.316644625976465 ], [ -99.171362904618078, 19.316701001722116 ], [ -99.171681158685132, 19.318173731848297 ], [ -99.172320887665691, 19.321132254062306 ], [ -99.172376013823282, 19.321375341834482 ], [ -99.172481539196724, 19.32184067104987 ], [ -99.17256575999842, 19.32221967749269 ], [ -99.17265464296284, 19.322602974791995 ], [ -99.172749497628288, 19.32295113895783 ], [ -99.172844130526713, 19.323324816015909 ] ] ] ] } },
{ "type": "Feature", "properties": { "id": 2143.0, "entidad": 9, "distrito_f": 8, "distrito_l": 26, "municipio": 3, "seccion": 505, "tipo": 2, "control": 35066.0, "SECCION_TX": "0505", "SECCION__1": null, "SECCION__2": null, "SECCION_N": "505", "ESTATUS": null, "ALCALDIA_N": "COYOACAN", "EN_OPERATI": null, "EN_OP": "NO", "SEC_N": "505", "EST": null, "ALC_N": "COYOACAN", "OP": "NO", "NOMBRE": "SANTO DOMINGO PGAL DE STO DOMINGO" }, "geometry": { "type": "MultiPolygon", "coordinates": [ [ [ [ -99.170684578352393, 19.312331236869497 ], [ -99.170481842046939, 19.312464778389302 ], [ -99.169956120069543, 19.312720309014036 ], [ -99.169255239306125, 19.313062586996452 ], [ -99.169918258729354, 19.313618322262226 ], [ -99.168603432394349, 19.31511334073662 ], [ -99.16791593318527, 19.314563781215796 ], [ -99.167780285139912, 19.314455364922885 ], [ -99.167601461638455, 19.314312440400023 ], [ -99.166924681098351, 19.313771520287229 ], [ -99.168215787476598, 19.31227961698405 ], [ -99.168952243648491, 19.311424051583021 ], [ -99.168971563383593, 19.311401607050229 ], [ -99.169217226785833, 19.311745184163634 ], [ -99.169519002284289, 19.312018826424012 ], [ -99.170305953058715, 19.31224420715375 ], [ -99.170470983283934, 19.312282180309104 ], [ -99.170684578352393, 19.312331236869497 ] ] ] ] } },
{ "type": "Feature", "properties": { "id": 2144.0, "entidad": 9, "distrito_f": 8, "distrito_l": 26, "municipio": 3, "seccion": 506, "tipo": 2, "control": 35067.0, "SECCION_TX": "0506", "SECCION__1": null, "SECCION__2": null, "SECCION_N": "506", "ESTATUS": null, "ALCALDIA_N": "COYOACAN", "EN_OPERATI": null, "EN_OP": "NO", "SEC_N": "506", "EST": null, "ALC_N": "COYOACAN", "OP": "NO", "NOMBRE": "SANTO DOMINGO PGAL DE STO DOMINGO" }, "geometry": { "type": "MultiPolygon", "coordinates": [ [ [ [ -99.168603432394349, 19.31511334073662 ], [ -99.167279655601888, 19.316618979471542 ], [ -99.166593284478594, 19.31605184203891 ], [ -99.166450431481223, 19.315938212647847 ], [ -99.166307578680971, 19.315824583142049 ], [ -99.165582444398993, 19.315247784870479 ], [ -99.166924681098351, 19.313771520287229 ], [ -99.167601461638455, 19.314312440400023 ], [ -99.167780285139912, 19.314455364922885 ], [ -99.16791593318527, 19.314563781215796 ], [ -99.168603432394349, 19.31511334073662 ] ] ] ] } },
{ "type": "Feature", "properties": { "id": 2153.0, "entidad": 9, "distrito_f": 8, "distrito_l": 26, "municipio": 3, "seccion": 514, "tipo": 2, "control": 35320.0, "SECCION_TX": "0514", "SECCION__1": null, "SECCION__2": null, "SECCION_N": "514", "ESTATUS": null, "ALCALDIA_N": "COYOACAN", "EN_OPERATI": null, "EN_OP": "NO", "SEC_N": "514", "EST": null, "ALC_N": "COYOACAN", "OP": "NO", "NOMBRE": "SANTO DOMINGO PGAL DE STO DOMINGO" }, "geometry": { "type": "MultiPolygon", "coordinates": [ [ [ [ -99.172780042695209, 19.324748570894787 ], [ -99.172379520337444, 19.324633897332667 ], [ -99.172130689942875, 19.324562654173381 ], [ -99.171904130667542, 19.324497787155302 ], [ -99.17167757156885, 19.324432919853951 ], [ -99.171315622392854, 19.325591792022912 ], [ -99.171315797884375, 19.325760159794637 ], [ -99.171151597631891, 19.326229338912725 ], [ -99.170672382048778, 19.326115995136515 ], [ -99.170794932675705, 19.325806931849453 ], [ -99.1708735720064, 19.325608608831754 ], [ -99.170945984533631, 19.325425988935159 ], [ -99.171366761521384, 19.324325767018649 ], [ -99.171507940925778, 19.323956616246569 ], [ -99.171580005457301, 19.323636440411917 ], [ -99.171614376772197, 19.323076515206729 ], [ -99.171852321519012, 19.323149740670601 ], [ -99.172049951275909, 19.323210559253841 ], [ -99.172486681115586, 19.323344957576019 ], [ -99.17253542751105, 19.323565711455885 ], [ -99.172762991545284, 19.324596254144236 ], [ -99.172780042695209, 19.324748570894787 ] ] ] ] } },
{ "type": "Feature", "properties": { "id": 2004.0, "entidad": 9, "distrito_f": 8, "distrito_l": 26, "municipio": 3, "seccion": 367, "tipo": 2, "control": 35505.0, "SECCION_TX": "0367", "SECCION__1": null, "SECCION__2": null, "SECCION_N": "367", "ESTATUS": null, "ALCALDIA_N": "COYOACAN", "EN_OPERATI": null, "EN_OP": "NO", "SEC_N": "367", "EST": null, "ALC_N": "COYOACAN", "OP": "NO", "NOMBRE": "AJUSCO" }, "geometry": { "type": "MultiPolygon", "coordinates": [ [ [ [ -99.154224224106216, 19.332428041979757 ], [ -99.153888320472987, 19.332307230104369 ], [ -99.153768118224107, 19.332307331517793 ], [ -99.153655975397584, 19.332292573756941 ], [ -99.153484500523291, 19.332219925799702 ], [ -99.153296760376861, 19.332057768611037 ], [ -99.153163493152405, 19.331916181606424 ], [ -99.152909220288976, 19.331852574919182 ], [ -99.152839764373752, 19.331835200361287 ], [ -99.152770308473038, 19.331817825776881 ], [ -99.152728175706528, 19.331925798549996 ], [ -99.152036119400634, 19.331836943021468 ], [ -99.15182902783954, 19.331958034060595 ], [ -99.151639991414541, 19.33206856749899 ], [ -99.151617079730954, 19.33188355087383 ], [ -99.151503167596786, 19.331658518812972 ], [ -99.151386305431757, 19.331757301577088 ], [ -99.151344678129988, 19.331783892331295 ], [ -99.15116877028386, 19.331896258825449 ], [ -99.150967291271684, 19.331831663268179 ], [ -99.150619609643158, 19.331754852606839 ], [ -99.150532149058307, 19.332032478366294 ], [ -99.150460725569175, 19.332084964097159 ], [ -99.150392618489334, 19.33221146133765 ], [ -99.150270978233834, 19.332149421453654 ], [ -99.149883996893678, 19.331986144818856 ], [ -99.149815932629181, 19.332077198970843 ], [ -99.149778276716972, 19.332143204087949 ], [ -99.14969870796547, 19.332384896779036 ], [ -99.14952943404279, 19.332417520135706 ], [ -99.149362085336563, 19.332368670282623 ], [ -99.149180648034687, 19.332297385448538 ], [ -99.149073547927713, 19.332147357612509 ], [ -99.149006819225164, 19.332105206958961 ], [ -99.148817671538453, 19.33204032593553 ], [ -99.148634641957486, 19.331980551518267 ], [ -99.148215966986712, 19.331920259221487 ], [ -99.148117737768871, 19.331875269943296 ], [ -99.147850210913532, 19.331713095849473 ], [ -99.147870822185325, 19.331660272439791 ], [ -99.147791728985823, 19.331570979279121 ], [ -99.147739861591461, 19.331540580595647 ], [ -99.14782880121831, 19.331056127618282 ], [ -99.147892246636204, 19.330710415937389 ], [ -99.14794336051601, 19.330719575381639 ], [ -99.148346790690965, 19.330787387923841 ], [ -99.14864861893615, 19.330729948772021 ], [ -99.148714888484236, 19.330687433328784 ], [ -99.149297016604493, 19.330325372123632 ], [ -99.149497342074767, 19.330252838134427 ], [ -99.149708518628515, 19.330136873101257 ], [ -99.149855755235066, 19.329945025017331 ], [ -99.150098777547086, 19.329845917359926 ], [ -99.150138346125246, 19.329841883713641 ], [ -99.1504248268418, 19.3298126794236 ], [ -99.150589728451379, 19.32978057482174 ], [ -99.151013425509362, 19.329697776105753 ], [ -99.151332495829664, 19.329589469185368 ], [ -99.151409957904733, 19.329535186798953 ], [ -99.151862940509574, 19.329330923161567 ], [ -99.151898986859734, 19.329314668695492 ], [ -99.15191984224353, 19.32930960641843 ], [ -99.152423865507288, 19.329187262828103 ], [ -99.152677146774764, 19.32912578225493 ], [ -99.153660993696619, 19.327931676194847 ], [ -99.153656354342658, 19.327399565843919 ], [ -99.153750643099542, 19.327293495700562 ], [ -99.154065743543612, 19.32693902208646 ], [ -99.154763655295497, 19.327492999399698 ], [ -99.155474964477889, 19.328057628672585 ], [ -99.155616664277943, 19.328170090655579 ], [ -99.155758364271705, 19.328282552525728 ], [ -99.156477137943824, 19.328851367047477 ], [ -99.157162607497099, 19.32939381938532 ], [ -99.15679104379339, 19.329869027767529 ], [ -99.156265839409159, 19.330451275391091 ], [ -99.155525178127334, 19.331149517424315 ], [ -99.155436694879427, 19.331311756316566 ], [ -99.155001115680832, 19.331927919245068 ], [ -99.154907156683421, 19.33202358430707 ], [ -99.154557483218483, 19.332066716676998 ], [ -99.154505544111686, 19.33207920487666 ], [ -99.154385082479976, 19.332108168516243 ], [ -99.154291679508106, 19.332181680077653 ], [ -99.154224224106216, 19.332428041979757 ] ] ] ] } },
{ "type": "Feature", "properties": { "id": 2010.0, "entidad": 9, "distrito_f": 8, "distrito_l": 26, "municipio": 3, "seccion": 374, "tipo": 2, "control": 35259.0, "SECCION_TX": "0374", "SECCION__1": null, "SECCION__2": null, "SECCION_N": "374", "ESTATUS": null, "ALCALDIA_N": "COYOACAN", "EN_OPERATI": null, "EN_OP": "NO", "SEC_N": "374", "EST": null, "ALC_N": "COYOACAN", "OP": "NO", "NOMBRE": "AJUSCO" }, "geometry": { "type": "MultiPolygon", "coordinates": [ [ [ [ -99.1519069456008, 19.326905687904166 ], [ -99.151185254599994, 19.326412392900114 ], [ -99.151447504603453, 19.32584479086562 ], [ -99.151429626676091, 19.325834644713101 ], [ -99.1509321984623, 19.325551553152106 ], [ -99.150590021766675, 19.32525907785271 ], [ -99.150449230349139, 19.325252829738716 ], [ -99.150194306824261, 19.325068474919028 ], [ -99.150046643031189, 19.324877667218519 ], [ -99.149919051106508, 19.324642292736886 ], [ -99.149664440353916, 19.324483840230467 ], [ -99.14960374639243, 19.324407072223419 ], [ -99.149570104572021, 19.324273449333791 ], [ -99.149476149682528, 19.324165333109018 ], [ -99.149342011229365, 19.324101799902074 ], [ -99.149181149189346, 19.324140117396794 ], [ -99.149025679793496, 19.324234754853862 ], [ -99.148316622096416, 19.324465402209302 ], [ -99.148162377451314, 19.324408248793354 ], [ -99.14810869924014, 19.324357377918925 ], [ -99.14802815046302, 19.324246067902607 ], [ -99.148025385776791, 19.324137214545875 ], [ -99.147975315340418, 19.324142438443804 ], [ -99.14793818819598, 19.324145291441742 ], [ -99.147636505412535, 19.324173235243041 ], [ -99.147620944137898, 19.323909053962353 ], [ -99.147799955052264, 19.323759377902491 ], [ -99.148228567941985, 19.323128054610251 ], [ -99.148244876001371, 19.323104033616936 ], [ -99.148551377711613, 19.323225349357237 ], [ -99.148572056055372, 19.323195497355925 ], [ -99.149399958737632, 19.322000296398553 ], [ -99.149555237344671, 19.322076246074385 ], [ -99.150840108453551, 19.322704692792524 ], [ -99.15088674514223, 19.322727503124828 ], [ -99.150919571391256, 19.322657338628364 ], [ -99.150988321035683, 19.322521032520914 ], [ -99.15133905723728, 19.322699033157445 ], [ -99.151689794194809, 19.322877033111013 ], [ -99.152030904787566, 19.323050146635136 ], [ -99.152402946046507, 19.323238956312856 ], [ -99.152744631298788, 19.323395469935225 ], [ -99.153336302107022, 19.323712626066847 ], [ -99.154638746258527, 19.32224389934958 ], [ -99.1553360693092, 19.322789997914366 ], [ -99.153992588712484, 19.324299278652774 ], [ -99.15264908347423, 19.325808549415495 ], [ -99.152033705596438, 19.326718293693926 ], [ -99.1519069456008, 19.326905687904166 ] ] ] ] } },
{ "type": "Feature", "properties": { "id": 2012.0, "entidad": 9, "distrito_f": 8, "distrito_l": 26, "municipio": 3, "seccion": 376, "tipo": 2, "control": 35260.0, "SECCION_TX": "0376", "SECCION__1": null, "SECCION__2": null, "SECCION_N": "376", "ESTATUS": null, "ALCALDIA_N": "COYOACAN", "EN_OPERATI": null, "EN_OP": "NO", "SEC_N": "376", "EST": null, "ALC_N": "COYOACAN", "OP": "NO", "NOMBRE": "AJUSCO" }, "geometry": { "type": "MultiPolygon", "coordinates": [ [ [ [ -99.15264908347423, 19.325808549415495 ], [ -99.153992588712484, 19.324299278652774 ], [ -99.1553360693092, 19.322789997914366 ], [ -99.156028702942294, 19.323372398753584 ], [ -99.157382426192072, 19.321860549315211 ], [ -99.158049431631468, 19.322431019265125 ], [ -99.156707320735364, 19.323945058595594 ], [ -99.155409276812506, 19.32543596118634 ], [ -99.154065743543612, 19.32693902208646 ], [ -99.153357411075959, 19.326373787160826 ], [ -99.15264908347423, 19.325808549415495 ] ] ] ] } },
{ "type": "Feature", "properties": { "id": 2013.0, "entidad": 9, "distrito_f": 8, "distrito_l": 26, "municipio": 3, "seccion": 377, "tipo": 2, "control": 35262.0, "SECCION_TX": "0377", "SECCION__1": null, "SECCION__2": null, "SECCION_N": "377", "ESTATUS": null, "ALCALDIA_N": "COYOACAN", "EN_OPERATI": null, "EN_OP": "NO", "SEC_N": "377", "EST": null, "ALC_N": "COYOACAN", "OP": "NO", "NOMBRE": "AJUSCO" }, "geometry": { "type": "MultiPolygon", "coordinates": [ [ [ [ -99.158049431631468, 19.322431019265125 ], [ -99.158734177849126, 19.322994233659458 ], [ -99.159429726506602, 19.323565547227179 ], [ -99.159588080884788, 19.323695616279139 ], [ -99.159723671868818, 19.323806987668632 ], [ -99.158399119717956, 19.325302020423614 ], [ -99.157087483384885, 19.326782438673135 ], [ -99.155758364271705, 19.328282552525728 ], [ -99.155616664277943, 19.328170090655579 ], [ -99.155474964477889, 19.328057628672585 ], [ -99.154763655295497, 19.327492999399698 ], [ -99.154065743543612, 19.32693902208646 ], [ -99.155409276812506, 19.32543596118634 ], [ -99.156707320735364, 19.323945058595594 ], [ -99.158049431631468, 19.322431019265125 ] ] ] ] } },
{ "type": "Feature", "properties": { "id": 2014.0, "entidad": 9, "distrito_f": 8, "distrito_l": 26, "municipio": 3, "seccion": 378, "tipo": 2, "control": 35264.0, "SECCION_TX": "0378", "SECCION__1": null, "SECCION__2": null, "SECCION_N": "378", "ESTATUS": "COMPLETA", "ALCALDIA_N": "COYOACAN", "EN_OPERATI": null, "EN_OP": "SI", "SEC_N": "378", "EST": "COMPLETA", "ALC_N": "COYOACAN", "OP": "SI", "NOMBRE": "AJUSCO" }, "geometry": { "type": "MultiPolygon", "coordinates": [ [ [ [ -99.159723671868818, 19.323806987668632 ], [ -99.160415187552445, 19.324374979167736 ], [ -99.161106708009839, 19.324942967975197 ], [ -99.159818188127687, 19.326392935758349 ], [ -99.158487962244124, 19.327898215185336 ], [ -99.157162607497099, 19.32939381938532 ], [ -99.156477137943824, 19.328851367047477 ], [ -99.155758364271705, 19.328282552525728 ], [ -99.157087483384885, 19.326782438673135 ], [ -99.158399119717956, 19.325302020423614 ], [ -99.159723671868818, 19.323806987668632 ] ] ] ] } },
{ "type": "Feature", "properties": { "id": 2042.0, "entidad": 9, "distrito_f": 8, "distrito_l": 26, "municipio": 3, "seccion": 404, "tipo": 2, "control": 35272.0, "SECCION_TX": "0404", "SECCION__1": null, "SECCION__2": null, "SECCION_N": "404", "ESTATUS": null, "ALCALDIA_N": "COYOACAN", "EN_OPERATI": null, "EN_OP": "NO", "SEC_N": "404", "EST": null, "ALC_N": "COYOACAN", "OP": "NO", "NOMBRE": "AJUSCO" }, "geometry": { "type": "MultiPolygon", "coordinates": [ [ [ [ -99.156125632766475, 19.319152689311409 ], [ -99.155269104228708, 19.3201065584167 ], [ -99.155070895087164, 19.320348830096894 ], [ -99.154691037292721, 19.320813128917944 ], [ -99.154406845089767, 19.321153314922075 ], [ -99.154163921879743, 19.321444099320278 ], [ -99.153940128706637, 19.321711983447617 ], [ -99.154638746258527, 19.32224389934958 ], [ -99.153336302107022, 19.323712626066847 ], [ -99.152744631298788, 19.323395469935225 ], [ -99.152402946046507, 19.323238956312856 ], [ -99.152585077194615, 19.322941051464433 ], [ -99.152869650652846, 19.322598764761874 ], [ -99.153331142006479, 19.32204367614991 ], [ -99.152999206851277, 19.321790025194897 ], [ -99.153143649438917, 19.32147139039111 ], [ -99.153323041498609, 19.321209497127839 ], [ -99.152861745603744, 19.320838587040335 ], [ -99.152839395655022, 19.320820616243019 ], [ -99.152343570513324, 19.320460600597297 ], [ -99.15267475280416, 19.320068609419266 ], [ -99.152809859687594, 19.319686654231901 ], [ -99.153529128888621, 19.319570830085787 ], [ -99.153761391284306, 19.319533428158916 ], [ -99.154197034591888, 19.319463274336375 ], [ -99.154419163663547, 19.319427503356824 ], [ -99.154872703619546, 19.31935446579573 ], [ -99.155586095117954, 19.31923957962514 ], [ -99.156125632766475, 19.319152689311409 ] ] ] ] } },
{ "type": "Feature", "properties": { "id": 2043.0, "entidad": 9, "distrito_f": 8, "distrito_l": 26, "municipio": 3, "seccion": 405, "tipo": 2, "control": 35273.0, "SECCION_TX": "0405", "SECCION__1": null, "SECCION__2": null, "SECCION_N": "405", "ESTATUS": null, "ALCALDIA_N": "COYOACAN", "EN_OPERATI": null, "EN_OP": "NO", "SEC_N": "405", "EST": null, "ALC_N": "COYOACAN", "OP": "NO", "NOMBRE": "AJUSCO" }, "geometry": { "type": "MultiPolygon", "coordinates": [ [ [ [ -99.155269104228708, 19.3201065584167 ], [ -99.156125632766475, 19.319152689311409 ], [ -99.15625511398585, 19.319131836644015 ], [ -99.15689220116866, 19.319029233730998 ], [ -99.157544864997476, 19.318924119760457 ], [ -99.158379043999659, 19.318789768494572 ], [ -99.158894641124647, 19.318787697117873 ], [ -99.157941078426646, 19.319882540805843 ], [ -99.156695122734845, 19.32124606918104 ], [ -99.156006387227791, 19.320695713994812 ], [ -99.155269104228708, 19.3201065584167 ] ] ] ] } },
{ "type": "Feature", "properties": { "id": 2034.0, "entidad": 9, "distrito_f": 8, "distrito_l": 26, "municipio": 3, "seccion": 406, "tipo": 2, "control": 35278.0, "SECCION_TX": "0406", "SECCION__1": null, "SECCION__2": null, "SECCION_N": "406", "ESTATUS": null, "ALCALDIA_N": "COYOACAN", "EN_OPERATI": null, "EN_OP": "NO", "SEC_N": "406", "EST": null, "ALC_N": "COYOACAN", "OP": "NO", "NOMBRE": "AJUSCO" }, "geometry": { "type": "MultiPolygon", "coordinates": [ [ [ [ -99.162126350386558, 19.31779255821856 ], [ -99.160668725713506, 19.319448866991475 ], [ -99.160391746718673, 19.319769053345631 ], [ -99.15934947578809, 19.320973898450458 ], [ -99.158049431631468, 19.322431019265125 ], [ -99.157382426192072, 19.321860549315211 ], [ -99.156695122734845, 19.32124606918104 ], [ -99.157941078426646, 19.319882540805843 ], [ -99.158894641124647, 19.318787697117873 ], [ -99.159506177600448, 19.318794086138666 ], [ -99.159871020312082, 19.318856877503787 ], [ -99.159707314281377, 19.318685653387639 ], [ -99.159455669119168, 19.318093150606558 ], [ -99.160724893806631, 19.316673260434023 ], [ -99.161433567918294, 19.317239258677425 ], [ -99.162126350386558, 19.31779255821856 ] ] ] ] } },
{ "type": "Feature", "properties": { "id": 2056.0, "entidad": 9, "distrito_f": 8, "distrito_l": 26, "municipio": 3, "seccion": 419, "tipo": 2, "control": 35154.0, "SECCION_TX": "0419", "SECCION__1": null, "SECCION__2": null, "SECCION_N": "419", "ESTATUS": null, "ALCALDIA_N": "COYOACAN", "EN_OPERATI": null, "EN_OP": "NO", "SEC_N": "419", "EST": null, "ALC_N": "COYOACAN", "OP": "NO", "NOMBRE": "AJUSCO" }, "geometry": { "type": "MultiPolygon", "coordinates": [ [ [ [ -99.158022122673742, 19.314717751624165 ], [ -99.158212973894777, 19.315167134788854 ], [ -99.158300566780127, 19.315373382330936 ], [ -99.158514987373863, 19.315878257923192 ], [ -99.158681679528598, 19.316271478728634 ], [ -99.158782007384744, 19.316506979542407 ], [ -99.159083497919141, 19.317216858616014 ], [ -99.159252382634989, 19.317614505715426 ], [ -99.159455669119168, 19.318093150606558 ], [ -99.159707314281377, 19.318685653387639 ], [ -99.159871020312082, 19.318856877503787 ], [ -99.159506177600448, 19.318794086138666 ], [ -99.158894641124647, 19.318787697117873 ], [ -99.158379043999659, 19.318789768494572 ], [ -99.157855551905016, 19.318544884859229 ], [ -99.157332061360734, 19.318299999704095 ], [ -99.156804024283247, 19.31805298543879 ], [ -99.156280913836014, 19.317805111613374 ], [ -99.15694083974708, 19.316417424405508 ], [ -99.157725804341524, 19.314893783981901 ], [ -99.158022122673742, 19.314717751624165 ] ] ] ] } },
{ "type": "Feature", "properties": { "id": 2057.0, "entidad": 9, "distrito_f": 8, "distrito_l": 26, "municipio": 3, "seccion": 420, "tipo": 2, "control": 35155.0, "SECCION_TX": "0420", "SECCION__1": null, "SECCION__2": null, "SECCION_N": "420", "ESTATUS": "COMPLETA", "ALCALDIA_N": "COYOACAN", "EN_OPERATI": null, "EN_OP": "SI", "SEC_N": "420", "EST": "COMPLETA", "ALC_N": "COYOACAN", "OP": "SI", "NOMBRE": "AJUSCO" }, "geometry": { "type": "MultiPolygon", "coordinates": [ [ [ [ -99.158379043999659, 19.318789768494572 ], [ -99.157544864997476, 19.318924119760457 ], [ -99.15689220116866, 19.319029233730998 ], [ -99.15625511398585, 19.319131836644015 ], [ -99.156125632766475, 19.319152689311409 ], [ -99.155586095117954, 19.31923957962514 ], [ -99.154872703619546, 19.31935446579573 ], [ -99.154419163663547, 19.319427503356824 ], [ -99.154197034591888, 19.319463274336375 ], [ -99.153761391284306, 19.319533428158916 ], [ -99.153529128888621, 19.319570830085787 ], [ -99.152809859687594, 19.319686654231901 ], [ -99.153037225208635, 19.319191194207509 ], [ -99.153371301616502, 19.31846319089421 ], [ -99.153663137715014, 19.318591043430157 ], [ -99.153785329867929, 19.318364511450323 ], [ -99.153841093621352, 19.318341007405905 ], [ -99.154045394273084, 19.318437712562684 ], [ -99.154568759618996, 19.318663271333488 ], [ -99.15523381644573, 19.31729206139816 ], [ -99.155759449860625, 19.317551143883168 ], [ -99.156280913836014, 19.317805111613374 ], [ -99.156804024283247, 19.31805298543879 ], [ -99.157332061360734, 19.318299999704095 ], [ -99.157855551905016, 19.318544884859229 ], [ -99.158379043999659, 19.318789768494572 ] ] ] ] } },
{ "type": "Feature", "properties": { "id": 2073.0, "entidad": 9, "distrito_f": 8, "distrito_l": 26, "municipio": 3, "seccion": 436, "tipo": 2, "control": 35151.0, "SECCION_TX": "0436", "SECCION__1": null, "SECCION__2": null, "SECCION_N": "436", "ESTATUS": null, "ALCALDIA_N": "COYOACAN", "EN_OPERATI": null, "EN_OP": "NO", "SEC_N": "436", "EST": null, "ALC_N": "COYOACAN", "OP": "NO", "NOMBRE": "AJUSCO" }, "geometry": { "type": "MultiPolygon", "coordinates": [ [ [ [ -99.160874372329332, 19.313334653512722 ], [ -99.16014553273979, 19.313694500813639 ], [ -99.159657868421164, 19.313949107885943 ], [ -99.15947821365819, 19.314045712008362 ], [ -99.159022242563239, 19.314227453784593 ], [ -99.15809970297785, 19.314661596291462 ], [ -99.158022122673742, 19.314717751624165 ], [ -99.157725804341524, 19.314893783981901 ], [ -99.15731343596093, 19.315154430406242 ], [ -99.157067090585869, 19.315285099711488 ], [ -99.156847518634848, 19.315415537760771 ], [ -99.156756779818579, 19.315494565161224 ], [ -99.156513326218743, 19.315609804571157 ], [ -99.156671413308956, 19.315117255517944 ], [ -99.156117148436763, 19.314945751931564 ], [ -99.156156753554882, 19.314833783436509 ], [ -99.156632262915195, 19.313489447994037 ], [ -99.157151382087065, 19.312021138543169 ], [ -99.157331261019664, 19.312078077178416 ], [ -99.15772246594463, 19.312201907907696 ], [ -99.158268046278678, 19.312374602406415 ], [ -99.15883683674096, 19.312544198250368 ], [ -99.159438978506074, 19.312723736106967 ], [ -99.160059294380119, 19.31290843675702 ], [ -99.16064077547415, 19.313074675971379 ], [ -99.161185230257487, 19.313230327768935 ], [ -99.16099071474008, 19.313295608394835 ], [ -99.160874372329332, 19.313334653512722 ] ] ] ] } },
{ "type": "Feature", "properties": { "id": 2074.0, "entidad": 9, "distrito_f": 8, "distrito_l": 26, "municipio": 3, "seccion": 437, "tipo": 2, "control": 35290.0, "SECCION_TX": "0437", "SECCION__1": null, "SECCION__2": null, "SECCION_N": "437", "ESTATUS": null, "ALCALDIA_N": "COYOACAN", "EN_OPERATI": null, "EN_OP": "NO", "SEC_N": "437", "EST": null, "ALC_N": "COYOACAN", "OP": "NO", "NOMBRE": "AJUSCO" }, "geometry": { "type": "MultiPolygon", "coordinates": [ [ [ [ -99.162040694694298, 19.315171114719014 ], [ -99.160724893806631, 19.316673260434023 ], [ -99.159455669119168, 19.318093150606558 ], [ -99.159252382634989, 19.317614505715426 ], [ -99.159083497919141, 19.317216858616014 ], [ -99.158782007384744, 19.316506979542407 ], [ -99.158681679528598, 19.316271478728634 ], [ -99.158514987373863, 19.315878257923192 ], [ -99.158300566780127, 19.315373382330936 ], [ -99.158212973894777, 19.315167134788854 ], [ -99.158022122673742, 19.314717751624165 ], [ -99.15809970297785, 19.314661596291462 ], [ -99.159022242563239, 19.314227453784593 ], [ -99.15947821365819, 19.314045712008362 ], [ -99.159657868421164, 19.313949107885943 ], [ -99.16014553273979, 19.313694500813639 ], [ -99.160477688728648, 19.313953303254969 ], [ -99.160610223331147, 19.314056568428651 ], [ -99.161341416007019, 19.314626277725026 ], [ -99.162040694694298, 19.315171114719014 ] ] ] ] } },
{ "type": "Feature", "properties": { "id": 2075.0, "entidad": 9, "distrito_f": 8, "distrito_l": 26, "municipio": 3, "seccion": 438, "tipo": 2, "control": 35102.0, "SECCION_TX": "0438", "SECCION__1": null, "SECCION__2": null, "SECCION_N": "438", "ESTATUS": null, "ALCALDIA_N": "COYOACAN", "EN_OPERATI": null, "EN_OP": "NO", "SEC_N": "438", "EST": null, "ALC_N": "COYOACAN", "OP": "NO", "NOMBRE": "AJUSCO" }, "geometry": { "type": "MultiPolygon", "coordinates": [ [ [ [ -99.165184640107299, 19.317623273291971 ], [ -99.165263412114243, 19.317535284000961 ], [ -99.165957328328261, 19.31809488483492 ], [ -99.164552182412805, 19.319729929286225 ], [ -99.163829462562205, 19.319151920474749 ], [ -99.163692388996722, 19.319046747552701 ], [ -99.163555315606288, 19.318941574525233 ], [ -99.162823648272393, 19.318347489911407 ], [ -99.162126350386558, 19.31779255821856 ], [ -99.161433567918294, 19.317239258677425 ], [ -99.160724893806631, 19.316673260434023 ], [ -99.162040694694298, 19.315171114719014 ], [ -99.162773274721431, 19.315742510933038 ], [ -99.163475187687453, 19.316289980971021 ], [ -99.164166035572748, 19.316828814337601 ], [ -99.164884815550224, 19.317389427016344 ], [ -99.165034727722329, 19.317506350217247 ], [ -99.165184640107299, 19.317623273291971 ] ] ] ] } },
{ "type": "Feature", "properties": { "id": 2081.0, "entidad": 9, "distrito_f": 8, "distrito_l": 26, "municipio": 3, "seccion": 444, "tipo": 2, "control": 35099.0, "SECCION_TX": "0444", "SECCION__1": null, "SECCION__2": null, "SECCION_N": "444", "ESTATUS": "COMPLETA", "ALCALDIA_N": "COYOACAN", "EN_OPERATI": null, "EN_OP": "SI", "SEC_N": "444", "EST": "COMPLETA", "ALC_N": "COYOACAN", "OP": "SI", "NOMBRE": "AJUSCO" }, "geometry": { "type": "MultiPolygon", "coordinates": [ [ [ [ -99.166593284478594, 19.31605184203891 ], [ -99.165263412114243, 19.317535284000961 ], [ -99.165184640107299, 19.317623273291971 ], [ -99.165034727722329, 19.317506350217247 ], [ -99.164884815550224, 19.317389427016344 ], [ -99.164166035572748, 19.316828814337601 ], [ -99.163475187687453, 19.316289980971021 ], [ -99.162773274721431, 19.315742510933038 ], [ -99.162040694694298, 19.315171114719014 ], [ -99.161341416007019, 19.314626277725026 ], [ -99.160610223331147, 19.314056568428651 ], [ -99.160477688728648, 19.313953303254969 ], [ -99.16014553273979, 19.313694500813639 ], [ -99.160874372329332, 19.313334653512722 ], [ -99.16099071474008, 19.313295608394835 ], [ -99.161185230257487, 19.313230327768935 ], [ -99.161736539700385, 19.313349730050838 ], [ -99.16192116557508, 19.312892301363458 ], [ -99.162290077531466, 19.312635205557516 ], [ -99.162777975566314, 19.313015578697105 ], [ -99.163501806930256, 19.313585060345641 ], [ -99.164179668904424, 19.314149812937647 ], [ -99.164887974563541, 19.314692811384173 ], [ -99.165582444398993, 19.315247784870479 ], [ -99.166307578680971, 19.315824583142049 ], [ -99.166450431481223, 19.315938212647847 ], [ -99.166593284478594, 19.31605184203891 ] ] ] ] } },
{ "type": "Feature", "properties": { "id": 2093.0, "entidad": 9, "distrito_f": 8, "distrito_l": 26, "municipio": 3, "seccion": 455, "tipo": 2, "control": 35096.0, "SECCION_TX": "0455", "SECCION__1": null, "SECCION__2": null, "SECCION_N": "455", "ESTATUS": "COMPLETA", "ALCALDIA_N": "COYOACAN", "EN_OPERATI": null, "EN_OP": "SI", "SEC_N": "455", "EST": "COMPLETA", "ALC_N": "COYOACAN", "OP": "SI", "NOMBRE": "AJUSCO" }, "geometry": { "type": "MultiPolygon", "coordinates": [ [ [ [ -99.162290077531466, 19.312635205557516 ], [ -99.16192116557508, 19.312892301363458 ], [ -99.161736539700385, 19.313349730050838 ], [ -99.161185230257487, 19.313230327768935 ], [ -99.16064077547415, 19.313074675971379 ], [ -99.160059294380119, 19.31290843675702 ], [ -99.16056250165235, 19.311451911366234 ], [ -99.160583670492471, 19.311390637903809 ], [ -99.160600306142229, 19.311341943739986 ], [ -99.160637761457366, 19.311234070737566 ], [ -99.161227752665511, 19.311417941327363 ], [ -99.161732437672555, 19.30991820679861 ], [ -99.162275233284007, 19.310098920777953 ], [ -99.162799644427537, 19.310253229150945 ], [ -99.16257996234927, 19.310925023655702 ], [ -99.163128348051075, 19.31127578386128 ], [ -99.162648666242106, 19.311875685417164 ], [ -99.16220329932969, 19.312338116997449 ], [ -99.162202613177485, 19.312562905943654 ], [ -99.162290077531466, 19.312635205557516 ] ] ] ] } },
{ "type": "Feature", "properties": { "id": 2094.0, "entidad": 9, "distrito_f": 8, "distrito_l": 26, "municipio": 3, "seccion": 456, "tipo": 2, "control": 34176.0, "SECCION_TX": "0456", "SECCION__1": null, "SECCION__2": null, "SECCION_N": "456", "ESTATUS": null, "ALCALDIA_N": "COYOACAN", "EN_OPERATI": null, "EN_OP": "NO", "SEC_N": "456", "EST": null, "ALC_N": "COYOACAN", "OP": "NO", "NOMBRE": "AJUSCO" }, "geometry": { "type": "MultiPolygon", "coordinates": [ [ [ [ -99.168971563383593, 19.311401607050229 ], [ -99.168952243648491, 19.311424051583021 ], [ -99.168215787476598, 19.31227961698405 ], [ -99.166924681098351, 19.313771520287229 ], [ -99.165582444398993, 19.315247784870479 ], [ -99.164887974563541, 19.314692811384173 ], [ -99.164179668904424, 19.314149812937647 ], [ -99.163501806930256, 19.313585060345641 ], [ -99.162777975566314, 19.313015578697105 ], [ -99.162290077531466, 19.312635205557516 ], [ -99.162202613177485, 19.312562905943654 ], [ -99.16220329932969, 19.312338116997449 ], [ -99.162648666242106, 19.311875685417164 ], [ -99.163128348051075, 19.31127578386128 ], [ -99.16257996234927, 19.310925023655702 ], [ -99.162799644427537, 19.310253229150945 ], [ -99.163325269328112, 19.308783553168585 ], [ -99.163526626706073, 19.308326840364096 ], [ -99.163732045733624, 19.30816326361354 ], [ -99.164051715463913, 19.308317485449532 ], [ -99.164095457640371, 19.30829267223077 ], [ -99.165718355495216, 19.309232370422627 ], [ -99.167188123637374, 19.310085271820491 ], [ -99.168258921869409, 19.310706639230062 ], [ -99.168626667671091, 19.31092003379581 ], [ -99.168671696715236, 19.310982907445588 ], [ -99.168971563383593, 19.311401607050229 ] ] ] ] } },
{ "type": "Feature", "properties": { "id": 2096.0, "entidad": 9, "distrito_f": 8, "distrito_l": 26, "municipio": 3, "seccion": 458, "tipo": 2, "control": 35669.0, "SECCION_TX": "0458", "SECCION__1": null, "SECCION__2": null, "SECCION_N": "458", "ESTATUS": null, "ALCALDIA_N": "COYOACAN", "EN_OPERATI": null, "EN_OP": "NO", "SEC_N": "458", "EST": null, "ALC_N": "COYOACAN", "OP": "NO", "NOMBRE": "AJUSCO" }, "geometry": { "type": "MultiPolygon", "coordinates": [ [ [ [ -99.171802491988842, 19.311387211849802 ], [ -99.171716471585825, 19.311453360585347 ], [ -99.171080668038016, 19.311942283550838 ], [ -99.170989772958947, 19.312031828146552 ], [ -99.170785000859283, 19.312233557299418 ], [ -99.170684578352393, 19.312331236869497 ], [ -99.170470983283934, 19.312282180309104 ], [ -99.170305953058715, 19.31224420715375 ], [ -99.169519002284289, 19.312018826424012 ], [ -99.169217226785833, 19.311745184163634 ], [ -99.168971563383593, 19.311401607050229 ], [ -99.168975444964985, 19.311370959057925 ], [ -99.168977968886296, 19.311351030802715 ], [ -99.168981012705856, 19.311326997553952 ], [ -99.168987443684955, 19.311237991500814 ], [ -99.169016788150969, 19.310831856982997 ], [ -99.169071609291962, 19.310763165192309 ], [ -99.169083916966017, 19.31074774346423 ], [ -99.169176648282175, 19.310631549404661 ], [ -99.169573105493654, 19.310164181107442 ], [ -99.169635550474268, 19.310090566778779 ], [ -99.16964804894657, 19.310075832731464 ], [ -99.16967880376933, 19.310116178633667 ], [ -99.169688337535845, 19.310136554817564 ], [ -99.169741224280443, 19.310249587694585 ], [ -99.170821320303773, 19.309756888153405 ], [ -99.170919528220224, 19.309936805746197 ], [ -99.171207793133732, 19.309808870672011 ], [ -99.17146048709202, 19.310352888978183 ], [ -99.171349711103289, 19.310413885803538 ], [ -99.171655622580005, 19.311071493614008 ], [ -99.171681355287163, 19.311126810097861 ], [ -99.171729885401504, 19.31123113306543 ], [ -99.171778396468142, 19.311334002092327 ], [ -99.171802491988842, 19.311387211849802 ] ] ] ] } },
{ "type": "Feature", "properties": { "id": 2107.0, "entidad": 9, "distrito_f": 8, "distrito_l": 26, "municipio": 3, "seccion": 469, "tipo": 2, "control": 35670.0, "SECCION_TX": "0469", "SECCION__1": null, "SECCION__2": null, "SECCION_N": "469", "ESTATUS": null, "ALCALDIA_N": "COYOACAN", "EN_OPERATI": null, "EN_OP": "NO", "SEC_N": "469", "EST": null, "ALC_N": "COYOACAN", "OP": "NO", "NOMBRE": "AJUSCO" }, "geometry": { "type": "MultiPolygon", "coordinates": [ [ [ [ -99.169684152326852, 19.310038387437793 ], [ -99.16964804894657, 19.310075832731464 ], [ -99.169635550474268, 19.310090566778779 ], [ -99.169573105493654, 19.310164181107442 ], [ -99.169176648282175, 19.310631549404661 ], [ -99.169083916966017, 19.31074774346423 ], [ -99.169071609291962, 19.310763165192309 ], [ -99.169016788150969, 19.310831856982997 ], [ -99.168987443684955, 19.311237991500814 ], [ -99.168981012705856, 19.311326997553952 ], [ -99.168977968886296, 19.311351030802715 ], [ -99.168975444964985, 19.311370959057925 ], [ -99.168971563383593, 19.311401607050229 ], [ -99.168671696715236, 19.310982907445588 ], [ -99.168626667671091, 19.31092003379581 ], [ -99.168258921869409, 19.310706639230062 ], [ -99.167188123637374, 19.310085271820491 ], [ -99.165718355495216, 19.309232370422627 ], [ -99.165737709001206, 19.309216816913985 ], [ -99.166085360037101, 19.308937094893981 ], [ -99.166106951233047, 19.30891972352212 ], [ -99.167150697155819, 19.308332048797048 ], [ -99.167265850517637, 19.308509324321911 ], [ -99.167287699598575, 19.308602248101348 ], [ -99.167323586881636, 19.308754875882304 ], [ -99.167443623872245, 19.309023111425208 ], [ -99.167515505467151, 19.309045786618945 ], [ -99.167566598614144, 19.30900459139594 ], [ -99.167819995618046, 19.308800282734094 ], [ -99.168193768988786, 19.309038238680756 ], [ -99.168061174514833, 19.309252173261669 ], [ -99.168321429686642, 19.309376872813392 ], [ -99.169206826266361, 19.309801100532386 ], [ -99.169421230053828, 19.309907684543504 ], [ -99.169684152326852, 19.310038387437793 ] ] ] ] } },
{ "type": "Feature", "properties": { "id": 2131.0, "entidad": 9, "distrito_f": 8, "distrito_l": 26, "municipio": 3, "seccion": 490, "tipo": 2, "control": 35524.0, "SECCION_TX": "0490", "SECCION__1": null, "SECCION__2": null, "SECCION_N": "490", "ESTATUS": null, "ALCALDIA_N": "COYOACAN", "EN_OPERATI": null, "EN_OP": "NO", "SEC_N": "490", "EST": null, "ALC_N": "COYOACAN", "OP": "NO", "NOMBRE": "AJUSCO" }, "geometry": { "type": "MultiPolygon", "coordinates": [ [ [ [ -99.154065743543612, 19.32693902208646 ], [ -99.153750643099542, 19.327293495700562 ], [ -99.153656354342658, 19.327399565843919 ], [ -99.153660993696619, 19.327931676194847 ], [ -99.152677146774764, 19.32912578225493 ], [ -99.152423865507288, 19.329187262828103 ], [ -99.15191984224353, 19.32930960641843 ], [ -99.151358488963581, 19.328506781864224 ], [ -99.151542244185805, 19.328266019506106 ], [ -99.151946642522717, 19.327761711967426 ], [ -99.151483678363348, 19.327432692830541 ], [ -99.151715343852729, 19.327144249468169 ], [ -99.1519069456008, 19.326905687904166 ], [ -99.152033705596438, 19.326718293693926 ], [ -99.15264908347423, 19.325808549415495 ], [ -99.153357411075959, 19.326373787160826 ], [ -99.154065743543612, 19.32693902208646 ] ] ] ] } },
{ "type": "Feature", "properties": { "id": 2108.0, "entidad": 9, "distrito_f": 8, "distrito_l": 26, "municipio": 3, "seccion": 493, "tipo": 2, "control": 35274.0, "SECCION_TX": "0493", "SECCION__1": null, "SECCION__2": null, "SECCION_N": "493", "ESTATUS": "COMPLETA", "ALCALDIA_N": "COYOACAN", "EN_OPERATI": null, "EN_OP": "SI", "SEC_N": "493", "EST": "COMPLETA", "ALC_N": "COYOACAN", "OP": "SI", "NOMBRE": "AJUSCO" }, "geometry": { "type": "MultiPolygon", "coordinates": [ [ [ [ -99.156028702942294, 19.323372398753584 ], [ -99.1553360693092, 19.322789997914366 ], [ -99.154638746258527, 19.32224389934958 ], [ -99.153940128706637, 19.321711983447617 ], [ -99.154163921879743, 19.321444099320278 ], [ -99.154406845089767, 19.321153314922075 ], [ -99.154691037292721, 19.320813128917944 ], [ -99.155070895087164, 19.320348830096894 ], [ -99.155269104228708, 19.3201065584167 ], [ -99.156006387227791, 19.320695713994812 ], [ -99.156695122734845, 19.32124606918104 ], [ -99.157382426192072, 19.321860549315211 ], [ -99.156028702942294, 19.323372398753584 ] ] ] ] } },
{ "type": "Feature", "properties": { "id": 2007.0, "entidad": 9, "distrito_f": 8, "distrito_l": 30, "municipio": 3, "seccion": 371, "tipo": 2, "control": 35541.0, "SECCION_TX": "0371", "SECCION__1": null, "SECCION__2": null, "SECCION_N": "371", "ESTATUS": "COMPLETA", "ALCALDIA_N": "COYOACAN", "EN_OPERATI": null, "EN_OP": "SI", "SEC_N": "371", "EST": "COMPLETA", "ALC_N": "COYOACAN", "OP": "SI", "NOMBRE": "ADOLFO RUIZ CORTINES" }, "geometry": { "type": "MultiPolygon", "coordinates": [ [ [ [ -99.145153397408819, 19.327118515993604 ], [ -99.144822619541543, 19.326770202794592 ], [ -99.144480145647648, 19.326487964780611 ], [ -99.143138277243921, 19.325687486452399 ], [ -99.142999294225334, 19.325580990577954 ], [ -99.143328126306002, 19.324556450430421 ], [ -99.143376604775057, 19.324575801181833 ], [ -99.144070099854304, 19.32437686211362 ], [ -99.144182938234479, 19.324416475306784 ], [ -99.144336969359827, 19.324539801637286 ], [ -99.14448220893496, 19.324631253186762 ], [ -99.144901085118008, 19.324816634924193 ], [ -99.145088194280248, 19.324899024000128 ], [ -99.145232065733865, 19.324886338297215 ], [ -99.145404793382809, 19.324886200674936 ], [ -99.1454431816435, 19.324850330514376 ], [ -99.14549405971664, 19.324833412325862 ], [ -99.145998914260772, 19.325026528145692 ], [ -99.146194504700148, 19.32510134445889 ], [ -99.146097648205654, 19.325193809714794 ], [ -99.146082700555596, 19.325208079660765 ], [ -99.145901704448818, 19.325380869380727 ], [ -99.145895867890076, 19.325510830039207 ], [ -99.145894718373981, 19.325536425898683 ], [ -99.145882797656085, 19.325801859778927 ], [ -99.14588194834856, 19.325820770940958 ], [ -99.146404026112307, 19.325840979515881 ], [ -99.146403288501332, 19.325895062019111 ], [ -99.146399693334359, 19.326158663510004 ], [ -99.14632376353876, 19.326417250650955 ], [ -99.146733743528387, 19.326469114308182 ], [ -99.147134770801472, 19.326526927625686 ], [ -99.147097621987541, 19.326688251994845 ], [ -99.147206411514063, 19.326896154145796 ], [ -99.147169870055137, 19.327212317561365 ], [ -99.147166793307449, 19.327353198237116 ], [ -99.147101599037413, 19.327464168879864 ], [ -99.146816535243232, 19.327650349434315 ], [ -99.146730753591697, 19.32779722176458 ], [ -99.146613678868647, 19.328226005479994 ], [ -99.146567439072854, 19.328221639045385 ], [ -99.146111264238556, 19.32809264750048 ], [ -99.145737134293157, 19.327996720043771 ], [ -99.145810187825163, 19.327593457821102 ], [ -99.146204695479227, 19.327672769955274 ], [ -99.146321715178971, 19.327146883424213 ], [ -99.145946004156471, 19.327058032852918 ], [ -99.145240337852769, 19.327149022012868 ], [ -99.145153397408819, 19.327118515993604 ] ] ] ] } },
{ "type": "Feature", "properties": { "id": 2038.0, "entidad": 9, "distrito_f": 8, "distrito_l": 30, "municipio": 3, "seccion": 400, "tipo": 2, "control": 35231.0, "SECCION_TX": "0400", "SECCION__1": null, "SECCION__2": null, "SECCION_N": "400", "ESTATUS": null, "ALCALDIA_N": "COYOACAN", "EN_OPERATI": null, "EN_OP": "NO", "SEC_N": "400", "EST": null, "ALC_N": "COYOACAN", "OP": "NO", "NOMBRE": "ADOLFO RUIZ CORTINES" }, "geometry": { "type": "MultiPolygon", "coordinates": [ [ [ [ -99.147259474491634, 19.31938887018006 ], [ -99.146891873282129, 19.320478259962862 ], [ -99.146734175819631, 19.320958750999896 ], [ -99.146580382514315, 19.321427760023447 ], [ -99.146262328034922, 19.322450382031274 ], [ -99.146220402595404, 19.322524154868677 ], [ -99.145788215339365, 19.323707356104364 ], [ -99.145767060789623, 19.323765224048106 ], [ -99.1454431816435, 19.324850330514376 ], [ -99.145404793382809, 19.324886200674936 ], [ -99.145232065733865, 19.324886338297215 ], [ -99.145088194280248, 19.324899024000128 ], [ -99.144901085118008, 19.324816634924193 ], [ -99.14448220893496, 19.324631253186762 ], [ -99.144336969359827, 19.324539801637286 ], [ -99.144494199551289, 19.324086480176803 ], [ -99.144630347789047, 19.324132475134636 ], [ -99.144672340558685, 19.323972666601716 ], [ -99.144679129697209, 19.323946829689053 ], [ -99.144799440231907, 19.323994264144979 ], [ -99.145007068875174, 19.323563920328517 ], [ -99.145199534979412, 19.323629717762721 ], [ -99.145314858780466, 19.323684361515532 ], [ -99.145363023513084, 19.323695079634774 ], [ -99.145407487365489, 19.323694438561621 ], [ -99.145382823659574, 19.323215160832195 ], [ -99.145404727820619, 19.323148870573942 ], [ -99.145663374424117, 19.322366104106401 ], [ -99.145273320790167, 19.322238917779639 ], [ -99.145260494302235, 19.322106209388863 ], [ -99.145281353301456, 19.322017080429632 ], [ -99.145475068683737, 19.321237286094519 ], [ -99.14501553336369, 19.321138638996267 ], [ -99.144698580532875, 19.321014852162588 ], [ -99.144732215339744, 19.320967596366771 ], [ -99.144842125744361, 19.320813175635163 ], [ -99.145544030593214, 19.320387785007 ], [ -99.145873874614423, 19.319786927215031 ], [ -99.145977143035481, 19.319767930647288 ], [ -99.146216806702739, 19.319077554724451 ], [ -99.146695113989225, 19.319220366634074 ], [ -99.147259474491634, 19.31938887018006 ] ] ] ] } },
{ "type": "Feature", "properties": { "id": 2039.0, "entidad": 9, "distrito_f": 8, "distrito_l": 30, "municipio": 3, "seccion": 401, "tipo": 2, "control": 35237.0, "SECCION_TX": "0401", "SECCION__1": null, "SECCION__2": null, "SECCION_N": "401", "ESTATUS": null, "ALCALDIA_N": "COYOACAN", "EN_OPERATI": null, "EN_OP": "NO", "SEC_N": "401", "EST": null, "ALC_N": "COYOACAN", "OP": "NO", "NOMBRE": "ADOLFO RUIZ CORTINES" }, "geometry": { "type": "MultiPolygon", "coordinates": [ [ [ [ -99.148367799312879, 19.319720104047398 ], [ -99.148022020948616, 19.320812343203432 ], [ -99.147869814808729, 19.321293124728257 ], [ -99.147669020310246, 19.321732490260793 ], [ -99.147129942615507, 19.32278468751938 ], [ -99.146783240947499, 19.324052533981327 ], [ -99.147257069609978, 19.324213227688862 ], [ -99.146807101850058, 19.324589366788924 ], [ -99.146194504700148, 19.32510134445889 ], [ -99.145998914260772, 19.325026528145692 ], [ -99.14549405971664, 19.324833412325862 ], [ -99.1454431816435, 19.324850330514376 ], [ -99.145767060789623, 19.323765224048106 ], [ -99.145788215339365, 19.323707356104364 ], [ -99.146220402595404, 19.322524154868677 ], [ -99.146262328034922, 19.322450382031274 ], [ -99.146580382514315, 19.321427760023447 ], [ -99.146734175819631, 19.320958750999896 ], [ -99.146891873282129, 19.320478259962862 ], [ -99.147259474491634, 19.31938887018006 ], [ -99.147803038200607, 19.319551162353864 ], [ -99.148348505591827, 19.319714332590699 ], [ -99.148367799312879, 19.319720104047398 ] ] ] ] } },
{ "type": "Feature", "properties": { "id": 2040.0, "entidad": 9, "distrito_f": 8, "distrito_l": 26, "municipio": 3, "seccion": 402, "tipo": 2, "control": 35239.0, "SECCION_TX": "0402", "SECCION__1": null, "SECCION__2": null, "SECCION_N": "402", "ESTATUS": "COMPLETA", "ALCALDIA_N": "COYOACAN", "EN_OPERATI": null, "EN_OP": "SI", "SEC_N": "402", "EST": "COMPLETA", "ALC_N": "COYOACAN", "OP": "SI", "NOMBRE": "ADOLFO RUIZ CORTINES" }, "geometry": { "type": "MultiPolygon", "coordinates": [ [ [ [ -99.148367799312879, 19.319720104047398 ], [ -99.148947204079292, 19.319893424033733 ], [ -99.149498574021607, 19.320058355780077 ], [ -99.149680833298987, 19.319523685674579 ], [ -99.150211918689621, 19.319728677079475 ], [ -99.150456053329975, 19.319001248394919 ], [ -99.150509470011713, 19.319004062773196 ], [ -99.151020235503893, 19.319030972809358 ], [ -99.150338852096951, 19.320069956888606 ], [ -99.150256429714162, 19.320209769816834 ], [ -99.149988068251702, 19.320589953489453 ], [ -99.149225636481589, 19.321670067420783 ], [ -99.149200921916417, 19.321706202865681 ], [ -99.148244876001371, 19.323104033616936 ], [ -99.148228567941985, 19.323128054610251 ], [ -99.147799955052264, 19.323759377902491 ], [ -99.147620944137898, 19.323909053962353 ], [ -99.147257069609978, 19.324213227688862 ], [ -99.146783240947499, 19.324052533981327 ], [ -99.147129942615507, 19.32278468751938 ], [ -99.147669020310246, 19.321732490260793 ], [ -99.147869814808729, 19.321293124728257 ], [ -99.148022020948616, 19.320812343203432 ], [ -99.148367799312879, 19.319720104047398 ] ] ] ] } },
{ "type": "Feature", "properties": { "id": 2041.0, "entidad": 9, "distrito_f": 8, "distrito_l": 26, "municipio": 3, "seccion": 403, "tipo": 2, "control": 35270.0, "SECCION_TX": "0403", "SECCION__1": null, "SECCION__2": null, "SECCION_N": "403", "ESTATUS": null, "ALCALDIA_N": "COYOACAN", "EN_OPERATI": null, "EN_OP": "NO", "SEC_N": "403", "EST": null, "ALC_N": "COYOACAN", "OP": "NO", "NOMBRE": "ADOLFO RUIZ CORTINES" }, "geometry": { "type": "MultiPolygon", "coordinates": [ [ [ [ -99.152402946046507, 19.323238956312856 ], [ -99.152030904787566, 19.323050146635136 ], [ -99.151689794194809, 19.322877033111013 ], [ -99.15133905723728, 19.322699033157445 ], [ -99.150988321035683, 19.322521032520914 ], [ -99.150919571391256, 19.322657338628364 ], [ -99.15088674514223, 19.322727503124828 ], [ -99.150840108453551, 19.322704692792524 ], [ -99.149555237344671, 19.322076246074385 ], [ -99.149399958737632, 19.322000296398553 ], [ -99.148572056055372, 19.323195497355925 ], [ -99.148551377711613, 19.323225349357237 ], [ -99.148244876001371, 19.323104033616936 ], [ -99.149200921916417, 19.321706202865681 ], [ -99.149225636481589, 19.321670067420783 ], [ -99.149458583825293, 19.321772342236589 ], [ -99.149851300112744, 19.321954481330746 ], [ -99.149993613271775, 19.32172084534059 ], [ -99.150159771292266, 19.321809966442306 ], [ -99.150272271336192, 19.32187030722071 ], [ -99.15041990134155, 19.321949410941254 ], [ -99.150464055061647, 19.32197308502986 ], [ -99.151301258169966, 19.320709483705514 ], [ -99.151323510621296, 19.320675897479358 ], [ -99.151799650540539, 19.320896570908619 ], [ -99.151842838101786, 19.320854466194874 ], [ -99.151884249047697, 19.320786328752206 ], [ -99.151907050874769, 19.320759903034983 ], [ -99.152293411594457, 19.320424180344453 ], [ -99.152343570513324, 19.320460600597297 ], [ -99.152839395655022, 19.320820616243019 ], [ -99.152861745603744, 19.320838587040335 ], [ -99.153323041498609, 19.321209497127839 ], [ -99.153143649438917, 19.32147139039111 ], [ -99.152999206851277, 19.321790025194897 ], [ -99.153331142006479, 19.32204367614991 ], [ -99.152869650652846, 19.322598764761874 ], [ -99.152585077194615, 19.322941051464433 ], [ -99.152402946046507, 19.323238956312856 ] ] ] ] } },
{ "type": "Feature", "properties": { "id": 2058.0, "entidad": 9, "distrito_f": 8, "distrito_l": 26, "municipio": 3, "seccion": 421, "tipo": 2, "control": 35156.0, "SECCION_TX": "0421", "SECCION__1": null, "SECCION__2": null, "SECCION_N": "421", "ESTATUS": null, "ALCALDIA_N": "COYOACAN", "EN_OPERATI": null, "EN_OP": "NO", "SEC_N": "421", "EST": null, "ALC_N": "COYOACAN", "OP": "NO", "NOMBRE": "ADOLFO RUIZ CORTINES" }, "geometry": { "type": "MultiPolygon", "coordinates": [ [ [ [ -99.157725804341524, 19.314893783981901 ], [ -99.15694083974708, 19.316417424405508 ], [ -99.156280913836014, 19.317805111613374 ], [ -99.155759449860625, 19.317551143883168 ], [ -99.15523381644573, 19.31729206139816 ], [ -99.154568759618996, 19.318663271333488 ], [ -99.154045394273084, 19.318437712562684 ], [ -99.153841093621352, 19.318341007405905 ], [ -99.153785329867929, 19.318364511450323 ], [ -99.153663137715014, 19.318591043430157 ], [ -99.153371301616502, 19.31846319089421 ], [ -99.154267884260662, 19.316668385430823 ], [ -99.154614565203332, 19.316516828861257 ], [ -99.155001413017132, 19.316347231574742 ], [ -99.155783283699989, 19.315995563964467 ], [ -99.155886314120664, 19.31594903344994 ], [ -99.156513326218743, 19.315609804571157 ], [ -99.156756779818579, 19.315494565161224 ], [ -99.156847518634848, 19.315415537760771 ], [ -99.157067090585869, 19.315285099711488 ], [ -99.15731343596093, 19.315154430406242 ], [ -99.157725804341524, 19.314893783981901 ] ] ] ] } },
{ "type": "Feature", "properties": { "id": 2059.0, "entidad": 9, "distrito_f": 8, "distrito_l": 26, "municipio": 3, "seccion": 422, "tipo": 2, "control": 35158.0, "SECCION_TX": "0422", "SECCION__1": null, "SECCION__2": null, "SECCION_N": "422", "ESTATUS": "COMPLETA", "ALCALDIA_N": "COYOACAN", "EN_OPERATI": null, "EN_OP": "SI", "SEC_N": "422", "EST": "COMPLETA", "ALC_N": "COYOACAN", "OP": "SI", "NOMBRE": "ADOLFO RUIZ CORTINES" }, "geometry": { "type": "MultiPolygon", "coordinates": [ [ [ [ -99.154267884260662, 19.316668385430823 ], [ -99.153371301616502, 19.31846319089421 ], [ -99.153037225208635, 19.319191194207509 ], [ -99.152809859687594, 19.319686654231901 ], [ -99.151940668631539, 19.319831032136246 ], [ -99.151138784806477, 19.319964226006576 ], [ -99.150338852096951, 19.320069956888606 ], [ -99.151020235503893, 19.319030972809358 ], [ -99.151087800757452, 19.31890156678541 ], [ -99.151191668324927, 19.318497157177386 ], [ -99.151467516004928, 19.318495528540524 ], [ -99.151927928463635, 19.317521933432793 ], [ -99.152616665525699, 19.317342936606096 ], [ -99.152683583950619, 19.31722515802684 ], [ -99.152899090450774, 19.317163741510022 ], [ -99.153134916108868, 19.317093163543884 ], [ -99.153508032599234, 19.31698149639471 ], [ -99.153837759541986, 19.316845626830236 ], [ -99.154267884260662, 19.316668385430823 ] ] ] ] } },
{ "type": "Feature", "properties": { "id": 2060.0, "entidad": 9, "distrito_f": 8, "distrito_l": 26, "municipio": 3, "seccion": 423, "tipo": 2, "control": 35165.0, "SECCION_TX": "0423", "SECCION__1": null, "SECCION__2": null, "SECCION_N": "423", "ESTATUS": null, "ALCALDIA_N": "COYOACAN", "EN_OPERATI": null, "EN_OP": "NO", "SEC_N": "423", "EST": null, "ALC_N": "COYOACAN", "OP": "NO", "NOMBRE": "ADOLFO RUIZ CORTINES" }, "geometry": { "type": "MultiPolygon", "coordinates": [ [ [ [ -99.152899090450774, 19.317163741510022 ], [ -99.152683583950619, 19.31722515802684 ], [ -99.152616665525699, 19.317342936606096 ], [ -99.151927928463635, 19.317521933432793 ], [ -99.151467516004928, 19.318495528540524 ], [ -99.151191668324927, 19.318497157177386 ], [ -99.151087800757452, 19.31890156678541 ], [ -99.151020235503893, 19.319030972809358 ], [ -99.150509470011713, 19.319004062773196 ], [ -99.150456053329975, 19.319001248394919 ], [ -99.150211918689621, 19.319728677079475 ], [ -99.149680833298987, 19.319523685674579 ], [ -99.150223842493887, 19.317800963516977 ], [ -99.150325628449295, 19.317791413886148 ], [ -99.150783146715597, 19.316490410561507 ], [ -99.15137975811885, 19.316672606586604 ], [ -99.151962934248417, 19.316860240347289 ], [ -99.152535815785271, 19.317031135521347 ], [ -99.152899090450774, 19.317163741510022 ] ] ] ] } },
{ "type": "Feature", "properties": { "id": 2061.0, "entidad": 9, "distrito_f": 8, "distrito_l": 26, "municipio": 3, "seccion": 424, "tipo": 2, "control": 35196.0, "SECCION_TX": "0424", "SECCION__1": null, "SECCION__2": null, "SECCION_N": "424", "ESTATUS": null, "ALCALDIA_N": "COYOACAN", "EN_OPERATI": null, "EN_OP": "NO", "SEC_N": "424", "EST": null, "ALC_N": "COYOACAN", "OP": "NO", "NOMBRE": "ADOLFO RUIZ CORTINES" }, "geometry": { "type": "MultiPolygon", "coordinates": [ [ [ [ -99.149498574021607, 19.320058355780077 ], [ -99.148947204079292, 19.319893424033733 ], [ -99.148367799312879, 19.319720104047398 ], [ -99.148348505591827, 19.319714332590699 ], [ -99.147803038200607, 19.319551162353864 ], [ -99.148379766907965, 19.317870495532013 ], [ -99.148443800744502, 19.317875227722343 ], [ -99.148565976023974, 19.317427582641869 ], [ -99.14913897678629, 19.317614176452732 ], [ -99.149717343866158, 19.317759957525766 ], [ -99.149986455178791, 19.317812023090571 ], [ -99.150223842493887, 19.317800963516977 ], [ -99.149680833298987, 19.319523685674579 ], [ -99.149498574021607, 19.320058355780077 ] ] ] ] } },
{ "type": "Feature", "properties": { "id": 2062.0, "entidad": 9, "distrito_f": 8, "distrito_l": 30, "municipio": 3, "seccion": 425, "tipo": 2, "control": 35194.0, "SECCION_TX": "0425", "SECCION__1": null, "SECCION__2": null, "SECCION_N": "425", "ESTATUS": null, "ALCALDIA_N": "COYOACAN", "EN_OPERATI": null, "EN_OP": "NO", "SEC_N": "425", "EST": null, "ALC_N": "COYOACAN", "OP": "NO", "NOMBRE": "ADOLFO RUIZ CORTINES" }, "geometry": { "type": "MultiPolygon", "coordinates": [ [ [ [ -99.14911434210218, 19.315955267046387 ], [ -99.148565976023974, 19.317427582641869 ], [ -99.148443800744502, 19.317875227722343 ], [ -99.148379766907965, 19.317870495532013 ], [ -99.147803038200607, 19.319551162353864 ], [ -99.147259474491634, 19.31938887018006 ], [ -99.146695113989225, 19.319220366634074 ], [ -99.146216806702739, 19.319077554724451 ], [ -99.146173940734315, 19.319063898102453 ], [ -99.145758003186145, 19.318928885048788 ], [ -99.145779117949374, 19.318640779734288 ], [ -99.146142230728202, 19.317755306574906 ], [ -99.146539941834959, 19.31774875568594 ], [ -99.146843289170775, 19.316872324148079 ], [ -99.14735060157949, 19.315410542426648 ], [ -99.147920212708485, 19.315585690431028 ], [ -99.148507870348652, 19.315772112804709 ], [ -99.14911434210218, 19.315955267046387 ] ] ] ] } },
{ "type": "Feature", "properties": { "id": 2072.0, "entidad": 9, "distrito_f": 8, "distrito_l": 26, "municipio": 3, "seccion": 435, "tipo": 2, "control": 35153.0, "SECCION_TX": "0435", "SECCION__1": null, "SECCION__2": null, "SECCION_N": "435", "ESTATUS": null, "ALCALDIA_N": "COYOACAN", "EN_OPERATI": null, "EN_OP": "NO", "SEC_N": "435", "EST": null, "ALC_N": "COYOACAN", "OP": "NO", "NOMBRE": "ADOLFO RUIZ CORTINES" }, "geometry": { "type": "MultiPolygon", "coordinates": [ [ [ [ -99.156513326218743, 19.315609804571157 ], [ -99.155886314120664, 19.31594903344994 ], [ -99.155783283699989, 19.315995563964467 ], [ -99.155001413017132, 19.316347231574742 ], [ -99.154614565203332, 19.316516828861257 ], [ -99.154714233303466, 19.316168657178629 ], [ -99.154142619152907, 19.315967874370969 ], [ -99.153605603919942, 19.315797773433442 ], [ -99.154120464917128, 19.314302297333324 ], [ -99.154635316644402, 19.31280681960007 ], [ -99.155190934404786, 19.312990460351237 ], [ -99.155766965602268, 19.313200107106663 ], [ -99.156264967912335, 19.311726197971893 ], [ -99.156555061086323, 19.311822722569996 ], [ -99.157151382087065, 19.312021138543169 ], [ -99.156632262915195, 19.313489447994037 ], [ -99.156156753554882, 19.314833783436509 ], [ -99.156117148436763, 19.314945751931564 ], [ -99.156671413308956, 19.315117255517944 ], [ -99.156513326218743, 19.315609804571157 ] ] ] ] } },
{ "type": "Feature", "properties": { "id": 2083.0, "entidad": 9, "distrito_f": 8, "distrito_l": 26, "municipio": 3, "seccion": 492, "tipo": 2, "control": 35533.0, "SECCION_TX": "0492", "SECCION__1": null, "SECCION__2": null, "SECCION_N": "492", "ESTATUS": null, "ALCALDIA_N": "COYOACAN", "EN_OPERATI": null, "EN_OP": "NO", "SEC_N": "492", "EST": null, "ALC_N": "COYOACAN", "OP": "NO", "NOMBRE": "ADOLFO RUIZ CORTINES" }, "geometry": { "type": "MultiPolygon", "coordinates": [ [ [ [ -99.14793818819598, 19.324145291441742 ], [ -99.148060416423078, 19.325087689924136 ], [ -99.147977264641312, 19.32509126588165 ], [ -99.147979605289237, 19.32563858588723 ], [ -99.147619582171828, 19.325641643545648 ], [ -99.147216853394355, 19.325645063058786 ], [ -99.146814124593618, 19.325648481682805 ], [ -99.14681054704495, 19.325108946615487 ], [ -99.146807101850058, 19.324589366788924 ], [ -99.147257069609978, 19.324213227688862 ], [ -99.147620944137898, 19.323909053962353 ], [ -99.147636505412535, 19.324173235243041 ], [ -99.14793818819598, 19.324145291441742 ] ] ] ] } },
{ "type": "Feature", "properties": { "id": 2136.0, "entidad": 9, "distrito_f": 8, "distrito_l": 26, "municipio": 3, "seccion": 498, "tipo": 2, "control": 35271.0, "SECCION_TX": "0498", "SECCION__1": null, "SECCION__2": null, "SECCION_N": "498", "ESTATUS": "COMPLETA", "ALCALDIA_N": "COYOACAN", "EN_OPERATI": null, "EN_OP": "SI", "SEC_N": "498", "EST": "COMPLETA", "ALC_N": "COYOACAN", "OP": "SI", "NOMBRE": "ADOLFO RUIZ CORTINES" }, "geometry": { "type": "MultiPolygon", "coordinates": [ [ [ [ -99.152809859687594, 19.319686654231901 ], [ -99.15267475280416, 19.320068609419266 ], [ -99.152343570513324, 19.320460600597297 ], [ -99.152293411594457, 19.320424180344453 ], [ -99.151907050874769, 19.320759903034983 ], [ -99.151884249047697, 19.320786328752206 ], [ -99.151842838101786, 19.320854466194874 ], [ -99.151799650540539, 19.320896570908619 ], [ -99.151323510621296, 19.320675897479358 ], [ -99.151301258169966, 19.320709483705514 ], [ -99.150464055061647, 19.32197308502986 ], [ -99.15041990134155, 19.321949410941254 ], [ -99.150272271336192, 19.32187030722071 ], [ -99.150159771292266, 19.321809966442306 ], [ -99.149993613271775, 19.32172084534059 ], [ -99.149851300112744, 19.321954481330746 ], [ -99.149458583825293, 19.321772342236589 ], [ -99.149225636481589, 19.321670067420783 ], [ -99.149988068251702, 19.320589953489453 ], [ -99.150256429714162, 19.320209769816834 ], [ -99.150338852096951, 19.320069956888606 ], [ -99.151138784806477, 19.319964226006576 ], [ -99.151940668631539, 19.319831032136246 ], [ -99.152809859687594, 19.319686654231901 ] ] ] ] } },
{ "type": "Feature", "properties": { "id": 2139.0, "entidad": 9, "distrito_f": 8, "distrito_l": 26, "municipio": 3, "seccion": 501, "tipo": 2, "control": 35192.0, "SECCION_TX": "0501", "SECCION__1": null, "SECCION__2": null, "SECCION_N": "501", "ESTATUS": null, "ALCALDIA_N": "COYOACAN", "EN_OPERATI": null, "EN_OP": "NO", "SEC_N": "501", "EST": null, "ALC_N": "COYOACAN", "OP": "NO", "NOMBRE": "ADOLFO RUIZ CORTINES" }, "geometry": { "type": "MultiPolygon", "coordinates": [ [ [ [ -99.150325628449295, 19.317791413886148 ], [ -99.150223842493887, 19.317800963516977 ], [ -99.149986455178791, 19.317812023090571 ], [ -99.149717343866158, 19.317759957525766 ], [ -99.14913897678629, 19.317614176452732 ], [ -99.148565976023974, 19.317427582641869 ], [ -99.14911434210218, 19.315955267046387 ], [ -99.149598204919073, 19.314523093692877 ], [ -99.150175792361452, 19.31470820561162 ], [ -99.150709636263159, 19.314882281292402 ], [ -99.151291061324642, 19.315071877067258 ], [ -99.150783146715597, 19.316490410561507 ], [ -99.150325628449295, 19.317791413886148 ] ] ] ] } },
{ "type": "Feature", "properties": { "id": 2140.0, "entidad": 9, "distrito_f": 8, "distrito_l": 26, "municipio": 3, "seccion": 502, "tipo": 2, "control": 35163.0, "SECCION_TX": "0502", "SECCION__1": null, "SECCION__2": null, "SECCION_N": "502", "ESTATUS": null, "ALCALDIA_N": "COYOACAN", "EN_OPERATI": null, "EN_OP": "NO", "SEC_N": "502", "EST": null, "ALC_N": "COYOACAN", "OP": "NO", "NOMBRE": "ADOLFO RUIZ CORTINES" }, "geometry": { "type": "MultiPolygon", "coordinates": [ [ [ [ -99.154614565203332, 19.316516828861257 ], [ -99.154267884260662, 19.316668385430823 ], [ -99.153837759541986, 19.316845626830236 ], [ -99.153508032599234, 19.31698149639471 ], [ -99.153134916108868, 19.317093163543884 ], [ -99.152899090450774, 19.317163741510022 ], [ -99.152535815785271, 19.317031135521347 ], [ -99.151962934248417, 19.316860240347289 ], [ -99.15137975811885, 19.316672606586604 ], [ -99.150783146715597, 19.316490410561507 ], [ -99.151291061324642, 19.315071877067258 ], [ -99.151887725599678, 19.315261110228633 ], [ -99.152470368931887, 19.315442887409329 ], [ -99.153031867804714, 19.315618065643456 ], [ -99.153605603919942, 19.315797773433442 ], [ -99.154142619152907, 19.315967874370969 ], [ -99.154714233303466, 19.316168657178629 ], [ -99.154614565203332, 19.316516828861257 ] ] ] ] } },
{ "type": "Feature", "properties": { "id": 2111.0, "entidad": 9, "distrito_f": 8, "distrito_l": 26, "municipio": 3, "seccion": 472, "tipo": 2, "control": 35681.0, "SECCION_TX": "0472", "SECCION__1": null, "SECCION__2": null, "SECCION_N": "472", "ESTATUS": "COMPLETA", "ALCALDIA_N": "COYOACAN", "EN_OPERATI": null, "EN_OP": "SI", "SEC_N": "472", "EST": "COMPLETA", "ALC_N": "COYOACAN", "OP": "SI", "NOMBRE": "JOYAS DEL PEDREGAL" }, "geometry": { "type": "MultiPolygon", "coordinates": [ [ [ [ -99.159689113523058, 19.307625991204471 ], [ -99.158038483433828, 19.306940793944598 ], [ -99.156936710369678, 19.306396635939535 ], [ -99.156885560721875, 19.306379079707774 ], [ -99.156441106285641, 19.306161501646052 ], [ -99.156377749887511, 19.306130216352404 ], [ -99.155932080579447, 19.305912252101216 ], [ -99.155838641813602, 19.305866560589457 ], [ -99.155363297448005, 19.305633849983 ], [ -99.155302229589708, 19.305603953334199 ], [ -99.155284765847327, 19.305593998552265 ], [ -99.155234356063929, 19.305570724833764 ], [ -99.154789833426108, 19.305353101242204 ], [ -99.154716641264017, 19.305317268561033 ], [ -99.15467180866294, 19.305292447918081 ], [ -99.154771824775352, 19.305207480468702 ], [ -99.154884963134876, 19.30516797297636 ], [ -99.155040244887999, 19.305113024721813 ], [ -99.158510355316054, 19.304022828808655 ], [ -99.159377295455826, 19.303814064116992 ], [ -99.159477949704737, 19.303812994824757 ], [ -99.159622599327491, 19.30412061402442 ], [ -99.159625646791966, 19.304280754373195 ], [ -99.159682923967395, 19.307290525824445 ], [ -99.15968700830264, 19.307511891349606 ], [ -99.159689113523058, 19.307625991204471 ] ] ] ] } },
{ "type": "Feature", "properties": { "id": 2150.0, "entidad": 9, "distrito_f": 8, "distrito_l": 26, "municipio": 3, "seccion": 511, "tipo": 2, "control": 35134.0, "SECCION_TX": "0511", "SECCION__1": null, "SECCION__2": null, "SECCION_N": "511", "ESTATUS": null, "ALCALDIA_N": "COYOACAN", "EN_OPERATI": null, "EN_OP": "NO", "SEC_N": "511", "EST": null, "ALC_N": "COYOACAN", "OP": "NO", "NOMBRE": "JOYAS DEL PEDREGAL" }, "geometry": { "type": "MultiPolygon", "coordinates": [ [ [ [ -99.159681706152128, 19.30776123449148 ], [ -99.159336606600291, 19.307648685700389 ], [ -99.158792487508961, 19.307443535525675 ], [ -99.15817719834881, 19.307244096544082 ], [ -99.157913095933239, 19.307158151569197 ], [ -99.157361922338794, 19.306978785531545 ], [ -99.156803179961813, 19.306796954311444 ], [ -99.156752356012632, 19.30678041459673 ], [ -99.156244175973868, 19.306615035833044 ], [ -99.155689481966803, 19.306434517867604 ], [ -99.155117858265001, 19.306248488165934 ], [ -99.155070090519374, 19.306232942489814 ], [ -99.155022322782671, 19.306217396801205 ], [ -99.154484466663433, 19.306042354074343 ], [ -99.153917801156368, 19.30585793334296 ], [ -99.154051176725503, 19.305485023616352 ], [ -99.153889549380239, 19.305243807347072 ], [ -99.154512503515718, 19.305084765356263 ], [ -99.154543626524557, 19.305161114493938 ], [ -99.154566837736539, 19.305149563651696 ], [ -99.154558909564486, 19.305259267283262 ], [ -99.15459608787495, 19.305313239228525 ], [ -99.15467180866294, 19.305292447918081 ], [ -99.154716641264017, 19.305317268561033 ], [ -99.154789833426108, 19.305353101242204 ], [ -99.155234356063929, 19.305570724833764 ], [ -99.155284765847327, 19.305593998552265 ], [ -99.155302229589708, 19.305603953334199 ], [ -99.155363297448005, 19.305633849983 ], [ -99.155838641813602, 19.305866560589457 ], [ -99.155932080579447, 19.305912252101216 ], [ -99.156377749887511, 19.306130216352404 ], [ -99.156441106285641, 19.306161501646052 ], [ -99.156885560721875, 19.306379079707774 ], [ -99.156936710369678, 19.306396635939535 ], [ -99.158038483433828, 19.306940793944598 ], [ -99.159689113523058, 19.307625991204471 ], [ -99.159692191063669, 19.307687775431518 ], [ -99.159681706152128, 19.30776123449148 ] ] ] ] } },
{ "type": "Feature", "properties": { "id": 2092.0, "entidad": 9, "distrito_f": 8, "distrito_l": 26, "municipio": 3, "seccion": 454, "tipo": 2, "control": 35149.0, "SECCION_TX": "0454", "SECCION__1": null, "SECCION__2": null, "SECCION_N": "454", "ESTATUS": "COMPLETA", "ALCALDIA_N": "COYOACAN", "EN_OPERATI": null, "EN_OP": "SI", "SEC_N": "454", "EST": "COMPLETA", "ALC_N": "COYOACAN", "OP": "SI", "NOMBRE": "LA ZORRA EJIDO DE SANTA URSULA" }, "geometry": { "type": "MultiPolygon", "coordinates": [ [ [ [ -99.160637761457366, 19.311234070737566 ], [ -99.160053116500649, 19.311056567264476 ], [ -99.159439981578416, 19.310870411548713 ], [ -99.158881475301087, 19.310700839630439 ], [ -99.15832297016307, 19.310531265991735 ], [ -99.158866555275466, 19.309036651430183 ], [ -99.159336606600291, 19.307648685700389 ], [ -99.159681706152128, 19.30776123449148 ], [ -99.159919497414549, 19.307829837506134 ], [ -99.160249437329512, 19.307952502315 ], [ -99.160417414224383, 19.307991305771505 ], [ -99.16093147829686, 19.308110055924704 ], [ -99.161015879128286, 19.308129552583569 ], [ -99.161672629292156, 19.308281260896408 ], [ -99.161472947456915, 19.308908369639699 ], [ -99.16118013240964, 19.309723765098049 ], [ -99.160637761457366, 19.311234070737566 ] ] ] ] } },
{ "type": "Feature", "properties": { "id": 2087.0, "entidad": 9, "distrito_f": 8, "distrito_l": 30, "municipio": 3, "seccion": 449, "tipo": 2, "control": 35174.0, "SECCION_TX": "0449", "SECCION__1": null, "SECCION__2": null, "SECCION_N": "449", "ESTATUS": null, "ALCALDIA_N": "COYOACAN", "EN_OPERATI": null, "EN_OP": "NO", "SEC_N": "449", "EST": null, "ALC_N": "COYOACAN", "OP": "NO", "NOMBRE": "BOSQUES DE TETLAMEYA" }, "geometry": { "type": "MultiPolygon", "coordinates": [ [ [ [ -99.15048815521385, 19.305072183697895 ], [ -99.15092535494351, 19.305337829161278 ], [ -99.150775783502667, 19.305695549950766 ], [ -99.150552797777195, 19.306365611050904 ], [ -99.149945149964452, 19.308092370916288 ], [ -99.149804947313669, 19.308050298698269 ], [ -99.149440389221851, 19.307936423688371 ], [ -99.149359108395629, 19.307916321482463 ], [ -99.149243853889075, 19.307877690654795 ], [ -99.148970724344849, 19.307796220644839 ], [ -99.148814355286277, 19.307744318507098 ], [ -99.148540922846877, 19.307665628529371 ], [ -99.148418990905398, 19.307605111952171 ], [ -99.14832602235164, 19.307404058650182 ], [ -99.148351163088208, 19.30706000599579 ], [ -99.148354857546977, 19.307022283842269 ], [ -99.148366389867135, 19.306904533345918 ], [ -99.148708781459689, 19.306814858820452 ], [ -99.148777229671921, 19.306820812838247 ], [ -99.149011886375277, 19.306841224425192 ], [ -99.149438070926422, 19.306936358570105 ], [ -99.149530607032176, 19.306891906625257 ], [ -99.149920546597428, 19.306176104433007 ], [ -99.149544841221001, 19.30609268869302 ], [ -99.149444396325833, 19.306026607604469 ], [ -99.149320322161614, 19.306018125169583 ], [ -99.149189050281663, 19.306001738328902 ], [ -99.148822434955378, 19.30591174830564 ], [ -99.148588862591637, 19.305938607714246 ], [ -99.148519824505883, 19.30601195789712 ], [ -99.148425757608351, 19.305728032555898 ], [ -99.148621649920671, 19.30517826480995 ], [ -99.148809634958042, 19.304563217160624 ], [ -99.149280772920179, 19.304628872475746 ], [ -99.149703969302493, 19.304645013858 ], [ -99.150049576939637, 19.304797854136517 ], [ -99.15048815521385, 19.305072183697895 ] ] ] ] } },
{ "type": "Feature", "properties": { "id": 2088.0, "entidad": 9, "distrito_f": 8, "distrito_l": 30, "municipio": 3, "seccion": 450, "tipo": 2, "control": 35173.0, "SECCION_TX": "0450", "SECCION__1": null, "SECCION__2": null, "SECCION_N": "450", "ESTATUS": "COMPLETA", "ALCALDIA_N": "COYOACAN", "EN_OPERATI": null, "EN_OP": "SI", "SEC_N": "450", "EST": "COMPLETA", "ALC_N": "COYOACAN", "OP": "SI", "NOMBRE": "BOSQUES DE TETLAMEYA" }, "geometry": { "type": "MultiPolygon", "coordinates": [ [ [ [ -99.15271380960381, 19.305759942313887 ], [ -99.152666683234202, 19.305893391660952 ], [ -99.152292684754784, 19.306952447818297 ], [ -99.151772336774044, 19.308446447098316 ], [ -99.151706409026062, 19.308634563146825 ], [ -99.151104399591944, 19.308449233943943 ], [ -99.150500838823703, 19.308263441183733 ], [ -99.150259320322775, 19.30818909111926 ], [ -99.149945149964452, 19.308092370916288 ], [ -99.150552797777195, 19.306365611050904 ], [ -99.150775783502667, 19.305695549950766 ], [ -99.15092535494351, 19.305337829161278 ], [ -99.151428151675489, 19.305630820804481 ], [ -99.151804366611387, 19.305785932382591 ], [ -99.15203722885704, 19.305817650323565 ], [ -99.15271380960381, 19.305759942313887 ] ] ] ] } },
{ "type": "Feature", "properties": { "id": 2089.0, "entidad": 9, "distrito_f": 8, "distrito_l": 26, "municipio": 3, "seccion": 451, "tipo": 2, "control": 35172.0, "SECCION_TX": "0451", "SECCION__1": null, "SECCION__2": null, "SECCION_N": "451", "ESTATUS": null, "ALCALDIA_N": "COYOACAN", "EN_OPERATI": null, "EN_OP": "NO", "SEC_N": "451", "EST": null, "ALC_N": "COYOACAN", "OP": "NO", "NOMBRE": "BOSQUES DE TETLAMEYA" }, "geometry": { "type": "MultiPolygon", "coordinates": [ [ [ [ -99.153956239530032, 19.309346387528997 ], [ -99.15337589473279, 19.309164498449935 ], [ -99.152817318204768, 19.308987189858311 ], [ -99.152261066554644, 19.308810626995744 ], [ -99.151706409026062, 19.308634563146825 ], [ -99.151772336774044, 19.308446447098316 ], [ -99.152292684754784, 19.306952447818297 ], [ -99.152666683234202, 19.305893391660952 ], [ -99.15271380960381, 19.305759942313887 ], [ -99.153096818278769, 19.305620736051413 ], [ -99.15323933449956, 19.305588827352274 ], [ -99.153355541890022, 19.305540171219889 ], [ -99.153889549380239, 19.305243807347072 ], [ -99.154051176725503, 19.305485023616352 ], [ -99.153917801156368, 19.30585793334296 ], [ -99.154484466663433, 19.306042354074343 ], [ -99.153972108015338, 19.307477650485502 ], [ -99.153438277612324, 19.308973068729827 ], [ -99.154019241834249, 19.309157812205918 ], [ -99.153956239530032, 19.309346387528997 ] ] ] ] } },
{ "type": "Feature", "properties": { "id": 2231.0, "entidad": 9, "distrito_f": 8, "distrito_l": 26, "municipio": 3, "seccion": 734, "tipo": 2, "control": 35472.0, "SECCION_TX": "0734", "SECCION__1": null, "SECCION__2": null, "SECCION_N": "734", "ESTATUS": null, "ALCALDIA_N": "COYOACAN", "EN_OPERATI": null, "EN_OP": "NO", "SEC_N": "734", "EST": null, "ALC_N": "COYOACAN", "OP": "NO", "NOMBRE": "ROMERO DE TERREROS" }, "geometry": { "type": "MultiPolygon", "coordinates": [ [ [ [ -99.178743753822516, 19.339882306704453 ], [ -99.178724455369476, 19.339852452973386 ], [ -99.17850961544606, 19.3395201055908 ], [ -99.178088291306295, 19.339053586910975 ], [ -99.177968670205203, 19.338921133640937 ], [ -99.177736457310232, 19.338452988402988 ], [ -99.178033718266818, 19.337646147271947 ], [ -99.178048635472649, 19.337605657996285 ], [ -99.178150929351588, 19.33763662050297 ], [ -99.178177468255768, 19.337644653337865 ], [ -99.178306301099312, 19.337683648587646 ], [ -99.178334986852462, 19.337599965072691 ], [ -99.178552797244961, 19.336964554779005 ], [ -99.178595768025431, 19.336979047492047 ], [ -99.178670178844897, 19.337004143926048 ], [ -99.178718591372984, 19.337020477791626 ], [ -99.178907392278319, 19.337084177029041 ], [ -99.179295853475011, 19.337215238560745 ], [ -99.179322616546656, 19.33722426801933 ], [ -99.17939317855965, 19.33724807455928 ], [ -99.179586376194877, 19.337313256299762 ], [ -99.179620184388938, 19.337324662608168 ], [ -99.179578995730154, 19.337441516044358 ], [ -99.179315753459889, 19.338188337979144 ], [ -99.179302858136893, 19.338224922004166 ], [ -99.179497579320994, 19.338476984328437 ], [ -99.17951365777553, 19.338497797492455 ], [ -99.179233817701544, 19.339257376695841 ], [ -99.179052134489737, 19.339218431479946 ], [ -99.178991681759314, 19.339204330156882 ], [ -99.178743753822516, 19.339882306704453 ] ] ] ] } },
{ "type": "Feature", "properties": { "id": 2226.0, "entidad": 9, "distrito_f": 8, "distrito_l": 26, "municipio": 3, "seccion": 729, "tipo": 2, "control": 35434.0, "SECCION_TX": "0729", "SECCION__1": null, "SECCION__2": null, "SECCION_N": "729", "ESTATUS": null, "ALCALDIA_N": "COYOACAN", "EN_OPERATI": null, "EN_OP": "NO", "SEC_N": "729", "EST": null, "ALC_N": "COYOACAN", "OP": "NO", "NOMBRE": "ROMERO DE TERREROS" }, "geometry": { "type": "MultiPolygon", "coordinates": [ [ [ [ -99.181221884370515, 19.343665585347807 ], [ -99.179684501382383, 19.343440337045372 ], [ -99.179691179323257, 19.343394848140321 ], [ -99.179771902031661, 19.342844977927893 ], [ -99.179993812308766, 19.342571919014265 ], [ -99.179764037849111, 19.342068011850717 ], [ -99.179684330826788, 19.341893209461514 ], [ -99.179604306604944, 19.34171771101704 ], [ -99.179590399985301, 19.341652063144586 ], [ -99.179561209180264, 19.34162201867597 ], [ -99.179564098483937, 19.34155162441504 ], [ -99.179413481164389, 19.34122647131521 ], [ -99.17947512457431, 19.341008883993602 ], [ -99.179520600631719, 19.341019042209997 ], [ -99.179673607770212, 19.341053220093951 ], [ -99.180104402077987, 19.341149447762799 ], [ -99.180695129476518, 19.341281398266837 ], [ -99.180994819671952, 19.341348339110901 ], [ -99.181613497755379, 19.341486529526954 ], [ -99.181663132475649, 19.341497616035589 ], [ -99.181566767697689, 19.341985303847572 ], [ -99.181221884370515, 19.343665585347807 ] ] ] ] } },
{ "type": "Feature", "properties": { "id": 2230.0, "entidad": 9, "distrito_f": 8, "distrito_l": 26, "municipio": 3, "seccion": 733, "tipo": 2, "control": 35473.0, "SECCION_TX": "0733", "SECCION__1": null, "SECCION__2": null, "SECCION_N": "733", "ESTATUS": null, "ALCALDIA_N": "COYOACAN", "EN_OPERATI": null, "EN_OP": "NO", "SEC_N": "733", "EST": null, "ALC_N": "COYOACAN", "OP": "NO", "NOMBRE": "ROMERO DE TERREROS" }, "geometry": { "type": "MultiPolygon", "coordinates": [ [ [ [ -99.177736457310232, 19.338452988402988 ], [ -99.17716787738344, 19.337686763595496 ], [ -99.177001339471502, 19.337462333488293 ], [ -99.176861744744429, 19.337542023752892 ], [ -99.176414995717138, 19.337221030217883 ], [ -99.176375107749053, 19.33713019160443 ], [ -99.176232987470414, 19.337146519951592 ], [ -99.176212937662342, 19.337006218257002 ], [ -99.176050767819945, 19.336882244761767 ], [ -99.175917012926519, 19.336924714524365 ], [ -99.175895455796066, 19.336856869311305 ], [ -99.175882334897267, 19.336815574816626 ], [ -99.176027114552483, 19.336432944214259 ], [ -99.176076703773191, 19.336298675003572 ], [ -99.176203767362367, 19.336304796646967 ], [ -99.17673200840585, 19.336330245180147 ], [ -99.176820077183137, 19.33633448783063 ], [ -99.176848528465229, 19.336335858441679 ], [ -99.177012364454527, 19.336401089283317 ], [ -99.177101425395335, 19.336436548564247 ], [ -99.177262024953365, 19.33650049052893 ], [ -99.177320267090792, 19.336523679316631 ], [ -99.177413249782475, 19.336560699813173 ], [ -99.177598599211251, 19.33663449537541 ], [ -99.17768517180302, 19.336668963551841 ], [ -99.177874254377542, 19.33674424505357 ], [ -99.177925011469867, 19.33676445348144 ], [ -99.17802452577547, 19.33679617298494 ], [ -99.178200237443463, 19.336852179712707 ], [ -99.178365340441431, 19.336904804819383 ], [ -99.178525163630212, 19.336955746858838 ], [ -99.178552797244961, 19.336964554779005 ], [ -99.178334986852462, 19.337599965072691 ], [ -99.178306301099312, 19.337683648587646 ], [ -99.178177468255768, 19.337644653337865 ], [ -99.178150929351588, 19.33763662050297 ], [ -99.178048635472649, 19.337605657996285 ], [ -99.178033718266818, 19.337646147271947 ], [ -99.177736457310232, 19.338452988402988 ] ] ] ] } },
{ "type": "Feature", "properties": { "id": 2232.0, "entidad": 9, "distrito_f": 8, "distrito_l": 26, "municipio": 3, "seccion": 735, "tipo": 2, "control": 37484.0, "SECCION_TX": "0735", "SECCION__1": null, "SECCION__2": null, "SECCION_N": "735", "ESTATUS": null, "ALCALDIA_N": "COYOACAN", "EN_OPERATI": null, "EN_OP": "NO", "SEC_N": "735", "EST": null, "ALC_N": "COYOACAN", "OP": "NO", "NOMBRE": "ROMERO DE TERREROS" }, "geometry": { "type": "MultiPolygon", "coordinates": [ [ [ [ -99.179872984570409, 19.340462144960291 ], [ -99.17964063075884, 19.340384942353467 ], [ -99.178838041085399, 19.339935148355384 ], [ -99.178743753822516, 19.339882306704453 ], [ -99.178991681759314, 19.339204330156882 ], [ -99.179052134489737, 19.339218431479946 ], [ -99.179233817701544, 19.339257376695841 ], [ -99.17951365777553, 19.338497797492455 ], [ -99.179497579320994, 19.338476984328437 ], [ -99.179302858136893, 19.338224922004166 ], [ -99.179315753459889, 19.338188337979144 ], [ -99.179578995730154, 19.337441516044358 ], [ -99.179620184388938, 19.337324662608168 ], [ -99.179668444668678, 19.337341063423331 ], [ -99.18058979744491, 19.337654173653906 ], [ -99.180758582608647, 19.338003685769955 ], [ -99.181035844864297, 19.338096658453889 ], [ -99.181137533895225, 19.338038383177938 ], [ -99.181716741885694, 19.338361972169693 ], [ -99.18208196552375, 19.33808217522915 ], [ -99.182464888529381, 19.338190958379968 ], [ -99.18272867090117, 19.338177131701372 ], [ -99.182791896213701, 19.338173817563543 ], [ -99.182837395130207, 19.338171432592549 ], [ -99.182873870402233, 19.338169520616344 ], [ -99.18290780622101, 19.33816774174776 ], [ -99.182560473016323, 19.338632925419244 ], [ -99.182313992720694, 19.339228463758644 ], [ -99.182254674927037, 19.339371784950391 ], [ -99.182242867351306, 19.339404566609154 ], [ -99.18219449838422, 19.339679989402512 ], [ -99.182133166367592, 19.339666592552302 ], [ -99.182101072535716, 19.339659582236241 ], [ -99.182039403310199, 19.339646111693884 ], [ -99.180573704115446, 19.339197134399424 ], [ -99.180543795016462, 19.339251129815427 ], [ -99.179892368422429, 19.34042715154683 ], [ -99.179872984570409, 19.340462144960291 ] ] ] ] } },
{ "type": "Feature", "properties": { "id": 2237.0, "entidad": 9, "distrito_f": 8, "distrito_l": 26, "municipio": 3, "seccion": 741, "tipo": 2, "control": 35474.0, "SECCION_TX": "0741", "SECCION__1": null, "SECCION__2": null, "SECCION_N": "741", "ESTATUS": null, "ALCALDIA_N": "COYOACAN", "EN_OPERATI": null, "EN_OP": "NO", "SEC_N": "741", "EST": null, "ALC_N": "COYOACAN", "OP": "NO", "NOMBRE": "ROMERO DE TERREROS" }, "geometry": { "type": "MultiPolygon", "coordinates": [ [ [ [ -99.179668444668678, 19.337341063423331 ], [ -99.179620184388938, 19.337324662608168 ], [ -99.179586376194877, 19.337313256299762 ], [ -99.17939317855965, 19.33724807455928 ], [ -99.179322616546656, 19.33722426801933 ], [ -99.179295853475011, 19.337215238560745 ], [ -99.178907392278319, 19.337084177029041 ], [ -99.178718591372984, 19.337020477791626 ], [ -99.178670178844897, 19.337004143926048 ], [ -99.178595768025431, 19.336979047492047 ], [ -99.178552797244961, 19.336964554779005 ], [ -99.178525163630212, 19.336955746858838 ], [ -99.178365340441431, 19.336904804819383 ], [ -99.178200237443463, 19.336852179712707 ], [ -99.17802452577547, 19.33679617298494 ], [ -99.177925011469867, 19.33676445348144 ], [ -99.177874254377542, 19.33674424505357 ], [ -99.17768517180302, 19.336668963551841 ], [ -99.177598599211251, 19.33663449537541 ], [ -99.177413249782475, 19.336560699813173 ], [ -99.177320267090792, 19.336523679316631 ], [ -99.177262024953365, 19.33650049052893 ], [ -99.177101425395335, 19.336436548564247 ], [ -99.177012364454527, 19.336401089283317 ], [ -99.176848528465229, 19.336335858441679 ], [ -99.176820077183137, 19.33633448783063 ], [ -99.17673200840585, 19.336330245180147 ], [ -99.176203767362367, 19.336304796646967 ], [ -99.176076703773191, 19.336298675003572 ], [ -99.176100202276785, 19.336241962032695 ], [ -99.176140936688029, 19.336153265188521 ], [ -99.176176613235384, 19.33605754606414 ], [ -99.176367716151248, 19.335596321931476 ], [ -99.176677347674598, 19.334849024807859 ], [ -99.177194926025919, 19.335026161421176 ], [ -99.177641530411933, 19.335179006327742 ], [ -99.178520487013131, 19.335479814464609 ], [ -99.179168328119928, 19.335701523770666 ], [ -99.179317899076167, 19.335755127307184 ], [ -99.179352866929108, 19.335767659132973 ], [ -99.180132225102525, 19.336046964306817 ], [ -99.180102260593387, 19.336108020243255 ], [ -99.180085902800002, 19.336141350999725 ], [ -99.180409984541441, 19.336258914137897 ], [ -99.180732260726401, 19.336393289812019 ], [ -99.181063645864214, 19.336531462709988 ], [ -99.18105287955359, 19.336556962863234 ], [ -99.180909809326323, 19.336895825834258 ], [ -99.18058979744491, 19.337654173653906 ], [ -99.179668444668678, 19.337341063423331 ] ] ] ] } },
{ "type": "Feature", "properties": { "id": 1981.0, "entidad": 9, "distrito_f": 8, "distrito_l": 26, "municipio": 3, "seccion": 348, "tipo": 2, "control": 35501.0, "SECCION_TX": "0348", "SECCION__1": null, "SECCION__2": null, "SECCION_N": "348", "ESTATUS": "COMPLETA", "ALCALDIA_N": "COYOACAN", "EN_OPERATI": null, "EN_OP": "SI", "SEC_N": "348", "EST": "COMPLETA", "ALC_N": "COYOACAN", "OP": "SI", "NOMBRE": "ATLANTIDA" }, "geometry": { "type": "MultiPolygon", "coordinates": [ [ [ [ -99.152053099224204, 19.339652274792211 ], [ -99.152043290313784, 19.339685274643262 ], [ -99.151902049307921, 19.340183431715722 ], [ -99.15189702010332, 19.340202969621181 ], [ -99.151873078975768, 19.340191445091719 ], [ -99.15132402289376, 19.340038840579741 ], [ -99.151093502332856, 19.339981639259921 ], [ -99.151075789780222, 19.340011711343848 ], [ -99.150953381248158, 19.340000644839282 ], [ -99.150725425892603, 19.339980036011777 ], [ -99.150628335181111, 19.339975395687404 ], [ -99.150493600147499, 19.339967108444963 ], [ -99.150354910062433, 19.339965458431902 ], [ -99.150170429544175, 19.339963263480733 ], [ -99.150122820078337, 19.339976869836342 ], [ -99.150094035303525, 19.340031432051408 ], [ -99.150025492317923, 19.340107846465987 ], [ -99.14987839073234, 19.340095750481908 ], [ -99.149219399892445, 19.339577430886514 ], [ -99.14907042709774, 19.339484460893729 ], [ -99.148771733877851, 19.339252888759326 ], [ -99.148534112327695, 19.339068663702019 ], [ -99.147709732901916, 19.338393676752819 ], [ -99.147606690230461, 19.338141156399896 ], [ -99.14753591011214, 19.33816485712201 ], [ -99.147454071435519, 19.338192260759438 ], [ -99.147419753939232, 19.338075956795617 ], [ -99.147385436492087, 19.337959652823621 ], [ -99.147134141068477, 19.337091603413761 ], [ -99.147194063947694, 19.336996656442444 ], [ -99.147240403739602, 19.336921164836145 ], [ -99.148068300101755, 19.335594554689383 ], [ -99.148094350316484, 19.335552811761826 ], [ -99.14812040051801, 19.335511068830446 ], [ -99.148275954917665, 19.33531161808919 ], [ -99.148426275990545, 19.335130442867438 ], [ -99.148636125102229, 19.334987422819236 ], [ -99.148903813038629, 19.334888705468838 ], [ -99.150485902045091, 19.334377611839376 ], [ -99.150863424177231, 19.334259473552635 ], [ -99.150949694808716, 19.334234886801173 ], [ -99.15107529011128, 19.33435096633308 ], [ -99.15108862769209, 19.334440327053652 ], [ -99.151070689441056, 19.334538132990065 ], [ -99.150770469049604, 19.335313393886995 ], [ -99.150741350989776, 19.335388585210687 ], [ -99.150522588931821, 19.335999457185469 ], [ -99.150160835343627, 19.337218183793702 ], [ -99.150133605513687, 19.337309918735119 ], [ -99.150106375653706, 19.337401653671744 ], [ -99.150353823976459, 19.33782493858158 ], [ -99.150500259445948, 19.338033050823384 ], [ -99.150608459758772, 19.338186823322967 ], [ -99.15109937173888, 19.338695074209515 ], [ -99.152053099224204, 19.339652274792211 ] ] ] ] } },
{ "type": "Feature", "properties": { "id": 1983.0, "entidad": 9, "distrito_f": 8, "distrito_l": 30, "municipio": 3, "seccion": 350, "tipo": 2, "control": 35513.0, "SECCION_TX": "0350", "SECCION__1": null, "SECCION__2": null, "SECCION_N": "350", "ESTATUS": null, "ALCALDIA_N": "COYOACAN", "EN_OPERATI": null, "EN_OP": "NO", "SEC_N": "350", "EST": null, "ALC_N": "COYOACAN", "OP": "NO", "NOMBRE": "ATLANTIDA" }, "geometry": { "type": "MultiPolygon", "coordinates": [ [ [ [ -99.146370473215327, 19.338186042519926 ], [ -99.145144179732796, 19.337063810091323 ], [ -99.144097636303513, 19.336106055605697 ], [ -99.143758556047572, 19.335795739261027 ], [ -99.143717888942859, 19.335758521792457 ], [ -99.14404181775933, 19.335445669473138 ], [ -99.144395650786663, 19.335100790731115 ], [ -99.143317140756679, 19.334132253360263 ], [ -99.143363667837534, 19.334048935034303 ], [ -99.14352034552121, 19.333773814089518 ], [ -99.143582772073742, 19.333695303251762 ], [ -99.143736893700961, 19.333501471566546 ], [ -99.144043256212967, 19.333416232042161 ], [ -99.144090161580209, 19.333334740502604 ], [ -99.144182465597737, 19.333174374862971 ], [ -99.144461932913458, 19.332688836327193 ], [ -99.144825964492597, 19.332056373304358 ], [ -99.144353762662007, 19.331500902180146 ], [ -99.144191386145721, 19.331309890604288 ], [ -99.14434384195475, 19.331132145181702 ], [ -99.144437342725737, 19.330976193095236 ], [ -99.14603398125071, 19.333014081971175 ], [ -99.146076745802944, 19.333073391099227 ], [ -99.146350317299735, 19.333437394902809 ], [ -99.146762988250629, 19.334025116906194 ], [ -99.14678504644786, 19.334055708424753 ], [ -99.14706329679008, 19.334358342017754 ], [ -99.14812040051801, 19.335511068830446 ], [ -99.148094350316484, 19.335552811761826 ], [ -99.148068300101755, 19.335594554689383 ], [ -99.147240403739602, 19.336921164836145 ], [ -99.147194063947694, 19.336996656442444 ], [ -99.147134141068477, 19.337091603413761 ], [ -99.14700559774117, 19.337276757507524 ], [ -99.146796526075477, 19.337577903712127 ], [ -99.146370473215327, 19.338186042519926 ] ] ] ] } },
{ "type": "Feature", "properties": { "id": 2213.0, "entidad": 9, "distrito_f": 8, "distrito_l": 26, "municipio": 3, "seccion": 714, "tipo": 2, "control": 34930.0, "SECCION_TX": "0714", "SECCION__1": null, "SECCION__2": null, "SECCION_N": "714", "ESTATUS": null, "ALCALDIA_N": "COYOACAN", "EN_OPERATI": null, "EN_OP": "NO", "SEC_N": "714", "EST": null, "ALC_N": "COYOACAN", "OP": "NO", "NOMBRE": "ATLANTIDA" }, "geometry": { "type": "MultiPolygon", "coordinates": [ [ [ [ -99.149528816261537, 19.345407042438456 ], [ -99.148372651686998, 19.345594181552702 ], [ -99.14650928192313, 19.345895773990179 ], [ -99.14626046170703, 19.345936044823841 ], [ -99.145678857937227, 19.346030174313729 ], [ -99.14490153865097, 19.346155976258281 ], [ -99.144777888417096, 19.346174672862016 ], [ -99.144677868634588, 19.345716613839819 ], [ -99.144554937623539, 19.34515326069987 ], [ -99.144226409080446, 19.343660215518071 ], [ -99.144010974591694, 19.342835625216818 ], [ -99.144094407891942, 19.342822450078074 ], [ -99.144250064935406, 19.342771589789528 ], [ -99.144376534740232, 19.342719668363905 ], [ -99.144761283448645, 19.342474657651987 ], [ -99.14491498714078, 19.342402324311994 ], [ -99.145057026501831, 19.342357200319309 ], [ -99.145365164269293, 19.34233313966816 ], [ -99.145638813710661, 19.342363125831639 ], [ -99.146228761087443, 19.342425878607898 ], [ -99.147069726279, 19.342528866608898 ], [ -99.147696822129376, 19.342617809918472 ], [ -99.148779052472818, 19.342771321770392 ], [ -99.148942537130893, 19.343346043608193 ], [ -99.148985514988695, 19.343497129331002 ], [ -99.149296324133516, 19.344589748877347 ], [ -99.149528816261537, 19.345407042438456 ] ] ] ] } },
{ "type": "Feature", "properties": { "id": 2215.0, "entidad": 9, "distrito_f": 8, "distrito_l": 26, "municipio": 3, "seccion": 715, "tipo": 2, "control": 34918.0, "SECCION_TX": "0715", "SECCION__1": null, "SECCION__2": null, "SECCION_N": "715", "ESTATUS": null, "ALCALDIA_N": "COYOACAN", "EN_OPERATI": null, "EN_OP": "NO", "SEC_N": "715", "EST": null, "ALC_N": "COYOACAN", "OP": "NO", "NOMBRE": "ATLANTIDA" }, "geometry": { "type": "MultiPolygon", "coordinates": [ [ [ [ -99.144010974591694, 19.342835625216818 ], [ -99.143999139156264, 19.342788965239119 ], [ -99.143988418948084, 19.342746701905231 ], [ -99.143979238189672, 19.342710507677797 ], [ -99.143971188435614, 19.342678772308766 ], [ -99.143808953949076, 19.342039175939849 ], [ -99.143795414999758, 19.341994956010907 ], [ -99.143785632379831, 19.34196142774454 ], [ -99.1437750509875, 19.341925487894446 ], [ -99.143759599591078, 19.341877879108345 ], [ -99.143713319178062, 19.341724689319211 ], [ -99.143833624453606, 19.341745359466756 ], [ -99.143953929758879, 19.341766029534639 ], [ -99.145601010559901, 19.339325982998261 ], [ -99.145737818480583, 19.339123306739054 ], [ -99.14581449938315, 19.339009706338434 ], [ -99.145909973062487, 19.33886826475149 ], [ -99.146314390028337, 19.338262971735805 ], [ -99.146370473215327, 19.338186042519926 ], [ -99.146796526075477, 19.337577903712127 ], [ -99.14700559774117, 19.337276757507524 ], [ -99.147134141068477, 19.337091603413761 ], [ -99.147385436492087, 19.337959652823621 ], [ -99.147419753939232, 19.338075956795617 ], [ -99.147454071435519, 19.338192260759438 ], [ -99.147799958098801, 19.339309899793417 ], [ -99.148159457622512, 19.34054791747295 ], [ -99.148496221150708, 19.341735256708201 ], [ -99.148735304723132, 19.342578191185371 ], [ -99.148755077198942, 19.342665479615764 ], [ -99.148779052472818, 19.342771321770392 ], [ -99.147696822129376, 19.342617809918472 ], [ -99.147069726279, 19.342528866608898 ], [ -99.146228761087443, 19.342425878607898 ], [ -99.145638813710661, 19.342363125831639 ], [ -99.145365164269293, 19.34233313966816 ], [ -99.145057026501831, 19.342357200319309 ], [ -99.14491498714078, 19.342402324311994 ], [ -99.144761283448645, 19.342474657651987 ], [ -99.144376534740232, 19.342719668363905 ], [ -99.144250064935406, 19.342771589789528 ], [ -99.144094407891942, 19.342822450078074 ], [ -99.144010974591694, 19.342835625216818 ] ] ] ] } },
{ "type": "Feature", "properties": { "id": 2191.0, "entidad": 9, "distrito_f": 8, "distrito_l": 26, "municipio": 3, "seccion": 716, "tipo": 2, "control": 34944.0, "SECCION_TX": "0716", "SECCION__1": null, "SECCION__2": null, "SECCION_N": "716", "ESTATUS": null, "ALCALDIA_N": "COYOACAN", "EN_OPERATI": null, "EN_OP": "NO", "SEC_N": "716", "EST": null, "ALC_N": "COYOACAN", "OP": "NO", "NOMBRE": "ATLANTIDA" }, "geometry": { "type": "MultiPolygon", "coordinates": [ [ [ [ -99.15149226626616, 19.343134291007591 ], [ -99.150163811271682, 19.342956577758219 ], [ -99.148945358915157, 19.342793571179971 ], [ -99.148862205688488, 19.342782446494198 ], [ -99.148779052472818, 19.342771321770392 ], [ -99.148755077198942, 19.342665479615764 ], [ -99.148735304723132, 19.342578191185371 ], [ -99.148496221150708, 19.341735256708201 ], [ -99.148159457622512, 19.34054791747295 ], [ -99.147799958098801, 19.339309899793417 ], [ -99.147454071435519, 19.338192260759438 ], [ -99.14753591011214, 19.33816485712201 ], [ -99.147606690230461, 19.338141156399896 ], [ -99.147709732901916, 19.338393676752819 ], [ -99.148534112327695, 19.339068663702019 ], [ -99.148771733877851, 19.339252888759326 ], [ -99.14907042709774, 19.339484460893729 ], [ -99.149219399892445, 19.339577430886514 ], [ -99.14987839073234, 19.340095750481908 ], [ -99.150025492317923, 19.340107846465987 ], [ -99.150094035303525, 19.340031432051408 ], [ -99.150122820078337, 19.339976869836342 ], [ -99.150170429544175, 19.339963263480733 ], [ -99.150354910062433, 19.339965458431902 ], [ -99.150493600147499, 19.339967108444963 ], [ -99.150628335181111, 19.339975395687404 ], [ -99.15082559039945, 19.340752815392815 ], [ -99.150895781649822, 19.341003553503636 ], [ -99.151441686073781, 19.342953612822651 ], [ -99.151466976155874, 19.34304395191737 ], [ -99.15149226626616, 19.343134291007591 ] ] ] ] } },
{ "type": "Feature", "properties": { "id": 1980.0, "entidad": 9, "distrito_f": 8, "distrito_l": 26, "municipio": 3, "seccion": 347, "tipo": 2, "control": 34705.0, "SECCION_TX": "0347", "SECCION__1": null, "SECCION__2": null, "SECCION_N": "347", "ESTATUS": null, "ALCALDIA_N": "COYOACAN", "EN_OPERATI": null, "EN_OP": "NO", "SEC_N": "347", "EST": null, "ALC_N": "COYOACAN", "OP": "NO", "NOMBRE": "EL ROSEDAL" }, "geometry": { "type": "MultiPolygon", "coordinates": [ [ [ [ -99.155659048536108, 19.340650834734213 ], [ -99.155348659175758, 19.34155309055998 ], [ -99.155496142862475, 19.341593397280167 ], [ -99.155518681528548, 19.341599556998005 ], [ -99.155462463384382, 19.342065719344149 ], [ -99.155167755640733, 19.3419835041061 ], [ -99.155147410930439, 19.342000574588219 ], [ -99.155103592280454, 19.342037341151674 ], [ -99.154861908872675, 19.341768928913329 ], [ -99.154604827417558, 19.341957575932554 ], [ -99.154395684244108, 19.341742482958608 ], [ -99.154270210058115, 19.341613438835612 ], [ -99.154246606069051, 19.341633132997192 ], [ -99.154210702957869, 19.341663089006641 ], [ -99.154155340386126, 19.341709281116426 ], [ -99.152855576807724, 19.340450018104221 ], [ -99.152650946209093, 19.340251761151748 ], [ -99.152053099224204, 19.339652274792211 ], [ -99.15109937173888, 19.338695074209515 ], [ -99.150608459758772, 19.338186823322967 ], [ -99.150500259445948, 19.338033050823384 ], [ -99.150353823976459, 19.33782493858158 ], [ -99.150106375653706, 19.337401653671744 ], [ -99.150133605513687, 19.337309918735119 ], [ -99.150160835343627, 19.337218183793702 ], [ -99.150522588931821, 19.335999457185469 ], [ -99.151359303849659, 19.336440241066732 ], [ -99.151897395228474, 19.336767112643098 ], [ -99.15228670517034, 19.336986001561108 ], [ -99.15282837546367, 19.337281294330293 ], [ -99.153293202527081, 19.337534693696661 ], [ -99.153151288332182, 19.338069549855096 ], [ -99.153953277898168, 19.338543801563812 ], [ -99.154062940264481, 19.338612095638378 ], [ -99.154486021559961, 19.339012985261181 ], [ -99.154644130171036, 19.339162799917311 ], [ -99.1547152048865, 19.339230146108083 ], [ -99.154853087161385, 19.339416765921946 ], [ -99.154936934309788, 19.339530250437146 ], [ -99.155310652418777, 19.340207853403165 ], [ -99.155380588792042, 19.34033465706807 ], [ -99.155526293517141, 19.340526720078827 ], [ -99.155659048536108, 19.340650834734213 ] ] ] ] } },
{ "type": "Feature", "properties": { "id": 2216.0, "entidad": 9, "distrito_f": 8, "distrito_l": 26, "municipio": 3, "seccion": 719, "tipo": 2, "control": 35431.0, "SECCION_TX": "0719", "SECCION__1": null, "SECCION__2": null, "SECCION_N": "719", "ESTATUS": null, "ALCALDIA_N": "COYOACAN", "EN_OPERATI": null, "EN_OP": "NO", "SEC_N": "719", "EST": null, "ALC_N": "COYOACAN", "OP": "NO", "NOMBRE": "EL ROSEDAL" }, "geometry": { "type": "MultiPolygon", "coordinates": [ [ [ [ -99.155668556558595, 19.343702618053285 ], [ -99.154363623042073, 19.343518417157053 ], [ -99.152391008240301, 19.343254515771111 ], [ -99.15149226626616, 19.343134291007591 ], [ -99.151466976155874, 19.34304395191737 ], [ -99.151441686073781, 19.342953612822651 ], [ -99.150895781649822, 19.341003553503636 ], [ -99.15082559039945, 19.340752815392815 ], [ -99.150628335181111, 19.339975395687404 ], [ -99.150725425892603, 19.339980036011777 ], [ -99.150953381248158, 19.340000644839282 ], [ -99.151075789780222, 19.340011711343848 ], [ -99.151093502332856, 19.339981639259921 ], [ -99.15132402289376, 19.340038840579741 ], [ -99.151873078975768, 19.340191445091719 ], [ -99.15189702010332, 19.340202969621181 ], [ -99.151902049307921, 19.340183431715722 ], [ -99.152043290313784, 19.339685274643262 ], [ -99.152053099224204, 19.339652274792211 ], [ -99.152650946209093, 19.340251761151748 ], [ -99.152855576807724, 19.340450018104221 ], [ -99.154155340386126, 19.341709281116426 ], [ -99.154803540035147, 19.342363493951535 ], [ -99.15546234291368, 19.343028400588597 ], [ -99.155741454781449, 19.343310096037907 ], [ -99.155699152826088, 19.343537872036265 ], [ -99.155668556558595, 19.343702618053285 ] ] ] ] } },
{ "type": "Feature", "properties": { "id": 4711.0, "entidad": 9, "distrito_f": 19, "distrito_l": 30, "municipio": 3, "seccion": 519, "tipo": 2, "control": 35841.0, "SECCION_TX": "0519", "SECCION__1": null, "SECCION__2": null, "SECCION_N": "519", "ESTATUS": null, "ALCALDIA_N": "COYOACAN", "EN_OPERATI": null, "EN_OP": "NO", "SEC_N": "519", "EST": null, "ALC_N": "COYOACAN", "OP": "NO", "NOMBRE": "PASEOS DE TAXQUE�A" }, "geometry": { "type": "MultiPolygon", "coordinates": [ [ [ [ -99.126150415588697, 19.355690119995412 ], [ -99.1260760939156, 19.358063826494575 ], [ -99.125872402322685, 19.358038624597743 ], [ -99.125698979121552, 19.35801696376565 ], [ -99.125085853209441, 19.357940596971243 ], [ -99.125163586640312, 19.355736381515388 ], [ -99.125177313454657, 19.355360626458424 ], [ -99.125163254372552, 19.355300782833179 ], [ -99.125217902369059, 19.353458593927513 ], [ -99.125217876997013, 19.353425342112192 ], [ -99.125293558774885, 19.351603089455356 ], [ -99.125291313010933, 19.351348059341976 ], [ -99.125290264679279, 19.351229009889224 ], [ -99.125289091266239, 19.351095755805623 ], [ -99.1252882655089, 19.351001981713296 ], [ -99.125285887195588, 19.350731896497173 ], [ -99.125771197836585, 19.350724733017216 ], [ -99.125938036183484, 19.350730292904011 ], [ -99.126908412700828, 19.350800035401996 ], [ -99.127338182057571, 19.350830921935319 ], [ -99.127409545747184, 19.350833630444331 ], [ -99.127823738167095, 19.350849349984436 ], [ -99.127814089391009, 19.351041626447781 ], [ -99.127797681048307, 19.351308595512396 ], [ -99.127704035170964, 19.353500514168807 ], [ -99.127199782967907, 19.353483586010796 ], [ -99.126725795975872, 19.353478620369685 ], [ -99.126218930138862, 19.353469658748136 ], [ -99.126162709558628, 19.355335774366342 ], [ -99.126162743218785, 19.355379553263305 ], [ -99.126159882847276, 19.355438855955359 ], [ -99.126151392940997, 19.355614872817572 ], [ -99.126150415588697, 19.355690119995412 ] ] ] ] } },
{ "type": "Feature", "properties": { "id": 4719.0, "entidad": 9, "distrito_f": 19, "distrito_l": 30, "municipio": 3, "seccion": 530, "tipo": 2, "control": 35784.0, "SECCION_TX": "0530", "SECCION__1": null, "SECCION__2": null, "SECCION_N": "530", "ESTATUS": null, "ALCALDIA_N": "COYOACAN", "EN_OPERATI": null, "EN_OP": "NO", "SEC_N": "530", "EST": null, "ALC_N": "COYOACAN", "OP": "NO", "NOMBRE": "PASEOS DE TAXQUE�A" }, "geometry": { "type": "MultiPolygon", "coordinates": [ [ [ [ -99.129935802762745, 19.351558635625928 ], [ -99.129824270631971, 19.351550828176393 ], [ -99.129642160926053, 19.351397151195673 ], [ -99.129282005627871, 19.351081478168712 ], [ -99.128905826858883, 19.35086393434284 ], [ -99.128391503696577, 19.350764577114088 ], [ -99.128128572404279, 19.350791331608161 ], [ -99.128088966590937, 19.35079111692783 ], [ -99.127949212086378, 19.350854111817284 ], [ -99.127823738167095, 19.350849349984436 ], [ -99.127409545747184, 19.350833630444331 ], [ -99.127338182057571, 19.350830921935319 ], [ -99.127158340605334, 19.35066047313434 ], [ -99.127136432795055, 19.350604959057836 ], [ -99.127068650229504, 19.35043319875194 ], [ -99.127055843536667, 19.350400746683437 ], [ -99.127044613910201, 19.350180319874092 ], [ -99.127055378447693, 19.350019072797934 ], [ -99.127058279198693, 19.349975621030616 ], [ -99.127052725334892, 19.349944134239699 ], [ -99.127013888962082, 19.349776211108562 ], [ -99.126907479510294, 19.349553504355189 ], [ -99.126894812379064, 19.349526992984103 ], [ -99.126878211788892, 19.34951125921264 ], [ -99.126654108182748, 19.349304101587073 ], [ -99.126629209391552, 19.349283125116241 ], [ -99.126605948052301, 19.34922272297932 ], [ -99.12654333072355, 19.349060125890738 ], [ -99.126487751026175, 19.348690149131912 ], [ -99.126465146009409, 19.348057727198945 ], [ -99.126842111555476, 19.348069594011669 ], [ -99.126954512182195, 19.348073132213436 ], [ -99.126924565591651, 19.346875110460047 ], [ -99.126891980601201, 19.345863580108059 ], [ -99.126870063310847, 19.344333673114999 ], [ -99.127363737236976, 19.344363158565454 ], [ -99.128013294795167, 19.344395854977986 ], [ -99.128292944355749, 19.344412336571516 ], [ -99.128939493755226, 19.344447686462644 ], [ -99.128936891907486, 19.344655001953157 ], [ -99.129213384183771, 19.344688921014935 ], [ -99.129683466594869, 19.344730249842236 ], [ -99.130153549234834, 19.34477157745539 ], [ -99.130170717529822, 19.34531194161093 ], [ -99.130210145430311, 19.345608044827536 ], [ -99.130241559227059, 19.345843961393026 ], [ -99.130235946803012, 19.346041267316725 ], [ -99.130228521679655, 19.346309723125792 ], [ -99.13022580809475, 19.346446020646471 ], [ -99.130204045658843, 19.347539093964937 ], [ -99.130178009551685, 19.348184362495925 ], [ -99.13015838362908, 19.348872619313966 ], [ -99.130154287363823, 19.3490162696155 ], [ -99.130151236980595, 19.349546615359269 ], [ -99.130141834820108, 19.349981522120036 ], [ -99.130107989363452, 19.350222769693353 ], [ -99.130089538821466, 19.351361695008677 ], [ -99.130078594144422, 19.351506034997193 ], [ -99.129935802762745, 19.351558635625928 ] ] ] ] } },
{ "type": "Feature", "properties": { "id": 4720.0, "entidad": 9, "distrito_f": 19, "distrito_l": 30, "municipio": 3, "seccion": 531, "tipo": 2, "control": 35787.0, "SECCION_TX": "0531", "SECCION__1": null, "SECCION__2": null, "SECCION_N": "531", "ESTATUS": null, "ALCALDIA_N": "COYOACAN", "EN_OPERATI": null, "EN_OP": "NO", "SEC_N": "531", "EST": null, "ALC_N": "COYOACAN", "OP": "NO", "NOMBRE": "PASEOS DE TAXQUE�A" }, "geometry": { "type": "MultiPolygon", "coordinates": [ [ [ [ -99.122050186178868, 19.350689895534845 ], [ -99.121529631829006, 19.350681308247097 ], [ -99.121340706848471, 19.350678191291461 ], [ -99.121304069065317, 19.350669837476868 ], [ -99.121267431285872, 19.350661483654875 ], [ -99.121042640395231, 19.350610228646534 ], [ -99.120784036417859, 19.350496230728222 ], [ -99.120457881229996, 19.35029752204964 ], [ -99.120306279346678, 19.350205158873816 ], [ -99.120149865868385, 19.350065254702574 ], [ -99.120128142880333, 19.350045824527403 ], [ -99.120051183554068, 19.349976988027418 ], [ -99.120008158278821, 19.349896616281793 ], [ -99.119673662370204, 19.349271770717827 ], [ -99.119791734373806, 19.348702549274403 ], [ -99.120090077167674, 19.347686158917462 ], [ -99.120488328780411, 19.346264123741587 ], [ -99.120622589919336, 19.3457847123839 ], [ -99.120900138118003, 19.345789773069988 ], [ -99.121101840565288, 19.345841675407872 ], [ -99.121673562341755, 19.345859878934633 ], [ -99.121660570952017, 19.346291276996002 ], [ -99.121662473227772, 19.346748219830882 ], [ -99.121645535102374, 19.347174033815897 ], [ -99.121643252113813, 19.347231426577252 ], [ -99.121803809882323, 19.347242469946405 ], [ -99.121773017555711, 19.34859485060138 ], [ -99.121601485072077, 19.348588254634869 ], [ -99.121104116156815, 19.348569128310842 ], [ -99.12043413599568, 19.348543362066682 ], [ -99.120416100235218, 19.348751641861327 ], [ -99.12043470200787, 19.349016208428164 ], [ -99.120521713832602, 19.349333146308769 ], [ -99.12066125168981, 19.349557696364815 ], [ -99.120766545307873, 19.349702396153422 ], [ -99.120889548229826, 19.349805922524528 ], [ -99.121043272665986, 19.349895396371608 ], [ -99.121075260961689, 19.349907960774463 ], [ -99.121252771180949, 19.349977683322962 ], [ -99.121553248460302, 19.350013419816626 ], [ -99.12207012519427, 19.350025623543672 ], [ -99.122050186178868, 19.350689895534845 ] ] ] ] } },
{ "type": "Feature", "properties": { "id": 4721.0, "entidad": 9, "distrito_f": 19, "distrito_l": 30, "municipio": 3, "seccion": 532, "tipo": 2, "control": 35786.0, "SECCION_TX": "0532", "SECCION__1": null, "SECCION__2": null, "SECCION_N": "532", "ESTATUS": "COMPLETA", "ALCALDIA_N": "COYOACAN", "EN_OPERATI": null, "EN_OP": "SI", "SEC_N": "532", "EST": "COMPLETA", "ALC_N": "COYOACAN", "OP": "SI", "NOMBRE": "PASEOS DE TAXQUE�A" }, "geometry": { "type": "MultiPolygon", "coordinates": [ [ [ [ -99.12451748480872, 19.350738817861167 ], [ -99.123294244120302, 19.350718720564767 ], [ -99.122824652150868, 19.350707984822094 ], [ -99.122050186178868, 19.350689895534845 ], [ -99.12207012519427, 19.350025623543672 ], [ -99.121553248460302, 19.350013419816626 ], [ -99.121252771180949, 19.349977683322962 ], [ -99.121075260961689, 19.349907960774463 ], [ -99.121043272665986, 19.349895396371608 ], [ -99.120889548229826, 19.349805922524528 ], [ -99.120766545307873, 19.349702396153422 ], [ -99.12066125168981, 19.349557696364815 ], [ -99.120521713832602, 19.349333146308769 ], [ -99.12043470200787, 19.349016208428164 ], [ -99.120416100235218, 19.348751641861327 ], [ -99.12043413599568, 19.348543362066682 ], [ -99.121104116156815, 19.348569128310842 ], [ -99.121601485072077, 19.348588254634869 ], [ -99.121773017555711, 19.34859485060138 ], [ -99.122097401088169, 19.348604224127449 ], [ -99.122581365274812, 19.348618207889103 ], [ -99.123107519063169, 19.348614682479628 ], [ -99.123579464607374, 19.348647043110464 ], [ -99.124094434958266, 19.348661918529192 ], [ -99.124582355428117, 19.348676011240215 ], [ -99.12453592567725, 19.350008934212642 ], [ -99.124532362306326, 19.350111231998859 ], [ -99.124527487654078, 19.350419121611985 ], [ -99.124521269596073, 19.350617380253862 ], [ -99.12451748480872, 19.350738817861167 ] ] ] ] } },
{ "type": "Feature", "properties": { "id": 4722.0, "entidad": 9, "distrito_f": 19, "distrito_l": 30, "municipio": 3, "seccion": 533, "tipo": 2, "control": 35790.0, "SECCION_TX": "0533", "SECCION__1": null, "SECCION__2": null, "SECCION_N": "533", "ESTATUS": null, "ALCALDIA_N": "COYOACAN", "EN_OPERATI": null, "EN_OP": "NO", "SEC_N": "533", "EST": null, "ALC_N": "COYOACAN", "OP": "NO", "NOMBRE": "PASEOS DE TAXQUE�A" }, "geometry": { "type": "MultiPolygon", "coordinates": [ [ [ [ -99.127338182057571, 19.350830921935319 ], [ -99.126908412700828, 19.350800035401996 ], [ -99.125938036183484, 19.350730292904011 ], [ -99.125771197836585, 19.350724733017216 ], [ -99.125285887195588, 19.350731896497173 ], [ -99.12451748480872, 19.350738817861167 ], [ -99.124521269596073, 19.350617380253862 ], [ -99.124527487654078, 19.350419121611985 ], [ -99.124532362306326, 19.350111231998859 ], [ -99.12453592567725, 19.350008934212642 ], [ -99.124582355428117, 19.348676011240215 ], [ -99.124998486317182, 19.348668415880631 ], [ -99.125067221369434, 19.34866836871144 ], [ -99.125552277533785, 19.34868447775883 ], [ -99.125580456396406, 19.348685413558375 ], [ -99.125676678817257, 19.348676648275323 ], [ -99.12632305759567, 19.348687407988471 ], [ -99.126358827208023, 19.34868800334754 ], [ -99.126487751026175, 19.348690149131912 ], [ -99.12654333072355, 19.349060125890738 ], [ -99.126605948052301, 19.34922272297932 ], [ -99.126629209391552, 19.349283125116241 ], [ -99.126654108182748, 19.349304101587073 ], [ -99.126878211788892, 19.34951125921264 ], [ -99.126894812379064, 19.349526992984103 ], [ -99.126907479510294, 19.349553504355189 ], [ -99.127013888962082, 19.349776211108562 ], [ -99.127052725334892, 19.349944134239699 ], [ -99.127058279198693, 19.349975621030616 ], [ -99.127055378447693, 19.350019072797934 ], [ -99.127044613910201, 19.350180319874092 ], [ -99.127055843536667, 19.350400746683437 ], [ -99.127068650229504, 19.35043319875194 ], [ -99.127136432795055, 19.350604959057836 ], [ -99.127158340605334, 19.35066047313434 ], [ -99.127338182057571, 19.350830921935319 ] ] ] ] } },
{ "type": "Feature", "properties": { "id": 4688.0, "entidad": 9, "distrito_f": 19, "distrito_l": 30, "municipio": 3, "seccion": 535, "tipo": 2, "control": 35753.0, "SECCION_TX": "0535", "SECCION__1": null, "SECCION__2": null, "SECCION_N": "535", "ESTATUS": null, "ALCALDIA_N": "COYOACAN", "EN_OPERATI": null, "EN_OP": "NO", "SEC_N": "535", "EST": null, "ALC_N": "COYOACAN", "OP": "NO", "NOMBRE": "PASEOS DE TAXQUE�A" }, "geometry": { "type": "MultiPolygon", "coordinates": [ [ [ [ -99.130178009551685, 19.348184362495925 ], [ -99.130204045658843, 19.347539093964937 ], [ -99.13022580809475, 19.346446020646471 ], [ -99.130228521679655, 19.346309723125792 ], [ -99.130235946803012, 19.346041267316725 ], [ -99.130241559227059, 19.345843961393026 ], [ -99.130210145430311, 19.345608044827536 ], [ -99.130170717529822, 19.34531194161093 ], [ -99.130153549234834, 19.34477157745539 ], [ -99.13061902687285, 19.344804588414235 ], [ -99.131084509681898, 19.344843850181377 ], [ -99.131563149159604, 19.344862261253486 ], [ -99.132030811109303, 19.344880679021763 ], [ -99.132597241514205, 19.344861511737413 ], [ -99.133207607633409, 19.344873570589662 ], [ -99.13321386787247, 19.34447135390139 ], [ -99.133760606636372, 19.344537641425823 ], [ -99.133738985843152, 19.344948205398858 ], [ -99.133877762812986, 19.345510783606304 ], [ -99.13399652913975, 19.34576494434851 ], [ -99.134094508511311, 19.345940284650961 ], [ -99.133625307288312, 19.346230261739677 ], [ -99.133118563764867, 19.346538088582687 ], [ -99.132649359099858, 19.346828063159773 ], [ -99.13223644254488, 19.347064525091305 ], [ -99.13183832740728, 19.3472990708186 ], [ -99.131426088568588, 19.347543298738671 ], [ -99.131063970752024, 19.347779842486627 ], [ -99.13067359337586, 19.34801475172161 ], [ -99.130413112422914, 19.348120276142755 ], [ -99.130178009551685, 19.348184362495925 ] ] ] ] } },
{ "type": "Feature", "properties": { "id": 4724.0, "entidad": 9, "distrito_f": 19, "distrito_l": 30, "municipio": 3, "seccion": 536, "tipo": 2, "control": 35890.0, "SECCION_TX": "0536", "SECCION__1": null, "SECCION__2": null, "SECCION_N": "536", "ESTATUS": null, "ALCALDIA_N": "COYOACAN", "EN_OPERATI": null, "EN_OP": "NO", "SEC_N": "536", "EST": null, "ALC_N": "COYOACAN", "OP": "NO", "NOMBRE": "PASEOS DE TAXQUE�A" }, "geometry": { "type": "MultiPolygon", "coordinates": [ [ [ [ -99.126487751026175, 19.348690149131912 ], [ -99.126358827208023, 19.34868800334754 ], [ -99.12632305759567, 19.348687407988471 ], [ -99.125676678817257, 19.348676648275323 ], [ -99.125580456396406, 19.348685413558375 ], [ -99.125552277533785, 19.34868447775883 ], [ -99.125067221369434, 19.34866836871144 ], [ -99.124998486317182, 19.348668415880631 ], [ -99.125027031276673, 19.347350021092247 ], [ -99.125097326429582, 19.347349972843862 ], [ -99.125100240564024, 19.347330509855684 ], [ -99.125102036268487, 19.347268629879476 ], [ -99.125140253485625, 19.345951654598068 ], [ -99.125145904471921, 19.345756918516965 ], [ -99.125632858127915, 19.345785497426164 ], [ -99.126116816454072, 19.345813899242245 ], [ -99.126196675877097, 19.345769913138675 ], [ -99.126274679321327, 19.345666629245773 ], [ -99.126272927308364, 19.34553533456646 ], [ -99.126267872383465, 19.345156520415848 ], [ -99.12640658454599, 19.345156424246778 ], [ -99.126433733785774, 19.345887150852096 ], [ -99.126662857210846, 19.345875365623996 ], [ -99.126891980601201, 19.345863580108059 ], [ -99.126924565591651, 19.346875110460047 ], [ -99.126954512182195, 19.348073132213436 ], [ -99.126842111555476, 19.348069594011669 ], [ -99.126465146009409, 19.348057727198945 ], [ -99.126487751026175, 19.348690149131912 ] ] ] ] } },
{ "type": "Feature", "properties": { "id": 4725.0, "entidad": 9, "distrito_f": 19, "distrito_l": 30, "municipio": 3, "seccion": 537, "tipo": 2, "control": 35793.0, "SECCION_TX": "0537", "SECCION__1": null, "SECCION__2": null, "SECCION_N": "537", "ESTATUS": null, "ALCALDIA_N": "COYOACAN", "EN_OPERATI": null, "EN_OP": "NO", "SEC_N": "537", "EST": null, "ALC_N": "COYOACAN", "OP": "NO", "NOMBRE": "PASEOS DE TAXQUE�A" }, "geometry": { "type": "MultiPolygon", "coordinates": [ [ [ [ -99.124582355428117, 19.348676011240215 ], [ -99.124094434958266, 19.348661918529192 ], [ -99.123579464607374, 19.348647043110464 ], [ -99.123107519063169, 19.348614682479628 ], [ -99.122581365274812, 19.348618207889103 ], [ -99.122097401088169, 19.348604224127449 ], [ -99.121773017555711, 19.34859485060138 ], [ -99.121803809882323, 19.347242469946405 ], [ -99.121643252113813, 19.347231426577252 ], [ -99.121645535102374, 19.347174033815897 ], [ -99.121662473227772, 19.346748219830882 ], [ -99.121660570952017, 19.346291276996002 ], [ -99.121673562341755, 19.345859878934633 ], [ -99.121695553408216, 19.345673071084619 ], [ -99.122175909113963, 19.345686650358772 ], [ -99.122667982710851, 19.345703000620158 ], [ -99.123118156373081, 19.345716771587899 ], [ -99.123678478032858, 19.345718998423582 ], [ -99.124147124568069, 19.345740920871684 ], [ -99.124630414847957, 19.345761442028014 ], [ -99.125145904471921, 19.345756918516965 ], [ -99.125140253485625, 19.345951654598068 ], [ -99.125102036268487, 19.347268629879476 ], [ -99.125100240564024, 19.347330509855684 ], [ -99.125097326429582, 19.347349972843862 ], [ -99.125027031276673, 19.347350021092247 ], [ -99.124998486317182, 19.348668415880631 ], [ -99.124582355428117, 19.348676011240215 ] ] ] ] } },
{ "type": "Feature", "properties": { "id": 4729.0, "entidad": 9, "distrito_f": 19, "distrito_l": 30, "municipio": 3, "seccion": 541, "tipo": 2, "control": 36326.0, "SECCION_TX": "0541", "SECCION__1": null, "SECCION__2": null, "SECCION_N": "541", "ESTATUS": null, "ALCALDIA_N": "COYOACAN", "EN_OPERATI": null, "EN_OP": "NO", "SEC_N": "541", "EST": null, "ALC_N": "COYOACAN", "OP": "NO", "NOMBRE": "PASEOS DE TAXQUE�A" }, "geometry": { "type": "MultiPolygon", "coordinates": [ [ [ [ -99.118832545200235, 19.34448545240506 ], [ -99.118082749223007, 19.344351391907477 ], [ -99.118033116725343, 19.344342517700241 ], [ -99.118093940348487, 19.344110998529743 ], [ -99.118036309113293, 19.344064013496887 ], [ -99.118131190120081, 19.343742689322347 ], [ -99.118258141663844, 19.343346735560083 ], [ -99.118379120309939, 19.343007069527903 ], [ -99.118651520388298, 19.342242259253101 ], [ -99.118675413866256, 19.342175173827048 ], [ -99.118685083486781, 19.34214802453528 ], [ -99.11883659881228, 19.341722615310907 ], [ -99.119456947159364, 19.341978873975638 ], [ -99.121203385338688, 19.342696237549973 ], [ -99.120996679692823, 19.343372562282234 ], [ -99.120960437676885, 19.343507326626462 ], [ -99.119600140667174, 19.343123916187395 ], [ -99.119563533046986, 19.3431103886182 ], [ -99.119543388075755, 19.343105779570621 ], [ -99.119470642715783, 19.343460190965114 ], [ -99.119299016233413, 19.343417006173858 ], [ -99.119275211625308, 19.343538666335125 ], [ -99.119225246070712, 19.343528390168078 ], [ -99.119207990597545, 19.343695405029504 ], [ -99.11911536280121, 19.343676996992816 ], [ -99.118949474302497, 19.343644029637829 ], [ -99.118841251755782, 19.344171913995272 ], [ -99.118895561680063, 19.34418218743172 ], [ -99.11888262462989, 19.344314149304502 ], [ -99.118841348755737, 19.344305929137317 ], [ -99.118836946980252, 19.344395690771666 ], [ -99.118832545200235, 19.34448545240506 ] ] ] ] } },
{ "type": "Feature", "properties": { "id": 4730.0, "entidad": 9, "distrito_f": 19, "distrito_l": 30, "municipio": 3, "seccion": 542, "tipo": 2, "control": 35904.0, "SECCION_TX": "0542", "SECCION__1": null, "SECCION__2": null, "SECCION_N": "542", "ESTATUS": null, "ALCALDIA_N": "COYOACAN", "EN_OPERATI": null, "EN_OP": "NO", "SEC_N": "542", "EST": null, "ALC_N": "COYOACAN", "OP": "NO", "NOMBRE": "PASEOS DE TAXQUE�A" }, "geometry": { "type": "MultiPolygon", "coordinates": [ [ [ [ -99.126116816454072, 19.345813899242245 ], [ -99.125632858127915, 19.345785497426164 ], [ -99.125145904471921, 19.345756918516965 ], [ -99.124630414847957, 19.345761442028014 ], [ -99.124147124568069, 19.345740920871684 ], [ -99.123678478032858, 19.345718998423582 ], [ -99.123118156373081, 19.345716771587899 ], [ -99.123199951954916, 19.344313244532493 ], [ -99.122858319482688, 19.344300342723159 ], [ -99.122888274653775, 19.34297535057274 ], [ -99.123259658795959, 19.342980208747367 ], [ -99.123695630837403, 19.342985022338144 ], [ -99.123754840246164, 19.342990091121202 ], [ -99.124190816185134, 19.34300001250498 ], [ -99.124217727804492, 19.342999994163868 ], [ -99.12471759776416, 19.343030534880306 ], [ -99.125127383346296, 19.343055570650876 ], [ -99.125237798916345, 19.343054606597192 ], [ -99.125705355308199, 19.343050523556183 ], [ -99.125762493834316, 19.343050024498936 ], [ -99.125794787785452, 19.343050002210632 ], [ -99.126257679531847, 19.343065009047393 ], [ -99.12624398154027, 19.343302992935389 ], [ -99.126397233413471, 19.343304907085862 ], [ -99.126399690055692, 19.343731204986749 ], [ -99.126389238932944, 19.343979718630809 ], [ -99.126389028110367, 19.344013178573217 ], [ -99.126387342170673, 19.344280756139987 ], [ -99.126393861393552, 19.344454504047839 ], [ -99.126400380631381, 19.344628251952159 ], [ -99.126414166395904, 19.344962121555628 ], [ -99.126419901098316, 19.345101006622951 ], [ -99.12640658454599, 19.345156424246778 ], [ -99.126267872383465, 19.345156520415848 ], [ -99.126272927308364, 19.34553533456646 ], [ -99.126274679321327, 19.345666629245773 ], [ -99.126196675877097, 19.345769913138675 ], [ -99.126116816454072, 19.345813899242245 ] ] ] ] } },
{ "type": "Feature", "properties": { "id": 4731.0, "entidad": 9, "distrito_f": 19, "distrito_l": 30, "municipio": 3, "seccion": 543, "tipo": 2, "control": 35891.0, "SECCION_TX": "0543", "SECCION__1": null, "SECCION__2": null, "SECCION_N": "543", "ESTATUS": null, "ALCALDIA_N": "COYOACAN", "EN_OPERATI": null, "EN_OP": "NO", "SEC_N": "543", "EST": null, "ALC_N": "COYOACAN", "OP": "NO", "NOMBRE": "PASEOS DE TAXQUE�A" }, "geometry": { "type": "MultiPolygon", "coordinates": [ [ [ [ -99.121673562341755, 19.345859878934633 ], [ -99.121101840565288, 19.345841675407872 ], [ -99.120900138118003, 19.345789773069988 ], [ -99.120622589919336, 19.3457847123839 ], [ -99.120653454205524, 19.345554939088231 ], [ -99.120791829506302, 19.344764895300226 ], [ -99.120719331221309, 19.344733894719525 ], [ -99.120639729339871, 19.344699856563302 ], [ -99.120960437676885, 19.343507326626462 ], [ -99.120996679692823, 19.343372562282234 ], [ -99.121203385338688, 19.342696237549973 ], [ -99.121682688559602, 19.3411279725361 ], [ -99.121689321989251, 19.341106267944948 ], [ -99.121718252097423, 19.34098604890335 ], [ -99.121851816592383, 19.341011397371769 ], [ -99.121899001844781, 19.341021665730878 ], [ -99.12201221597131, 19.341049853271112 ], [ -99.123304081186475, 19.341212471269021 ], [ -99.123810066134794, 19.341281099497486 ], [ -99.125504242893086, 19.341432151839477 ], [ -99.126016421715732, 19.341477814407757 ], [ -99.126177081598399, 19.34149213750716 ], [ -99.126202739178254, 19.34161154217011 ], [ -99.126243819305884, 19.34166388077276 ], [ -99.126284899459719, 19.341716219365619 ], [ -99.126367059846118, 19.341820896522286 ], [ -99.126418112650313, 19.341907284808904 ], [ -99.126353900935214, 19.342206633679975 ], [ -99.126311033154806, 19.34245444894535 ], [ -99.126278949519502, 19.342727801623578 ], [ -99.126257679531847, 19.343065009047393 ], [ -99.125794787785452, 19.343050002210632 ], [ -99.125762493834316, 19.343050024498936 ], [ -99.125705355308199, 19.343050523556183 ], [ -99.125237798916345, 19.343054606597192 ], [ -99.125127383346296, 19.343055570650876 ], [ -99.12471759776416, 19.343030534880306 ], [ -99.124217727804492, 19.342999994163868 ], [ -99.124190816185134, 19.34300001250498 ], [ -99.123754840246164, 19.342990091121202 ], [ -99.123695630837403, 19.342985022338144 ], [ -99.123259658795959, 19.342980208747367 ], [ -99.122888274653775, 19.34297535057274 ], [ -99.122755745546826, 19.34297543989004 ], [ -99.122263925139009, 19.342975770507429 ], [ -99.122237983392893, 19.344278577887799 ], [ -99.122175909113963, 19.345686650358772 ], [ -99.121695553408216, 19.345673071084619 ], [ -99.121673562341755, 19.345859878934633 ] ] ] ] } },
{ "type": "Feature", "properties": { "id": 4732.0, "entidad": 9, "distrito_f": 19, "distrito_l": 30, "municipio": 3, "seccion": 544, "tipo": 2, "control": 35905.0, "SECCION_TX": "0544", "SECCION__1": null, "SECCION__2": null, "SECCION_N": "544", "ESTATUS": null, "ALCALDIA_N": "COYOACAN", "EN_OPERATI": null, "EN_OP": "NO", "SEC_N": "544", "EST": null, "ALC_N": "COYOACAN", "OP": "NO", "NOMBRE": "PASEOS DE TAXQUE�A" }, "geometry": { "type": "MultiPolygon", "coordinates": [ [ [ [ -99.123118156373081, 19.345716771587899 ], [ -99.122667982710851, 19.345703000620158 ], [ -99.122175909113963, 19.345686650358772 ], [ -99.122237983392893, 19.344278577887799 ], [ -99.122263925139009, 19.342975770507429 ], [ -99.122755745546826, 19.34297543989004 ], [ -99.122888274653775, 19.34297535057274 ], [ -99.122858319482688, 19.344300342723159 ], [ -99.123199951954916, 19.344313244532493 ], [ -99.123118156373081, 19.345716771587899 ] ] ] ] } },
{ "type": "Feature", "properties": { "id": 4848.0, "entidad": 9, "distrito_f": 19, "distrito_l": 30, "municipio": 3, "seccion": 689, "tipo": 2, "control": 35789.0, "SECCION_TX": "0689", "SECCION__1": null, "SECCION__2": null, "SECCION_N": "689", "ESTATUS": null, "ALCALDIA_N": "COYOACAN", "EN_OPERATI": null, "EN_OP": "NO", "SEC_N": "689", "EST": null, "ALC_N": "COYOACAN", "OP": "NO", "NOMBRE": "PASEOS DE TAXQUE�A" }, "geometry": { "type": "MultiPolygon", "coordinates": [ [ [ [ -99.125085853209441, 19.357940596971243 ], [ -99.124673533603726, 19.357888892510115 ], [ -99.124589075525222, 19.357878380686696 ], [ -99.124654838334152, 19.355709854945378 ], [ -99.124166300838482, 19.355686074881486 ], [ -99.124175273776586, 19.355240668286477 ], [ -99.124226019262423, 19.353427121054558 ], [ -99.123740524457631, 19.35340679188802 ], [ -99.123229775054668, 19.353387621457372 ], [ -99.122747367229266, 19.353367483943259 ], [ -99.12280750249711, 19.351295172516483 ], [ -99.122809895840021, 19.351215779358945 ], [ -99.122812990857881, 19.351109273763075 ], [ -99.122817403626172, 19.350957421589698 ], [ -99.122824652150868, 19.350707984822094 ], [ -99.123294244120302, 19.350718720564767 ], [ -99.12451748480872, 19.350738817861167 ], [ -99.125285887195588, 19.350731896497173 ], [ -99.1252882655089, 19.351001981713296 ], [ -99.125289091266239, 19.351095755805623 ], [ -99.125290264679279, 19.351229009889224 ], [ -99.125291313010933, 19.351348059341976 ], [ -99.125293558774885, 19.351603089455356 ], [ -99.125217876997013, 19.353425342112192 ], [ -99.125217902369059, 19.353458593927513 ], [ -99.125163254372552, 19.355300782833179 ], [ -99.125177313454657, 19.355360626458424 ], [ -99.125163586640312, 19.355736381515388 ], [ -99.125085853209441, 19.357940596971243 ] ] ] ] } },
{ "type": "Feature", "properties": { "id": 4850.0, "entidad": 9, "distrito_f": 19, "distrito_l": 30, "municipio": 3, "seccion": 692, "tipo": 2, "control": 36315.0, "SECCION_TX": "0692", "SECCION__1": null, "SECCION__2": null, "SECCION_N": "692", "ESTATUS": null, "ALCALDIA_N": "COYOACAN", "EN_OPERATI": null, "EN_OP": "NO", "SEC_N": "692", "EST": null, "ALC_N": "COYOACAN", "OP": "NO", "NOMBRE": "PASEOS DE TAXQUE�A" }, "geometry": { "type": "MultiPolygon", "coordinates": [ [ [ [ -99.120596984281974, 19.344885984256042 ], [ -99.1180044417613, 19.344490646484928 ], [ -99.118033116725343, 19.344342517700241 ], [ -99.118082749223007, 19.344351391907477 ], [ -99.118832545200235, 19.34448545240506 ], [ -99.118836946980252, 19.344395690771666 ], [ -99.118841348755737, 19.344305929137317 ], [ -99.11888262462989, 19.344314149304502 ], [ -99.118895561680063, 19.34418218743172 ], [ -99.118841251755782, 19.344171913995272 ], [ -99.118949474302497, 19.343644029637829 ], [ -99.11911536280121, 19.343676996992816 ], [ -99.119207990597545, 19.343695405029504 ], [ -99.119225246070712, 19.343528390168078 ], [ -99.119275211625308, 19.343538666335125 ], [ -99.119299016233413, 19.343417006173858 ], [ -99.119470642715783, 19.343460190965114 ], [ -99.119543388075755, 19.343105779570621 ], [ -99.119563533046986, 19.3431103886182 ], [ -99.119600140667174, 19.343123916187395 ], [ -99.120960437676885, 19.343507326626462 ], [ -99.120639729339871, 19.344699856563302 ], [ -99.120596984281974, 19.344885984256042 ] ] ] ] } },
{ "type": "Feature", "properties": { "id": 2137.0, "entidad": 9, "distrito_f": 8, "distrito_l": 30, "municipio": 3, "seccion": 499, "tipo": 2, "control": 35184.0, "SECCION_TX": "0499", "SECCION__1": null, "SECCION__2": null, "SECCION_N": "499", "ESTATUS": null, "ALCALDIA_N": "COYOACAN", "EN_OPERATI": null, "EN_OP": "NO", "SEC_N": "499", "EST": null, "ALC_N": "COYOACAN", "OP": "NO", "NOMBRE": "SAN PABLO TEPETLAPA" }, "geometry": { "type": "MultiPolygon", "coordinates": [ [ [ [ -99.145672688243891, 19.314867765457375 ], [ -99.145074082023029, 19.314678805003318 ], [ -99.144491407719926, 19.314585018644358 ], [ -99.143884689480956, 19.314622361390406 ], [ -99.143854266989052, 19.314759401400234 ], [ -99.143832994027591, 19.31493788252563 ], [ -99.143802612236996, 19.31490461071072 ], [ -99.143478097802785, 19.314882986245454 ], [ -99.143198914733674, 19.314835366772726 ], [ -99.143025620188865, 19.314797415569068 ], [ -99.142929476492299, 19.314763594661116 ], [ -99.1428999498184, 19.314741021310393 ], [ -99.142863483538576, 19.314623356694717 ], [ -99.142858444386391, 19.314530775344757 ], [ -99.142924290730889, 19.314220013800334 ], [ -99.142980607173214, 19.31398901316831 ], [ -99.143092447921489, 19.314034288877522 ], [ -99.143315930482174, 19.314070615486745 ], [ -99.143444214124472, 19.314127692377461 ], [ -99.143395144507508, 19.313962288643012 ], [ -99.143345367303013, 19.313744203060647 ], [ -99.143300565335764, 19.313544944461064 ], [ -99.143243941325679, 19.313348471478253 ], [ -99.143067823708634, 19.313315134737255 ], [ -99.143075496687388, 19.313229703330471 ], [ -99.143111753895155, 19.313107273982151 ], [ -99.143128180425279, 19.312989567908186 ], [ -99.143142925361019, 19.312838909056349 ], [ -99.143136276921808, 19.312796544721667 ], [ -99.143129628486093, 19.312754180386523 ], [ -99.143060033721696, 19.312554941147582 ], [ -99.143033521995108, 19.312479638282955 ], [ -99.143064795843443, 19.312328966472602 ], [ -99.143017274227191, 19.312096065942505 ], [ -99.143314066980253, 19.312068808814423 ], [ -99.143416841920228, 19.312063276749431 ], [ -99.143588582358205, 19.312054032349739 ], [ -99.144050287771307, 19.312256618859784 ], [ -99.144135283700123, 19.31227103325844 ], [ -99.144220279643591, 19.312285447617381 ], [ -99.14432207575949, 19.31230952329895 ], [ -99.144621309943105, 19.312380294458855 ], [ -99.144922440636151, 19.312447556829117 ], [ -99.145091960145578, 19.312478014865938 ], [ -99.145201082076582, 19.312541199473227 ], [ -99.145031628090507, 19.313114468679032 ], [ -99.145569682090098, 19.313267336562316 ], [ -99.146164812705692, 19.313438816508885 ], [ -99.145672688243891, 19.314867765457375 ] ] ] ] } },
{ "type": "Feature", "properties": { "id": 2138.0, "entidad": 9, "distrito_f": 8, "distrito_l": 30, "municipio": 3, "seccion": 500, "tipo": 2, "control": 35178.0, "SECCION_TX": "0500", "SECCION__1": null, "SECCION__2": null, "SECCION_N": "500", "ESTATUS": null, "ALCALDIA_N": "COYOACAN", "EN_OPERATI": null, "EN_OP": "NO", "SEC_N": "500", "EST": null, "ALC_N": "COYOACAN", "OP": "NO", "NOMBRE": "SAN PABLO TEPETLAPA" }, "geometry": { "type": "MultiPolygon", "coordinates": [ [ [ [ -99.147875601250519, 19.313949431405565 ], [ -99.14735060157949, 19.315410542426648 ], [ -99.146843289170775, 19.316872324148079 ], [ -99.146539941834959, 19.31774875568594 ], [ -99.146142230728202, 19.317755306574906 ], [ -99.145967277545225, 19.31774144818468 ], [ -99.145996814184471, 19.317579711445564 ], [ -99.146304321097432, 19.316676289674881 ], [ -99.146323412784923, 19.316621513153933 ], [ -99.146809612504612, 19.315226530327244 ], [ -99.146278225520078, 19.315058848309747 ], [ -99.145672688243891, 19.314867765457375 ], [ -99.146164812705692, 19.313438816508885 ], [ -99.146750469257398, 19.313609849383454 ], [ -99.146787859642629, 19.313621135189745 ], [ -99.147310323120053, 19.313778833094741 ], [ -99.147875601250519, 19.313949431405565 ] ] ] ] } },
{ "type": "Feature", "properties": { "id": 2173.0, "entidad": 9, "distrito_f": 8, "distrito_l": 30, "municipio": 3, "seccion": 622, "tipo": 2, "control": 36450.0, "SECCION_TX": "0622", "SECCION__1": null, "SECCION__2": null, "SECCION_N": "622", "ESTATUS": null, "ALCALDIA_N": "COYOACAN", "EN_OPERATI": null, "EN_OP": "NO", "SEC_N": "622", "EST": null, "ALC_N": "COYOACAN", "OP": "NO", "NOMBRE": "SAN PABLO TEPETLAPA" }, "geometry": { "type": "MultiPolygon", "coordinates": [ [ [ [ -99.137805054568858, 19.319132679053915 ], [ -99.137198585253756, 19.319121599525403 ], [ -99.136657390849138, 19.319110962681965 ], [ -99.136143612158222, 19.319102752617781 ], [ -99.135589660553194, 19.319093733341845 ], [ -99.13558853229722, 19.3191944608987 ], [ -99.135573828504619, 19.320507166649282 ], [ -99.135023162286515, 19.320498951526009 ], [ -99.134481566329484, 19.320486873939132 ], [ -99.133903849907441, 19.320470516075602 ], [ -99.133358212473695, 19.320467343618525 ], [ -99.13302121176352, 19.320478010763832 ], [ -99.132908293102332, 19.320481584859341 ], [ -99.132816484105746, 19.320467889415838 ], [ -99.132712735552488, 19.320452412851711 ], [ -99.132653906986718, 19.32043791910024 ], [ -99.132887467687311, 19.319134036648897 ], [ -99.132902728359326, 19.319048841274604 ], [ -99.133078673411575, 19.317715834923327 ], [ -99.133270389758607, 19.317703560459591 ], [ -99.133444907777815, 19.317692386926304 ], [ -99.133465759940407, 19.316858482609675 ], [ -99.133468420206128, 19.316752094689669 ], [ -99.133469468814894, 19.316710159257674 ], [ -99.133497257853392, 19.316682263108877 ], [ -99.133522630993227, 19.316461015247768 ], [ -99.133542112189005, 19.316405387731983 ], [ -99.133565550460233, 19.31634615485553 ], [ -99.133635300641245, 19.316350575323245 ], [ -99.133999131676745, 19.31634852945027 ], [ -99.134593938428139, 19.316356171810334 ], [ -99.134524489376005, 19.317695687637769 ], [ -99.135097698236962, 19.317728750696084 ], [ -99.135652985570246, 19.317734166852688 ], [ -99.13617604688551, 19.317728231630735 ], [ -99.136165148151932, 19.318272114548847 ], [ -99.136676617954635, 19.318288475396596 ], [ -99.13722336067498, 19.31830480828252 ], [ -99.137602462362878, 19.318287859910839 ], [ -99.138175691768865, 19.318262231234218 ], [ -99.138252810216642, 19.318272270068803 ], [ -99.138294044752243, 19.318277637728741 ], [ -99.138356461375736, 19.318285762725221 ], [ -99.13840790704154, 19.31829258414886 ], [ -99.138677570672499, 19.318343723230594 ], [ -99.138510442389489, 19.318848357935369 ], [ -99.138383620366227, 19.319231287930215 ], [ -99.138354489122705, 19.319382083572968 ], [ -99.138336901894249, 19.319482612601334 ], [ -99.138231105541919, 19.319859405099734 ], [ -99.138119715703525, 19.319694868575215 ], [ -99.138050917452063, 19.319553713459484 ], [ -99.137848950350332, 19.3192078497325 ], [ -99.137805054568858, 19.319132679053915 ] ] ] ] } },
{ "type": "Feature", "properties": { "id": 2005.0, "entidad": 9, "distrito_f": 8, "distrito_l": 26, "municipio": 3, "seccion": 368, "tipo": 2, "control": 35559.0, "SECCION_TX": "0368", "SECCION__1": null, "SECCION__2": null, "SECCION_N": "368", "ESTATUS": null, "ALCALDIA_N": "COYOACAN", "EN_OPERATI": null, "EN_OP": "NO", "SEC_N": "368", "EST": null, "ALC_N": "COYOACAN", "OP": "NO", "NOMBRE": "RANCHO EL ROSARIO" }, "geometry": { "type": "MultiPolygon", "coordinates": [ [ [ [ -99.14706329679008, 19.334358342017754 ], [ -99.14678504644786, 19.334055708424753 ], [ -99.146762988250629, 19.334025116906194 ], [ -99.146350317299735, 19.333437394902809 ], [ -99.146076745802944, 19.333073391099227 ], [ -99.14603398125071, 19.333014081971175 ], [ -99.144437342725737, 19.330976193095236 ], [ -99.144570804514743, 19.330415855102025 ], [ -99.144673433490752, 19.330012655500528 ], [ -99.14492384896262, 19.328763366225537 ], [ -99.144928190037561, 19.328732260161811 ], [ -99.145532348586656, 19.328854292910862 ], [ -99.145643722869039, 19.328876788935428 ], [ -99.146377943547321, 19.329089374164319 ], [ -99.146145990447764, 19.329808331807598 ], [ -99.146055796145987, 19.330087894665684 ], [ -99.14623507196238, 19.330162787635665 ], [ -99.146480370683008, 19.330317743015286 ], [ -99.146603094620019, 19.33047861486051 ], [ -99.146869430588623, 19.330620666308612 ], [ -99.147099774576233, 19.330734216078092 ], [ -99.147101358975078, 19.330894266049754 ], [ -99.1472800543864, 19.330913233551556 ], [ -99.14754345301867, 19.330981822981233 ], [ -99.14782880121831, 19.331056127618282 ], [ -99.147739861591461, 19.331540580595647 ], [ -99.147791728985823, 19.331570979279121 ], [ -99.147870822185325, 19.331660272439791 ], [ -99.147850210913532, 19.331713095849473 ], [ -99.147504012978814, 19.332413062852456 ], [ -99.147475285631714, 19.332471015275349 ], [ -99.147485422845818, 19.333169178395448 ], [ -99.147489083025491, 19.33337307643469 ], [ -99.147429454740347, 19.333627860548312 ], [ -99.147350572404221, 19.333914457736562 ], [ -99.147343042875264, 19.333941767978807 ], [ -99.147183449739472, 19.334240536356614 ], [ -99.14706329679008, 19.334358342017754 ] ] ] ] } },
{ "type": "Feature", "properties": { "id": 2120.0, "entidad": 9, "distrito_f": 8, "distrito_l": 30, "municipio": 3, "seccion": 479, "tipo": 2, "control": 35542.0, "SECCION_TX": "0479", "SECCION__1": null, "SECCION__2": null, "SECCION_N": "479", "ESTATUS": null, "ALCALDIA_N": "COYOACAN", "EN_OPERATI": null, "EN_OP": "NO", "SEC_N": "479", "EST": null, "ALC_N": "COYOACAN", "OP": "NO", "NOMBRE": "RANCHO EL ROSARIO" }, "geometry": { "type": "MultiPolygon", "coordinates": [ [ [ [ -99.146377943547321, 19.329089374164319 ], [ -99.145643722869039, 19.328876788935428 ], [ -99.145532348586656, 19.328854292910862 ], [ -99.144928190037561, 19.328732260161811 ], [ -99.145153397408819, 19.327118515993604 ], [ -99.145240337852769, 19.327149022012868 ], [ -99.145946004156471, 19.327058032852918 ], [ -99.146321715178971, 19.327146883424213 ], [ -99.146204695479227, 19.327672769955274 ], [ -99.145810187825163, 19.327593457821102 ], [ -99.145737134293157, 19.327996720043771 ], [ -99.146111264238556, 19.32809264750048 ], [ -99.146567439072854, 19.328221639045385 ], [ -99.146613678868647, 19.328226005479994 ], [ -99.146377943547321, 19.329089374164319 ] ] ] ] } },
{ "type": "Feature", "properties": { "id": 1984.0, "entidad": 9, "distrito_f": 8, "distrito_l": 26, "municipio": 3, "seccion": 351, "tipo": 2, "control": 35548.0, "SECCION_TX": "0351", "SECCION__1": null, "SECCION__2": null, "SECCION_N": "351", "ESTATUS": null, "ALCALDIA_N": "COYOACAN", "EN_OPERATI": null, "EN_OP": "NO", "SEC_N": "351", "EST": null, "ALC_N": "COYOACAN", "OP": "NO", "NOMBRE": "CIUDAD JARDIN" }, "geometry": { "type": "MultiPolygon", "coordinates": [ [ [ [ -99.151070689441056, 19.334538132990065 ], [ -99.15108862769209, 19.334440327053652 ], [ -99.15107529011128, 19.33435096633308 ], [ -99.150949694808716, 19.334234886801173 ], [ -99.150863424177231, 19.334259473552635 ], [ -99.150485902045091, 19.334377611839376 ], [ -99.148903813038629, 19.334888705468838 ], [ -99.148636125102229, 19.334987422819236 ], [ -99.148426275990545, 19.335130442867438 ], [ -99.148275954917665, 19.33531161808919 ], [ -99.14812040051801, 19.335511068830446 ], [ -99.14706329679008, 19.334358342017754 ], [ -99.147183449739472, 19.334240536356614 ], [ -99.147343042875264, 19.333941767978807 ], [ -99.147350572404221, 19.333914457736562 ], [ -99.147429454740347, 19.333627860548312 ], [ -99.147489083025491, 19.33337307643469 ], [ -99.147485422845818, 19.333169178395448 ], [ -99.147475285631714, 19.332471015275349 ], [ -99.147504012978814, 19.332413062852456 ], [ -99.147850210913532, 19.331713095849473 ], [ -99.148117737768871, 19.331875269943296 ], [ -99.148215966986712, 19.331920259221487 ], [ -99.148634641957486, 19.331980551518267 ], [ -99.148817671538453, 19.33204032593553 ], [ -99.149006819225164, 19.332105206958961 ], [ -99.149073547927713, 19.332147357612509 ], [ -99.149180648034687, 19.332297385448538 ], [ -99.149362085336563, 19.332368670282623 ], [ -99.14952943404279, 19.332417520135706 ], [ -99.14969870796547, 19.332384896779036 ], [ -99.149871552738446, 19.33237917758105 ], [ -99.149944855675045, 19.332402080043078 ], [ -99.150343704198846, 19.332468063217682 ], [ -99.150406294872369, 19.332520593164055 ], [ -99.150381150214599, 19.332758969588518 ], [ -99.150809721182313, 19.332844979578901 ], [ -99.151173518628937, 19.332654749066869 ], [ -99.151375470134397, 19.332377769749428 ], [ -99.15157349423491, 19.332356972549729 ], [ -99.151584579919344, 19.332411145255548 ], [ -99.151524345096291, 19.332657438894952 ], [ -99.151521567824318, 19.332791606109296 ], [ -99.151563641492899, 19.332970302188784 ], [ -99.151617418282981, 19.333144566548373 ], [ -99.151386397165311, 19.333446894942647 ], [ -99.151273488762655, 19.333704763027928 ], [ -99.151318658988558, 19.333844870814058 ], [ -99.151326883630361, 19.333870381758263 ], [ -99.151341570909423, 19.333915938293458 ], [ -99.151331356282583, 19.33394531562157 ], [ -99.151161014845329, 19.334435216989039 ], [ -99.151070689441056, 19.334538132990065 ] ] ] ] } },
{ "type": "Feature", "properties": { "id": 4829.0, "entidad": 9, "distrito_f": 19, "distrito_l": 30, "municipio": 3, "seccion": 666, "tipo": 2, "control": 37073.0, "SECCION_TX": "0666", "SECCION__1": null, "SECCION__2": null, "SECCION_N": "666", "ESTATUS": null, "ALCALDIA_N": "COYOACAN", "EN_OPERATI": null, "EN_OP": "NO", "SEC_N": "666", "EST": null, "ALC_N": "COYOACAN", "OP": "NO", "NOMBRE": "CAFETALES II" }, "geometry": { "type": "MultiPolygon", "coordinates": [ [ [ [ -99.108308559681575, 19.307652368371386 ], [ -99.10826771145949, 19.307653009984403 ], [ -99.106593081819014, 19.307679305929529 ], [ -99.106104019574147, 19.307703161491155 ], [ -99.106164341818968, 19.308848657838535 ], [ -99.10568592789852, 19.308602444067123 ], [ -99.105642813969112, 19.308580255560926 ], [ -99.104639527449393, 19.308109421394015 ], [ -99.104589446246436, 19.307435330719684 ], [ -99.104454388024109, 19.305865605390885 ], [ -99.104445212633507, 19.305593793244594 ], [ -99.104443334206564, 19.305538146528018 ], [ -99.104434198113609, 19.305347063449378 ], [ -99.104380706964548, 19.304819467291868 ], [ -99.104356354291696, 19.304291588156214 ], [ -99.104849889303011, 19.304457320861054 ], [ -99.105374945277305, 19.304633636700817 ], [ -99.106438913609438, 19.304990915598939 ], [ -99.106280308431451, 19.303894048066791 ], [ -99.106756912844034, 19.303818343999893 ], [ -99.107253377348954, 19.303742627022917 ], [ -99.107734936735582, 19.303652775124132 ], [ -99.108068838900934, 19.305538226869874 ], [ -99.108163540042071, 19.306089723067288 ], [ -99.108263197743867, 19.306627073874779 ], [ -99.108290264822628, 19.306873213291635 ], [ -99.108292547968901, 19.306893975463804 ], [ -99.108314837900892, 19.30709667239746 ], [ -99.108318144141379, 19.307126738160807 ], [ -99.108317579551553, 19.307157701431915 ], [ -99.108316794309431, 19.307200765714757 ], [ -99.108308559681575, 19.307652368371386 ] ] ] ] } },
{ "type": "Feature", "properties": { "id": 4831.0, "entidad": 9, "distrito_f": 19, "distrito_l": 30, "municipio": 3, "seccion": 668, "tipo": 2, "control": 37150.0, "SECCION_TX": "0668", "SECCION__1": null, "SECCION__2": null, "SECCION_N": "668", "ESTATUS": null, "ALCALDIA_N": "COYOACAN", "EN_OPERATI": null, "EN_OP": "NO", "SEC_N": "668", "EST": null, "ALC_N": "COYOACAN", "OP": "NO", "NOMBRE": "SANTA CECILIA" }, "geometry": { "type": "MultiPolygon", "coordinates": [ [ [ [ -99.111664031207624, 19.310995709114273 ], [ -99.111451851316943, 19.310949470049028 ], [ -99.110984511022849, 19.310847624474821 ], [ -99.110866889197638, 19.310821991418873 ], [ -99.110761624998389, 19.310797053730077 ], [ -99.109776038614356, 19.310551998381744 ], [ -99.109740182350578, 19.31054308299688 ], [ -99.109970429088534, 19.309524721217358 ], [ -99.109932873527242, 19.309515087918253 ], [ -99.109634628923544, 19.309452108581521 ], [ -99.109641834821588, 19.309424084885009 ], [ -99.109667464681181, 19.309287912452863 ], [ -99.109872191267797, 19.308200184032145 ], [ -99.109848016730069, 19.308182992937056 ], [ -99.109709175572434, 19.308080277681448 ], [ -99.109783358638225, 19.307949758106847 ], [ -99.109808949037486, 19.307907583250302 ], [ -99.11030653911024, 19.308243370900708 ], [ -99.110576772392122, 19.30842573070041 ], [ -99.110794504720005, 19.308572661027188 ], [ -99.111131927892217, 19.308656819925325 ], [ -99.111247421635667, 19.308679555001035 ], [ -99.111305744451741, 19.30835315176644 ], [ -99.111421996853835, 19.308374628378033 ], [ -99.111524918728577, 19.308393642225042 ], [ -99.111994175776857, 19.308480335572504 ], [ -99.112215414198474, 19.308520503594725 ], [ -99.112047178572681, 19.309325939300084 ], [ -99.111946080993022, 19.309768661766984 ], [ -99.111664031207624, 19.310995709114273 ] ] ] ] } },
{ "type": "Feature", "properties": { "id": 4833.0, "entidad": 9, "distrito_f": 19, "distrito_l": 30, "municipio": 3, "seccion": 670, "tipo": 2, "control": 37149.0, "SECCION_TX": "0670", "SECCION__1": null, "SECCION__2": null, "SECCION_N": "670", "ESTATUS": null, "ALCALDIA_N": "COYOACAN", "EN_OPERATI": null, "EN_OP": "NO", "SEC_N": "670", "EST": null, "ALC_N": "COYOACAN", "OP": "NO", "NOMBRE": "SANTA CECILIA" }, "geometry": { "type": "MultiPolygon", "coordinates": [ [ [ [ -99.112215414198474, 19.308520503594725 ], [ -99.111994175776857, 19.308480335572504 ], [ -99.111524918728577, 19.308393642225042 ], [ -99.111421996853835, 19.308374628378033 ], [ -99.111305744451741, 19.30835315176644 ], [ -99.111247421635667, 19.308679555001035 ], [ -99.111131927892217, 19.308656819925325 ], [ -99.110794504720005, 19.308572661027188 ], [ -99.110862622245648, 19.308253315869713 ], [ -99.110921340407728, 19.307978035324929 ], [ -99.110977566187799, 19.307714438605721 ], [ -99.111032316027462, 19.307457760539993 ], [ -99.111087115068457, 19.307200850993699 ], [ -99.111129077127075, 19.307004123397011 ], [ -99.11113616507275, 19.306970893461479 ], [ -99.111141913940457, 19.3069439414245 ], [ -99.11082064368091, 19.306886592290819 ], [ -99.11043268175635, 19.306797633491371 ], [ -99.110447176127565, 19.306734074101573 ], [ -99.11063040879921, 19.305930574646361 ], [ -99.110655624507288, 19.305819999811128 ], [ -99.110993689241667, 19.305853442449145 ], [ -99.111874424493976, 19.305940565094353 ], [ -99.111975928244206, 19.305951098611757 ], [ -99.112083314370224, 19.305962242507889 ], [ -99.112446610721491, 19.306001736900058 ], [ -99.112532861038019, 19.306010220173413 ], [ -99.112777932699615, 19.306034324320056 ], [ -99.112756977900517, 19.306128347491658 ], [ -99.112499185749769, 19.307285039469935 ], [ -99.11241140741005, 19.307748327109358 ], [ -99.112215414198474, 19.308520503594725 ] ] ] ] } },
{ "type": "Feature", "properties": { "id": 4835.0, "entidad": 9, "distrito_f": 19, "distrito_l": 30, "municipio": 3, "seccion": 673, "tipo": 2, "control": 37094.0, "SECCION_TX": "0673", "SECCION__1": null, "SECCION__2": null, "SECCION_N": "673", "ESTATUS": null, "ALCALDIA_N": "COYOACAN", "EN_OPERATI": null, "EN_OP": "NO", "SEC_N": "673", "EST": null, "ALC_N": "COYOACAN", "OP": "NO", "NOMBRE": "SANTA CECILIA" }, "geometry": { "type": "MultiPolygon", "coordinates": [ [ [ [ -99.114274267394791, 19.30618959250133 ], [ -99.112777932699615, 19.306034324320056 ], [ -99.112532861038019, 19.306010220173413 ], [ -99.112446610721491, 19.306001736900058 ], [ -99.112083314370224, 19.305962242507889 ], [ -99.111975928244206, 19.305951098611757 ], [ -99.111874424493976, 19.305940565094353 ], [ -99.112030980310337, 19.305452982311831 ], [ -99.11140315152214, 19.305382587119372 ], [ -99.110889895361296, 19.305325036712237 ], [ -99.111391595483539, 19.303770866967845 ], [ -99.11185055022716, 19.302291198987778 ], [ -99.112400422631893, 19.300415188715391 ], [ -99.112435852023722, 19.30029431205557 ], [ -99.113547086908227, 19.300581231708133 ], [ -99.113622143452375, 19.300597475464087 ], [ -99.113669579572488, 19.300606323312397 ], [ -99.113717955715273, 19.300615346481266 ], [ -99.114234813470162, 19.300718931373115 ], [ -99.114236351928639, 19.300875709455376 ], [ -99.114243446476593, 19.301598681115987 ], [ -99.114243750875588, 19.301629700787171 ], [ -99.114250161233059, 19.3022829424322 ], [ -99.114250699762607, 19.303058674800713 ], [ -99.114251243246798, 19.303769317203948 ], [ -99.114255336933354, 19.304510157768949 ], [ -99.114255442929576, 19.304529339933978 ], [ -99.114259341941988, 19.305234940322631 ], [ -99.114268050233477, 19.305791936046241 ], [ -99.114274267394791, 19.30618959250133 ] ] ] ] } },
{ "type": "Feature", "properties": { "id": 4836.0, "entidad": 9, "distrito_f": 19, "distrito_l": 30, "municipio": 3, "seccion": 674, "tipo": 2, "control": 37096.0, "SECCION_TX": "0674", "SECCION__1": null, "SECCION__2": null, "SECCION_N": "674", "ESTATUS": null, "ALCALDIA_N": "COYOACAN", "EN_OPERATI": null, "EN_OP": "NO", "SEC_N": "674", "EST": null, "ALC_N": "COYOACAN", "OP": "NO", "NOMBRE": "SANTA CECILIA" }, "geometry": { "type": "MultiPolygon", "coordinates": [ [ [ [ -99.115205767346865, 19.306392621395453 ], [ -99.11502661198206, 19.306373302757709 ], [ -99.114445996730623, 19.306296404954335 ], [ -99.114465806910928, 19.30622031388403 ], [ -99.114274267394791, 19.30618959250133 ], [ -99.114268050233477, 19.305791936046241 ], [ -99.114259341941988, 19.305234940322631 ], [ -99.114255442929576, 19.304529339933978 ], [ -99.114255336933354, 19.304510157768949 ], [ -99.114251243246798, 19.303769317203948 ], [ -99.114250699762607, 19.303058674800713 ], [ -99.114250161233059, 19.3022829424322 ], [ -99.114243750875588, 19.301629700787171 ], [ -99.114243446476593, 19.301598681115987 ], [ -99.114236351928639, 19.300875709455376 ], [ -99.114234813470162, 19.300718931373115 ], [ -99.115689997179373, 19.301058143855172 ], [ -99.115828826502181, 19.301090505163533 ], [ -99.115870348309556, 19.301100183931609 ], [ -99.116296252738181, 19.301199461998252 ], [ -99.116821596779118, 19.301321917841783 ], [ -99.116788870735178, 19.301503907587644 ], [ -99.116777198953443, 19.301568814344623 ], [ -99.116673795196874, 19.302415285320556 ], [ -99.116617915795317, 19.302992019464689 ], [ -99.116525858254448, 19.303800124826992 ], [ -99.11648916235275, 19.304301429701717 ], [ -99.116375669382478, 19.305234997467782 ], [ -99.115860413074799, 19.305186408180056 ], [ -99.115869345486118, 19.304568268876817 ], [ -99.115614076521979, 19.304549946376039 ], [ -99.115316627122013, 19.304528595824475 ], [ -99.115298159825954, 19.304911049894084 ], [ -99.115243425619099, 19.305807418056055 ], [ -99.115213682466461, 19.306294510144049 ], [ -99.115210175949599, 19.30635193482863 ], [ -99.115205767346865, 19.306392621395453 ] ] ] ] } },
{ "type": "Feature", "properties": { "id": 1978.0, "entidad": 9, "distrito_f": 8, "distrito_l": 26, "municipio": 3, "seccion": 345, "tipo": 2, "control": 35438.0, "SECCION_TX": "0345", "SECCION__1": null, "SECCION__2": null, "SECCION_N": "345", "ESTATUS": null, "ALCALDIA_N": "COYOACAN", "EN_OPERATI": null, "EN_OP": "NO", "SEC_N": "345", "EST": null, "ALC_N": "COYOACAN", "OP": "NO", "NOMBRE": "LOS REYES" }, "geometry": { "type": "MultiPolygon", "coordinates": [ [ [ [ -99.157309468234246, 19.342834840392218 ], [ -99.156645114711338, 19.341961519826807 ], [ -99.156584555674513, 19.341846811793545 ], [ -99.156323825225655, 19.341364152312021 ], [ -99.155922098621247, 19.340824165032974 ], [ -99.155828293287996, 19.340751644427581 ], [ -99.156039458109248, 19.340179914369397 ], [ -99.156124119400417, 19.340033543026347 ], [ -99.156314037036509, 19.339616009417163 ], [ -99.15626163920291, 19.339509167413599 ], [ -99.156242583837795, 19.339285607131945 ], [ -99.156171668808184, 19.339017375957841 ], [ -99.156063196315486, 19.338883322886417 ], [ -99.156093461258934, 19.338607155694305 ], [ -99.156138511396989, 19.338180488848117 ], [ -99.156393456013419, 19.338159907188889 ], [ -99.156397622498375, 19.338133625159909 ], [ -99.156604724649625, 19.338113488462586 ], [ -99.15662815916798, 19.337970227951391 ], [ -99.157169863009656, 19.337917167461228 ], [ -99.157547593004438, 19.337590947818043 ], [ -99.157813268962173, 19.337580908166526 ], [ -99.158109784889845, 19.337501729613631 ], [ -99.158304060326913, 19.337423670871701 ], [ -99.158363303662938, 19.337311445562666 ], [ -99.158410647876636, 19.337327941706377 ], [ -99.158365917122964, 19.337458006593067 ], [ -99.158330448789471, 19.337554801386155 ], [ -99.158331562667797, 19.337628484066716 ], [ -99.15831859196129, 19.337746707566932 ], [ -99.158314479782661, 19.337903180967565 ], [ -99.158318105096882, 19.337978714976678 ], [ -99.158324991735654, 19.338069457208025 ], [ -99.158337990196486, 19.338152823351383 ], [ -99.158391226314734, 19.338328367117633 ], [ -99.158299581275486, 19.338600406028014 ], [ -99.158287872718148, 19.33864545980585 ], [ -99.158055318458281, 19.338990055623839 ], [ -99.158050130507277, 19.339409362561078 ], [ -99.158144831530919, 19.33973964963036 ], [ -99.158168632229149, 19.339952409141201 ], [ -99.15813351888869, 19.340243612455499 ], [ -99.157986400376274, 19.340613305561675 ], [ -99.157906781493338, 19.34116757952809 ], [ -99.157675351883441, 19.341903422057925 ], [ -99.157668330875396, 19.341921295320162 ], [ -99.157610024746745, 19.342069724092813 ], [ -99.157309468234246, 19.342834840392218 ] ] ] ] } },
{ "type": "Feature", "properties": { "id": 1986.0, "entidad": 9, "distrito_f": 8, "distrito_l": 26, "municipio": 3, "seccion": 353, "tipo": 2, "control": 35490.0, "SECCION_TX": "0353", "SECCION__1": null, "SECCION__2": null, "SECCION_N": "353", "ESTATUS": "COMPLETA", "ALCALDIA_N": "COYOACAN", "EN_OPERATI": null, "EN_OP": "SI", "SEC_N": "353", "EST": "COMPLETA", "ALC_N": "COYOACAN", "OP": "SI", "NOMBRE": "LOS REYES" }, "geometry": { "type": "MultiPolygon", "coordinates": [ [ [ [ -99.155828293287996, 19.340751644427581 ], [ -99.155659048536108, 19.340650834734213 ], [ -99.155526293517141, 19.340526720078827 ], [ -99.155380588792042, 19.34033465706807 ], [ -99.155310652418777, 19.340207853403165 ], [ -99.154936934309788, 19.339530250437146 ], [ -99.154853087161385, 19.339416765921946 ], [ -99.1547152048865, 19.339230146108083 ], [ -99.154644130171036, 19.339162799917311 ], [ -99.154486021559961, 19.339012985261181 ], [ -99.154062940264481, 19.338612095638378 ], [ -99.153953277898168, 19.338543801563812 ], [ -99.153151288332182, 19.338069549855096 ], [ -99.153293202527081, 19.337534693696661 ], [ -99.15282837546367, 19.337281294330293 ], [ -99.153282683063466, 19.336009507332239 ], [ -99.153019669078574, 19.335990213714616 ], [ -99.152952582176155, 19.335960602325397 ], [ -99.152881783636076, 19.335905496852291 ], [ -99.152834978599358, 19.335839578112072 ], [ -99.152796303638013, 19.335712336847475 ], [ -99.15281463758788, 19.335557968419398 ], [ -99.152848503780532, 19.335440221136142 ], [ -99.152978407673999, 19.335203862646722 ], [ -99.153123510341487, 19.335009464563306 ], [ -99.153357462202081, 19.334490051820531 ], [ -99.153989901193469, 19.334643920823407 ], [ -99.154021507298225, 19.334653172912155 ], [ -99.153997702342593, 19.334811018488718 ], [ -99.153993853240564, 19.335021920693546 ], [ -99.153991491851542, 19.335159009232289 ], [ -99.154520288622123, 19.335357441407304 ], [ -99.154755848427016, 19.3356372028843 ], [ -99.154774865739498, 19.33564994739487 ], [ -99.154888084896399, 19.335725821478956 ], [ -99.154998001320379, 19.336071472582343 ], [ -99.155160910026055, 19.336147361812561 ], [ -99.155122149316966, 19.33647603602887 ], [ -99.155423956371905, 19.336585137144247 ], [ -99.155425712756497, 19.336738119934431 ], [ -99.155445301459721, 19.336833443947178 ], [ -99.15552368535414, 19.336946602595493 ], [ -99.155529624669057, 19.336979600215358 ], [ -99.15553679848685, 19.337017357347445 ], [ -99.155585577157709, 19.337068429612255 ], [ -99.15595964028266, 19.337240982195969 ], [ -99.155935378774728, 19.337383922470654 ], [ -99.155936601218627, 19.337808264430837 ], [ -99.156123598916878, 19.337993498134757 ], [ -99.156138511396989, 19.338180488848117 ], [ -99.156093461258934, 19.338607155694305 ], [ -99.156063196315486, 19.338883322886417 ], [ -99.156171668808184, 19.339017375957841 ], [ -99.156242583837795, 19.339285607131945 ], [ -99.15626163920291, 19.339509167413599 ], [ -99.156314037036509, 19.339616009417163 ], [ -99.156124119400417, 19.340033543026347 ], [ -99.156039458109248, 19.340179914369397 ], [ -99.155828293287996, 19.340751644427581 ] ] ] ] } },
{ "type": "Feature", "properties": { "id": 2011.0, "entidad": 9, "distrito_f": 8, "distrito_l": 26, "municipio": 3, "seccion": 375, "tipo": 2, "control": 35527.0, "SECCION_TX": "0375", "SECCION__1": null, "SECCION__2": null, "SECCION_N": "375", "ESTATUS": null, "ALCALDIA_N": "COYOACAN", "EN_OPERATI": null, "EN_OP": "NO", "SEC_N": "375", "EST": null, "ALC_N": "COYOACAN", "OP": "NO", "NOMBRE": "LOS REYES" }, "geometry": { "type": "MultiPolygon", "coordinates": [ [ [ [ -99.151946642522717, 19.327761711967426 ], [ -99.151542244185805, 19.328266019506106 ], [ -99.151358488963581, 19.328506781864224 ], [ -99.15191984224353, 19.32930960641843 ], [ -99.151898986859734, 19.329314668695492 ], [ -99.151862940509574, 19.329330923161567 ], [ -99.151409957904733, 19.329535186798953 ], [ -99.151332495829664, 19.329589469185368 ], [ -99.151013425509362, 19.329697776105753 ], [ -99.150589728451379, 19.32978057482174 ], [ -99.1504248268418, 19.3298126794236 ], [ -99.150138346125246, 19.329841883713641 ], [ -99.1500742698707, 19.329437318692634 ], [ -99.150060071717135, 19.329347674028028 ], [ -99.150493160551292, 19.328765105403605 ], [ -99.150578362205295, 19.3286504959522 ], [ -99.150758921618717, 19.32840761485015 ], [ -99.151483678363348, 19.327432692830541 ], [ -99.151946642522717, 19.327761711967426 ] ] ] ] } },
{ "type": "Feature", "properties": { "id": 2009.0, "entidad": 9, "distrito_f": 8, "distrito_l": 26, "municipio": 3, "seccion": 373, "tipo": 2, "control": 35526.0, "SECCION_TX": "0373", "SECCION__1": null, "SECCION__2": null, "SECCION_N": "373", "ESTATUS": null, "ALCALDIA_N": "COYOACAN", "EN_OPERATI": null, "EN_OP": "NO", "SEC_N": "373", "EST": null, "ALC_N": "COYOACAN", "OP": "NO", "NOMBRE": "AJUSCO HUAYAMILPAS" }, "geometry": { "type": "MultiPolygon", "coordinates": [ [ [ [ -99.1519069456008, 19.326905687904166 ], [ -99.151715343852729, 19.327144249468169 ], [ -99.151483678363348, 19.327432692830541 ], [ -99.150758921618717, 19.32840761485015 ], [ -99.150578362205295, 19.3286504959522 ], [ -99.150493160551292, 19.328765105403605 ], [ -99.150060071717135, 19.329347674028028 ], [ -99.1500742698707, 19.329437318692634 ], [ -99.150138346125246, 19.329841883713641 ], [ -99.150098777547086, 19.329845917359926 ], [ -99.149855755235066, 19.329945025017331 ], [ -99.149708518628515, 19.330136873101257 ], [ -99.149497342074767, 19.330252838134427 ], [ -99.149297016604493, 19.330325372123632 ], [ -99.148714888484236, 19.330687433328784 ], [ -99.14864861893615, 19.330729948772021 ], [ -99.148346790690965, 19.330787387923841 ], [ -99.14794336051601, 19.330719575381639 ], [ -99.147892246636204, 19.330710415937389 ], [ -99.147892126382388, 19.330663957631121 ], [ -99.147912749573479, 19.330574527355203 ], [ -99.147855189338657, 19.330178935783373 ], [ -99.147762769360497, 19.32963985657754 ], [ -99.147552284961975, 19.329577966108992 ], [ -99.147593752606085, 19.329366289518987 ], [ -99.147784532705998, 19.328674601750794 ], [ -99.147823266152344, 19.328534169962268 ], [ -99.147951751725714, 19.328068331544003 ], [ -99.147960331751463, 19.328037223630851 ], [ -99.148098510623328, 19.327716133341436 ], [ -99.148217009101771, 19.327273638863602 ], [ -99.148299362677136, 19.326966114467076 ], [ -99.148377725389835, 19.32667349163717 ], [ -99.148275562880656, 19.32657915630887 ], [ -99.147943498515744, 19.326584148778775 ], [ -99.147948917477095, 19.326445559687119 ], [ -99.14798023389875, 19.326336771605398 ], [ -99.14797997935041, 19.326054052814786 ], [ -99.147979605289237, 19.32563858588723 ], [ -99.147977264641312, 19.32509126588165 ], [ -99.148060416423078, 19.325087689924136 ], [ -99.14793818819598, 19.324145291441742 ], [ -99.147975315340418, 19.324142438443804 ], [ -99.148025385776791, 19.324137214545875 ], [ -99.14802815046302, 19.324246067902607 ], [ -99.14810869924014, 19.324357377918925 ], [ -99.148162377451314, 19.324408248793354 ], [ -99.148316622096416, 19.324465402209302 ], [ -99.149025679793496, 19.324234754853862 ], [ -99.149181149189346, 19.324140117396794 ], [ -99.149342011229365, 19.324101799902074 ], [ -99.149476149682528, 19.324165333109018 ], [ -99.149570104572021, 19.324273449333791 ], [ -99.14960374639243, 19.324407072223419 ], [ -99.149664440353916, 19.324483840230467 ], [ -99.149919051106508, 19.324642292736886 ], [ -99.150046643031189, 19.324877667218519 ], [ -99.150194306824261, 19.325068474919028 ], [ -99.150449230349139, 19.325252829738716 ], [ -99.150590021766675, 19.32525907785271 ], [ -99.1509321984623, 19.325551553152106 ], [ -99.151429626676091, 19.325834644713101 ], [ -99.151447504603453, 19.32584479086562 ], [ -99.151185254599994, 19.326412392900114 ], [ -99.1519069456008, 19.326905687904166 ] ] ] ] } },
{ "type": "Feature", "properties": { "id": 2033.0, "entidad": 9, "distrito_f": 8, "distrito_l": 26, "municipio": 3, "seccion": 396, "tipo": 2, "control": 35539.0, "SECCION_TX": "0396", "SECCION__1": null, "SECCION__2": null, "SECCION_N": "396", "ESTATUS": null, "ALCALDIA_N": "COYOACAN", "EN_OPERATI": null, "EN_OP": "NO", "SEC_N": "396", "EST": null, "ALC_N": "COYOACAN", "OP": "NO", "NOMBRE": "AMPLIACION CANDELARIA" }, "geometry": { "type": "MultiPolygon", "coordinates": [ [ [ [ -99.147943498515744, 19.326584148778775 ], [ -99.147917130994202, 19.32658340289078 ], [ -99.147853997402009, 19.326777801533773 ], [ -99.147546458306223, 19.326732780918199 ], [ -99.147564736333976, 19.326582974929561 ], [ -99.147134770801472, 19.326526927625686 ], [ -99.146733743528387, 19.326469114308182 ], [ -99.14632376353876, 19.326417250650955 ], [ -99.146399693334359, 19.326158663510004 ], [ -99.146403288501332, 19.325895062019111 ], [ -99.146404026112307, 19.325840979515881 ], [ -99.14588194834856, 19.325820770940958 ], [ -99.145882797656085, 19.325801859778927 ], [ -99.145894718373981, 19.325536425898683 ], [ -99.145895867890076, 19.325510830039207 ], [ -99.145901704448818, 19.325380869380727 ], [ -99.146082700555596, 19.325208079660765 ], [ -99.146097648205654, 19.325193809714794 ], [ -99.146194504700148, 19.32510134445889 ], [ -99.146807101850058, 19.324589366788924 ], [ -99.14681054704495, 19.325108946615487 ], [ -99.146814124593618, 19.325648481682805 ], [ -99.147216853394355, 19.325645063058786 ], [ -99.147619582171828, 19.325641643545648 ], [ -99.147979605289237, 19.32563858588723 ], [ -99.14797997935041, 19.326054052814786 ], [ -99.14798023389875, 19.326336771605398 ], [ -99.147948917477095, 19.326445559687119 ], [ -99.147943498515744, 19.326584148778775 ] ] ] ] } },
{ "type": "Feature", "properties": { "id": 2008.0, "entidad": 9, "distrito_f": 8, "distrito_l": 26, "municipio": 3, "seccion": 372, "tipo": 2, "control": 35534.0, "SECCION_TX": "0372", "SECCION__1": null, "SECCION__2": null, "SECCION_N": "372", "ESTATUS": null, "ALCALDIA_N": "COYOACAN", "EN_OPERATI": null, "EN_OP": "NO", "SEC_N": "372", "EST": null, "ALC_N": "COYOACAN", "OP": "NO", "NOMBRE": "AMPLIACION CANDELARIA" }, "geometry": { "type": "MultiPolygon", "coordinates": [ [ [ [ -99.14782880121831, 19.331056127618282 ], [ -99.14754345301867, 19.330981822981233 ], [ -99.1472800543864, 19.330913233551556 ], [ -99.147101358975078, 19.330894266049754 ], [ -99.147099774576233, 19.330734216078092 ], [ -99.146869430588623, 19.330620666308612 ], [ -99.146603094620019, 19.33047861486051 ], [ -99.146480370683008, 19.330317743015286 ], [ -99.14623507196238, 19.330162787635665 ], [ -99.146055796145987, 19.330087894665684 ], [ -99.146145990447764, 19.329808331807598 ], [ -99.146377943547321, 19.329089374164319 ], [ -99.146613678868647, 19.328226005479994 ], [ -99.146730753591697, 19.32779722176458 ], [ -99.146816535243232, 19.327650349434315 ], [ -99.147101599037413, 19.327464168879864 ], [ -99.147166793307449, 19.327353198237116 ], [ -99.147169870055137, 19.327212317561365 ], [ -99.147206411514063, 19.326896154145796 ], [ -99.147097621987541, 19.326688251994845 ], [ -99.147134770801472, 19.326526927625686 ], [ -99.147564736333976, 19.326582974929561 ], [ -99.147546458306223, 19.326732780918199 ], [ -99.147853997402009, 19.326777801533773 ], [ -99.147917130994202, 19.32658340289078 ], [ -99.147943498515744, 19.326584148778775 ], [ -99.148275562880656, 19.32657915630887 ], [ -99.148377725389835, 19.32667349163717 ], [ -99.148299362677136, 19.326966114467076 ], [ -99.148217009101771, 19.327273638863602 ], [ -99.148098510623328, 19.327716133341436 ], [ -99.147960331751463, 19.328037223630851 ], [ -99.147951751725714, 19.328068331544003 ], [ -99.147823266152344, 19.328534169962268 ], [ -99.147784532705998, 19.328674601750794 ], [ -99.147593752606085, 19.329366289518987 ], [ -99.147552284961975, 19.329577966108992 ], [ -99.147762769360497, 19.32963985657754 ], [ -99.147855189338657, 19.330178935783373 ], [ -99.147912749573479, 19.330574527355203 ], [ -99.147892126382388, 19.330663957631121 ], [ -99.147892246636204, 19.330710415937389 ], [ -99.14782880121831, 19.331056127618282 ] ] ] ] } },
{ "type": "Feature", "properties": { "id": 2227.0, "entidad": 9, "distrito_f": 8, "distrito_l": 26, "municipio": 3, "seccion": 730, "tipo": 2, "control": 35435.0, "SECCION_TX": "0730", "SECCION__1": null, "SECCION__2": null, "SECCION_N": "730", "ESTATUS": null, "ALCALDIA_N": "COYOACAN", "EN_OPERATI": null, "EN_OP": "NO", "SEC_N": "730", "EST": null, "ALC_N": "COYOACAN", "OP": "NO", "NOMBRE": "OXTOPULCO UNIVERSIDAD" }, "geometry": { "type": "MultiPolygon", "coordinates": [ [ [ [ -99.181663132475649, 19.341497616035589 ], [ -99.181613497755379, 19.341486529526954 ], [ -99.180994819671952, 19.341348339110901 ], [ -99.180695129476518, 19.341281398266837 ], [ -99.180104402077987, 19.341149447762799 ], [ -99.179673607770212, 19.341053220093951 ], [ -99.179520600631719, 19.341019042209997 ], [ -99.17947512457431, 19.341008883993602 ], [ -99.179872984570409, 19.340462144960291 ], [ -99.179899990462985, 19.340466412698138 ], [ -99.179958215450924, 19.340475613971467 ], [ -99.181534101399393, 19.340724643174244 ], [ -99.181591878083069, 19.34073377305446 ], [ -99.18170877428939, 19.340752244951311 ], [ -99.181820977338219, 19.340769975162566 ], [ -99.181663132475649, 19.341497616035589 ] ] ] ] } },
{ "type": "Feature", "properties": { "id": 2233.0, "entidad": 9, "distrito_f": 8, "distrito_l": 26, "municipio": 3, "seccion": 736, "tipo": 2, "control": 35436.0, "SECCION_TX": "0736", "SECCION__1": null, "SECCION__2": null, "SECCION_N": "736", "ESTATUS": null, "ALCALDIA_N": "COYOACAN", "EN_OPERATI": null, "EN_OP": "NO", "SEC_N": "736", "EST": null, "ALC_N": "COYOACAN", "OP": "NO", "NOMBRE": "OXTOPULCO UNIVERSIDAD" }, "geometry": { "type": "MultiPolygon", "coordinates": [ [ [ [ -99.181820977338219, 19.340769975162566 ], [ -99.18170877428939, 19.340752244951311 ], [ -99.181591878083069, 19.34073377305446 ], [ -99.181534101399393, 19.340724643174244 ], [ -99.179958215450924, 19.340475613971467 ], [ -99.179899990462985, 19.340466412698138 ], [ -99.179872984570409, 19.340462144960291 ], [ -99.179892368422429, 19.34042715154683 ], [ -99.180543795016462, 19.339251129815427 ], [ -99.180573704115446, 19.339197134399424 ], [ -99.182039403310199, 19.339646111693884 ], [ -99.181820977338219, 19.340769975162566 ] ] ] ] } },
{ "type": "Feature", "properties": { "id": 2236.0, "entidad": 9, "distrito_f": 8, "distrito_l": 26, "municipio": 3, "seccion": 740, "tipo": 2, "control": 35479.0, "SECCION_TX": "0740", "SECCION__1": null, "SECCION__2": null, "SECCION_N": "740", "ESTATUS": null, "ALCALDIA_N": "COYOACAN", "EN_OPERATI": null, "EN_OP": "NO", "SEC_N": "740", "EST": null, "ALC_N": "COYOACAN", "OP": "NO", "NOMBRE": "INTEGRACION LATINOAMERICANA" }, "geometry": { "type": "MultiPolygon", "coordinates": [ [ [ [ -99.18290780622101, 19.33816774174776 ], [ -99.182873870402233, 19.338169520616344 ], [ -99.182837395130207, 19.338171432592549 ], [ -99.182791896213701, 19.338173817563543 ], [ -99.18272867090117, 19.338177131701372 ], [ -99.182464888529381, 19.338190958379968 ], [ -99.18208196552375, 19.33808217522915 ], [ -99.181716741885694, 19.338361972169693 ], [ -99.181137533895225, 19.338038383177938 ], [ -99.181035844864297, 19.338096658453889 ], [ -99.180758582608647, 19.338003685769955 ], [ -99.18058979744491, 19.337654173653906 ], [ -99.180909809326323, 19.336895825834258 ], [ -99.18105287955359, 19.336556962863234 ], [ -99.181063645864214, 19.336531462709988 ], [ -99.180732260726401, 19.336393289812019 ], [ -99.180409984541441, 19.336258914137897 ], [ -99.180085902800002, 19.336141350999725 ], [ -99.180102260593387, 19.336108020243255 ], [ -99.180132225102525, 19.336046964306817 ], [ -99.181053778778875, 19.336385662935189 ], [ -99.181096247554123, 19.336401271337746 ], [ -99.183773598555035, 19.337385242827388 ], [ -99.183879191806426, 19.337444174928248 ], [ -99.184077407658265, 19.337499382270376 ], [ -99.184129619831012, 19.337518603420218 ], [ -99.184070683632768, 19.337540782448603 ], [ -99.183419625674844, 19.337759798889799 ], [ -99.18290780622101, 19.33816774174776 ] ] ] ] } },
{ "type": "Feature", "properties": { "id": 2101.0, "entidad": 9, "distrito_f": 8, "distrito_l": 26, "municipio": 3, "seccion": 463, "tipo": 2, "control": 35662.0, "SECCION_TX": "0463", "SECCION__1": null, "SECCION__2": null, "SECCION_N": "463", "ESTATUS": null, "ALCALDIA_N": "COYOACAN", "EN_OPERATI": null, "EN_OP": "NO", "SEC_N": "463", "EST": null, "ALC_N": "COYOACAN", "OP": "NO", "NOMBRE": "INSURGENTES CUICUILCO" }, "geometry": { "type": "MultiPolygon", "coordinates": [ [ [ [ -99.180339783727163, 19.305373676695019 ], [ -99.17994256473969, 19.30543294498603 ], [ -99.179862769998365, 19.30533316592312 ], [ -99.179777896619711, 19.305227036122062 ], [ -99.179475435825523, 19.305400038755081 ], [ -99.178541228153904, 19.305801119809725 ], [ -99.178399590796417, 19.305859178664445 ], [ -99.178394077365027, 19.305817537169144 ], [ -99.178255938092775, 19.304774200392995 ], [ -99.178389496487199, 19.304771203009413 ], [ -99.178378736512357, 19.304121801329373 ], [ -99.179287936913127, 19.303707854978693 ], [ -99.179287527350454, 19.303638283190143 ], [ -99.179282824914225, 19.303607049464443 ], [ -99.179272526844827, 19.303538649328054 ], [ -99.179262228784225, 19.303470249190596 ], [ -99.179257667631177, 19.303428614619964 ], [ -99.179337307980433, 19.303427368811462 ], [ -99.180104806851048, 19.303415510757002 ], [ -99.180276929318651, 19.303412667755438 ], [ -99.18027889877412, 19.303474114059338 ], [ -99.180280767049581, 19.303532403533495 ], [ -99.180283000817056, 19.303602096155597 ], [ -99.18028380752763, 19.303627265175709 ], [ -99.180285051396709, 19.30366607333336 ], [ -99.180290695297444, 19.303842160244749 ], [ -99.1802925195434, 19.303899075723471 ], [ -99.180333890256335, 19.305189807246343 ], [ -99.180339783727163, 19.305373676695019 ] ] ] ] } },
{ "type": "Feature", "properties": { "id": 4715.0, "entidad": 9, "distrito_f": 19, "distrito_l": 30, "municipio": 3, "seccion": 523, "tipo": 2, "control": 37487.0, "SECCION_TX": "0523", "SECCION__1": null, "SECCION__2": null, "SECCION_N": "523", "ESTATUS": null, "ALCALDIA_N": "COYOACAN", "EN_OPERATI": null, "EN_OP": "NO", "SEC_N": "523", "EST": null, "ALC_N": "COYOACAN", "OP": "NO", "NOMBRE": "EL PRADO" }, "geometry": { "type": "MultiPolygon", "coordinates": [ [ [ [ -99.131002350715988, 19.358624846616596 ], [ -99.130871871308372, 19.358611166360085 ], [ -99.130317661262112, 19.358550611512591 ], [ -99.130398825637911, 19.355837700600663 ], [ -99.130473772240066, 19.353674678345609 ], [ -99.130481437759926, 19.353571724736163 ], [ -99.130487366549801, 19.353166129847537 ], [ -99.13049957906982, 19.35298017014857 ], [ -99.130504443727787, 19.352796212179928 ], [ -99.130515971395283, 19.352360289776126 ], [ -99.13058338775501, 19.352348251801235 ], [ -99.130684346829099, 19.35233022433475 ], [ -99.130711262566223, 19.352325418193541 ], [ -99.131077414721204, 19.352677726529937 ], [ -99.131481998102544, 19.353066720801731 ], [ -99.131932714653033, 19.353509495696869 ], [ -99.13206645721651, 19.35364591890664 ], [ -99.132298889169874, 19.353883008788902 ], [ -99.132639901059832, 19.354222077584616 ], [ -99.132975324177423, 19.354555847977533 ], [ -99.133310729277326, 19.354865759537628 ], [ -99.133499110405282, 19.355047416554665 ], [ -99.133661313458688, 19.355208667351214 ], [ -99.13397323194917, 19.355533379421452 ], [ -99.134173430901086, 19.355723686006659 ], [ -99.134460548580435, 19.355914570111285 ], [ -99.134397186787851, 19.356236291651861 ], [ -99.134211203226158, 19.356229103397194 ], [ -99.133695374144125, 19.356290498195637 ], [ -99.133505715482016, 19.356348255374456 ], [ -99.133140969271778, 19.356459331688637 ], [ -99.132964426177693, 19.356545481040129 ], [ -99.132579254404831, 19.356733435931705 ], [ -99.132480376273534, 19.356795210876811 ], [ -99.132061940712404, 19.357056630906573 ], [ -99.131666709411348, 19.357485003303093 ], [ -99.131466685597218, 19.357800987451991 ], [ -99.131190889304335, 19.358286875581481 ], [ -99.131096594701617, 19.358455855918429 ], [ -99.131002350715988, 19.358624846616596 ] ] ] ] } },
{ "type": "Feature", "properties": { "id": 4709.0, "entidad": 9, "distrito_f": 19, "distrito_l": 30, "municipio": 3, "seccion": 517, "tipo": 2, "control": 35752.0, "SECCION_TX": "0517", "SECCION__1": null, "SECCION__2": null, "SECCION_N": "517", "ESTATUS": null, "ALCALDIA_N": "COYOACAN", "EN_OPERATI": null, "EN_OP": "NO", "SEC_N": "517", "EST": null, "ALC_N": "COYOACAN", "OP": "NO", "NOMBRE": "CACAMA" }, "geometry": { "type": "MultiPolygon", "coordinates": [ [ [ [ -99.124589075525222, 19.357878380686696 ], [ -99.123787884044305, 19.35779349202976 ], [ -99.123868773608493, 19.357291116936629 ], [ -99.12390847672836, 19.356724507753697 ], [ -99.123613650489034, 19.356610503681544 ], [ -99.123268928692596, 19.356492354509999 ], [ -99.123169445219133, 19.355370099301215 ], [ -99.122973562021215, 19.35538655408287 ], [ -99.123048956259652, 19.356111598633387 ], [ -99.123066588232632, 19.356541544041303 ], [ -99.123032104334555, 19.356573209477407 ], [ -99.123036772517082, 19.356823427240869 ], [ -99.123008528108272, 19.356878995904687 ], [ -99.122966822118244, 19.35770885915014 ], [ -99.122399309392449, 19.357653462806599 ], [ -99.122418250133393, 19.357539589894298 ], [ -99.122478099103347, 19.357146252423437 ], [ -99.122550288381206, 19.356778178496818 ], [ -99.122550400790672, 19.35673923075365 ], [ -99.122552005950851, 19.356183073378006 ], [ -99.122825609205975, 19.356188375010667 ], [ -99.12279249726852, 19.355892883714169 ], [ -99.122753533102056, 19.35579892271836 ], [ -99.122696966180257, 19.355356670450092 ], [ -99.122713734585091, 19.354694873811578 ], [ -99.122747367229266, 19.353367483943259 ], [ -99.123229775054668, 19.353387621457372 ], [ -99.123740524457631, 19.35340679188802 ], [ -99.124226019262423, 19.353427121054558 ], [ -99.124175273776586, 19.355240668286477 ], [ -99.124166300838482, 19.355686074881486 ], [ -99.124654838334152, 19.355709854945378 ], [ -99.124589075525222, 19.357878380686696 ] ] ] ] } },
{ "type": "Feature", "properties": { "id": 4712.0, "entidad": 9, "distrito_f": 19, "distrito_l": 30, "municipio": 3, "seccion": 520, "tipo": 2, "control": 35791.0, "SECCION_TX": "0520", "SECCION__1": null, "SECCION__2": null, "SECCION_N": "520", "ESTATUS": "COMPLETA", "ALCALDIA_N": "COYOACAN", "EN_OPERATI": null, "EN_OP": "SI", "SEC_N": "520", "EST": "COMPLETA", "ALC_N": "COYOACAN", "OP": "SI", "NOMBRE": "CACAMA" }, "geometry": { "type": "MultiPolygon", "coordinates": [ [ [ [ -99.127550937539965, 19.358227444472885 ], [ -99.127111355236707, 19.358174904680958 ], [ -99.126735887764823, 19.35813407387548 ], [ -99.126576325017609, 19.358116228310688 ], [ -99.1263006942701, 19.358087354726994 ], [ -99.1260760939156, 19.358063826494575 ], [ -99.126150415588697, 19.355690119995412 ], [ -99.126151392940997, 19.355614872817572 ], [ -99.126159882847276, 19.355438855955359 ], [ -99.126162743218785, 19.355379553263305 ], [ -99.126162709558628, 19.355335774366342 ], [ -99.126218930138862, 19.353469658748136 ], [ -99.126725795975872, 19.353478620369685 ], [ -99.127199782967907, 19.353483586010796 ], [ -99.127704035170964, 19.353500514168807 ], [ -99.127630188769857, 19.355509867679899 ], [ -99.127627499638876, 19.355758862154428 ], [ -99.127550937539965, 19.358227444472885 ] ] ] ] } },
{ "type": "Feature", "properties": { "id": 4713.0, "entidad": 9, "distrito_f": 19, "distrito_l": 30, "municipio": 3, "seccion": 521, "tipo": 2, "control": 35847.0, "SECCION_TX": "0521", "SECCION__1": null, "SECCION__2": null, "SECCION_N": "521", "ESTATUS": null, "ALCALDIA_N": "COYOACAN", "EN_OPERATI": null, "EN_OP": "NO", "SEC_N": "521", "EST": null, "ALC_N": "COYOACAN", "OP": "NO", "NOMBRE": "CACAMA" }, "geometry": { "type": "MultiPolygon", "coordinates": [ [ [ [ -99.128888269327575, 19.35838458626603 ], [ -99.128713320890469, 19.358363884261664 ], [ -99.128405768161002, 19.358327434607592 ], [ -99.128302153797762, 19.358315161443997 ], [ -99.127886880366674, 19.358267821834197 ], [ -99.127616409914921, 19.35823393326767 ], [ -99.127550937539965, 19.358227444472885 ], [ -99.127627499638876, 19.355758862154428 ], [ -99.127630188769857, 19.355509867679899 ], [ -99.127704035170964, 19.353500514168807 ], [ -99.127797681048307, 19.351308595512396 ], [ -99.127814089391009, 19.351041626447781 ], [ -99.127823738167095, 19.350849349984436 ], [ -99.127949212086378, 19.350854111817284 ], [ -99.128088966590937, 19.35079111692783 ], [ -99.128128572404279, 19.350791331608161 ], [ -99.128391503696577, 19.350764577114088 ], [ -99.128905826858883, 19.35086393434284 ], [ -99.129282005627871, 19.351081478168712 ], [ -99.129642160926053, 19.351397151195673 ], [ -99.129604878818654, 19.351819937625464 ], [ -99.129570442774749, 19.352251145037808 ], [ -99.129565477527905, 19.352391348619115 ], [ -99.129524559303775, 19.35354674735985 ], [ -99.129047723069817, 19.353532177676144 ], [ -99.128993784689285, 19.35553442119766 ], [ -99.128993014354961, 19.355563016418355 ], [ -99.128982994242875, 19.355836544167488 ], [ -99.128982369225938, 19.355854710111849 ], [ -99.128925181313832, 19.35739168517491 ], [ -99.128888269327575, 19.35838458626603 ] ] ] ] } },
{ "type": "Feature", "properties": { "id": 4714.0, "entidad": 9, "distrito_f": 19, "distrito_l": 30, "municipio": 3, "seccion": 522, "tipo": 2, "control": 35843.0, "SECCION_TX": "0522", "SECCION__1": null, "SECCION__2": null, "SECCION_N": "522", "ESTATUS": null, "ALCALDIA_N": "COYOACAN", "EN_OPERATI": null, "EN_OP": "NO", "SEC_N": "522", "EST": null, "ALC_N": "COYOACAN", "OP": "NO", "NOMBRE": "CACAMA" }, "geometry": { "type": "MultiPolygon", "coordinates": [ [ [ [ -99.130317661262112, 19.358550611512591 ], [ -99.130256191402722, 19.358543895002921 ], [ -99.13010611853278, 19.358577476385129 ], [ -99.129980453431997, 19.358513706881254 ], [ -99.129838641463834, 19.35849694191338 ], [ -99.129543871912034, 19.358462093981519 ], [ -99.129370307498206, 19.358441574804033 ], [ -99.129129229455543, 19.358413010688487 ], [ -99.128888269327575, 19.35838458626603 ], [ -99.128925181313832, 19.35739168517491 ], [ -99.128982369225938, 19.355854710111849 ], [ -99.128982994242875, 19.355836544167488 ], [ -99.128993014354961, 19.355563016418355 ], [ -99.128993784689285, 19.35553442119766 ], [ -99.129047723069817, 19.353532177676144 ], [ -99.129524559303775, 19.35354674735985 ], [ -99.129565477527905, 19.352391348619115 ], [ -99.129570442774749, 19.352251145037808 ], [ -99.129604878818654, 19.351819937625464 ], [ -99.129642160926053, 19.351397151195673 ], [ -99.129824270631971, 19.351550828176393 ], [ -99.129935802762745, 19.351558635625928 ], [ -99.130078594144422, 19.351506034997193 ], [ -99.130051991126649, 19.352239150575816 ], [ -99.130039300403112, 19.352588874456867 ], [ -99.130188945330602, 19.352716092105712 ], [ -99.130387028463389, 19.352884488031126 ], [ -99.13049957906982, 19.35298017014857 ], [ -99.130487366549801, 19.353166129847537 ], [ -99.130481437759926, 19.353571724736163 ], [ -99.130473772240066, 19.353674678345609 ], [ -99.130398825637911, 19.355837700600663 ], [ -99.130317661262112, 19.358550611512591 ] ] ] ] } },
{ "type": "Feature", "properties": { "id": 4716.0, "entidad": 9, "distrito_f": 19, "distrito_l": 30, "municipio": 3, "seccion": 527, "tipo": 2, "control": 35751.0, "SECCION_TX": "0527", "SECCION__1": null, "SECCION__2": null, "SECCION_N": "527", "ESTATUS": "COMPLETA", "ALCALDIA_N": "COYOACAN", "EN_OPERATI": null, "EN_OP": "SI", "SEC_N": "527", "EST": "COMPLETA", "ALC_N": "COYOACAN", "OP": "SI", "NOMBRE": "CAMPESTRE CHURUBUSCO" }, "geometry": { "type": "MultiPolygon", "coordinates": [ [ [ [ -99.134840916197632, 19.354440487273582 ], [ -99.134597769463582, 19.354244499604061 ], [ -99.134273526278292, 19.353923978522186 ], [ -99.133915994541596, 19.353589384611258 ], [ -99.13360828618238, 19.353282946861956 ], [ -99.13328021401162, 19.352929408167199 ], [ -99.132898298173671, 19.352559767053659 ], [ -99.133411727919665, 19.351986794583958 ], [ -99.133791110529927, 19.351432475535564 ], [ -99.134064252877891, 19.350745688226791 ], [ -99.134420376102042, 19.349741387926155 ], [ -99.134598831132834, 19.348727948880608 ], [ -99.135140377185806, 19.348732873937202 ], [ -99.135621447169981, 19.348727769414964 ], [ -99.136107331172894, 19.348717158205393 ], [ -99.136323304657282, 19.348742618955939 ], [ -99.135975957445197, 19.350077756602246 ], [ -99.135846722024823, 19.350574507673606 ], [ -99.135645645590117, 19.351347392858884 ], [ -99.13554706290877, 19.35172631615529 ], [ -99.135240061585804, 19.352906328894228 ], [ -99.135198920013664, 19.353064462327275 ], [ -99.135010994108342, 19.353786778065093 ], [ -99.134840916197632, 19.354440487273582 ] ] ] ] } },
{ "type": "Feature", "properties": { "id": 4717.0, "entidad": 9, "distrito_f": 19, "distrito_l": 30, "municipio": 3, "seccion": 528, "tipo": 2, "control": 35749.0, "SECCION_TX": "0528", "SECCION__1": null, "SECCION__2": null, "SECCION_N": "528", "ESTATUS": null, "ALCALDIA_N": "COYOACAN", "EN_OPERATI": null, "EN_OP": "NO", "SEC_N": "528", "EST": null, "ALC_N": "COYOACAN", "OP": "NO", "NOMBRE": "CAMPESTRE CHURUBUSCO" }, "geometry": { "type": "MultiPolygon", "coordinates": [ [ [ [ -99.134460548580435, 19.355914570111285 ], [ -99.134173430901086, 19.355723686006659 ], [ -99.13397323194917, 19.355533379421452 ], [ -99.133661313458688, 19.355208667351214 ], [ -99.133499110405282, 19.355047416554665 ], [ -99.133310729277326, 19.354865759537628 ], [ -99.132975324177423, 19.354555847977533 ], [ -99.132639901059832, 19.354222077584616 ], [ -99.132298889169874, 19.353883008788902 ], [ -99.13206645721651, 19.35364591890664 ], [ -99.131932714653033, 19.353509495696869 ], [ -99.131481998102544, 19.353066720801731 ], [ -99.131077414721204, 19.352677726529937 ], [ -99.130711262566223, 19.352325418193541 ], [ -99.130923440874582, 19.35222188021654 ], [ -99.131713084707428, 19.351430279817112 ], [ -99.131953182419849, 19.351176677460078 ], [ -99.132165268799397, 19.350961799741881 ], [ -99.132213216965468, 19.350899583893561 ], [ -99.132371726108772, 19.350693907596547 ], [ -99.132630671152967, 19.350201645969417 ], [ -99.132868505175281, 19.349509930065455 ], [ -99.132973701150632, 19.349105571970718 ], [ -99.133010177864932, 19.348733873783143 ], [ -99.133453780393694, 19.348747347587562 ], [ -99.134029989502906, 19.34874174044516 ], [ -99.134598831132834, 19.348727948880608 ], [ -99.134420376102042, 19.349741387926155 ], [ -99.134064252877891, 19.350745688226791 ], [ -99.133791110529927, 19.351432475535564 ], [ -99.133411727919665, 19.351986794583958 ], [ -99.132898298173671, 19.352559767053659 ], [ -99.13328021401162, 19.352929408167199 ], [ -99.13360828618238, 19.353282946861956 ], [ -99.133915994541596, 19.353589384611258 ], [ -99.134273526278292, 19.353923978522186 ], [ -99.134597769463582, 19.354244499604061 ], [ -99.134840916197632, 19.354440487273582 ], [ -99.134741521730803, 19.354825684824331 ], [ -99.134460548580435, 19.355914570111285 ] ] ] ] } },
{ "type": "Feature", "properties": { "id": 4718.0, "entidad": 9, "distrito_f": 19, "distrito_l": 30, "municipio": 3, "seccion": 529, "tipo": 2, "control": 35849.0, "SECCION_TX": "0529", "SECCION__1": null, "SECCION__2": null, "SECCION_N": "529", "ESTATUS": null, "ALCALDIA_N": "COYOACAN", "EN_OPERATI": null, "EN_OP": "NO", "SEC_N": "529", "EST": null, "ALC_N": "COYOACAN", "OP": "NO", "NOMBRE": "CAMPESTRE CHURUBUSCO" }, "geometry": { "type": "MultiPolygon", "coordinates": [ [ [ [ -99.13049957906982, 19.35298017014857 ], [ -99.130387028463389, 19.352884488031126 ], [ -99.130188945330602, 19.352716092105712 ], [ -99.130039300403112, 19.352588874456867 ], [ -99.130051991126649, 19.352239150575816 ], [ -99.130078594144422, 19.351506034997193 ], [ -99.130089538821466, 19.351361695008677 ], [ -99.130107989363452, 19.350222769693353 ], [ -99.130141834820108, 19.349981522120036 ], [ -99.130151236980595, 19.349546615359269 ], [ -99.130154287363823, 19.3490162696155 ], [ -99.13015838362908, 19.348872619313966 ], [ -99.130178009551685, 19.348184362495925 ], [ -99.130413112422914, 19.348120276142755 ], [ -99.13067359337586, 19.34801475172161 ], [ -99.131063970752024, 19.347779842486627 ], [ -99.131157485387391, 19.347910523585501 ], [ -99.131275935061041, 19.348061978202882 ], [ -99.13243558541815, 19.347348011609508 ], [ -99.132513299905455, 19.347458476697803 ], [ -99.132742306767298, 19.347816189429444 ], [ -99.132888973975895, 19.348165842516732 ], [ -99.132903413480804, 19.348200266056683 ], [ -99.133010177864932, 19.348733873783143 ], [ -99.132973701150632, 19.349105571970718 ], [ -99.132868505175281, 19.349509930065455 ], [ -99.132630671152967, 19.350201645969417 ], [ -99.132371726108772, 19.350693907596547 ], [ -99.132213216965468, 19.350899583893561 ], [ -99.132165268799397, 19.350961799741881 ], [ -99.131953182419849, 19.351176677460078 ], [ -99.131713084707428, 19.351430279817112 ], [ -99.130923440874582, 19.35222188021654 ], [ -99.130711262566223, 19.352325418193541 ], [ -99.130684346829099, 19.35233022433475 ], [ -99.13058338775501, 19.352348251801235 ], [ -99.130515971395283, 19.352360289776126 ], [ -99.130504443727787, 19.352796212179928 ], [ -99.13049957906982, 19.35298017014857 ] ] ] ] } },
{ "type": "Feature", "properties": { "id": 4723.0, "entidad": 9, "distrito_f": 19, "distrito_l": 30, "municipio": 3, "seccion": 534, "tipo": 2, "control": 35850.0, "SECCION_TX": "0534", "SECCION__1": null, "SECCION__2": null, "SECCION_N": "534", "ESTATUS": null, "ALCALDIA_N": "COYOACAN", "EN_OPERATI": null, "EN_OP": "NO", "SEC_N": "534", "EST": null, "ALC_N": "COYOACAN", "OP": "NO", "NOMBRE": "CAMPESTRE CHURUBUSCO" }, "geometry": { "type": "MultiPolygon", "coordinates": [ [ [ [ -99.133453780393694, 19.348747347587562 ], [ -99.133010177864932, 19.348733873783143 ], [ -99.132903413480804, 19.348200266056683 ], [ -99.132888973975895, 19.348165842516732 ], [ -99.132742306767298, 19.347816189429444 ], [ -99.132513299905455, 19.347458476697803 ], [ -99.13243558541815, 19.347348011609508 ], [ -99.131275935061041, 19.348061978202882 ], [ -99.131157485387391, 19.347910523585501 ], [ -99.131063970752024, 19.347779842486627 ], [ -99.131426088568588, 19.347543298738671 ], [ -99.13183832740728, 19.3472990708186 ], [ -99.13223644254488, 19.347064525091305 ], [ -99.132649359099858, 19.346828063159773 ], [ -99.133118563764867, 19.346538088582687 ], [ -99.133625307288312, 19.346230261739677 ], [ -99.134094508511311, 19.345940284650961 ], [ -99.134501617546974, 19.345686474204669 ], [ -99.134908725320415, 19.345432662849326 ], [ -99.134778864045927, 19.345154564375143 ], [ -99.134733528563089, 19.344855003738299 ], [ -99.134733344175189, 19.344630308246323 ], [ -99.134755708892001, 19.344410945971887 ], [ -99.134862602925196, 19.344175471464442 ], [ -99.135048332514742, 19.343854340143075 ], [ -99.135493765648974, 19.344068005354952 ], [ -99.135886152989485, 19.344299780750131 ], [ -99.135927963022453, 19.344324477015807 ], [ -99.136159312381608, 19.344645298053525 ], [ -99.136383522078589, 19.344517727091937 ], [ -99.137213618572702, 19.344045414184322 ], [ -99.137203598702428, 19.344301281221796 ], [ -99.137193578803647, 19.344557148251727 ], [ -99.137191446350187, 19.344611602253007 ], [ -99.137186378280163, 19.344741019571181 ], [ -99.137166896368342, 19.34523850438876 ], [ -99.137163129971668, 19.345334681752227 ], [ -99.13681153495429, 19.346846477509807 ], [ -99.136635545808517, 19.347485567188158 ], [ -99.136584041932522, 19.347692918017408 ], [ -99.136323304657282, 19.348742618955939 ], [ -99.136107331172894, 19.348717158205393 ], [ -99.135621447169981, 19.348727769414964 ], [ -99.135140377185806, 19.348732873937202 ], [ -99.134598831132834, 19.348727948880608 ], [ -99.134029989502906, 19.34874174044516 ], [ -99.133453780393694, 19.348747347587562 ] ] ] ] } },
{ "type": "Feature", "properties": { "id": 4737.0, "entidad": 9, "distrito_f": 19, "distrito_l": 30, "municipio": 3, "seccion": 548, "tipo": 2, "control": 35985.0, "SECCION_TX": "0548", "SECCION__1": null, "SECCION__2": null, "SECCION_N": "548", "ESTATUS": null, "ALCALDIA_N": "COYOACAN", "EN_OPERATI": null, "EN_OP": "NO", "SEC_N": "548", "EST": null, "ALC_N": "COYOACAN", "OP": "NO", "NOMBRE": "CAMPESTRE CHURUBUSCO" }, "geometry": { "type": "MultiPolygon", "coordinates": [ [ [ [ -99.132030811109303, 19.344880679021763 ], [ -99.132014082687505, 19.344770660335254 ], [ -99.132061618873621, 19.344287561621645 ], [ -99.132161694033798, 19.343867244798432 ], [ -99.132252760631019, 19.343596402773915 ], [ -99.13246885999871, 19.343090756643299 ], [ -99.132758603469796, 19.342623407681998 ], [ -99.133235769780995, 19.342878671986099 ], [ -99.133766876984851, 19.342113611554939 ], [ -99.133810539262655, 19.342035638084294 ], [ -99.13406539609467, 19.341580505039786 ], [ -99.134272467207367, 19.340848174255143 ], [ -99.134386565651525, 19.340841591537679 ], [ -99.134856667120403, 19.340932465490894 ], [ -99.134878207410139, 19.340935589441727 ], [ -99.135361878602296, 19.341005734732896 ], [ -99.135398813032907, 19.341010664607406 ], [ -99.135873982725968, 19.341074087849435 ], [ -99.136374024239089, 19.341148994661875 ], [ -99.136849893802577, 19.341181368528179 ], [ -99.136616155944353, 19.342065268854789 ], [ -99.136351164637489, 19.342687347791198 ], [ -99.135930328662667, 19.342494551907713 ], [ -99.135447418747603, 19.342291982021052 ], [ -99.135036923911173, 19.342092630258502 ], [ -99.13476496576186, 19.342636158754352 ], [ -99.134736656181971, 19.342672366744633 ], [ -99.134186278689313, 19.343376296233902 ], [ -99.134092910428237, 19.343550755197967 ], [ -99.133893629140559, 19.343923111668495 ], [ -99.133760606636372, 19.344537641425823 ], [ -99.13321386787247, 19.34447135390139 ], [ -99.133207607633409, 19.344873570589662 ], [ -99.132597241514205, 19.344861511737413 ], [ -99.132030811109303, 19.344880679021763 ] ] ] ] } },
{ "type": "Feature", "properties": { "id": 4738.0, "entidad": 9, "distrito_f": 19, "distrito_l": 30, "municipio": 3, "seccion": 549, "tipo": 2, "control": 35986.0, "SECCION_TX": "0549", "SECCION__1": null, "SECCION__2": null, "SECCION_N": "549", "ESTATUS": null, "ALCALDIA_N": "COYOACAN", "EN_OPERATI": null, "EN_OP": "NO", "SEC_N": "549", "EST": null, "ALC_N": "COYOACAN", "OP": "NO", "NOMBRE": "CAMPESTRE CHURUBUSCO" }, "geometry": { "type": "MultiPolygon", "coordinates": [ [ [ [ -99.134094508511311, 19.345940284650961 ], [ -99.13399652913975, 19.34576494434851 ], [ -99.133877762812986, 19.345510783606304 ], [ -99.133738985843152, 19.344948205398858 ], [ -99.133760606636372, 19.344537641425823 ], [ -99.133893629140559, 19.343923111668495 ], [ -99.134092910428237, 19.343550755197967 ], [ -99.134186278689313, 19.343376296233902 ], [ -99.134736656181971, 19.342672366744633 ], [ -99.13476496576186, 19.342636158754352 ], [ -99.135036923911173, 19.342092630258502 ], [ -99.135447418747603, 19.342291982021052 ], [ -99.135930328662667, 19.342494551907713 ], [ -99.136351164637489, 19.342687347791198 ], [ -99.136616155944353, 19.342065268854789 ], [ -99.136849893802577, 19.341181368528179 ], [ -99.137331230554523, 19.341243593623865 ], [ -99.137432211890584, 19.341256647878804 ], [ -99.13742102759241, 19.341399336963406 ], [ -99.137286496198982, 19.343115667368021 ], [ -99.137213618572702, 19.344045414184322 ], [ -99.136383522078589, 19.344517727091937 ], [ -99.136159312381608, 19.344645298053525 ], [ -99.135927963022453, 19.344324477015807 ], [ -99.135886152989485, 19.344299780750131 ], [ -99.135493765648974, 19.344068005354952 ], [ -99.135048332514742, 19.343854340143075 ], [ -99.134862602925196, 19.344175471464442 ], [ -99.134755708892001, 19.344410945971887 ], [ -99.134733344175189, 19.344630308246323 ], [ -99.134733528563089, 19.344855003738299 ], [ -99.134778864045927, 19.345154564375143 ], [ -99.134908725320415, 19.345432662849326 ], [ -99.134501617546974, 19.345686474204669 ], [ -99.134094508511311, 19.345940284650961 ] ] ] ] } },
{ "type": "Feature", "properties": { "id": 4710.0, "entidad": 9, "distrito_f": 19, "distrito_l": 30, "municipio": 3, "seccion": 518, "tipo": 2, "control": 35792.0, "SECCION_TX": "0518", "SECCION__1": null, "SECCION__2": null, "SECCION_N": "518", "ESTATUS": null, "ALCALDIA_N": "COYOACAN", "EN_OPERATI": null, "EN_OP": "NO", "SEC_N": "518", "EST": null, "ALC_N": "COYOACAN", "OP": "NO", "NOMBRE": "PRADO CHURUBUSCO" }, "geometry": { "type": "MultiPolygon", "coordinates": [ [ [ [ -99.123787884044305, 19.35779349202976 ], [ -99.122966822118244, 19.35770885915014 ], [ -99.123008528108272, 19.356878995904687 ], [ -99.123036772517082, 19.356823427240869 ], [ -99.123032104334555, 19.356573209477407 ], [ -99.123066588232632, 19.356541544041303 ], [ -99.123048956259652, 19.356111598633387 ], [ -99.122973562021215, 19.35538655408287 ], [ -99.123169445219133, 19.355370099301215 ], [ -99.123268928692596, 19.356492354509999 ], [ -99.123613650489034, 19.356610503681544 ], [ -99.12390847672836, 19.356724507753697 ], [ -99.123868773608493, 19.357291116936629 ], [ -99.123787884044305, 19.35779349202976 ] ] ] ] } },
{ "type": "Feature", "properties": { "id": 4769.0, "entidad": 9, "distrito_f": 19, "distrito_l": 30, "municipio": 3, "seccion": 590, "tipo": 2, "control": 36556.0, "SECCION_TX": "0590", "SECCION__1": null, "SECCION__2": null, "SECCION_N": "590", "ESTATUS": null, "ALCALDIA_N": "COYOACAN", "EN_OPERATI": null, "EN_OP": "NO", "SEC_N": "590", "EST": null, "ALC_N": "COYOACAN", "OP": "NO", "NOMBRE": "SAN FRANCISCO CULHUACAN(EJIDOS DE CULHUACAN)" }, "geometry": { "type": "MultiPolygon", "coordinates": [ [ [ [ -99.128416808787819, 19.329475909989842 ], [ -99.127858629052568, 19.329426279211788 ], [ -99.127300449643698, 19.329376646722878 ], [ -99.12674089257051, 19.329329706300651 ], [ -99.126170260234758, 19.329288030733473 ], [ -99.125621103247752, 19.329241867160111 ], [ -99.125625256099767, 19.329202492057188 ], [ -99.125673647566984, 19.328743668897676 ], [ -99.125706850517062, 19.32827121960544 ], [ -99.125748552523575, 19.327826513485441 ], [ -99.125781813517875, 19.327379900849976 ], [ -99.125813779685316, 19.327120337189182 ], [ -99.126012347181771, 19.325017536839127 ], [ -99.126015198104398, 19.324987294568466 ], [ -99.126210588154521, 19.322820297279883 ], [ -99.126215109092342, 19.32277015660414 ], [ -99.126954748148037, 19.323288006591337 ], [ -99.12740887566774, 19.323599711951879 ], [ -99.127921316865539, 19.323949241250624 ], [ -99.12788298719245, 19.32400199043402 ], [ -99.127602438356988, 19.324388079637863 ], [ -99.127415276569835, 19.326336038288485 ], [ -99.127402439170552, 19.326469646825803 ], [ -99.12789811350504, 19.326517148784777 ], [ -99.127982542101549, 19.32705937705763 ], [ -99.128512303411966, 19.327091274890758 ], [ -99.128475807140759, 19.328142276600346 ], [ -99.12847494044361, 19.328167235168973 ], [ -99.128416808787819, 19.329475909989842 ] ] ] ] } },
{ "type": "Feature", "properties": { "id": 4734.0, "entidad": 9, "distrito_f": 19, "distrito_l": 30, "municipio": 3, "seccion": 570, "tipo": 2, "control": 36539.0, "SECCION_TX": "0570", "SECCION__1": null, "SECCION__2": null, "SECCION_N": "570", "ESTATUS": null, "ALCALDIA_N": "COYOACAN", "EN_OPERATI": null, "EN_OP": "NO", "SEC_N": "570", "EST": null, "ALC_N": "COYOACAN", "OP": "NO", "NOMBRE": "SAN FRANCISCO CULHUACAN(EJIDOS DE CULHUACAN)" }, "geometry": { "type": "MultiPolygon", "coordinates": [ [ [ [ -99.125723151711028, 19.334799251230628 ], [ -99.125334169861603, 19.334740446546061 ], [ -99.124950281371454, 19.334675571651786 ], [ -99.124536149956427, 19.33461069853853 ], [ -99.124126872195404, 19.334549536297786 ], [ -99.123755577121017, 19.33449639190248 ], [ -99.123319972552977, 19.334393584813331 ], [ -99.123375746798473, 19.334087066005264 ], [ -99.12357211790156, 19.333007859161011 ], [ -99.12400729809805, 19.333075154761556 ], [ -99.12439489715085, 19.333138772367555 ], [ -99.124778312880835, 19.333201172238365 ], [ -99.125192520254942, 19.333276675792941 ], [ -99.125586141935671, 19.3333456825886 ], [ -99.125732238045245, 19.332414755087754 ], [ -99.126140199527939, 19.332484659262093 ], [ -99.12667414036288, 19.332566611471332 ], [ -99.127219899376641, 19.332666150739236 ], [ -99.127707463293447, 19.332731546236761 ], [ -99.12831723627184, 19.332778457476469 ], [ -99.12826594452973, 19.334558379706426 ], [ -99.127667454991652, 19.334528194965788 ], [ -99.127672312709194, 19.33429674252643 ], [ -99.127677170415112, 19.334065290081156 ], [ -99.126985929298399, 19.333954830335678 ], [ -99.126495496234185, 19.33388762770436 ], [ -99.126472042444533, 19.333884413864613 ], [ -99.126371703027289, 19.334420068028578 ], [ -99.125819505887378, 19.334319071445542 ], [ -99.125723151711028, 19.334799251230628 ] ] ] ] } },
{ "type": "Feature", "properties": { "id": 4678.0, "entidad": 9, "distrito_f": 19, "distrito_l": 30, "municipio": 3, "seccion": 571, "tipo": 2, "control": 37324.0, "SECCION_TX": "0571", "SECCION__1": null, "SECCION__2": null, "SECCION_N": "571", "ESTATUS": null, "ALCALDIA_N": "COYOACAN", "EN_OPERATI": null, "EN_OP": "NO", "SEC_N": "571", "EST": null, "ALC_N": "COYOACAN", "OP": "NO", "NOMBRE": "SAN FRANCISCO CULHUACAN(EJIDOS DE CULHUACAN)" }, "geometry": { "type": "MultiPolygon", "coordinates": [ [ [ [ -99.123086295785541, 19.33545534856551 ], [ -99.122333310954303, 19.335292078733474 ], [ -99.122028678428293, 19.335229428305567 ], [ -99.121570653506737, 19.335129594538614 ], [ -99.120827392062864, 19.334957816584129 ], [ -99.120455467548538, 19.334871858432042 ], [ -99.120199669086972, 19.334812873046392 ], [ -99.119672469490283, 19.334661637188084 ], [ -99.119399450092928, 19.334521434817241 ], [ -99.11961494444374, 19.334104418929225 ], [ -99.119857490974255, 19.333558403091846 ], [ -99.119903309550693, 19.333429925896674 ], [ -99.119967872640473, 19.333146685849091 ], [ -99.120060717841952, 19.332647338472967 ], [ -99.120657968952102, 19.332621011021377 ], [ -99.120972792579963, 19.332561831065522 ], [ -99.122581642509857, 19.332248223708035 ], [ -99.123177862945354, 19.332136509493054 ], [ -99.123721386142407, 19.332091187760039 ], [ -99.12357211790156, 19.333007859161011 ], [ -99.123375746798473, 19.334087066005264 ], [ -99.123319972552977, 19.334393584813331 ], [ -99.123278940435313, 19.334580094310233 ], [ -99.123112792425147, 19.335335307616752 ], [ -99.123086295785541, 19.33545534856551 ] ] ] ] } },
{ "type": "Feature", "properties": { "id": 4765.0, "entidad": 9, "distrito_f": 19, "distrito_l": 30, "municipio": 3, "seccion": 582, "tipo": 2, "control": 36536.0, "SECCION_TX": "0582", "SECCION__1": null, "SECCION__2": null, "SECCION_N": "582", "ESTATUS": null, "ALCALDIA_N": "COYOACAN", "EN_OPERATI": null, "EN_OP": "NO", "SEC_N": "582", "EST": null, "ALC_N": "COYOACAN", "OP": "NO", "NOMBRE": "SAN FRANCISCO CULHUACAN(EJIDOS DE CULHUACAN)" }, "geometry": { "type": "MultiPolygon", "coordinates": [ [ [ [ -99.125586141935671, 19.3333456825886 ], [ -99.125192520254942, 19.333276675792941 ], [ -99.124778312880835, 19.333201172238365 ], [ -99.12439489715085, 19.333138772367555 ], [ -99.12400729809805, 19.333075154761556 ], [ -99.12357211790156, 19.333007859161011 ], [ -99.123721386142407, 19.332091187760039 ], [ -99.123740001927658, 19.331985819199833 ], [ -99.123778077003919, 19.331787803419111 ], [ -99.123872061920963, 19.331299017130199 ], [ -99.123977963088834, 19.330748254614761 ], [ -99.12423399291437, 19.329416699320422 ], [ -99.124261502475008, 19.329291467466614 ], [ -99.124282154996237, 19.329166216401173 ], [ -99.124480877568544, 19.32917744487953 ], [ -99.125621103247752, 19.329241867160111 ], [ -99.126170260234758, 19.329288030733473 ], [ -99.12674089257051, 19.329329706300651 ], [ -99.127300449643698, 19.329376646722878 ], [ -99.127858629052568, 19.329426279211788 ], [ -99.128416808787819, 19.329475909989842 ], [ -99.128476027345215, 19.329557485952197 ], [ -99.128468997216018, 19.329675553216308 ], [ -99.12846548072811, 19.329734610691119 ], [ -99.128394322739879, 19.330929661128131 ], [ -99.128388281136054, 19.331346740743925 ], [ -99.128375890873045, 19.331788003090804 ], [ -99.128321790496358, 19.33266639249603 ], [ -99.128319300688247, 19.332706817525779 ], [ -99.12831723627184, 19.332778457476469 ], [ -99.127707463293447, 19.332731546236761 ], [ -99.127219899376641, 19.332666150739236 ], [ -99.12667414036288, 19.332566611471332 ], [ -99.126140199527939, 19.332484659262093 ], [ -99.125732238045245, 19.332414755087754 ], [ -99.125586141935671, 19.3333456825886 ] ] ] ] } },
{ "type": "Feature", "properties": { "id": 4806.0, "entidad": 9, "distrito_f": 19, "distrito_l": 30, "municipio": 3, "seccion": 637, "tipo": 2, "control": 36947.0, "SECCION_TX": "0637", "SECCION__1": null, "SECCION__2": null, "SECCION_N": "637", "ESTATUS": "COMPLETA", "ALCALDIA_N": "COYOACAN", "EN_OPERATI": null, "EN_OP": "SI", "SEC_N": "637", "EST": "COMPLETA", "ALC_N": "COYOACAN", "OP": "SI", "NOMBRE": "CTM IX CULHUACAN" }, "geometry": { "type": "MultiPolygon", "coordinates": [ [ [ [ -99.103428320713093, 19.318473660367538 ], [ -99.103342110215038, 19.318466163927614 ], [ -99.10321556318695, 19.31844929981596 ], [ -99.103155361818295, 19.31845995690756 ], [ -99.103156548232405, 19.318438798413929 ], [ -99.103185191672409, 19.317992337484455 ], [ -99.103071245778153, 19.31798988755293 ], [ -99.10307190704107, 19.31796822437575 ], [ -99.10307874859015, 19.317812406682986 ], [ -99.103085747857094, 19.317649932429937 ], [ -99.102447244733696, 19.317597872546663 ], [ -99.102250171487242, 19.317581738420607 ], [ -99.102105860770763, 19.3175707187096 ], [ -99.102080394347922, 19.317539220776812 ], [ -99.102049802388876, 19.317512146072598 ], [ -99.101797381648694, 19.317496138036187 ], [ -99.101524319559118, 19.317478820568422 ], [ -99.101255471963199, 19.317461769978785 ], [ -99.100970656426639, 19.317443706249797 ], [ -99.100706680099336, 19.317422307868039 ], [ -99.100631056610013, 19.317416177624573 ], [ -99.100635025332181, 19.317356450036122 ], [ -99.100644025120175, 19.317221006879937 ], [ -99.100692999775021, 19.316483954400177 ], [ -99.10072590039664, 19.316093048147398 ], [ -99.100728322476314, 19.316064270318325 ], [ -99.100774601021456, 19.315184182672009 ], [ -99.101615291332109, 19.315265498976594 ], [ -99.101939805686555, 19.315296886775435 ], [ -99.102065120309888, 19.315309007345473 ], [ -99.10219875458148, 19.315323871388461 ], [ -99.102403955225427, 19.315347731555995 ], [ -99.102401040519382, 19.315397615121345 ], [ -99.102369929879188, 19.315929548003353 ], [ -99.102365441539504, 19.316006869408156 ], [ -99.102340504012176, 19.316349853297709 ], [ -99.102612608544931, 19.31637574881529 ], [ -99.102889282000532, 19.316395129263764 ], [ -99.103154523234366, 19.316414515756115 ], [ -99.103432536511264, 19.316422671205164 ], [ -99.103577182500359, 19.316397698180555 ], [ -99.103778358566615, 19.316401617834465 ], [ -99.103982242609135, 19.316448777036662 ], [ -99.103955945667209, 19.31656346556359 ], [ -99.103821749391443, 19.317148731574875 ], [ -99.103699499411434, 19.317681892878845 ], [ -99.10362356116562, 19.318057989461774 ], [ -99.10360832491844, 19.3181334492579 ], [ -99.103428320713093, 19.318473660367538 ] ] ] ] } },
{ "type": "Feature", "properties": { "id": 4818.0, "entidad": 9, "distrito_f": 19, "distrito_l": 30, "municipio": 3, "seccion": 655, "tipo": 2, "control": 37009.0, "SECCION_TX": "0655", "SECCION__1": null, "SECCION__2": null, "SECCION_N": "655", "ESTATUS": "COMPLETA", "ALCALDIA_N": "COYOACAN", "EN_OPERATI": null, "EN_OP": "SI", "SEC_N": "655", "EST": "COMPLETA", "ALC_N": "COYOACAN", "OP": "SI", "NOMBRE": "CTM IX CULHUACAN" }, "geometry": { "type": "MultiPolygon", "coordinates": [ [ [ [ -99.103697470713584, 19.31509273001096 ], [ -99.103305778152887, 19.315247245275255 ], [ -99.103235566417069, 19.315274942349824 ], [ -99.10295487004791, 19.315370056353821 ], [ -99.102759879588973, 19.315364701198177 ], [ -99.102688182041533, 19.315362732067207 ], [ -99.102471783971936, 19.315351311363791 ], [ -99.102403955225427, 19.315347731555995 ], [ -99.10219875458148, 19.315323871388461 ], [ -99.102065120309888, 19.315309007345473 ], [ -99.101939805686555, 19.315296886775435 ], [ -99.101615291332109, 19.315265498976594 ], [ -99.100774601021456, 19.315184182672009 ], [ -99.100873020426064, 19.313908791852164 ], [ -99.101951631916791, 19.31398993790469 ], [ -99.101979696398573, 19.313992164188505 ], [ -99.102020859799609, 19.313995646095684 ], [ -99.10230059023894, 19.314017615151826 ], [ -99.102576724358201, 19.314039519441575 ], [ -99.102855097335748, 19.314061600899215 ], [ -99.102982168422159, 19.314071684867272 ], [ -99.103265353295413, 19.314094147378146 ], [ -99.103356013602266, 19.3141013385513 ], [ -99.103363294200349, 19.314235793819105 ], [ -99.103422357695848, 19.314437545124225 ], [ -99.103473111844693, 19.314622692160658 ], [ -99.103697470713584, 19.31509273001096 ] ] ] ] } },
{ "type": "Feature", "properties": { "id": 4819.0, "entidad": 9, "distrito_f": 19, "distrito_l": 30, "municipio": 3, "seccion": 656, "tipo": 2, "control": 37008.0, "SECCION_TX": "0656", "SECCION__1": null, "SECCION__2": null, "SECCION_N": "656", "ESTATUS": null, "ALCALDIA_N": "COYOACAN", "EN_OPERATI": null, "EN_OP": "NO", "SEC_N": "656", "EST": null, "ALC_N": "COYOACAN", "OP": "NO", "NOMBRE": "CTM IX CULHUACAN" }, "geometry": { "type": "MultiPolygon", "coordinates": [ [ [ [ -99.106754627721941, 19.314275630490833 ], [ -99.106483249791722, 19.314224267052204 ], [ -99.106206701979744, 19.314170452789185 ], [ -99.105946765090579, 19.314125953424739 ], [ -99.105673421897876, 19.314068337266729 ], [ -99.10539511449106, 19.31400945254379 ], [ -99.10504882010288, 19.313942954155163 ], [ -99.105005201470448, 19.314173016254315 ], [ -99.10486845823992, 19.314894250482073 ], [ -99.104365498468184, 19.314850202064932 ], [ -99.104096120525071, 19.31492879795292 ], [ -99.104056950737174, 19.314944905335754 ], [ -99.103697470713584, 19.31509273001096 ], [ -99.103473111844693, 19.314622692160658 ], [ -99.103422357695848, 19.314437545124225 ], [ -99.103363294200349, 19.314235793819105 ], [ -99.103356013602266, 19.3141013385513 ], [ -99.103377633130918, 19.313862709061805 ], [ -99.103399458158833, 19.313621810644928 ], [ -99.103458016518502, 19.312973394302098 ], [ -99.104667932515667, 19.31320966657804 ], [ -99.104711578233662, 19.313215472886995 ], [ -99.104973851618837, 19.313250363602663 ], [ -99.105703561437167, 19.313402677384513 ], [ -99.105853933615435, 19.313566058978221 ], [ -99.105880423077096, 19.313594031413917 ], [ -99.106067007590681, 19.313628028604189 ], [ -99.10632399463816, 19.31368456613518 ], [ -99.106600541669735, 19.313738380227012 ], [ -99.106873186823009, 19.313789782168417 ], [ -99.106754627721941, 19.314275630490833 ] ] ] ] } },
{ "type": "Feature", "properties": { "id": 4821.0, "entidad": 9, "distrito_f": 19, "distrito_l": 30, "municipio": 3, "seccion": 658, "tipo": 2, "control": 37052.0, "SECCION_TX": "0658", "SECCION__1": null, "SECCION__2": null, "SECCION_N": "658", "ESTATUS": "COMPLETA", "ALCALDIA_N": "COYOACAN", "EN_OPERATI": null, "EN_OP": "SI", "SEC_N": "658", "EST": "COMPLETA", "ALC_N": "COYOACAN", "OP": "SI", "NOMBRE": "CTM IX CULHUACAN" }, "geometry": { "type": "MultiPolygon", "coordinates": [ [ [ [ -99.103356013602266, 19.3141013385513 ], [ -99.103265353295413, 19.314094147378146 ], [ -99.102982168422159, 19.314071684867272 ], [ -99.102855097335748, 19.314061600899215 ], [ -99.102576724358201, 19.314039519441575 ], [ -99.10230059023894, 19.314017615151826 ], [ -99.102020859799609, 19.313995646095684 ], [ -99.101979696398573, 19.313992164188505 ], [ -99.101951631916791, 19.31398993790469 ], [ -99.100873020426064, 19.313908791852164 ], [ -99.101087039550336, 19.311008509325273 ], [ -99.101449625358526, 19.311039399012245 ], [ -99.101398042996024, 19.311772732252415 ], [ -99.10137716844028, 19.312201919972729 ], [ -99.10163572377401, 19.312214126546511 ], [ -99.101915424963266, 19.312237127538111 ], [ -99.102186988122298, 19.312247782266422 ], [ -99.102472530140574, 19.312261382763399 ], [ -99.102507336801366, 19.312263040589897 ], [ -99.102505012955106, 19.312307981960352 ], [ -99.102499080878061, 19.31236637572443 ], [ -99.102623840349807, 19.312372678010984 ], [ -99.103377822532352, 19.3124107639686 ], [ -99.103508241573309, 19.312417351517269 ], [ -99.103458016518502, 19.312973394302098 ], [ -99.103399458158833, 19.313621810644928 ], [ -99.103377633130918, 19.313862709061805 ], [ -99.103356013602266, 19.3141013385513 ] ] ] ] } },
{ "type": "Feature", "properties": { "id": 4745.0, "entidad": 9, "distrito_f": 19, "distrito_l": 30, "municipio": 3, "seccion": 558, "tipo": 2, "control": 35976.0, "SECCION_TX": "0558", "SECCION__1": null, "SECCION__2": null, "SECCION_N": "558", "ESTATUS": null, "ALCALDIA_N": "COYOACAN", "EN_OPERATI": null, "EN_OP": "NO", "SEC_N": "558", "EST": null, "ALC_N": "COYOACAN", "OP": "NO", "NOMBRE": "CTM V CULHUACAN" }, "geometry": { "type": "MultiPolygon", "coordinates": [ [ [ [ -99.115932866219907, 19.337364788269969 ], [ -99.11522431692616, 19.337027177568601 ], [ -99.115212394421249, 19.336953938779498 ], [ -99.11504410309729, 19.336786893193587 ], [ -99.114561233210068, 19.336627557857653 ], [ -99.114499304836187, 19.336628504335948 ], [ -99.114473018048145, 19.336717249788215 ], [ -99.11446041915714, 19.336757210844127 ], [ -99.114410954891284, 19.336755363784739 ], [ -99.114163836702403, 19.336712969922274 ], [ -99.113794820811961, 19.336649663480202 ], [ -99.113678379247318, 19.336633362557375 ], [ -99.113536094162242, 19.336613443635127 ], [ -99.113496739540992, 19.336607934241364 ], [ -99.113128327140572, 19.336033206985888 ], [ -99.113045603979259, 19.335861307953323 ], [ -99.112898287207329, 19.335715097086208 ], [ -99.11301686354733, 19.334530136934685 ], [ -99.11316590173935, 19.333040740728141 ], [ -99.113242623405526, 19.333080384089492 ], [ -99.113301147660081, 19.333201007158653 ], [ -99.113522762523914, 19.333463619893383 ], [ -99.113960855949045, 19.334163386393371 ], [ -99.114160384127061, 19.334304971320822 ], [ -99.114536371093351, 19.334363037101873 ], [ -99.114258307371884, 19.334671906033314 ], [ -99.114295338942057, 19.334703761553499 ], [ -99.114575056253059, 19.334833703249011 ], [ -99.114763688148074, 19.334879999895072 ], [ -99.114797151002676, 19.334888212787977 ], [ -99.115257815151608, 19.335033653471569 ], [ -99.115482431861849, 19.335102045665643 ], [ -99.115533579448027, 19.33488474768258 ], [ -99.116380570494158, 19.335083493924877 ], [ -99.116409763754177, 19.335071488220215 ], [ -99.116989961452191, 19.335223951903792 ], [ -99.116992483696734, 19.335250753219292 ], [ -99.11702972434118, 19.33564647043077 ], [ -99.117195515903603, 19.335718286313195 ], [ -99.117116677402876, 19.335838207626082 ], [ -99.116954212334832, 19.33600463244872 ], [ -99.116788545227365, 19.336108127088515 ], [ -99.11647776924211, 19.336296386947122 ], [ -99.116449316897231, 19.336313622575695 ], [ -99.116353916886709, 19.336463238395289 ], [ -99.116233304067691, 19.336652394995316 ], [ -99.116069466334409, 19.337112502953339 ], [ -99.115932866219907, 19.337364788269969 ] ] ] ] } },
{ "type": "Feature", "properties": { "id": 4755.0, "entidad": 9, "distrito_f": 19, "distrito_l": 30, "municipio": 3, "seccion": 573, "tipo": 2, "control": 35981.0, "SECCION_TX": "0573", "SECCION__1": null, "SECCION__2": null, "SECCION_N": "573", "ESTATUS": null, "ALCALDIA_N": "COYOACAN", "EN_OPERATI": null, "EN_OP": "NO", "SEC_N": "573", "EST": null, "ALC_N": "COYOACAN", "OP": "NO", "NOMBRE": "CTM V CULHUACAN" }, "geometry": { "type": "MultiPolygon", "coordinates": [ [ [ [ -99.117195515903603, 19.335718286313195 ], [ -99.11702972434118, 19.33564647043077 ], [ -99.116992483696734, 19.335250753219292 ], [ -99.116989961452191, 19.335223951903792 ], [ -99.116409763754177, 19.335071488220215 ], [ -99.116380570494158, 19.335083493924877 ], [ -99.115533579448027, 19.33488474768258 ], [ -99.115482431861849, 19.335102045665643 ], [ -99.115257815151608, 19.335033653471569 ], [ -99.114797151002676, 19.334888212787977 ], [ -99.114763688148074, 19.334879999895072 ], [ -99.114575056253059, 19.334833703249011 ], [ -99.114295338942057, 19.334703761553499 ], [ -99.114258307371884, 19.334671906033314 ], [ -99.114536371093351, 19.334363037101873 ], [ -99.114992312629155, 19.334455221793156 ], [ -99.115059522456349, 19.334468810529057 ], [ -99.115393904554239, 19.334495421659369 ], [ -99.115605790356398, 19.334446112892518 ], [ -99.115746988692251, 19.334329792593781 ], [ -99.115996368944806, 19.334025646084282 ], [ -99.116231031209097, 19.333540014471374 ], [ -99.116315840276556, 19.333366378443351 ], [ -99.116346236619776, 19.333303651616152 ], [ -99.116467465653571, 19.333049403727976 ], [ -99.116687627411977, 19.332599143450697 ], [ -99.116810005329057, 19.332509656835786 ], [ -99.117017172487479, 19.332451408629325 ], [ -99.117107028629391, 19.332476224709275 ], [ -99.117299181577678, 19.332529292503672 ], [ -99.117361547894447, 19.332546516455245 ], [ -99.117624605236344, 19.332619165763099 ], [ -99.117675636136539, 19.332633259062977 ], [ -99.117862114869325, 19.33268475910387 ], [ -99.118147625537162, 19.332763608472014 ], [ -99.117898831847995, 19.333876902139043 ], [ -99.118333405490887, 19.333962533724943 ], [ -99.118540605361758, 19.333956715655273 ], [ -99.11840709709405, 19.334708061465939 ], [ -99.11834797483229, 19.334943021240729 ], [ -99.11819100757026, 19.335338329348218 ], [ -99.117809365856644, 19.335181962122149 ], [ -99.117485847418834, 19.335193182839053 ], [ -99.117456624323097, 19.335251275242328 ], [ -99.117381466052649, 19.335400681672073 ], [ -99.117272484953304, 19.335617323651519 ], [ -99.117195515903603, 19.335718286313195 ] ] ] ] } },
{ "type": "Feature", "properties": { "id": 4756.0, "entidad": 9, "distrito_f": 19, "distrito_l": 30, "municipio": 3, "seccion": 574, "tipo": 2, "control": 36639.0, "SECCION_TX": "0574", "SECCION__1": null, "SECCION__2": null, "SECCION_N": "574", "ESTATUS": "COMPLETA", "ALCALDIA_N": "COYOACAN", "EN_OPERATI": null, "EN_OP": "SI", "SEC_N": "574", "EST": "COMPLETA", "ALC_N": "COYOACAN", "OP": "SI", "NOMBRE": "CTM V CULHUACAN" }, "geometry": { "type": "MultiPolygon", "coordinates": [ [ [ [ -99.117107028629391, 19.332476224709275 ], [ -99.117017172487479, 19.332451408629325 ], [ -99.116829850578242, 19.332339010485594 ], [ -99.116676179925818, 19.332316151308973 ], [ -99.116545874234248, 19.332296670004045 ], [ -99.116290732462318, 19.332280293162068 ], [ -99.115972113888859, 19.332265768413144 ], [ -99.115971194906223, 19.332212506488474 ], [ -99.115979524879435, 19.332075542400432 ], [ -99.11604635576262, 19.331114400639205 ], [ -99.116042065886717, 19.331047216100039 ], [ -99.116148810270133, 19.331055001516269 ], [ -99.116365586157826, 19.331070811900467 ], [ -99.116582362085737, 19.331086622026788 ], [ -99.116653285472054, 19.331091794628009 ], [ -99.116919779997119, 19.331111230420031 ], [ -99.11699370516321, 19.331116621808615 ], [ -99.1171938833361, 19.331131220721339 ], [ -99.117188270147764, 19.331258272312489 ], [ -99.117150470710584, 19.331794833846132 ], [ -99.11712394533113, 19.332326887014847 ], [ -99.117107028629391, 19.332476224709275 ] ] ] ] } },
{ "type": "Feature", "properties": { "id": 4757.0, "entidad": 9, "distrito_f": 19, "distrito_l": 30, "municipio": 3, "seccion": 575, "tipo": 2, "control": 36634.0, "SECCION_TX": "0575", "SECCION__1": null, "SECCION__2": null, "SECCION_N": "575", "ESTATUS": null, "ALCALDIA_N": "COYOACAN", "EN_OPERATI": null, "EN_OP": "NO", "SEC_N": "575", "EST": null, "ALC_N": "COYOACAN", "OP": "NO", "NOMBRE": "CTM V CULHUACAN" }, "geometry": { "type": "MultiPolygon", "coordinates": [ [ [ [ -99.114536371093351, 19.334363037101873 ], [ -99.114160384127061, 19.334304971320822 ], [ -99.113960855949045, 19.334163386393371 ], [ -99.113522762523914, 19.333463619893383 ], [ -99.113301147660081, 19.333201007158653 ], [ -99.113242623405526, 19.333080384089492 ], [ -99.11316590173935, 19.333040740728141 ], [ -99.11318710349984, 19.332879932413455 ], [ -99.113262493739512, 19.332892740109692 ], [ -99.113337883990795, 19.332905547774686 ], [ -99.113372102389306, 19.332496389203136 ], [ -99.113459211958371, 19.331454787718098 ], [ -99.113876607381002, 19.33148861327097 ], [ -99.114270217376742, 19.331520510373945 ], [ -99.114663827520573, 19.331552406626397 ], [ -99.114680527182756, 19.331541445211329 ], [ -99.115087298660114, 19.331274445410823 ], [ -99.11551076836399, 19.330996483210654 ], [ -99.115776417085456, 19.331021849849108 ], [ -99.116042065886717, 19.331047216100039 ], [ -99.11604635576262, 19.331114400639205 ], [ -99.115979524879435, 19.332075542400432 ], [ -99.115971194906223, 19.332212506488474 ], [ -99.115937564124948, 19.332209783354582 ], [ -99.115682040732693, 19.332189093043425 ], [ -99.115351688640004, 19.332162343143114 ], [ -99.115319047048558, 19.332428550374299 ], [ -99.115284798561561, 19.332707861659543 ], [ -99.115143317089462, 19.332695864352381 ], [ -99.115004477431867, 19.332684090956715 ], [ -99.114996788779948, 19.332796911962184 ], [ -99.114988763667256, 19.332914669933427 ], [ -99.114970534291956, 19.333198674500359 ], [ -99.114916165845926, 19.333435166762069 ], [ -99.114724087292089, 19.333797423088154 ], [ -99.114640251968581, 19.333969491659044 ], [ -99.114591469623505, 19.334154300409001 ], [ -99.114536371093351, 19.334363037101873 ] ] ] ] } },
{ "type": "Feature", "properties": { "id": 4759.0, "entidad": 9, "distrito_f": 19, "distrito_l": 30, "municipio": 3, "seccion": 577, "tipo": 2, "control": 36649.0, "SECCION_TX": "0577", "SECCION__1": null, "SECCION__2": null, "SECCION_N": "577", "ESTATUS": null, "ALCALDIA_N": "COYOACAN", "EN_OPERATI": null, "EN_OP": "NO", "SEC_N": "577", "EST": null, "ALC_N": "COYOACAN", "OP": "NO", "NOMBRE": "CTM V CULHUACAN" }, "geometry": { "type": "MultiPolygon", "coordinates": [ [ [ [ -99.114663827520573, 19.331552406626397 ], [ -99.114270217376742, 19.331520510373945 ], [ -99.113876607381002, 19.33148861327097 ], [ -99.113459211958371, 19.331454787718098 ], [ -99.113566602533467, 19.33017066092853 ], [ -99.113605286954382, 19.329708085718703 ], [ -99.11368852451649, 19.329730257804922 ], [ -99.114500679558532, 19.329800989548552 ], [ -99.11472887687475, 19.329823869122823 ], [ -99.114808324524262, 19.329830957338977 ], [ -99.115071486273152, 19.329846732548454 ], [ -99.11534736389136, 19.329865263668758 ], [ -99.115549362930096, 19.329886977840115 ], [ -99.115604400974576, 19.329892938071431 ], [ -99.115896404764698, 19.3299285972892 ], [ -99.11618267321154, 19.329959815980935 ], [ -99.11624843219505, 19.329970629224896 ], [ -99.116432759564731, 19.330000939425744 ], [ -99.116639874891888, 19.330020467006761 ], [ -99.116704579152568, 19.330026567508902 ], [ -99.117068833338266, 19.330083098084177 ], [ -99.11699370516321, 19.331116621808615 ], [ -99.116919779997119, 19.331111230420031 ], [ -99.116653285472054, 19.331091794628009 ], [ -99.116582362085737, 19.331086622026788 ], [ -99.116365586157826, 19.331070811900467 ], [ -99.116148810270133, 19.331055001516269 ], [ -99.116042065886717, 19.331047216100039 ], [ -99.115776417085456, 19.331021849849108 ], [ -99.11551076836399, 19.330996483210654 ], [ -99.115087298660114, 19.331274445410823 ], [ -99.114680527182756, 19.331541445211329 ], [ -99.114663827520573, 19.331552406626397 ] ] ] ] } },
{ "type": "Feature", "properties": { "id": 4760.0, "entidad": 9, "distrito_f": 19, "distrito_l": 30, "municipio": 3, "seccion": 578, "tipo": 2, "control": 36587.0, "SECCION_TX": "0578", "SECCION__1": null, "SECCION__2": null, "SECCION_N": "578", "ESTATUS": null, "ALCALDIA_N": "COYOACAN", "EN_OPERATI": null, "EN_OP": "NO", "SEC_N": "578", "EST": null, "ALC_N": "COYOACAN", "OP": "NO", "NOMBRE": "CTM V CULHUACAN" }, "geometry": { "type": "MultiPolygon", "coordinates": [ [ [ [ -99.115549362930096, 19.329886977840115 ], [ -99.11534736389136, 19.329865263668758 ], [ -99.115071486273152, 19.329846732548454 ], [ -99.114808324524262, 19.329830957338977 ], [ -99.11472887687475, 19.329823869122823 ], [ -99.114500679558532, 19.329800989548552 ], [ -99.11368852451649, 19.329730257804922 ], [ -99.113605286954382, 19.329708085718703 ], [ -99.113632850713657, 19.329396794084783 ], [ -99.113674878998992, 19.328998833301384 ], [ -99.113712763089922, 19.328530288349896 ], [ -99.113722401679041, 19.328411079258643 ], [ -99.113732040254675, 19.328291870165394 ], [ -99.114596352950485, 19.328368133960257 ], [ -99.114870483913975, 19.328392432497154 ], [ -99.115217484093165, 19.328423082682601 ], [ -99.115541399071475, 19.32845169316829 ], [ -99.116515083775454, 19.328537692433137 ], [ -99.116507003707611, 19.328643517578982 ], [ -99.116498923629734, 19.328749342723377 ], [ -99.116263492939879, 19.328728990206294 ], [ -99.115965218712901, 19.328703204545903 ], [ -99.115870500120337, 19.328695016066259 ], [ -99.11569879873025, 19.328680172249687 ], [ -99.115691333301825, 19.328825395869927 ], [ -99.115666700862064, 19.329304564500319 ], [ -99.115663590595048, 19.329350491489812 ], [ -99.115604400974576, 19.329892938071431 ], [ -99.115549362930096, 19.329886977840115 ] ] ] ] } },
{ "type": "Feature", "properties": { "id": 4775.0, "entidad": 9, "distrito_f": 19, "distrito_l": 30, "municipio": 3, "seccion": 596, "tipo": 2, "control": 36652.0, "SECCION_TX": "0596", "SECCION__1": null, "SECCION__2": null, "SECCION_N": "596", "ESTATUS": "COMPLETA", "ALCALDIA_N": "COYOACAN", "EN_OPERATI": null, "EN_OP": "SI", "SEC_N": "596", "EST": "COMPLETA", "ALC_N": "COYOACAN", "OP": "SI", "NOMBRE": "CTM V CULHUACAN" }, "geometry": { "type": "MultiPolygon", "coordinates": [ [ [ [ -99.113488996785392, 19.328272469417453 ], [ -99.112437371976682, 19.32818846176432 ], [ -99.112065704080905, 19.328158770095602 ], [ -99.111799541725176, 19.32813750654249 ], [ -99.111519699737784, 19.328115149706651 ], [ -99.111244449499267, 19.328093159284744 ], [ -99.110966208396846, 19.328070929486795 ], [ -99.110690843781654, 19.328052276595944 ], [ -99.11042649069239, 19.32802973307971 ], [ -99.110094582359054, 19.328001288997459 ], [ -99.110170834250695, 19.327128631296212 ], [ -99.110177779963237, 19.327048676290925 ], [ -99.110209986788888, 19.327053024588714 ], [ -99.110450174432529, 19.327070025517468 ], [ -99.110726841404457, 19.327089334361958 ], [ -99.110794259052923, 19.326291553889483 ], [ -99.110805272965308, 19.326171777873128 ], [ -99.111042995077909, 19.326181067125788 ], [ -99.111163101297933, 19.326190278239881 ], [ -99.111533454191402, 19.326218680616737 ], [ -99.112062968369486, 19.326259287754269 ], [ -99.112461465906293, 19.326289846520826 ], [ -99.112592482800707, 19.326299893352939 ], [ -99.112781451951136, 19.326314383997982 ], [ -99.113053477180472, 19.326335243250405 ], [ -99.113325502476556, 19.326356102096671 ], [ -99.113669098145763, 19.326382448357219 ], [ -99.113488996785392, 19.328272469417453 ] ] ] ] } },
{ "type": "Feature", "properties": { "id": 4840.0, "entidad": 9, "distrito_f": 19, "distrito_l": 30, "municipio": 3, "seccion": 681, "tipo": 2, "control": 36637.0, "SECCION_TX": "0681", "SECCION__1": null, "SECCION__2": null, "SECCION_N": "681", "ESTATUS": null, "ALCALDIA_N": "COYOACAN", "EN_OPERATI": null, "EN_OP": "NO", "SEC_N": "681", "EST": null, "ALC_N": "COYOACAN", "OP": "NO", "NOMBRE": "CTM V CULHUACAN" }, "geometry": { "type": "MultiPolygon", "coordinates": [ [ [ [ -99.115393904554239, 19.334495421659369 ], [ -99.115059522456349, 19.334468810529057 ], [ -99.114992312629155, 19.334455221793156 ], [ -99.114536371093351, 19.334363037101873 ], [ -99.114591469623505, 19.334154300409001 ], [ -99.114640251968581, 19.333969491659044 ], [ -99.114724087292089, 19.333797423088154 ], [ -99.114916165845926, 19.333435166762069 ], [ -99.114970534291956, 19.333198674500359 ], [ -99.114988763667256, 19.332914669933427 ], [ -99.114996788779948, 19.332796911962184 ], [ -99.115004477431867, 19.332684090956715 ], [ -99.115143317089462, 19.332695864352381 ], [ -99.115284798561561, 19.332707861659543 ], [ -99.115319047048558, 19.332428550374299 ], [ -99.115351688640004, 19.332162343143114 ], [ -99.115682040732693, 19.332189093043425 ], [ -99.115937564124948, 19.332209783354582 ], [ -99.115971194906223, 19.332212506488474 ], [ -99.115972113888859, 19.332265768413144 ], [ -99.116290732462318, 19.332280293162068 ], [ -99.116545874234248, 19.332296670004045 ], [ -99.116676179925818, 19.332316151308973 ], [ -99.116829850578242, 19.332339010485594 ], [ -99.117017172487479, 19.332451408629325 ], [ -99.116810005329057, 19.332509656835786 ], [ -99.116687627411977, 19.332599143450697 ], [ -99.116467465653571, 19.333049403727976 ], [ -99.116346236619776, 19.333303651616152 ], [ -99.116315840276556, 19.333366378443351 ], [ -99.116231031209097, 19.333540014471374 ], [ -99.115996368944806, 19.334025646084282 ], [ -99.115746988692251, 19.334329792593781 ], [ -99.115605790356398, 19.334446112892518 ], [ -99.115393904554239, 19.334495421659369 ] ] ] ] } },
{ "type": "Feature", "properties": { "id": 4841.0, "entidad": 9, "distrito_f": 19, "distrito_l": 30, "municipio": 3, "seccion": 682, "tipo": 2, "control": 36588.0, "SECCION_TX": "0682", "SECCION__1": null, "SECCION__2": null, "SECCION_N": "682", "ESTATUS": "COMPLETA", "ALCALDIA_N": "COYOACAN", "EN_OPERATI": null, "EN_OP": "SI", "SEC_N": "682", "EST": "COMPLETA", "ALC_N": "COYOACAN", "OP": "SI", "NOMBRE": "CTM V CULHUACAN" }, "geometry": { "type": "MultiPolygon", "coordinates": [ [ [ [ -99.117068833338266, 19.330083098084177 ], [ -99.116704579152568, 19.330026567508902 ], [ -99.116639874891888, 19.330020467006761 ], [ -99.116432759564731, 19.330000939425744 ], [ -99.11624843219505, 19.329970629224896 ], [ -99.11618267321154, 19.329959815980935 ], [ -99.115896404764698, 19.3299285972892 ], [ -99.115604400974576, 19.329892938071431 ], [ -99.115663590595048, 19.329350491489812 ], [ -99.115666700862064, 19.329304564500319 ], [ -99.115691333301825, 19.328825395869927 ], [ -99.11569879873025, 19.328680172249687 ], [ -99.115870500120337, 19.328695016066259 ], [ -99.115965218712901, 19.328703204545903 ], [ -99.116263492939879, 19.328728990206294 ], [ -99.116498923629734, 19.328749342723377 ], [ -99.11656631296114, 19.328753860560248 ], [ -99.116848884274248, 19.328772804102236 ], [ -99.11714945404124, 19.328792953772503 ], [ -99.117098503913695, 19.329568886681045 ], [ -99.117068833338266, 19.330083098084177 ] ] ] ] } },
{ "type": "Feature", "properties": { "id": 4777.0, "entidad": 9, "distrito_f": 19, "distrito_l": 30, "municipio": 3, "seccion": 598, "tipo": 2, "control": 36654.0, "SECCION_TX": "0598", "SECCION__1": null, "SECCION__2": null, "SECCION_N": "598", "ESTATUS": null, "ALCALDIA_N": "COYOACAN", "EN_OPERATI": null, "EN_OP": "NO", "SEC_N": "598", "EST": null, "ALC_N": "COYOACAN", "OP": "NO", "NOMBRE": "PILOTO CULHUACAN" }, "geometry": { "type": "MultiPolygon", "coordinates": [ [ [ [ -99.108989272436276, 19.32548848423475 ], [ -99.10894973009411, 19.325446915616229 ], [ -99.108764346815903, 19.325252032306253 ], [ -99.108578019004824, 19.325056155398283 ], [ -99.108388061512443, 19.324856462108531 ], [ -99.108156278784264, 19.324612799000178 ], [ -99.108181035007874, 19.324593359891459 ], [ -99.108638334127008, 19.324183767253569 ], [ -99.10874584638276, 19.324056713539566 ], [ -99.108854751773549, 19.323928013208416 ], [ -99.108983360197712, 19.323941151036362 ], [ -99.109373462166317, 19.323981000832738 ], [ -99.109677702276002, 19.324011019573557 ], [ -99.109720709225442, 19.324015629482876 ], [ -99.11005169763834, 19.324044202753893 ], [ -99.110326486477177, 19.324067924014269 ], [ -99.110596160484576, 19.324093550505154 ], [ -99.110867303000973, 19.324115786002956 ], [ -99.111202454835421, 19.32414353953499 ], [ -99.111266874913355, 19.323430895965679 ], [ -99.111270867515273, 19.323385698031064 ], [ -99.111362255417831, 19.32339436875548 ], [ -99.111614719079313, 19.323418334786862 ], [ -99.112219657359958, 19.323475728239963 ], [ -99.112275925077341, 19.32353974369012 ], [ -99.11231535480988, 19.323646469542521 ], [ -99.11229304386373, 19.323908021087494 ], [ -99.112220171145793, 19.324228316305078 ], [ -99.112063551346125, 19.32447772703172 ], [ -99.111995517893632, 19.324586067287875 ], [ -99.111513160784099, 19.325130699787131 ], [ -99.111465508332358, 19.325179073948835 ], [ -99.111363519561067, 19.325282607231159 ], [ -99.111292434661891, 19.325277058372443 ], [ -99.109692367680879, 19.325151637955024 ], [ -99.109577024205876, 19.325051615730377 ], [ -99.10952870526171, 19.325001639106578 ], [ -99.108989272436276, 19.32548848423475 ] ] ] ] } },
{ "type": "Feature", "properties": { "id": 4778.0, "entidad": 9, "distrito_f": 19, "distrito_l": 30, "municipio": 3, "seccion": 599, "tipo": 2, "control": 36660.0, "SECCION_TX": "0599", "SECCION__1": null, "SECCION__2": null, "SECCION_N": "599", "ESTATUS": null, "ALCALDIA_N": "COYOACAN", "EN_OPERATI": null, "EN_OP": "NO", "SEC_N": "599", "EST": null, "ALC_N": "COYOACAN", "OP": "NO", "NOMBRE": "PILOTO CULHUACAN" }, "geometry": { "type": "MultiPolygon", "coordinates": [ [ [ [ -99.113669098145763, 19.326382448357219 ], [ -99.113325502476556, 19.326356102096671 ], [ -99.113053477180472, 19.326335243250405 ], [ -99.112781451951136, 19.326314383997982 ], [ -99.112592482800707, 19.326299893352939 ], [ -99.112461465906293, 19.326289846520826 ], [ -99.112062968369486, 19.326259287754269 ], [ -99.111533454191402, 19.326218680616737 ], [ -99.111163101297933, 19.326190278239881 ], [ -99.111042995077909, 19.326181067125788 ], [ -99.111080402956446, 19.325862465592024 ], [ -99.111146212188615, 19.325625621957091 ], [ -99.111167424817907, 19.325549278776194 ], [ -99.111363519561067, 19.325282607231159 ], [ -99.111465508332358, 19.325179073948835 ], [ -99.111513160784099, 19.325130699787131 ], [ -99.111995517893632, 19.324586067287875 ], [ -99.112063551346125, 19.32447772703172 ], [ -99.112220171145793, 19.324228316305078 ], [ -99.11229304386373, 19.323908021087494 ], [ -99.11231535480988, 19.323646469542521 ], [ -99.112275925077341, 19.32353974369012 ], [ -99.112219657359958, 19.323475728239963 ], [ -99.113024904557648, 19.323535029712893 ], [ -99.11342608203222, 19.323564572607793 ], [ -99.113937136625069, 19.323602205610516 ], [ -99.113932222767772, 19.323653175677464 ], [ -99.11383923260118, 19.324617730797073 ], [ -99.113748224559558, 19.325561715233217 ], [ -99.113669098145763, 19.326382448357219 ] ] ] ] } },
{ "type": "Feature", "properties": { "id": 4787.0, "entidad": 9, "distrito_f": 19, "distrito_l": 30, "municipio": 3, "seccion": 611, "tipo": 2, "control": 37183.0, "SECCION_TX": "0611", "SECCION__1": null, "SECCION__2": null, "SECCION_N": "611", "ESTATUS": null, "ALCALDIA_N": "COYOACAN", "EN_OPERATI": null, "EN_OP": "NO", "SEC_N": "611", "EST": null, "ALC_N": "COYOACAN", "OP": "NO", "NOMBRE": "PILOTO CULHUACAN" }, "geometry": { "type": "MultiPolygon", "coordinates": [ [ [ [ -99.11402871676728, 19.324625373824276 ], [ -99.113924958334167, 19.32462118865195 ], [ -99.11383923260118, 19.324617730797073 ], [ -99.113932222767772, 19.323653175677464 ], [ -99.113937136625069, 19.323602205610516 ], [ -99.11342608203222, 19.323564572607793 ], [ -99.113024904557648, 19.323535029712893 ], [ -99.113027637898469, 19.323500089511192 ], [ -99.113032894423696, 19.323432902422464 ], [ -99.113105175873557, 19.32250900461484 ], [ -99.113109700182974, 19.322448912212455 ], [ -99.113140150049148, 19.322235119967065 ], [ -99.113145458975154, 19.322206129459268 ], [ -99.113151002933222, 19.322178147200418 ], [ -99.113175018787146, 19.321947393731648 ], [ -99.113178352335112, 19.321915363683082 ], [ -99.113180871335388, 19.321871647164638 ], [ -99.113195947161429, 19.321610010115705 ], [ -99.112783377227515, 19.321582290592804 ], [ -99.112783761923239, 19.321442152170469 ], [ -99.112784992129463, 19.320994007976552 ], [ -99.112785190767724, 19.320921647280286 ], [ -99.112883124210896, 19.320896245358611 ], [ -99.113511107061328, 19.320724541952767 ], [ -99.11369416363361, 19.320671160868788 ], [ -99.113801646355384, 19.320669609111253 ], [ -99.113984126944146, 19.320666974443842 ], [ -99.114273371036546, 19.320611213731244 ], [ -99.114562614930222, 19.320555452560679 ], [ -99.114838571779131, 19.320501484421452 ], [ -99.115107798804999, 19.320447355990897 ], [ -99.11542282757371, 19.32038401851306 ], [ -99.115729420561138, 19.321201943255033 ], [ -99.115905458633648, 19.321511438930408 ], [ -99.11584896922372, 19.321548800249911 ], [ -99.115543875255341, 19.321698748569599 ], [ -99.115512875314863, 19.321643160987119 ], [ -99.115495845318648, 19.321612623609354 ], [ -99.115190909926071, 19.32167741285711 ], [ -99.115170479669459, 19.321681753628599 ], [ -99.114918422929449, 19.321723610858356 ], [ -99.114649154936473, 19.321774554843184 ], [ -99.114375437723908, 19.321829280120273 ], [ -99.114217697891164, 19.321860817415271 ], [ -99.114226800560076, 19.321900197030974 ], [ -99.11424240697842, 19.321970342350486 ], [ -99.114241740419089, 19.322070698687089 ], [ -99.114238377657884, 19.322145257141688 ], [ -99.114232190895777, 19.32228242859922 ], [ -99.11420398628016, 19.322580175895617 ], [ -99.114116730637861, 19.323501299679656 ], [ -99.114105445478273, 19.323624428524496 ], [ -99.11402871676728, 19.324625373824276 ] ] ] ] } },
{ "type": "Feature", "properties": { "id": 4788.0, "entidad": 9, "distrito_f": 19, "distrito_l": 30, "municipio": 3, "seccion": 612, "tipo": 2, "control": 37184.0, "SECCION_TX": "0612", "SECCION__1": null, "SECCION__2": null, "SECCION_N": "612", "ESTATUS": null, "ALCALDIA_N": "COYOACAN", "EN_OPERATI": null, "EN_OP": "NO", "SEC_N": "612", "EST": null, "ALC_N": "COYOACAN", "OP": "NO", "NOMBRE": "PILOTO CULHUACAN" }, "geometry": { "type": "MultiPolygon", "coordinates": [ [ [ [ -99.113024904557648, 19.323535029712893 ], [ -99.112219657359958, 19.323475728239963 ], [ -99.111614719079313, 19.323418334786862 ], [ -99.111362255417831, 19.32339436875548 ], [ -99.111363956768443, 19.323359038094139 ], [ -99.111366366286944, 19.323309001420615 ], [ -99.111402022560128, 19.322568550806054 ], [ -99.111254891475696, 19.322563793588891 ], [ -99.1112609146316, 19.322265119731117 ], [ -99.111272877293487, 19.322081568812511 ], [ -99.111290105713863, 19.321858019989151 ], [ -99.111306033982984, 19.321651340860551 ], [ -99.111259708394556, 19.321218007671693 ], [ -99.111472979549546, 19.321176575626112 ], [ -99.111818916299796, 19.321109370149006 ], [ -99.112785190767724, 19.320921647280286 ], [ -99.112784992129463, 19.320994007976552 ], [ -99.112783761923239, 19.321442152170469 ], [ -99.112783377227515, 19.321582290592804 ], [ -99.113195947161429, 19.321610010115705 ], [ -99.113180871335388, 19.321871647164638 ], [ -99.113178352335112, 19.321915363683082 ], [ -99.113175018787146, 19.321947393731648 ], [ -99.113151002933222, 19.322178147200418 ], [ -99.113145458975154, 19.322206129459268 ], [ -99.113140150049148, 19.322235119967065 ], [ -99.113109700182974, 19.322448912212455 ], [ -99.113105175873557, 19.32250900461484 ], [ -99.113032894423696, 19.323432902422464 ], [ -99.113027637898469, 19.323500089511192 ], [ -99.113024904557648, 19.323535029712893 ] ] ] ] } },
{ "type": "Feature", "properties": { "id": 4789.0, "entidad": 9, "distrito_f": 19, "distrito_l": 30, "municipio": 3, "seccion": 613, "tipo": 2, "control": 37185.0, "SECCION_TX": "0613", "SECCION__1": null, "SECCION__2": null, "SECCION_N": "613", "ESTATUS": null, "ALCALDIA_N": "COYOACAN", "EN_OPERATI": null, "EN_OP": "NO", "SEC_N": "613", "EST": null, "ALC_N": "COYOACAN", "OP": "NO", "NOMBRE": "PILOTO CULHUACAN" }, "geometry": { "type": "MultiPolygon", "coordinates": [ [ [ [ -99.111088745804551, 19.322711152296442 ], [ -99.110818093486742, 19.322682153080969 ], [ -99.110614754992241, 19.322672584623245 ], [ -99.110251610168817, 19.322641444882727 ], [ -99.109859472378616, 19.322610109635946 ], [ -99.10981303293444, 19.322573085401835 ], [ -99.109223497893396, 19.322525962820393 ], [ -99.109150439334442, 19.322521235037311 ], [ -99.109172632572466, 19.322173051060972 ], [ -99.109208595196023, 19.321625171158452 ], [ -99.110277217463278, 19.321430945884877 ], [ -99.110522824157968, 19.321386305188806 ], [ -99.110793094626516, 19.32132412037225 ], [ -99.111259708394556, 19.321218007671693 ], [ -99.111306033982984, 19.321651340860551 ], [ -99.111290105713863, 19.321858019989151 ], [ -99.111272877293487, 19.322081568812511 ], [ -99.1112609146316, 19.322265119731117 ], [ -99.111254891475696, 19.322563793588891 ], [ -99.111148753198592, 19.32256041866254 ], [ -99.111095413267137, 19.32255872256545 ], [ -99.111088745804551, 19.322711152296442 ] ] ] ] } },
{ "type": "Feature", "properties": { "id": 4842.0, "entidad": 9, "distrito_f": 19, "distrito_l": 30, "municipio": 3, "seccion": 684, "tipo": 2, "control": 36656.0, "SECCION_TX": "0684", "SECCION__1": null, "SECCION__2": null, "SECCION_N": "684", "ESTATUS": "COMPLETA", "ALCALDIA_N": "COYOACAN", "EN_OPERATI": null, "EN_OP": "SI", "SEC_N": "684", "EST": "COMPLETA", "ALC_N": "COYOACAN", "OP": "SI", "NOMBRE": "PILOTO CULHUACAN" }, "geometry": { "type": "MultiPolygon", "coordinates": [ [ [ [ -99.111202454835421, 19.32414353953499 ], [ -99.110867303000973, 19.324115786002956 ], [ -99.110596160484576, 19.324093550505154 ], [ -99.110326486477177, 19.324067924014269 ], [ -99.11005169763834, 19.324044202753893 ], [ -99.109720709225442, 19.324015629482876 ], [ -99.109677702276002, 19.324011019573557 ], [ -99.109373462166317, 19.323981000832738 ], [ -99.108983360197712, 19.323941151036362 ], [ -99.108854751773549, 19.323928013208416 ], [ -99.108963656993978, 19.323799312811161 ], [ -99.109051498331183, 19.323569539426508 ], [ -99.109074606105636, 19.323406773142043 ], [ -99.109096275703962, 19.323254136774182 ], [ -99.10910842803942, 19.323168538001084 ], [ -99.109150439334442, 19.322521235037311 ], [ -99.109223497893396, 19.322525962820393 ], [ -99.10981303293444, 19.322573085401835 ], [ -99.109859472378616, 19.322610109635946 ], [ -99.110251610168817, 19.322641444882727 ], [ -99.110614754992241, 19.322672584623245 ], [ -99.110818093486742, 19.322682153080969 ], [ -99.111088745804551, 19.322711152296442 ], [ -99.111095413267137, 19.32255872256545 ], [ -99.111148753198592, 19.32256041866254 ], [ -99.111254891475696, 19.322563793588891 ], [ -99.111402022560128, 19.322568550806054 ], [ -99.111366366286944, 19.323309001420615 ], [ -99.111363956768443, 19.323359038094139 ], [ -99.111362255417831, 19.32339436875548 ], [ -99.111270867515273, 19.323385698031064 ], [ -99.111266874913355, 19.323430895965679 ], [ -99.111202454835421, 19.32414353953499 ] ] ] ] } },
{ "type": "Feature", "properties": { "id": 4781.0, "entidad": 9, "distrito_f": 19, "distrito_l": 30, "municipio": 3, "seccion": 602, "tipo": 2, "control": 36765.0, "SECCION_TX": "0602", "SECCION__1": null, "SECCION__2": null, "SECCION_N": "602", "ESTATUS": "COMPLETA", "ALCALDIA_N": "COYOACAN", "EN_OPERATI": null, "EN_OP": "SI", "SEC_N": "602", "EST": "COMPLETA", "ALC_N": "COYOACAN", "OP": "SI", "NOMBRE": "PRESIDENTES EJIDALES" }, "geometry": { "type": "MultiPolygon", "coordinates": [ [ [ [ -99.122904339927814, 19.324298493838707 ], [ -99.122426589325755, 19.324258294531475 ], [ -99.122024682433477, 19.324224475946576 ], [ -99.121651835925604, 19.324193101852241 ], [ -99.121437093960409, 19.324175031505309 ], [ -99.121042538552175, 19.32414182934594 ], [ -99.118922814783801, 19.323987235651302 ], [ -99.118531713030706, 19.323965935152479 ], [ -99.118370760224465, 19.323960546692216 ], [ -99.118218024443394, 19.323967253407478 ], [ -99.117987293917835, 19.323983628709151 ], [ -99.117911748564794, 19.32399831209921 ], [ -99.117644497630138, 19.324050256117069 ], [ -99.117570199737543, 19.324065519235745 ], [ -99.117581219189873, 19.323965770951368 ], [ -99.117671755890953, 19.323139454299064 ], [ -99.117667953549955, 19.323034636289989 ], [ -99.117665785051329, 19.322872959481519 ], [ -99.11766318601326, 19.322821847842125 ], [ -99.117654098297237, 19.322770538428877 ], [ -99.117643736041785, 19.322693078062656 ], [ -99.11772284734873, 19.321936788508751 ], [ -99.117902241180317, 19.321951165886421 ], [ -99.117954433554232, 19.321955348769567 ], [ -99.118259644261641, 19.321979809141656 ], [ -99.118309632633768, 19.321984725827562 ], [ -99.11852914421911, 19.322001407131474 ], [ -99.11869991229824, 19.322015715844465 ], [ -99.118811836967311, 19.322024061970193 ], [ -99.119177786746349, 19.322053252313133 ], [ -99.119612941163084, 19.322098052325462 ], [ -99.120977649266621, 19.322191037865363 ], [ -99.121178876938743, 19.322206728893033 ], [ -99.122335063050485, 19.322296872801473 ], [ -99.122754652932002, 19.322329584962908 ], [ -99.123074035292177, 19.322354484066846 ], [ -99.123061333722987, 19.322477683762258 ], [ -99.123014849200516, 19.322942211122573 ], [ -99.122971808546893, 19.323398353528052 ], [ -99.122951864419846, 19.323849793525792 ], [ -99.122904339927814, 19.324298493838707 ] ] ] ] } },
{ "type": "Feature", "properties": { "id": 4768.0, "entidad": 9, "distrito_f": 19, "distrito_l": 30, "municipio": 3, "seccion": 589, "tipo": 2, "control": 36461.0, "SECCION_TX": "0589", "SECCION__1": null, "SECCION__2": null, "SECCION_N": "589", "ESTATUS": null, "ALCALDIA_N": "COYOACAN", "EN_OPERATI": null, "EN_OP": "NO", "SEC_N": "589", "EST": null, "ALC_N": "COYOACAN", "OP": "NO", "NOMBRE": "PRESIDENTES EJIDALES" }, "geometry": { "type": "MultiPolygon", "coordinates": [ [ [ [ -99.133002136197504, 19.329941110527812 ], [ -99.132477038417846, 19.329891954328158 ], [ -99.131931097630527, 19.329840845307611 ], [ -99.131511126737692, 19.329801528002356 ], [ -99.131455241969348, 19.329796296045121 ], [ -99.131050995060065, 19.329758449746919 ], [ -99.130951459516737, 19.329749130915996 ], [ -99.130616071013137, 19.329717730380636 ], [ -99.130451453421557, 19.32970231793303 ], [ -99.130347783662486, 19.329692611694977 ], [ -99.13027414551631, 19.329685717175568 ], [ -99.1305813859924, 19.327823686109252 ], [ -99.130878444146532, 19.326023324844979 ], [ -99.130966137986263, 19.325826138999584 ], [ -99.132119592214082, 19.326580516042295 ], [ -99.132457165922062, 19.326843892697994 ], [ -99.132853107188936, 19.327152806119702 ], [ -99.133203479837874, 19.327426165200144 ], [ -99.133301690883087, 19.327502788705718 ], [ -99.133254177180078, 19.32758940247674 ], [ -99.133206663427202, 19.32767601623495 ], [ -99.133184451372955, 19.327716506991553 ], [ -99.133181538791305, 19.327747258899276 ], [ -99.133004973568319, 19.329611466285066 ], [ -99.133002136197504, 19.329941110527812 ] ] ] ] } },
{ "type": "Feature", "properties": { "id": 4780.0, "entidad": 9, "distrito_f": 19, "distrito_l": 30, "municipio": 3, "seccion": 601, "tipo": 2, "control": 36671.0, "SECCION_TX": "0601", "SECCION__1": null, "SECCION__2": null, "SECCION_N": "601", "ESTATUS": null, "ALCALDIA_N": "COYOACAN", "EN_OPERATI": null, "EN_OP": "NO", "SEC_N": "601", "EST": null, "ALC_N": "COYOACAN", "OP": "NO", "NOMBRE": "PRESIDENTES EJIDALES" }, "geometry": { "type": "MultiPolygon", "coordinates": [ [ [ [ -99.116804405052818, 19.325927241911184 ], [ -99.116673361173355, 19.325692472871406 ], [ -99.116542603411986, 19.32541443985318 ], [ -99.116518752239074, 19.325381352550934 ], [ -99.116411914608292, 19.325233142906718 ], [ -99.116341765908274, 19.325103198371391 ], [ -99.116297124523271, 19.325018582648312 ], [ -99.116226986694272, 19.324903753092983 ], [ -99.116171662051343, 19.324759350175622 ], [ -99.116124872685617, 19.32460151743274 ], [ -99.116115221304057, 19.324462465250008 ], [ -99.116127798646318, 19.324235731704139 ], [ -99.116130799348682, 19.323975751169506 ], [ -99.116542163523889, 19.323994004179919 ], [ -99.116808462587628, 19.324005819878639 ], [ -99.116972240787661, 19.32401857099617 ], [ -99.117076134691047, 19.324028731834225 ], [ -99.117338200487836, 19.324052004675735 ], [ -99.117570199737543, 19.324065519235745 ], [ -99.117644497630138, 19.324050256117069 ], [ -99.117911748564794, 19.32399831209921 ], [ -99.117987293917835, 19.323983628709151 ], [ -99.118218024443394, 19.323967253407478 ], [ -99.118370760224465, 19.323960546692216 ], [ -99.118531713030706, 19.323965935152479 ], [ -99.118922814783801, 19.323987235651302 ], [ -99.118933027783768, 19.324177543136305 ], [ -99.11893325762162, 19.324495195380511 ], [ -99.118918556340432, 19.324664071960381 ], [ -99.118927750730208, 19.324896524428116 ], [ -99.118971984061758, 19.325007966268537 ], [ -99.11903227274189, 19.325146943365617 ], [ -99.119093642882305, 19.325284007857029 ], [ -99.11928484044617, 19.325609727617014 ], [ -99.118615385012106, 19.325628682128766 ], [ -99.118336917123443, 19.325605335621511 ], [ -99.118068682922882, 19.325590126041984 ], [ -99.117913995828843, 19.325571871793805 ], [ -99.117861140466033, 19.325565606130905 ], [ -99.117836776692258, 19.325562759300357 ], [ -99.117843927012601, 19.325451795668876 ], [ -99.117859813048312, 19.325205264628863 ], [ -99.117837551674299, 19.325205243331347 ], [ -99.117643702820999, 19.325199370228471 ], [ -99.11761452803367, 19.325570908837729 ], [ -99.117583779280821, 19.325568793330547 ], [ -99.11743442972768, 19.32555784111992 ], [ -99.116850685313224, 19.32551548408556 ], [ -99.116804405052818, 19.325927241911184 ] ] ] ] } },
{ "type": "Feature", "properties": { "id": 4782.0, "entidad": 9, "distrito_f": 19, "distrito_l": 30, "municipio": 3, "seccion": 603, "tipo": 2, "control": 36805.0, "SECCION_TX": "0603", "SECCION__1": null, "SECCION__2": null, "SECCION_N": "603", "ESTATUS": "COMPLETA", "ALCALDIA_N": "COYOACAN", "EN_OPERATI": null, "EN_OP": "SI", "SEC_N": "603", "EST": "COMPLETA", "ALC_N": "COYOACAN", "OP": "SI", "NOMBRE": "PRESIDENTES EJIDALES" }, "geometry": { "type": "MultiPolygon", "coordinates": [ [ [ [ -99.132119592214082, 19.326580516042295 ], [ -99.130966137986263, 19.325826138999584 ], [ -99.130878444146532, 19.326023324844979 ], [ -99.130641929339205, 19.325897883829455 ], [ -99.130559345600105, 19.325847996565464 ], [ -99.130160225090265, 19.325548739988932 ], [ -99.1297414450232, 19.325234966520497 ], [ -99.129491264896515, 19.325047516526045 ], [ -99.129071031494263, 19.324721108017354 ], [ -99.12873951090009, 19.324516126145838 ], [ -99.128587065845934, 19.324987710508335 ], [ -99.128571546496616, 19.325196147998223 ], [ -99.128568162633883, 19.325241595960208 ], [ -99.128556137253199, 19.326148290542442 ], [ -99.128512303411966, 19.327091274890758 ], [ -99.127982542101549, 19.32705937705763 ], [ -99.12789811350504, 19.326517148784777 ], [ -99.127402439170552, 19.326469646825803 ], [ -99.127415276569835, 19.326336038288485 ], [ -99.127602438356988, 19.324388079637863 ], [ -99.12788298719245, 19.32400199043402 ], [ -99.127921316865539, 19.323949241250624 ], [ -99.12740887566774, 19.323599711951879 ], [ -99.126954748148037, 19.323288006591337 ], [ -99.126215109092342, 19.32277015660414 ], [ -99.125096975047597, 19.321958888312977 ], [ -99.125000292790801, 19.321889530919165 ], [ -99.124893845868598, 19.321817244652223 ], [ -99.124893167700549, 19.32173093385062 ], [ -99.124892489533494, 19.32164462304819 ], [ -99.124786918017236, 19.320740055847214 ], [ -99.124768118699691, 19.320619693182699 ], [ -99.124757510877856, 19.320551776503166 ], [ -99.124682460586257, 19.320071264635494 ], [ -99.124554667436044, 19.319089987807519 ], [ -99.124730272736471, 19.319153158802294 ], [ -99.124822716051142, 19.319186413611444 ], [ -99.12517152522841, 19.319305594198891 ], [ -99.125257102586659, 19.31933302175505 ], [ -99.125743975343426, 19.319545545896297 ], [ -99.126195411545666, 19.319749708841677 ], [ -99.126225384672864, 19.319763264191923 ], [ -99.126896216401192, 19.320058815214217 ], [ -99.127084258079819, 19.320141660853395 ], [ -99.127434370158554, 19.32029197545458 ], [ -99.127806365696657, 19.320452657415657 ], [ -99.128172893264733, 19.320613342453669 ], [ -99.129186796216473, 19.321054582503862 ], [ -99.129967972477004, 19.321411578224609 ], [ -99.130063389499753, 19.321455183243121 ], [ -99.129737729548651, 19.322589466076451 ], [ -99.12963366193739, 19.32283219249306 ], [ -99.12968927438682, 19.322871777702449 ], [ -99.129833027745377, 19.322970654908612 ], [ -99.130584825012477, 19.32349278481195 ], [ -99.130754226266461, 19.323610434600024 ], [ -99.131395598600832, 19.324066702968793 ], [ -99.132285365627254, 19.324699669813047 ], [ -99.132561055206054, 19.324368732725784 ], [ -99.133275708833736, 19.324841643441037 ], [ -99.133412542765527, 19.324933141877619 ], [ -99.132119592214082, 19.326580516042295 ] ] ] ] } },
{ "type": "Feature", "properties": { "id": 4783.0, "entidad": 9, "distrito_f": 19, "distrito_l": 30, "municipio": 3, "seccion": 607, "tipo": 2, "control": 36768.0, "SECCION_TX": "0607", "SECCION__1": null, "SECCION__2": null, "SECCION_N": "607", "ESTATUS": null, "ALCALDIA_N": "COYOACAN", "EN_OPERATI": null, "EN_OP": "NO", "SEC_N": "607", "EST": null, "ALC_N": "COYOACAN", "OP": "NO", "NOMBRE": "PRESIDENTES EJIDALES" }, "geometry": { "type": "MultiPolygon", "coordinates": [ [ [ [ -99.123074035292177, 19.322354484066846 ], [ -99.122754652932002, 19.322329584962908 ], [ -99.122335063050485, 19.322296872801473 ], [ -99.121178876938743, 19.322206728893033 ], [ -99.120977649266621, 19.322191037865363 ], [ -99.120982351317252, 19.322099654906459 ], [ -99.121000367395396, 19.321749516876974 ], [ -99.121005128823853, 19.321656979453962 ], [ -99.120684180844563, 19.321632334187399 ], [ -99.120715282488092, 19.321171544572614 ], [ -99.120607442158047, 19.321162452466027 ], [ -99.1206003431179, 19.320737903912814 ], [ -99.120554109826173, 19.320490752274509 ], [ -99.120568055775351, 19.320286396732602 ], [ -99.120672952382932, 19.320293810709526 ], [ -99.120695904429525, 19.3198939681734 ], [ -99.120700847085629, 19.319807939700016 ], [ -99.121159287488823, 19.319891144766558 ], [ -99.121508413722069, 19.319955535133584 ], [ -99.122026866780416, 19.320051294436219 ], [ -99.12235155939122, 19.320117356516739 ], [ -99.122533815413504, 19.320158969797273 ], [ -99.122702482655583, 19.320249679935131 ], [ -99.123420192456592, 19.320718123631821 ], [ -99.123587833162688, 19.320827371396824 ], [ -99.123373535327474, 19.321105970481156 ], [ -99.123207505404551, 19.321336689307419 ], [ -99.123169360567942, 19.321469287595963 ], [ -99.123130228026156, 19.321605319094559 ], [ -99.123105758332272, 19.322046783585925 ], [ -99.123074035292177, 19.322354484066846 ] ] ] ] } },
{ "type": "Feature", "properties": { "id": 4790.0, "entidad": 9, "distrito_f": 19, "distrito_l": 30, "municipio": 3, "seccion": 614, "tipo": 2, "control": 36901.0, "SECCION_TX": "0614", "SECCION__1": null, "SECCION__2": null, "SECCION_N": "614", "ESTATUS": null, "ALCALDIA_N": "COYOACAN", "EN_OPERATI": null, "EN_OP": "NO", "SEC_N": "614", "EST": null, "ALC_N": "COYOACAN", "OP": "NO", "NOMBRE": "CTM VIII CULHUACAN" }, "geometry": { "type": "MultiPolygon", "coordinates": [ [ [ [ -99.102920009914143, 19.322493360469124 ], [ -99.101031174652064, 19.322842378034832 ], [ -99.100868509696113, 19.322872438537605 ], [ -99.100702968558124, 19.322717036454332 ], [ -99.100462907926484, 19.322491679431707 ], [ -99.100274649112862, 19.322304958443052 ], [ -99.099902452399945, 19.321935800246635 ], [ -99.099531142526146, 19.321489597364639 ], [ -99.09925173089141, 19.321153826431182 ], [ -99.099193718102939, 19.321037731013394 ], [ -99.099135705396691, 19.320921635575214 ], [ -99.099096712022558, 19.32075089979206 ], [ -99.099493753766936, 19.320747923304825 ], [ -99.099553516185395, 19.320747475211423 ], [ -99.099692257537413, 19.320746434865296 ], [ -99.099864157784253, 19.320803092133751 ], [ -99.100192961887572, 19.320831287482147 ], [ -99.100394674144596, 19.320760237466441 ], [ -99.101583306996602, 19.321596660925078 ], [ -99.101612718120023, 19.321439338145094 ], [ -99.101625956450448, 19.32136852500965 ], [ -99.101680128731743, 19.321078751490237 ], [ -99.102031439263044, 19.319458677484896 ], [ -99.102060135457322, 19.319326343100624 ], [ -99.102148799347304, 19.319393066497263 ], [ -99.102486905485563, 19.319647505031998 ], [ -99.102802893204199, 19.319898830555033 ], [ -99.102919874248386, 19.319992687819365 ], [ -99.103364657058208, 19.320294100927295 ], [ -99.103334311792864, 19.320444192879918 ], [ -99.103301193126867, 19.320608003913037 ], [ -99.103073487920341, 19.321734266917424 ], [ -99.102960921762886, 19.322291029690597 ], [ -99.102945110823768, 19.322363882679735 ], [ -99.102920009914143, 19.322493360469124 ] ] ] ] } },
{ "type": "Feature", "properties": { "id": 4805.0, "entidad": 9, "distrito_f": 19, "distrito_l": 30, "municipio": 3, "seccion": 636, "tipo": 2, "control": 37227.0, "SECCION_TX": "0636", "SECCION__1": null, "SECCION__2": null, "SECCION_N": "636", "ESTATUS": null, "ALCALDIA_N": "COYOACAN", "EN_OPERATI": null, "EN_OP": "NO", "SEC_N": "636", "EST": null, "ALC_N": "COYOACAN", "OP": "NO", "NOMBRE": "CTM VIII CULHUACAN" }, "geometry": { "type": "MultiPolygon", "coordinates": [ [ [ [ -99.102897287989805, 19.319182295936304 ], [ -99.102200764491641, 19.318650041453328 ], [ -99.102026366255842, 19.318598825275377 ], [ -99.10190328113093, 19.318575461768045 ], [ -99.101730954955883, 19.318556634203578 ], [ -99.10144209940394, 19.318540492316913 ], [ -99.101360870586262, 19.318534238326063 ], [ -99.101186571527023, 19.318516572189854 ], [ -99.100885363152145, 19.31848719246867 ], [ -99.100520998153712, 19.318451651801443 ], [ -99.100631056610013, 19.317416177624573 ], [ -99.100706680099336, 19.317422307868039 ], [ -99.100970656426639, 19.317443706249797 ], [ -99.101255471963199, 19.317461769978785 ], [ -99.101524319559118, 19.317478820568422 ], [ -99.101797381648694, 19.317496138036187 ], [ -99.102049802388876, 19.317512146072598 ], [ -99.102080394347922, 19.317539220776812 ], [ -99.102105860770763, 19.3175707187096 ], [ -99.102250171487242, 19.317581738420607 ], [ -99.102447244733696, 19.317597872546663 ], [ -99.103085747857094, 19.317649932429937 ], [ -99.10307874859015, 19.317812406682986 ], [ -99.10307190704107, 19.31796822437575 ], [ -99.103071245778153, 19.31798988755293 ], [ -99.103185191672409, 19.317992337484455 ], [ -99.103156548232405, 19.318438798413929 ], [ -99.103155361818295, 19.31845995690756 ], [ -99.10321556318695, 19.31844929981596 ], [ -99.103342110215038, 19.318466163927614 ], [ -99.103428320713093, 19.318473660367538 ], [ -99.103325942823005, 19.318610278938106 ], [ -99.102897287989805, 19.319182295936304 ] ] ] ] } },
{ "type": "Feature", "properties": { "id": 2177.0, "entidad": 9, "distrito_f": 8, "distrito_l": 30, "municipio": 3, "seccion": 626, "tipo": 2, "control": 36687.0, "SECCION_TX": "0626", "SECCION__1": null, "SECCION__2": null, "SECCION_N": "626", "ESTATUS": null, "ALCALDIA_N": "COYOACAN", "EN_OPERATI": null, "EN_OP": "NO", "SEC_N": "626", "EST": null, "ALC_N": "COYOACAN", "OP": "NO", "NOMBRE": "PRADOS DE COYOACAN" }, "geometry": { "type": "MultiPolygon", "coordinates": [ [ [ [ -99.127699985765176, 19.317092882130602 ], [ -99.127175152340598, 19.31683695956988 ], [ -99.1269560218295, 19.316729850156189 ], [ -99.126669570178223, 19.316589834043931 ], [ -99.126222914135681, 19.316366297533222 ], [ -99.125800132735407, 19.316156461123466 ], [ -99.12567679729203, 19.316087627415811 ], [ -99.125259222660659, 19.31583827484889 ], [ -99.125004033925464, 19.315625681166829 ], [ -99.124907888158546, 19.315545583418196 ], [ -99.124939213501889, 19.315497492778814 ], [ -99.125789951199621, 19.314191428181523 ], [ -99.126167783403488, 19.313634080863608 ], [ -99.126241453641569, 19.313525570594276 ], [ -99.126602963111509, 19.312993883767071 ], [ -99.126617630206724, 19.312972159229638 ], [ -99.127321159331302, 19.311930101207054 ], [ -99.127768833451015, 19.312145014406095 ], [ -99.128208371980662, 19.312375291042741 ], [ -99.12831912000081, 19.312430071287835 ], [ -99.128729002115435, 19.312633489779955 ], [ -99.129176675582428, 19.312842809202923 ], [ -99.129697982447624, 19.313088412062445 ], [ -99.130192857681322, 19.313415091435019 ], [ -99.129620043615446, 19.31424675269842 ], [ -99.129880523123646, 19.314439512980289 ], [ -99.130127831671587, 19.314622525707552 ], [ -99.130485885324902, 19.314893132224757 ], [ -99.130839097175482, 19.315154559727787 ], [ -99.13146812017682, 19.31563615046889 ], [ -99.131840423212324, 19.315897706962964 ], [ -99.131879385621019, 19.315925079386787 ], [ -99.131806957187266, 19.316137898019559 ], [ -99.131686076315404, 19.316384260120699 ], [ -99.131633029768238, 19.316342619538425 ], [ -99.131345389222247, 19.316116826259286 ], [ -99.130956788136459, 19.315803971143112 ], [ -99.130570157647455, 19.315524527909037 ], [ -99.130158354939056, 19.315233829636234 ], [ -99.129780417816676, 19.314946217136416 ], [ -99.128988671392747, 19.316108406461243 ], [ -99.128198480054806, 19.317264013900058 ], [ -99.128163519426948, 19.317315141266317 ], [ -99.127699985765176, 19.317092882130602 ] ] ] ] } },
{ "type": "Feature", "properties": { "id": 4784.0, "entidad": 9, "distrito_f": 19, "distrito_l": 30, "municipio": 3, "seccion": 608, "tipo": 2, "control": 37173.0, "SECCION_TX": "0608", "SECCION__1": null, "SECCION__2": null, "SECCION_N": "608", "ESTATUS": null, "ALCALDIA_N": "COYOACAN", "EN_OPERATI": null, "EN_OP": "NO", "SEC_N": "608", "EST": null, "ALC_N": "COYOACAN", "OP": "NO", "NOMBRE": "CTM VI CULHUACAN" }, "geometry": { "type": "MultiPolygon", "coordinates": [ [ [ [ -99.120977649266621, 19.322191037865363 ], [ -99.119612941163084, 19.322098052325462 ], [ -99.119177786746349, 19.322053252313133 ], [ -99.118811836967311, 19.322024061970193 ], [ -99.11869991229824, 19.322015715844465 ], [ -99.11852914421911, 19.322001407131474 ], [ -99.118309632633768, 19.321984725827562 ], [ -99.118259644261641, 19.321979809141656 ], [ -99.117954433554232, 19.321955348769567 ], [ -99.117902241180317, 19.321951165886421 ], [ -99.117910239174137, 19.321851583992391 ], [ -99.117968309892277, 19.321128550135171 ], [ -99.117932035698601, 19.321126592775936 ], [ -99.117950020852703, 19.320564071262535 ], [ -99.11795157169496, 19.320515565416855 ], [ -99.118047770132847, 19.320519590952451 ], [ -99.118039699577324, 19.319976378932605 ], [ -99.118038441895536, 19.319891726641071 ], [ -99.118486689743875, 19.319805051204703 ], [ -99.119133771486275, 19.319682915689302 ], [ -99.119389275064407, 19.319650347527073 ], [ -99.119656436138229, 19.31964515792944 ], [ -99.119899549069714, 19.319656767891097 ], [ -99.120700847085629, 19.319807939700016 ], [ -99.120695904429525, 19.3198939681734 ], [ -99.120672952382932, 19.320293810709526 ], [ -99.120568055775351, 19.320286396732602 ], [ -99.120554109826173, 19.320490752274509 ], [ -99.1206003431179, 19.320737903912814 ], [ -99.120607442158047, 19.321162452466027 ], [ -99.120715282488092, 19.321171544572614 ], [ -99.120684180844563, 19.321632334187399 ], [ -99.121005128823853, 19.321656979453962 ], [ -99.121000367395396, 19.321749516876974 ], [ -99.120982351317252, 19.322099654906459 ], [ -99.120977649266621, 19.322191037865363 ] ] ] ] } },
{ "type": "Feature", "properties": { "id": 4785.0, "entidad": 9, "distrito_f": 19, "distrito_l": 30, "municipio": 3, "seccion": 609, "tipo": 2, "control": 37174.0, "SECCION_TX": "0609", "SECCION__1": null, "SECCION__2": null, "SECCION_N": "609", "ESTATUS": null, "ALCALDIA_N": "COYOACAN", "EN_OPERATI": null, "EN_OP": "NO", "SEC_N": "609", "EST": null, "ALC_N": "COYOACAN", "OP": "NO", "NOMBRE": "CTM VI CULHUACAN" }, "geometry": { "type": "MultiPolygon", "coordinates": [ [ [ [ -99.117570199737543, 19.324065519235745 ], [ -99.117338200487836, 19.324052004675735 ], [ -99.117076134691047, 19.324028731834225 ], [ -99.116972240787661, 19.32401857099617 ], [ -99.117002367763348, 19.323467696247683 ], [ -99.11679625335394, 19.323048558952085 ], [ -99.116753082600042, 19.322960770156161 ], [ -99.116722531090048, 19.322908189769894 ], [ -99.116628216837725, 19.322745870873284 ], [ -99.116555776719309, 19.322621198050545 ], [ -99.116365405490967, 19.322273227796213 ], [ -99.116337686246908, 19.322222561004835 ], [ -99.115964985815225, 19.321609376401657 ], [ -99.115905458633648, 19.321511438930408 ], [ -99.115729420561138, 19.321201943255033 ], [ -99.11542282757371, 19.32038401851306 ], [ -99.116249259748471, 19.320235657251249 ], [ -99.117117603957126, 19.320070207290758 ], [ -99.118038441895536, 19.319891726641071 ], [ -99.118039699577324, 19.319976378932605 ], [ -99.118047770132847, 19.320519590952451 ], [ -99.11795157169496, 19.320515565416855 ], [ -99.117950020852703, 19.320564071262535 ], [ -99.117932035698601, 19.321126592775936 ], [ -99.117968309892277, 19.321128550135171 ], [ -99.117910239174137, 19.321851583992391 ], [ -99.117902241180317, 19.321951165886421 ], [ -99.11772284734873, 19.321936788508751 ], [ -99.117643736041785, 19.322693078062656 ], [ -99.117654098297237, 19.322770538428877 ], [ -99.11766318601326, 19.322821847842125 ], [ -99.117665785051329, 19.322872959481519 ], [ -99.117667953549955, 19.323034636289989 ], [ -99.117671755890953, 19.323139454299064 ], [ -99.117581219189873, 19.323965770951368 ], [ -99.117570199737543, 19.324065519235745 ] ] ] ] } },
{ "type": "Feature", "properties": { "id": 4786.0, "entidad": 9, "distrito_f": 19, "distrito_l": 30, "municipio": 3, "seccion": 610, "tipo": 2, "control": 36679.0, "SECCION_TX": "0610", "SECCION__1": null, "SECCION__2": null, "SECCION_N": "610", "ESTATUS": null, "ALCALDIA_N": "COYOACAN", "EN_OPERATI": null, "EN_OP": "NO", "SEC_N": "610", "EST": null, "ALC_N": "COYOACAN", "OP": "NO", "NOMBRE": "CTM VI CULHUACAN" }, "geometry": { "type": "MultiPolygon", "coordinates": [ [ [ [ -99.116171662051343, 19.324759350175622 ], [ -99.116100773259959, 19.324752893191121 ], [ -99.115740634383826, 19.324719693944704 ], [ -99.115472458306698, 19.324709251451036 ], [ -99.115181638587785, 19.324695314000838 ], [ -99.115036900589431, 19.324679661002662 ], [ -99.114978271867059, 19.324679328665585 ], [ -99.114750376839723, 19.324676698547798 ], [ -99.11402871676728, 19.324625373824276 ], [ -99.114105445478273, 19.323624428524496 ], [ -99.114116730637861, 19.323501299679656 ], [ -99.11420398628016, 19.322580175895617 ], [ -99.114232190895777, 19.32228242859922 ], [ -99.114238377657884, 19.322145257141688 ], [ -99.114241740419089, 19.322070698687089 ], [ -99.11424240697842, 19.321970342350486 ], [ -99.114226800560076, 19.321900197030974 ], [ -99.114217697891164, 19.321860817415271 ], [ -99.114375437723908, 19.321829280120273 ], [ -99.114649154936473, 19.321774554843184 ], [ -99.114918422929449, 19.321723610858356 ], [ -99.115170479669459, 19.321681753628599 ], [ -99.115190909926071, 19.32167741285711 ], [ -99.115495845318648, 19.321612623609354 ], [ -99.115512875314863, 19.321643160987119 ], [ -99.115543875255341, 19.321698748569599 ], [ -99.11584896922372, 19.321548800249911 ], [ -99.115905458633648, 19.321511438930408 ], [ -99.115964985815225, 19.321609376401657 ], [ -99.116337686246908, 19.322222561004835 ], [ -99.116365405490967, 19.322273227796213 ], [ -99.116555776719309, 19.322621198050545 ], [ -99.116628216837725, 19.322745870873284 ], [ -99.116722531090048, 19.322908189769894 ], [ -99.116753082600042, 19.322960770156161 ], [ -99.11679625335394, 19.323048558952085 ], [ -99.117002367763348, 19.323467696247683 ], [ -99.116972240787661, 19.32401857099617 ], [ -99.116808462587628, 19.324005819878639 ], [ -99.116542163523889, 19.323994004179919 ], [ -99.116130799348682, 19.323975751169506 ], [ -99.116127798646318, 19.324235731704139 ], [ -99.116115221304057, 19.324462465250008 ], [ -99.116124872685617, 19.32460151743274 ], [ -99.116171662051343, 19.324759350175622 ] ] ] ] } },
{ "type": "Feature", "properties": { "id": 2176.0, "entidad": 9, "distrito_f": 8, "distrito_l": 30, "municipio": 3, "seccion": 625, "tipo": 2, "control": 36772.0, "SECCION_TX": "0625", "SECCION__1": null, "SECCION__2": null, "SECCION_N": "625", "ESTATUS": null, "ALCALDIA_N": "COYOACAN", "EN_OPERATI": null, "EN_OP": "NO", "SEC_N": "625", "EST": null, "ALC_N": "COYOACAN", "OP": "NO", "NOMBRE": "LOS OLIVOS" }, "geometry": { "type": "MultiPolygon", "coordinates": [ [ [ [ -99.132156309155675, 19.316299561007241 ], [ -99.131806957187266, 19.316137898019559 ], [ -99.131879385621019, 19.315925079386787 ], [ -99.131840423212324, 19.315897706962964 ], [ -99.13146812017682, 19.31563615046889 ], [ -99.130839097175482, 19.315154559727787 ], [ -99.130485885324902, 19.314893132224757 ], [ -99.130127831671587, 19.314622525707552 ], [ -99.129880523123646, 19.314439512980289 ], [ -99.129620043615446, 19.31424675269842 ], [ -99.130192857681322, 19.313415091435019 ], [ -99.130467512184808, 19.313600215936365 ], [ -99.130707821778273, 19.313766031256076 ], [ -99.131190684020339, 19.313112501311796 ], [ -99.131398236870965, 19.312913625415497 ], [ -99.132093865435365, 19.312276101881345 ], [ -99.132181159444755, 19.312230338287371 ], [ -99.132228817643437, 19.312205353606913 ], [ -99.132515846946532, 19.312302808878908 ], [ -99.13267153892059, 19.312340228317364 ], [ -99.133198165032852, 19.312466797976054 ], [ -99.133069248764002, 19.312906539096176 ], [ -99.133276548728375, 19.312959706252819 ], [ -99.133261329299387, 19.313005292356841 ], [ -99.133252860631572, 19.313030579320465 ], [ -99.133156155341794, 19.313290056512965 ], [ -99.133062350477488, 19.313548328809759 ], [ -99.132971908119998, 19.313812974006222 ], [ -99.132952231574123, 19.313854467666328 ], [ -99.13287135003111, 19.314025029436472 ], [ -99.132787603114991, 19.314265761891299 ], [ -99.132708767519858, 19.314537888712596 ], [ -99.132699970687767, 19.314568253795674 ], [ -99.132640276389694, 19.314774307476096 ], [ -99.132553174944832, 19.315019823798224 ], [ -99.13246440467509, 19.315278092091205 ], [ -99.132375634128934, 19.315536360335347 ], [ -99.132315529358479, 19.315775033825876 ], [ -99.132219625750054, 19.316042656559858 ], [ -99.132164900562458, 19.316264701779815 ], [ -99.132156309155675, 19.316299561007241 ] ] ] ] } },
{ "type": "Feature", "properties": { "id": 2181.0, "entidad": 9, "distrito_f": 8, "distrito_l": 30, "municipio": 3, "seccion": 645, "tipo": 2, "control": 37450.0, "SECCION_TX": "0645", "SECCION__1": null, "SECCION__2": null, "SECCION_N": "645", "ESTATUS": "COMPLETA", "ALCALDIA_N": "COYOACAN", "EN_OPERATI": null, "EN_OP": "SI", "SEC_N": "645", "EST": "COMPLETA", "ALC_N": "COYOACAN", "OP": "SI", "NOMBRE": "LOS OLIVOS" }, "geometry": { "type": "MultiPolygon", "coordinates": [ [ [ [ -99.132228817643437, 19.312205353606913 ], [ -99.132181159444755, 19.312230338287371 ], [ -99.132093865435365, 19.312276101881345 ], [ -99.131398236870965, 19.312913625415497 ], [ -99.131190684020339, 19.313112501311796 ], [ -99.130707821778273, 19.313766031256076 ], [ -99.130467512184808, 19.313600215936365 ], [ -99.130192857681322, 19.313415091435019 ], [ -99.129697982447624, 19.313088412062445 ], [ -99.129176675582428, 19.312842809202923 ], [ -99.128729002115435, 19.312633489779955 ], [ -99.12831912000081, 19.312430071287835 ], [ -99.128208371980662, 19.312375291042649 ], [ -99.127768833451015, 19.312145014406095 ], [ -99.127321159331302, 19.311930101207054 ], [ -99.127500549439091, 19.311670027563263 ], [ -99.127577085614064, 19.311519151738707 ], [ -99.127703383403883, 19.311270180125742 ], [ -99.12777692108628, 19.311186274325806 ], [ -99.127838727872231, 19.311161074742529 ], [ -99.127879932385639, 19.311144275008729 ], [ -99.128347919457099, 19.31098182811375 ], [ -99.128808148201955, 19.310813989974847 ], [ -99.129261280130621, 19.310647406014684 ], [ -99.129725378197747, 19.310494499079386 ], [ -99.130196296818681, 19.310320864790711 ], [ -99.130640728706624, 19.310161223971907 ], [ -99.131114598394845, 19.309998765782026 ], [ -99.131582572259674, 19.309827925181519 ], [ -99.13202101911665, 19.309666879418685 ], [ -99.132520072509209, 19.30948826222561 ], [ -99.132971776633156, 19.309326587492002 ], [ -99.133445756373305, 19.309111506459551 ], [ -99.133348230608178, 19.308940880581677 ], [ -99.133347387389932, 19.308759188913882 ], [ -99.133406318706349, 19.30866819996923 ], [ -99.133394016873169, 19.308646859040227 ], [ -99.13443613116695, 19.308372760389066 ], [ -99.134408293980073, 19.308327910532803 ], [ -99.13447856609433, 19.308309381546831 ], [ -99.134637919878898, 19.308275181999591 ], [ -99.134810939651516, 19.308251446405308 ], [ -99.135166052422193, 19.308209074327429 ], [ -99.135852380582975, 19.308132788892078 ], [ -99.136197100605131, 19.308094472231524 ], [ -99.137108824315916, 19.308003267768562 ], [ -99.137443959182761, 19.307969741315855 ], [ -99.137518616595287, 19.307976499082841 ], [ -99.137610582619445, 19.307987351241582 ], [ -99.138435337838885, 19.308322201082209 ], [ -99.138407769654634, 19.308383527283066 ], [ -99.13838286656852, 19.30843892485532 ], [ -99.137641211946317, 19.310088736476821 ], [ -99.137543968883861, 19.310340678769855 ], [ -99.135052668241542, 19.309350483853834 ], [ -99.134824813999288, 19.30878523203636 ], [ -99.134695581690877, 19.309189799723036 ], [ -99.134506200381068, 19.309782662874742 ], [ -99.134284487337951, 19.310106657730714 ], [ -99.134122219603483, 19.310296963855521 ], [ -99.134076118901902, 19.310307941928322 ], [ -99.134015916603545, 19.310321872699006 ], [ -99.133979469671189, 19.310330306483433 ], [ -99.133939219797568, 19.310319073614121 ], [ -99.132033734491699, 19.311989607166659 ], [ -99.132228817643437, 19.312205353606913 ] ] ] ] } },
{ "type": "Feature", "properties": { "id": 2085.0, "entidad": 9, "distrito_f": 8, "distrito_l": 30, "municipio": 3, "seccion": 447, "tipo": 2, "control": 34850.0, "SECCION_TX": "0447", "SECCION__1": null, "SECCION__2": null, "SECCION_N": "447", "ESTATUS": null, "ALCALDIA_N": "COYOACAN", "EN_OPERATI": null, "EN_OP": "NO", "SEC_N": "447", "EST": null, "ALC_N": "COYOACAN", "OP": "NO", "NOMBRE": "EJIDO VIEJO DE SANTA URSULA COAPA (VIEJO EJIDO DE SANTA URSULA COAPA)" }, "geometry": { "type": "MultiPolygon", "coordinates": [ [ [ [ -99.147241173491906, 19.308678016173911 ], [ -99.147145847940777, 19.3086945508031 ], [ -99.147083118541673, 19.308815977285786 ], [ -99.146998809005296, 19.309036167637444 ], [ -99.146985729175682, 19.30926912469771 ], [ -99.147451803922138, 19.30935723318462 ], [ -99.147633442661132, 19.309374426137818 ], [ -99.147303886395349, 19.310332585401071 ], [ -99.147232879115123, 19.310518565542928 ], [ -99.147081654821022, 19.3109505068185 ], [ -99.146448451290595, 19.310766092281252 ], [ -99.145882583282557, 19.31060432757268 ], [ -99.145267464896037, 19.310421951306171 ], [ -99.14480633298686, 19.310455160108429 ], [ -99.144621099304032, 19.310469354407349 ], [ -99.144418839344169, 19.310489729697835 ], [ -99.144380361099593, 19.310619895003715 ], [ -99.143784207850231, 19.310659532464179 ], [ -99.143725045257696, 19.310601285818791 ], [ -99.143686350475392, 19.310557351113196 ], [ -99.143693277873396, 19.31044844772385 ], [ -99.143739989787534, 19.310328400968345 ], [ -99.143734833610281, 19.310292998887427 ], [ -99.143719162119638, 19.310209483731064 ], [ -99.143655461530756, 19.310032887402997 ], [ -99.143756022185556, 19.309923910279647 ], [ -99.143755461325142, 19.309752503456277 ], [ -99.143746334558372, 19.309552775937302 ], [ -99.143712647545485, 19.309336237678302 ], [ -99.143696899615435, 19.309235010649427 ], [ -99.143530433149834, 19.309161730148993 ], [ -99.143340237441635, 19.3090737407746 ], [ -99.143216851033785, 19.309023093058936 ], [ -99.143058488905055, 19.308939293529498 ], [ -99.142998849790402, 19.308912016262038 ], [ -99.142855539793217, 19.308856069290155 ], [ -99.142802429964661, 19.308814149381671 ], [ -99.142717187577205, 19.309108054224978 ], [ -99.142690826219038, 19.309373159240231 ], [ -99.142806747156328, 19.309474272377013 ], [ -99.142870513672875, 19.309589069858781 ], [ -99.143021511965742, 19.309929289611652 ], [ -99.142956467171302, 19.310132419388271 ], [ -99.142890282639357, 19.310142446512746 ], [ -99.142727766487297, 19.310534602724676 ], [ -99.14269374984174, 19.310662615818408 ], [ -99.142597803428586, 19.310746053335524 ], [ -99.142558236776225, 19.310756030024553 ], [ -99.142452948863507, 19.310813894817745 ], [ -99.14230334823857, 19.31106069868931 ], [ -99.141944473418206, 19.310933788232422 ], [ -99.141394773772134, 19.310759396912754 ], [ -99.14134626298501, 19.310744449251956 ], [ -99.141299088571571, 19.310729924986937 ], [ -99.141251786836705, 19.310715781869792 ], [ -99.141219857359971, 19.31070623501645 ], [ -99.141592070308363, 19.309670522389759 ], [ -99.141770416183689, 19.30917425568876 ], [ -99.141862192935761, 19.309013077920792 ], [ -99.141932219605991, 19.30889009726933 ], [ -99.14201580537204, 19.308743303893781 ], [ -99.142402501971389, 19.308183951208555 ], [ -99.143009590245654, 19.307305794876076 ], [ -99.143143598167597, 19.307391030658568 ], [ -99.14397636615513, 19.307920708791773 ], [ -99.144020856721397, 19.307970147046746 ], [ -99.144280191902055, 19.308004085337391 ], [ -99.14447240772887, 19.307998046242183 ], [ -99.144514885266304, 19.307996711642641 ], [ -99.144689052043987, 19.3080361077822 ], [ -99.144815578061582, 19.308081191483794 ], [ -99.144877935241084, 19.308130388393167 ], [ -99.14494848086845, 19.308176068374216 ], [ -99.145102782864143, 19.30826307529874 ], [ -99.145305994676804, 19.308318057499513 ], [ -99.145460520524537, 19.308330094517707 ], [ -99.14555231217399, 19.308337244700482 ], [ -99.145789919136689, 19.308369437899103 ], [ -99.145925648830726, 19.30835398141371 ], [ -99.146204222683508, 19.308192477215279 ], [ -99.147241173491906, 19.308678016173911 ] ] ] ] } },
{ "type": "Feature", "properties": { "id": 2086.0, "entidad": 9, "distrito_f": 8, "distrito_l": 30, "municipio": 3, "seccion": 448, "tipo": 2, "control": 34847.0, "SECCION_TX": "0448", "SECCION__1": null, "SECCION__2": null, "SECCION_N": "448", "ESTATUS": null, "ALCALDIA_N": "COYOACAN", "EN_OPERATI": null, "EN_OP": "NO", "SEC_N": "448", "EST": null, "ALC_N": "COYOACAN", "OP": "NO", "NOMBRE": "EJIDO VIEJO DE SANTA URSULA COAPA (VIEJO EJIDO DE SANTA URSULA COAPA)" }, "geometry": { "type": "MultiPolygon", "coordinates": [ [ [ [ -99.148366389867135, 19.306904533345918 ], [ -99.148354857546977, 19.307022283842269 ], [ -99.148351163088208, 19.30706000599579 ], [ -99.14832602235164, 19.307404058650182 ], [ -99.148418990905398, 19.307605111952171 ], [ -99.148540922846877, 19.307665628529371 ], [ -99.148814355286277, 19.307744318507098 ], [ -99.148789613729974, 19.307898795459543 ], [ -99.148413462622187, 19.308917008589518 ], [ -99.148262936455552, 19.308872883676216 ], [ -99.148199069197616, 19.308854161722284 ], [ -99.147865374206219, 19.308850317934912 ], [ -99.147747400944098, 19.308804405468173 ], [ -99.147709500436264, 19.308753093890211 ], [ -99.147625159296581, 19.308638908548048 ], [ -99.147241173491906, 19.308678016173911 ], [ -99.146204222683508, 19.308192477215279 ], [ -99.145925648830726, 19.30835398141371 ], [ -99.145789919136689, 19.308369437899103 ], [ -99.14555231217399, 19.308337244700482 ], [ -99.145460520524537, 19.308330094517707 ], [ -99.145305994676804, 19.308318057499513 ], [ -99.145102782864143, 19.30826307529874 ], [ -99.14494848086845, 19.308176068374216 ], [ -99.144877935241084, 19.308130388393167 ], [ -99.144815578061582, 19.308081191483794 ], [ -99.144689052043987, 19.3080361077822 ], [ -99.144514885266304, 19.307996711642641 ], [ -99.14447240772887, 19.307998046242183 ], [ -99.144280191902055, 19.308004085337391 ], [ -99.144020856721397, 19.307970147046746 ], [ -99.14397636615513, 19.307920708791773 ], [ -99.143143598167597, 19.307391030658568 ], [ -99.143009590245654, 19.307305794876076 ], [ -99.144520990435396, 19.305179026477894 ], [ -99.14456292438949, 19.305201174036057 ], [ -99.144673891011195, 19.305259781352667 ], [ -99.14516022669396, 19.305526683185303 ], [ -99.145519221757922, 19.305695846144367 ], [ -99.145781135519002, 19.30575209739991 ], [ -99.145767486316174, 19.30587018533296 ], [ -99.145937008053863, 19.306023645129432 ], [ -99.145970337384909, 19.306095097458734 ], [ -99.146345534748335, 19.30622010490757 ], [ -99.146623649048394, 19.306373840547412 ], [ -99.146868873698807, 19.30649332912532 ], [ -99.147016005391563, 19.306561365051007 ], [ -99.147226148261666, 19.306607740122853 ], [ -99.147747103238785, 19.306744924164665 ], [ -99.147859106749124, 19.306768816505709 ], [ -99.148212086041994, 19.306842989051457 ], [ -99.148366389867135, 19.306904533345918 ] ] ] ] } },
{ "type": "Feature", "properties": { "id": 4798.0, "entidad": 9, "distrito_f": 19, "distrito_l": 30, "municipio": 3, "seccion": 620, "tipo": 2, "control": 37187.0, "SECCION_TX": "0620", "SECCION__1": null, "SECCION__2": null, "SECCION_N": "620", "ESTATUS": null, "ALCALDIA_N": "COYOACAN", "EN_OPERATI": null, "EN_OP": "NO", "SEC_N": "620", "EST": null, "ALC_N": "COYOACAN", "OP": "NO", "NOMBRE": "LOS CIPRESES" }, "geometry": { "type": "MultiPolygon", "coordinates": [ [ [ [ -99.125257102586659, 19.31933302175505 ], [ -99.12517152522841, 19.319305594198891 ], [ -99.124822716051142, 19.319186413611444 ], [ -99.124730272736471, 19.319153158802294 ], [ -99.124554667436044, 19.319089987807519 ], [ -99.12445506770699, 19.318840275720344 ], [ -99.1244223044623, 19.318739445516652 ], [ -99.122918260072694, 19.318143107613555 ], [ -99.121283399721904, 19.317438233762449 ], [ -99.120702995221436, 19.317143818823666 ], [ -99.118439526585988, 19.317253912710061 ], [ -99.117532478398616, 19.317262257174843 ], [ -99.117093781417154, 19.31730012753739 ], [ -99.117107416556408, 19.31721342982615 ], [ -99.117126296755785, 19.317093381757303 ], [ -99.117134041260911, 19.31704413895935 ], [ -99.117160925160306, 19.316935337533234 ], [ -99.117221501613855, 19.31681371632105 ], [ -99.117225854711265, 19.316445072628063 ], [ -99.1172377357084, 19.316368818889657 ], [ -99.117550432352033, 19.31639851099235 ], [ -99.117831557371275, 19.316425204745173 ], [ -99.117952358210545, 19.316436675049591 ], [ -99.118156806094078, 19.316456087638301 ], [ -99.118359988936774, 19.316475379878014 ], [ -99.118632933872604, 19.316501295674772 ], [ -99.118838420917442, 19.316520806150177 ], [ -99.118923322511094, 19.316528266385223 ], [ -99.119224353492939, 19.316554717412515 ], [ -99.119456735483126, 19.316575136035997 ], [ -99.119562892536095, 19.316584463598801 ], [ -99.119765928518106, 19.316602665938248 ], [ -99.120066224346658, 19.316628688340327 ], [ -99.120171018934172, 19.316638264941179 ], [ -99.120438984818065, 19.316663004332145 ], [ -99.120575877404178, 19.316675388386329 ], [ -99.120953749044446, 19.316709792399269 ], [ -99.121324223131751, 19.31674364587607 ], [ -99.121725295975992, 19.316780294566239 ], [ -99.122143415197826, 19.316812684938338 ], [ -99.122200556614914, 19.3168171114275 ], [ -99.122571441176106, 19.316845841749121 ], [ -99.123376066525424, 19.316887136762702 ], [ -99.124180692257099, 19.316928428225349 ], [ -99.124120766680377, 19.316108747725707 ], [ -99.12413660285705, 19.316045499276932 ], [ -99.124289560920218, 19.31543459419359 ], [ -99.124414737639412, 19.31535577518116 ], [ -99.124539030353887, 19.315276974271761 ], [ -99.124656506273951, 19.315203542222825 ], [ -99.124907888158546, 19.315545583418196 ], [ -99.125004033925464, 19.315625681166829 ], [ -99.125259222660659, 19.31583827484889 ], [ -99.12567679729203, 19.316087627415811 ], [ -99.125800132735407, 19.316156461123466 ], [ -99.126222914135681, 19.316366297533222 ], [ -99.126669570178223, 19.316589834043931 ], [ -99.1269560218295, 19.316729850156189 ], [ -99.126898583530064, 19.316821226028633 ], [ -99.126841145166992, 19.316912601882525 ], [ -99.12608191746952, 19.318091640816057 ], [ -99.126065661417769, 19.318116107072175 ], [ -99.125390302708112, 19.319132551518987 ], [ -99.125374580426765, 19.319156214061444 ], [ -99.125257102586659, 19.31933302175505 ] ] ] ] } },
{ "type": "Feature", "properties": { "id": 2066.0, "entidad": 9, "distrito_f": 8, "distrito_l": 30, "municipio": 3, "seccion": 429, "tipo": 2, "control": 34853.0, "SECCION_TX": "0429", "SECCION__1": null, "SECCION__2": null, "SECCION_N": "429", "ESTATUS": null, "ALCALDIA_N": "COYOACAN", "EN_OPERATI": null, "EN_OP": "NO", "SEC_N": "429", "EST": null, "ALC_N": "COYOACAN", "OP": "NO", "NOMBRE": "EX HACIENDA COAPA" }, "geometry": { "type": "MultiPolygon", "coordinates": [ [ [ [ -99.141219857359971, 19.31070623501645 ], [ -99.141251786836705, 19.310715781869792 ], [ -99.141299088571571, 19.310729924986937 ], [ -99.14134626298501, 19.310744449251956 ], [ -99.141394773772134, 19.310759396912754 ], [ -99.141944473418206, 19.310933788232422 ], [ -99.14230334823857, 19.31106069868931 ], [ -99.14269865563908, 19.311346907173412 ], [ -99.143062345892702, 19.311412530628388 ], [ -99.143247438120113, 19.311377862093419 ], [ -99.143477189425454, 19.31137925085028 ], [ -99.143709526020345, 19.311386623083546 ], [ -99.143951611881661, 19.31143223149688 ], [ -99.144009751090309, 19.311437419449714 ], [ -99.144143360825524, 19.311449341814516 ], [ -99.14430340556541, 19.311440866453342 ], [ -99.144449782284923, 19.311445365765781 ], [ -99.14446001485301, 19.311411513484792 ], [ -99.144616712643227, 19.311418878621918 ], [ -99.144932500840525, 19.311504123988463 ], [ -99.145034524887336, 19.311465562481672 ], [ -99.145474575020955, 19.311618468822036 ], [ -99.145453223841827, 19.31182933583527 ], [ -99.145201082076582, 19.312541199473227 ], [ -99.145091960145578, 19.312478014865938 ], [ -99.144922440636151, 19.312447556829117 ], [ -99.144621309943105, 19.312380294458855 ], [ -99.14432207575949, 19.31230952329895 ], [ -99.144220279643591, 19.312285447617381 ], [ -99.144135283700123, 19.31227103325844 ], [ -99.144050287771307, 19.312256618859784 ], [ -99.143588582358205, 19.312054032349739 ], [ -99.143416841920228, 19.312063276749431 ], [ -99.143314066980253, 19.312068808814423 ], [ -99.143017274227191, 19.312096065942505 ], [ -99.143064795843443, 19.312328966472602 ], [ -99.143033521995108, 19.312479638282955 ], [ -99.143060033721696, 19.312554941147582 ], [ -99.143129628486093, 19.312754180386523 ], [ -99.143136276921808, 19.312796544721667 ], [ -99.143142925361019, 19.312838909056349 ], [ -99.143128180425279, 19.312989567908186 ], [ -99.143111753895155, 19.313107273982151 ], [ -99.143075496687388, 19.313229703330471 ], [ -99.143067823708634, 19.313315134737255 ], [ -99.143243941325679, 19.313348471478253 ], [ -99.143300565335764, 19.313544944461064 ], [ -99.143345367303013, 19.313744203060647 ], [ -99.143395144507508, 19.313962288643012 ], [ -99.143444214124472, 19.314127692377461 ], [ -99.143315930482174, 19.314070615486745 ], [ -99.143092447921489, 19.314034288877522 ], [ -99.142980607173214, 19.31398901316831 ], [ -99.142823072438546, 19.313925815094894 ], [ -99.142856152210641, 19.313794802470127 ], [ -99.142869280003893, 19.313684945221642 ], [ -99.142845747732579, 19.313613165976118 ], [ -99.142794273124352, 19.313536573484289 ], [ -99.142509556283329, 19.31339650007634 ], [ -99.142491061150238, 19.313387400919911 ], [ -99.142329616436399, 19.313164097887213 ], [ -99.142137836857003, 19.313139421921345 ], [ -99.141806614754756, 19.31313554204192 ], [ -99.140657970218967, 19.312742912041859 ], [ -99.140531008469779, 19.31270016772373 ], [ -99.140658960964174, 19.312329802003227 ], [ -99.140930658680219, 19.311576684011687 ], [ -99.141219857359971, 19.31070623501645 ] ] ] ] } },
{ "type": "Feature", "properties": { "id": 2189.0, "entidad": 9, "distrito_f": 8, "distrito_l": 30, "municipio": 3, "seccion": 683, "tipo": 2, "control": 36451.0, "SECCION_TX": "0683", "SECCION__1": null, "SECCION__2": null, "SECCION_N": "683", "ESTATUS": null, "ALCALDIA_N": "COYOACAN", "EN_OPERATI": null, "EN_OP": "NO", "SEC_N": "683", "EST": null, "ALC_N": "COYOACAN", "OP": "NO", "NOMBRE": "AVANTE" }, "geometry": { "type": "MultiPolygon", "coordinates": [ [ [ [ -99.13397231129801, 19.32798064857559 ], [ -99.133830579551599, 19.327879656096364 ], [ -99.133566134914702, 19.327691222596496 ], [ -99.133301690883087, 19.327502788705718 ], [ -99.133203479837874, 19.327426165200144 ], [ -99.132853107188936, 19.327152806119702 ], [ -99.132457165922062, 19.326843892697994 ], [ -99.132119592214082, 19.326580516042295 ], [ -99.133412542765527, 19.324933141877619 ], [ -99.133463925295032, 19.324974294484324 ], [ -99.133947034909056, 19.325362829713534 ], [ -99.133904916073888, 19.325807585029036 ], [ -99.133926406263697, 19.325824702801548 ], [ -99.134289916395204, 19.326075933841384 ], [ -99.134928144417614, 19.32651702571923 ], [ -99.134933949054158, 19.326542787077948 ], [ -99.134974180132531, 19.326721335016622 ], [ -99.13397231129801, 19.32798064857559 ] ] ] ] } },
{ "type": "Feature", "properties": { "id": 4776.0, "entidad": 9, "distrito_f": 19, "distrito_l": 30, "municipio": 3, "seccion": 597, "tipo": 2, "control": 35885.0, "SECCION_TX": "0597", "SECCION__1": null, "SECCION__2": null, "SECCION_N": "597", "ESTATUS": null, "ALCALDIA_N": "COYOACAN", "EN_OPERATI": null, "EN_OP": "NO", "SEC_N": "597", "EST": null, "ALC_N": "COYOACAN", "OP": "NO", "NOMBRE": "CTM CULHUACAN" }, "geometry": { "type": "MultiPolygon", "coordinates": [ [ [ [ -99.110094582359054, 19.328001288997459 ], [ -99.109713602262104, 19.327966509017472 ], [ -99.109629706359016, 19.327960943265531 ], [ -99.109432757403155, 19.327904769709335 ], [ -99.109364539708579, 19.32787348507199 ], [ -99.109296322039839, 19.327842200408888 ], [ -99.109172103245498, 19.327713387230609 ], [ -99.10894159294206, 19.327465212314479 ], [ -99.108711238688912, 19.327218631703978 ], [ -99.108523347929221, 19.327040632203261 ], [ -99.108310093547118, 19.326819487077426 ], [ -99.107649984701823, 19.326137316167792 ], [ -99.107037703795697, 19.325504564426428 ], [ -99.107638767229517, 19.325019929100989 ], [ -99.107675328489023, 19.32499044972997 ], [ -99.108156278784264, 19.324612799000178 ], [ -99.108388061512443, 19.324856462108531 ], [ -99.108578019004824, 19.325056155398283 ], [ -99.108764346815903, 19.325252032306253 ], [ -99.10894973009411, 19.325446915616229 ], [ -99.108989272436276, 19.32548848423475 ], [ -99.10952870526171, 19.325001639106578 ], [ -99.109577024205876, 19.325051615730377 ], [ -99.109692367680879, 19.325151637955024 ], [ -99.111292434661891, 19.325277058372443 ], [ -99.111363519561067, 19.325282607231159 ], [ -99.111167424817907, 19.325549278776194 ], [ -99.111146212188615, 19.325625621957091 ], [ -99.111080402956446, 19.325862465592024 ], [ -99.111042995077909, 19.326181067125788 ], [ -99.110805272965308, 19.326171777873128 ], [ -99.110794259052923, 19.326291553889483 ], [ -99.110726841404457, 19.327089334361958 ], [ -99.110450174432529, 19.327070025517468 ], [ -99.110209986788888, 19.327053024588714 ], [ -99.110177779963237, 19.327048676290925 ], [ -99.110170834250695, 19.327128631296212 ], [ -99.110094582359054, 19.328001288997459 ] ] ] ] } },
{ "type": "Feature", "properties": { "id": 4799.0, "entidad": 9, "distrito_f": 19, "distrito_l": 30, "municipio": 3, "seccion": 627, "tipo": 2, "control": 37169.0, "SECCION_TX": "0627", "SECCION__1": null, "SECCION__2": null, "SECCION_N": "627", "ESTATUS": null, "ALCALDIA_N": "COYOACAN", "EN_OPERATI": null, "EN_OP": "NO", "SEC_N": "627", "EST": null, "ALC_N": "COYOACAN", "OP": "NO", "NOMBRE": "ALIANZA POPULAR REVOLUCIONARIA" }, "geometry": { "type": "MultiPolygon", "coordinates": [ [ [ [ -99.124180692257099, 19.316928428225349 ], [ -99.123376066525424, 19.316887136762702 ], [ -99.122571441176106, 19.316845841749121 ], [ -99.122200556614914, 19.3168171114275 ], [ -99.122143415197826, 19.316812684938338 ], [ -99.121725295975992, 19.316780294566239 ], [ -99.121764069210371, 19.316554104886045 ], [ -99.121857873693429, 19.316403991268899 ], [ -99.121913524010196, 19.315908035857881 ], [ -99.121914755596293, 19.315886386066477 ], [ -99.121955648037513, 19.315429681770578 ], [ -99.121715108180837, 19.315395047949263 ], [ -99.121708122085167, 19.315240652294243 ], [ -99.121760809286968, 19.31524496644758 ], [ -99.12176288425843, 19.31518744860092 ], [ -99.121772759356389, 19.314913712101259 ], [ -99.121865896862673, 19.314866506777143 ], [ -99.122079818931013, 19.314883599649967 ], [ -99.122088534185835, 19.314426411763506 ], [ -99.122455500033027, 19.314461834260303 ], [ -99.122461966163684, 19.314331282086897 ], [ -99.122470759507806, 19.314143584398614 ], [ -99.122841574983042, 19.31417153903412 ], [ -99.123214185445406, 19.314199628219175 ], [ -99.123329311934015, 19.314208306856784 ], [ -99.123329416634036, 19.314347930228312 ], [ -99.123359121259014, 19.31435115138575 ], [ -99.123557915303593, 19.314372708403383 ], [ -99.123579034202251, 19.314200449470505 ], [ -99.123586429676308, 19.314140127278897 ], [ -99.123625780619534, 19.313819155212585 ], [ -99.123728846576896, 19.313813339435701 ], [ -99.124044756627072, 19.313795488543136 ], [ -99.124162849099164, 19.313788849020142 ], [ -99.124357228713137, 19.313777879996884 ], [ -99.124401628603891, 19.314171049945315 ], [ -99.124429605683048, 19.314579636486869 ], [ -99.124569284626361, 19.314973209692052 ], [ -99.124656506273951, 19.315203542222825 ], [ -99.124539030353887, 19.315276974271761 ], [ -99.124414737639412, 19.31535577518116 ], [ -99.124289560920218, 19.31543459419359 ], [ -99.12413660285705, 19.316045499276932 ], [ -99.124120766680377, 19.316108747725707 ], [ -99.124180692257099, 19.316928428225349 ] ] ] ] } },
{ "type": "Feature", "properties": { "id": 4800.0, "entidad": 9, "distrito_f": 19, "distrito_l": 30, "municipio": 3, "seccion": 628, "tipo": 2, "control": 37171.0, "SECCION_TX": "0628", "SECCION__1": null, "SECCION__2": null, "SECCION_N": "628", "ESTATUS": null, "ALCALDIA_N": "COYOACAN", "EN_OPERATI": null, "EN_OP": "NO", "SEC_N": "628", "EST": null, "ALC_N": "COYOACAN", "OP": "NO", "NOMBRE": "ALIANZA POPULAR REVOLUCIONARIA" }, "geometry": { "type": "MultiPolygon", "coordinates": [ [ [ [ -99.121725295975992, 19.316780294566239 ], [ -99.121324223131751, 19.31674364587607 ], [ -99.120953749044446, 19.316709792399269 ], [ -99.120575877404178, 19.316675388386329 ], [ -99.120438984818065, 19.316663004332145 ], [ -99.120171018934172, 19.316638264941179 ], [ -99.120066224346658, 19.316628688340327 ], [ -99.120149216240648, 19.315741039332483 ], [ -99.120152176707393, 19.315709207345435 ], [ -99.120036200516566, 19.315702610936192 ], [ -99.120033956170857, 19.31566099504164 ], [ -99.120027294275445, 19.315537466375009 ], [ -99.12006243706314, 19.315537443253895 ], [ -99.120068555591388, 19.315499185598753 ], [ -99.120078179453472, 19.315439009915448 ], [ -99.120111554116406, 19.315423974273784 ], [ -99.120118789443779, 19.315381400708738 ], [ -99.120142563903315, 19.315241508680185 ], [ -99.120146642639739, 19.315211954204258 ], [ -99.120147171508023, 19.315161771773887 ], [ -99.12000554111286, 19.315139387985713 ], [ -99.119879680077602, 19.315052612799352 ], [ -99.119803860917472, 19.315000339014532 ], [ -99.11964211710719, 19.314922612908905 ], [ -99.119543550170675, 19.314875246388912 ], [ -99.119568248817103, 19.314634933892027 ], [ -99.11962013158913, 19.314130123470875 ], [ -99.119630966073743, 19.314024705419712 ], [ -99.1199252761743, 19.314048588612451 ], [ -99.120879140677474, 19.314124025133861 ], [ -99.120935626445643, 19.313952289005901 ], [ -99.120921224302123, 19.313908438260185 ], [ -99.121078896821899, 19.313915635507517 ], [ -99.121342571362234, 19.313927671102928 ], [ -99.121570718090013, 19.313938084699252 ], [ -99.121827237301829, 19.313972738172712 ], [ -99.122034939486511, 19.313988303852771 ], [ -99.12201504157234, 19.314419317574391 ], [ -99.122088534185835, 19.314426411763506 ], [ -99.122079818931013, 19.314883599649967 ], [ -99.121865896862673, 19.314866506777143 ], [ -99.121772759356389, 19.314913712101259 ], [ -99.12176288425843, 19.31518744860092 ], [ -99.121760809286968, 19.31524496644758 ], [ -99.121708122085167, 19.315240652294243 ], [ -99.121715108180837, 19.315395047949263 ], [ -99.121955648037513, 19.315429681770578 ], [ -99.121914755596293, 19.315886386066477 ], [ -99.121913524010196, 19.315908035857881 ], [ -99.121857873693429, 19.316403991268899 ], [ -99.121764069210371, 19.316554104886045 ], [ -99.121725295975992, 19.316780294566239 ] ] ] ] } },
{ "type": "Feature", "properties": { "id": 4801.0, "entidad": 9, "distrito_f": 19, "distrito_l": 30, "municipio": 3, "seccion": 629, "tipo": 2, "control": 37167.0, "SECCION_TX": "0629", "SECCION__1": null, "SECCION__2": null, "SECCION_N": "629", "ESTATUS": null, "ALCALDIA_N": "COYOACAN", "EN_OPERATI": null, "EN_OP": "NO", "SEC_N": "629", "EST": null, "ALC_N": "COYOACAN", "OP": "NO", "NOMBRE": "ALIANZA POPULAR REVOLUCIONARIA" }, "geometry": { "type": "MultiPolygon", "coordinates": [ [ [ [ -99.118838420917442, 19.316520806150177 ], [ -99.118632933872604, 19.316501295674772 ], [ -99.118359988936774, 19.316475379878014 ], [ -99.118156806094078, 19.316456087638301 ], [ -99.117952358210545, 19.316436675049591 ], [ -99.117831557371275, 19.316425204745173 ], [ -99.117550432352033, 19.31639851099235 ], [ -99.1172377357084, 19.316368818889657 ], [ -99.116917323012473, 19.316338393541908 ], [ -99.116793942811427, 19.316326677606085 ], [ -99.11680671425745, 19.316240177817672 ], [ -99.116827157582236, 19.316029968804585 ], [ -99.116837898126946, 19.315919528665418 ], [ -99.116848025737241, 19.315803201948469 ], [ -99.116834375339536, 19.3157515128086 ], [ -99.116827492759484, 19.315644890334809 ], [ -99.116861494755526, 19.315599632913809 ], [ -99.117184677227797, 19.315617550243008 ], [ -99.117259969255869, 19.315242890995581 ], [ -99.117238916578515, 19.315098567553168 ], [ -99.117216641315807, 19.314883712529593 ], [ -99.117323849513227, 19.314885259186475 ], [ -99.11732119557287, 19.314775245538911 ], [ -99.117364040700153, 19.314600598464633 ], [ -99.117412513129224, 19.314143832364188 ], [ -99.117423850754207, 19.314032662629373 ], [ -99.117432171461942, 19.313951074823972 ], [ -99.1175129038199, 19.313951463343606 ], [ -99.117534235108678, 19.31390508830788 ], [ -99.117656273942828, 19.313844160457613 ], [ -99.117785421370144, 19.313797451786023 ], [ -99.117818375763576, 19.313776048577594 ], [ -99.118098901942318, 19.313799156865901 ], [ -99.118201237845071, 19.313807586656562 ], [ -99.118412833043394, 19.313825016358653 ], [ -99.118688511553501, 19.313841096763468 ], [ -99.119412555886143, 19.313910970403839 ], [ -99.11944390971189, 19.313909945529211 ], [ -99.119480183670078, 19.313764912429903 ], [ -99.119493976835486, 19.313743782025014 ], [ -99.119662285121834, 19.313743959158053 ], [ -99.119630966073743, 19.314024705419712 ], [ -99.11962013158913, 19.314130123470875 ], [ -99.119568248817103, 19.314634933892027 ], [ -99.119543550170675, 19.314875246388912 ], [ -99.11964211710719, 19.314922612908905 ], [ -99.119803860917472, 19.315000339014532 ], [ -99.119879680077602, 19.315052612799352 ], [ -99.12000554111286, 19.315139387985713 ], [ -99.120147171508023, 19.315161771773887 ], [ -99.120146642639739, 19.315211954204258 ], [ -99.120142563903315, 19.315241508680185 ], [ -99.120118789443779, 19.315381400708738 ], [ -99.120111554116406, 19.315423974273784 ], [ -99.120078179453472, 19.315439009915448 ], [ -99.120068555591388, 19.315499185598753 ], [ -99.12006243706314, 19.315537443253895 ], [ -99.120027294275445, 19.315537466375009 ], [ -99.120033956170857, 19.31566099504164 ], [ -99.120036200516566, 19.315702610936192 ], [ -99.120152176707393, 19.315709207345435 ], [ -99.120149216240648, 19.315741039332483 ], [ -99.120066224346658, 19.316628688340327 ], [ -99.119765928518106, 19.316602665938248 ], [ -99.119562892536095, 19.316584463598801 ], [ -99.119456735483126, 19.316575136035997 ], [ -99.119224353492939, 19.316554717412515 ], [ -99.118923322511094, 19.316528266385223 ], [ -99.118838420917442, 19.316520806150177 ] ] ] ] } },
{ "type": "Feature", "properties": { "id": 4802.0, "entidad": 9, "distrito_f": 19, "distrito_l": 30, "municipio": 3, "seccion": 630, "tipo": 2, "control": 37166.0, "SECCION_TX": "0630", "SECCION__1": null, "SECCION__2": null, "SECCION_N": "630", "ESTATUS": null, "ALCALDIA_N": "COYOACAN", "EN_OPERATI": null, "EN_OP": "NO", "SEC_N": "630", "EST": null, "ALC_N": "COYOACAN", "OP": "NO", "NOMBRE": "ALIANZA POPULAR REVOLUCIONARIA" }, "geometry": { "type": "MultiPolygon", "coordinates": [ [ [ [ -99.116793942811427, 19.316326677606085 ], [ -99.116612905357599, 19.316308540907851 ], [ -99.116258396213766, 19.316273024932716 ], [ -99.116163199524138, 19.316263487672863 ], [ -99.115900253978154, 19.316237144266051 ], [ -99.115809520526554, 19.316228053973663 ], [ -99.115614710090114, 19.316208536387403 ], [ -99.115543087617411, 19.316201360651601 ], [ -99.115553833017131, 19.315981906885931 ], [ -99.115663837616552, 19.315818201991949 ], [ -99.115665524315119, 19.315792848543698 ], [ -99.115678050767201, 19.3156045581418 ], [ -99.115792801183773, 19.315381759666796 ], [ -99.115821265459047, 19.315009016967387 ], [ -99.115878229767432, 19.315008048362944 ], [ -99.116098953732617, 19.315004295069183 ], [ -99.116192351648905, 19.315055371620147 ], [ -99.116273745608936, 19.315057592482187 ], [ -99.11635513957097, 19.315059813307904 ], [ -99.11638966846192, 19.314801838563834 ], [ -99.116382051598279, 19.314647888935518 ], [ -99.116517967030973, 19.314656624734223 ], [ -99.11652177477454, 19.314618561084622 ], [ -99.116528357444892, 19.314552758172951 ], [ -99.116559876807969, 19.314237677745197 ], [ -99.116416490030076, 19.314201741525881 ], [ -99.116429656317123, 19.314032682270557 ], [ -99.116447637441027, 19.313801860967882 ], [ -99.116453680249137, 19.313724206575099 ], [ -99.116622829104031, 19.313739916618445 ], [ -99.11687472575656, 19.313765940104318 ], [ -99.11690083604131, 19.313769308875443 ], [ -99.11692380474291, 19.313879402243206 ], [ -99.116981843320616, 19.313948906991584 ], [ -99.117312552901453, 19.313950499101249 ], [ -99.117432171461942, 19.313951074823972 ], [ -99.117423850754207, 19.314032662629373 ], [ -99.117412513129224, 19.314143832364188 ], [ -99.117364040700153, 19.314600598464633 ], [ -99.11732119557287, 19.314775245538911 ], [ -99.117323849513227, 19.314885259186475 ], [ -99.117216641315807, 19.314883712529593 ], [ -99.117238916578515, 19.315098567553168 ], [ -99.117259969255869, 19.315242890995581 ], [ -99.117184677227797, 19.315617550243008 ], [ -99.116861494755526, 19.315599632913809 ], [ -99.116827492759484, 19.315644890334809 ], [ -99.116834375339536, 19.3157515128086 ], [ -99.116848025737241, 19.315803201948469 ], [ -99.116837898126946, 19.315919528665418 ], [ -99.116827157582236, 19.316029968804585 ], [ -99.11680671425745, 19.316240177817672 ], [ -99.116793942811427, 19.316326677606085 ] ] ] ] } },
{ "type": "Feature", "properties": { "id": 4810.0, "entidad": 9, "distrito_f": 19, "distrito_l": 30, "municipio": 3, "seccion": 641, "tipo": 2, "control": 37158.0, "SECCION_TX": "0641", "SECCION__1": null, "SECCION__2": null, "SECCION_N": "641", "ESTATUS": "COMPLETA", "ALCALDIA_N": "COYOACAN", "EN_OPERATI": null, "EN_OP": "SI", "SEC_N": "641", "EST": "COMPLETA", "ALC_N": "COYOACAN", "OP": "SI", "NOMBRE": "ALIANZA POPULAR REVOLUCIONARIA" }, "geometry": { "type": "MultiPolygon", "coordinates": [ [ [ [ -99.11944390971189, 19.313909945529211 ], [ -99.119412555886143, 19.313910970403839 ], [ -99.118688511553501, 19.313841096763468 ], [ -99.118412833043394, 19.313825016358653 ], [ -99.118201237845071, 19.313807586656562 ], [ -99.118098901942318, 19.313799156865901 ], [ -99.117818375763576, 19.313776048577594 ], [ -99.117785421370144, 19.313797451786023 ], [ -99.117656273942828, 19.313844160457613 ], [ -99.117534235108678, 19.31390508830788 ], [ -99.1175129038199, 19.313951463343606 ], [ -99.117432171461942, 19.313951074823972 ], [ -99.117312552901453, 19.313950499101249 ], [ -99.116981843320616, 19.313948906991584 ], [ -99.11692380474291, 19.313879402243206 ], [ -99.11690083604131, 19.313769308875443 ], [ -99.11687472575656, 19.313765940104318 ], [ -99.116622829104031, 19.313739916618445 ], [ -99.116453680249137, 19.313724206575099 ], [ -99.11646599939678, 19.313463889813157 ], [ -99.116471891688605, 19.313316467083009 ], [ -99.116476609846941, 19.313239679029426 ], [ -99.116501844402862, 19.312996948969598 ], [ -99.116530681375025, 19.312896526856889 ], [ -99.116771676457617, 19.312919797775205 ], [ -99.116768321768603, 19.312893692458079 ], [ -99.116779019116578, 19.312724323604581 ], [ -99.116848238694743, 19.31257769040273 ], [ -99.116889011334806, 19.312308419380848 ], [ -99.116915767465741, 19.312105157806716 ], [ -99.117308991233926, 19.312155135748068 ], [ -99.117747571611361, 19.31220216481805 ], [ -99.118070339474627, 19.312236133413958 ], [ -99.118460937396577, 19.312272960930805 ], [ -99.118787896535935, 19.31229662509201 ], [ -99.1190896285907, 19.312212859990002 ], [ -99.119125149354659, 19.312194232367371 ], [ -99.119662168973008, 19.311912609847969 ], [ -99.119927131699683, 19.311782726266543 ], [ -99.119975364751213, 19.311759082569989 ], [ -99.120200151049346, 19.312251596955825 ], [ -99.12018347155859, 19.312849991485368 ], [ -99.119736308392348, 19.313457019919948 ], [ -99.119671575832939, 19.313544267196104 ], [ -99.119590864469245, 19.313660728090149 ], [ -99.119493976835486, 19.313743782025014 ], [ -99.119480183670078, 19.313764912429903 ], [ -99.11944390971189, 19.313909945529211 ] ] ] ] } },
{ "type": "Feature", "properties": { "id": 4811.0, "entidad": 9, "distrito_f": 19, "distrito_l": 30, "municipio": 3, "seccion": 642, "tipo": 2, "control": 37162.0, "SECCION_TX": "0642", "SECCION__1": null, "SECCION__2": null, "SECCION_N": "642", "ESTATUS": null, "ALCALDIA_N": "COYOACAN", "EN_OPERATI": null, "EN_OP": "NO", "SEC_N": "642", "EST": null, "ALC_N": "COYOACAN", "OP": "NO", "NOMBRE": "ALIANZA POPULAR REVOLUCIONARIA" }, "geometry": { "type": "MultiPolygon", "coordinates": [ [ [ [ -99.121570718090013, 19.313938084699252 ], [ -99.121342571362234, 19.313927671102928 ], [ -99.121078896821899, 19.313915635507517 ], [ -99.120921224302123, 19.313908438260185 ], [ -99.120935626445643, 19.313952289005901 ], [ -99.120879140677474, 19.314124025133861 ], [ -99.1199252761743, 19.314048588612451 ], [ -99.119630966073743, 19.314024705419712 ], [ -99.119662285121834, 19.313743959158053 ], [ -99.119493976835486, 19.313743782025014 ], [ -99.119590864469245, 19.313660728090149 ], [ -99.119671575832939, 19.313544267196104 ], [ -99.119736308392348, 19.313457019919948 ], [ -99.12018347155859, 19.312849991485368 ], [ -99.120200151049346, 19.312251596955825 ], [ -99.119975364751213, 19.311759082569989 ], [ -99.120023142709186, 19.311744146403143 ], [ -99.120340394695589, 19.311644967885339 ], [ -99.120566738205937, 19.311644818487977 ], [ -99.120591944294759, 19.311645561519292 ], [ -99.12096284812317, 19.311656494710419 ], [ -99.120986247877767, 19.311655795623999 ], [ -99.121257829841582, 19.31164768167481 ], [ -99.121371515114561, 19.311644285023736 ], [ -99.1218209843925, 19.311655364675985 ], [ -99.121843072915141, 19.31165590914102 ], [ -99.122270615096753, 19.311661592361123 ], [ -99.122273775501284, 19.311685668136388 ], [ -99.122328113017659, 19.3121064517909 ], [ -99.12233765149584, 19.312180250425399 ], [ -99.122345493297871, 19.312240921926403 ], [ -99.122282997963111, 19.312249725273279 ], [ -99.122165361734929, 19.312266295930087 ], [ -99.122161766089988, 19.312308769840907 ], [ -99.122104957169284, 19.312331765431018 ], [ -99.122103209613428, 19.312420727181792 ], [ -99.122102131207683, 19.312475624879191 ], [ -99.122101462055994, 19.312509688931687 ], [ -99.122053119065697, 19.312536122476185 ], [ -99.12206785103578, 19.312836856771685 ], [ -99.122026853119948, 19.312835846262093 ], [ -99.12169015094193, 19.312829388194395 ], [ -99.121659183013278, 19.312832538169712 ], [ -99.121661674166148, 19.312931254053193 ], [ -99.121613318250141, 19.312940469313194 ], [ -99.12160689299121, 19.31302827149705 ], [ -99.121586847738939, 19.313114964470028 ], [ -99.121591743415777, 19.313195312695253 ], [ -99.121681219660402, 19.313202140322979 ], [ -99.121672906161962, 19.313372407862829 ], [ -99.121671691458459, 19.313397285999081 ], [ -99.12163831184742, 19.313796943507903 ], [ -99.121634896238319, 19.313837838839344 ], [ -99.121633340742264, 19.313856462897924 ], [ -99.121570718090013, 19.313938084699252 ] ] ] ] } },
{ "type": "Feature", "properties": { "id": 4746.0, "entidad": 9, "distrito_f": 19, "distrito_l": 30, "municipio": 3, "seccion": 559, "tipo": 2, "control": 35977.0, "SECCION_TX": "0559", "SECCION__1": null, "SECCION__2": null, "SECCION_N": "559", "ESTATUS": null, "ALCALDIA_N": "COYOACAN", "EN_OPERATI": null, "EN_OP": "NO", "SEC_N": "559", "EST": null, "ALC_N": "COYOACAN", "OP": "NO", "NOMBRE": "SAN FRANCISCO CULHUACAN" }, "geometry": { "type": "MultiPolygon", "coordinates": [ [ [ [ -99.118121847409782, 19.33838131888459 ], [ -99.11693376771143, 19.337840779247959 ], [ -99.115932866219907, 19.337364788269969 ], [ -99.116069466334409, 19.337112502953339 ], [ -99.116233304067691, 19.336652394995316 ], [ -99.116353916886709, 19.336463238395289 ], [ -99.116449316897231, 19.336313622575695 ], [ -99.11647776924211, 19.336296386947122 ], [ -99.116788545227365, 19.336108127088515 ], [ -99.116954212334832, 19.33600463244872 ], [ -99.117116677402876, 19.335838207626082 ], [ -99.117195515903603, 19.335718286313195 ], [ -99.117272484953304, 19.335617323651519 ], [ -99.118046218807123, 19.335852620073563 ], [ -99.118137081012179, 19.335880251474237 ], [ -99.118588185920615, 19.335920417151058 ], [ -99.11862502286958, 19.335923697005306 ], [ -99.118546584136411, 19.336365018771982 ], [ -99.118515960052818, 19.336518207036121 ], [ -99.118485335912922, 19.336671395292946 ], [ -99.118512483959975, 19.337025123585448 ], [ -99.11858192332609, 19.337174067642021 ], [ -99.118619826345906, 19.337194116825099 ], [ -99.11859357546976, 19.337447566175719 ], [ -99.118428078715866, 19.33777515677782 ], [ -99.118121847409782, 19.33838131888459 ] ] ] ] } },
{ "type": "Feature", "properties": { "id": 2102.0, "entidad": 9, "distrito_f": 8, "distrito_l": 26, "municipio": 3, "seccion": 464, "tipo": 2, "control": 35664.0, "SECCION_TX": "0464", "SECCION__1": null, "SECCION__2": null, "SECCION_N": "464", "ESTATUS": null, "ALCALDIA_N": "COYOACAN", "EN_OPERATI": null, "EN_OP": "NO", "SEC_N": "464", "EST": null, "ALC_N": "COYOACAN", "OP": "NO", "NOMBRE": "VILLA PANAMERICANA" }, "geometry": { "type": "MultiPolygon", "coordinates": [ [ [ [ -99.178372291142907, 19.306338253898378 ], [ -99.176058106839562, 19.307449264314357 ], [ -99.175957211549132, 19.306919486638844 ], [ -99.175943342222581, 19.306609418841894 ], [ -99.17594730599329, 19.305711909397417 ], [ -99.176259272635008, 19.305578506679566 ], [ -99.176570359116639, 19.305609196900949 ], [ -99.176922009065521, 19.305736750122243 ], [ -99.17785629060802, 19.306075635762234 ], [ -99.177874354531326, 19.306082709521174 ], [ -99.178064506241853, 19.3061102945294 ], [ -99.178240473831394, 19.306109231297736 ], [ -99.178281472499947, 19.306108983551159 ], [ -99.178372291142907, 19.306338253898378 ] ] ] ] } },
{ "type": "Feature", "properties": { "id": 2106.0, "entidad": 9, "distrito_f": 8, "distrito_l": 26, "municipio": 3, "seccion": 468, "tipo": 2, "control": 35672.0, "SECCION_TX": "0468", "SECCION__1": null, "SECCION__2": null, "SECCION_N": "468", "ESTATUS": null, "ALCALDIA_N": "COYOACAN", "EN_OPERATI": null, "EN_OP": "NO", "SEC_N": "468", "EST": null, "ALC_N": "COYOACAN", "OP": "NO", "NOMBRE": "VILLA PANAMERICANA" }, "geometry": { "type": "MultiPolygon", "coordinates": [ [ [ [ -99.169206826266361, 19.309801100532386 ], [ -99.168321429686642, 19.309376872813392 ], [ -99.168061174514833, 19.309252173261669 ], [ -99.168193768988786, 19.309038238680756 ], [ -99.168155918235655, 19.30860228090107 ], [ -99.168131585492901, 19.30832201970075 ], [ -99.168119008873163, 19.308177163519147 ], [ -99.168098459781106, 19.307940480658374 ], [ -99.168144309441615, 19.307913512426833 ], [ -99.168290589761085, 19.307827471925428 ], [ -99.168329004860411, 19.30779425071195 ], [ -99.168367419944161, 19.307761029490383 ], [ -99.168454637625842, 19.30759833864505 ], [ -99.168493351049932, 19.30765231714653 ], [ -99.168720102806475, 19.307968478424446 ], [ -99.168914908355362, 19.307838743112278 ], [ -99.169059101918336, 19.307779384407944 ], [ -99.169214737924221, 19.307727070113241 ], [ -99.169257870473871, 19.307712571839058 ], [ -99.169378648354538, 19.30763102514371 ], [ -99.169417769391671, 19.307760543969088 ], [ -99.169454845623193, 19.307903939859553 ], [ -99.169460827386615, 19.307927074880055 ], [ -99.169542774033616, 19.307997328705905 ], [ -99.169648010335877, 19.307967618321602 ], [ -99.169772793926228, 19.307989711746806 ], [ -99.169756988779724, 19.307786139816656 ], [ -99.169803686113255, 19.307700960150903 ], [ -99.169869957469103, 19.307693495335553 ], [ -99.169955734111298, 19.307697117060467 ], [ -99.170115667658251, 19.307778402721603 ], [ -99.170256092198684, 19.307844900139603 ], [ -99.17039948018629, 19.307906201345865 ], [ -99.17010568309361, 19.308388219585702 ], [ -99.169901650396213, 19.308712365322009 ], [ -99.169206826266361, 19.309801100532386 ] ] ] ] } },
{ "type": "Feature", "properties": { "id": 2151.0, "entidad": 9, "distrito_f": 8, "distrito_l": 26, "municipio": 3, "seccion": 512, "tipo": 2, "control": 35663.0, "SECCION_TX": "0512", "SECCION__1": null, "SECCION__2": null, "SECCION_N": "512", "ESTATUS": null, "ALCALDIA_N": "COYOACAN", "EN_OPERATI": null, "EN_OP": "NO", "SEC_N": "512", "EST": null, "ALC_N": "COYOACAN", "OP": "NO", "NOMBRE": "VILLA PANAMERICANA" }, "geometry": { "type": "MultiPolygon", "coordinates": [ [ [ [ -99.178281472499947, 19.306108983551159 ], [ -99.178240473831394, 19.306109231297736 ], [ -99.178064506241853, 19.3061102945294 ], [ -99.177874354531326, 19.306082709521174 ], [ -99.17785629060802, 19.306075635762234 ], [ -99.176922009065521, 19.305736750122243 ], [ -99.176570359116639, 19.305609196900949 ], [ -99.17660746790402, 19.305538738503447 ], [ -99.176645124279332, 19.305480812529982 ], [ -99.176671941424573, 19.305439560275968 ], [ -99.176842653506469, 19.305472763049352 ], [ -99.176948346546823, 19.30516024355585 ], [ -99.177171215660735, 19.305014232747443 ], [ -99.17775009253188, 19.304761557283097 ], [ -99.177932776918468, 19.30468181636035 ], [ -99.178058406647949, 19.304626979391006 ], [ -99.178095788848893, 19.30461066215781 ], [ -99.178055953618468, 19.304318605740349 ], [ -99.178047879515162, 19.30426010749709 ], [ -99.178378736512357, 19.304121801329373 ], [ -99.178389496487199, 19.304771203009413 ], [ -99.178255938092775, 19.304774200392995 ], [ -99.178394077365027, 19.305817537169144 ], [ -99.178399590796417, 19.305859178664445 ], [ -99.17836012841758, 19.305875647688005 ], [ -99.178326752503835, 19.305887983765686 ], [ -99.178357655762639, 19.305954297028602 ], [ -99.178385341825148, 19.306016200444958 ], [ -99.17840546463907, 19.306061193120488 ], [ -99.178281472499947, 19.306108983551159 ] ] ] ] } },
{ "type": "Feature", "properties": { "id": 2097.0, "entidad": 9, "distrito_f": 8, "distrito_l": 26, "municipio": 3, "seccion": 459, "tipo": 2, "control": 35668.0, "SECCION_TX": "0459", "SECCION__1": null, "SECCION__2": null, "SECCION_N": "459", "ESTATUS": null, "ALCALDIA_N": "COYOACAN", "EN_OPERATI": null, "EN_OP": "NO", "SEC_N": "459", "EST": null, "ALC_N": "COYOACAN", "OP": "NO", "NOMBRE": "CIUDAD UNIVERSITARIA" }, "geometry": { "type": "MultiPolygon", "coordinates": [ [ [ [ -99.172845984355362, 19.310932228632744 ], [ -99.171802491988842, 19.311387211849802 ], [ -99.171778396468142, 19.311334002092327 ], [ -99.171729885401504, 19.31123113306543 ], [ -99.171681355287163, 19.311126810097861 ], [ -99.171655622580005, 19.311071493614008 ], [ -99.171349711103289, 19.310413885803538 ], [ -99.17146048709202, 19.310352888978183 ], [ -99.171207793133732, 19.309808870672011 ], [ -99.170919528220224, 19.309936805746197 ], [ -99.170821320303773, 19.309756888153405 ], [ -99.172495650610585, 19.308993102623976 ], [ -99.172885927390055, 19.30969024099312 ], [ -99.172411974741152, 19.309931145122199 ], [ -99.172693203786579, 19.310579617895428 ], [ -99.172719000942251, 19.310639102055276 ], [ -99.172768104289801, 19.310752451612064 ], [ -99.172792466298503, 19.31080868850583 ], [ -99.172816970802586, 19.310865254290977 ], [ -99.172845984355362, 19.310932228632744 ] ] ] ] } },
{ "type": "Feature", "properties": { "id": 2067.0, "entidad": 9, "distrito_f": 8, "distrito_l": 30, "municipio": 3, "seccion": 430, "tipo": 2, "control": 35180.0, "SECCION_TX": "0430", "SECCION__1": null, "SECCION__2": null, "SECCION_N": "430", "ESTATUS": null, "ALCALDIA_N": "COYOACAN", "EN_OPERATI": null, "EN_OP": "NO", "SEC_N": "430", "EST": null, "ALC_N": "COYOACAN", "OP": "NO", "NOMBRE": "SANTA URSULA COAPA PGAL DE SANTA URSULA COAPA" }, "geometry": { "type": "MultiPolygon", "coordinates": [ [ [ [ -99.145569682090098, 19.313267336562316 ], [ -99.145031628090507, 19.313114468679032 ], [ -99.145201082076582, 19.312541199473227 ], [ -99.145453223841827, 19.31182933583527 ], [ -99.145474575020955, 19.311618468822036 ], [ -99.145034524887336, 19.311465562481672 ], [ -99.144932500840525, 19.311504123988463 ], [ -99.144616712643227, 19.311418878621918 ], [ -99.14446001485301, 19.311411513484792 ], [ -99.144449782284923, 19.311445365765781 ], [ -99.14430340556541, 19.311440866453342 ], [ -99.144143360825524, 19.311449341814516 ], [ -99.144009751090309, 19.311437419449714 ], [ -99.143951611881661, 19.31143223149688 ], [ -99.143709526020345, 19.311386623083546 ], [ -99.143477189425454, 19.31137925085028 ], [ -99.143247438120113, 19.311377862093419 ], [ -99.143062345892702, 19.311412530628388 ], [ -99.14269865563908, 19.311346907173412 ], [ -99.14230334823857, 19.31106069868931 ], [ -99.142452948863507, 19.310813894817745 ], [ -99.142558236776225, 19.310756030024553 ], [ -99.142597803428586, 19.310746053335524 ], [ -99.14269374984174, 19.310662615818408 ], [ -99.142727766487297, 19.310534602724676 ], [ -99.142890282639357, 19.310142446512746 ], [ -99.142956467171302, 19.310132419388271 ], [ -99.143021511965742, 19.309929289611652 ], [ -99.142870513672875, 19.309589069858781 ], [ -99.142806747156328, 19.309474272377013 ], [ -99.142690826219038, 19.309373159240231 ], [ -99.142717187577205, 19.309108054224978 ], [ -99.142802429964661, 19.308814149381671 ], [ -99.142855539793217, 19.308856069290155 ], [ -99.142998849790402, 19.308912016262038 ], [ -99.143058488905055, 19.308939293529498 ], [ -99.143216851033785, 19.309023093058936 ], [ -99.143340237441635, 19.3090737407746 ], [ -99.143530433149834, 19.309161730148993 ], [ -99.143696899615435, 19.309235010649427 ], [ -99.143712647545485, 19.309336237678302 ], [ -99.143746334558372, 19.309552775937302 ], [ -99.143755461325142, 19.309752503456277 ], [ -99.143756022185556, 19.309923910279647 ], [ -99.143655461530756, 19.310032887402997 ], [ -99.143719162119638, 19.310209483731064 ], [ -99.143734833610281, 19.310292998887427 ], [ -99.143739989787534, 19.310328400968345 ], [ -99.143693277873396, 19.31044844772385 ], [ -99.143686350475392, 19.310557351113196 ], [ -99.143725045257696, 19.310601285818791 ], [ -99.143784207850231, 19.310659532464179 ], [ -99.144380361099593, 19.310619895003715 ], [ -99.144418839344169, 19.310489729697835 ], [ -99.144621099304032, 19.310469354407349 ], [ -99.14480633298686, 19.310455160108429 ], [ -99.145267464896037, 19.310421951306171 ], [ -99.145882583282557, 19.31060432757268 ], [ -99.146448451290595, 19.310766092281252 ], [ -99.146107247521712, 19.311722188376681 ], [ -99.145569682090098, 19.313267336562316 ] ] ] ] } },
{ "type": "Feature", "properties": { "id": 2068.0, "entidad": 9, "distrito_f": 8, "distrito_l": 30, "municipio": 3, "seccion": 431, "tipo": 2, "control": 35177.0, "SECCION_TX": "0431", "SECCION__1": null, "SECCION__2": null, "SECCION_N": "431", "ESTATUS": null, "ALCALDIA_N": "COYOACAN", "EN_OPERATI": null, "EN_OP": "NO", "SEC_N": "431", "EST": null, "ALC_N": "COYOACAN", "OP": "NO", "NOMBRE": "SANTA URSULA COAPA PGAL DE SANTA URSULA COAPA" }, "geometry": { "type": "MultiPolygon", "coordinates": [ [ [ [ -99.148404258034901, 19.312478114685018 ], [ -99.147875601250519, 19.313949431405565 ], [ -99.147310323120053, 19.313778833094741 ], [ -99.146787859642629, 19.313621135189745 ], [ -99.146750469257398, 19.313609849383454 ], [ -99.146164812705692, 19.313438816508885 ], [ -99.145569682090098, 19.313267336562316 ], [ -99.146107247521712, 19.311722188376681 ], [ -99.146448451290595, 19.310766092281252 ], [ -99.147081654821022, 19.3109505068185 ], [ -99.146698715397605, 19.311920634551456 ], [ -99.147290751953179, 19.312114327817394 ], [ -99.147847504383861, 19.312296222106347 ], [ -99.148404258034901, 19.312478114685018 ] ] ] ] } },
{ "type": "Feature", "properties": { "id": 2069.0, "entidad": 9, "distrito_f": 8, "distrito_l": 30, "municipio": 3, "seccion": 432, "tipo": 2, "control": 35171.0, "SECCION_TX": "0432", "SECCION__1": null, "SECCION__2": null, "SECCION_N": "432", "ESTATUS": null, "ALCALDIA_N": "COYOACAN", "EN_OPERATI": null, "EN_OP": "NO", "SEC_N": "432", "EST": null, "ALC_N": "COYOACAN", "OP": "NO", "NOMBRE": "SANTA URSULA COAPA PGAL DE SANTA URSULA COAPA" }, "geometry": { "type": "MultiPolygon", "coordinates": [ [ [ [ -99.151706409026062, 19.308634563146825 ], [ -99.151158100375227, 19.310100901513003 ], [ -99.150669445584427, 19.311555444778737 ], [ -99.150037210793712, 19.311355942222942 ], [ -99.14948475323105, 19.311179623729025 ], [ -99.148926276351531, 19.311001382059953 ], [ -99.149438477363233, 19.309552394360779 ], [ -99.149945149964452, 19.308092370916288 ], [ -99.150259320322775, 19.30818909111926 ], [ -99.150500838823703, 19.308263441183733 ], [ -99.151104399591944, 19.308449233943943 ], [ -99.151706409026062, 19.308634563146825 ] ] ] ] } },
{ "type": "Feature", "properties": { "id": 2070.0, "entidad": 9, "distrito_f": 8, "distrito_l": 26, "municipio": 3, "seccion": 433, "tipo": 2, "control": 35169.0, "SECCION_TX": "0433", "SECCION__1": null, "SECCION__2": null, "SECCION_N": "433", "ESTATUS": null, "ALCALDIA_N": "COYOACAN", "EN_OPERATI": null, "EN_OP": "NO", "SEC_N": "433", "EST": null, "ALC_N": "COYOACAN", "OP": "NO", "NOMBRE": "SANTA URSULA COAPA PGAL DE SANTA URSULA COAPA" }, "geometry": { "type": "MultiPolygon", "coordinates": [ [ [ [ -99.152856838163743, 19.310639882311801 ], [ -99.152336278938293, 19.312108671390973 ], [ -99.151806073842963, 19.313557731582481 ], [ -99.151291061324642, 19.315071877067258 ], [ -99.150709636263159, 19.314882281292402 ], [ -99.150175792361452, 19.31470820561162 ], [ -99.149598204919073, 19.314523093692877 ], [ -99.150110241888626, 19.313059079708331 ], [ -99.149531624534276, 19.312864375791325 ], [ -99.150037210793712, 19.311355942222942 ], [ -99.150669445584427, 19.311555444778737 ], [ -99.151158100375227, 19.310100901513003 ], [ -99.151721891520864, 19.310279785070687 ], [ -99.152286423083595, 19.310458901409934 ], [ -99.152856838163743, 19.310639882311801 ] ] ] ] } },
{ "type": "Feature", "properties": { "id": 2071.0, "entidad": 9, "distrito_f": 8, "distrito_l": 26, "municipio": 3, "seccion": 434, "tipo": 2, "control": 35687.0, "SECCION_TX": "0434", "SECCION__1": null, "SECCION__2": null, "SECCION_N": "434", "ESTATUS": null, "ALCALDIA_N": "COYOACAN", "EN_OPERATI": null, "EN_OP": "NO", "SEC_N": "434", "EST": null, "ALC_N": "COYOACAN", "OP": "NO", "NOMBRE": "SANTA URSULA COAPA PGAL DE SANTA URSULA COAPA" }, "geometry": { "type": "MultiPolygon", "coordinates": [ [ [ [ -99.153605603919942, 19.315797773433442 ], [ -99.153031867804714, 19.315618065643456 ], [ -99.152470368931887, 19.315442887409329 ], [ -99.151887725599678, 19.315261110228633 ], [ -99.151291061324642, 19.315071877067258 ], [ -99.151806073842963, 19.313557731582481 ], [ -99.152336278938293, 19.312108671390973 ], [ -99.152912323471568, 19.312283601979164 ], [ -99.153539021502397, 19.312473912294628 ], [ -99.154066801335574, 19.312634181956529 ], [ -99.154635316644402, 19.31280681960007 ], [ -99.154120464917128, 19.314302297333324 ], [ -99.153605603919942, 19.315797773433442 ] ] ] ] } },
{ "type": "Feature", "properties": { "id": 2082.0, "entidad": 9, "distrito_f": 8, "distrito_l": 26, "municipio": 3, "seccion": 445, "tipo": 2, "control": 35168.0, "SECCION_TX": "0445", "SECCION__1": null, "SECCION__2": null, "SECCION_N": "445", "ESTATUS": null, "ALCALDIA_N": "COYOACAN", "EN_OPERATI": null, "EN_OP": "NO", "SEC_N": "445", "EST": null, "ALC_N": "COYOACAN", "OP": "NO", "NOMBRE": "SANTA URSULA COAPA PGAL DE SANTA URSULA COAPA" }, "geometry": { "type": "MultiPolygon", "coordinates": [ [ [ [ -99.155674456273346, 19.309914352427054 ], [ -99.155143231161063, 19.311384607731075 ], [ -99.155702387951493, 19.311568722127731 ], [ -99.155190934404786, 19.312990460351237 ], [ -99.154635316644402, 19.31280681960007 ], [ -99.154066801335574, 19.312634181956529 ], [ -99.153539021502397, 19.312473912294628 ], [ -99.152912323471568, 19.312283601979164 ], [ -99.152336278938293, 19.312108671390973 ], [ -99.152856838163743, 19.310639882311801 ], [ -99.15337589473279, 19.309164498449935 ], [ -99.153956239530032, 19.309346387528997 ], [ -99.154559575014574, 19.309545825305541 ], [ -99.155125188130157, 19.309732791366194 ], [ -99.155674456273346, 19.309914352427054 ] ] ] ] } },
{ "type": "Feature", "properties": { "id": 2084.0, "entidad": 9, "distrito_f": 8, "distrito_l": 30, "municipio": 3, "seccion": 446, "tipo": 2, "control": 35135.0, "SECCION_TX": "0446", "SECCION__1": null, "SECCION__2": null, "SECCION_N": "446", "ESTATUS": null, "ALCALDIA_N": "COYOACAN", "EN_OPERATI": null, "EN_OP": "NO", "SEC_N": "446", "EST": null, "ALC_N": "COYOACAN", "OP": "NO", "NOMBRE": "SANTA URSULA COAPA PGAL DE SANTA URSULA COAPA" }, "geometry": { "type": "MultiPolygon", "coordinates": [ [ [ [ -99.148366132358575, 19.310812546906057 ], [ -99.14779950523652, 19.310665557108695 ], [ -99.147232879115123, 19.310518565542928 ], [ -99.147303886395349, 19.310332585401071 ], [ -99.147633442661132, 19.309374426137818 ], [ -99.147451803922138, 19.30935723318462 ], [ -99.146985729175682, 19.30926912469771 ], [ -99.146998809005296, 19.309036167637444 ], [ -99.147083118541673, 19.308815977285786 ], [ -99.147145847940777, 19.3086945508031 ], [ -99.147241173491906, 19.308678016173911 ], [ -99.147625159296581, 19.308638908548048 ], [ -99.147709500436264, 19.308753093890211 ], [ -99.147747400944098, 19.308804405468173 ], [ -99.147865374206219, 19.308850317934912 ], [ -99.148199069197616, 19.308854161722284 ], [ -99.148262936455552, 19.308872883676216 ], [ -99.148413462622187, 19.308917008589518 ], [ -99.148789613729974, 19.307898795459543 ], [ -99.148814355286277, 19.307744318507098 ], [ -99.148970724344849, 19.307796220644839 ], [ -99.149243853889075, 19.307877690654795 ], [ -99.149359108395629, 19.307916321482463 ], [ -99.149440389221851, 19.307936423688371 ], [ -99.149804947313669, 19.308050298698269 ], [ -99.149945149964452, 19.308092370916288 ], [ -99.149438477363233, 19.309552394360779 ], [ -99.148870155376358, 19.309375167930558 ], [ -99.148366132358575, 19.310812546906057 ] ] ] ] } },
{ "type": "Feature", "properties": { "id": 2090.0, "entidad": 9, "distrito_f": 8, "distrito_l": 26, "municipio": 3, "seccion": 452, "tipo": 2, "control": 35148.0, "SECCION_TX": "0452", "SECCION__1": null, "SECCION__2": null, "SECCION_N": "452", "ESTATUS": null, "ALCALDIA_N": "COYOACAN", "EN_OPERATI": null, "EN_OP": "NO", "SEC_N": "452", "EST": null, "ALC_N": "COYOACAN", "OP": "NO", "NOMBRE": "SANTA URSULA COAPA PGAL DE SANTA URSULA COAPA" }, "geometry": { "type": "MultiPolygon", "coordinates": [ [ [ [ -99.15817719834881, 19.307244096544082 ], [ -99.157674340157342, 19.308669391117974 ], [ -99.15715115039805, 19.310152285621378 ], [ -99.156313669355015, 19.309886516349689 ], [ -99.155749232857289, 19.309707393361702 ], [ -99.155674456273346, 19.309914352427054 ], [ -99.155125188130157, 19.309732791366194 ], [ -99.154559575014574, 19.309545825305541 ], [ -99.153956239530032, 19.309346387528997 ], [ -99.154019241834249, 19.309157812205918 ], [ -99.153438277612324, 19.308973068729827 ], [ -99.153972108015338, 19.307477650485502 ], [ -99.154484466663433, 19.306042354074343 ], [ -99.155022322782671, 19.306217396801205 ], [ -99.155070090519374, 19.306232942489814 ], [ -99.155117858265001, 19.306248488165934 ], [ -99.155689481966803, 19.306434517867604 ], [ -99.156244175973868, 19.306615035833044 ], [ -99.156752356012632, 19.30678041459673 ], [ -99.156803179961813, 19.306796954311444 ], [ -99.157361922338794, 19.306978785531545 ], [ -99.157913095933239, 19.307158151569197 ], [ -99.15817719834881, 19.307244096544082 ] ] ] ] } },
{ "type": "Feature", "properties": { "id": 2091.0, "entidad": 9, "distrito_f": 8, "distrito_l": 26, "municipio": 3, "seccion": 453, "tipo": 2, "control": 35109.0, "SECCION_TX": "0453", "SECCION__1": null, "SECCION__2": null, "SECCION_N": "453", "ESTATUS": null, "ALCALDIA_N": "COYOACAN", "EN_OPERATI": null, "EN_OP": "NO", "SEC_N": "453", "EST": null, "ALC_N": "COYOACAN", "OP": "NO", "NOMBRE": "SANTA URSULA COAPA PGAL DE SANTA URSULA COAPA" }, "geometry": { "type": "MultiPolygon", "coordinates": [ [ [ [ -99.158268046278678, 19.312374602406415 ], [ -99.15772246594463, 19.312201907907696 ], [ -99.157331261019664, 19.312078077178416 ], [ -99.157151382087065, 19.312021138543169 ], [ -99.156555061086323, 19.311822722569996 ], [ -99.156264967912335, 19.311726197971893 ], [ -99.155766965602268, 19.313200107106663 ], [ -99.155190934404786, 19.312990460351237 ], [ -99.155702387951493, 19.311568722127731 ], [ -99.155143231161063, 19.311384607731075 ], [ -99.155674456273346, 19.309914352427054 ], [ -99.155749232857289, 19.309707393361702 ], [ -99.156313669355015, 19.309886516349689 ], [ -99.15715115039805, 19.310152285621378 ], [ -99.157674340157342, 19.308669391117974 ], [ -99.15817719834881, 19.307244096544082 ], [ -99.158792487508961, 19.307443535525675 ], [ -99.159336606600291, 19.307648685700389 ], [ -99.158866555275466, 19.309036651430183 ], [ -99.15832297016307, 19.310531265991735 ], [ -99.158257733167801, 19.310725549932165 ], [ -99.158403792568137, 19.310771664805561 ], [ -99.158792021060052, 19.310894238265103 ], [ -99.158520184150518, 19.311694070884439 ], [ -99.158268046278678, 19.312374602406415 ] ] ] ] } },
{ "type": "Feature", "properties": { "id": 2145.0, "entidad": 9, "distrito_f": 8, "distrito_l": 26, "municipio": 3, "seccion": 507, "tipo": 2, "control": 34178.0, "SECCION_TX": "0507", "SECCION__1": null, "SECCION__2": null, "SECCION_N": "507", "ESTATUS": null, "ALCALDIA_N": "COYOACAN", "EN_OPERATI": null, "EN_OP": "NO", "SEC_N": "507", "EST": null, "ALC_N": "COYOACAN", "OP": "NO", "NOMBRE": "SANTA URSULA COAPA PGAL DE SANTA URSULA COAPA" }, "geometry": { "type": "MultiPolygon", "coordinates": [ [ [ [ -99.162799644427537, 19.310253229150945 ], [ -99.162275233284007, 19.310098920777953 ], [ -99.161732437672555, 19.30991820679861 ], [ -99.161227752665511, 19.311417941327363 ], [ -99.160637761457366, 19.311234070737566 ], [ -99.16118013240964, 19.309723765098049 ], [ -99.161472947456915, 19.308908369639699 ], [ -99.161672629292156, 19.308281260896408 ], [ -99.162233387777377, 19.308451696079143 ], [ -99.162785972785102, 19.308619645002207 ], [ -99.163325269328112, 19.308783553168585 ], [ -99.162799644427537, 19.310253229150945 ] ] ] ] } },
{ "type": "Feature", "properties": { "id": 2146.0, "entidad": 9, "distrito_f": 8, "distrito_l": 26, "municipio": 3, "seccion": 508, "tipo": 2, "control": 35107.0, "SECCION_TX": "0508", "SECCION__1": null, "SECCION__2": null, "SECCION_N": "508", "ESTATUS": null, "ALCALDIA_N": "COYOACAN", "EN_OPERATI": null, "EN_OP": "NO", "SEC_N": "508", "EST": null, "ALC_N": "COYOACAN", "OP": "NO", "NOMBRE": "SANTA URSULA COAPA PGAL DE SANTA URSULA COAPA" }, "geometry": { "type": "MultiPolygon", "coordinates": [ [ [ [ -99.160059294380119, 19.31290843675702 ], [ -99.159438978506074, 19.312723736106967 ], [ -99.15883683674096, 19.312544198250368 ], [ -99.158268046278678, 19.312374602406415 ], [ -99.158520184150518, 19.311694070884439 ], [ -99.158792021060052, 19.310894238265103 ], [ -99.158403792568137, 19.310771664805561 ], [ -99.158257733167801, 19.310725549932165 ], [ -99.15832297016307, 19.310531265991735 ], [ -99.158881475301087, 19.310700839630439 ], [ -99.159439981578416, 19.310870411548713 ], [ -99.160053116500649, 19.311056567264476 ], [ -99.160637761457366, 19.311234070737566 ], [ -99.160600306142229, 19.311341943739986 ], [ -99.160583670492471, 19.311390637903809 ], [ -99.16056250165235, 19.311451911366234 ], [ -99.160059294380119, 19.31290843675702 ] ] ] ] } },
{ "type": "Feature", "properties": { "id": 2147.0, "entidad": 9, "distrito_f": 8, "distrito_l": 26, "municipio": 3, "seccion": 509, "tipo": 2, "control": 35170.0, "SECCION_TX": "0509", "SECCION__1": null, "SECCION__2": null, "SECCION_N": "509", "ESTATUS": "COMPLETA", "ALCALDIA_N": "COYOACAN", "EN_OPERATI": null, "EN_OP": "SI", "SEC_N": "509", "EST": "COMPLETA", "ALC_N": "COYOACAN", "OP": "SI", "NOMBRE": "SANTA URSULA COAPA PGAL DE SANTA URSULA COAPA" }, "geometry": { "type": "MultiPolygon", "coordinates": [ [ [ [ -99.152856838163743, 19.310639882311801 ], [ -99.152286423083595, 19.310458901409934 ], [ -99.151721891520864, 19.310279785070687 ], [ -99.151158100375227, 19.310100901513003 ], [ -99.151706409026062, 19.308634563146825 ], [ -99.152261066554644, 19.308810626995744 ], [ -99.152817318204768, 19.308987189858311 ], [ -99.15337589473279, 19.309164498449935 ], [ -99.152856838163743, 19.310639882311801 ] ] ] ] } },
{ "type": "Feature", "properties": { "id": 2152.0, "entidad": 9, "distrito_f": 8, "distrito_l": 30, "municipio": 3, "seccion": 513, "tipo": 2, "control": 35175.0, "SECCION_TX": "0513", "SECCION__1": null, "SECCION__2": null, "SECCION_N": "513", "ESTATUS": null, "ALCALDIA_N": "COYOACAN", "EN_OPERATI": null, "EN_OP": "NO", "SEC_N": "513", "EST": null, "ALC_N": "COYOACAN", "OP": "NO", "NOMBRE": "SANTA URSULA COAPA PGAL DE SANTA URSULA COAPA" }, "geometry": { "type": "MultiPolygon", "coordinates": [ [ [ [ -99.150037210793712, 19.311355942222942 ], [ -99.149531624534276, 19.312864375791325 ], [ -99.150110241888626, 19.313059079708331 ], [ -99.149598204919073, 19.314523093692877 ], [ -99.14911434210218, 19.315955267046387 ], [ -99.148507870348652, 19.315772112804709 ], [ -99.147920212708485, 19.315585690431028 ], [ -99.14735060157949, 19.315410542426648 ], [ -99.147875601250519, 19.313949431405565 ], [ -99.148404258034901, 19.312478114685018 ], [ -99.148926276351531, 19.311001382059953 ], [ -99.14948475323105, 19.311179623729025 ], [ -99.150037210793712, 19.311355942222942 ] ] ] ] } },
{ "type": "Feature", "properties": { "id": 2154.0, "entidad": 9, "distrito_f": 8, "distrito_l": 30, "municipio": 3, "seccion": 515, "tipo": 2, "control": 35176.0, "SECCION_TX": "0515", "SECCION__1": null, "SECCION__2": null, "SECCION_N": "515", "ESTATUS": null, "ALCALDIA_N": "COYOACAN", "EN_OPERATI": null, "EN_OP": "NO", "SEC_N": "515", "EST": null, "ALC_N": "COYOACAN", "OP": "NO", "NOMBRE": "SANTA URSULA COAPA PGAL DE SANTA URSULA COAPA" }, "geometry": { "type": "MultiPolygon", "coordinates": [ [ [ [ -99.148404258034901, 19.312478114685018 ], [ -99.147847504383861, 19.312296222106347 ], [ -99.147290751953179, 19.312114327817394 ], [ -99.146698715397605, 19.311920634551456 ], [ -99.147081654821022, 19.3109505068185 ], [ -99.147232879115123, 19.310518565542928 ], [ -99.14779950523652, 19.310665557108695 ], [ -99.148366132358575, 19.310812546906057 ], [ -99.148870155376358, 19.309375167930558 ], [ -99.149438477363233, 19.309552394360779 ], [ -99.148926276351531, 19.311001382059953 ], [ -99.148404258034901, 19.312478114685018 ] ] ] ] } }
]
}
