{
"type": "FeatureCollection",
"name": "secciones_XOCHIMILCO",
"crs": { "type": "name", "properties": { "name": "urn:ogc:def:crs:OGC:1.3:CRS84" } },
"features": [
{ "type": "Feature", "properties": { "id": 1355.0, "entidad": 9, "distrito_f": 5, "distrito_l": 19, "municipio": 13, "seccion": 4234, "tipo": 2, "control": 36994.0, "SECCION_TX": "4234", "SECCION__1": null, "SECCION__2": null, "SECCION_N": "4234", "ESTATUS": null, "ALCALDIA_N": "XOCHIMILCO", "EN_OPERATI": null, "EN_OP": "NO", "SEC_N": "4234", "EST": null, "ALC_N": "XOCHIMILCO", "OP": "NO", "NOMBRE": "ACUEDUCTO SIGLO 21" }, "geometry": { "type": "MultiPolygon", "coordinates": [ [ [ [ -99.122394285486877, 19.256369149557937 ], [ -99.12227665494602, 19.256636877212816 ], [ -99.121750844140621, 19.257833613480951 ], [ -99.120703487446448, 19.257008048441648 ], [ -99.119085448642238, 19.255871721548331 ], [ -99.117236246913123, 19.254486182725678 ], [ -99.116127480277541, 19.253327589025719 ], [ -99.115802329412432, 19.252723341176985 ], [ -99.115739373993094, 19.252478242461301 ], [ -99.115646302573069, 19.252115894406579 ], [ -99.115397698299418, 19.250977587693544 ], [ -99.11518206256649, 19.249998776529903 ], [ -99.115068402545404, 19.249482847428848 ], [ -99.114917857348104, 19.248799482802877 ], [ -99.114986315733645, 19.248778940229197 ], [ -99.118098278651004, 19.24784508899107 ], [ -99.118331611199693, 19.248283996841103 ], [ -99.118813839113315, 19.249191078362912 ], [ -99.119978715677036, 19.249194631596655 ], [ -99.120988783058664, 19.249197706611756 ], [ -99.121770204625776, 19.249200081719977 ], [ -99.121787737949333, 19.250027803958758 ], [ -99.121788327198701, 19.250330323275964 ], [ -99.121742298528048, 19.250431611486881 ], [ -99.121423434913794, 19.250783228619664 ], [ -99.120651299458999, 19.251384947278456 ], [ -99.120049635569856, 19.251718395709219 ], [ -99.120362668007928, 19.252356593076779 ], [ -99.121285198605847, 19.254241559924356 ], [ -99.121381263576978, 19.254437842538852 ], [ -99.121760150374925, 19.255151385675809 ], [ -99.122139040463637, 19.255864927954295 ], [ -99.122394285486877, 19.256369149557937 ] ] ] ] } },
{ "type": "Feature", "properties": { "id": 5311.0, "entidad": 9, "distrito_f": 21, "distrito_l": 25, "municipio": 13, "seccion": 4145, "tipo": 3, "control": 37490.0, "SECCION_TX": "4145", "SECCION__1": null, "SECCION__2": null, "SECCION_N": "4145", "ESTATUS": null, "ALCALDIA_N": "XOCHIMILCO", "EN_OPERATI": null, "EN_OP": "NO", "SEC_N": "4145", "EST": null, "ALC_N": "XOCHIMILCO", "OP": "NO", "NOMBRE": "LA DRAGA" }, "geometry": { "type": "MultiPolygon", "coordinates": [ [ [ [ -99.050661088930056, 19.277402187064482 ], [ -99.049148416139204, 19.276464236518802 ], [ -99.048865819123392, 19.276305002803927 ], [ -99.048229969857715, 19.275919475026676 ], [ -99.047938554772728, 19.275793781033869 ], [ -99.047258614410993, 19.275592725045474 ], [ -99.047199372132752, 19.275571270416744 ], [ -99.04610181505339, 19.275173784926903 ], [ -99.045386544909206, 19.274914037878538 ], [ -99.044353398441373, 19.274604057157301 ], [ -99.041788218930918, 19.273870999252939 ], [ -99.041558644479167, 19.273845897452873 ], [ -99.041103866646949, 19.273619613030153 ], [ -99.040896338385224, 19.273481311809658 ], [ -99.040419485607202, 19.2732424535393 ], [ -99.040291424934168, 19.273108326392897 ], [ -99.038394612893384, 19.272002338189807 ], [ -99.037692128215454, 19.271808605467402 ], [ -99.037421448612918, 19.271718536796559 ], [ -99.037302820615395, 19.271679100101078 ], [ -99.037272074195101, 19.271668868646543 ], [ -99.037160961380408, 19.271654717827285 ], [ -99.03586393697843, 19.270601901665 ], [ -99.034424203271954, 19.268519412643364 ], [ -99.033601575900022, 19.267630050971945 ], [ -99.032642188971664, 19.266778704827939 ], [ -99.033178586875067, 19.265533673208459 ], [ -99.033256878005631, 19.265466377673121 ], [ -99.033295261040607, 19.26545421951198 ], [ -99.033374327480686, 19.265429174496358 ], [ -99.033754685363391, 19.265531797211633 ], [ -99.033903841899146, 19.265554786908776 ], [ -99.03449110165549, 19.265432508383686 ], [ -99.034806169327723, 19.265359855688786 ], [ -99.035011225778561, 19.265232336159013 ], [ -99.035481183800115, 19.264807332410673 ], [ -99.035902230799351, 19.264426558155311 ], [ -99.03729467936742, 19.26333384326194 ], [ -99.037823974204628, 19.262814845558424 ], [ -99.037876232705415, 19.26276360341561 ], [ -99.038398164552945, 19.262373971074961 ], [ -99.039341400685885, 19.261824896557144 ], [ -99.039580935984091, 19.261753771665262 ], [ -99.040618390911987, 19.261445717243667 ], [ -99.040884975142774, 19.261373064820784 ], [ -99.041503928777445, 19.261330431932496 ], [ -99.042268221255711, 19.260959399259757 ], [ -99.042361422871863, 19.2609141533617 ], [ -99.044850070419173, 19.259982244593683 ], [ -99.045879080675277, 19.259613712528253 ], [ -99.04683668084725, 19.259518071679153 ], [ -99.046945447414004, 19.259507208233842 ], [ -99.047877544154844, 19.259273252468095 ], [ -99.048466590175636, 19.258996889686951 ], [ -99.048712620212711, 19.258791439151871 ], [ -99.049719340744971, 19.258748674792912 ], [ -99.049849820710435, 19.258674275680068 ], [ -99.049991343762926, 19.258128903974104 ], [ -99.050602430227059, 19.256797273228752 ], [ -99.050714195618298, 19.256496246690542 ], [ -99.050952753209145, 19.256262466173013 ], [ -99.05162376772887, 19.255844425324632 ], [ -99.051780358999721, 19.255816052070191 ], [ -99.052131030988235, 19.255976503243925 ], [ -99.052406850630121, 19.256102704774975 ], [ -99.052917700301435, 19.256208791454945 ], [ -99.053339103487616, 19.256435301042636 ], [ -99.0534469952037, 19.256432573025261 ], [ -99.053480788703027, 19.256431718551219 ], [ -99.053738009405862, 19.256272292567349 ], [ -99.054010163640598, 19.256173060930131 ], [ -99.054582984170267, 19.256166296688516 ], [ -99.054625377411995, 19.256165796009952 ], [ -99.054823008747391, 19.256215312633273 ], [ -99.05558001376329, 19.256519620906129 ], [ -99.055723714084124, 19.256582389907912 ], [ -99.055814949688227, 19.256622241981624 ], [ -99.056016288878382, 19.256608015942234 ], [ -99.056444302335478, 19.256357255937225 ], [ -99.056560554095881, 19.256289147278011 ], [ -99.0568513581036, 19.25621469352172 ], [ -99.05706016734014, 19.256239416381195 ], [ -99.057391685311487, 19.256416740813503 ], [ -99.057470388031248, 19.256458837677812 ], [ -99.057673617779983, 19.256520743393477 ], [ -99.057889940227867, 19.25656009867842 ], [ -99.058380084649059, 19.256649269051312 ], [ -99.058290137369525, 19.257085820000125 ], [ -99.058110369178578, 19.257958301515128 ], [ -99.058830064049744, 19.25815637439036 ], [ -99.059019677192126, 19.257209214715168 ], [ -99.059109470771304, 19.256760672015577 ], [ -99.059374730491797, 19.256729778416673 ], [ -99.059500346790387, 19.256715148316736 ], [ -99.059542428777306, 19.256720306483984 ], [ -99.059698932410953, 19.256739489708973 ], [ -99.059942087324217, 19.256769293824856 ], [ -99.060076245238506, 19.256785737758403 ], [ -99.059799778195682, 19.257892120670856 ], [ -99.05954823873391, 19.258898733557832 ], [ -99.05942398893032, 19.259435529290034 ], [ -99.059989182569439, 19.259469815319552 ], [ -99.060132692891088, 19.259508337018687 ], [ -99.060279151043574, 19.258961707137303 ], [ -99.060443640844028, 19.257990213095812 ], [ -99.060700029441804, 19.256873988564507 ], [ -99.060998527521079, 19.256934057526198 ], [ -99.061030659880146, 19.25694052372528 ], [ -99.061546466912546, 19.257044322012707 ], [ -99.061614565468588, 19.25705802568848 ], [ -99.061885271856241, 19.257112500469521 ], [ -99.062089847668972, 19.257153667374329 ], [ -99.062357496918821, 19.257207526205072 ], [ -99.062638703730357, 19.257264112752008 ], [ -99.062666093134879, 19.257269624228485 ], [ -99.062735428626837, 19.257297947769381 ], [ -99.063078252404807, 19.257437990714475 ], [ -99.063738550659949, 19.25791067176754 ], [ -99.063932924975518, 19.257325355238709 ], [ -99.064161079322687, 19.257382092093856 ], [ -99.0642709819777, 19.257409422296821 ], [ -99.06447862235639, 19.257461057365397 ], [ -99.064964062279742, 19.25556861148992 ], [ -99.065330240182462, 19.255434233974984 ], [ -99.065762150656482, 19.255275733136394 ], [ -99.066400831842557, 19.255041349950748 ], [ -99.06670940832349, 19.254928107532724 ], [ -99.066753145245301, 19.255060008477464 ], [ -99.067612442430232, 19.255233891197076 ], [ -99.068626276012111, 19.255439470235302 ], [ -99.069128857989739, 19.255553597396798 ], [ -99.0694475478128, 19.255625965219792 ], [ -99.069727924484027, 19.255689632002532 ], [ -99.070099701314263, 19.255774053360408 ], [ -99.070793800724445, 19.255949696548882 ], [ -99.070526410257131, 19.256886573863472 ], [ -99.069755357887885, 19.259735197319909 ], [ -99.070436599328005, 19.259679492959005 ], [ -99.071528100914534, 19.259590236711695 ], [ -99.071723290701129, 19.259574274601754 ], [ -99.071994597584421, 19.259676404181686 ], [ -99.073235417412505, 19.260143486223061 ], [ -99.074472057947432, 19.260608984008105 ], [ -99.074614522855342, 19.260662610119667 ], [ -99.075994329945843, 19.261003324111535 ], [ -99.078054673177675, 19.26151205997791 ], [ -99.078818254490642, 19.261700595256958 ], [ -99.081185786628268, 19.262285137757665 ], [ -99.083408112426099, 19.26283379675802 ], [ -99.085072245606497, 19.263244626542338 ], [ -99.088051725730523, 19.263980137129114 ], [ -99.090002051585074, 19.264482153675527 ], [ -99.089610435907474, 19.265731492216197 ], [ -99.089462320831203, 19.266160469544928 ], [ -99.089307732103705, 19.266811729011994 ], [ -99.089255082478402, 19.266990204145781 ], [ -99.089195859770243, 19.267206250767021 ], [ -99.089156415119234, 19.267419157029902 ], [ -99.089228946514311, 19.267428513722216 ], [ -99.089670622804334, 19.267290547217399 ], [ -99.089881621925429, 19.267315489147297 ], [ -99.090214578278321, 19.267305933093443 ], [ -99.090418932700501, 19.267236956937289 ], [ -99.090544136517508, 19.267111667318552 ], [ -99.090830584159491, 19.266457210698043 ], [ -99.091057775117179, 19.265956187011906 ], [ -99.091189510125048, 19.265721319468952 ], [ -99.091278478913665, 19.265649269163355 ], [ -99.091337759028804, 19.265542796034541 ], [ -99.091397030392258, 19.26542066942973 ], [ -99.091512347478357, 19.265304776148426 ], [ -99.091654005929854, 19.265132517134383 ], [ -99.091762249607825, 19.264896035022112 ], [ -99.092007807087953, 19.264956644891488 ], [ -99.092451418101348, 19.26506613848975 ], [ -99.092985914471441, 19.265198063506247 ], [ -99.092954542075972, 19.265320978395081 ], [ -99.092866032371234, 19.265667752318272 ], [ -99.092833898320393, 19.265793650580424 ], [ -99.09278408467442, 19.265988815482945 ], [ -99.092359045006802, 19.267654059231248 ], [ -99.092273359619213, 19.26793377750343 ], [ -99.091939606169859, 19.269023312719735 ], [ -99.091241132893757, 19.271303549411233 ], [ -99.090749720894166, 19.271805305458386 ], [ -99.089875766381368, 19.272099726675286 ], [ -99.092854691109096, 19.273253874577428 ], [ -99.093462655380321, 19.273489414907797 ], [ -99.092229313925898, 19.276689582542847 ], [ -99.092630566435815, 19.277161431238653 ], [ -99.092652134442247, 19.27718668834569 ], [ -99.09361606184703, 19.276864069656988 ], [ -99.094212476449982, 19.276559263974331 ], [ -99.094877236768127, 19.276645387541027 ], [ -99.09692635400063, 19.277240937605441 ], [ -99.09723686113928, 19.277350537256609 ], [ -99.097782465671486, 19.277543117557649 ], [ -99.098682755510879, 19.277612200319133 ], [ -99.098802510586253, 19.27762038964514 ], [ -99.099327127725218, 19.277146009041346 ], [ -99.099730620113249, 19.276781151577037 ], [ -99.100074447592647, 19.2765007979134 ], [ -99.101087796957614, 19.275674513124937 ], [ -99.102224303658289, 19.274747789298182 ], [ -99.102417104632309, 19.277298470419701 ], [ -99.102433944738593, 19.277672450395244 ], [ -99.102546370246543, 19.280169115598159 ], [ -99.101942209218663, 19.286131146505205 ], [ -99.101912829803268, 19.286421059964113 ], [ -99.101815191148972, 19.288220297209421 ], [ -99.101624708291354, 19.291730312893275 ], [ -99.101543443305133, 19.29285443264104 ], [ -99.1017623097853, 19.293355820963907 ], [ -99.101653367485426, 19.293900625371553 ], [ -99.101453326399039, 19.294393599962184 ], [ -99.101435294301098, 19.294687598635416 ], [ -99.101315230552729, 19.294957912119681 ], [ -99.101328290073369, 19.295200573660431 ], [ -99.10133791940234, 19.295375060138966 ], [ -99.101354013089889, 19.295630129575105 ], [ -99.101277082402376, 19.296404054039449 ], [ -99.101256758478499, 19.296674275414709 ], [ -99.10117019146027, 19.296747827715588 ], [ -99.101086778698615, 19.29790380335103 ], [ -99.101009795048029, 19.298622086397355 ], [ -99.100897024595952, 19.300015493754334 ], [ -99.100454010523549, 19.304623484558963 ], [ -99.100276073746642, 19.306457304176611 ], [ -99.10025312968645, 19.306715357108018 ], [ -99.099971039702496, 19.30988797139555 ], [ -99.099886214709414, 19.310847966150007 ], [ -99.099838786082799, 19.311382533510297 ], [ -99.099803369679393, 19.311781709047281 ], [ -99.099637141953593, 19.313655223375058 ], [ -99.099531169931581, 19.314849587643764 ], [ -99.09940151349717, 19.316310865326656 ], [ -99.099360397343972, 19.316776296578482 ], [ -99.099254996986929, 19.317962131753816 ], [ -99.09903252204461, 19.320469400426305 ], [ -99.098781452643848, 19.320493984338565 ], [ -99.098889886135211, 19.32032774144367 ], [ -99.098814416608533, 19.319787646894813 ], [ -99.098728328941036, 19.319441191504247 ], [ -99.098749523362883, 19.31898257442349 ], [ -99.098727888347, 19.318707422756152 ], [ -99.097975815219385, 19.317647939541786 ], [ -99.097535331325048, 19.317046892507008 ], [ -99.097223751801337, 19.316588453061478 ], [ -99.096815513610963, 19.316048534451166 ], [ -99.096546966446311, 19.315742939550162 ], [ -99.095698327204516, 19.314714071291409 ], [ -99.095547947790919, 19.314551090232111 ], [ -99.094409271868727, 19.313145291429791 ], [ -99.092395558314777, 19.310616880529913 ], [ -99.090885059329622, 19.308720237587483 ], [ -99.090447826248777, 19.308171219637995 ], [ -99.089949948441472, 19.307546046476038 ], [ -99.089717344821466, 19.307253969601312 ], [ -99.089394474598748, 19.306848544075237 ], [ -99.089128744929184, 19.306514867531867 ], [ -99.088800805763668, 19.306103072147934 ], [ -99.088057149061214, 19.305169247575485 ], [ -99.087717061109672, 19.304742187754492 ], [ -99.087656314330559, 19.304678610634241 ], [ -99.087202473187872, 19.30420362170759 ], [ -99.087056424309964, 19.304050766511605 ], [ -99.086874775265898, 19.303841594147475 ], [ -99.08662836088503, 19.303557842103562 ], [ -99.086599295865668, 19.303524372952403 ], [ -99.086342378386433, 19.303228524767245 ], [ -99.08610508902126, 19.302955277665728 ], [ -99.085858641176074, 19.302671482950608 ], [ -99.085612194181536, 19.302387687890704 ], [ -99.085502725956246, 19.302261629764946 ], [ -99.085312453678895, 19.302035162353906 ], [ -99.085077401025401, 19.301755394935366 ], [ -99.084812849072961, 19.30144051496378 ], [ -99.08454827996033, 19.301125657267939 ], [ -99.084029389620895, 19.300508001796587 ], [ -99.083783884555146, 19.300215786323662 ], [ -99.083545018669071, 19.299931471891576 ], [ -99.083393171735636, 19.299750732658701 ], [ -99.083241850663157, 19.299592843075072 ], [ -99.083119820378911, 19.299465515412912 ], [ -99.082557521761061, 19.29881909733032 ], [ -99.082281504276537, 19.298501785315043 ], [ -99.080416289219187, 19.296296407470884 ], [ -99.080009491087353, 19.295795450701913 ], [ -99.079730669770385, 19.295452090313447 ], [ -99.079233612403414, 19.294839973886553 ], [ -99.07900713051913, 19.294561063897628 ], [ -99.078701948486511, 19.294185233569902 ], [ -99.078084638767422, 19.293425012500666 ], [ -99.077894046594295, 19.293190295099972 ], [ -99.077811122506034, 19.293088032007685 ], [ -99.076982866349596, 19.292066606336256 ], [ -99.076908531567128, 19.29197744961639 ], [ -99.076066867309152, 19.290968616160669 ], [ -99.075330259747176, 19.2900789160452 ], [ -99.075041558810128, 19.289693190224359 ], [ -99.074501200414957, 19.289327671363026 ], [ -99.072433441333047, 19.287928930957154 ], [ -99.072183944257262, 19.287696525167334 ], [ -99.072035634785593, 19.287572491599445 ], [ -99.07141140698063, 19.287050436573754 ], [ -99.069094011018208, 19.284839888918082 ], [ -99.068901928288767, 19.284688017314188 ], [ -99.068490345289888, 19.284414672599752 ], [ -99.065938598674265, 19.282813685655608 ], [ -99.064555280956242, 19.28194809771329 ], [ -99.062787105825933, 19.281313283464062 ], [ -99.059747400832464, 19.280221910099854 ], [ -99.059409618391072, 19.280100464831424 ], [ -99.058924950309077, 19.279926971187177 ], [ -99.058518018326183, 19.279796864019069 ], [ -99.058021930359146, 19.2796450779481 ], [ -99.057654286719696, 19.279545587525966 ], [ -99.057440881499573, 19.279483626267403 ], [ -99.056744093353927, 19.279409409797118 ], [ -99.055233218874505, 19.279338358540542 ], [ -99.054716858484809, 19.279314072999867 ], [ -99.054434592425068, 19.279237142231555 ], [ -99.053762970283515, 19.278978570429658 ], [ -99.053225881995729, 19.278754976158513 ], [ -99.05249109920625, 19.278449076488556 ], [ -99.051929767963301, 19.278141176556005 ], [ -99.050661088930056, 19.277402187064482 ] ] ] ] } },
{ "type": "Feature", "properties": { "id": 1295.0, "entidad": 9, "distrito_f": 5, "distrito_l": 25, "municipio": 13, "seccion": 4111, "tipo": 2, "control": 36968.0, "SECCION_TX": "4111", "SECCION__1": null, "SECCION__2": null, "SECCION_N": "4111", "ESTATUS": null, "ALCALDIA_N": "XOCHIMILCO", "EN_OPERATI": null, "EN_OP": "NO", "SEC_N": "4111", "EST": null, "ALC_N": "XOCHIMILCO", "OP": "NO", "NOMBRE": "LA GUADALUPITA" }, "geometry": { "type": "MultiPolygon", "coordinates": [ [ [ [ -99.10484990566745, 19.265729063097947 ], [ -99.104675606569842, 19.266517413275697 ], [ -99.104612632255908, 19.266802242532599 ], [ -99.104520217399411, 19.267220227881932 ], [ -99.105036771916957, 19.267330521179822 ], [ -99.104738083118903, 19.267727186149052 ], [ -99.104692635842511, 19.267947923425091 ], [ -99.104677267685233, 19.268038632163119 ], [ -99.104345812938078, 19.268010024133954 ], [ -99.104143611939577, 19.268875557138934 ], [ -99.104092997405431, 19.269107926665558 ], [ -99.104063631087115, 19.269237260805657 ], [ -99.103893839743463, 19.269985046005875 ], [ -99.103856433859178, 19.270152229207955 ], [ -99.103816625586617, 19.270330351486187 ], [ -99.103735258484633, 19.270507255354005 ], [ -99.103636395272773, 19.270661589526778 ], [ -99.103467582531152, 19.270583590070814 ], [ -99.103283847797968, 19.270515307241837 ], [ -99.103134819891935, 19.270473933282116 ], [ -99.10303098501862, 19.270445105980283 ], [ -99.102917252827709, 19.270417279053376 ], [ -99.102705681339742, 19.270365513510164 ], [ -99.10272773945411, 19.270267431821015 ], [ -99.10278418324387, 19.270016453241997 ], [ -99.102818920914871, 19.269861991020253 ], [ -99.102860302678437, 19.269689739265353 ], [ -99.103126185373227, 19.268582992704637 ], [ -99.103326585303464, 19.267685293775806 ], [ -99.103400816364584, 19.267352770452188 ], [ -99.103416288812312, 19.267283460348789 ], [ -99.103444716724894, 19.267156115018953 ], [ -99.103480591530825, 19.266995410390692 ], [ -99.103536099204135, 19.26674675782386 ], [ -99.10357566632058, 19.266569512222031 ], [ -99.103810932324791, 19.265515602166666 ], [ -99.10434060330816, 19.265624425845125 ], [ -99.10484990566745, 19.265729063097947 ] ] ] ] } },
{ "type": "Feature", "properties": { "id": 1328.0, "entidad": 9, "distrito_f": 5, "distrito_l": 19, "municipio": 13, "seccion": 4138, "tipo": 2, "control": 37823.0, "SECCION_TX": "4138", "SECCION__1": null, "SECCION__2": null, "SECCION_N": "4138", "ESTATUS": null, "ALCALDIA_N": "XOCHIMILCO", "EN_OPERATI": null, "EN_OP": "NO", "SEC_N": "4138", "EST": null, "ALC_N": "XOCHIMILCO", "OP": "NO", "NOMBRE": "LA GUADALUPITA" }, "geometry": { "type": "MultiPolygon", "coordinates": [ [ [ [ -99.112256369995166, 19.267245896702097 ], [ -99.112097993079288, 19.267578028260697 ], [ -99.11151279544552, 19.2675128071713 ], [ -99.111530911871625, 19.26742995956862 ], [ -99.111054672902839, 19.267250770248971 ], [ -99.110981714314903, 19.267265969433272 ], [ -99.111040447220333, 19.267004399466185 ], [ -99.111062265627282, 19.266890616913482 ], [ -99.110391495078176, 19.266688653416704 ], [ -99.110329365591639, 19.266868310708798 ], [ -99.110361040115663, 19.267005613811076 ], [ -99.109967029038273, 19.266864742600355 ], [ -99.109472135897605, 19.266669966390232 ], [ -99.108725133844175, 19.266307253775487 ], [ -99.108583322946231, 19.266217145024253 ], [ -99.108400712401419, 19.266101111262156 ], [ -99.107906490316068, 19.26594858313419 ], [ -99.107860780451276, 19.266166533993243 ], [ -99.10783124177253, 19.266307378124349 ], [ -99.107736391890512, 19.266759632625227 ], [ -99.107685458791835, 19.266743852864817 ], [ -99.107629308370619, 19.26672645668765 ], [ -99.107568110428844, 19.266707496694817 ], [ -99.107355202236533, 19.266600172522889 ], [ -99.107030273310357, 19.266408896916584 ], [ -99.107098485618565, 19.266221384204268 ], [ -99.106808775153297, 19.266153332316179 ], [ -99.106544699058347, 19.266092902516075 ], [ -99.10634602596302, 19.26605025213604 ], [ -99.106130839496771, 19.266004056459764 ], [ -99.105648766843345, 19.265900565329286 ], [ -99.105229536168849, 19.26581056394436 ], [ -99.10484990566745, 19.265729063097947 ], [ -99.10501727974102, 19.264949801081581 ], [ -99.105089774291784, 19.264612277845753 ], [ -99.106388427428783, 19.264872049172521 ], [ -99.10655262604061, 19.264255384253151 ], [ -99.107158529530622, 19.264381784849398 ], [ -99.107574363303371, 19.264468532763011 ], [ -99.108150801371451, 19.264588782941331 ], [ -99.108795596540745, 19.264725190756199 ], [ -99.109867906942398, 19.264952034799613 ], [ -99.110480137136804, 19.265081547152022 ], [ -99.111548380934877, 19.265307520092868 ], [ -99.112175636055156, 19.265461378631571 ], [ -99.112821913170094, 19.265619134871788 ], [ -99.112690761384314, 19.266463029341931 ], [ -99.112311195509804, 19.266408298527963 ], [ -99.11231354617064, 19.266619763694372 ], [ -99.112248684904287, 19.266885550161792 ], [ -99.112256369995166, 19.267245896702097 ] ] ] ] } },
{ "type": "Feature", "properties": { "id": 1329.0, "entidad": 9, "distrito_f": 5, "distrito_l": 25, "municipio": 13, "seccion": 4139, "tipo": 2, "control": 36921.0, "SECCION_TX": "4139", "SECCION__1": null, "SECCION__2": null, "SECCION_N": "4139", "ESTATUS": null, "ALCALDIA_N": "XOCHIMILCO", "EN_OPERATI": null, "EN_OP": "NO", "SEC_N": "4139", "EST": null, "ALC_N": "XOCHIMILCO", "OP": "NO", "NOMBRE": "LA GUADALUPITA" }, "geometry": { "type": "MultiPolygon", "coordinates": [ [ [ [ -99.105089774291784, 19.264612277845753 ], [ -99.10501727974102, 19.264949801081581 ], [ -99.10484990566745, 19.265729063097947 ], [ -99.10434060330816, 19.265624425845125 ], [ -99.103810932324791, 19.265515602166666 ], [ -99.1028678938155, 19.265323352593217 ], [ -99.101921714615131, 19.265148260864802 ], [ -99.101046766759637, 19.264986345897345 ], [ -99.100527726089496, 19.264890291809142 ], [ -99.100567280307033, 19.264680657284302 ], [ -99.100611304337562, 19.264364199069693 ], [ -99.100627715880094, 19.264289364035122 ], [ -99.100758260493834, 19.263694090855768 ], [ -99.102165126327279, 19.263992609534764 ], [ -99.103159651630349, 19.264203627707463 ], [ -99.103312649875292, 19.263505364301203 ], [ -99.103459527094842, 19.262835030766659 ], [ -99.103525800198668, 19.262532564864472 ], [ -99.103731872732141, 19.261592056731757 ], [ -99.104051392324024, 19.260133758433287 ], [ -99.104225910053387, 19.259337242487096 ], [ -99.10515768297445, 19.259704290631113 ], [ -99.105158000709764, 19.259788472687497 ], [ -99.105281369237929, 19.259822092770968 ], [ -99.105590843991237, 19.260003090393248 ], [ -99.106130332668002, 19.260174253673192 ], [ -99.106041270124976, 19.260550971990867 ], [ -99.105917827485726, 19.261073108937765 ], [ -99.105705320012149, 19.261971963878143 ], [ -99.10562627655311, 19.262311016716911 ], [ -99.105614516968089, 19.262361458728261 ], [ -99.105416000886805, 19.263212976403796 ], [ -99.105254636753912, 19.263905127370169 ], [ -99.105089774291784, 19.264612277845753 ] ] ] ] } },
{ "type": "Feature", "properties": { "id": 1330.0, "entidad": 9, "distrito_f": 5, "distrito_l": 25, "municipio": 13, "seccion": 4140, "tipo": 2, "control": 36923.0, "SECCION_TX": "4140", "SECCION__1": null, "SECCION__2": null, "SECCION_N": "4140", "ESTATUS": null, "ALCALDIA_N": "XOCHIMILCO", "EN_OPERATI": null, "EN_OP": "NO", "SEC_N": "4140", "EST": null, "ALC_N": "XOCHIMILCO", "OP": "NO", "NOMBRE": "LA GUADALUPITA" }, "geometry": { "type": "MultiPolygon", "coordinates": [ [ [ [ -99.100527726089496, 19.264890291809142 ], [ -99.100456203438753, 19.264874951680973 ], [ -99.099033374946771, 19.264540158280546 ], [ -99.098380593863567, 19.264439893380917 ], [ -99.098448704980242, 19.264181874511461 ], [ -99.09846313772384, 19.264127200213867 ], [ -99.098494511795423, 19.264008348439535 ], [ -99.098558358426374, 19.263766483035987 ], [ -99.098601933984952, 19.263598118323152 ], [ -99.09868686126093, 19.263279683169369 ], [ -99.098698050572267, 19.263237295207297 ], [ -99.098729333337147, 19.263077763968234 ], [ -99.098756722673272, 19.262938087607182 ], [ -99.098779759042159, 19.262820609722745 ], [ -99.098843347379699, 19.262496329291427 ], [ -99.0988597343473, 19.262412760724477 ], [ -99.098906786670852, 19.262172807661958 ], [ -99.098976012282137, 19.261819776043229 ], [ -99.099184911936405, 19.261865291106027 ], [ -99.099566215646092, 19.261948368888074 ], [ -99.100125236265114, 19.262070165726566 ], [ -99.101084299009798, 19.262279117493716 ], [ -99.101147403421038, 19.261978559869473 ], [ -99.102357146398802, 19.262260352200826 ], [ -99.103525800198668, 19.262532564864472 ], [ -99.103459527094842, 19.262835030766659 ], [ -99.103312649875292, 19.263505364301203 ], [ -99.103159651630349, 19.264203627707463 ], [ -99.102165126327279, 19.263992609534764 ], [ -99.100758260493834, 19.263694090855768 ], [ -99.100627715880094, 19.264289364035122 ], [ -99.100611304337562, 19.264364199069693 ], [ -99.100567280307033, 19.264680657284302 ], [ -99.100527726089496, 19.264890291809142 ] ] ] ] } },
{ "type": "Feature", "properties": { "id": 5287.0, "entidad": 9, "distrito_f": 21, "distrito_l": 25, "municipio": 13, "seccion": 4109, "tipo": 2, "control": 36990.0, "SECCION_TX": "4109", "SECCION__1": null, "SECCION__2": null, "SECCION_N": "4109", "ESTATUS": null, "ALCALDIA_N": "XOCHIMILCO", "EN_OPERATI": null, "EN_OP": "NO", "SEC_N": "4109", "EST": null, "ALC_N": "XOCHIMILCO", "OP": "NO", "NOMBRE": "LA GUADALUPITA" }, "geometry": { "type": "MultiPolygon", "coordinates": [ [ [ [ -99.1028678938155, 19.265323352593217 ], [ -99.102779933942344, 19.265716672632347 ], [ -99.102728178042327, 19.265948102638667 ], [ -99.102596469410869, 19.266537043702218 ], [ -99.102529882617219, 19.26683478790974 ], [ -99.10229508081548, 19.26788470021172 ], [ -99.102205818559639, 19.268283831309137 ], [ -99.102143987806343, 19.268560302848819 ], [ -99.101655026752539, 19.268446141207416 ], [ -99.101564569566435, 19.268423486445652 ], [ -99.101292399106924, 19.268342606726442 ], [ -99.101162904671014, 19.268304125253959 ], [ -99.100851766229027, 19.268211664728327 ], [ -99.100676306204875, 19.268341418104661 ], [ -99.100584421598555, 19.268447310861951 ], [ -99.100456497666428, 19.268780784070362 ], [ -99.100284461306572, 19.268720658117786 ], [ -99.099981059659953, 19.268614620071084 ], [ -99.099931822202663, 19.268601456197462 ], [ -99.099589826082862, 19.268535606140464 ], [ -99.099523939430938, 19.268522919835657 ], [ -99.099515912970489, 19.268555968613772 ], [ -99.099423596583634, 19.268936928280478 ], [ -99.099487655536095, 19.269012157769005 ], [ -99.099216713542248, 19.2695999457497 ], [ -99.099358471462764, 19.269621579630165 ], [ -99.099131729923883, 19.270212238206177 ], [ -99.099055811153875, 19.27027271824193 ], [ -99.098979892328117, 19.270333198245922 ], [ -99.098531315530423, 19.271244608513236 ], [ -99.098423398955205, 19.271490529085344 ], [ -99.098362487776527, 19.271466290291873 ], [ -99.097356598245369, 19.271066005949976 ], [ -99.09684379462982, 19.270881054528864 ], [ -99.095847821208551, 19.270607416629964 ], [ -99.095517265334166, 19.270516596924473 ], [ -99.094424866620258, 19.270273727391043 ], [ -99.094924329298735, 19.269282472478483 ], [ -99.095337753050742, 19.268468644323448 ], [ -99.095459105773173, 19.268170199231168 ], [ -99.095633838734003, 19.267740473044842 ], [ -99.095934338240227, 19.267066230866259 ], [ -99.096053259787951, 19.266899453153393 ], [ -99.096171900384789, 19.266383556650045 ], [ -99.096729954168268, 19.266602324899146 ], [ -99.096793990941009, 19.266627796995039 ], [ -99.0970380450416, 19.266740694949849 ], [ -99.097145208226351, 19.266819757163223 ], [ -99.097148007956548, 19.266996484821135 ], [ -99.097247153075102, 19.267002843397695 ], [ -99.097475360381381, 19.267017479046928 ], [ -99.097799575931148, 19.266271118320148 ], [ -99.0980415863649, 19.265601536675163 ], [ -99.097871597400427, 19.265559290846717 ], [ -99.097968976141431, 19.265321093691306 ], [ -99.098198882689772, 19.265384475709894 ], [ -99.098245170527491, 19.265177732265105 ], [ -99.098292772214975, 19.264965119992421 ], [ -99.098332253828957, 19.264788775490352 ], [ -99.09834670431637, 19.264724232338558 ], [ -99.098380593863567, 19.264439893380917 ], [ -99.099033374946771, 19.264540158280546 ], [ -99.100456203438753, 19.264874951680973 ], [ -99.100527726089496, 19.264890291809142 ], [ -99.101046766759637, 19.264986345897345 ], [ -99.101921714615131, 19.265148260864802 ], [ -99.1028678938155, 19.265323352593217 ] ] ] ] } },
{ "type": "Feature", "properties": { "id": 1321.0, "entidad": 9, "distrito_f": 5, "distrito_l": 19, "municipio": 13, "seccion": 4132, "tipo": 2, "control": 36269.0, "SECCION_TX": "4132", "SECCION__1": null, "SECCION__2": null, "SECCION_N": "4132", "ESTATUS": null, "ALCALDIA_N": "XOCHIMILCO", "EN_OPERATI": null, "EN_OP": "NO", "SEC_N": "4132", "EST": null, "ALC_N": "XOCHIMILCO", "OP": "NO", "NOMBRE": "POTRERO DE LA NORIA" }, "geometry": { "type": "MultiPolygon", "coordinates": [ [ [ [ -99.124469517290848, 19.274295395490597 ], [ -99.124389076107633, 19.274259497270041 ], [ -99.123837929939242, 19.275272661477004 ], [ -99.123388460380042, 19.275126004667651 ], [ -99.122938991614674, 19.274979346746225 ], [ -99.123472414679256, 19.273875198813052 ], [ -99.123023945522363, 19.273663988906701 ], [ -99.122673145947914, 19.273498776070955 ], [ -99.123734235481407, 19.271504755053755 ], [ -99.123969051904382, 19.27111517525136 ], [ -99.124818083127408, 19.271451215152545 ], [ -99.125916195497538, 19.271885831503823 ], [ -99.125376134632305, 19.272968671962737 ], [ -99.125279897756116, 19.273161628519894 ], [ -99.124668458029092, 19.274387563716992 ], [ -99.124469517290848, 19.274295395490597 ] ] ] ] } },
{ "type": "Feature", "properties": { "id": 1320.0, "entidad": 9, "distrito_f": 5, "distrito_l": 19, "municipio": 13, "seccion": 4131, "tipo": 2, "control": 36507.0, "SECCION_TX": "4131", "SECCION__1": null, "SECCION__2": null, "SECCION_N": "4131", "ESTATUS": "COMPLETA", "ALCALDIA_N": "XOCHIMILCO", "EN_OPERATI": null, "EN_OP": "SI", "SEC_N": "4131", "EST": "COMPLETA", "ALC_N": "XOCHIMILCO", "OP": "SI", "NOMBRE": "POTRERO DE LA NORIA" }, "geometry": { "type": "MultiPolygon", "coordinates": [ [ [ [ -99.125916195497538, 19.271885831503823 ], [ -99.126481994011499, 19.270754466612864 ], [ -99.127428709092072, 19.268861386184359 ], [ -99.127447548889435, 19.268823713057909 ], [ -99.127475584257184, 19.268767651912384 ], [ -99.127563101588137, 19.26859264691387 ], [ -99.128419425594799, 19.269104876102986 ], [ -99.129001818571567, 19.269618074326779 ], [ -99.129807437526793, 19.270327968399545 ], [ -99.130697844215305, 19.271245388260297 ], [ -99.130632081477685, 19.271270578634454 ], [ -99.130566318719801, 19.271295768984984 ], [ -99.129626315917079, 19.271700010224684 ], [ -99.129573182795568, 19.271722553016144 ], [ -99.129534129868233, 19.271752731315331 ], [ -99.128878287317065, 19.271640709828851 ], [ -99.128792598248438, 19.27202553278622 ], [ -99.128536428949502, 19.273286478680298 ], [ -99.127959920922038, 19.273129172213505 ], [ -99.12794440169867, 19.273158659392678 ], [ -99.127923430616974, 19.273152931073323 ], [ -99.127619904934477, 19.273072159736525 ], [ -99.127060457498658, 19.272933136031789 ], [ -99.126928824099807, 19.272897421766348 ], [ -99.126701395606659, 19.273248017843859 ], [ -99.126518294000292, 19.273179018394615 ], [ -99.126148688487604, 19.273037425409846 ], [ -99.126031782672513, 19.27326677146846 ], [ -99.125922421376544, 19.273210833610172 ], [ -99.125901279093569, 19.27320001940647 ], [ -99.125842013360582, 19.273170900701775 ], [ -99.125320514631241, 19.274108843426433 ], [ -99.12604009332442, 19.2744409499353 ], [ -99.125810724046573, 19.27491676350111 ], [ -99.124668458029092, 19.274387563716992 ], [ -99.125279897756116, 19.273161628519894 ], [ -99.125376134632305, 19.272968671962737 ], [ -99.125916195497538, 19.271885831503823 ] ] ] ] } },
{ "type": "Feature", "properties": { "id": 1285.0, "entidad": 9, "distrito_f": 5, "distrito_l": 19, "municipio": 13, "seccion": 4098, "tipo": 2, "control": 36117.0, "SECCION_TX": "4098", "SECCION__1": null, "SECCION__2": null, "SECCION_N": "4098", "ESTATUS": null, "ALCALDIA_N": "XOCHIMILCO", "EN_OPERATI": null, "EN_OP": "NO", "SEC_N": "4098", "EST": null, "ALC_N": "XOCHIMILCO", "OP": "NO", "NOMBRE": "POTRERO DE LA NORIA" }, "geometry": { "type": "MultiPolygon", "coordinates": [ [ [ [ -99.124449966176527, 19.285365520185554 ], [ -99.124490495584922, 19.285257940318978 ], [ -99.124731120078067, 19.284619231869165 ], [ -99.124783580238514, 19.284512698922025 ], [ -99.125202753549033, 19.283661461409089 ], [ -99.125188836157704, 19.283277629200715 ], [ -99.125179275091995, 19.283220397854851 ], [ -99.125161460273333, 19.283113760463682 ], [ -99.125091415124089, 19.28281157484674 ], [ -99.125059621607448, 19.282674395091643 ], [ -99.12529394119224, 19.282606773577395 ], [ -99.126240628336134, 19.282622937885765 ], [ -99.12683884586076, 19.282581044797283 ], [ -99.127277593271529, 19.282550318120151 ], [ -99.127327933218297, 19.282551686041401 ], [ -99.127780439947955, 19.282563981687229 ], [ -99.128283286698988, 19.282577643869946 ], [ -99.12876756728528, 19.28259080030551 ], [ -99.129239681230771, 19.28260362497252 ], [ -99.129524073498615, 19.280382316691668 ], [ -99.130033105081566, 19.280441580277014 ], [ -99.130542137021621, 19.280500842441956 ], [ -99.130973445829369, 19.280551054833868 ], [ -99.131317149725675, 19.280591067628137 ], [ -99.131454146150631, 19.280607016082488 ], [ -99.131927540148467, 19.280668382487953 ], [ -99.132401686074985, 19.280732460867423 ], [ -99.133051149143995, 19.280820230375266 ], [ -99.133067777368595, 19.280689430316453 ], [ -99.133213360131592, 19.279544246126271 ], [ -99.133326722829594, 19.279651089124631 ], [ -99.134308838124795, 19.280331960680531 ], [ -99.134349227559483, 19.280346823554662 ], [ -99.134817097175173, 19.280518993651953 ], [ -99.135888387081252, 19.280748391098491 ], [ -99.137721994031992, 19.281141008923957 ], [ -99.138483765867605, 19.281740413569374 ], [ -99.138597397687661, 19.281862737283063 ], [ -99.138671044626491, 19.28194201746679 ], [ -99.138714417651514, 19.281988708038732 ], [ -99.138764716971522, 19.282042971714255 ], [ -99.138791164578109, 19.282071315341437 ], [ -99.138844573838455, 19.282128796116446 ], [ -99.138943072025356, 19.282234821533194 ], [ -99.137680531421225, 19.282207680892409 ], [ -99.135636823441715, 19.282368783975961 ], [ -99.13440163886672, 19.282619840688479 ], [ -99.13198661225195, 19.283295208082418 ], [ -99.130379689677909, 19.283744071439525 ], [ -99.129575855843541, 19.283968658903067 ], [ -99.129240182674323, 19.284062427082386 ], [ -99.128603023433442, 19.284240411502022 ], [ -99.128249386100748, 19.284339195628444 ], [ -99.127938598030624, 19.284426009691416 ], [ -99.127543949707842, 19.284536496439397 ], [ -99.125149969888696, 19.28520669967703 ], [ -99.125023777380463, 19.285242005488769 ], [ -99.124935386347403, 19.28526103207081 ], [ -99.124449966176527, 19.285365520185554 ] ] ] ] } },
{ "type": "Feature", "properties": { "id": 1287.0, "entidad": 9, "distrito_f": 5, "distrito_l": 19, "municipio": 13, "seccion": 4100, "tipo": 2, "control": 36538.0, "SECCION_TX": "4100", "SECCION__1": null, "SECCION__2": null, "SECCION_N": "4100", "ESTATUS": null, "ALCALDIA_N": "XOCHIMILCO", "EN_OPERATI": null, "EN_OP": "NO", "SEC_N": "4100", "EST": null, "ALC_N": "XOCHIMILCO", "OP": "NO", "NOMBRE": "POTRERO DE LA NORIA" }, "geometry": { "type": "MultiPolygon", "coordinates": [ [ [ [ -99.130973445829369, 19.280551054833868 ], [ -99.130542137021621, 19.280500842441956 ], [ -99.130033105081566, 19.280441580277014 ], [ -99.129524073498615, 19.280382316691668 ], [ -99.129328689274217, 19.280358958513975 ], [ -99.129343125656007, 19.280206824933089 ], [ -99.129083300254791, 19.280174796386664 ], [ -99.128638410766968, 19.280119954195779 ], [ -99.128139188480858, 19.280058412985266 ], [ -99.127719935917526, 19.280006728885294 ], [ -99.12795718509777, 19.278122194728617 ], [ -99.128008168122392, 19.277977053412837 ], [ -99.127791340009423, 19.277848577315677 ], [ -99.128125604421399, 19.277390557636899 ], [ -99.128143144745479, 19.277401804225491 ], [ -99.129079041198963, 19.27800188206978 ], [ -99.129321608931164, 19.27814241075178 ], [ -99.129445319439242, 19.278142631335431 ], [ -99.129859591136835, 19.278143369398332 ], [ -99.130329949094275, 19.278144206245607 ], [ -99.1303875007779, 19.278121147037194 ], [ -99.130494594698973, 19.278078237696327 ], [ -99.130876078296225, 19.278176741503298 ], [ -99.131249038260194, 19.278456341044944 ], [ -99.131320961020961, 19.278465774133707 ], [ -99.131812596159818, 19.278530254155935 ], [ -99.131873223063195, 19.278538205534865 ], [ -99.131840252237993, 19.278784015639371 ], [ -99.131611690305363, 19.280488012205659 ], [ -99.131333333101523, 19.28045291492823 ], [ -99.131317149725675, 19.280591067628137 ], [ -99.130973445829369, 19.280551054833868 ] ] ] ] } },
{ "type": "Feature", "properties": { "id": 1288.0, "entidad": 9, "distrito_f": 5, "distrito_l": 19, "municipio": 13, "seccion": 4101, "tipo": 2, "control": 36537.0, "SECCION_TX": "4101", "SECCION__1": null, "SECCION__2": null, "SECCION_N": "4101", "ESTATUS": null, "ALCALDIA_N": "XOCHIMILCO", "EN_OPERATI": null, "EN_OP": "NO", "SEC_N": "4101", "EST": null, "ALC_N": "XOCHIMILCO", "OP": "NO", "NOMBRE": "POTRERO DE LA NORIA" }, "geometry": { "type": "MultiPolygon", "coordinates": [ [ [ [ -99.129239681230771, 19.28260362497252 ], [ -99.12876756728528, 19.28259080030551 ], [ -99.128283286698988, 19.282577643869946 ], [ -99.127780439947955, 19.282563981687229 ], [ -99.127327933218297, 19.282551686041401 ], [ -99.127277593271529, 19.282550318120151 ], [ -99.12683884586076, 19.282581044797283 ], [ -99.126240628336134, 19.282622937885765 ], [ -99.12529394119224, 19.282606773577395 ], [ -99.12646568692189, 19.279976064614974 ], [ -99.12651968363906, 19.279856897667045 ], [ -99.126841502289025, 19.279169950581057 ], [ -99.127435262640773, 19.278262644447501 ], [ -99.127791340009423, 19.277848577315677 ], [ -99.128008168122392, 19.277977053412837 ], [ -99.12795718509777, 19.278122194728617 ], [ -99.127719935917526, 19.280006728885294 ], [ -99.128139188480858, 19.280058412985266 ], [ -99.128638410766968, 19.280119954195779 ], [ -99.129083300254791, 19.280174796386664 ], [ -99.129343125656007, 19.280206824933089 ], [ -99.129328689274217, 19.280358958513975 ], [ -99.129524073498615, 19.280382316691668 ], [ -99.129239681230771, 19.28260362497252 ] ] ] ] } },
{ "type": "Feature", "properties": { "id": 1294.0, "entidad": 9, "distrito_f": 5, "distrito_l": 19, "municipio": 13, "seccion": 4105, "tipo": 2, "control": 36629.0, "SECCION_TX": "4105", "SECCION__1": null, "SECCION__2": null, "SECCION_N": "4105", "ESTATUS": null, "ALCALDIA_N": "XOCHIMILCO", "EN_OPERATI": null, "EN_OP": "NO", "SEC_N": "4105", "EST": null, "ALC_N": "XOCHIMILCO", "OP": "NO", "NOMBRE": "POTRERO DE LA NORIA" }, "geometry": { "type": "MultiPolygon", "coordinates": [ [ [ [ -99.124731120078067, 19.284619231869165 ], [ -99.124490495584922, 19.285257940318978 ], [ -99.124449966176527, 19.285365520185554 ], [ -99.122334033002772, 19.286199949592326 ], [ -99.117949060665822, 19.288053945054351 ], [ -99.115936140282287, 19.288947791985517 ], [ -99.114679076107365, 19.289506097487855 ], [ -99.113911078955425, 19.289849171247162 ], [ -99.113886969100321, 19.289763065850984 ], [ -99.113862859270654, 19.289676960450596 ], [ -99.114089147556001, 19.289129473500054 ], [ -99.114241385172889, 19.288785988507975 ], [ -99.114270408669, 19.288787674619741 ], [ -99.114359107006479, 19.28879257540752 ], [ -99.114384279534988, 19.288793983878158 ], [ -99.114405105909256, 19.288795149167179 ], [ -99.115001192577424, 19.286933720867772 ], [ -99.115394932966623, 19.285592515853029 ], [ -99.115823699985967, 19.28430787394327 ], [ -99.11619091584933, 19.284445206724655 ], [ -99.116307183286253, 19.284488688659309 ], [ -99.116465181374593, 19.284547776952575 ], [ -99.116661043849945, 19.284621025560192 ], [ -99.116769946579709, 19.284661752860746 ], [ -99.117005308953381, 19.284749773082094 ], [ -99.117064818292221, 19.284772028169964 ], [ -99.117354360927507, 19.284863916187462 ], [ -99.117399616846242, 19.284901037041809 ], [ -99.117687515312383, 19.285004900625982 ], [ -99.117979263517356, 19.2851140058902 ], [ -99.118030070703483, 19.285133006223621 ], [ -99.118271012106476, 19.28522311068518 ], [ -99.118379991631244, 19.285263865442143 ], [ -99.118560530000423, 19.285331380664456 ], [ -99.118847221418036, 19.28543859304169 ], [ -99.118895797720512, 19.28545675878966 ], [ -99.119154144980698, 19.285553370864427 ], [ -99.119269374433372, 19.285596462153475 ], [ -99.11946233652084, 19.285668622180417 ], [ -99.119604567221799, 19.285721810546171 ], [ -99.119785702363657, 19.285789547343644 ], [ -99.119946010029835, 19.285849495358704 ], [ -99.120300396176631, 19.285982019531239 ], [ -99.120406508487875, 19.286021700495091 ], [ -99.120648889160123, 19.286006447942519 ], [ -99.12068462422701, 19.285968692714253 ], [ -99.120756546264474, 19.285923161338264 ], [ -99.120955430996119, 19.285849354442195 ], [ -99.121395704420152, 19.285696553903232 ], [ -99.12183665421145, 19.285530241222865 ], [ -99.122221964046219, 19.285352645221206 ], [ -99.122913080863867, 19.284959772656183 ], [ -99.123786433719644, 19.284304815846156 ], [ -99.124267699617718, 19.284044398682173 ], [ -99.124350806674684, 19.284004189587165 ], [ -99.124485680500442, 19.28370224469888 ], [ -99.124602428920497, 19.283375753907652 ], [ -99.124867457227353, 19.282634588466177 ], [ -99.124935393536092, 19.282737317175361 ], [ -99.124990697244101, 19.282709305611871 ], [ -99.125059621607448, 19.282674395091643 ], [ -99.125091415124089, 19.28281157484674 ], [ -99.125161460273333, 19.283113760463682 ], [ -99.125179275091995, 19.283220397854851 ], [ -99.125188836157704, 19.283277629200715 ], [ -99.125202753549033, 19.283661461409089 ], [ -99.124783580238514, 19.284512698922025 ], [ -99.124731120078067, 19.284619231869165 ] ] ] ] } },
{ "type": "Feature", "properties": { "id": 1306.0, "entidad": 9, "distrito_f": 5, "distrito_l": 19, "municipio": 13, "seccion": 4118, "tipo": 2, "control": 37922.0, "SECCION_TX": "4118", "SECCION__1": null, "SECCION__2": null, "SECCION_N": "4118", "ESTATUS": null, "ALCALDIA_N": "XOCHIMILCO", "EN_OPERATI": null, "EN_OP": "NO", "SEC_N": "4118", "EST": null, "ALC_N": "XOCHIMILCO", "OP": "NO", "NOMBRE": "POTRERO DE LA NORIA" }, "geometry": { "type": "MultiPolygon", "coordinates": [ [ [ [ -99.119338284957209, 19.274917780786179 ], [ -99.119090351783811, 19.275051409830127 ], [ -99.118251853373863, 19.275503332912955 ], [ -99.116549443527958, 19.276420856388484 ], [ -99.116110500324083, 19.27665742309442 ], [ -99.11597329331741, 19.276731369912749 ], [ -99.115608481231433, 19.27692798217446 ], [ -99.115366900053971, 19.277058179563475 ], [ -99.113941752807435, 19.277826235537223 ], [ -99.113169368450542, 19.278242489737245 ], [ -99.113056624882006, 19.278198304589708 ], [ -99.112779378544474, 19.278089649032911 ], [ -99.112609052636273, 19.278022896359328 ], [ -99.11221557546402, 19.277868687333452 ], [ -99.111197059775137, 19.277469511961751 ], [ -99.110423329415823, 19.277166267437181 ], [ -99.108930829207921, 19.276581306346785 ], [ -99.108553333218893, 19.276433350356903 ], [ -99.108499460643969, 19.27581947931742 ], [ -99.108475397541241, 19.275545281825444 ], [ -99.108456425444913, 19.275329095349207 ], [ -99.108369232318282, 19.274335524641526 ], [ -99.108274403968124, 19.273728257681341 ], [ -99.108246905031834, 19.27355215762498 ], [ -99.108268918026951, 19.273347083231862 ], [ -99.108423837462212, 19.273173477951261 ], [ -99.108562211659461, 19.273099784054001 ], [ -99.108833565108085, 19.273167976486572 ], [ -99.10899419102833, 19.273252008520377 ], [ -99.109215733598475, 19.273351777976359 ], [ -99.109276664038973, 19.273388547446132 ], [ -99.10933759450657, 19.273425316895224 ], [ -99.109580886732459, 19.272925662781802 ], [ -99.10989069400371, 19.272966402191727 ], [ -99.110026991845146, 19.272987571303727 ], [ -99.110059985301262, 19.273025822293413 ], [ -99.110176780659813, 19.273364907467158 ], [ -99.110207385627774, 19.273651078456542 ], [ -99.110271070969688, 19.273790196378471 ], [ -99.110273368712683, 19.27397218905794 ], [ -99.110318057804662, 19.274022966006189 ], [ -99.110374127980862, 19.274060768426125 ], [ -99.110473141451791, 19.274139277974104 ], [ -99.110924733163586, 19.274252569938501 ], [ -99.110984732483232, 19.274267622024912 ], [ -99.111315045303087, 19.274383686684466 ], [ -99.111737354117892, 19.274465608458137 ], [ -99.111786397892899, 19.274312836440629 ], [ -99.111835622512046, 19.274159500793477 ], [ -99.112071421685812, 19.274238702040641 ], [ -99.112139902177873, 19.274011958136885 ], [ -99.112364429460399, 19.274082876774024 ], [ -99.112491917264848, 19.274123144609135 ], [ -99.112793564711993, 19.274218421442878 ], [ -99.112975114237798, 19.273515533416585 ], [ -99.112665865710582, 19.273438329849295 ], [ -99.112718773356292, 19.273240718502063 ], [ -99.112734330508061, 19.272859526602673 ], [ -99.114123916389218, 19.273249281194403 ], [ -99.114185191288158, 19.27321038534776 ], [ -99.114307944114032, 19.273225849810252 ], [ -99.114397758131489, 19.272942167065715 ], [ -99.114487338949331, 19.272980833408198 ], [ -99.114542587483058, 19.272999475775912 ], [ -99.115805370101043, 19.273432422579436 ], [ -99.117346470245209, 19.273849748143665 ], [ -99.118569870309315, 19.274138004355379 ], [ -99.119505939776971, 19.274469527981356 ], [ -99.119732661904152, 19.273768749373684 ], [ -99.119847316095061, 19.273759365858581 ], [ -99.119961970272485, 19.273749982271614 ], [ -99.121242311873942, 19.272845782034413 ], [ -99.121687751866347, 19.273049070583593 ], [ -99.122186666605657, 19.273276761881405 ], [ -99.122596713558806, 19.273463894808422 ], [ -99.122673145947914, 19.273498776070955 ], [ -99.123023945522363, 19.273663988906701 ], [ -99.123472414679256, 19.273875198813052 ], [ -99.122938991614674, 19.274979346746225 ], [ -99.123388460380042, 19.275126004667651 ], [ -99.123837929939242, 19.275272661477004 ], [ -99.124389076107633, 19.274259497270041 ], [ -99.124469517290848, 19.274295395490597 ], [ -99.12470923860019, 19.275231268373016 ], [ -99.124842534326902, 19.275751650551239 ], [ -99.124956786655517, 19.276197685173194 ], [ -99.124443815182161, 19.276025141838563 ], [ -99.124090130587945, 19.275906175263433 ], [ -99.123541669544167, 19.275721691307563 ], [ -99.123345176008073, 19.275655596949544 ], [ -99.123018071375284, 19.275545568463549 ], [ -99.122647954376873, 19.275421070982318 ], [ -99.12226726177164, 19.275293015167382 ], [ -99.121751753177449, 19.275119608917187 ], [ -99.121685044721744, 19.275097169462125 ], [ -99.121055275664219, 19.274885325629189 ], [ -99.120617721371701, 19.274738138041272 ], [ -99.120568659533291, 19.274786967831318 ], [ -99.120513910656328, 19.274813494372857 ], [ -99.120469120505533, 19.274831711072196 ], [ -99.120424330344804, 19.274849927760485 ], [ -99.120634007492171, 19.275227724216858 ], [ -99.12086560363656, 19.275645012015463 ], [ -99.121615209990722, 19.2769956291054 ], [ -99.121507646513749, 19.27695679958094 ], [ -99.121103453799279, 19.276810888625988 ], [ -99.120747900340618, 19.276675196269633 ], [ -99.120634211824495, 19.276631808331214 ], [ -99.120439340120939, 19.276557437527465 ], [ -99.120391391022352, 19.276539138199325 ], [ -99.120045973762174, 19.276408458815233 ], [ -99.119717480601281, 19.276281944777914 ], [ -99.11966856069013, 19.276263274691342 ], [ -99.119380783312167, 19.276153445264512 ], [ -99.119315602076952, 19.276128568945836 ], [ -99.118915067108219, 19.275975704709936 ], [ -99.119338284957209, 19.274917780786179 ] ] ] ] } },
{ "type": "Feature", "properties": { "id": 1309.0, "entidad": 9, "distrito_f": 5, "distrito_l": 19, "municipio": 13, "seccion": 4121, "tipo": 2, "control": 36579.0, "SECCION_TX": "4121", "SECCION__1": null, "SECCION__2": null, "SECCION_N": "4121", "ESTATUS": "COMPLETA", "ALCALDIA_N": "XOCHIMILCO", "EN_OPERATI": null, "EN_OP": "SI", "SEC_N": "4121", "EST": "COMPLETA", "ALC_N": "XOCHIMILCO", "OP": "SI", "NOMBRE": "POTRERO DE LA NORIA" }, "geometry": { "type": "MultiPolygon", "coordinates": [ [ [ [ -99.124207649819354, 19.277974275135396 ], [ -99.12453264731829, 19.278097020055586 ], [ -99.124386035939594, 19.278454755524816 ], [ -99.124186750976065, 19.278884053787614 ], [ -99.123844671328925, 19.279742611342321 ], [ -99.123324798419105, 19.279564145120577 ], [ -99.12425006786718, 19.281223016530589 ], [ -99.125059621607448, 19.282674395091643 ], [ -99.124990697244101, 19.282709305611871 ], [ -99.124935393536092, 19.282737317175361 ], [ -99.124867457227353, 19.282634588466177 ], [ -99.124482160580556, 19.282012650586896 ], [ -99.124408531492165, 19.28189379939985 ], [ -99.123722928415816, 19.280679624637553 ], [ -99.123488736275817, 19.280274920103118 ], [ -99.12325698161942, 19.27987021360088 ], [ -99.123028512686844, 19.279454084050091 ], [ -99.122988106343328, 19.279380488349538 ], [ -99.122884766549291, 19.279192265961729 ], [ -99.122305944484111, 19.278190773655485 ], [ -99.12210859972032, 19.277849319600314 ], [ -99.121893774182681, 19.277477617712528 ], [ -99.121780543707359, 19.277281699894782 ], [ -99.121615209990722, 19.2769956291054 ], [ -99.12086560363656, 19.275645012015463 ], [ -99.120634007492171, 19.275227724216858 ], [ -99.120424330344804, 19.274849927760485 ], [ -99.120469120505533, 19.274831711072196 ], [ -99.120513910656328, 19.274813494372857 ], [ -99.120568659533291, 19.274786967831318 ], [ -99.120617721371701, 19.274738138041272 ], [ -99.121055275664219, 19.274885325629189 ], [ -99.121685044721744, 19.275097169462125 ], [ -99.121751753177449, 19.275119608917187 ], [ -99.12226726177164, 19.27529301516747 ], [ -99.122647954376873, 19.275421070982318 ], [ -99.12301807137527, 19.275545568463549 ], [ -99.123345176008073, 19.275655596949544 ], [ -99.123541669544167, 19.275721691307563 ], [ -99.124090130587945, 19.275906175263433 ], [ -99.124443815182161, 19.276025141838563 ], [ -99.124956786655517, 19.276197685173194 ], [ -99.124207649819354, 19.277974275135396 ] ] ] ] } },
{ "type": "Feature", "properties": { "id": 1310.0, "entidad": 9, "distrito_f": 5, "distrito_l": 19, "municipio": 13, "seccion": 4122, "tipo": 2, "control": 36099.0, "SECCION_TX": "4122", "SECCION__1": null, "SECCION__2": null, "SECCION_N": "4122", "ESTATUS": null, "ALCALDIA_N": "XOCHIMILCO", "EN_OPERATI": null, "EN_OP": "NO", "SEC_N": "4122", "EST": null, "ALC_N": "XOCHIMILCO", "OP": "NO", "NOMBRE": "POTRERO DE LA NORIA" }, "geometry": { "type": "MultiPolygon", "coordinates": [ [ [ [ -99.12529394119224, 19.282606773577395 ], [ -99.125059621607448, 19.282674395091643 ], [ -99.12425006786718, 19.281223016530589 ], [ -99.123324798419105, 19.279564145120577 ], [ -99.123844671328925, 19.279742611342321 ], [ -99.124186750976065, 19.278884053787614 ], [ -99.124386035939594, 19.278454755524816 ], [ -99.12453264731829, 19.278097020055586 ], [ -99.124207649819354, 19.277974275135396 ], [ -99.124956786655517, 19.276197685173194 ], [ -99.124842534326902, 19.275751650551239 ], [ -99.12470923860019, 19.275231268373016 ], [ -99.124469517290848, 19.274295395490597 ], [ -99.124668458029092, 19.274387563716992 ], [ -99.125810724046573, 19.27491676350111 ], [ -99.12604009332442, 19.2744409499353 ], [ -99.125320514631241, 19.274108843426433 ], [ -99.125842013360582, 19.273170900701775 ], [ -99.125901279093569, 19.27320001940647 ], [ -99.125922421376544, 19.273210833610172 ], [ -99.126031782672513, 19.27326677146846 ], [ -99.126148688487604, 19.273037425409846 ], [ -99.126518294000292, 19.273179018394615 ], [ -99.126701395606659, 19.273248017843859 ], [ -99.126928824099807, 19.272897421766348 ], [ -99.127060457498658, 19.272933136031789 ], [ -99.127619904934477, 19.273072159736525 ], [ -99.127923430616974, 19.273152931073323 ], [ -99.12794440169867, 19.273158659392678 ], [ -99.127882703462944, 19.273282718408062 ], [ -99.127491587420252, 19.274001839515279 ], [ -99.127648555122562, 19.27407282264836 ], [ -99.128273327329509, 19.27435535199475 ], [ -99.129486410906665, 19.274862339399558 ], [ -99.12961180027763, 19.275212627681565 ], [ -99.12922279178855, 19.275699589648941 ], [ -99.128847324958699, 19.276208881898036 ], [ -99.128843609282498, 19.276301808723385 ], [ -99.128129638834054, 19.277296086071278 ], [ -99.128127621628252, 19.277343321854264 ], [ -99.128125604421399, 19.277390557636899 ], [ -99.127791340009423, 19.277848577315677 ], [ -99.127435262640773, 19.278262644447501 ], [ -99.126841502289025, 19.279169950581057 ], [ -99.12651968363906, 19.279856897667045 ], [ -99.12646568692189, 19.279976064614974 ], [ -99.12529394119224, 19.282606773577395 ] ] ] ] } },
{ "type": "Feature", "properties": { "id": 1311.0, "entidad": 9, "distrito_f": 5, "distrito_l": 19, "municipio": 13, "seccion": 4123, "tipo": 2, "control": 36233.0, "SECCION_TX": "4123", "SECCION__1": null, "SECCION__2": null, "SECCION_N": "4123", "ESTATUS": null, "ALCALDIA_N": "XOCHIMILCO", "EN_OPERATI": null, "EN_OP": "NO", "SEC_N": "4123", "EST": null, "ALC_N": "XOCHIMILCO", "OP": "NO", "NOMBRE": "POTRERO DE LA NORIA" }, "geometry": { "type": "MultiPolygon", "coordinates": [ [ [ [ -99.128125604421399, 19.277390557636899 ], [ -99.128127621628252, 19.277343321854264 ], [ -99.128129638834054, 19.277296086071278 ], [ -99.128843609282498, 19.276301808723385 ], [ -99.128847324958699, 19.276208881898036 ], [ -99.12922279178855, 19.275699589648941 ], [ -99.129576071520688, 19.275747860603726 ], [ -99.12982179945466, 19.275781435622598 ], [ -99.130873589498663, 19.27584556008884 ], [ -99.131262638707341, 19.275942266880055 ], [ -99.131317460426374, 19.2759558939557 ], [ -99.13139281581077, 19.275979657520804 ], [ -99.131902807846004, 19.276140484164127 ], [ -99.132400299070682, 19.276299720219242 ], [ -99.132480011094927, 19.275572563841845 ], [ -99.13263512338726, 19.27584086593578 ], [ -99.132657221485672, 19.27636328224354 ], [ -99.132832469301377, 19.276343630623185 ], [ -99.132877780964719, 19.276185930582347 ], [ -99.133149282738643, 19.276925515699606 ], [ -99.133742582163705, 19.27809391139548 ], [ -99.134034709615989, 19.278593363835903 ], [ -99.134217564289486, 19.278823645762149 ], [ -99.134394880146033, 19.27894778482009 ], [ -99.134278989688738, 19.279378534187622 ], [ -99.134256323099578, 19.279547227444116 ], [ -99.133946828485264, 19.279486614344837 ], [ -99.133629408129295, 19.279487854815681 ], [ -99.133597785291826, 19.27959701622223 ], [ -99.133326722829594, 19.279651089124631 ], [ -99.133213360131592, 19.279544246126271 ], [ -99.132993529801723, 19.279364104684078 ], [ -99.132566186740533, 19.278937024071929 ], [ -99.13232927667967, 19.27846235528445 ], [ -99.132243445799048, 19.278287590860433 ], [ -99.132178777833815, 19.278289964560976 ], [ -99.132097831486462, 19.27829235602276 ], [ -99.132013416183526, 19.278291167067451 ], [ -99.131978195174398, 19.27829233508217 ], [ -99.131885716793448, 19.278291715777613 ], [ -99.131825692106574, 19.278291496719479 ], [ -99.131821344930074, 19.278370751903626 ], [ -99.131817056823337, 19.278448930091272 ], [ -99.131813656946576, 19.278510914553401 ], [ -99.131812596159818, 19.278530254155935 ], [ -99.131320961020961, 19.278465774133707 ], [ -99.131249038260194, 19.278456341044944 ], [ -99.130876078296225, 19.278176741503298 ], [ -99.130494594698973, 19.278078237696327 ], [ -99.1303875007779, 19.278121147037194 ], [ -99.130329949094275, 19.278144206245607 ], [ -99.129859591136835, 19.278143369398332 ], [ -99.129445319439242, 19.278142631335431 ], [ -99.129321608931164, 19.27814241075178 ], [ -99.129079041198963, 19.27800188206978 ], [ -99.128143144745479, 19.277401804225491 ], [ -99.128125604421399, 19.277390557636899 ] ] ] ] } },
{ "type": "Feature", "properties": { "id": 1331.0, "entidad": 9, "distrito_f": 5, "distrito_l": 25, "municipio": 13, "seccion": 4187, "tipo": 2, "control": 36925.0, "SECCION_TX": "4187", "SECCION__1": null, "SECCION__2": null, "SECCION_N": "4187", "ESTATUS": null, "ALCALDIA_N": "XOCHIMILCO", "EN_OPERATI": null, "EN_OP": "NO", "SEC_N": "4187", "EST": null, "ALC_N": "XOCHIMILCO", "OP": "NO", "NOMBRE": "SANTA CRUCITA" }, "geometry": { "type": "MultiPolygon", "coordinates": [ [ [ [ -99.104225910053387, 19.259337242487096 ], [ -99.104051392324024, 19.260133758433287 ], [ -99.103731872732141, 19.261592056731757 ], [ -99.103525800198668, 19.262532564864472 ], [ -99.102357146398802, 19.262260352200826 ], [ -99.101147403421038, 19.261978559869473 ], [ -99.101152074425286, 19.261951638943966 ], [ -99.101237801616264, 19.261457556184325 ], [ -99.100763286392336, 19.261306614612437 ], [ -99.100914453299978, 19.260840445810075 ], [ -99.100680427212339, 19.260765593943315 ], [ -99.10079328528488, 19.260394794398739 ], [ -99.100376186101442, 19.26021946019242 ], [ -99.100712729668217, 19.259823495643673 ], [ -99.101245611663288, 19.260107649039732 ], [ -99.101273950192706, 19.260152445034592 ], [ -99.101314963909459, 19.260168897425864 ], [ -99.101519373094632, 19.260250894681707 ], [ -99.101606819760192, 19.259914445459941 ], [ -99.101679576293733, 19.259634515138448 ], [ -99.101768394858084, 19.259292784925581 ], [ -99.101863007876133, 19.25892875889809 ], [ -99.10226407499546, 19.258924053938447 ], [ -99.102448757439674, 19.258969121083297 ], [ -99.102575541327198, 19.259000059406763 ], [ -99.10282565103023, 19.25904921183313 ], [ -99.103056816160375, 19.259094792271664 ], [ -99.103311662134089, 19.25906238147844 ], [ -99.103571240040438, 19.259160820390218 ], [ -99.104225910053387, 19.259337242487096 ] ] ] ] } },
{ "type": "Feature", "properties": { "id": 5342.0, "entidad": 9, "distrito_f": 21, "distrito_l": 25, "municipio": 13, "seccion": 4186, "tipo": 2, "control": 36935.0, "SECCION_TX": "4186", "SECCION__1": null, "SECCION__2": null, "SECCION_N": "4186", "ESTATUS": "COMPLETA", "ALCALDIA_N": "XOCHIMILCO", "EN_OPERATI": null, "EN_OP": "SI", "SEC_N": "4186", "EST": "COMPLETA", "ALC_N": "XOCHIMILCO", "OP": "SI", "NOMBRE": "SANTA CRUCITA" }, "geometry": { "type": "MultiPolygon", "coordinates": [ [ [ [ -99.101084299009798, 19.262279117493716 ], [ -99.100125236265114, 19.262070165726566 ], [ -99.099566215646092, 19.261948368888074 ], [ -99.099184911936405, 19.261865291106027 ], [ -99.098976012282137, 19.261819776043229 ], [ -99.098513595529056, 19.261726251537503 ], [ -99.098273829944262, 19.26167775807313 ], [ -99.097373436826771, 19.261495647213266 ], [ -99.096671572318769, 19.261354410009236 ], [ -99.096194470527337, 19.261257185639924 ], [ -99.096112099640365, 19.261220297983641 ], [ -99.096082588208745, 19.261207082044585 ], [ -99.096053076781857, 19.261193866100719 ], [ -99.096178565357718, 19.260849035895703 ], [ -99.096323720546536, 19.260450161873177 ], [ -99.096774428724558, 19.260794677702869 ], [ -99.097234934556013, 19.260855425049865 ], [ -99.097554197562673, 19.260586150500149 ], [ -99.097736263210095, 19.260417891701813 ], [ -99.097752614512842, 19.260402775241115 ], [ -99.097788210680775, 19.260369851040743 ], [ -99.098162892987915, 19.259696934825989 ], [ -99.098203555598204, 19.259691351252204 ], [ -99.098274660889786, 19.259681587428389 ], [ -99.098369208333025, 19.259771277842972 ], [ -99.098561496788804, 19.259951160553058 ], [ -99.098910544731567, 19.260234969153249 ], [ -99.099073414231214, 19.259961955196381 ], [ -99.099239693350214, 19.260031463920054 ], [ -99.09940439864188, 19.260100314537841 ], [ -99.099444673927152, 19.259882159083542 ], [ -99.099472036766315, 19.259733325731972 ], [ -99.099487852183145, 19.259646662547663 ], [ -99.099510428210209, 19.259524504572951 ], [ -99.099536465596145, 19.259382880080064 ], [ -99.099565309037388, 19.259225992394928 ], [ -99.099596507970659, 19.259056292178705 ], [ -99.099534914862204, 19.259019285038114 ], [ -99.099496983189596, 19.258977617736409 ], [ -99.099647428529707, 19.258725604293144 ], [ -99.099667120074614, 19.258701638379968 ], [ -99.099785489584676, 19.258557574661889 ], [ -99.099783461208972, 19.258366022120988 ], [ -99.099823856778912, 19.258123918224236 ], [ -99.099868730264902, 19.25815739286767 ], [ -99.10000505881581, 19.258259090846277 ], [ -99.100308946806692, 19.25848578350865 ], [ -99.100328775198477, 19.258500574941863 ], [ -99.100420127331574, 19.258557454842336 ], [ -99.100725475431744, 19.258747577528137 ], [ -99.100961237877272, 19.258894372579494 ], [ -99.10109512856863, 19.258899478385047 ], [ -99.101293526623053, 19.25890704394228 ], [ -99.101610119428543, 19.258919116198893 ], [ -99.101863007876133, 19.25892875889809 ], [ -99.101768394858084, 19.259292784925581 ], [ -99.101679576293733, 19.259634515138448 ], [ -99.101606819760192, 19.259914445459941 ], [ -99.101519373094632, 19.260250894681707 ], [ -99.101314963909459, 19.260168897425864 ], [ -99.101273950192706, 19.260152445034592 ], [ -99.101245611663288, 19.260107649039732 ], [ -99.100712729668217, 19.259823495643673 ], [ -99.100376186101442, 19.26021946019242 ], [ -99.10079328528488, 19.260394794398739 ], [ -99.100680427212339, 19.260765593943315 ], [ -99.100914453299978, 19.260840445810075 ], [ -99.100763286392336, 19.261306614612437 ], [ -99.101237801616264, 19.261457556184325 ], [ -99.101152074425286, 19.261951638943966 ], [ -99.101147403421038, 19.261978559869473 ], [ -99.101084299009798, 19.262279117493716 ] ] ] ] } },
{ "type": "Feature", "properties": { "id": 5321.0, "entidad": 9, "distrito_f": 21, "distrito_l": 25, "municipio": 13, "seccion": 4165, "tipo": 2, "control": 37255.0, "SECCION_TX": "4165", "SECCION__1": null, "SECCION__2": null, "SECCION_N": "4165", "ESTATUS": null, "ALCALDIA_N": "XOCHIMILCO", "EN_OPERATI": null, "EN_OP": "NO", "SEC_N": "4165", "EST": null, "ALC_N": "XOCHIMILCO", "OP": "NO", "NOMBRE": "SAN FRANCISCO CHIQUIMOLA" }, "geometry": { "type": "MultiPolygon", "coordinates": [ [ [ [ -99.028535016852018, 19.241922198092272 ], [ -99.028436476030492, 19.24211949905196 ], [ -99.028366078015466, 19.242193074105035 ], [ -99.028043335971617, 19.242591616327509 ], [ -99.027976540041138, 19.242693866797261 ], [ -99.027873314424582, 19.242851883127685 ], [ -99.027802025169976, 19.242935965295061 ], [ -99.027531918815257, 19.243437103954889 ], [ -99.02735239569914, 19.243590946757156 ], [ -99.027119061995379, 19.24377384135758 ], [ -99.027070786761868, 19.243811680978837 ], [ -99.0267997458472, 19.244075882920455 ], [ -99.026731107533593, 19.244147023781483 ], [ -99.026606146587184, 19.244276540569334 ], [ -99.026486495726189, 19.244580845844919 ], [ -99.026426673074127, 19.24475138947701 ], [ -99.026347042347638, 19.244851255886928 ], [ -99.026299856473116, 19.244898629856351 ], [ -99.026120432107035, 19.245069096636932 ], [ -99.026087168387392, 19.245114746354943 ], [ -99.025962039484725, 19.245286467671903 ], [ -99.025876348218446, 19.245396957970421 ], [ -99.025824476724296, 19.245463840970825 ], [ -99.025715646949749, 19.245604165638415 ], [ -99.025624127256876, 19.24570783698416 ], [ -99.025309056827439, 19.245865040498927 ], [ -99.025118971477312, 19.246047305028352 ], [ -99.024958819826622, 19.246288082174306 ], [ -99.024844437617389, 19.246540556345639 ], [ -99.024754686699552, 19.246707759634926 ], [ -99.024657884343213, 19.246808087378135 ], [ -99.024571162592139, 19.246845268302049 ], [ -99.024334075702185, 19.246942077400224 ], [ -99.024012744235563, 19.247141257994549 ], [ -99.023787406998323, 19.2471915372357 ], [ -99.023422191935751, 19.247190860318337 ], [ -99.023341321268646, 19.247199907154478 ], [ -99.022704283477466, 19.247271169985016 ], [ -99.02262800426827, 19.247279702877613 ], [ -99.022413240916563, 19.247335225022159 ], [ -99.022198477420147, 19.247390746914558 ], [ -99.022059733228502, 19.247477144948185 ], [ -99.022010568366085, 19.247507760578646 ], [ -99.021740556790704, 19.247747774321827 ], [ -99.021571595289075, 19.247848286553921 ], [ -99.021443698343674, 19.247990790576964 ], [ -99.021294399002969, 19.248207999430299 ], [ -99.02122980410978, 19.248377507896169 ], [ -99.021144249419535, 19.248917588182358 ], [ -99.021098107627324, 19.248995315456394 ], [ -99.020673952314851, 19.248584446193057 ], [ -99.020318022047064, 19.248351159710275 ], [ -99.020009339120691, 19.248141798276773 ], [ -99.019952661814429, 19.248264450369728 ], [ -99.019899127861322, 19.248336248922573 ], [ -99.019815941079429, 19.248467054992968 ], [ -99.019801527541233, 19.248638387216488 ], [ -99.019766894783402, 19.248743088678591 ], [ -99.019666127651277, 19.248904633155259 ], [ -99.019250364601945, 19.248743143744598 ], [ -99.019133909410499, 19.249425186778797 ], [ -99.019088699122051, 19.249454416116436 ], [ -99.018907155914235, 19.249571787141047 ], [ -99.018491945002765, 19.249437118005602 ], [ -99.018146502772737, 19.249325076694703 ], [ -99.017479467786373, 19.249070152164581 ], [ -99.017009722363753, 19.248890624965401 ], [ -99.017206277160099, 19.248611727368242 ], [ -99.017073971319988, 19.24838140477355 ], [ -99.017055068043376, 19.248324570629489 ], [ -99.017089689427564, 19.248094232405357 ], [ -99.01724238334883, 19.247521371935306 ], [ -99.017276616448171, 19.247341464967327 ], [ -99.017373017469311, 19.246834841566592 ], [ -99.017445268226808, 19.24665397273235 ], [ -99.017571385505931, 19.246338256189922 ], [ -99.017663473384516, 19.246150100046048 ], [ -99.017801250442673, 19.245868589790096 ], [ -99.017839021081485, 19.245650216514591 ], [ -99.017870470257648, 19.245225439693467 ], [ -99.018056281695038, 19.245138671884774 ], [ -99.018175644324074, 19.244989703511248 ], [ -99.018216884364122, 19.244938234542868 ], [ -99.018512902306995, 19.244624111550461 ], [ -99.018553352264675, 19.244440594052378 ], [ -99.018610486773156, 19.244181379665523 ], [ -99.018688021547689, 19.244028974940864 ], [ -99.018701801574892, 19.244001888464695 ], [ -99.018871835410366, 19.243666838135503 ], [ -99.019073404731287, 19.243690748161953 ], [ -99.019151169983644, 19.243571733289073 ], [ -99.01919584037141, 19.243401942273369 ], [ -99.019230829503357, 19.243268949213324 ], [ -99.019237476505381, 19.243216097291498 ], [ -99.019270996044071, 19.242949574804687 ], [ -99.019300053507436, 19.242718530723334 ], [ -99.019309422177244, 19.242685349277263 ], [ -99.019334683199872, 19.242595881089496 ], [ -99.019580299346927, 19.242245865226309 ], [ -99.019246445059906, 19.242138211475663 ], [ -99.019227407769108, 19.242132846283475 ], [ -99.018725521663569, 19.241991401186997 ], [ -99.017759557877966, 19.241603111770992 ], [ -99.017743064976642, 19.241539787191655 ], [ -99.017712141189364, 19.241532522587082 ], [ -99.016873676780804, 19.241335548603889 ], [ -99.016783791473117, 19.241463636475277 ], [ -99.016768025230917, 19.241486103574566 ], [ -99.016469871194019, 19.241430258978877 ], [ -99.016424858603031, 19.241414071023069 ], [ -99.016381857639104, 19.241384515289802 ], [ -99.016238062749778, 19.241331070964488 ], [ -99.016252143784726, 19.241315970873941 ], [ -99.016847486037449, 19.24067753969528 ], [ -99.016918693789364, 19.240601177696185 ], [ -99.017023000625613, 19.240593048273986 ], [ -99.017099450348113, 19.240407336949488 ], [ -99.017139416938775, 19.240310250927582 ], [ -99.017342195617118, 19.240049115414745 ], [ -99.017253339066727, 19.239604659415573 ], [ -99.017436442918466, 19.239421394629737 ], [ -99.017797332178972, 19.238535169451136 ], [ -99.017950124335485, 19.238263488593301 ], [ -99.018287020037974, 19.237852512755708 ], [ -99.018436015724831, 19.237849357229912 ], [ -99.018738708016386, 19.238055049303153 ], [ -99.019149681354193, 19.238136768814012 ], [ -99.019202082454797, 19.238152455866974 ], [ -99.019457915274799, 19.238229047825516 ], [ -99.019591225079708, 19.238432118520862 ], [ -99.019611602495431, 19.238683824841857 ], [ -99.019509891592847, 19.238972449852415 ], [ -99.019316298827988, 19.239253351713788 ], [ -99.01925564765682, 19.239320554678518 ], [ -99.019353119501702, 19.239309743146862 ], [ -99.019502583909755, 19.239357561408042 ], [ -99.019653660287247, 19.239298909875242 ], [ -99.019821497153046, 19.239341909082913 ], [ -99.020127780392841, 19.239358594791092 ], [ -99.020422415041736, 19.239335096650425 ], [ -99.020578317041384, 19.2394722419345 ], [ -99.020856442273896, 19.239532399314054 ], [ -99.021518294680916, 19.239552385666173 ], [ -99.021718944340108, 19.239418608962794 ], [ -99.02205339439378, 19.239455351056552 ], [ -99.022197723122076, 19.239375081807538 ], [ -99.022313884767385, 19.239271409102589 ], [ -99.022486385165379, 19.239251325044215 ], [ -99.023053154021625, 19.239057312683283 ], [ -99.023457989730957, 19.238930195893552 ], [ -99.023662181475828, 19.238963607869579 ], [ -99.023616446503127, 19.239180959133236 ], [ -99.023967013114003, 19.239235835156872 ], [ -99.024028336148788, 19.239144116058476 ], [ -99.024396681599626, 19.239179349185367 ], [ -99.024529026744915, 19.239263222287523 ], [ -99.024752019250101, 19.239032143229512 ], [ -99.025004018910423, 19.239150250343993 ], [ -99.025152680580575, 19.239304302976713 ], [ -99.02533034940582, 19.239398446179617 ], [ -99.025736449578886, 19.239549082589381 ], [ -99.027030893876088, 19.239728802810781 ], [ -99.027214001544237, 19.239778450462431 ], [ -99.0273445337411, 19.239809252251828 ], [ -99.027212126635646, 19.239975801809351 ], [ -99.027212136227035, 19.240034011178373 ], [ -99.027316709591801, 19.240217187491179 ], [ -99.027244624969654, 19.240302801503365 ], [ -99.027071624095456, 19.240523670255925 ], [ -99.026905816199871, 19.240643532947896 ], [ -99.026735818958883, 19.240638441127711 ], [ -99.026510543391723, 19.240865853967296 ], [ -99.026468330548255, 19.241073177199702 ], [ -99.026450769771699, 19.241333998048695 ], [ -99.027066898963625, 19.241571319514954 ], [ -99.027591415239087, 19.241323798202117 ], [ -99.027647758604502, 19.24141407296004 ], [ -99.027686540919532, 19.241751793355721 ], [ -99.028042114487903, 19.241755083054063 ], [ -99.028158299219214, 19.241798534933775 ], [ -99.028302645359474, 19.241825263266218 ], [ -99.028535016852018, 19.241922198092272 ] ] ] ] } },
{ "type": "Feature", "properties": { "id": 5326.0, "entidad": 9, "distrito_f": 21, "distrito_l": 25, "municipio": 13, "seccion": 4170, "tipo": 3, "control": 37433.0, "SECCION_TX": "4170", "SECCION__1": null, "SECCION__2": null, "SECCION_N": "4170", "ESTATUS": null, "ALCALDIA_N": "XOCHIMILCO", "EN_OPERATI": null, "EN_OP": "NO", "SEC_N": "4170", "EST": null, "ALC_N": "XOCHIMILCO", "OP": "NO", "NOMBRE": "SAN FRANCISCO CHIQUIMOLA" }, "geometry": { "type": "MultiPolygon", "coordinates": [ [ [ [ -99.035528021435169, 19.258341096923356 ], [ -99.034125559941415, 19.258740420867483 ], [ -99.032908281648531, 19.258561876970408 ], [ -99.032904087596492, 19.258506261340219 ], [ -99.032899893547281, 19.258450645709679 ], [ -99.032452312452619, 19.258426890071174 ], [ -99.0328702616588, 19.258165754311975 ], [ -99.033046265208071, 19.257965093509522 ], [ -99.033296107142206, 19.257480394263919 ], [ -99.033422123479554, 19.256903647105649 ], [ -99.033467586151545, 19.256789751216679 ], [ -99.033567064225821, 19.256540532019716 ], [ -99.03399652127392, 19.256125819184135 ], [ -99.034968213969378, 19.255858130515456 ], [ -99.034918891278721, 19.255711011902758 ], [ -99.034883666090607, 19.255630766967105 ], [ -99.034899996903761, 19.255011475294769 ], [ -99.034901622172953, 19.254949842127928 ], [ -99.03491510124573, 19.254438689415057 ], [ -99.034928813517652, 19.253918690163577 ], [ -99.034946535961666, 19.253246611702959 ], [ -99.034853657015844, 19.253153795379905 ], [ -99.034812718499751, 19.2531128844177 ], [ -99.034729151049746, 19.253084485015187 ], [ -99.034375538059905, 19.253039774156683 ], [ -99.034266981589937, 19.253026048124696 ], [ -99.033763491673113, 19.252925827130898 ], [ -99.033429003622246, 19.252848980689791 ], [ -99.032830456250224, 19.252758805928583 ], [ -99.032670964822287, 19.252739781339731 ], [ -99.032270642437808, 19.252692029120919 ], [ -99.031881435697073, 19.252626091136875 ], [ -99.031438416743171, 19.252551035411773 ], [ -99.031161977999389, 19.252504200921933 ], [ -99.031087629974451, 19.252491604739756 ], [ -99.030157700277272, 19.252258521428999 ], [ -99.029803470207781, 19.252131098900502 ], [ -99.029497709149311, 19.251993044494856 ], [ -99.029541908960155, 19.251876597888671 ], [ -99.029696369725613, 19.251798364355086 ], [ -99.029989965844607, 19.25164965895986 ], [ -99.03044665478771, 19.251418346153486 ], [ -99.030588395927822, 19.251301715142283 ], [ -99.030796149135611, 19.251130765922234 ], [ -99.030840916030641, 19.251093929514283 ], [ -99.031029518140642, 19.251079145893886 ], [ -99.031140173144237, 19.25107047208391 ], [ -99.031249305439374, 19.25101695234596 ], [ -99.031407714396607, 19.250893203853714 ], [ -99.031542023090097, 19.250763234153151 ], [ -99.031597798046192, 19.250709260979946 ], [ -99.031875910043212, 19.250582147547984 ], [ -99.032171631679972, 19.250488468806562 ], [ -99.032259637689393, 19.250428264534758 ], [ -99.032386370770325, 19.250364709548919 ], [ -99.032891536101872, 19.250082066563206 ], [ -99.032891512447463, 19.249963360917739 ], [ -99.032778811543125, 19.249769439512747 ], [ -99.032697817991803, 19.24968084274072 ], [ -99.032692514102791, 19.249565481854596 ], [ -99.03260096391331, 19.249503637493817 ], [ -99.032514671772049, 19.24932475840491 ], [ -99.032620291693945, 19.249321395785927 ], [ -99.032717115861431, 19.249348129071247 ], [ -99.032752306140381, 19.249264527241525 ], [ -99.032727647755848, 19.249195983314376 ], [ -99.032694199277259, 19.249185957829255 ], [ -99.032669531332701, 19.249068928484132 ], [ -99.032604388503756, 19.249017110869463 ], [ -99.03254451321871, 19.248896743953271 ], [ -99.032488162315033, 19.248794767408764 ], [ -99.032451181753984, 19.248726225627788 ], [ -99.032416300159909, 19.248660432423737 ], [ -99.032083231884116, 19.24868140625987 ], [ -99.03113079325756, 19.248592681437195 ], [ -99.031086762468206, 19.248655434334168 ], [ -99.030968959137525, 19.248624495912008 ], [ -99.030165726610193, 19.248319097838266 ], [ -99.027307261331003, 19.247417959220869 ], [ -99.0273248545965, 19.24735776779502 ], [ -99.026254511451171, 19.246934930954644 ], [ -99.026324883101324, 19.246677446517033 ], [ -99.026031097193425, 19.246587313985618 ], [ -99.025573192890846, 19.246446829342158 ], [ -99.025641816253113, 19.246261237584353 ], [ -99.025576671296463, 19.246174307310429 ], [ -99.025717474965731, 19.246038862758702 ], [ -99.025696338257291, 19.245955270158589 ], [ -99.02560831796886, 19.245923516179381 ], [ -99.025507978668159, 19.245911826811863 ], [ -99.02530905682751, 19.245865040909052 ], [ -99.025624127256947, 19.245707837394367 ], [ -99.025715646949806, 19.245604166048622 ], [ -99.025824476724353, 19.245463841381113 ], [ -99.025876348218517, 19.245396958380631 ], [ -99.025962039484796, 19.245286468082202 ], [ -99.026087168387448, 19.245114746765239 ], [ -99.026120432107106, 19.245069097047228 ], [ -99.026299856473187, 19.24489863026665 ], [ -99.026347042347723, 19.244851256297228 ], [ -99.02642667307417, 19.244751389887309 ], [ -99.026486495726246, 19.24458084625531 ], [ -99.026606146587255, 19.24427654097973 ], [ -99.026731107533678, 19.244147024191879 ], [ -99.026799745847271, 19.244075883330847 ], [ -99.027070786761925, 19.243811681389236 ], [ -99.027119061995421, 19.243773841767968 ], [ -99.027352395699211, 19.243590947167636 ], [ -99.027531918815313, 19.243437104365359 ], [ -99.027802025170047, 19.242935965705634 ], [ -99.027873314424653, 19.242851883538254 ], [ -99.027976540041195, 19.242693867207823 ], [ -99.028043335971688, 19.242591616738089 ], [ -99.028366078015537, 19.242193074515701 ], [ -99.028436476030564, 19.242119499462621 ], [ -99.028535016852118, 19.241922198502937 ], [ -99.028302645359531, 19.241825263676969 ], [ -99.028158299219299, 19.241798535344437 ], [ -99.028042114487974, 19.241755083464721 ], [ -99.027686540919603, 19.241751793766387 ], [ -99.027647758604544, 19.241414073370791 ], [ -99.027591415239144, 19.241323798612871 ], [ -99.027066898963696, 19.241571319925704 ], [ -99.02645076977177, 19.241333998459446 ], [ -99.026468330548312, 19.241073177610538 ], [ -99.026510543391794, 19.24086585437805 ], [ -99.02673581895894, 19.240638441538554 ], [ -99.026905816199871, 19.240643532947896 ], [ -99.027071624095456, 19.240523670255925 ], [ -99.027244624969654, 19.240302801503365 ], [ -99.027316709591801, 19.240217187491179 ], [ -99.027212136227035, 19.240034011178373 ], [ -99.027212126635646, 19.239975801809351 ], [ -99.0273445337411, 19.239809252251828 ], [ -99.027214001544237, 19.239778450462431 ], [ -99.027030893876088, 19.239728802810781 ], [ -99.025736449578886, 19.239549082589381 ], [ -99.02533034940582, 19.239398446179617 ], [ -99.025152680580575, 19.239304302976713 ], [ -99.025004018910423, 19.239150250343993 ], [ -99.024752019250101, 19.239032143229512 ], [ -99.024529026744915, 19.239263222287523 ], [ -99.024396681599626, 19.239179349185367 ], [ -99.024028336148788, 19.239144116058476 ], [ -99.023967013114003, 19.239235835156872 ], [ -99.023616446503127, 19.239180959133236 ], [ -99.023662181475871, 19.238963608280603 ], [ -99.023457989731, 19.238930196304668 ], [ -99.023053154021696, 19.239057313094388 ], [ -99.022486385165422, 19.239251325455236 ], [ -99.022313884767428, 19.239271409513609 ], [ -99.022197723122119, 19.239375082218558 ], [ -99.022053394393836, 19.23945535146748 ], [ -99.021718944340151, 19.239418609373818 ], [ -99.021518294680988, 19.239552386077197 ], [ -99.020856442273924, 19.239532399724986 ], [ -99.020578317041441, 19.239472242345524 ], [ -99.020422415041736, 19.239335096650425 ], [ -99.031743663068809, 19.224700975768755 ], [ -99.034441861902721, 19.223250930833153 ], [ -99.046454415648881, 19.24216544059232 ], [ -99.046540270967924, 19.242300612264437 ], [ -99.046089603251019, 19.242566740805014 ], [ -99.04580955894842, 19.242670723021131 ], [ -99.045555802142331, 19.242886923135643 ], [ -99.045131383640523, 19.243136416864964 ], [ -99.044851352442834, 19.243294431801704 ], [ -99.044361293764055, 19.243560565716038 ], [ -99.044050607935773, 19.243643770277203 ], [ -99.043866858431684, 19.243830855838528 ], [ -99.04342930803729, 19.244086583465251 ], [ -99.043101161033093, 19.244342284310854 ], [ -99.042882370970077, 19.244417152270163 ], [ -99.04282549125648, 19.244458730347539 ], [ -99.042789419224817, 19.244651194984861 ], [ -99.042284894012269, 19.244704230765947 ], [ -99.042152866342732, 19.244860076877217 ], [ -99.04200946890883, 19.244937527687973 ], [ -99.041646835627461, 19.245083626489905 ], [ -99.041574103081004, 19.245115002150488 ], [ -99.041382226967073, 19.245254201750505 ], [ -99.041224391970758, 19.245363994304725 ], [ -99.041095439336402, 19.245444381060206 ], [ -99.040924199542388, 19.245589455377154 ], [ -99.040760173947334, 19.245702188829927 ], [ -99.040669384508419, 19.24573258817756 ], [ -99.040470255597143, 19.245754191715498 ], [ -99.040222667180387, 19.245916921745781 ], [ -99.040162836549442, 19.245969853404443 ], [ -99.040061741843033, 19.246053173230127 ], [ -99.039887847387305, 19.246125099120359 ], [ -99.039491447933585, 19.246323450911909 ], [ -99.039380953718577, 19.246406779689245 ], [ -99.039347887971061, 19.246489711240713 ], [ -99.039317840475277, 19.246565072696271 ], [ -99.039266985480978, 19.24663505978614 ], [ -99.039179285212441, 19.246675064965483 ], [ -99.038977562947139, 19.246718426621083 ], [ -99.038842503179026, 19.246775102712281 ], [ -99.038579414172119, 19.246948432686867 ], [ -99.03839710572106, 19.247049651879173 ], [ -99.038267207002548, 19.247121772558106 ], [ -99.038267257981445, 19.247341697644366 ], [ -99.038207657121148, 19.247523314908367 ], [ -99.03803756914175, 19.247826580384054 ], [ -99.03799737677447, 19.248080896133754 ], [ -99.0379569928065, 19.248336423429368 ], [ -99.037913186072203, 19.24854802708391 ], [ -99.037871134972846, 19.248766294755672 ], [ -99.037864282963625, 19.24897600825879 ], [ -99.037848489060181, 19.249459396576082 ], [ -99.037846766923764, 19.249599349231957 ], [ -99.037862568722119, 19.249659325519492 ], [ -99.03801524942871, 19.249932534060029 ], [ -99.03798720820221, 19.250047500695249 ], [ -99.037931117592109, 19.250242445878062 ], [ -99.037924128220098, 19.250362406430579 ], [ -99.037934731744301, 19.250702288351636 ], [ -99.037829554576248, 19.251038862036069 ], [ -99.037833163884159, 19.251478711291725 ], [ -99.037910976065575, 19.251623682361306 ], [ -99.03760471872036, 19.25160464842946 ], [ -99.037111299282159, 19.251551864810178 ], [ -99.036922068163179, 19.251525694379168 ], [ -99.036888563031994, 19.251521060639405 ], [ -99.036464733651101, 19.251408031818595 ], [ -99.036325533097525, 19.251431563668412 ], [ -99.036251294549814, 19.251452144533118 ], [ -99.036399835126716, 19.251698908735662 ], [ -99.036504434162822, 19.251876370380693 ], [ -99.036545282677523, 19.251945673428143 ], [ -99.036563879951771, 19.252110198832462 ], [ -99.036539159481208, 19.252233600608758 ], [ -99.036495869657514, 19.25231881182636 ], [ -99.036220614625606, 19.252612668510054 ], [ -99.036167682087282, 19.252703382907708 ], [ -99.036075663863883, 19.252861081053087 ], [ -99.036047444382262, 19.252909442707004 ], [ -99.035979723466625, 19.253042742259211 ], [ -99.035960863828763, 19.253079864887312 ], [ -99.035964061683956, 19.253558761452854 ], [ -99.036087862756602, 19.253837848924906 ], [ -99.036106791808962, 19.254010624508428 ], [ -99.036050827972488, 19.254237426859675 ], [ -99.036078716486344, 19.254451896768266 ], [ -99.03617919969291, 19.254976909961833 ], [ -99.036217608389521, 19.255177590073231 ], [ -99.036273832204557, 19.255471350800025 ], [ -99.036187221551273, 19.255509562198448 ], [ -99.036196418089375, 19.256041155167601 ], [ -99.036237560234767, 19.256146816261847 ], [ -99.036398484468435, 19.256493655068734 ], [ -99.036519461749847, 19.256669363487259 ], [ -99.037012999822664, 19.256713826579002 ], [ -99.036983335715902, 19.257084322509499 ], [ -99.035619996957095, 19.257545720392073 ], [ -99.035528021435169, 19.258341096923356 ] ] ] ] } },
{ "type": "Feature", "properties": { "id": 5305.0, "entidad": 9, "distrito_f": 21, "distrito_l": 25, "municipio": 13, "seccion": 4143, "tipo": 3, "control": 37000.0, "SECCION_TX": "4143", "SECCION__1": null, "SECCION__2": null, "SECCION_N": "4143", "ESTATUS": null, "ALCALDIA_N": "XOCHIMILCO", "EN_OPERATI": null, "EN_OP": "NO", "SEC_N": "4143", "EST": null, "ALC_N": "XOCHIMILCO", "OP": "NO", "NOMBRE": "SAN LORENZO" }, "geometry": { "type": "MultiPolygon", "coordinates": [ [ [ [ -99.098198882689516, 19.265384475302305 ], [ -99.097968976141189, 19.265321093283728 ], [ -99.097683310338581, 19.265200850570903 ], [ -99.097598975942134, 19.265457624630152 ], [ -99.09744026968346, 19.265435210520639 ], [ -99.097220692180073, 19.265359194291925 ], [ -99.097008887416152, 19.265285868615045 ], [ -99.097084776465977, 19.265039539031577 ], [ -99.096847046067566, 19.265023512302754 ], [ -99.096494383073761, 19.264951527570069 ], [ -99.096293515977777, 19.264908105874646 ], [ -99.095757300752183, 19.264790905059076 ], [ -99.095724616288322, 19.26478374302085 ], [ -99.095631781389613, 19.264763445271093 ], [ -99.095388671538444, 19.264711420224259 ], [ -99.095182068391935, 19.26466720726258 ], [ -99.094752800934018, 19.264575343434952 ], [ -99.094767272057439, 19.264518403683105 ], [ -99.09479544001185, 19.264407570684032 ], [ -99.094428638780343, 19.264300596142117 ], [ -99.094239786312571, 19.264245518541738 ], [ -99.094102291780018, 19.264633773437289 ], [ -99.094088228905903, 19.264677259102509 ], [ -99.09406225119946, 19.264768562630401 ], [ -99.093995547133773, 19.265003006116213 ], [ -99.093853692169048, 19.26543438610182 ], [ -99.092985914471214, 19.26519806309857 ], [ -99.092451418101348, 19.26506613848975 ], [ -99.092007807087953, 19.264956644891488 ], [ -99.091762249607825, 19.264896035022112 ], [ -99.091654005929854, 19.265132517134383 ], [ -99.091512347478357, 19.265304776148426 ], [ -99.091397030392258, 19.26542066942973 ], [ -99.091337759028804, 19.265542796034541 ], [ -99.091278478913665, 19.265649269163355 ], [ -99.091189510125048, 19.265721319468952 ], [ -99.091057775117179, 19.265956187011906 ], [ -99.090830584159491, 19.266457210698043 ], [ -99.090544136517508, 19.267111667318552 ], [ -99.090418932700501, 19.267236956937289 ], [ -99.090214578278321, 19.267305933093443 ], [ -99.089881621925429, 19.267315489147297 ], [ -99.089670622804334, 19.267290547217399 ], [ -99.089228946514311, 19.267428513722216 ], [ -99.089156415119234, 19.267419157029902 ], [ -99.089195859770243, 19.267206250767021 ], [ -99.089255082478402, 19.266990204145781 ], [ -99.089307732103705, 19.266811729011994 ], [ -99.089462320831203, 19.266160469544928 ], [ -99.089610435907474, 19.265731492216197 ], [ -99.090002051585074, 19.264482153675527 ], [ -99.088051725730523, 19.263980137129114 ], [ -99.085072245606497, 19.263244626542338 ], [ -99.083408112426099, 19.262833796758116 ], [ -99.081185786628069, 19.262285137349718 ], [ -99.081584911741828, 19.262069343767703 ], [ -99.08175530675868, 19.261977216450649 ], [ -99.082846817072635, 19.261564984491947 ], [ -99.08298965879662, 19.261511036658323 ], [ -99.083115042273363, 19.261444207193698 ], [ -99.083769184472459, 19.261095546752369 ], [ -99.084007763418882, 19.261113562808045 ], [ -99.084043663343721, 19.261116273728412 ], [ -99.084327871122667, 19.261137734932639 ], [ -99.084359915390166, 19.261140154643282 ], [ -99.085053884609863, 19.261116571922525 ], [ -99.08512535358706, 19.261114143087159 ], [ -99.085364101764455, 19.261106029153872 ], [ -99.085490613756519, 19.261137433299105 ], [ -99.0863280116628, 19.261345298554236 ], [ -99.087577172199161, 19.261655366534299 ], [ -99.087604539000495, 19.261662159442533 ], [ -99.089327023764469, 19.262089700241621 ], [ -99.091763056473326, 19.262694393640633 ], [ -99.09206365956274, 19.26276892715012 ], [ -99.092186339829112, 19.262752184297909 ], [ -99.092664617807856, 19.262686910247407 ], [ -99.093217463527111, 19.26274671938177 ], [ -99.093212033283052, 19.262772636789585 ], [ -99.093169511171638, 19.262975585558408 ], [ -99.093158376102039, 19.263028730734401 ], [ -99.09316022272246, 19.263135837858869 ], [ -99.093190733339341, 19.263145698494188 ], [ -99.093256342986805, 19.263166902659272 ], [ -99.093317387355228, 19.263182679971656 ], [ -99.093382674203212, 19.263199553754575 ], [ -99.093535355215408, 19.263239014985835 ], [ -99.093696972370324, 19.26328078565162 ], [ -99.093895997513158, 19.263332224350908 ], [ -99.093945467382852, 19.263345009961881 ], [ -99.094268662008133, 19.263428540038394 ], [ -99.094439958095748, 19.263472811471342 ], [ -99.094673365404063, 19.263533135237211 ], [ -99.095580015368142, 19.263771801608073 ], [ -99.095899869523734, 19.263855998717169 ], [ -99.09597188232587, 19.263874954985578 ], [ -99.096552214311671, 19.264011069018149 ], [ -99.096659750064305, 19.264036290776318 ], [ -99.096847604450247, 19.264080350537117 ], [ -99.097160966239215, 19.264153846584215 ], [ -99.097418722722168, 19.264214300479477 ], [ -99.097810186747864, 19.264306113199741 ], [ -99.097886120418053, 19.26432392233075 ], [ -99.097957706189206, 19.264340711693148 ], [ -99.09838059386334, 19.264439892973243 ], [ -99.098346704316128, 19.264724231930877 ], [ -99.098332253828744, 19.264788775082682 ], [ -99.098292772214734, 19.26496511958474 ], [ -99.09824517052725, 19.265177731857516 ], [ -99.098198882689516, 19.265384475302305 ] ] ] ] } },
{ "type": "Feature", "properties": { "id": 5269.0, "entidad": 9, "distrito_f": 21, "distrito_l": 25, "municipio": 13, "seccion": 4144, "tipo": 2, "control": 36860.0, "SECCION_TX": "4144", "SECCION__1": null, "SECCION__2": null, "SECCION_N": "4144", "ESTATUS": "COMPLETA", "ALCALDIA_N": "XOCHIMILCO", "EN_OPERATI": null, "EN_OP": "SI", "SEC_N": "4144", "EST": "COMPLETA", "ALC_N": "XOCHIMILCO", "OP": "SI", "NOMBRE": "SAN LORENZO" }, "geometry": { "type": "MultiPolygon", "coordinates": [ [ [ [ -99.070793800724445, 19.255949696548882 ], [ -99.072347185107631, 19.256270561853619 ], [ -99.072457559250694, 19.256293360060447 ], [ -99.072933601791647, 19.256391687654652 ], [ -99.073084287011227, 19.256422811722722 ], [ -99.073445313518093, 19.256497381207105 ], [ -99.073831541686673, 19.256577155192154 ], [ -99.074271614325809, 19.256668049702633 ], [ -99.074916123446343, 19.256801167093681 ], [ -99.075342700194014, 19.256889271201931 ], [ -99.075640580887907, 19.256950794098291 ], [ -99.077114357010387, 19.257253904175979 ], [ -99.077193096145493, 19.257269997013708 ], [ -99.077862054961898, 19.257406718452462 ], [ -99.077955896817002, 19.257425897210805 ], [ -99.078398072549319, 19.257516267503302 ], [ -99.078648748579212, 19.257567499040469 ], [ -99.079336632579739, 19.257708082369046 ], [ -99.079979767320168, 19.257839517699949 ], [ -99.080092055871859, 19.257862465488063 ], [ -99.080590848094886, 19.25796439997481 ], [ -99.080816250539954, 19.258010463321259 ], [ -99.081496267284365, 19.258149430011724 ], [ -99.081661558174247, 19.258183208067784 ], [ -99.081937943298485, 19.258239688445279 ], [ -99.082217241235057, 19.258283318739217 ], [ -99.082228501056008, 19.258244292872739 ], [ -99.082392975212727, 19.257674227109899 ], [ -99.082478676007284, 19.257377187401371 ], [ -99.082730706987505, 19.256503639366439 ], [ -99.082840678956742, 19.256122469732205 ], [ -99.08294645053094, 19.255755857200352 ], [ -99.083066902155622, 19.255338360406729 ], [ -99.083299112608913, 19.254533490684473 ], [ -99.08360059859497, 19.254611181922893 ], [ -99.085553245049837, 19.255114354072354 ], [ -99.087229008046904, 19.255546157770766 ], [ -99.08670339311233, 19.256924025896403 ], [ -99.086675664212962, 19.256996714865664 ], [ -99.087439406580103, 19.25738171520662 ], [ -99.087469416612237, 19.257384585433108 ], [ -99.088517144193219, 19.257484789285808 ], [ -99.088429686410194, 19.257771429981648 ], [ -99.088211273884596, 19.258487267032802 ], [ -99.088203551251283, 19.258512577491157 ], [ -99.088167220354023, 19.258579427804857 ], [ -99.087867920223374, 19.259130149750863 ], [ -99.089031572627732, 19.259511759149017 ], [ -99.089432290753294, 19.259643168945413 ], [ -99.090011591437147, 19.259833140418024 ], [ -99.090058701449379, 19.259848589217949 ], [ -99.090302985228789, 19.259928697026343 ], [ -99.090654381591406, 19.260007882147001 ], [ -99.091096824840292, 19.260107583081957 ], [ -99.091197053942551, 19.260130168717286 ], [ -99.091248327708158, 19.260141722320562 ], [ -99.091518128134538, 19.260202519193808 ], [ -99.091723220287719, 19.260248734086801 ], [ -99.092302301465111, 19.260379221238122 ], [ -99.092616625503254, 19.260450048532203 ], [ -99.092928658855968, 19.260520359065691 ], [ -99.09287196279405, 19.260703862311466 ], [ -99.092793371703465, 19.260958230600281 ], [ -99.092815921193306, 19.26096512601185 ], [ -99.093025317797157, 19.261036219655015 ], [ -99.092986624057403, 19.261256765433462 ], [ -99.092926457242271, 19.261354057896568 ], [ -99.092898979237219, 19.261507972991847 ], [ -99.092932020817685, 19.261667922367103 ], [ -99.092923492358693, 19.261898159033588 ], [ -99.093379565321399, 19.262032228931353 ], [ -99.093421942305355, 19.262134317319187 ], [ -99.092328153624081, 19.262645353107882 ], [ -99.092186811494059, 19.262711389731287 ], [ -99.092159734395992, 19.262724040435732 ], [ -99.092063659562967, 19.262768927558074 ], [ -99.091763056473553, 19.262694394048584 ], [ -99.089327023764682, 19.262089700649661 ], [ -99.087604539000708, 19.261662159850658 ], [ -99.087577172199374, 19.261655366942424 ], [ -99.086328011663028, 19.261345298962357 ], [ -99.085490613756733, 19.261137433707319 ], [ -99.085364101764668, 19.261106029561997 ], [ -99.085125353587287, 19.261114143495377 ], [ -99.085053884610076, 19.261116572330746 ], [ -99.084359915390365, 19.261140155051415 ], [ -99.084327871122866, 19.261137735340771 ], [ -99.084043663343934, 19.26111627413654 ], [ -99.084007763419081, 19.261113563216181 ], [ -99.083769184472672, 19.26109554716059 ], [ -99.083115042273562, 19.26144420760183 ], [ -99.082989658796819, 19.261511037066448 ], [ -99.082846817072834, 19.26156498490008 ], [ -99.081755306758893, 19.261977216858774 ], [ -99.081584911742027, 19.262069344175739 ], [ -99.081185786628268, 19.262285137757665 ], [ -99.078818254490642, 19.261700595256958 ], [ -99.078054673177675, 19.26151205997791 ], [ -99.075994329945843, 19.261003324111535 ], [ -99.074614522855342, 19.260662610119667 ], [ -99.074472057947432, 19.260608984008105 ], [ -99.073235417412505, 19.260143486223061 ], [ -99.071994597584421, 19.259676404181686 ], [ -99.071723290701129, 19.259574274601754 ], [ -99.071528100914534, 19.259590236711695 ], [ -99.070436599328005, 19.259679492959005 ], [ -99.069755357887885, 19.259735197319909 ], [ -99.070526410257131, 19.256886573863472 ], [ -99.070793800724445, 19.255949696548882 ] ] ] ] } },
{ "type": "Feature", "properties": { "id": 5286.0, "entidad": 9, "distrito_f": 21, "distrito_l": 25, "municipio": 13, "seccion": 4108, "tipo": 3, "control": 36986.0, "SECCION_TX": "4108", "SECCION__1": null, "SECCION__2": null, "SECCION_N": "4108", "ESTATUS": "COMPLETA", "ALCALDIA_N": "XOCHIMILCO", "EN_OPERATI": null, "EN_OP": "SI", "SEC_N": "4108", "EST": "COMPLETA", "ALC_N": "XOCHIMILCO", "OP": "SI", "NOMBRE": "SAN LORENZO" }, "geometry": { "type": "MultiPolygon", "coordinates": [ [ [ [ -99.09692635400063, 19.277240937605441 ], [ -99.094877236768113, 19.276645387541027 ], [ -99.094212476449982, 19.276559263974331 ], [ -99.09361606184703, 19.276864069656988 ], [ -99.092652134442247, 19.27718668834569 ], [ -99.092630566435815, 19.277161431238653 ], [ -99.092229313925898, 19.276689582542847 ], [ -99.093462655380321, 19.273489414907797 ], [ -99.092854691109096, 19.273253874577428 ], [ -99.089875766381368, 19.272099726675286 ], [ -99.090749720894166, 19.271805305458386 ], [ -99.091241132893757, 19.271303549411233 ], [ -99.091939606169859, 19.269023312719735 ], [ -99.092273359619213, 19.26793377750343 ], [ -99.092359045006802, 19.267654059231248 ], [ -99.09278408467442, 19.265988815482945 ], [ -99.092833898320393, 19.265793650580424 ], [ -99.092866032371234, 19.265667752318272 ], [ -99.092954542075972, 19.265320978395081 ], [ -99.092985914471441, 19.265198063506247 ], [ -99.093853692169276, 19.265434386509412 ], [ -99.093995547133986, 19.265003006523894 ], [ -99.094062251199688, 19.264768563038075 ], [ -99.094088228906131, 19.264677259510194 ], [ -99.094102291780231, 19.264633773844967 ], [ -99.094239786312798, 19.264245518949508 ], [ -99.09442863878057, 19.26430059654988 ], [ -99.094795440012092, 19.264407571091802 ], [ -99.09476727205768, 19.264518404090872 ], [ -99.094752800934231, 19.264575343842633 ], [ -99.095182068392148, 19.264667207670261 ], [ -99.095388671538686, 19.264711420631933 ], [ -99.095631781389855, 19.264763445678778 ], [ -99.095724616288564, 19.264783743428527 ], [ -99.095757300752425, 19.264790905466757 ], [ -99.096293515978005, 19.264908106282327 ], [ -99.096494383073974, 19.264951527977747 ], [ -99.096847046067808, 19.265023512710435 ], [ -99.097084776466204, 19.26503953943925 ], [ -99.097008887416393, 19.265285869022637 ], [ -99.097220692180315, 19.26535919469951 ], [ -99.097440269683702, 19.265435210928217 ], [ -99.097598975942375, 19.265457625037737 ], [ -99.097683310338837, 19.265200850978584 ], [ -99.097968976141431, 19.265321093691306 ], [ -99.097871597400427, 19.265559290846717 ], [ -99.0980415863649, 19.265601536675163 ], [ -99.097799575931148, 19.266271118320148 ], [ -99.097475360381381, 19.267017479046928 ], [ -99.097247153075102, 19.267002843397695 ], [ -99.097148007956548, 19.266996484821135 ], [ -99.097145208226351, 19.266819757163223 ], [ -99.0970380450416, 19.266740694949849 ], [ -99.096793990941009, 19.266627796995039 ], [ -99.096729954168268, 19.266602324899146 ], [ -99.096171900384789, 19.266383556650045 ], [ -99.096053259787951, 19.266899453153393 ], [ -99.095934338240227, 19.267066230866259 ], [ -99.095633838734003, 19.267740473044842 ], [ -99.095459105773173, 19.268170199231168 ], [ -99.095337753050742, 19.268468644323448 ], [ -99.094924329298735, 19.269282472478483 ], [ -99.094424866620258, 19.270273727391043 ], [ -99.095517265334166, 19.270516596924473 ], [ -99.095847821208551, 19.270607416629964 ], [ -99.09684379462982, 19.270881054528864 ], [ -99.097356598245369, 19.271066005949976 ], [ -99.098362487776527, 19.271466290291873 ], [ -99.098423398955205, 19.271490529085344 ], [ -99.098183711443255, 19.272036726751882 ], [ -99.098142352660673, 19.272130974361037 ], [ -99.097878926941931, 19.272731261136578 ], [ -99.097802915891933, 19.272944264499724 ], [ -99.097655442408779, 19.273357523118595 ], [ -99.097131614176305, 19.274825406778074 ], [ -99.097110098719824, 19.275078606985101 ], [ -99.09702120962065, 19.276124671885739 ], [ -99.096940503950833, 19.277091106841485 ], [ -99.096935010706005, 19.27713906567686 ], [ -99.09692635400063, 19.277240937605441 ] ] ] ] } },
{ "type": "Feature", "properties": { "id": 5561.0, "entidad": 9, "distrito_f": 21, "distrito_l": 25, "municipio": 13, "seccion": 4259, "tipo": 2, "control": 37248.0, "SECCION_TX": "4259", "SECCION__1": null, "SECCION__2": null, "SECCION_N": "4259", "ESTATUS": null, "ALCALDIA_N": "XOCHIMILCO", "EN_OPERATI": null, "EN_OP": "NO", "SEC_N": "4259", "EST": null, "ALC_N": "XOCHIMILCO", "OP": "NO", "NOMBRE": "XOCOTITLA" }, "geometry": { "type": "MultiPolygon", "coordinates": [ [ [ [ -99.092336952146027, 19.21616165335238 ], [ -99.092620493374312, 19.216327211329737 ], [ -99.092845156854253, 19.21647829986038 ], [ -99.093069820744063, 19.216629388111375 ], [ -99.093536698255463, 19.217117968494872 ], [ -99.093807463064124, 19.217360630665169 ], [ -99.093850833570784, 19.217399499649297 ], [ -99.094029634868619, 19.217415978091729 ], [ -99.094121749391718, 19.217472365499873 ], [ -99.09416486616135, 19.217498759168414 ], [ -99.094195523766274, 19.217730724857965 ], [ -99.094252303710903, 19.217888111639581 ], [ -99.094394801717399, 19.218019676050186 ], [ -99.094413738100258, 19.218037159456792 ], [ -99.094570823828519, 19.218206922000324 ], [ -99.094605823982462, 19.218405745156019 ], [ -99.09450565807883, 19.218637778265698 ], [ -99.094571073783285, 19.218643958303439 ], [ -99.094911077876844, 19.218401444774322 ], [ -99.095211861226431, 19.218206590037884 ], [ -99.095359915536051, 19.218118036543739 ], [ -99.095542364145061, 19.218008911009832 ], [ -99.095846137709586, 19.217827218287361 ], [ -99.096487358780237, 19.217975998859956 ], [ -99.096608650892293, 19.218004539983784 ], [ -99.097390076380265, 19.218199231500698 ], [ -99.097150867733447, 19.21928055751512 ], [ -99.097839964131268, 19.219425179219122 ], [ -99.098029441110612, 19.218649576247138 ], [ -99.098117612897752, 19.218288652284865 ], [ -99.098174833961764, 19.218054421698895 ], [ -99.09892601886429, 19.218207177195435 ], [ -99.098951166152659, 19.218212290906777 ], [ -99.098975668452312, 19.218409170988622 ], [ -99.099004209468376, 19.218563581696497 ], [ -99.099020623013033, 19.218826097236082 ], [ -99.099034189426732, 19.218934193180971 ], [ -99.099036851130506, 19.218955401376412 ], [ -99.099049208085503, 19.219053860311281 ], [ -99.099159096088115, 19.21931632527075 ], [ -99.099321843354289, 19.219621228689213 ], [ -99.099561853605053, 19.219999442380892 ], [ -99.099691378524867, 19.220116092599913 ], [ -99.099801767079683, 19.220215508393309 ], [ -99.10009046708663, 19.220458572005143 ], [ -99.100262607604691, 19.220598396225807 ], [ -99.100336933628228, 19.220601115037645 ], [ -99.100557532026599, 19.219948710159603 ], [ -99.100715940867033, 19.219798057709557 ], [ -99.100967821577242, 19.219643492985224 ], [ -99.101337638956991, 19.219616264257652 ], [ -99.101792834562858, 19.219641106179864 ], [ -99.102248030299791, 19.219665946970593 ], [ -99.102532558675378, 19.21973141906216 ], [ -99.102699273563914, 19.21987030917559 ], [ -99.102749657455448, 19.21994798135216 ], [ -99.102940478595656, 19.22031677799837 ], [ -99.103309570951282, 19.22113384559178 ], [ -99.103668689611766, 19.221928682467265 ], [ -99.104173500796179, 19.223046310471862 ], [ -99.104308191648883, 19.223340700077546 ], [ -99.104337260199188, 19.223404234150738 ], [ -99.10484748794731, 19.224526799621987 ], [ -99.1050352448258, 19.224940609059484 ], [ -99.105949420406048, 19.226955386481904 ], [ -99.104787715396412, 19.226280988875367 ], [ -99.104846643029475, 19.225931495559884 ], [ -99.10455076464936, 19.225837169600073 ], [ -99.104297625669346, 19.225764354788083 ], [ -99.103415922187637, 19.225513815821703 ], [ -99.10303543840368, 19.225405698543899 ], [ -99.103000956034791, 19.22578333993193 ], [ -99.101969441850187, 19.225659581409317 ], [ -99.102079155451392, 19.225276566539911 ], [ -99.101843645166767, 19.225233818262506 ], [ -99.101259675851836, 19.225127818590668 ], [ -99.101086929600001, 19.225180134969527 ], [ -99.100971731951503, 19.225160304799939 ], [ -99.100633935191581, 19.225006314480712 ], [ -99.100319433453421, 19.225003694468082 ], [ -99.100273841792685, 19.224722004756547 ], [ -99.100180213256536, 19.224531708225541 ], [ -99.100057165961118, 19.224293206278706 ], [ -99.099918091325193, 19.224059788924656 ], [ -99.099869160385694, 19.223929654111064 ], [ -99.099698652131522, 19.223476175295577 ], [ -99.09961842211375, 19.22334932041651 ], [ -99.099449548896843, 19.223167147726745 ], [ -99.099366065284343, 19.223077089222429 ], [ -99.098985504644276, 19.222752633794773 ], [ -99.098852763606857, 19.222639461984926 ], [ -99.098659373106116, 19.222519495521617 ], [ -99.098514365138101, 19.222487790129858 ], [ -99.098179773038368, 19.222484438251325 ], [ -99.097982732519853, 19.222477480756016 ], [ -99.097707568842367, 19.222382277439809 ], [ -99.097610508489737, 19.222348401364989 ], [ -99.097531809901497, 19.222341647483482 ], [ -99.09743392667211, 19.222333247135765 ], [ -99.097290821337722, 19.222385465048259 ], [ -99.097432001043828, 19.222470482181723 ], [ -99.09760864345489, 19.222616727591788 ], [ -99.0978638401686, 19.222750452052018 ], [ -99.098027553926741, 19.222830605928493 ], [ -99.098280764048042, 19.222976708957191 ], [ -99.098368979480242, 19.223124953007122 ], [ -99.098473178877356, 19.223330431217157 ], [ -99.098514924943771, 19.223427166524562 ], [ -99.098495997973927, 19.223539944562138 ], [ -99.098492349376059, 19.223560527768885 ], [ -99.098410916735872, 19.224019920669509 ], [ -99.098397300324763, 19.224096735839851 ], [ -99.098320433147208, 19.224733941292477 ], [ -99.098311283839749, 19.224825746317041 ], [ -99.098374632191621, 19.225072916649506 ], [ -99.098409989474646, 19.225138230232947 ], [ -99.098266196485369, 19.225100616409506 ], [ -99.098122403561035, 19.225063002472741 ], [ -99.097808408164425, 19.225054885349817 ], [ -99.097415968890431, 19.225137944907935 ], [ -99.09691887290397, 19.225233486594032 ], [ -99.096386801482453, 19.2251799145413 ], [ -99.096261113052421, 19.225150136719158 ], [ -99.095985535773181, 19.225084847225634 ], [ -99.095961710253363, 19.225081826776183 ], [ -99.095562489583884, 19.225031215615196 ], [ -99.095074045685593, 19.225006614636623 ], [ -99.094624914752629, 19.22509384015757 ], [ -99.094344462547326, 19.225173252874985 ], [ -99.094221507527607, 19.225208068602388 ], [ -99.093841319409876, 19.225078599603275 ], [ -99.093722161277142, 19.225040451461609 ], [ -99.093541321185029, 19.224940737913478 ], [ -99.093440435340227, 19.224882060163811 ], [ -99.093133242377064, 19.224709350009395 ], [ -99.092982737633122, 19.22461829096401 ], [ -99.092832233054651, 19.224527231793466 ], [ -99.09261792004024, 19.224479245024977 ], [ -99.091902981572105, 19.224494035381589 ], [ -99.091381295853367, 19.224482520391643 ], [ -99.091100895417867, 19.224465963131539 ], [ -99.090779115564274, 19.224431815894864 ], [ -99.090673495927675, 19.224420607426275 ], [ -99.090719517991587, 19.224044585814177 ], [ -99.090864913770631, 19.223575437838612 ], [ -99.091261519243417, 19.22314027572769 ], [ -99.091548633465749, 19.223355364291063 ], [ -99.091810908892128, 19.222982585328918 ], [ -99.091836970882412, 19.22279615870168 ], [ -99.091792508810769, 19.222700561738723 ], [ -99.091771478892994, 19.222655345712969 ], [ -99.09174517315725, 19.222402664934723 ], [ -99.091714557160259, 19.222241121830798 ], [ -99.091631553008085, 19.221976041826338 ], [ -99.091614003816375, 19.221785494492469 ], [ -99.091531087209972, 19.221677830306369 ], [ -99.091408902108014, 19.221532902958405 ], [ -99.09103373810585, 19.221301108384907 ], [ -99.091006174129006, 19.220828522230022 ], [ -99.090867601156177, 19.220530681274905 ], [ -99.090787938637774, 19.220187011107345 ], [ -99.090779226905042, 19.220091551787952 ], [ -99.090762599396427, 19.219909354575407 ], [ -99.090535454432853, 19.219213522705328 ], [ -99.090352037172565, 19.218733080275054 ], [ -99.090341930081976, 19.218620481149657 ], [ -99.089598208522816, 19.218595787768297 ], [ -99.089426756556605, 19.218556203074062 ], [ -99.089255304671823, 19.218516618218906 ], [ -99.089180448675464, 19.218499335390902 ], [ -99.088918064580952, 19.218540160240373 ], [ -99.088639674670318, 19.218692910134187 ], [ -99.088371921305935, 19.218708300964188 ], [ -99.088157869379671, 19.219003459761144 ], [ -99.087820489224953, 19.219003621771524 ], [ -99.08714038170767, 19.219019207972913 ], [ -99.087376461267411, 19.219868652403314 ], [ -99.087424962645926, 19.220443479070127 ], [ -99.087387593943546, 19.220667332208624 ], [ -99.086991366386258, 19.220789612749094 ], [ -99.0863662507752, 19.220663944203864 ], [ -99.08608221964154, 19.220274544082876 ], [ -99.084656261759719, 19.218518441690204 ], [ -99.083614347894141, 19.2169279146717 ], [ -99.08553923053789, 19.216346997490039 ], [ -99.085723718658542, 19.216200141763888 ], [ -99.08588736434173, 19.216039197070018 ], [ -99.086032355121517, 19.215862987557383 ], [ -99.086157264875439, 19.215673231070902 ], [ -99.086260572649891, 19.215472187749853 ], [ -99.086341138008493, 19.215262027174802 ], [ -99.08639563879133, 19.215057120618745 ], [ -99.0865049933156, 19.21459534146183 ], [ -99.086680824606901, 19.214091687007748 ], [ -99.08695228554015, 19.21353638269504 ], [ -99.087050550422063, 19.213462132515264 ], [ -99.087213718660223, 19.213597809798834 ], [ -99.087305374426151, 19.213618424507214 ], [ -99.087338036644041, 19.213699566738782 ], [ -99.087401742369281, 19.213737901870925 ], [ -99.087501153827731, 19.213737854434626 ], [ -99.087532271451011, 19.213835228926055 ], [ -99.087633247218477, 19.213855839017722 ], [ -99.08763951360892, 19.213956176563045 ], [ -99.087864835493164, 19.214130189023702 ], [ -99.088497248068506, 19.214534198065376 ], [ -99.088610671825322, 19.214593904899274 ], [ -99.088787762071192, 19.214617428724839 ], [ -99.088961749710464, 19.214648331865309 ], [ -99.089096291328772, 19.214711825861372 ], [ -99.089473386413104, 19.214925761669793 ], [ -99.089864891559813, 19.215149626185219 ], [ -99.090217254752474, 19.215339441249178 ], [ -99.090169141757258, 19.215506538201879 ], [ -99.090725212694991, 19.215473801055378 ], [ -99.090701836657388, 19.215195369890086 ], [ -99.091534481521933, 19.215248862321008 ], [ -99.09145218775808, 19.215511805199821 ], [ -99.092029942516746, 19.215366907576296 ], [ -99.092048368807127, 19.214983243398535 ], [ -99.092418064499896, 19.214994862101303 ], [ -99.092526063216383, 19.215348637105034 ], [ -99.092550380593025, 19.215718295327935 ], [ -99.092502574722758, 19.21600829633892 ], [ -99.092336952146027, 19.21616165335238 ] ] ] ] } },
{ "type": "Feature", "properties": { "id": 5585.0, "entidad": 9, "distrito_f": 21, "distrito_l": 25, "municipio": 13, "seccion": 5608, "tipo": 2, "control": 27371.0, "SECCION_TX": "5608", "SECCION__1": null, "SECCION__2": null, "SECCION_N": "5608", "ESTATUS": null, "ALCALDIA_N": "XOCHIMILCO", "EN_OPERATI": null, "EN_OP": "NO", "SEC_N": "5608", "EST": null, "ALC_N": "XOCHIMILCO", "OP": "NO", "NOMBRE": "XOCOTITLA" }, "geometry": { "type": "MultiPolygon", "coordinates": [ [ [ [ -99.076909693294027, 19.242278199453285 ], [ -99.076685755647674, 19.242181696682312 ], [ -99.07660777141048, 19.24203371995743 ], [ -99.076469096817291, 19.241934231894732 ], [ -99.076365595605722, 19.241827961503812 ], [ -99.076226459858077, 19.241678213967319 ], [ -99.07596617618141, 19.241479443652651 ], [ -99.076240378211082, 19.241492913272811 ], [ -99.07622656746706, 19.241453617960918 ], [ -99.076265635408092, 19.241429584371605 ], [ -99.076364482358883, 19.241429543162397 ], [ -99.076798142528446, 19.24130532054112 ], [ -99.076930285035388, 19.241257594852542 ], [ -99.076995493845018, 19.241178117098762 ], [ -99.077154427457387, 19.24118122819382 ], [ -99.077273230618303, 19.241228848284443 ], [ -99.077333455315696, 19.241224055831655 ], [ -99.077425415783381, 19.241111197479842 ], [ -99.077502303754002, 19.240964976320331 ], [ -99.077477188366771, 19.240920494761902 ], [ -99.07737009836967, 19.240877636871641 ], [ -99.077231765894865, 19.240610563861733 ], [ -99.077328098609826, 19.240502649005087 ], [ -99.077198921764918, 19.240290879232759 ], [ -99.077190765625744, 19.240181727571649 ], [ -99.077172422300876, 19.240113430408798 ], [ -99.077154078991299, 19.240045133243637 ], [ -99.077090321290655, 19.240038759272618 ], [ -99.077036774027064, 19.240011768695773 ], [ -99.077055100944222, 19.239849682271096 ], [ -99.077023297729852, 19.239813148493923 ], [ -99.077018244775374, 19.23974005629772 ], [ -99.07692281750036, 19.23959231876675 ], [ -99.076961285069174, 19.239570056500622 ], [ -99.076971306497882, 19.239535094132453 ], [ -99.076954548091393, 19.239473129902702 ], [ -99.076977841301243, 19.239198221884752 ], [ -99.077006248847908, 19.239128293624972 ], [ -99.07702631756635, 19.239113984118287 ], [ -99.076991158233525, 19.239055205644306 ], [ -99.076994460425581, 19.238961452834513 ], [ -99.076925825180311, 19.23886614125788 ], [ -99.077024397852512, 19.238584845540476 ], [ -99.077032692165432, 19.238433886364483 ], [ -99.076980799118701, 19.238365580880462 ], [ -99.077032485402114, 19.237990553422051 ], [ -99.077017269666101, 19.237648923244794 ], [ -99.077040587724369, 19.237428041406869 ], [ -99.07715101680779, 19.237461364061662 ], [ -99.077259684929345, 19.237306390014805 ], [ -99.07728642468058, 19.237248379957908 ], [ -99.077294729845022, 19.237121255856298 ], [ -99.077542349394506, 19.237176766411388 ], [ -99.077579776957549, 19.23683041824485 ], [ -99.077629090798084, 19.236642823139498 ], [ -99.077689212922877, 19.236423514597018 ], [ -99.07774589631552, 19.236007170545584 ], [ -99.077630387849069, 19.235936326768353 ], [ -99.077571868884732, 19.235913492906313 ], [ -99.077601811187336, 19.235551186465557 ], [ -99.077511470916392, 19.235544868700337 ], [ -99.077385967478847, 19.235470238422742 ], [ -99.077529532151488, 19.234818684495583 ], [ -99.07768320332849, 19.23431649287231 ], [ -99.077856993248616, 19.233909633022829 ], [ -99.077970564203625, 19.233515510708319 ], [ -99.078090982393391, 19.233451899072538 ], [ -99.078251567932654, 19.233426406390993 ], [ -99.078378710679615, 19.233432708047452 ], [ -99.078479479017446, 19.233338682113029 ], [ -99.078585763012697, 19.233028612589109 ], [ -99.079347470086191, 19.230841267127943 ], [ -99.078900381048939, 19.230666229320292 ], [ -99.078740734837623, 19.230662928203099 ], [ -99.078439137530651, 19.23056533265969 ], [ -99.078219278582466, 19.230767616277934 ], [ -99.0777793750689, 19.230781282939112 ], [ -99.077240250392208, 19.231037617917689 ], [ -99.077101897707337, 19.231051155522596 ], [ -99.076906931336381, 19.231384850304082 ], [ -99.076852805182469, 19.231412923116743 ], [ -99.076828901322031, 19.231425320970725 ], [ -99.076747296202868, 19.231406821143484 ], [ -99.076650304509329, 19.231374385282908 ], [ -99.076470534743734, 19.231314266696273 ], [ -99.076264701330842, 19.23116608017088 ], [ -99.075572855038757, 19.231055162702841 ], [ -99.075094313678392, 19.231054687267001 ], [ -99.075475734454386, 19.23035798667097 ], [ -99.075175411580034, 19.230070608565754 ], [ -99.075157960452103, 19.229884446637289 ], [ -99.075098379837016, 19.229799634528607 ], [ -99.0750883865623, 19.229646461521522 ], [ -99.074401081686403, 19.22944407691924 ], [ -99.07345317927674, 19.22900849389157 ], [ -99.073311779127351, 19.229034472827102 ], [ -99.073232605463815, 19.228919103825479 ], [ -99.073185165229702, 19.228836571489584 ], [ -99.072718628848904, 19.228549255627691 ], [ -99.072534996791944, 19.228445639307349 ], [ -99.072455544006772, 19.228299563334954 ], [ -99.072376122323874, 19.228224184453541 ], [ -99.072261877531204, 19.227941440996634 ], [ -99.07171598556431, 19.22772013783301 ], [ -99.071572098207369, 19.227729620400073 ], [ -99.071611606557823, 19.227300708935452 ], [ -99.071403169826851, 19.227201814299562 ], [ -99.071021231912326, 19.227475325097679 ], [ -99.070088353844213, 19.227320150710405 ], [ -99.069612686605709, 19.22695091866823 ], [ -99.06694859693998, 19.224882907703901 ], [ -99.066897950850645, 19.223519729284074 ], [ -99.067446691947652, 19.222975869663603 ], [ -99.067586475727623, 19.222054927299801 ], [ -99.06798346656096, 19.221744118422741 ], [ -99.068485345322287, 19.220878515904531 ], [ -99.069255808082744, 19.21990185988594 ], [ -99.069348981269258, 19.219269405444795 ], [ -99.069184805387465, 19.217693966855592 ], [ -99.06951178428254, 19.217571797271535 ], [ -99.069826867543341, 19.216939258119691 ], [ -99.070457556299786, 19.216916826552087 ], [ -99.070504468633132, 19.217371706640851 ], [ -99.070551471174014, 19.218037393092924 ], [ -99.070808666317305, 19.218603142705458 ], [ -99.071077438049954, 19.218924795798888 ], [ -99.071696517002849, 19.219046600415677 ], [ -99.072163624478051, 19.218857800786143 ], [ -99.07237370909526, 19.218513770625727 ], [ -99.074288697503107, 19.217436781986695 ], [ -99.074919010488571, 19.216582204534134 ], [ -99.075071177336625, 19.217314417258773 ], [ -99.075538615627181, 19.217868978904757 ], [ -99.076403115580277, 19.218312423444004 ], [ -99.077197448579554, 19.218556182126211 ], [ -99.077933238854158, 19.21848930021315 ], [ -99.078283577441326, 19.218378200137554 ], [ -99.078610535080074, 19.21822272913068 ], [ -99.079053141231626, 19.218263607269652 ], [ -99.079708819733924, 19.218345835882619 ], [ -99.080233908957638, 19.218011219093697 ], [ -99.080735983058631, 19.217700336504393 ], [ -99.080934406731231, 19.217433967199508 ], [ -99.081308007543583, 19.217134234806089 ], [ -99.081412992909421, 19.216867906407487 ], [ -99.081868568264042, 19.217011939402731 ], [ -99.082172265389787, 19.217067278838172 ], [ -99.082546051430384, 19.217144776357401 ], [ -99.083614347894141, 19.2169279146717 ], [ -99.084656261759719, 19.218518441690204 ], [ -99.08608221964154, 19.220274544082876 ], [ -99.0863662507752, 19.220663944203864 ], [ -99.086991366386258, 19.220789612749094 ], [ -99.087387593943546, 19.220667332208624 ], [ -99.087424962645926, 19.220443479070127 ], [ -99.087376461267411, 19.219868652403314 ], [ -99.08714038170767, 19.219019207972913 ], [ -99.087820489224953, 19.219003621771524 ], [ -99.088157869379671, 19.219003459761144 ], [ -99.088371921305935, 19.218708300964188 ], [ -99.088639674670318, 19.218692910134187 ], [ -99.088918064580952, 19.218540160240373 ], [ -99.089180448675464, 19.218499335390902 ], [ -99.089255304671823, 19.218516618218906 ], [ -99.089426756556605, 19.218556203074062 ], [ -99.089598208522816, 19.218595787768297 ], [ -99.090341930081976, 19.218620481149657 ], [ -99.090352037172565, 19.218733080275054 ], [ -99.090535454432853, 19.219213522705328 ], [ -99.090762599396442, 19.219909354575407 ], [ -99.090779226905042, 19.220091551787952 ], [ -99.090787938637774, 19.220187011107345 ], [ -99.090867601156177, 19.220530681274905 ], [ -99.091006174129006, 19.220828522230022 ], [ -99.09103373810585, 19.221301108384907 ], [ -99.091408902108014, 19.221532902958405 ], [ -99.091531087209972, 19.221677830306369 ], [ -99.091614003816375, 19.221785494492469 ], [ -99.091631553008085, 19.221976041826338 ], [ -99.091714557160259, 19.222241121830798 ], [ -99.09174517315725, 19.222402664934723 ], [ -99.091771478892994, 19.222655345712969 ], [ -99.091792508810769, 19.222700561738723 ], [ -99.091836970882412, 19.22279615870168 ], [ -99.091810908892128, 19.222982585328918 ], [ -99.091548633465749, 19.223355364291063 ], [ -99.091261519243417, 19.22314027572769 ], [ -99.090864913770631, 19.223575437838612 ], [ -99.090719517991587, 19.224044585814177 ], [ -99.090673495927675, 19.224420607426275 ], [ -99.090237106, 19.224367851000025 ], [ -99.089682359, 19.224471684000026 ], [ -99.089070518, 19.224575289000025 ], [ -99.088961218, 19.224570622999959 ], [ -99.088894496, 19.224700963999972 ], [ -99.088689706, 19.225016781 ], [ -99.088642738000019, 19.225064412999988 ], [ -99.088310233, 19.225538971000038 ], [ -99.088205295, 19.225699954000014 ], [ -99.088152767, 19.225887273999977 ], [ -99.088076734, 19.226214381999956 ], [ -99.088140429, 19.226598384000038 ], [ -99.088120479, 19.226698716 ], [ -99.088071412, 19.226820802000027 ], [ -99.088061026, 19.226846643999984 ], [ -99.08791456, 19.226988088000034 ], [ -99.087875649, 19.227015294000019 ], [ -99.087841421, 19.227026792999954 ], [ -99.087650470000014, 19.226994926999975 ], [ -99.087594521, 19.227969157999976 ], [ -99.087520543000011, 19.22843600199996 ], [ -99.087897929, 19.228440827999989 ], [ -99.088060287, 19.228442904999966 ], [ -99.08859776700001, 19.228449777 ], [ -99.088847938, 19.22842793200001 ], [ -99.08889309, 19.228422578000032 ], [ -99.088858863, 19.228890607 ], [ -99.088939393, 19.22894568600001 ], [ -99.088911532, 19.229045725 ], [ -99.089108043, 19.229124669 ], [ -99.0890799, 19.229576592000019 ], [ -99.089368989, 19.229613633 ], [ -99.08950744, 19.229637883 ], [ -99.089546819, 19.229643512999967 ], [ -99.089747595, 19.229676104999978 ], [ -99.089727972, 19.230103863999975 ], [ -99.08970722, 19.230157312 ], [ -99.089802432, 19.230198886000011 ], [ -99.090193925, 19.230485736999952 ], [ -99.090245341, 19.230564648999977 ], [ -99.09018985, 19.230881133999983 ], [ -99.090109575, 19.231340814 ], [ -99.089854265, 19.231346123999959 ], [ -99.089796786, 19.231605072999958 ], [ -99.089782922, 19.231716838000018 ], [ -99.089752656, 19.231960848 ], [ -99.08983224, 19.23228835900002 ], [ -99.089848404, 19.232354875999963 ], [ -99.08998459, 19.23280207499997 ], [ -99.089990574, 19.232936813 ], [ -99.089925716, 19.233228784000023 ], [ -99.089833482, 19.233898792999966 ], [ -99.08983503, 19.23392769200003 ], [ -99.089843617520344, 19.234087958339323 ], [ -99.089751619509713, 19.234057970312222 ], [ -99.089478655372233, 19.234254684468613 ], [ -99.089286123099129, 19.234355799018235 ], [ -99.08894413763818, 19.234489749449153 ], [ -99.088829213087351, 19.234588095518195 ], [ -99.08860618086679, 19.234710237345578 ], [ -99.088158828239258, 19.234583476211569 ], [ -99.087686906668552, 19.234236391163101 ], [ -99.087547570414742, 19.234157560337962 ], [ -99.0872385794206, 19.233521466801164 ], [ -99.08695903768438, 19.232703207585629 ], [ -99.086918204752976, 19.232221662945431 ], [ -99.086997724070102, 19.231709845248144 ], [ -99.086256619849024, 19.232146331749611 ], [ -99.086289512075979, 19.233003524621658 ], [ -99.085551949231458, 19.233936451858824 ], [ -99.085250902016611, 19.23485019456648 ], [ -99.082921658070532, 19.2349426334703 ], [ -99.082946719275995, 19.235775428997727 ], [ -99.082701993305321, 19.235951771205279 ], [ -99.081926618263154, 19.236107203511867 ], [ -99.08105109167289, 19.236538953668312 ], [ -99.079639978851915, 19.236590454096238 ], [ -99.07965789076782, 19.23742966971972 ], [ -99.079311296158409, 19.237692088790006 ], [ -99.07933482383946, 19.237860536531361 ], [ -99.079374757036547, 19.237883475788593 ], [ -99.079379663949837, 19.23799653293225 ], [ -99.079335831514911, 19.238655567256302 ], [ -99.079275896532735, 19.238872403105415 ], [ -99.079400935619333, 19.239295394786271 ], [ -99.079263014295847, 19.239389896535975 ], [ -99.079278826663455, 19.239624684202724 ], [ -99.07938788326851, 19.239656177852524 ], [ -99.079175474667622, 19.239881710525559 ], [ -99.079125412075982, 19.240349378103584 ], [ -99.078913912617139, 19.240959940599605 ], [ -99.078318354133458, 19.241233722994878 ], [ -99.077929816625243, 19.241469321183331 ], [ -99.077461989064616, 19.241950903470844 ], [ -99.076909693294027, 19.242278199453285 ] ] ] ] } },
{ "type": "Feature", "properties": { "id": 5399.0, "entidad": 9, "distrito_f": 21, "distrito_l": 25, "municipio": 13, "seccion": 5612, "tipo": 2, "control": 27369.0, "SECCION_TX": "5612", "SECCION__1": null, "SECCION__2": null, "SECCION_N": "5612", "ESTATUS": "COMPLETA", "ALCALDIA_N": "XOCHIMILCO", "EN_OPERATI": null, "EN_OP": "SI", "SEC_N": "5612", "EST": "COMPLETA", "ALC_N": "XOCHIMILCO", "OP": "SI", "NOMBRE": "XOCOTITLA" }, "geometry": { "type": "MultiPolygon", "coordinates": [ [ [ [ -99.09701622, 19.230051373999977 ], [ -99.096956586, 19.230211268999977 ], [ -99.096457267000019, 19.230183434999976 ], [ -99.096465289, 19.229905812000016 ], [ -99.096485685, 19.229568715999964 ], [ -99.096433135, 19.229224088000031 ], [ -99.096403561, 19.229103304000017 ], [ -99.096398564, 19.228823152 ], [ -99.096488887, 19.228190897999959 ], [ -99.096491559, 19.228172190000013 ], [ -99.096490498, 19.228143247999959 ], [ -99.096140786, 19.228113818000033 ], [ -99.096066906, 19.22808952599997 ], [ -99.095684125, 19.227967514999971 ], [ -99.095609209, 19.228203171999972 ], [ -99.094952149, 19.228160545999973 ], [ -99.094539159, 19.228147210999978 ], [ -99.094517078, 19.227882546999979 ], [ -99.093979117, 19.227820330999968 ], [ -99.093420132, 19.227779083 ], [ -99.093394565, 19.227716039 ], [ -99.093441688000013, 19.227520784000038 ], [ -99.093393116, 19.227411672999978 ], [ -99.093442673, 19.226985144 ], [ -99.093303005, 19.226873141000024 ], [ -99.09329393, 19.226657372 ], [ -99.093101151, 19.2267184 ], [ -99.092800175, 19.227366363999973 ], [ -99.092414182, 19.227251057999975 ], [ -99.092033392, 19.22749883699996 ], [ -99.091769485, 19.227753561 ], [ -99.091182036, 19.227638353 ], [ -99.09092345400002, 19.227590888000027 ], [ -99.09063878, 19.227516609 ], [ -99.090611026, 19.227350832999985 ], [ -99.090185226, 19.227485888 ], [ -99.090011097000016, 19.227556914999976 ], [ -99.089967317000017, 19.227563137000015 ], [ -99.089920225, 19.227569869999968 ], [ -99.089730092, 19.227543365999978 ], [ -99.089571543, 19.227687628999981 ], [ -99.08933061, 19.227918053 ], [ -99.089228312, 19.228107568000016 ], [ -99.089148776000016, 19.228254168999975 ], [ -99.08905235, 19.228367126 ], [ -99.088948837, 19.228403167 ], [ -99.08889309, 19.228422578000032 ], [ -99.088847938, 19.22842793200001 ], [ -99.08859776700001, 19.228449777 ], [ -99.088060287, 19.228442904999966 ], [ -99.087897929, 19.228440827999989 ], [ -99.087520543000011, 19.22843600199996 ], [ -99.087594521, 19.227969157999976 ], [ -99.087650470000014, 19.226994926999975 ], [ -99.087841421, 19.227026792999954 ], [ -99.087875649, 19.227015294000019 ], [ -99.08791456, 19.226988088000034 ], [ -99.088061026, 19.226846643999984 ], [ -99.088071412, 19.226820802000027 ], [ -99.088120479, 19.226698716 ], [ -99.088140429, 19.226598384000038 ], [ -99.088076734, 19.226214381999956 ], [ -99.088152767, 19.225887273999977 ], [ -99.088205295, 19.225699954000014 ], [ -99.088310233, 19.225538971000038 ], [ -99.088642738000019, 19.225064412999988 ], [ -99.088689706, 19.225016781 ], [ -99.088894496, 19.224700963999972 ], [ -99.088961218, 19.224570622999959 ], [ -99.089070518, 19.224575289000025 ], [ -99.089682359, 19.224471684000026 ], [ -99.090237106, 19.224367851000025 ], [ -99.090673495927675, 19.224420607426275 ], [ -99.090779115564274, 19.224431815894864 ], [ -99.091100895417867, 19.224465963131539 ], [ -99.091381295853367, 19.224482520391643 ], [ -99.091902981572105, 19.224494035381589 ], [ -99.09261792004024, 19.224479245024977 ], [ -99.092832233054651, 19.224527231793466 ], [ -99.092982737633122, 19.22461829096401 ], [ -99.093133242377064, 19.224709350009395 ], [ -99.093440435340227, 19.224882060163811 ], [ -99.093541321185029, 19.224940737913478 ], [ -99.093722161277142, 19.225040451461609 ], [ -99.093841319409876, 19.225078599603275 ], [ -99.094221507527607, 19.225208068602388 ], [ -99.094344462547326, 19.225173252874985 ], [ -99.094624914752629, 19.22509384015757 ], [ -99.095074045685593, 19.225006614636623 ], [ -99.095562489583898, 19.225031215615196 ], [ -99.095961710253363, 19.225081826776183 ], [ -99.095985535773181, 19.225084847225634 ], [ -99.096261113052421, 19.225150136719158 ], [ -99.096386801482453, 19.2251799145413 ], [ -99.09691887290397, 19.225233486594032 ], [ -99.097415968890431, 19.225137944907935 ], [ -99.097808408164425, 19.225054885349817 ], [ -99.098122403561035, 19.225063002472741 ], [ -99.098266196485369, 19.225100616409506 ], [ -99.098409989474646, 19.225138230232947 ], [ -99.098445346785695, 19.22520354380897 ], [ -99.098296371355403, 19.225876070697829 ], [ -99.098274789045917, 19.225973500284027 ], [ -99.098208016518626, 19.226220740405935 ], [ -99.09804461145977, 19.22651747310621 ], [ -99.097888620428066, 19.226778886792317 ], [ -99.097792121568943, 19.227054394546709 ], [ -99.097747687958758, 19.227358126383468 ], [ -99.097781636414425, 19.227509025007667 ], [ -99.097796146522981, 19.22757352138612 ], [ -99.097662769696896, 19.228357583214311 ], [ -99.097630502514249, 19.228804542504719 ], [ -99.097500069982303, 19.229855021252838 ], [ -99.097371082, 19.230111679 ], [ -99.09701622, 19.230051373999977 ] ] ] ] } },
{ "type": "Feature", "properties": { "id": 5382.0, "entidad": 9, "distrito_f": 21, "distrito_l": 25, "municipio": 13, "seccion": 4258, "tipo": 2, "control": 37243.0, "SECCION_TX": "4258", "SECCION__1": null, "SECCION__2": null, "SECCION_N": "4258", "ESTATUS": "COMPLETA", "ALCALDIA_N": "XOCHIMILCO", "EN_OPERATI": null, "EN_OP": "SI", "SEC_N": "4258", "EST": "COMPLETA", "ALC_N": "XOCHIMILCO", "OP": "SI", "NOMBRE": "HERRADURA DE HUITEPEC" }, "geometry": { "type": "MultiPolygon", "coordinates": [ [ [ [ -99.098235581970442, 19.23504678076684 ], [ -99.098100925266067, 19.234801738491665 ], [ -99.098039741083966, 19.234690397964687 ], [ -99.097942926488528, 19.234514218284179 ], [ -99.097887602464624, 19.234413541442883 ], [ -99.097744271538403, 19.234152711875012 ], [ -99.097718322731609, 19.234082183004318 ], [ -99.097639509050865, 19.233867966980373 ], [ -99.097581422883025, 19.233586360943352 ], [ -99.09751517936806, 19.233315388884765 ], [ -99.097507100715205, 19.233204506602235 ], [ -99.097459835297457, 19.232961664171846 ], [ -99.097455236123679, 19.232938034286224 ], [ -99.097324451011474, 19.232354822348011 ], [ -99.097222435611556, 19.231899900621407 ], [ -99.097226806165281, 19.231607941901277 ], [ -99.097228768312462, 19.231476867612386 ], [ -99.097233167380324, 19.231183002832818 ], [ -99.097215792774662, 19.230974350708134 ], [ -99.097177002760034, 19.230508518358501 ], [ -99.097187183463447, 19.230485919257646 ], [ -99.09737108248558, 19.230111678747964 ], [ -99.097500069982303, 19.229855021252838 ], [ -99.097630502514249, 19.228804542504719 ], [ -99.097662769696896, 19.228357583214311 ], [ -99.097796146522981, 19.22757352138612 ], [ -99.097781636414425, 19.227509025007667 ], [ -99.097747687958758, 19.227358126383468 ], [ -99.097792121568943, 19.227054394546709 ], [ -99.097888620428066, 19.226778886792317 ], [ -99.09804461145977, 19.22651747310621 ], [ -99.098208016518626, 19.226220740405935 ], [ -99.098274789045917, 19.225973500284027 ], [ -99.098296371355403, 19.225876070697829 ], [ -99.098445346785695, 19.22520354380897 ], [ -99.098409989474646, 19.225138230232947 ], [ -99.098374632191621, 19.225072916649506 ], [ -99.098311283839749, 19.224825746317041 ], [ -99.098320433147208, 19.224733941292477 ], [ -99.098397300324763, 19.224096735839851 ], [ -99.098410916735872, 19.224019920669509 ], [ -99.098492349376059, 19.223560527768885 ], [ -99.098495997973927, 19.223539944562138 ], [ -99.098514924943771, 19.223427166524562 ], [ -99.098473178877356, 19.223330431217157 ], [ -99.098368979480242, 19.223124953007122 ], [ -99.098280764048042, 19.222976708957191 ], [ -99.098027553926741, 19.222830605928493 ], [ -99.0978638401686, 19.222750452052018 ], [ -99.09760864345489, 19.222616727591788 ], [ -99.097432001043828, 19.222470482181723 ], [ -99.097290821337722, 19.222385465048259 ], [ -99.09743392667211, 19.222333247135765 ], [ -99.097531809901497, 19.222341647483482 ], [ -99.097610508489737, 19.222348401364989 ], [ -99.097707568842367, 19.222382277439809 ], [ -99.097982732519853, 19.222477480756016 ], [ -99.098179773038368, 19.222484438251325 ], [ -99.098514365138101, 19.222487790129858 ], [ -99.098659373106116, 19.222519495521617 ], [ -99.098852763606857, 19.222639461984926 ], [ -99.098985504644276, 19.222752633794773 ], [ -99.099366065284343, 19.223077089222429 ], [ -99.099449548896843, 19.223167147726745 ], [ -99.09961842211375, 19.22334932041651 ], [ -99.099698652131522, 19.223476175295577 ], [ -99.099869160385694, 19.223929654111064 ], [ -99.099918091325193, 19.224059788924656 ], [ -99.100057165961118, 19.224293206278706 ], [ -99.100180213256536, 19.224531708225541 ], [ -99.100273841792685, 19.224722004756547 ], [ -99.100319433453421, 19.225003694468082 ], [ -99.100633935191581, 19.225006314480712 ], [ -99.100971731951503, 19.225160304799939 ], [ -99.101086929600001, 19.225180134969527 ], [ -99.101259675851836, 19.225127818590668 ], [ -99.101843645166767, 19.225233818262506 ], [ -99.102079155451392, 19.225276566539911 ], [ -99.101969441850187, 19.225659581409317 ], [ -99.103000956034791, 19.22578333993193 ], [ -99.10303543840368, 19.225405698543899 ], [ -99.103415922187637, 19.225513815821703 ], [ -99.104297625669346, 19.225764354788083 ], [ -99.10455076464936, 19.225837169600073 ], [ -99.104846643029475, 19.225931495559884 ], [ -99.104787715396412, 19.226280988875367 ], [ -99.105949420406048, 19.226955386481904 ], [ -99.1050352448258, 19.224940609059484 ], [ -99.10484748794731, 19.224526799621987 ], [ -99.104337260199188, 19.223404234150738 ], [ -99.104308191648883, 19.223340700077546 ], [ -99.104173500796179, 19.223046310471862 ], [ -99.104531880788358, 19.22235199589943 ], [ -99.104668661651715, 19.222086999059336 ], [ -99.104773211197582, 19.22188444596371 ], [ -99.104927441102305, 19.221585641691064 ], [ -99.104949037454546, 19.221543800925719 ], [ -99.105087144985291, 19.22127623088117 ], [ -99.105550643051401, 19.22150971552788 ], [ -99.10561870886437, 19.221514649729286 ], [ -99.105765076233681, 19.221156478528869 ], [ -99.107322612047525, 19.221731336549478 ], [ -99.107433007935498, 19.221772213040978 ], [ -99.107236536520986, 19.222634189933483 ], [ -99.107244087885292, 19.223001547771389 ], [ -99.107867359545978, 19.223059011917258 ], [ -99.107767150840786, 19.223506029367183 ], [ -99.107744456926525, 19.223731691646503 ], [ -99.1077217884025, 19.22399640852387 ], [ -99.107795018446495, 19.224208996160137 ], [ -99.107840850664658, 19.224438957500531 ], [ -99.107845566109802, 19.224664603631865 ], [ -99.107808553142092, 19.224872394054852 ], [ -99.107722518011911, 19.225115973829915 ], [ -99.107663218480837, 19.225250530146909 ], [ -99.107594751281852, 19.22533735840938 ], [ -99.107494354229559, 19.225497975213962 ], [ -99.107393183583838, 19.225879073958509 ], [ -99.107389563528287, 19.225927637431841 ], [ -99.10716617153561, 19.226626411873486 ], [ -99.107157072230379, 19.22665913485929 ], [ -99.106959367067773, 19.2273701202575 ], [ -99.106778767321757, 19.228019585795618 ], [ -99.106387250423495, 19.2290100623018 ], [ -99.106137958897051, 19.229640724234866 ], [ -99.106064855263952, 19.229625578685802 ], [ -99.106037468727962, 19.229662479442553 ], [ -99.105939225575597, 19.229790717041123 ], [ -99.105350956280134, 19.229640428268183 ], [ -99.105433338325255, 19.229208549785056 ], [ -99.105174783037327, 19.229172213031109 ], [ -99.104903803018388, 19.229235358379707 ], [ -99.104436775997115, 19.229315047381089 ], [ -99.10401403713054, 19.229398823677418 ], [ -99.103817226490861, 19.229852183436449 ], [ -99.102630423944646, 19.229416913636044 ], [ -99.10228878106048, 19.229291611381683 ], [ -99.102239190825514, 19.2292925449437 ], [ -99.101988932275987, 19.229297255986282 ], [ -99.10191719530755, 19.229853250619083 ], [ -99.10178755741876, 19.230025860373036 ], [ -99.101556988403061, 19.230168400406779 ], [ -99.101479214074146, 19.230286207313899 ], [ -99.101389906781122, 19.230404020572024 ], [ -99.101366891475266, 19.230486194098468 ], [ -99.101427450753434, 19.23050533141959 ], [ -99.101456309809194, 19.230549134520174 ], [ -99.101433265936961, 19.230584750291381 ], [ -99.101228646484984, 19.230730014226058 ], [ -99.101110576948003, 19.230962868335684 ], [ -99.101009744498015, 19.231094381228594 ], [ -99.100929067716393, 19.231182063874765 ], [ -99.100822480227649, 19.231332750682746 ], [ -99.100831230191503, 19.231497067422687 ], [ -99.100773642375827, 19.231623078979741 ], [ -99.100716056142076, 19.23175182920891 ], [ -99.100648370803384, 19.231925319967559 ], [ -99.100579779164846, 19.232101787567071 ], [ -99.100551868591808, 19.232229895843769 ], [ -99.100478168785827, 19.232374947180396 ], [ -99.100427076369627, 19.232548988265091 ], [ -99.100427236497865, 19.232812424606337 ], [ -99.100427336395711, 19.232976770210215 ], [ -99.100353937210684, 19.233107320234613 ], [ -99.100231942539054, 19.233334570746944 ], [ -99.100050005897558, 19.233405308725743 ], [ -99.099622619023009, 19.233854342391965 ], [ -99.099429666208465, 19.234159107552227 ], [ -99.099319584107775, 19.234627623415108 ], [ -99.09936451407826, 19.234784843046455 ], [ -99.099575083320232, 19.23509594074644 ], [ -99.099795897127123, 19.235236684945935 ], [ -99.100037386807202, 19.235347934331696 ], [ -99.100202973332202, 19.235413362119402 ], [ -99.100258268941374, 19.235600059088707 ], [ -99.100092828310721, 19.235800205766022 ], [ -99.099899765956351, 19.235901639348203 ], [ -99.099863907963709, 19.236489685875132 ], [ -99.099819097360253, 19.236489586940074 ], [ -99.099603499063207, 19.236463620394527 ], [ -99.09930517188117, 19.236470334274884 ], [ -99.099162068463187, 19.236514636703145 ], [ -99.099068808243587, 19.23628209713587 ], [ -99.098767819992261, 19.235793300278416 ], [ -99.098466856766194, 19.235371168895874 ], [ -99.098368771659722, 19.235233594028166 ], [ -99.098235581970442, 19.23504678076684 ] ] ] ] } },
{ "type": "Feature", "properties": { "id": 5352.0, "entidad": 9, "distrito_f": 21, "distrito_l": 25, "municipio": 13, "seccion": 4229, "tipo": 2, "control": 37059.0, "SECCION_TX": "4229", "SECCION__1": null, "SECCION__2": null, "SECCION_N": "4229", "ESTATUS": null, "ALCALDIA_N": "XOCHIMILCO", "EN_OPERATI": null, "EN_OP": "NO", "SEC_N": "4229", "EST": null, "ALC_N": "XOCHIMILCO", "OP": "NO", "NOMBRE": "PANORAMICA" }, "geometry": { "type": "MultiPolygon", "coordinates": [ [ [ [ -99.095856984668131, 19.24469133850695 ], [ -99.096144182322746, 19.243624499900847 ], [ -99.097340377028218, 19.243886220502464 ], [ -99.097604046938528, 19.242283761585693 ], [ -99.100117953854422, 19.242936215412755 ], [ -99.100183962679012, 19.242947829387923 ], [ -99.10087614706282, 19.243069614785643 ], [ -99.101158357761264, 19.243119267142109 ], [ -99.101338493587733, 19.243150960127508 ], [ -99.101940079442116, 19.24325680139432 ], [ -99.102306298250298, 19.243349930384287 ], [ -99.10236042035767, 19.24336419590453 ], [ -99.102497925942373, 19.243400439582004 ], [ -99.102815328908207, 19.243484100096577 ], [ -99.102892990384106, 19.243678696447894 ], [ -99.102803659602017, 19.244051337845999 ], [ -99.102616776805348, 19.244830909764328 ], [ -99.102366581912932, 19.245490182401877 ], [ -99.102280658809406, 19.245708195468861 ], [ -99.102266893692999, 19.245743121701704 ], [ -99.102331980645744, 19.245910611077814 ], [ -99.102424047937248, 19.246153969604631 ], [ -99.10224104303461, 19.246226324375069 ], [ -99.102067626618791, 19.246427373279513 ], [ -99.101861011517627, 19.246763913824044 ], [ -99.101644885058889, 19.247098201520636 ], [ -99.101419162578907, 19.247292505176244 ], [ -99.101105478549655, 19.247484599280426 ], [ -99.100760854562822, 19.247620262668871 ], [ -99.100131034476036, 19.247887039215634 ], [ -99.099418024622054, 19.248183211359454 ], [ -99.0988523657049, 19.248413822421558 ], [ -99.098576644637234, 19.24849073936349 ], [ -99.098310386804059, 19.248490882597267 ], [ -99.097240584882698, 19.248464359530455 ], [ -99.096745927465079, 19.248425831801672 ], [ -99.096360904127849, 19.248329351539557 ], [ -99.09597568439834, 19.248162470213963 ], [ -99.095844893705845, 19.248094802099192 ], [ -99.094516369731423, 19.247133817760965 ], [ -99.09458655734332, 19.246792654877819 ], [ -99.094732641241848, 19.246680182970948 ], [ -99.094882255995515, 19.246870280380161 ], [ -99.095133385750032, 19.247171894198473 ], [ -99.095418741623789, 19.247029301234445 ], [ -99.095565547860531, 19.246967239125837 ], [ -99.09558986403745, 19.246956959483935 ], [ -99.095853466312235, 19.24633857908124 ], [ -99.096078916233765, 19.245809695694337 ], [ -99.096335615911698, 19.245732792519046 ], [ -99.096639358371078, 19.244797866171893 ], [ -99.096163871739307, 19.244734895707072 ], [ -99.095856984668131, 19.24469133850695 ] ] ] ] } },
{ "type": "Feature", "properties": { "id": 5314.0, "entidad": 9, "distrito_f": 21, "distrito_l": 25, "municipio": 13, "seccion": 4157, "tipo": 2, "control": 37434.0, "SECCION_TX": "4157", "SECCION__1": null, "SECCION__2": null, "SECCION_N": "4157", "ESTATUS": null, "ALCALDIA_N": "XOCHIMILCO", "EN_OPERATI": null, "EN_OP": "NO", "SEC_N": "4157", "EST": null, "ALC_N": "XOCHIMILCO", "OP": "NO", "NOMBRE": "LOS CERRILLOS I" }, "geometry": { "type": "MultiPolygon", "coordinates": [ [ [ [ -99.01129650356404, 19.255619705497811 ], [ -99.011271644230831, 19.255606509790614 ], [ -99.011250168934041, 19.255595110376344 ], [ -99.011216106257336, 19.255577029380788 ], [ -99.010761150985459, 19.255335531095433 ], [ -99.010701300110753, 19.2553037610578 ], [ -99.009721751595691, 19.25441318235557 ], [ -99.007043445900223, 19.251574185755839 ], [ -99.007381533742176, 19.250912455470168 ], [ -99.007436234144777, 19.25080539127422 ], [ -99.007477194350727, 19.250725220436205 ], [ -99.007516021335576, 19.250683590138458 ], [ -99.008358572597089, 19.249780199329866 ], [ -99.008373864813038, 19.24976380275492 ], [ -99.008733547300579, 19.250061871661753 ], [ -99.008978056217842, 19.250264496667871 ], [ -99.009052514033542, 19.250326199837122 ], [ -99.009152865586486, 19.25051849385045 ], [ -99.009475750999258, 19.250783036721472 ], [ -99.009975808992323, 19.251189400379552 ], [ -99.0099907263522, 19.251201522667351 ], [ -99.010112027964254, 19.251300095832846 ], [ -99.010616886198605, 19.251465769972349 ], [ -99.010958801755592, 19.251577971905643 ], [ -99.011973328561751, 19.251850146546815 ], [ -99.01260009500723, 19.252024473066609 ], [ -99.01231051462166, 19.252773075215156 ], [ -99.012014866442698, 19.253538001413776 ], [ -99.011758994600768, 19.254226684430066 ], [ -99.011494083504658, 19.254939251744489 ], [ -99.011387259495322, 19.25522720424765 ], [ -99.011321072524211, 19.2555265919103 ], [ -99.01129650356404, 19.255619705497811 ] ] ] ] } },
{ "type": "Feature", "properties": { "id": 5316.0, "entidad": 9, "distrito_f": 21, "distrito_l": 25, "municipio": 13, "seccion": 4161, "tipo": 2, "control": 36789.0, "SECCION_TX": "4161", "SECCION__1": null, "SECCION__2": null, "SECCION_N": "4161", "ESTATUS": "COMPLETA", "ALCALDIA_N": "XOCHIMILCO", "EN_OPERATI": null, "EN_OP": "SI", "SEC_N": "4161", "EST": "COMPLETA", "ALC_N": "XOCHIMILCO", "OP": "SI", "NOMBRE": "LOS CERRILLOS I" }, "geometry": { "type": "MultiPolygon", "coordinates": [ [ [ [ -99.014308651384155, 19.25231454247572 ], [ -99.013900191474647, 19.252303676981519 ], [ -99.013744604954283, 19.252299537964422 ], [ -99.013562803466115, 19.252294701391264 ], [ -99.013115926081156, 19.252169265669206 ], [ -99.012600095007258, 19.252024473476009 ], [ -99.012873557531393, 19.251176990017427 ], [ -99.013091868315257, 19.250500419869692 ], [ -99.013127943348692, 19.250388618641875 ], [ -99.013167830688957, 19.250208106414927 ], [ -99.013209416587827, 19.250019906839931 ], [ -99.013095732746805, 19.249903803193234 ], [ -99.013067835634601, 19.249718433685658 ], [ -99.012887649975383, 19.249431222481373 ], [ -99.012844867232459, 19.248907184066066 ], [ -99.012840419446277, 19.248852703708668 ], [ -99.012856487637706, 19.248749214784791 ], [ -99.012917592960662, 19.248355658139989 ], [ -99.013021928182198, 19.247905264563183 ], [ -99.013211794116458, 19.247684715918005 ], [ -99.013396531485412, 19.24748119774792 ], [ -99.013507928693087, 19.247371965547607 ], [ -99.013566576903429, 19.247224716725217 ], [ -99.013612639542373, 19.246890428521173 ], [ -99.01368802045738, 19.246416852767801 ], [ -99.013654484345949, 19.246221855800204 ], [ -99.013734062432036, 19.245839810050327 ], [ -99.014228693031853, 19.246023598216581 ], [ -99.015083282862804, 19.246341131054699 ], [ -99.015361825066577, 19.245934910925115 ], [ -99.015434786362619, 19.245828505292334 ], [ -99.015648342330692, 19.245530712848929 ], [ -99.015730412229559, 19.245417409394033 ], [ -99.015679694209354, 19.245352739699747 ], [ -99.015744898290976, 19.24508978936511 ], [ -99.015810102165233, 19.244826838999842 ], [ -99.016055215262838, 19.244832787035016 ], [ -99.016222814841825, 19.244845705896829 ], [ -99.016390414446903, 19.244858624605033 ], [ -99.016761231416851, 19.244914305165075 ], [ -99.016914130907054, 19.244581996025858 ], [ -99.017016774665919, 19.244484486757262 ], [ -99.017134089103891, 19.244444679994288 ], [ -99.017287023449754, 19.244456604359122 ], [ -99.017423200963449, 19.244496387264764 ], [ -99.017470940085843, 19.244282795193321 ], [ -99.017553037772913, 19.244010865865071 ], [ -99.017573974961934, 19.243893466185536 ], [ -99.017571866866291, 19.243770099342843 ], [ -99.017523674427437, 19.243692502111188 ], [ -99.0173267325344, 19.243547266110085 ], [ -99.017290319343942, 19.243512687819123 ], [ -99.017201022345759, 19.243427890499294 ], [ -99.017117215860594, 19.243350296500921 ], [ -99.017109457863512, 19.243291395291376 ], [ -99.017119248792497, 19.243209536458277 ], [ -99.017140496394973, 19.243143738309094 ], [ -99.017180788040761, 19.243018965693139 ], [ -99.017217727467013, 19.242904573843425 ], [ -99.017265603840386, 19.242740807763223 ], [ -99.017280553609311, 19.242689670464937 ], [ -99.017284733931731, 19.242598139669877 ], [ -99.017238470544612, 19.242441025722879 ], [ -99.017213480932227, 19.242361361213998 ], [ -99.017221856156766, 19.242317585015901 ], [ -99.017272698150748, 19.242257278466575 ], [ -99.017407235782429, 19.242097695530394 ], [ -99.017513739548676, 19.241971364907354 ], [ -99.01752683962232, 19.241955826092042 ], [ -99.017595501716585, 19.241873055818239 ], [ -99.017759557878037, 19.241603112181746 ], [ -99.018725521663626, 19.241991401597751 ], [ -99.019227407769165, 19.24213284669414 ], [ -99.019246445059977, 19.242138211886321 ], [ -99.019580299346984, 19.242245865636875 ], [ -99.019334683199929, 19.242595881500066 ], [ -99.019309422177301, 19.242685349687829 ], [ -99.019300053507479, 19.242718531133917 ], [ -99.019270996044099, 19.242949575215256 ], [ -99.019237476505438, 19.243216097701978 ], [ -99.019230829503428, 19.243268949623808 ], [ -99.019195840371452, 19.243401942683846 ], [ -99.019151169983687, 19.243571733699557 ], [ -99.019073404731344, 19.243690748572444 ], [ -99.018871835410394, 19.243666838545984 ], [ -99.018701801574949, 19.244001888875083 ], [ -99.018688021547732, 19.244028975351256 ], [ -99.018610486773213, 19.244181380075908 ], [ -99.018553352264718, 19.244440594462766 ], [ -99.018512902307052, 19.244624111960857 ], [ -99.018216884364179, 19.24493823495316 ], [ -99.018175644324131, 19.244989703921455 ], [ -99.018056281695095, 19.24513867229507 ], [ -99.017870470257691, 19.245225440103766 ], [ -99.017839021081528, 19.245650216924812 ], [ -99.017801250442702, 19.245868590200217 ], [ -99.017663473384559, 19.246150100456255 ], [ -99.017571385505974, 19.246338256600044 ], [ -99.017445268226865, 19.246653973142376 ], [ -99.017373017469353, 19.246834841976707 ], [ -99.017276616448228, 19.247341465377357 ], [ -99.017242383348872, 19.24752137234524 ], [ -99.017089689427578, 19.248094232815209 ], [ -99.017055068043433, 19.248324571039333 ], [ -99.017073971320016, 19.248381405183398 ], [ -99.017206277160113, 19.248611727778091 ], [ -99.017009722363795, 19.24889062537515 ], [ -99.016920029011274, 19.249017893623638 ], [ -99.01669836663261, 19.249232434567059 ], [ -99.016574905797853, 19.249295168780353 ], [ -99.016518518647445, 19.249323820766396 ], [ -99.016154626129676, 19.24937152449257 ], [ -99.015673755557813, 19.249437281334888 ], [ -99.015573234508309, 19.249451026960482 ], [ -99.015524635477064, 19.24990274417253 ], [ -99.015519576449279, 19.249949766569642 ], [ -99.015498011024476, 19.250150211492379 ], [ -99.015491875748438, 19.250194916500984 ], [ -99.015464367085954, 19.250395359501642 ], [ -99.015460391974486, 19.250424324274064 ], [ -99.01546459743318, 19.250666652688071 ], [ -99.015422779481554, 19.25076994388775 ], [ -99.015388359387885, 19.250828502104184 ], [ -99.01520956526916, 19.251132680181453 ], [ -99.014962746508445, 19.251552584780139 ], [ -99.01494781436304, 19.251565262762071 ], [ -99.014490127283324, 19.251953855647482 ], [ -99.014469630844644, 19.251995792956066 ], [ -99.014447782874882, 19.25203762275687 ], [ -99.014308651384155, 19.25231454247572 ] ] ] ] } },
{ "type": "Feature", "properties": { "id": 5317.0, "entidad": 9, "distrito_f": 21, "distrito_l": 25, "municipio": 13, "seccion": 4162, "tipo": 2, "control": 36764.0, "SECCION_TX": "4162", "SECCION__1": null, "SECCION__2": null, "SECCION_N": "4162", "ESTATUS": null, "ALCALDIA_N": "XOCHIMILCO", "EN_OPERATI": null, "EN_OP": "NO", "SEC_N": "4162", "EST": null, "ALC_N": "XOCHIMILCO", "OP": "NO", "NOMBRE": "LOS CERRILLOS I" }, "geometry": { "type": "MultiPolygon", "coordinates": [ [ [ [ -99.011144382346473, 19.248200739069471 ], [ -99.011454845786147, 19.248278347654367 ], [ -99.012115455294492, 19.248506454687984 ], [ -99.012287011381801, 19.248147922483287 ], [ -99.012917592960662, 19.248355658139989 ], [ -99.012856487637706, 19.248749214784791 ], [ -99.012840419446277, 19.248852703708668 ], [ -99.012844867232459, 19.248907184066066 ], [ -99.012887649975383, 19.249431222481373 ], [ -99.013067835634601, 19.249718433685658 ], [ -99.013095732746805, 19.249903803193234 ], [ -99.013209416587827, 19.250019906839931 ], [ -99.013167830688957, 19.250208106414927 ], [ -99.013127943348692, 19.250388618641875 ], [ -99.013091868315257, 19.250500419869692 ], [ -99.012873557531393, 19.251176990017427 ], [ -99.012600095007258, 19.252024473476009 ], [ -99.01197332856178, 19.251850146956123 ], [ -99.010958801755621, 19.251577972315033 ], [ -99.010616886198633, 19.251465770381838 ], [ -99.010112027964254, 19.251300096242336 ], [ -99.009990726352228, 19.251201523076844 ], [ -99.009975808992323, 19.251189400789038 ], [ -99.009475750999286, 19.250783037131047 ], [ -99.009152865586515, 19.250518494260032 ], [ -99.00905251403357, 19.250326200246707 ], [ -99.009495156173855, 19.249340458372259 ], [ -99.0096003353963, 19.249106227609229 ], [ -99.009618958460479, 19.24906475456504 ], [ -99.009714380063201, 19.248697062053633 ], [ -99.010400730498603, 19.248991378013525 ], [ -99.010796457690034, 19.249194041533606 ], [ -99.011236153413037, 19.249385497725722 ], [ -99.011281186334699, 19.249271420177948 ], [ -99.011327286348774, 19.249080953190251 ], [ -99.011323262975253, 19.249058943956495 ], [ -99.011304757591233, 19.248957713078923 ], [ -99.011263549562273, 19.248896158666501 ], [ -99.011172498553918, 19.24876015120401 ], [ -99.011187836568766, 19.248678178135414 ], [ -99.011164037100272, 19.248416689600923 ], [ -99.011144382346473, 19.248200739069471 ] ] ] ] } },
{ "type": "Feature", "properties": { "id": 5318.0, "entidad": 9, "distrito_f": 21, "distrito_l": 25, "municipio": 13, "seccion": 4163, "tipo": 2, "control": 36760.0, "SECCION_TX": "4163", "SECCION__1": null, "SECCION__2": null, "SECCION_N": "4163", "ESTATUS": "COMPLETA", "ALCALDIA_N": "XOCHIMILCO", "EN_OPERATI": null, "EN_OP": "SI", "SEC_N": "4163", "EST": "COMPLETA", "ALC_N": "XOCHIMILCO", "OP": "SI", "NOMBRE": "LOS CERRILLOS I" }, "geometry": { "type": "MultiPolygon", "coordinates": [ [ [ [ -99.010843626477794, 19.247115622260434 ], [ -99.010905803830227, 19.247243682330744 ], [ -99.010901014361139, 19.247324743958853 ], [ -99.011126385396921, 19.247536947165838 ], [ -99.011155179797015, 19.24791310645697 ], [ -99.011137932994302, 19.248129878271651 ], [ -99.011144382346444, 19.248200738659627 ], [ -99.011164037100244, 19.248416689191171 ], [ -99.011187836568737, 19.248678177725655 ], [ -99.01117249855389, 19.248760150794155 ], [ -99.011263549562244, 19.248896158256738 ], [ -99.011304757591205, 19.248957712669167 ], [ -99.011323262975225, 19.249058943546828 ], [ -99.011327286348745, 19.249080952780485 ], [ -99.011281186334699, 19.249271419768199 ], [ -99.011236153413009, 19.249385497316059 ], [ -99.01079645769002, 19.24919404112385 ], [ -99.010400730498574, 19.248991377603758 ], [ -99.009714380063187, 19.248697061643874 ], [ -99.00961895846045, 19.249064754155285 ], [ -99.009600335396286, 19.249106227199466 ], [ -99.009495156173841, 19.249340457962589 ], [ -99.009052514033542, 19.250326199837122 ], [ -99.008978056217842, 19.250264496667871 ], [ -99.008733547300579, 19.250061871661753 ], [ -99.008373864813038, 19.24976380275492 ], [ -99.008415002595044, 19.249719694100293 ], [ -99.008939436021961, 19.249157384446114 ], [ -99.008963761355375, 19.249131302130557 ], [ -99.00898530158878, 19.249108206069028 ], [ -99.009125620275881, 19.248957752090341 ], [ -99.009159611960342, 19.248921305111139 ], [ -99.009599644633781, 19.248449485866082 ], [ -99.009653617477738, 19.2483916139341 ], [ -99.009735458924226, 19.248303860016815 ], [ -99.009929820785771, 19.248095456349652 ], [ -99.01026851327633, 19.247732293026957 ], [ -99.010307178294241, 19.247690834284928 ], [ -99.010843626477794, 19.247115622260434 ] ] ] ] } },
{ "type": "Feature", "properties": { "id": 5319.0, "entidad": 9, "distrito_f": 21, "distrito_l": 25, "municipio": 13, "seccion": 4164, "tipo": 2, "control": 37830.0, "SECCION_TX": "4164", "SECCION__1": null, "SECCION__2": null, "SECCION_N": "4164", "ESTATUS": null, "ALCALDIA_N": "XOCHIMILCO", "EN_OPERATI": null, "EN_OP": "NO", "SEC_N": "4164", "EST": null, "ALC_N": "XOCHIMILCO", "OP": "NO", "NOMBRE": "LOS CERRILLOS I" }, "geometry": { "type": "MultiPolygon", "coordinates": [ [ [ [ -99.016238062749778, 19.241331070964488 ], [ -99.016381857639104, 19.241384515289802 ], [ -99.016424858603031, 19.241414071023069 ], [ -99.016469871194019, 19.241430258978877 ], [ -99.016768025230917, 19.241486103574566 ], [ -99.016783791473117, 19.241463636475277 ], [ -99.016873676780804, 19.241335548603889 ], [ -99.017712141189364, 19.241532522587082 ], [ -99.017743064976642, 19.241539787191655 ], [ -99.017759557877966, 19.241603111770992 ], [ -99.017595501716542, 19.241873055407574 ], [ -99.017526839622278, 19.241955825681288 ], [ -99.017513739548662, 19.241971364496603 ], [ -99.0174072357824, 19.242097695119735 ], [ -99.017272698150691, 19.242257278055909 ], [ -99.017221856156723, 19.242317584605239 ], [ -99.017213480932185, 19.242361360803425 ], [ -99.017238470544569, 19.242441025312221 ], [ -99.017284733931689, 19.242598139259307 ], [ -99.017280553609282, 19.242689670054371 ], [ -99.017265603840372, 19.24274080735265 ], [ -99.017217727466956, 19.242904573432948 ], [ -99.017180788040704, 19.243018965282566 ], [ -99.01714049639493, 19.24314373789862 ], [ -99.01711924879244, 19.243209536047797 ], [ -99.017109457863455, 19.243291394880803 ], [ -99.017117215860551, 19.243350296090437 ], [ -99.017201022345731, 19.243427890088817 ], [ -99.0172903193439, 19.243512687408636 ], [ -99.017326732534357, 19.243547265699601 ], [ -99.017523674427395, 19.243692501700803 ], [ -99.017571866866248, 19.243770098932359 ], [ -99.017573974961877, 19.243893465775155 ], [ -99.017553037772856, 19.24401086545468 ], [ -99.017470940085801, 19.244282794782926 ], [ -99.017423200963407, 19.244496386854465 ], [ -99.017287023449711, 19.244456603948731 ], [ -99.017134089103848, 19.2444446795839 ], [ -99.017016774665876, 19.244484486346874 ], [ -99.016914130907026, 19.244581995615466 ], [ -99.016761231416837, 19.244914304754776 ], [ -99.016390414446875, 19.244858624194734 ], [ -99.016222814841782, 19.244845705486529 ], [ -99.016055215262796, 19.244832786624716 ], [ -99.015810102165204, 19.244826838589539 ], [ -99.015744898290961, 19.245089788954896 ], [ -99.015679694209311, 19.245352739289533 ], [ -99.015730412229516, 19.245417408983823 ], [ -99.01564834233065, 19.245530712438718 ], [ -99.015434786362576, 19.245828504882216 ], [ -99.015361825066549, 19.245934910514901 ], [ -99.015083282862761, 19.246341130644574 ], [ -99.014228693031811, 19.24602359780646 ], [ -99.013734062431993, 19.24583980964012 ], [ -99.013654484345921, 19.246221855390093 ], [ -99.013688020457337, 19.24641685235768 ], [ -99.013612639542345, 19.246890428111151 ], [ -99.013566576903386, 19.247224716315191 ], [ -99.013507928693059, 19.24737196513767 ], [ -99.01339653148537, 19.247481197337983 ], [ -99.01321179411643, 19.247684715508058 ], [ -99.013021928182155, 19.247905264153243 ], [ -99.012917592960619, 19.24835565773013 ], [ -99.012287011381773, 19.248147922073443 ], [ -99.012115455294463, 19.248506454278136 ], [ -99.011454845786119, 19.248278347244515 ], [ -99.011144382346444, 19.248200738659627 ], [ -99.011137932994302, 19.248129878271651 ], [ -99.011155179797015, 19.24791310645697 ], [ -99.011126385396921, 19.247536947165838 ], [ -99.010901014361139, 19.247324743958853 ], [ -99.010905803830227, 19.247243682330744 ], [ -99.010843626477794, 19.247115622260434 ], [ -99.010886181527255, 19.247069991935152 ], [ -99.01110610195596, 19.246834178211753 ], [ -99.011138027157287, 19.24679994574916 ], [ -99.011631774218671, 19.246270512638741 ], [ -99.011692052162132, 19.246205877722566 ], [ -99.012066685569195, 19.245804163707316 ], [ -99.012107234250891, 19.245760683774826 ], [ -99.012640263869443, 19.245189118638361 ], [ -99.012717173887964, 19.245106647931955 ], [ -99.012957739588686, 19.244848688293597 ], [ -99.013003577161939, 19.24479953633811 ], [ -99.013506696812854, 19.244260034866894 ], [ -99.01355201296704, 19.244211441547563 ], [ -99.013781422139829, 19.243965441390856 ], [ -99.013822675522334, 19.243921204434592 ], [ -99.014098343925227, 19.243625597977513 ], [ -99.014153272921305, 19.243566695997458 ], [ -99.014396961433206, 19.243305380920528 ], [ -99.014677075634211, 19.24300500396734 ], [ -99.016212957336137, 19.241357993267069 ], [ -99.016238062749778, 19.241331070964488 ] ] ] ] } },
{ "type": "Feature", "properties": { "id": 1316.0, "entidad": 9, "distrito_f": 5, "distrito_l": 19, "municipio": 13, "seccion": 4127, "tipo": 2, "control": 36442.0, "SECCION_TX": "4127", "SECCION__1": null, "SECCION__2": null, "SECCION_N": "4127", "ESTATUS": "COMPLETA", "ALCALDIA_N": "XOCHIMILCO", "EN_OPERATI": null, "EN_OP": "SI", "SEC_N": "4127", "EST": "COMPLETA", "ALC_N": "XOCHIMILCO", "OP": "SI", "NOMBRE": "EL MIRADOR" }, "geometry": { "type": "MultiPolygon", "coordinates": [ [ [ [ -99.142906665690006, 19.269386797646774 ], [ -99.142832313569727, 19.269365729252371 ], [ -99.142382702243438, 19.269270754103271 ], [ -99.142269236118025, 19.269279131636178 ], [ -99.1403558286802, 19.268779937240698 ], [ -99.140315830005534, 19.2688620363955 ], [ -99.139852274477988, 19.268727029722797 ], [ -99.139449345988012, 19.268672047601914 ], [ -99.138779225950316, 19.26844253201774 ], [ -99.138336089412689, 19.268256360698963 ], [ -99.137941004794015, 19.268121959591166 ], [ -99.137653279324297, 19.268102047060385 ], [ -99.136995561403367, 19.268056545011895 ], [ -99.136765346130176, 19.267932766349251 ], [ -99.136568471594302, 19.267785926878176 ], [ -99.136232120613656, 19.267108544492512 ], [ -99.136214781561222, 19.267012598454965 ], [ -99.13616173441298, 19.266870791505983 ], [ -99.135812903948306, 19.266501382904888 ], [ -99.135668904731475, 19.266250389544044 ], [ -99.135195892961846, 19.266323610077528 ], [ -99.134994010642558, 19.266354860347747 ], [ -99.134733212013103, 19.266419735531677 ], [ -99.13456313656296, 19.266462042566527 ], [ -99.134148674001622, 19.266494733995067 ], [ -99.133784774585777, 19.266587782765281 ], [ -99.132986145514963, 19.266739402974888 ], [ -99.132449016526536, 19.266834789760427 ], [ -99.132579937737106, 19.266497875130078 ], [ -99.13320839824101, 19.266088609665061 ], [ -99.132575491673464, 19.266045427335829 ], [ -99.132543283500794, 19.265511101619524 ], [ -99.133146969075312, 19.265531999392799 ], [ -99.133750654789594, 19.265552895172064 ], [ -99.135363364695905, 19.26560870718173 ], [ -99.135273037438296, 19.265200039694669 ], [ -99.135245390733616, 19.265074957322923 ], [ -99.135091864534203, 19.264808152216787 ], [ -99.134937229614408, 19.264577375252639 ], [ -99.135274449172726, 19.264468626019145 ], [ -99.135456723573284, 19.264491741112934 ], [ -99.136365452989466, 19.264700315894782 ], [ -99.136612268715723, 19.263824380960834 ], [ -99.135959312119283, 19.263698284126686 ], [ -99.136143743029606, 19.263039396305501 ], [ -99.135624054336887, 19.262882198955623 ], [ -99.13568100645503, 19.262672906500196 ], [ -99.135433190495931, 19.262334673165892 ], [ -99.135530809672034, 19.261960017110589 ], [ -99.134415280343134, 19.261650840018927 ], [ -99.134510354001449, 19.261488019928326 ], [ -99.134249157911071, 19.261415878420991 ], [ -99.134224733063334, 19.261485646431769 ], [ -99.133201595143234, 19.26105239390516 ], [ -99.133076227551669, 19.260755401447266 ], [ -99.133030695686983, 19.260587090221598 ], [ -99.132953254918348, 19.260284874585434 ], [ -99.13289059438587, 19.259934035297665 ], [ -99.132926062201349, 19.259636369912684 ], [ -99.133014590666946, 19.258522526289912 ], [ -99.133231060384745, 19.25764638976003 ], [ -99.133861819604334, 19.257766685111971 ], [ -99.134183071126969, 19.257831420177762 ], [ -99.134233035361845, 19.2581503764236 ], [ -99.134204553884047, 19.258342169267117 ], [ -99.134151584530741, 19.258531402086085 ], [ -99.134159523883127, 19.258868684538719 ], [ -99.134180129901679, 19.259072498303688 ], [ -99.134142013545286, 19.259329738888759 ], [ -99.134122404031899, 19.259454550803053 ], [ -99.134096259562952, 19.259620956536697 ], [ -99.134058204082621, 19.259953419600954 ], [ -99.134262985031199, 19.260416737379661 ], [ -99.134559559319328, 19.260647040146647 ], [ -99.134945504003525, 19.260806907026982 ], [ -99.135413129757453, 19.26086722474896 ], [ -99.135682803431493, 19.261006550574642 ], [ -99.137024684090349, 19.261574572263157 ], [ -99.13755317111638, 19.261079162739591 ], [ -99.137790777863614, 19.261061998150947 ], [ -99.138181704615192, 19.261064129749094 ], [ -99.138565096631822, 19.261221564355175 ], [ -99.138739186025546, 19.261631516500916 ], [ -99.138915770062312, 19.261968670569907 ], [ -99.139053727880466, 19.261949153465256 ], [ -99.139278392318502, 19.261733021063645 ], [ -99.139982490167355, 19.26193873882065 ], [ -99.141135530585501, 19.262271862913021 ], [ -99.141665389606885, 19.262381498503149 ], [ -99.142095971351793, 19.262439401247967 ], [ -99.142276593248539, 19.26244097149317 ], [ -99.142354796939074, 19.26320840362694 ], [ -99.142459721458621, 19.263400017987305 ], [ -99.142432105709389, 19.263967848071651 ], [ -99.14249863495769, 19.264079416727188 ], [ -99.142451102274023, 19.265253895298667 ], [ -99.142609572664753, 19.265314435078771 ], [ -99.142788530429982, 19.265428342425285 ], [ -99.143192321128154, 19.265520234885976 ], [ -99.143343227881942, 19.265697253473288 ], [ -99.143448334559977, 19.266095122248057 ], [ -99.143359250295077, 19.266468312594608 ], [ -99.143345358236132, 19.266562915032857 ], [ -99.143227116356741, 19.267337679783694 ], [ -99.143150478403314, 19.267357152050565 ], [ -99.143142664232172, 19.267430332495259 ], [ -99.143082704219736, 19.267991861510524 ], [ -99.143011358810682, 19.268557208107676 ], [ -99.142992489470927, 19.268706729590264 ], [ -99.142978248894323, 19.268819572371768 ], [ -99.142964485190575, 19.268928636252664 ], [ -99.142906665690006, 19.269386797646774 ] ] ] ] } },
{ "type": "Feature", "properties": { "id": 1218.0, "entidad": 9, "distrito_f": 5, "distrito_l": 19, "municipio": 13, "seccion": 4195, "tipo": 2, "control": 36418.0, "SECCION_TX": "4195", "SECCION__1": null, "SECCION__2": null, "SECCION_N": "4195", "ESTATUS": null, "ALCALDIA_N": "XOCHIMILCO", "EN_OPERATI": null, "EN_OP": "NO", "SEC_N": "4195", "EST": null, "ALC_N": "XOCHIMILCO", "OP": "NO", "NOMBRE": "EL MIRADOR" }, "geometry": { "type": "MultiPolygon", "coordinates": [ [ [ [ -99.128935823720042, 19.262189530420976 ], [ -99.128929874734183, 19.261910728964406 ], [ -99.128993480432257, 19.261714613018416 ], [ -99.129289015690503, 19.261486224006919 ], [ -99.129430419962674, 19.261376946696593 ], [ -99.129585140494626, 19.261221133615464 ], [ -99.129669939115345, 19.260950034042885 ], [ -99.129970093817533, 19.260754769170532 ], [ -99.130140469334464, 19.260643931389165 ], [ -99.130197954288192, 19.260606534486847 ], [ -99.130283377706832, 19.26055419744106 ], [ -99.130585712467379, 19.260368963008929 ], [ -99.130639714374581, 19.260335877029103 ], [ -99.130735087023183, 19.26027744388205 ], [ -99.130834373831178, 19.260231870072996 ], [ -99.13106275449033, 19.26012704037219 ], [ -99.131305758342663, 19.260015497975523 ], [ -99.131492481731982, 19.259929788829705 ], [ -99.131755220186349, 19.259809773335519 ], [ -99.131879283567301, 19.259753285577542 ], [ -99.132116111233159, 19.259767531660877 ], [ -99.13137019280579, 19.260977654683124 ], [ -99.131437063409592, 19.261072758789595 ], [ -99.131452306090807, 19.261150599593336 ], [ -99.131012518400098, 19.261718944637419 ], [ -99.130821204965386, 19.261672947209945 ], [ -99.130630371165182, 19.26223246287725 ], [ -99.131099454871929, 19.262384001311968 ], [ -99.13156853943363, 19.262535538535801 ], [ -99.131388801376218, 19.263091076173694 ], [ -99.130893893024492, 19.262920380242669 ], [ -99.13044303839068, 19.262752101088275 ], [ -99.129995782509127, 19.262585163705896 ], [ -99.129826106048455, 19.262521831922822 ], [ -99.12945845935451, 19.262384606988839 ], [ -99.129137712331271, 19.262264886666124 ], [ -99.128935823720042, 19.262189530420976 ] ] ] ] } },
{ "type": "Feature", "properties": { "id": 1221.0, "entidad": 9, "distrito_f": 5, "distrito_l": 19, "municipio": 13, "seccion": 4196, "tipo": 2, "control": 36410.0, "SECCION_TX": "4196", "SECCION__1": null, "SECCION__2": null, "SECCION_N": "4196", "ESTATUS": null, "ALCALDIA_N": "XOCHIMILCO", "EN_OPERATI": null, "EN_OP": "NO", "SEC_N": "4196", "EST": null, "ALC_N": "XOCHIMILCO", "OP": "NO", "NOMBRE": "EL MIRADOR" }, "geometry": { "type": "MultiPolygon", "coordinates": [ [ [ [ -99.132078185150377, 19.26810216534086 ], [ -99.131635510711334, 19.267997005413147 ], [ -99.131191668594411, 19.267891566883019 ], [ -99.13106949341028, 19.267862542899003 ], [ -99.130747827038476, 19.267786127270863 ], [ -99.130826049991029, 19.26742178080395 ], [ -99.130809159460455, 19.267362971229332 ], [ -99.130769457016669, 19.267142190862923 ], [ -99.130282778558851, 19.267215310475294 ], [ -99.130080349272134, 19.267163708393738 ], [ -99.130173836310618, 19.266390936041137 ], [ -99.130158712729852, 19.266225319667964 ], [ -99.130341390692379, 19.265126933247565 ], [ -99.13038187881908, 19.264408846997778 ], [ -99.130617351632935, 19.263654881104966 ], [ -99.130893893024492, 19.262920380242669 ], [ -99.131388801376218, 19.263091076173694 ], [ -99.131090179527803, 19.264021495199838 ], [ -99.130840906336005, 19.264268564503741 ], [ -99.130846678679134, 19.264924441921334 ], [ -99.131532053890197, 19.264908987149965 ], [ -99.131603881709182, 19.264936750582173 ], [ -99.131961112655645, 19.26507482963078 ], [ -99.132464672938184, 19.265269467187338 ], [ -99.132530246056817, 19.265294812559745 ], [ -99.132543283500794, 19.265511101619524 ], [ -99.132575491673464, 19.266045427335829 ], [ -99.13320839824101, 19.266088609665061 ], [ -99.132579937737106, 19.266497875130078 ], [ -99.132449016526536, 19.266834789760427 ], [ -99.132368714304747, 19.267109237167134 ], [ -99.13228841181845, 19.267383684531854 ], [ -99.132078185150377, 19.26810216534086 ] ] ] ] } },
{ "type": "Feature", "properties": { "id": 1232.0, "entidad": 9, "distrito_f": 5, "distrito_l": 19, "municipio": 13, "seccion": 4197, "tipo": 2, "control": 36443.0, "SECCION_TX": "4197", "SECCION__1": null, "SECCION__2": null, "SECCION_N": "4197", "ESTATUS": null, "ALCALDIA_N": "XOCHIMILCO", "EN_OPERATI": null, "EN_OP": "NO", "SEC_N": "4197", "EST": null, "ALC_N": "XOCHIMILCO", "OP": "NO", "NOMBRE": "EL MIRADOR" }, "geometry": { "type": "MultiPolygon", "coordinates": [ [ [ [ -99.131982546647635, 19.263938864340478 ], [ -99.132409797481387, 19.264158139034901 ], [ -99.132414808605915, 19.263623384875807 ], [ -99.132980723673199, 19.263759891041033 ], [ -99.133075556089068, 19.263294821587113 ], [ -99.133461924057357, 19.263415956819678 ], [ -99.133445968563905, 19.263868052242564 ], [ -99.133361934224624, 19.264229780552821 ], [ -99.134937229614408, 19.264577375252639 ], [ -99.135091864534203, 19.264808152216787 ], [ -99.135245390733616, 19.265074957322923 ], [ -99.135273037438296, 19.265200039694669 ], [ -99.135363364695905, 19.26560870718173 ], [ -99.133750654789594, 19.265552895172064 ], [ -99.133146969075312, 19.265531999392799 ], [ -99.132543283500794, 19.265511101619524 ], [ -99.132530246056817, 19.265294812559745 ], [ -99.132464672938184, 19.265269467187338 ], [ -99.131961112655645, 19.26507482963078 ], [ -99.131603881709168, 19.264936750582173 ], [ -99.131532053890197, 19.264908987149965 ], [ -99.130846678679134, 19.264924441921334 ], [ -99.130840906336005, 19.264268564503741 ], [ -99.131090179527803, 19.264021495199838 ], [ -99.131388801376218, 19.263091076173694 ], [ -99.13156853943363, 19.262535538535801 ], [ -99.132503963467911, 19.262861236158251 ], [ -99.1323758842736, 19.263125942812554 ], [ -99.131982546647635, 19.263938864340478 ] ] ] ] } },
{ "type": "Feature", "properties": { "id": 1339.0, "entidad": 9, "distrito_f": 5, "distrito_l": 19, "municipio": 13, "seccion": 4198, "tipo": 2, "control": 36425.0, "SECCION_TX": "4198", "SECCION__1": null, "SECCION__2": null, "SECCION_N": "4198", "ESTATUS": "COMPLETA", "ALCALDIA_N": "XOCHIMILCO", "EN_OPERATI": null, "EN_OP": "SI", "SEC_N": "4198", "EST": "COMPLETA", "ALC_N": "XOCHIMILCO", "OP": "SI", "NOMBRE": "EL MIRADOR" }, "geometry": { "type": "MultiPolygon", "coordinates": [ [ [ [ -99.132116111233159, 19.259767531660877 ], [ -99.132438953428206, 19.2598155293785 ], [ -99.132795546088815, 19.259909095713976 ], [ -99.13289059438587, 19.259934035297665 ], [ -99.132953254918348, 19.260284874585434 ], [ -99.133030695686983, 19.260587090221598 ], [ -99.133076227551669, 19.260755401447266 ], [ -99.133201595143234, 19.26105239390516 ], [ -99.134224733063334, 19.261485646431769 ], [ -99.134249157911071, 19.261415878420991 ], [ -99.134510354001449, 19.261488019928326 ], [ -99.134415280343134, 19.261650840018927 ], [ -99.135530809672034, 19.261960017110589 ], [ -99.135433190495931, 19.262334673165892 ], [ -99.13568100645503, 19.262672906500196 ], [ -99.135624054336887, 19.262882198955623 ], [ -99.136143743029606, 19.263039396305501 ], [ -99.135959312119283, 19.263698284126686 ], [ -99.136612268715723, 19.263824380960834 ], [ -99.136365452989466, 19.264700315894782 ], [ -99.135456723573284, 19.264491741112934 ], [ -99.135274449172726, 19.264468626019145 ], [ -99.134937229614408, 19.264577375252639 ], [ -99.133361934224624, 19.264229780552821 ], [ -99.133445968563905, 19.263868052242564 ], [ -99.133461924057357, 19.263415956819678 ], [ -99.133075556089068, 19.263294821587113 ], [ -99.132980723673199, 19.263759891041033 ], [ -99.132414808605915, 19.263623384875807 ], [ -99.132409797481387, 19.264158139034901 ], [ -99.131982546647635, 19.263938864340478 ], [ -99.1323758842736, 19.263125942812554 ], [ -99.132503963467911, 19.262861236158251 ], [ -99.13156853943363, 19.262535538535801 ], [ -99.131099454871944, 19.262384001311876 ], [ -99.130630371165182, 19.26223246287725 ], [ -99.130821204965386, 19.261672947209945 ], [ -99.131012518400098, 19.261718944637419 ], [ -99.131452306090807, 19.261150599593336 ], [ -99.131437063409592, 19.261072758789595 ], [ -99.13137019280579, 19.260977654683124 ], [ -99.132116111233159, 19.259767531660877 ] ] ] ] } },
{ "type": "Feature", "properties": { "id": 1341.0, "entidad": 9, "distrito_f": 5, "distrito_l": 19, "municipio": 13, "seccion": 4200, "tipo": 2, "control": 36462.0, "SECCION_TX": "4200", "SECCION__1": null, "SECCION__2": null, "SECCION_N": "4200", "ESTATUS": "COMPLETA", "ALCALDIA_N": "XOCHIMILCO", "EN_OPERATI": null, "EN_OP": "SI", "SEC_N": "4200", "EST": "COMPLETA", "ALC_N": "XOCHIMILCO", "OP": "SI", "NOMBRE": "EL MIRADOR" }, "geometry": { "type": "MultiPolygon", "coordinates": [ [ [ [ -99.13289059438587, 19.259934035297665 ], [ -99.132795546088815, 19.259909095713976 ], [ -99.132438953428206, 19.2598155293785 ], [ -99.132116111233159, 19.259767531660877 ], [ -99.131879283567301, 19.259753285577542 ], [ -99.131755220186349, 19.259809773335519 ], [ -99.131492481731982, 19.259929788829705 ], [ -99.131305758342663, 19.260015497975523 ], [ -99.13106275449033, 19.26012704037219 ], [ -99.130834373831178, 19.260231870072996 ], [ -99.130735087023183, 19.26027744388205 ], [ -99.130639714374581, 19.260335877029103 ], [ -99.130585712467379, 19.260368963008929 ], [ -99.130283377706832, 19.26055419744106 ], [ -99.130197954288192, 19.260606534486847 ], [ -99.130140469334464, 19.260643931389165 ], [ -99.13062436931817, 19.25821401800637 ], [ -99.13083024715425, 19.25718017644056 ], [ -99.130938483187279, 19.256856234293807 ], [ -99.131052714553547, 19.256231734235147 ], [ -99.131138140645731, 19.2557810523626 ], [ -99.131211813958956, 19.255392372557061 ], [ -99.131285486930906, 19.255003692707319 ], [ -99.130835440180618, 19.25489714319712 ], [ -99.130659929678032, 19.254429206963451 ], [ -99.130587799841351, 19.254337407557998 ], [ -99.130247907933693, 19.254055226182825 ], [ -99.129537190473187, 19.25367018380329 ], [ -99.129471373100159, 19.253652215555334 ], [ -99.128824035254965, 19.253475489815308 ], [ -99.128343210336041, 19.253361803167692 ], [ -99.128245111542938, 19.253338608431715 ], [ -99.128036438294146, 19.253025868043117 ], [ -99.128430359608529, 19.251745324300007 ], [ -99.128995281315383, 19.251908365330394 ], [ -99.129059132501837, 19.251742786508604 ], [ -99.12976129480036, 19.251963976235928 ], [ -99.130131827003041, 19.252080697089898 ], [ -99.130837796062963, 19.252303080917482 ], [ -99.130725955900687, 19.252722037092763 ], [ -99.130644221410051, 19.253028215250893 ], [ -99.130679675610807, 19.253223058791427 ], [ -99.130761349879862, 19.253277479902206 ], [ -99.130955549473541, 19.253340201924637 ], [ -99.131118818451384, 19.253348466445061 ], [ -99.131520375872512, 19.252890450643807 ], [ -99.133415840609231, 19.253740734236139 ], [ -99.133380694390397, 19.253868650638605 ], [ -99.133369675504255, 19.254136854433408 ], [ -99.133371215565447, 19.254188785115041 ], [ -99.133134730117334, 19.255339701442256 ], [ -99.133071038813085, 19.255700150283747 ], [ -99.133442057881268, 19.255753780575102 ], [ -99.133662391146174, 19.255785629069553 ], [ -99.13362730956564, 19.25605595655783 ], [ -99.133536865502819, 19.256072785506944 ], [ -99.133505730729411, 19.25623299942151 ], [ -99.133424621382204, 19.256650371983635 ], [ -99.133381780894908, 19.256870819747917 ], [ -99.133301956673094, 19.257281576125045 ], [ -99.133231060384745, 19.25764638976003 ], [ -99.133014590666946, 19.258522526289912 ], [ -99.132926062201349, 19.259636369912684 ], [ -99.13289059438587, 19.259934035297665 ] ] ] ] } },
{ "type": "Feature", "properties": { "id": 1342.0, "entidad": 9, "distrito_f": 5, "distrito_l": 19, "municipio": 13, "seccion": 4201, "tipo": 2, "control": 36455.0, "SECCION_TX": "4201", "SECCION__1": null, "SECCION__2": null, "SECCION_N": "4201", "ESTATUS": "COMPLETA", "ALCALDIA_N": "XOCHIMILCO", "EN_OPERATI": null, "EN_OP": "SI", "SEC_N": "4201", "EST": "COMPLETA", "ALC_N": "XOCHIMILCO", "OP": "SI", "NOMBRE": "EL MIRADOR" }, "geometry": { "type": "MultiPolygon", "coordinates": [ [ [ [ -99.123852285722933, 19.259215440403263 ], [ -99.122687234208712, 19.256947848311761 ], [ -99.122394285486877, 19.256369149557937 ], [ -99.122139040463637, 19.255864927954295 ], [ -99.122505432627889, 19.256065837904558 ], [ -99.124813012969369, 19.255808643665414 ], [ -99.12497437581888, 19.255813817873513 ], [ -99.125351591864955, 19.25582591300266 ], [ -99.125719683012264, 19.255837714797504 ], [ -99.126503264154195, 19.25586283562383 ], [ -99.126730387312691, 19.255870116335711 ], [ -99.127136868906391, 19.255883145896927 ], [ -99.127550381279988, 19.255896399897193 ], [ -99.127724534403512, 19.255901981615462 ], [ -99.127828331984574, 19.25590530831483 ], [ -99.127908286930676, 19.255907870820575 ], [ -99.128029229875253, 19.255911746899258 ], [ -99.128230127780213, 19.255918185262864 ], [ -99.128759501758822, 19.255935149548129 ], [ -99.128831756385523, 19.255937464896274 ], [ -99.129150681099844, 19.255947684270065 ], [ -99.131052714553547, 19.256231734235147 ], [ -99.130938483187279, 19.256856234293807 ], [ -99.13083024715425, 19.25718017644056 ], [ -99.13062436931817, 19.25821401800637 ], [ -99.130140469334464, 19.260643931389165 ], [ -99.129970093817533, 19.260754769170532 ], [ -99.129669939115345, 19.260950034042885 ], [ -99.129585140494626, 19.261221133615464 ], [ -99.129430419962674, 19.261376946696593 ], [ -99.129289015690503, 19.261486224006919 ], [ -99.128993480432257, 19.261714613018416 ], [ -99.128929874734183, 19.261910728964406 ], [ -99.128935823720042, 19.262189530420976 ], [ -99.128590892800247, 19.263235312834674 ], [ -99.128488028455408, 19.26356085610437 ], [ -99.128257715085212, 19.263800080518521 ], [ -99.128178875625039, 19.263820297712858 ], [ -99.128113541893981, 19.263012560336321 ], [ -99.128002436386794, 19.262708729511342 ], [ -99.127586192831316, 19.262084452219796 ], [ -99.127172662207215, 19.261706649151591 ], [ -99.126382892875142, 19.261192868463421 ], [ -99.126282543784811, 19.261034589875077 ], [ -99.125624422193425, 19.260586697585556 ], [ -99.125491085645251, 19.26051610572457 ], [ -99.125378257855459, 19.260307498165865 ], [ -99.123852285722933, 19.259215440403263 ] ] ] ] } },
{ "type": "Feature", "properties": { "id": 1365.0, "entidad": 9, "distrito_f": 5, "distrito_l": 19, "municipio": 13, "seccion": 4267, "tipo": 2, "control": 36406.0, "SECCION_TX": "4267", "SECCION__1": null, "SECCION__2": null, "SECCION_N": "4267", "ESTATUS": null, "ALCALDIA_N": "XOCHIMILCO", "EN_OPERATI": null, "EN_OP": "NO", "SEC_N": "4267", "EST": null, "ALC_N": "XOCHIMILCO", "OP": "NO", "NOMBRE": "EL MIRADOR" }, "geometry": { "type": "MultiPolygon", "coordinates": [ [ [ [ -99.127597218357877, 19.266361213816893 ], [ -99.127548442672506, 19.266309294918329 ], [ -99.127785809420104, 19.265249181745716 ], [ -99.127899271450303, 19.264739090898132 ], [ -99.128103606806377, 19.264067635830646 ], [ -99.128178875625039, 19.263820297712858 ], [ -99.128257715085212, 19.263800080518521 ], [ -99.128488028455408, 19.26356085610437 ], [ -99.128590892800247, 19.263235312834674 ], [ -99.128935823720042, 19.262189530420976 ], [ -99.129137712331271, 19.262264886666124 ], [ -99.12945845935451, 19.262384606988839 ], [ -99.129826106048455, 19.262521831922822 ], [ -99.129995782509127, 19.262585163705896 ], [ -99.13044303839068, 19.262752101088275 ], [ -99.130893893024492, 19.262920380242669 ], [ -99.130617351632935, 19.263654881104966 ], [ -99.13038187881908, 19.264408846997778 ], [ -99.130341390692379, 19.265126933247565 ], [ -99.130158712729852, 19.266225319667964 ], [ -99.130173836310618, 19.266390936041137 ], [ -99.129542648821555, 19.266388974649981 ], [ -99.129152377885632, 19.26641330025376 ], [ -99.128735530745388, 19.266439281425903 ], [ -99.128646300258183, 19.266444842842816 ], [ -99.128083844176473, 19.266321440181269 ], [ -99.127752142380032, 19.26628488641386 ], [ -99.127597218357877, 19.266361213816893 ] ] ] ] } },
{ "type": "Feature", "properties": { "id": 1337.0, "entidad": 9, "distrito_f": 5, "distrito_l": 19, "municipio": 13, "seccion": 4193, "tipo": 2, "control": 36465.0, "SECCION_TX": "4193", "SECCION__1": null, "SECCION__2": null, "SECCION_N": "4193", "ESTATUS": null, "ALCALDIA_N": "XOCHIMILCO", "EN_OPERATI": null, "EN_OP": "NO", "SEC_N": "4193", "EST": null, "ALC_N": "XOCHIMILCO", "OP": "NO", "NOMBRE": "EL ENCANTO" }, "geometry": { "type": "MultiPolygon", "coordinates": [ [ [ [ -99.128178875625039, 19.263820297712858 ], [ -99.128103606806377, 19.264067635830646 ], [ -99.127899271450303, 19.264739090898132 ], [ -99.127785809420104, 19.265249181745716 ], [ -99.127548442672506, 19.266309294918329 ], [ -99.127597218357877, 19.266361213816893 ], [ -99.128182479020523, 19.267161476274794 ], [ -99.128650012796868, 19.267800756596031 ], [ -99.128367867069173, 19.267990188813375 ], [ -99.128013312546727, 19.267598828313002 ], [ -99.127493315190051, 19.267996057220401 ], [ -99.128058485733703, 19.268747341384135 ], [ -99.128419425594799, 19.269104876102986 ], [ -99.127563101588137, 19.26859264691387 ], [ -99.126663231269802, 19.266596472943004 ], [ -99.126581117364523, 19.266479869699509 ], [ -99.126515424784387, 19.266338527407267 ], [ -99.126108830137241, 19.265421278902249 ], [ -99.126050926007196, 19.265028587580215 ], [ -99.125899126814176, 19.263999114196185 ], [ -99.125811633576959, 19.263405745552763 ], [ -99.125506117806765, 19.262575932020756 ], [ -99.125347334617487, 19.262144656323521 ], [ -99.123852285722933, 19.259215440403263 ], [ -99.125378257855459, 19.260307498165865 ], [ -99.125491085645251, 19.26051610572457 ], [ -99.125624422193425, 19.260586697585556 ], [ -99.126282543784811, 19.261034589875077 ], [ -99.126382892875142, 19.261192868463421 ], [ -99.127172662207215, 19.261706649151591 ], [ -99.127586192831316, 19.262084452219796 ], [ -99.128002436386794, 19.262708729511342 ], [ -99.128113541893981, 19.263012560336321 ], [ -99.128178875625039, 19.263820297712858 ] ] ] ] } },
{ "type": "Feature", "properties": { "id": 1340.0, "entidad": 9, "distrito_f": 5, "distrito_l": 19, "municipio": 13, "seccion": 4199, "tipo": 2, "control": 37038.0, "SECCION_TX": "4199", "SECCION__1": null, "SECCION__2": null, "SECCION_N": "4199", "ESTATUS": null, "ALCALDIA_N": "XOCHIMILCO", "EN_OPERATI": null, "EN_OP": "NO", "SEC_N": "4199", "EST": null, "ALC_N": "XOCHIMILCO", "OP": "NO", "NOMBRE": "MOYOCALCO" }, "geometry": { "type": "MultiPolygon", "coordinates": [ [ [ [ -99.141770475283394, 19.248950823394289 ], [ -99.141739655385209, 19.249191460515238 ], [ -99.141764284148692, 19.249465247553559 ], [ -99.141733373320747, 19.249623236561845 ], [ -99.141702457010268, 19.249774906964269 ], [ -99.141534247430883, 19.250158365686016 ], [ -99.14131284487037, 19.25057767074021 ], [ -99.141155548781668, 19.250758925404451 ], [ -99.140903022154006, 19.251089793530195 ], [ -99.140672611586524, 19.251351139682722 ], [ -99.140482049571546, 19.251532419333135 ], [ -99.140468838782255, 19.251644058100588 ], [ -99.140422347314455, 19.251736766606321 ], [ -99.140375846837685, 19.251818944104443 ], [ -99.140198591580372, 19.252002319445999 ], [ -99.140183141455751, 19.252088685499697 ], [ -99.140141188716171, 19.252303550073549 ], [ -99.140145763506837, 19.25246783019352 ], [ -99.140181324544727, 19.25256047576362 ], [ -99.14017917309026, 19.252638406821504 ], [ -99.140148240495677, 19.252773227333208 ], [ -99.140103969760148, 19.252870146448771 ], [ -99.140055313717241, 19.253026042514687 ], [ -99.139948930688277, 19.253101947125426 ], [ -99.139909159339723, 19.253274685954427 ], [ -99.139802811768362, 19.253392714454446 ], [ -99.139734096483082, 19.253430678550508 ], [ -99.139665381166083, 19.253468642620891 ], [ -99.139550305138542, 19.253755173640709 ], [ -99.139484070781748, 19.254104853349595 ], [ -99.139484346723421, 19.254431314127228 ], [ -99.139395848022076, 19.254677806963009 ], [ -99.139453706922069, 19.254913657246508 ], [ -99.139551655249818, 19.255351672098747 ], [ -99.139782663710804, 19.255787479052689 ], [ -99.139960355802998, 19.256113804115117 ], [ -99.140040308983941, 19.25625064589088 ], [ -99.140160118240203, 19.256313740117459 ], [ -99.14037086035907, 19.256385189309078 ], [ -99.140552803075863, 19.256492465774791 ], [ -99.140617184560782, 19.256572451871342 ], [ -99.140717166085864, 19.256789313515522 ], [ -99.14080605934501, 19.257006183633784 ], [ -99.140810559466317, 19.257082003340667 ], [ -99.140757377619281, 19.257132593050432 ], [ -99.140615499965847, 19.257197994340487 ], [ -99.140475841702127, 19.257265500015496 ], [ -99.140418208140019, 19.257297137252767 ], [ -99.140280810399815, 19.257415189823341 ], [ -99.140214363176653, 19.257514232127313 ], [ -99.140176747949283, 19.25761535851359 ], [ -99.140154667421044, 19.257729110183728 ], [ -99.140176948368421, 19.257851252656479 ], [ -99.140261336228434, 19.257985984706455 ], [ -99.140381254359156, 19.258175450623732 ], [ -99.140541064892361, 19.258333292827196 ], [ -99.140787422764276, 19.258556360457604 ], [ -99.140940573670818, 19.258705782631743 ], [ -99.141060421073462, 19.258811000185862 ], [ -99.141251210797606, 19.258886676107167 ], [ -99.141384328825538, 19.258949759222602 ], [ -99.141584098242802, 19.259151799772312 ], [ -99.141814865780319, 19.259294842505081 ], [ -99.141948227192415, 19.259640155620275 ], [ -99.142032628298679, 19.259787523994113 ], [ -99.14224120513353, 19.259913733815019 ], [ -99.142245709635091, 19.25999376585176 ], [ -99.14230793370858, 19.260141151336192 ], [ -99.142387892622679, 19.260280098197683 ], [ -99.142428386763783, 19.26094562531636 ], [ -99.142353222882292, 19.26122370198928 ], [ -99.142140796805037, 19.261779903494116 ], [ -99.142234349968604, 19.26225161910061 ], [ -99.142276593248539, 19.26244097149317 ], [ -99.142095971351793, 19.262439401247967 ], [ -99.141665389606885, 19.262381498503149 ], [ -99.141135530585501, 19.262271862913021 ], [ -99.139982490167355, 19.26193873882065 ], [ -99.139278392318502, 19.261733021063645 ], [ -99.139053727880466, 19.261949153465256 ], [ -99.138915770062312, 19.261968670569907 ], [ -99.138739186025546, 19.261631516500916 ], [ -99.138565096631822, 19.261221564355175 ], [ -99.138181704615192, 19.261064129749094 ], [ -99.137790777863614, 19.261061998150947 ], [ -99.13755317111638, 19.261079162739591 ], [ -99.137024684090349, 19.261574572263157 ], [ -99.135682803431493, 19.261006550574642 ], [ -99.135413129757453, 19.26086722474896 ], [ -99.134945504003525, 19.260806907026982 ], [ -99.134559559319328, 19.260647040146647 ], [ -99.134262985031199, 19.260416737379661 ], [ -99.134058204082621, 19.259953419600954 ], [ -99.134096259562952, 19.259620956536697 ], [ -99.134122404031899, 19.259454550803053 ], [ -99.134142013545286, 19.259329738888759 ], [ -99.134180129901679, 19.259072498303688 ], [ -99.134159523883127, 19.258868684538719 ], [ -99.134151584530741, 19.258531402086085 ], [ -99.134204553884047, 19.258342169267117 ], [ -99.134233035361845, 19.2581503764236 ], [ -99.134183071126969, 19.257831420177762 ], [ -99.133861819604334, 19.257766685111971 ], [ -99.133231060384745, 19.25764638976003 ], [ -99.133301956673094, 19.257281576125045 ], [ -99.133381780894908, 19.256870819747917 ], [ -99.133424621382204, 19.256650371983635 ], [ -99.133505730729411, 19.25623299942151 ], [ -99.133536865502819, 19.256072785506944 ], [ -99.13362730956564, 19.25605595655783 ], [ -99.133662391146174, 19.255785629069553 ], [ -99.133442057881268, 19.255753780575102 ], [ -99.133071038813085, 19.255700150283747 ], [ -99.133134730117334, 19.255339701442256 ], [ -99.133371215565447, 19.254188785115041 ], [ -99.133369675504255, 19.254136854433408 ], [ -99.133380694390397, 19.253868650638605 ], [ -99.133415840609231, 19.253740734236139 ], [ -99.131520375872512, 19.252890450643807 ], [ -99.131118818451384, 19.253348466445061 ], [ -99.130955549473541, 19.253340201924637 ], [ -99.130761349879862, 19.253277479902206 ], [ -99.130679675610807, 19.253223058791427 ], [ -99.130644221410051, 19.253028215250893 ], [ -99.130725955900687, 19.252722037092763 ], [ -99.130837796062963, 19.252303080917482 ], [ -99.130131827003041, 19.252080697089898 ], [ -99.12976129480036, 19.251963976235928 ], [ -99.129059132501837, 19.251742786508604 ], [ -99.128995281315383, 19.251908365330394 ], [ -99.128430359608529, 19.251745324300007 ], [ -99.128263443374465, 19.251626932259313 ], [ -99.128121134184411, 19.251386413806856 ], [ -99.128097718859493, 19.251016538934845 ], [ -99.128167132025055, 19.250940357677393 ], [ -99.128231915692794, 19.250814134466143 ], [ -99.128037243433454, 19.250779058373737 ], [ -99.127907405123224, 19.250682315035803 ], [ -99.127891793419394, 19.25047105144662 ], [ -99.128005901380774, 19.250203944156073 ], [ -99.127862940010843, 19.250150897359021 ], [ -99.127789559592486, 19.250113129955274 ], [ -99.127678248128049, 19.250001701663496 ], [ -99.127594754421025, 19.249904925748481 ], [ -99.127526620313617, 19.249693698723494 ], [ -99.127519045157328, 19.249542762250567 ], [ -99.127484440419394, 19.249401130972807 ], [ -99.127393473905258, 19.249312323566258 ], [ -99.127195619050767, 19.249154005298326 ], [ -99.127067603418368, 19.248992138984359 ], [ -99.126657511283568, 19.248473604989854 ], [ -99.126580231815566, 19.248420839821129 ], [ -99.126725892097753, 19.248037897147793 ], [ -99.126997531690691, 19.247313420883735 ], [ -99.127036746275294, 19.247092134621401 ], [ -99.127075960756571, 19.24687084834591 ], [ -99.127033752800742, 19.246788153587435 ], [ -99.126878877470432, 19.246491856653826 ], [ -99.126877207140694, 19.246426561974431 ], [ -99.126880034832737, 19.246374979643157 ], [ -99.12705542341169, 19.245966314044484 ], [ -99.127240406080134, 19.245705499645958 ], [ -99.12745431318514, 19.245413178473189 ], [ -99.12772373169831, 19.245220967079 ], [ -99.128043540541441, 19.245152159801908 ], [ -99.128350349979456, 19.245060509070814 ], [ -99.128579307020601, 19.244836320857825 ], [ -99.128781241964603, 19.244528941150985 ], [ -99.128842809944032, 19.244415680408231 ], [ -99.128882184174159, 19.244343247297895 ], [ -99.129070444580975, 19.243786246213482 ], [ -99.129272492592364, 19.243626083957018 ], [ -99.129527669560716, 19.243570973086786 ], [ -99.129631856628848, 19.24357089932796 ], [ -99.129775465830093, 19.243570797563308 ], [ -99.129862247063826, 19.243662668289396 ], [ -99.129939721698321, 19.244041341116876 ], [ -99.13007488691467, 19.244175632393173 ], [ -99.129732263587741, 19.246029809045094 ], [ -99.130073146201937, 19.246047892626105 ], [ -99.130356068430231, 19.245968280679048 ], [ -99.130645363847265, 19.245815361606635 ], [ -99.130966767572673, 19.24560133398656 ], [ -99.131275385274876, 19.245485051161175 ], [ -99.131526124366033, 19.245374917930782 ], [ -99.131770509679967, 19.245362525120093 ], [ -99.131950595120671, 19.245368503886901 ], [ -99.132162788920198, 19.24531337417665 ], [ -99.132477870981447, 19.245239844240867 ], [ -99.132773628962866, 19.245129676713098 ], [ -99.132973013417228, 19.245141748985439 ], [ -99.133159589211758, 19.24522102398722 ], [ -99.133352497955116, 19.245178123952861 ], [ -99.133571097761219, 19.245092445387186 ], [ -99.133860398542495, 19.244951738261111 ], [ -99.13404047367878, 19.244945497958206 ], [ -99.13420128926154, 19.244982031181749 ], [ -99.134542185079141, 19.245018431974351 ], [ -99.134992460399758, 19.24510972809076 ], [ -99.135680699537858, 19.245200846840817 ], [ -99.135932008618454, 19.244852765736699 ], [ -99.135875285887153, 19.244360698999074 ], [ -99.137415025891059, 19.244796604657594 ], [ -99.137728692231818, 19.245027939825242 ], [ -99.138033116980111, 19.245396792079667 ], [ -99.138275405065741, 19.245541032414383 ], [ -99.138726115245774, 19.245738604642955 ], [ -99.138982492965155, 19.245893531365667 ], [ -99.139188880372657, 19.2460085776904 ], [ -99.139329090939654, 19.246220310953884 ], [ -99.140131194773971, 19.247431562636134 ], [ -99.140368599115803, 19.247897928537387 ], [ -99.140788231628889, 19.248213100811395 ], [ -99.141770475283394, 19.248950823394289 ] ] ] ] } },
{ "type": "Feature", "properties": { "id": 1357.0, "entidad": 9, "distrito_f": 5, "distrito_l": 19, "municipio": 13, "seccion": 4236, "tipo": 2, "control": 37013.0, "SECCION_TX": "4236", "SECCION__1": null, "SECCION__2": null, "SECCION_N": "4236", "ESTATUS": null, "ALCALDIA_N": "XOCHIMILCO", "EN_OPERATI": null, "EN_OP": "NO", "SEC_N": "4236", "EST": null, "ALC_N": "XOCHIMILCO", "OP": "NO", "NOMBRE": "MOYOCALCO" }, "geometry": { "type": "MultiPolygon", "coordinates": [ [ [ [ -99.124738053574973, 19.250811769518034 ], [ -99.123638342913083, 19.250802306992551 ], [ -99.123010913516595, 19.250796905277312 ], [ -99.12295341970281, 19.250796410189345 ], [ -99.121423434913794, 19.250783228619664 ], [ -99.121742298528048, 19.250431611486881 ], [ -99.121788327198701, 19.250330323275964 ], [ -99.121787737949333, 19.250027803958758 ], [ -99.121770204625776, 19.249200081719977 ], [ -99.122975550598966, 19.249210585802199 ], [ -99.123610997104208, 19.249216120253909 ], [ -99.124766335375597, 19.2492261770733 ], [ -99.12509653883437, 19.249229050039411 ], [ -99.126009286353664, 19.249236988384059 ], [ -99.125996661526116, 19.248887807198134 ], [ -99.12620054374905, 19.24884951991142 ], [ -99.126333345669181, 19.248784872164205 ], [ -99.126425967430364, 19.248699711502717 ], [ -99.126482704886712, 19.248597144402865 ], [ -99.126580231815566, 19.248420839821129 ], [ -99.126657511283568, 19.248473604989854 ], [ -99.127067603418368, 19.248992138984359 ], [ -99.127195619050767, 19.249154005298326 ], [ -99.127393473905258, 19.249312323566258 ], [ -99.127484440419394, 19.249401130972807 ], [ -99.127519045157328, 19.249542762250567 ], [ -99.127526620313617, 19.249693698723494 ], [ -99.127594754421025, 19.249904925748481 ], [ -99.127678248128049, 19.250001701663496 ], [ -99.127789559592486, 19.250113129955274 ], [ -99.127862940010843, 19.250150897359021 ], [ -99.128005901380774, 19.250203944156073 ], [ -99.127891793419394, 19.25047105144662 ], [ -99.127907405123224, 19.250682315035803 ], [ -99.128037243433454, 19.250779058373737 ], [ -99.128231915692794, 19.250814134466143 ], [ -99.128167132025055, 19.250940357677393 ], [ -99.128097718859493, 19.251016538934845 ], [ -99.128121134184411, 19.251386413806856 ], [ -99.128263443374465, 19.251626932259313 ], [ -99.128430359608529, 19.251745324300007 ], [ -99.128036438294146, 19.253025868043117 ], [ -99.128245111542938, 19.253338608431715 ], [ -99.128149325714261, 19.253351526686249 ], [ -99.128051555792808, 19.253333923304329 ], [ -99.127459058579888, 19.253227243541346 ], [ -99.127084189744309, 19.253159746938593 ], [ -99.126711277345862, 19.253092601781695 ], [ -99.126394563151067, 19.253035574814049 ], [ -99.126140326901677, 19.252995511962226 ], [ -99.125886090773548, 19.252955448756143 ], [ -99.12576544973534, 19.252938829628189 ], [ -99.125385268509817, 19.252886456521708 ], [ -99.124791896208862, 19.25280471293523 ], [ -99.124808579126764, 19.251796376746483 ], [ -99.124738053574973, 19.250811769518034 ] ] ] ] } },
{ "type": "Feature", "properties": { "id": 5338.0, "entidad": 9, "distrito_f": 21, "distrito_l": 25, "municipio": 13, "seccion": 4183, "tipo": 2, "control": 37065.0, "SECCION_TX": "4183", "SECCION__1": null, "SECCION__2": null, "SECCION_N": "4183", "ESTATUS": null, "ALCALDIA_N": "XOCHIMILCO", "EN_OPERATI": null, "EN_OP": "NO", "SEC_N": "4183", "EST": null, "ALC_N": "XOCHIMILCO", "OP": "NO", "NOMBRE": "TIRAS DE ZACAPA" }, "geometry": { "type": "MultiPolygon", "coordinates": [ [ [ [ -99.082217241235256, 19.258283319147804 ], [ -99.081937943298485, 19.258239688445279 ], [ -99.081661558174247, 19.258183208067784 ], [ -99.081496267284365, 19.258149430011724 ], [ -99.080816250539954, 19.258010463321259 ], [ -99.080590848094886, 19.25796439997481 ], [ -99.080092055871859, 19.257862465488063 ], [ -99.079979767320168, 19.257839517699949 ], [ -99.079336632579739, 19.257708082369046 ], [ -99.078648748579212, 19.257567499040469 ], [ -99.078398072549319, 19.257516267503302 ], [ -99.077955896817002, 19.257425897210805 ], [ -99.077862054961898, 19.257406718452462 ], [ -99.077193096145493, 19.257269997013708 ], [ -99.07734260960072, 19.256743345479549 ], [ -99.077391064489973, 19.256572665498336 ], [ -99.077480426970254, 19.256257889564154 ], [ -99.077536888442637, 19.25605900553461 ], [ -99.077635155061486, 19.255712862806007 ], [ -99.077759573497431, 19.255274598521069 ], [ -99.077799472915444, 19.255134052198954 ], [ -99.077909057386819, 19.25474803791117 ], [ -99.078134464044879, 19.253954030919587 ], [ -99.07861948172787, 19.252245503334901 ], [ -99.07883167802332, 19.251498007239213 ], [ -99.078992965210062, 19.250929842090112 ], [ -99.079048146149759, 19.250735455680314 ], [ -99.079072775377327, 19.250648693917871 ], [ -99.079160244397031, 19.25034056467819 ], [ -99.079237880567575, 19.250067072854957 ], [ -99.07928924013828, 19.249886146069468 ], [ -99.079373764306908, 19.249588387892324 ], [ -99.07944988859731, 19.249320219497644 ], [ -99.079489001899077, 19.249182431965494 ], [ -99.079510050333312, 19.249108282876957 ], [ -99.078241120617292, 19.247842502164264 ], [ -99.078731304613257, 19.247312970007389 ], [ -99.078779698087729, 19.247301457138335 ], [ -99.078854999014553, 19.247283542923537 ], [ -99.078905129200066, 19.247019156865132 ], [ -99.078936319930023, 19.246394399020406 ], [ -99.078937956000061, 19.246361628016089 ], [ -99.078939592069489, 19.246328857011633 ], [ -99.079222389118399, 19.246363606887744 ], [ -99.079354103024755, 19.246379791633444 ], [ -99.079800752619789, 19.246434674326878 ], [ -99.080210464911971, 19.246485017306188 ], [ -99.080827894204305, 19.246560881507655 ], [ -99.081292484007307, 19.24661796473616 ], [ -99.081905515258015, 19.246693284804483 ], [ -99.082587484384774, 19.246777072427605 ], [ -99.083591788730857, 19.246900457793839 ], [ -99.084011084514202, 19.246959551403975 ], [ -99.08448363080258, 19.247026148690971 ], [ -99.084809400190238, 19.247072059550987 ], [ -99.085227611216808, 19.247130997374015 ], [ -99.085163390123284, 19.247333316319185 ], [ -99.085100876368998, 19.247530256048833 ], [ -99.084726680895272, 19.248709089621673 ], [ -99.08415745814618, 19.250502286713516 ], [ -99.084137612528878, 19.250564804742346 ], [ -99.084391748409629, 19.250696717611948 ], [ -99.0840781739237, 19.251797848325126 ], [ -99.083970768362761, 19.252175004209946 ], [ -99.083862094973583, 19.252608258923509 ], [ -99.083689623108043, 19.253162240594527 ], [ -99.083541699709116, 19.253681665964837 ], [ -99.083324404292739, 19.2544446814357 ], [ -99.083299112608913, 19.254533490684473 ], [ -99.083066902155622, 19.255338360406729 ], [ -99.08294645053094, 19.255755857200352 ], [ -99.082840678956742, 19.256122469732205 ], [ -99.082730706987505, 19.256503639366439 ], [ -99.082478676007284, 19.257377187401371 ], [ -99.082392975212727, 19.257674227109899 ], [ -99.082228501056008, 19.258244292872739 ], [ -99.082217241235256, 19.258283319147804 ] ] ] ] } },
{ "type": "Feature", "properties": { "id": 5340.0, "entidad": 9, "distrito_f": 21, "distrito_l": 25, "municipio": 13, "seccion": 4184, "tipo": 2, "control": 36946.0, "SECCION_TX": "4184", "SECCION__1": null, "SECCION__2": null, "SECCION_N": "4184", "ESTATUS": null, "ALCALDIA_N": "XOCHIMILCO", "EN_OPERATI": null, "EN_OP": "NO", "SEC_N": "4184", "EST": null, "ALC_N": "XOCHIMILCO", "OP": "NO", "NOMBRE": "TIRAS DE ZACAPA" }, "geometry": { "type": "MultiPolygon", "coordinates": [ [ [ [ -99.092604326885493, 19.253098408002892 ], [ -99.092564494940419, 19.253248419828065 ], [ -99.092594261637771, 19.253295359676393 ], [ -99.092871663442821, 19.253732799975122 ], [ -99.093033613789643, 19.254195826201407 ], [ -99.09313193136029, 19.254476920960705 ], [ -99.093657035551985, 19.255273451803856 ], [ -99.093952450181121, 19.255721562330915 ], [ -99.094280983098358, 19.256054540600868 ], [ -99.09493586093248, 19.256710103492836 ], [ -99.095072236520778, 19.25684662078244 ], [ -99.095733883900735, 19.257508950954723 ], [ -99.096551763337686, 19.258327663652363 ], [ -99.096799550435847, 19.258575700850216 ], [ -99.096770075350491, 19.258637323200979 ], [ -99.096583074570319, 19.259028276867944 ], [ -99.096420193676508, 19.25936880256182 ], [ -99.096404791222952, 19.25940100350299 ], [ -99.096384566311301, 19.259662740984087 ], [ -99.096366488735143, 19.259896688375235 ], [ -99.096331262504819, 19.260352559827204 ], [ -99.096327491526765, 19.260401360850363 ], [ -99.096323720546536, 19.260450161873177 ], [ -99.096178565357718, 19.260849035895703 ], [ -99.096053076781857, 19.261193866100719 ], [ -99.095534775323415, 19.26108416540076 ], [ -99.09550937392865, 19.260705518484908 ], [ -99.095492288416779, 19.260450831589097 ], [ -99.095120148012342, 19.260313242788509 ], [ -99.095169061176449, 19.259919869903047 ], [ -99.095079967117073, 19.259810467172976 ], [ -99.094990873176044, 19.259701064397699 ], [ -99.094747564058309, 19.259402292350241 ], [ -99.094218512824668, 19.25902921886615 ], [ -99.094115967863658, 19.259429450244404 ], [ -99.094039478799573, 19.259727984563494 ], [ -99.093623441825798, 19.259622247775599 ], [ -99.093573038283779, 19.259810766795621 ], [ -99.093784969461353, 19.259885832648028 ], [ -99.093655784763556, 19.260163686890529 ], [ -99.093817752523194, 19.260430458645846 ], [ -99.093841122955325, 19.260455455066857 ], [ -99.094012904730747, 19.260639188166568 ], [ -99.09416550246651, 19.260799051428986 ], [ -99.093524019072305, 19.260659252667526 ], [ -99.092928658855968, 19.260520359065691 ], [ -99.092616625503254, 19.260450048532203 ], [ -99.092302301465111, 19.260379221238122 ], [ -99.091723220287719, 19.260248734086801 ], [ -99.091518128134538, 19.260202519193808 ], [ -99.091248327708158, 19.260141722320562 ], [ -99.091197053942551, 19.260130168717286 ], [ -99.091096824840292, 19.260107583081957 ], [ -99.090654381591406, 19.260007882147001 ], [ -99.090302985228789, 19.259928697026343 ], [ -99.090058701449379, 19.259848589217949 ], [ -99.090011591437147, 19.259833140418024 ], [ -99.089432290753294, 19.259643168945413 ], [ -99.089031572627732, 19.259511759149017 ], [ -99.087867920223374, 19.259130149750863 ], [ -99.088167220354023, 19.258579427804857 ], [ -99.088203551251283, 19.258512577491157 ], [ -99.088211273884596, 19.258487267032802 ], [ -99.088429686410194, 19.257771429981648 ], [ -99.088517144193219, 19.257484789285808 ], [ -99.087469416612237, 19.257384585433108 ], [ -99.087439406580103, 19.25738171520662 ], [ -99.086675664212962, 19.256996714865664 ], [ -99.08670339311233, 19.256924025896403 ], [ -99.087229008046904, 19.255546157770766 ], [ -99.085553245049837, 19.255114354072354 ], [ -99.08360059859497, 19.254611181922893 ], [ -99.083299112608913, 19.254533490684473 ], [ -99.083324404292739, 19.2544446814357 ], [ -99.083541699709116, 19.253681665964837 ], [ -99.083689623108043, 19.253162240594527 ], [ -99.083862094973583, 19.252608258923509 ], [ -99.083970768362761, 19.252175004209946 ], [ -99.0840781739237, 19.251797848325126 ], [ -99.084391748409629, 19.250696717611948 ], [ -99.084559285104916, 19.250756059466436 ], [ -99.084599062478006, 19.250770148667776 ], [ -99.084825396392006, 19.250850316246915 ], [ -99.084935386234733, 19.250889274571438 ], [ -99.085129340947461, 19.25095797298702 ], [ -99.085580415408586, 19.25111774174222 ], [ -99.085645990824531, 19.251134614032686 ], [ -99.086294098543505, 19.251301368086491 ], [ -99.086723334943485, 19.25141180646936 ], [ -99.086920512354908, 19.25146253792634 ], [ -99.087508601997598, 19.251613845108089 ], [ -99.087692572843622, 19.25166117776946 ], [ -99.088053942232293, 19.251754151528079 ], [ -99.088484011705077, 19.25186479949739 ], [ -99.088776849495261, 19.251940139931751 ], [ -99.089531911337929, 19.252134397508534 ], [ -99.089586832273952, 19.252148527082852 ], [ -99.091634508267248, 19.252675321591994 ], [ -99.092090894905596, 19.252874422607523 ], [ -99.0923172210057, 19.252973157928302 ], [ -99.092604326885493, 19.253098408002892 ] ] ] ] } },
{ "type": "Feature", "properties": { "id": 5339.0, "entidad": 9, "distrito_f": 21, "distrito_l": 25, "municipio": 13, "seccion": 4215, "tipo": 2, "control": 36942.0, "SECCION_TX": "4215", "SECCION__1": null, "SECCION__2": null, "SECCION_N": "4215", "ESTATUS": "COMPLETA", "ALCALDIA_N": "XOCHIMILCO", "EN_OPERATI": null, "EN_OP": "SI", "SEC_N": "4215", "EST": "COMPLETA", "ALC_N": "XOCHIMILCO", "OP": "SI", "NOMBRE": "TIRAS DE ZACAPA" }, "geometry": { "type": "MultiPolygon", "coordinates": [ [ [ [ -99.099276350769898, 19.256327822381934 ], [ -99.099050027682026, 19.256107646835702 ], [ -99.099082989593228, 19.255769027169002 ], [ -99.098832960590371, 19.255696318329026 ], [ -99.098353229164715, 19.2555568105122 ], [ -99.098106246390273, 19.255426745732155 ], [ -99.097919078976403, 19.255325812495148 ], [ -99.097852532471038, 19.255290404988827 ], [ -99.097673129666831, 19.255194949652708 ], [ -99.097612689986846, 19.255177713619297 ], [ -99.097543815434634, 19.255156311773828 ], [ -99.097445410432883, 19.255116275166525 ], [ -99.097377781173961, 19.255094946055788 ], [ -99.09732401560241, 19.255077989292943 ], [ -99.096800172756687, 19.254912777000239 ], [ -99.096450532107724, 19.254777044168307 ], [ -99.096134219695372, 19.254653559322481 ], [ -99.096035553008363, 19.254602868361935 ], [ -99.095595709893388, 19.254454773667202 ], [ -99.095477488339355, 19.254424284365509 ], [ -99.095446044656583, 19.254416175034791 ], [ -99.095254086383406, 19.254366668831278 ], [ -99.094716086507759, 19.254263969916831 ], [ -99.094657337137292, 19.254257236234437 ], [ -99.094273140126958, 19.25419667653178 ], [ -99.094029774691421, 19.254116125656051 ], [ -99.093749273751769, 19.25402328289821 ], [ -99.093037601506865, 19.253787724725395 ], [ -99.093006374083558, 19.253777409394967 ], [ -99.092871663442821, 19.253732799975122 ], [ -99.092594261637771, 19.253295359676393 ], [ -99.092564494940419, 19.253248419828065 ], [ -99.092604326885493, 19.253098408002892 ], [ -99.092650071186625, 19.252926129197053 ], [ -99.092759854435712, 19.252768853159974 ], [ -99.092789779874508, 19.252725981761536 ], [ -99.093261103821504, 19.252815405752091 ], [ -99.093479844721244, 19.252856906876822 ], [ -99.093863605456633, 19.252929716089383 ], [ -99.094006740955848, 19.252962215121038 ], [ -99.094286974353395, 19.253036127864501 ], [ -99.094577764249792, 19.253112824404212 ], [ -99.094960951199099, 19.253213890073894 ], [ -99.095214536011753, 19.253280772631566 ], [ -99.095524807594657, 19.253362605674265 ], [ -99.095789748191663, 19.253432482346359 ], [ -99.096035394149382, 19.253497269763479 ], [ -99.09637018595437, 19.253583656814605 ], [ -99.096810713834429, 19.253697326099505 ], [ -99.097004424586302, 19.25374730884397 ], [ -99.097709516079277, 19.253929240005355 ], [ -99.097927427116659, 19.253985465846451 ], [ -99.09834414976514, 19.254092988625143 ], [ -99.09844597515476, 19.254119261446391 ], [ -99.09856907604572, 19.254151023650856 ], [ -99.098634284639445, 19.254167848581329 ], [ -99.099133814940544, 19.254296863913112 ], [ -99.099891036486511, 19.254492431016711 ], [ -99.100357127477977, 19.25461280623319 ], [ -99.10064043463386, 19.254685974025861 ], [ -99.101189137316979, 19.254827682262263 ], [ -99.101286467098078, 19.25485281850375 ], [ -99.101461829017964, 19.25489810705648 ], [ -99.10119513755312, 19.25590786853309 ], [ -99.101335709836164, 19.25596869123742 ], [ -99.101224492281872, 19.25629332073273 ], [ -99.101138910469274, 19.256494824014254 ], [ -99.101109457924707, 19.256503285785968 ], [ -99.101021519478152, 19.256469048097113 ], [ -99.100933582691241, 19.256434811287885 ], [ -99.100511267995302, 19.256270388195684 ], [ -99.10042328930588, 19.256462308372509 ], [ -99.100175386202025, 19.256382799957766 ], [ -99.10006935902598, 19.256685071318547 ], [ -99.099907747521073, 19.25656230557161 ], [ -99.099720697908339, 19.256420215739382 ], [ -99.099617304867323, 19.256368925453458 ], [ -99.09955140035342, 19.256336232090085 ], [ -99.099489660908105, 19.256305604865744 ], [ -99.099276350769898, 19.256327822381934 ] ] ] ] } },
{ "type": "Feature", "properties": { "id": 5233.0, "entidad": 9, "distrito_f": 21, "distrito_l": 25, "municipio": 13, "seccion": 4218, "tipo": 2, "control": 37061.0, "SECCION_TX": "4218", "SECCION__1": null, "SECCION__2": null, "SECCION_N": "4218", "ESTATUS": "COMPLETA", "ALCALDIA_N": "XOCHIMILCO", "EN_OPERATI": null, "EN_OP": "SI", "SEC_N": "4218", "EST": "COMPLETA", "ALC_N": "XOCHIMILCO", "OP": "SI", "NOMBRE": "TIRAS DE ZACAPA" }, "geometry": { "type": "MultiPolygon", "coordinates": [ [ [ [ -99.091634508267248, 19.252675321591994 ], [ -99.089586832273952, 19.252148527082852 ], [ -99.089531911337929, 19.252134397508534 ], [ -99.088776849495261, 19.251940139931751 ], [ -99.08911432699658, 19.250599201087333 ], [ -99.089211134258889, 19.250214541329342 ], [ -99.089216183828597, 19.250194477016912 ], [ -99.089473250986998, 19.249294799433095 ], [ -99.089185204479307, 19.24923970439022 ], [ -99.089253954266496, 19.248342748975364 ], [ -99.089040682594629, 19.248287617208042 ], [ -99.089156634063343, 19.247616841971315 ], [ -99.089163303844941, 19.247528428199736 ], [ -99.089168410732796, 19.247460731885045 ], [ -99.089175881782481, 19.247361696416181 ], [ -99.089569781263734, 19.247035852696122 ], [ -99.089617350280975, 19.247004191993739 ], [ -99.08981274809662, 19.24687414002501 ], [ -99.090266577593667, 19.246572080701522 ], [ -99.090820275899645, 19.246261434895796 ], [ -99.091210393430018, 19.246017654706225 ], [ -99.091733379613046, 19.245994814422879 ], [ -99.091680223572922, 19.246552067178104 ], [ -99.091663721097888, 19.246725067451251 ], [ -99.091605300767824, 19.247337501978819 ], [ -99.091551875721365, 19.247897565799789 ], [ -99.091869632940217, 19.24794427271981 ], [ -99.092117269189259, 19.247980672204278 ], [ -99.092370589233681, 19.248017906773157 ], [ -99.09268968049453, 19.248064808284308 ], [ -99.092766283085027, 19.248076067600962 ], [ -99.092671533463232, 19.248685745593921 ], [ -99.092659214377761, 19.248733139945653 ], [ -99.092174414493485, 19.250598254207105 ], [ -99.091999679022692, 19.25127048303516 ], [ -99.091634508267248, 19.252675321591994 ] ] ] ] } },
{ "type": "Feature", "properties": { "id": 5347.0, "entidad": 9, "distrito_f": 21, "distrito_l": 25, "municipio": 13, "seccion": 4219, "tipo": 2, "control": 37063.0, "SECCION_TX": "4219", "SECCION__1": null, "SECCION__2": null, "SECCION_N": "4219", "ESTATUS": null, "ALCALDIA_N": "XOCHIMILCO", "EN_OPERATI": null, "EN_OP": "NO", "SEC_N": "4219", "EST": null, "ALC_N": "XOCHIMILCO", "OP": "NO", "NOMBRE": "TIRAS DE ZACAPA" }, "geometry": { "type": "MultiPolygon", "coordinates": [ [ [ [ -99.087155562297085, 19.249848274558982 ], [ -99.087045129548571, 19.249814597697306 ], [ -99.086791733974422, 19.249737323506078 ], [ -99.086465932887691, 19.249637968284052 ], [ -99.086208276221058, 19.249559393662228 ], [ -99.086332779870986, 19.249184022844965 ], [ -99.086476846865381, 19.248749667511468 ], [ -99.086623818505899, 19.248306552327492 ], [ -99.086781430938643, 19.247831352687658 ], [ -99.086946545279574, 19.247357508616638 ], [ -99.085996583991573, 19.247221183434245 ], [ -99.086226009208872, 19.246395170631065 ], [ -99.08606132869825, 19.246333286328039 ], [ -99.085965934714153, 19.246297438704627 ], [ -99.085345186932145, 19.246064169430817 ], [ -99.08519919412376, 19.246016431204801 ], [ -99.084702592763591, 19.245854046316317 ], [ -99.08475861082276, 19.245591256728915 ], [ -99.084814801971149, 19.245327654295952 ], [ -99.084876124793624, 19.245039977309865 ], [ -99.084929131503799, 19.244791311960046 ], [ -99.08537780418078, 19.244875271881234 ], [ -99.085749817200352, 19.245552314232182 ], [ -99.08598458735932, 19.245456277650856 ], [ -99.085487856695352, 19.244539127203126 ], [ -99.085416332413303, 19.244407065685884 ], [ -99.085443942477283, 19.244246606268831 ], [ -99.085496508910254, 19.244149261694339 ], [ -99.085684730196192, 19.24397294551699 ], [ -99.085643116995527, 19.243830930354058 ], [ -99.085548874954512, 19.243665267344337 ], [ -99.085432492359359, 19.243525917330153 ], [ -99.085352142030047, 19.243447046679204 ], [ -99.085623399099305, 19.243189153404884 ], [ -99.085727056308471, 19.24337553464602 ], [ -99.085972750923844, 19.243817304849863 ], [ -99.08657693365933, 19.244903641562786 ], [ -99.086859342684676, 19.245442001371966 ], [ -99.086859629673256, 19.245768689870665 ], [ -99.086868207435188, 19.245845140425001 ], [ -99.086918239606092, 19.246194942635796 ], [ -99.087062408917205, 19.246505246006411 ], [ -99.087284117778793, 19.246810251745853 ], [ -99.087491904019785, 19.246970599005387 ], [ -99.087601072836534, 19.247044903443765 ], [ -99.087874213219948, 19.247230812569107 ], [ -99.088217682294044, 19.247359530552657 ], [ -99.088538946230827, 19.247393568915221 ], [ -99.088560318251751, 19.247390658559432 ], [ -99.088865211300046, 19.247349139168055 ], [ -99.088946012265026, 19.247338135854243 ], [ -99.089175881782481, 19.247361696416181 ], [ -99.089168410732796, 19.247460731885045 ], [ -99.089163303844941, 19.247528428199736 ], [ -99.089156634063343, 19.247616841971315 ], [ -99.089040682594629, 19.248287617208042 ], [ -99.089253954266496, 19.248342748975364 ], [ -99.089185204479307, 19.24923970439022 ], [ -99.089473250986998, 19.249294799433095 ], [ -99.089216183828597, 19.250194477016912 ], [ -99.089211134258889, 19.250214541329342 ], [ -99.08911432699658, 19.250599201087333 ], [ -99.088776849495261, 19.251940139931751 ], [ -99.088484011705077, 19.25186479949739 ], [ -99.088053942232293, 19.251754151528079 ], [ -99.087692572843622, 19.25166117776946 ], [ -99.087508601997598, 19.251613845108089 ], [ -99.086920512354908, 19.25146253792634 ], [ -99.086723334943485, 19.25141180646936 ], [ -99.087155562297085, 19.249848274558982 ] ] ] ] } },
{ "type": "Feature", "properties": { "id": 5348.0, "entidad": 9, "distrito_f": 21, "distrito_l": 25, "municipio": 13, "seccion": 4220, "tipo": 2, "control": 37064.0, "SECCION_TX": "4220", "SECCION__1": null, "SECCION__2": null, "SECCION_N": "4220", "ESTATUS": null, "ALCALDIA_N": "XOCHIMILCO", "EN_OPERATI": null, "EN_OP": "NO", "SEC_N": "4220", "EST": null, "ALC_N": "XOCHIMILCO", "OP": "NO", "NOMBRE": "TIRAS DE ZACAPA" }, "geometry": { "type": "MultiPolygon", "coordinates": [ [ [ [ -99.085645990824531, 19.251134614032686 ], [ -99.085580415408586, 19.25111774174222 ], [ -99.085129340947461, 19.25095797298702 ], [ -99.084935386234733, 19.250889274571438 ], [ -99.084825396392006, 19.250850316246915 ], [ -99.084599062478006, 19.250770148667776 ], [ -99.084559285104916, 19.250756059466436 ], [ -99.084391748409629, 19.250696717611948 ], [ -99.084137612528878, 19.250564804742346 ], [ -99.08415745814618, 19.250502286713516 ], [ -99.084726680895272, 19.248709089621673 ], [ -99.085100876368998, 19.247530256048833 ], [ -99.085163390123284, 19.247333316319185 ], [ -99.085227611216808, 19.247130997374015 ], [ -99.084809400190238, 19.247072059550987 ], [ -99.08448363080258, 19.247026148690971 ], [ -99.084011084514202, 19.246959551403975 ], [ -99.083591788730857, 19.246900457793839 ], [ -99.083908738607548, 19.24564241218329 ], [ -99.08363840321789, 19.245546268015605 ], [ -99.083934547081554, 19.243242120219453 ], [ -99.083752194155508, 19.243415486025583 ], [ -99.083407651438264, 19.243550418455943 ], [ -99.083386181494546, 19.243557042925463 ], [ -99.082907704854719, 19.243704674281197 ], [ -99.082885083142273, 19.243709568246626 ], [ -99.082759065037465, 19.243736830858538 ], [ -99.082522599041425, 19.243801116243166 ], [ -99.082269273703119, 19.243932796451041 ], [ -99.08188429747328, 19.244292369344731 ], [ -99.081458794229007, 19.244687257699667 ], [ -99.08118184196131, 19.244870289801856 ], [ -99.080895434629497, 19.245063038455889 ], [ -99.080833899812404, 19.244973129583872 ], [ -99.080906378663755, 19.244899483312544 ], [ -99.081049158311401, 19.244754403629845 ], [ -99.08166798739957, 19.244125601583921 ], [ -99.082218248756107, 19.243236481337242 ], [ -99.082277471761046, 19.24316962027935 ], [ -99.082299608548936, 19.243144628467828 ], [ -99.082488379160978, 19.242931511333477 ], [ -99.08254379164687, 19.242900271647837 ], [ -99.0828700448577, 19.24271634054001 ], [ -99.08340378827296, 19.242590949796526 ], [ -99.083650395875011, 19.242542703294209 ], [ -99.083956594066947, 19.242473447465972 ], [ -99.083991587155481, 19.242465532701896 ], [ -99.084351490207183, 19.242408389674011 ], [ -99.084396976481258, 19.24240116761084 ], [ -99.084731480887058, 19.242461982770138 ], [ -99.085241761278482, 19.242702415692388 ], [ -99.085266873146907, 19.24273444327498 ], [ -99.085470253284953, 19.242993832947811 ], [ -99.085623399099305, 19.243189153404884 ], [ -99.085352142030047, 19.243447046679204 ], [ -99.085432492359359, 19.243525917330153 ], [ -99.085548874954512, 19.243665267344337 ], [ -99.085643116995527, 19.243830930354058 ], [ -99.085684730196192, 19.24397294551699 ], [ -99.085496508910254, 19.244149261694339 ], [ -99.085443942477283, 19.244246606268831 ], [ -99.085416332413303, 19.244407065685884 ], [ -99.085487856695352, 19.244539127203126 ], [ -99.08598458735932, 19.245456277650856 ], [ -99.085749817200352, 19.245552314232182 ], [ -99.08537780418078, 19.244875271881234 ], [ -99.084929131503799, 19.244791311960046 ], [ -99.084876124793624, 19.245039977309865 ], [ -99.084814801971149, 19.245327654295952 ], [ -99.08475861082276, 19.245591256728915 ], [ -99.084702592763591, 19.245854046316317 ], [ -99.08519919412376, 19.246016431204801 ], [ -99.085345186932145, 19.246064169430817 ], [ -99.085965934714153, 19.246297438704627 ], [ -99.08606132869825, 19.246333286328039 ], [ -99.086226009208872, 19.246395170631065 ], [ -99.085996583991573, 19.247221183434245 ], [ -99.086946545279574, 19.247357508616638 ], [ -99.086781430938643, 19.247831352687658 ], [ -99.086623818505899, 19.248306552327492 ], [ -99.086476846865381, 19.248749667511468 ], [ -99.086332779870986, 19.249184022844965 ], [ -99.086208276221058, 19.249559393662228 ], [ -99.086465932887691, 19.249637968284052 ], [ -99.086791733974422, 19.249737323506078 ], [ -99.087045129548571, 19.249814597697306 ], [ -99.087155562297085, 19.249848274558982 ], [ -99.086723334943485, 19.25141180646936 ], [ -99.086294098543505, 19.251301368086491 ], [ -99.085645990824531, 19.251134614032686 ] ] ] ] } },
{ "type": "Feature", "properties": { "id": 5315.0, "entidad": 9, "distrito_f": 21, "distrito_l": 25, "municipio": 13, "seccion": 4160, "tipo": 2, "control": 37267.0, "SECCION_TX": "4160", "SECCION__1": null, "SECCION__2": null, "SECCION_N": "4160", "ESTATUS": null, "ALCALDIA_N": "XOCHIMILCO", "EN_OPERATI": null, "EN_OP": "NO", "SEC_N": "4160", "EST": null, "ALC_N": "XOCHIMILCO", "OP": "NO", "NOMBRE": "LOS CERRILLOS 3" }, "geometry": { "type": "MultiPolygon", "coordinates": [ [ [ [ -99.017009722363795, 19.24889062537515 ], [ -99.017479467786401, 19.249070152574348 ], [ -99.018146502772794, 19.249325077104462 ], [ -99.01793281886134, 19.249718391076012 ], [ -99.017894586205287, 19.249788763194779 ], [ -99.017774935447136, 19.250102867969851 ], [ -99.017765491797761, 19.250150730693758 ], [ -99.01821904955365, 19.250288288789669 ], [ -99.01825686134265, 19.250437853163032 ], [ -99.018033250710019, 19.250542573035133 ], [ -99.018003964332848, 19.250558938646193 ], [ -99.017872630386705, 19.250632329677373 ], [ -99.017645882426436, 19.250856703888878 ], [ -99.017482124643976, 19.25106611499384 ], [ -99.01744176014634, 19.251138448816466 ], [ -99.017343567513578, 19.251314411273963 ], [ -99.017223898057921, 19.251469973428829 ], [ -99.017041250306903, 19.251766135413121 ], [ -99.016653872132338, 19.25202941096974 ], [ -99.01758619592988, 19.25232247723514 ], [ -99.017702740728183, 19.252397250050972 ], [ -99.017929516398695, 19.252409193417602 ], [ -99.018329489326021, 19.252121983012604 ], [ -99.018477711206771, 19.252138391462786 ], [ -99.018518470001865, 19.252142903518926 ], [ -99.018592658873516, 19.252165616808657 ], [ -99.019569700246279, 19.252464739457871 ], [ -99.019914584884006, 19.252555915172678 ], [ -99.020400927682473, 19.252702917950831 ], [ -99.020383833645965, 19.252750962406616 ], [ -99.020223694094582, 19.253157174798446 ], [ -99.020070032357509, 19.253108394448159 ], [ -99.019738182497306, 19.253002657767041 ], [ -99.019317689454638, 19.252877502208747 ], [ -99.01826305346475, 19.252592671583798 ], [ -99.017794950067213, 19.253555465903244 ], [ -99.017662710612484, 19.253884890636755 ], [ -99.017443040583416, 19.253816561234377 ], [ -99.017065907612164, 19.253659403478832 ], [ -99.017505788045142, 19.252823650536925 ], [ -99.01727950646071, 19.252700305122787 ], [ -99.017179108633613, 19.252717167921677 ], [ -99.015942818571247, 19.252413896840352 ], [ -99.015791971924699, 19.252800650361266 ], [ -99.015768969927478, 19.252859624675533 ], [ -99.015645363748405, 19.252897441279867 ], [ -99.015491142783503, 19.252838868367629 ], [ -99.015008438068506, 19.252666679097569 ], [ -99.014949381065989, 19.252653110149016 ], [ -99.01491895137508, 19.252646118609007 ], [ -99.014549606625621, 19.25256125733441 ], [ -99.014258381989592, 19.252457811223483 ], [ -99.014308651384155, 19.25231454247572 ], [ -99.014447782874882, 19.25203762275687 ], [ -99.014469630844644, 19.251995792956066 ], [ -99.014490127283324, 19.251953855647482 ], [ -99.01494781436304, 19.251565262762071 ], [ -99.014962746508445, 19.251552584780139 ], [ -99.01520956526916, 19.251132680181453 ], [ -99.015388359387885, 19.250828502104184 ], [ -99.015422779481554, 19.25076994388775 ], [ -99.01546459743318, 19.250666652688071 ], [ -99.015460391974486, 19.250424324274064 ], [ -99.015464367085954, 19.250395359501642 ], [ -99.015491875748438, 19.250194916500984 ], [ -99.015498011024476, 19.250150211492379 ], [ -99.015519576449279, 19.249949766569642 ], [ -99.015524635477064, 19.24990274417253 ], [ -99.015573234508309, 19.249451026960482 ], [ -99.015673755557813, 19.249437281334888 ], [ -99.016154626129676, 19.24937152449257 ], [ -99.016518518647445, 19.249323820766396 ], [ -99.016574905797853, 19.249295168780353 ], [ -99.01669836663261, 19.249232434567059 ], [ -99.016920029011274, 19.249017893623638 ], [ -99.017009722363795, 19.24889062537515 ] ] ] ] } },
{ "type": "Feature", "properties": { "id": 5322.0, "entidad": 9, "distrito_f": 21, "distrito_l": 25, "municipio": 13, "seccion": 4166, "tipo": 2, "control": 36784.0, "SECCION_TX": "4166", "SECCION__1": null, "SECCION__2": null, "SECCION_N": "4166", "ESTATUS": "COMPLETA", "ALCALDIA_N": "XOCHIMILCO", "EN_OPERATI": null, "EN_OP": "SI", "SEC_N": "4166", "EST": "COMPLETA", "ALC_N": "XOCHIMILCO", "OP": "SI", "NOMBRE": "LOS CERRILLOS 3" }, "geometry": { "type": "MultiPolygon", "coordinates": [ [ [ [ -99.020400927682473, 19.252702917950831 ], [ -99.019914584884006, 19.252555915172678 ], [ -99.019569700246279, 19.252464739457871 ], [ -99.018592658873516, 19.252165616808657 ], [ -99.018518470001865, 19.252142903518926 ], [ -99.018477711206771, 19.252138391462786 ], [ -99.018329489326021, 19.252121983012604 ], [ -99.017929516398695, 19.252409193417602 ], [ -99.017702740728183, 19.252397250050972 ], [ -99.01758619592988, 19.25232247723514 ], [ -99.016653872132338, 19.25202941096974 ], [ -99.017041250306903, 19.251766135413121 ], [ -99.017223898057921, 19.251469973428829 ], [ -99.017343567513578, 19.251314411273963 ], [ -99.01744176014634, 19.251138448816466 ], [ -99.017482124643976, 19.25106611499384 ], [ -99.017645882426436, 19.250856703888878 ], [ -99.017872630386705, 19.250632329677373 ], [ -99.018003964332848, 19.250558938646193 ], [ -99.018033250710019, 19.250542573035133 ], [ -99.01825686134265, 19.250437853163032 ], [ -99.01821904955365, 19.250288288789669 ], [ -99.017765491797761, 19.250150730693758 ], [ -99.017774935447136, 19.250102867969851 ], [ -99.017894586205287, 19.249788763194779 ], [ -99.01793281886134, 19.249718391076012 ], [ -99.018146502772794, 19.249325077104462 ], [ -99.018491945002822, 19.249437118415358 ], [ -99.018907155914306, 19.249571787550718 ], [ -99.019088699122094, 19.249454416526103 ], [ -99.019133909410556, 19.249425187188557 ], [ -99.019250364601987, 19.248743144154357 ], [ -99.01966612765132, 19.248904633565015 ], [ -99.019766894783459, 19.248743089088432 ], [ -99.019801527541304, 19.248638387626254 ], [ -99.019815941079472, 19.24846705540282 ], [ -99.019899127861365, 19.248336249332425 ], [ -99.019952661814457, 19.24826445077958 ], [ -99.020009339120747, 19.24814179868671 ], [ -99.020318022047121, 19.248351160120126 ], [ -99.020673952314908, 19.248584446602909 ], [ -99.021098107627381, 19.248995315866146 ], [ -99.020925297461986, 19.249286419167806 ], [ -99.020886894167248, 19.24936352043569 ], [ -99.020805573650605, 19.249526785196156 ], [ -99.020762257343321, 19.249613749898515 ], [ -99.020745960098623, 19.249652459574712 ], [ -99.020654593936811, 19.249869474699072 ], [ -99.020843814940434, 19.249746711187989 ], [ -99.020953042446251, 19.249695556190019 ], [ -99.021591506027406, 19.249568356267002 ], [ -99.021931513766077, 19.249553703682594 ], [ -99.02218573776149, 19.249519504614646 ], [ -99.022257670957472, 19.249509827852261 ], [ -99.022433057723177, 19.249489349425499 ], [ -99.02271460728133, 19.249512694132747 ], [ -99.022906943702438, 19.249680709876813 ], [ -99.023062373065656, 19.249968549692866 ], [ -99.022987016035685, 19.25018335776225 ], [ -99.022910118065781, 19.250382092625628 ], [ -99.022779354551176, 19.250455169692422 ], [ -99.022710124656143, 19.250478557734848 ], [ -99.022553189258943, 19.250427434626275 ], [ -99.022517808635129, 19.250465430569047 ], [ -99.02240704160009, 19.250509280611219 ], [ -99.022337807081129, 19.250499060572537 ], [ -99.022225521727478, 19.250693415814379 ], [ -99.022323998795684, 19.250782537927918 ], [ -99.022287089786033, 19.250896517178848 ], [ -99.022245559063947, 19.250965199325904 ], [ -99.022224033382827, 19.251066025758377 ], [ -99.022250196090198, 19.251124471167767 ], [ -99.022240983873886, 19.251264748899644 ], [ -99.022345628634326, 19.251451771628975 ], [ -99.022348768600466, 19.251916437497322 ], [ -99.022250308374112, 19.251957363505674 ], [ -99.02218398124289, 19.252012812601226 ], [ -99.021998005427761, 19.252074291179738 ], [ -99.021796751967571, 19.252054730541126 ], [ -99.021664020796521, 19.252041829737564 ], [ -99.021154042379479, 19.251992261480567 ], [ -99.021004071605887, 19.252281534967029 ], [ -99.020892715258981, 19.252385161878774 ], [ -99.020701805264494, 19.252458576943255 ], [ -99.020465436500871, 19.252519045128579 ], [ -99.020400927682473, 19.252702917950831 ] ] ] ] } },
{ "type": "Feature", "properties": { "id": 5548.0, "entidad": 9, "distrito_f": 21, "distrito_l": 25, "municipio": 13, "seccion": 4167, "tipo": 2, "control": 36779.0, "SECCION_TX": "4167", "SECCION__1": null, "SECCION__2": null, "SECCION_N": "4167", "ESTATUS": null, "ALCALDIA_N": "XOCHIMILCO", "EN_OPERATI": null, "EN_OP": "NO", "SEC_N": "4167", "EST": null, "ALC_N": "XOCHIMILCO", "OP": "NO", "NOMBRE": "LOS CERRILLOS 3" }, "geometry": { "type": "MultiPolygon", "coordinates": [ [ [ [ -99.017662710612484, 19.253884890636755 ], [ -99.017794950067213, 19.253555465903244 ], [ -99.01826305346475, 19.252592671583798 ], [ -99.019317689454638, 19.252877502208747 ], [ -99.019738182497306, 19.253002657767041 ], [ -99.020070032357509, 19.253108394448159 ], [ -99.020223694094582, 19.253157174798446 ], [ -99.020383833645965, 19.252750962406616 ], [ -99.020400927682473, 19.252702917950831 ], [ -99.020465436500871, 19.252519045128579 ], [ -99.020701805264494, 19.252458576943255 ], [ -99.020892715258981, 19.252385161878774 ], [ -99.021004071605887, 19.252281534967029 ], [ -99.021154042379479, 19.251992261480567 ], [ -99.021664020796521, 19.252041829737564 ], [ -99.021796751967571, 19.252054730541126 ], [ -99.021998005427761, 19.252074291179738 ], [ -99.02218398124289, 19.252012812601226 ], [ -99.022250308374112, 19.251957363505674 ], [ -99.022348768600466, 19.251916437497322 ], [ -99.022345628634326, 19.251451771628975 ], [ -99.022240983873886, 19.251264748899644 ], [ -99.022250196090198, 19.251124471167767 ], [ -99.022224033382827, 19.251066025758377 ], [ -99.022245559063947, 19.250965199325904 ], [ -99.022287089786033, 19.250896517178848 ], [ -99.022323998795684, 19.250782537927918 ], [ -99.022225521727478, 19.250693415814379 ], [ -99.022337807081129, 19.250499060572537 ], [ -99.02240704160009, 19.250509280611219 ], [ -99.022517808635129, 19.250465430569047 ], [ -99.022553189258943, 19.250427434626275 ], [ -99.022710124656143, 19.250478557734848 ], [ -99.022779354551176, 19.250455169692422 ], [ -99.022910118065781, 19.250382092625628 ], [ -99.022987016035685, 19.25018335776225 ], [ -99.023062373065656, 19.249968549692866 ], [ -99.022906943702438, 19.249680709876813 ], [ -99.02271460728133, 19.249512694132747 ], [ -99.022433057723177, 19.249489349425499 ], [ -99.022257670957472, 19.249509827852261 ], [ -99.02218573776149, 19.249519504614646 ], [ -99.021931513766077, 19.249553703682594 ], [ -99.021591506027406, 19.249568356267002 ], [ -99.020953042446251, 19.249695556190019 ], [ -99.020843814940434, 19.249746711187989 ], [ -99.020654593936811, 19.249869474699072 ], [ -99.020745960098623, 19.249652459574712 ], [ -99.020762257343321, 19.249613749898515 ], [ -99.020805573650605, 19.249526785196156 ], [ -99.020886894167248, 19.24936352043569 ], [ -99.020925297461986, 19.249286419167806 ], [ -99.021098107627381, 19.248995315866146 ], [ -99.021144249419592, 19.248917588592121 ], [ -99.021229804109836, 19.248377508306014 ], [ -99.021294399003011, 19.24820799984014 ], [ -99.021443698343717, 19.247990790986911 ], [ -99.021571595289146, 19.247848286963766 ], [ -99.021740556790746, 19.247747774731771 ], [ -99.022010568366142, 19.247507760988675 ], [ -99.022059733228559, 19.247477145358214 ], [ -99.022198477420204, 19.247390747324491 ], [ -99.02241324091662, 19.247335225432185 ], [ -99.022628004268341, 19.247279703287553 ], [ -99.022704283477538, 19.247271170395045 ], [ -99.023341321268703, 19.247199907564418 ], [ -99.023422191935794, 19.247190860728278 ], [ -99.02378740699838, 19.247191537645644 ], [ -99.02401274423562, 19.247141258404579 ], [ -99.024334075702257, 19.246942077810257 ], [ -99.024571162592181, 19.246845268712072 ], [ -99.02457901505538, 19.246942045077684 ], [ -99.024502602816526, 19.247001610659183 ], [ -99.024575143954706, 19.247264016622307 ], [ -99.024281292257214, 19.247781442788074 ], [ -99.024316684262359, 19.24801882114237 ], [ -99.024688517086474, 19.248158641079687 ], [ -99.024446058807527, 19.248905527630797 ], [ -99.024411240143749, 19.248945604193775 ], [ -99.024242301280353, 19.24914005381633 ], [ -99.02417259168638, 19.249195242555576 ], [ -99.024077718845987, 19.249270352809489 ], [ -99.024238662890028, 19.249342836770023 ], [ -99.024689137292825, 19.249545714688693 ], [ -99.024728157068111, 19.249557892805715 ], [ -99.024975244485375, 19.249635008839551 ], [ -99.025153450202183, 19.249706066399398 ], [ -99.025171211083475, 19.249713148341677 ], [ -99.025586447059879, 19.249742230903255 ], [ -99.025326140142127, 19.250526429223122 ], [ -99.025584811521995, 19.250589670756089 ], [ -99.025784691100668, 19.250619420354599 ], [ -99.025906174961776, 19.250563570091384 ], [ -99.025986515073186, 19.250552392078465 ], [ -99.026108011474975, 19.250576569128548 ], [ -99.026662600644784, 19.250788654950007 ], [ -99.026605836692454, 19.251181356024826 ], [ -99.026594160869081, 19.251687577815584 ], [ -99.026316068545754, 19.252733557982751 ], [ -99.026029217019783, 19.252682667869813 ], [ -99.025869313835116, 19.252927176408146 ], [ -99.025779194398638, 19.253064910748339 ], [ -99.025761572637151, 19.253157968378016 ], [ -99.025775300512322, 19.253226827253201 ], [ -99.02542452855856, 19.253191515377981 ], [ -99.025542929916242, 19.253482781542324 ], [ -99.025764079998325, 19.254026805560091 ], [ -99.025639051118162, 19.254107678566676 ], [ -99.025471296460793, 19.254298922820517 ], [ -99.025307106343902, 19.254486536792054 ], [ -99.025047857466703, 19.254266472668007 ], [ -99.024725955132951, 19.254175708630761 ], [ -99.024518206550695, 19.254068453052192 ], [ -99.02422069182586, 19.253992880708402 ], [ -99.024148285589035, 19.25396660573108 ], [ -99.023856443915761, 19.253893277415109 ], [ -99.023465034377779, 19.2538036577401 ], [ -99.022999464983968, 19.253728084424825 ], [ -99.022682223745477, 19.253676587683064 ], [ -99.022653248009391, 19.253671490822736 ], [ -99.022283951400695, 19.253606530757644 ], [ -99.022217042014802, 19.253903266061908 ], [ -99.021849663657918, 19.253792445212845 ], [ -99.021802900636715, 19.253603186204788 ], [ -99.021809161977728, 19.253422114668197 ], [ -99.021704384297109, 19.253245035912038 ], [ -99.021522097062899, 19.25313163947418 ], [ -99.021309835829015, 19.253129206677748 ], [ -99.020962699493353, 19.253052112862353 ], [ -99.020832830212044, 19.253257075962196 ], [ -99.020834805297852, 19.253307817276035 ], [ -99.020854700769902, 19.253818943865866 ], [ -99.020323783438812, 19.253736672347614 ], [ -99.020283581670654, 19.253897811216344 ], [ -99.02016866639012, 19.254358418969236 ], [ -99.020143350823389, 19.254459889419007 ], [ -99.020093435757531, 19.254659959781211 ], [ -99.019345518355578, 19.254419403089592 ], [ -99.019024482507945, 19.254316145450051 ], [ -99.018299963128669, 19.254083109232642 ], [ -99.017662710612484, 19.253884890636755 ] ] ] ] } },
{ "type": "Feature", "properties": { "id": 5324.0, "entidad": 9, "distrito_f": 21, "distrito_l": 25, "municipio": 13, "seccion": 4168, "tipo": 2, "control": 37251.0, "SECCION_TX": "4168", "SECCION__1": null, "SECCION__2": null, "SECCION_N": "4168", "ESTATUS": null, "ALCALDIA_N": "XOCHIMILCO", "EN_OPERATI": null, "EN_OP": "NO", "SEC_N": "4168", "EST": null, "ALC_N": "XOCHIMILCO", "OP": "NO", "NOMBRE": "LOS CERRILLOS 3" }, "geometry": { "type": "MultiPolygon", "coordinates": [ [ [ [ -99.029497709149311, 19.251993044494856 ], [ -99.029264247867971, 19.252136148817964 ], [ -99.028940829959453, 19.252334392780494 ], [ -99.028841128694097, 19.252395505986712 ], [ -99.028573141898022, 19.252559771534308 ], [ -99.028289781807928, 19.252595226835513 ], [ -99.028130220771658, 19.25271313250531 ], [ -99.028094515518745, 19.252739516421524 ], [ -99.028054915620572, 19.252768778215355 ], [ -99.027775310385678, 19.252963582848775 ], [ -99.027532968378907, 19.25303090088628 ], [ -99.027197409814832, 19.253076985722785 ], [ -99.027111663886302, 19.253137197603046 ], [ -99.027003575187749, 19.253370927947429 ], [ -99.026131186061107, 19.253905764732746 ], [ -99.026026797201382, 19.253969519888184 ], [ -99.025814274638918, 19.253994337882876 ], [ -99.025764079998325, 19.254026805560091 ], [ -99.025542929916242, 19.253482781542324 ], [ -99.02542452855856, 19.253191515377981 ], [ -99.025775300512322, 19.253226827253201 ], [ -99.025761572637151, 19.253157968378016 ], [ -99.025779194398638, 19.253064910748339 ], [ -99.025869313835116, 19.252927176408146 ], [ -99.026029217019783, 19.252682667869813 ], [ -99.026316068545754, 19.252733557982751 ], [ -99.026594160869081, 19.251687577815584 ], [ -99.026605836692454, 19.251181356024826 ], [ -99.026662600644784, 19.250788654950007 ], [ -99.026108011474975, 19.250576569128548 ], [ -99.025986515073186, 19.250552392078465 ], [ -99.025906174961776, 19.250563570091384 ], [ -99.025784691100668, 19.250619420354599 ], [ -99.025584811521995, 19.250589670756089 ], [ -99.025326140142127, 19.250526429223122 ], [ -99.025586447059879, 19.249742230903255 ], [ -99.025171211083475, 19.249713148341677 ], [ -99.025153450202183, 19.249706066399398 ], [ -99.024975244485375, 19.249635008839551 ], [ -99.024728157068111, 19.249557892805715 ], [ -99.024689137292825, 19.249545714688693 ], [ -99.024238662890028, 19.249342836770023 ], [ -99.024077718845987, 19.249270352809489 ], [ -99.02417259168638, 19.249195242555576 ], [ -99.024242301280353, 19.24914005381633 ], [ -99.024411240143749, 19.248945604193775 ], [ -99.024446058807527, 19.248905527630797 ], [ -99.024688517086474, 19.248158641079687 ], [ -99.024316684262359, 19.24801882114237 ], [ -99.024281292257214, 19.247781442788074 ], [ -99.024575143954706, 19.247264016622307 ], [ -99.024502602816526, 19.247001610659183 ], [ -99.02457901505538, 19.246942045077684 ], [ -99.024571162592181, 19.246845268712072 ], [ -99.024657884343256, 19.246808087788246 ], [ -99.024754686699595, 19.246707760044956 ], [ -99.024844437617432, 19.246540556755672 ], [ -99.024958819826665, 19.246288082584424 ], [ -99.025118971477369, 19.246047305438477 ], [ -99.02530905682751, 19.245865040909052 ], [ -99.025507978668159, 19.245911826811863 ], [ -99.02560831796886, 19.245923516179381 ], [ -99.025696338257291, 19.245955270158589 ], [ -99.025717474965731, 19.246038862758702 ], [ -99.025576671296463, 19.246174307310429 ], [ -99.025641816253113, 19.246261237584353 ], [ -99.025573192890846, 19.246446829342158 ], [ -99.026031097193425, 19.246587313985618 ], [ -99.026324883101324, 19.246677446517033 ], [ -99.026254511451157, 19.246934930954644 ], [ -99.0273248545965, 19.24735776779502 ], [ -99.027307261331003, 19.247417959220869 ], [ -99.030165726610193, 19.248319097838266 ], [ -99.030968959137525, 19.248624495912008 ], [ -99.031086762468206, 19.248655434334253 ], [ -99.03113079325756, 19.248592681437195 ], [ -99.032083231884116, 19.24868140625987 ], [ -99.032416300159909, 19.248660432423737 ], [ -99.032451181753984, 19.248726225627788 ], [ -99.032488162315033, 19.248794767408764 ], [ -99.03254451321871, 19.248896743953271 ], [ -99.032604388503756, 19.249017110869463 ], [ -99.032669531332701, 19.249068928484132 ], [ -99.032694199277259, 19.249185957829255 ], [ -99.032727647755848, 19.249195983314468 ], [ -99.032752306140381, 19.249264527241525 ], [ -99.032717115861431, 19.249348129071247 ], [ -99.032620291693945, 19.249321395785927 ], [ -99.032514671772049, 19.24932475840491 ], [ -99.03260096391331, 19.249503637493817 ], [ -99.032692514102791, 19.249565481854596 ], [ -99.032697817991803, 19.24968084274072 ], [ -99.032778811543125, 19.249769439512747 ], [ -99.032891512447463, 19.249963360917739 ], [ -99.032891536101872, 19.250082066563206 ], [ -99.032386370770325, 19.250364709548919 ], [ -99.032259637689393, 19.250428264534758 ], [ -99.032171631679972, 19.250488468806562 ], [ -99.031875910043212, 19.250582147547984 ], [ -99.031597798046192, 19.250709260979946 ], [ -99.031542023090097, 19.250763234153151 ], [ -99.031407714396607, 19.250893203853714 ], [ -99.031249305439374, 19.25101695234596 ], [ -99.031140173144237, 19.25107047208391 ], [ -99.031029518140642, 19.251079145893886 ], [ -99.030840916030641, 19.251093929514283 ], [ -99.030796149135611, 19.251130765922234 ], [ -99.030588395927822, 19.251301715142372 ], [ -99.03044665478771, 19.251418346153486 ], [ -99.029989965844607, 19.25164965895986 ], [ -99.029696369725613, 19.251798364355086 ], [ -99.029541908960155, 19.251876597888671 ], [ -99.029497709149311, 19.251993044494856 ] ] ] ] } },
{ "type": "Feature", "properties": { "id": 5589.0, "entidad": 9, "distrito_f": 21, "distrito_l": 25, "municipio": 13, "seccion": 4223, "tipo": 2, "control": 37115.0, "SECCION_TX": "4223", "SECCION__1": null, "SECCION__2": null, "SECCION_N": "4223", "ESTATUS": "COMPLETA", "ALCALDIA_N": "XOCHIMILCO", "EN_OPERATI": null, "EN_OP": "SI", "SEC_N": "4223", "EST": "COMPLETA", "ALC_N": "XOCHIMILCO", "OP": "SI", "NOMBRE": "LOMAS TEHUIXTITLA" }, "geometry": { "type": "MultiPolygon", "coordinates": [ [ [ [ -99.076365595605722, 19.241827961503812 ], [ -99.076099290894234, 19.241734645304099 ], [ -99.076089196937914, 19.241911838834323 ], [ -99.076178059567937, 19.242242610471834 ], [ -99.07618524746151, 19.242269365767292 ], [ -99.076214727753651, 19.242778029957901 ], [ -99.076135429175764, 19.243156626291942 ], [ -99.076000125665502, 19.243434471907847 ], [ -99.075654662196158, 19.243704828180171 ], [ -99.076011405063795, 19.244175619222478 ], [ -99.075608928481643, 19.244496467407107 ], [ -99.075367253218758, 19.244689126208179 ], [ -99.075098414755516, 19.244336613099644 ], [ -99.074874388690603, 19.244042858561286 ], [ -99.074538931324469, 19.244277174157855 ], [ -99.074124507742013, 19.244566645561079 ], [ -99.073895526148434, 19.244726586447193 ], [ -99.073730181008358, 19.244840143718783 ], [ -99.073529940878345, 19.244977666085454 ], [ -99.073567613050557, 19.245023721611304 ], [ -99.073778601853846, 19.245281662053394 ], [ -99.072729681577286, 19.245987148593034 ], [ -99.072268488478713, 19.246297335670512 ], [ -99.071775637388754, 19.24566523673704 ], [ -99.070679982909127, 19.24554941197955 ], [ -99.070503838284694, 19.245521125976239 ], [ -99.070287806171393, 19.245450193641915 ], [ -99.070020145713713, 19.245345517216037 ], [ -99.069694644620469, 19.245098962139323 ], [ -99.068691431859591, 19.244725069322261 ], [ -99.068694349900497, 19.244563450730926 ], [ -99.068816637625162, 19.244302548477989 ], [ -99.068932934301699, 19.243993446680818 ], [ -99.068938773436031, 19.243678715646737 ], [ -99.06888797073043, 19.243551142000022 ], [ -99.068858975410365, 19.243422990540761 ], [ -99.068856393696691, 19.243343115924919 ], [ -99.068913549418255, 19.243255145600841 ], [ -99.069014317699811, 19.243057642817675 ], [ -99.069276788155307, 19.242745876362882 ], [ -99.069681378173399, 19.242421507930274 ], [ -99.069967102574509, 19.242468301271511 ], [ -99.070478581979756, 19.242545158881189 ], [ -99.070831514224295, 19.242481297655143 ], [ -99.071426445237691, 19.242201076114078 ], [ -99.071670517347272, 19.241934965738274 ], [ -99.071783291819855, 19.241713810541455 ], [ -99.0718255104062, 19.241465881633395 ], [ -99.071797099122222, 19.241020320570353 ], [ -99.071700545730138, 19.240762583216476 ], [ -99.071487586589569, 19.240608098256363 ], [ -99.071232522437569, 19.240494564883956 ], [ -99.071073767837007, 19.240420922908662 ], [ -99.070967916638921, 19.240337209791125 ], [ -99.070823253747776, 19.240223360124173 ], [ -99.07056212584061, 19.239948747229473 ], [ -99.070392750594849, 19.239781304057956 ], [ -99.070283400081607, 19.239761245066994 ], [ -99.070174049594698, 19.239741186010576 ], [ -99.069768408602727, 19.239699463957336 ], [ -99.069655449109774, 19.239485096238727 ], [ -99.069611447245009, 19.239386769989036 ], [ -99.069521291056134, 19.239185307215877 ], [ -99.069511558971328, 19.239108257050098 ], [ -99.069501826895717, 19.239031206883134 ], [ -99.069552872432737, 19.238798350823668 ], [ -99.069699105206695, 19.23845825315119 ], [ -99.069760768460768, 19.238312497350766 ], [ -99.069704197262098, 19.237987552579323 ], [ -99.069667123978547, 19.237896274603838 ], [ -99.069630050736123, 19.237804996619893 ], [ -99.069600028590315, 19.237706178068105 ], [ -99.069589346325017, 19.237466645084744 ], [ -99.069566145804828, 19.237327773445564 ], [ -99.069550450069286, 19.237233823151481 ], [ -99.069509846765499, 19.237135008597484 ], [ -99.069487505574571, 19.237065704480532 ], [ -99.069154398950474, 19.237020878296644 ], [ -99.069193052804124, 19.236937784534543 ], [ -99.06937556919074, 19.236545429830112 ], [ -99.069359624836721, 19.236372902173859 ], [ -99.069320773452858, 19.236245610468067 ], [ -99.069174144915962, 19.235710232520315 ], [ -99.069217489495784, 19.235609765383021 ], [ -99.069264028254068, 19.235501894404663 ], [ -99.069297483519833, 19.235457954683568 ], [ -99.069799845429088, 19.23479815537166 ], [ -99.070124121052189, 19.234295506042013 ], [ -99.070107491554751, 19.234248182945286 ], [ -99.070064088862821, 19.234124670369557 ], [ -99.069905343746782, 19.234057727647087 ], [ -99.069912290076985, 19.233803112092755 ], [ -99.070183743480598, 19.23350149296526 ], [ -99.070039050204898, 19.233300538167633 ], [ -99.069584130731428, 19.233458169588843 ], [ -99.069312579320155, 19.233528626145297 ], [ -99.068959837511073, 19.233434954563979 ], [ -99.06884110572615, 19.233389089776427 ], [ -99.068465974934597, 19.233244180186567 ], [ -99.068349609590285, 19.233307876888833 ], [ -99.068074488077627, 19.233274477670911 ], [ -99.06790165577705, 19.233254440818918 ], [ -99.067996786486461, 19.232901299289122 ], [ -99.068209956832618, 19.2324346190798 ], [ -99.06849267270583, 19.232161151385426 ], [ -99.068601719213788, 19.231883035247694 ], [ -99.068763726876838, 19.231691197952141 ], [ -99.068884407952268, 19.231548296110585 ], [ -99.068899222868424, 19.231378617451259 ], [ -99.068874246461363, 19.230978009824401 ], [ -99.068951459369316, 19.230114559036831 ], [ -99.0692010689272, 19.229530266248446 ], [ -99.069604478212895, 19.22905545195546 ], [ -99.069689985053941, 19.228925792489679 ], [ -99.069644405133275, 19.228439385329761 ], [ -99.069469566138665, 19.228160948895425 ], [ -99.069106066866837, 19.227659870264421 ], [ -99.068585174008774, 19.227431033735812 ], [ -99.06850800189703, 19.226719070302046 ], [ -99.070088353844213, 19.227320150710405 ], [ -99.071021231912326, 19.227475325097679 ], [ -99.071403169826851, 19.227201814299562 ], [ -99.071611606557823, 19.227300708935452 ], [ -99.071572098207369, 19.227729620400073 ], [ -99.07171598556431, 19.22772013783301 ], [ -99.072261877531204, 19.227941440996634 ], [ -99.072376122323874, 19.228224184453541 ], [ -99.072455544006772, 19.228299563334954 ], [ -99.072534996791944, 19.228445639307349 ], [ -99.072718628848904, 19.228549255627691 ], [ -99.073185165229702, 19.228836571489584 ], [ -99.073232605463815, 19.228919103825479 ], [ -99.073311779127351, 19.229034472827102 ], [ -99.07345317927674, 19.22900849389157 ], [ -99.074401081686403, 19.22944407691924 ], [ -99.0750883865623, 19.229646461521522 ], [ -99.075098379837016, 19.229799634528607 ], [ -99.075157960452103, 19.229884446637289 ], [ -99.075175411580034, 19.230070608565754 ], [ -99.075475734454386, 19.23035798667097 ], [ -99.075094313678392, 19.231054687267001 ], [ -99.075572855038757, 19.231055162702841 ], [ -99.076264701330842, 19.23116608017088 ], [ -99.076470534743734, 19.231314266696273 ], [ -99.076650304509329, 19.231374385282908 ], [ -99.076747296202868, 19.231406821143484 ], [ -99.076828901322031, 19.231425320970725 ], [ -99.076852805182469, 19.231412923116743 ], [ -99.076906931336381, 19.231384850304082 ], [ -99.077101897707337, 19.231051155522682 ], [ -99.077240250392208, 19.231037617917689 ], [ -99.0777793750689, 19.230781282939112 ], [ -99.078219278582466, 19.230767616277934 ], [ -99.078439137530651, 19.23056533265969 ], [ -99.078740734837623, 19.230662928203099 ], [ -99.078900381048939, 19.230666229320292 ], [ -99.079347470086191, 19.230841267127943 ], [ -99.078585763012697, 19.233028612589109 ], [ -99.078479479017446, 19.233338682113029 ], [ -99.078378710679615, 19.233432708047452 ], [ -99.078251567932654, 19.233426406390993 ], [ -99.078090982393391, 19.233451899072538 ], [ -99.077970564203625, 19.233515510708319 ], [ -99.077856993248616, 19.233909633022829 ], [ -99.07768320332849, 19.23431649287231 ], [ -99.077529532151488, 19.234818684495583 ], [ -99.077385967478847, 19.235470238422742 ], [ -99.077511470916392, 19.235544868700337 ], [ -99.077601811187336, 19.235551186465557 ], [ -99.077571868884732, 19.235913492906313 ], [ -99.077630387849069, 19.235936326768353 ], [ -99.07774589631552, 19.236007170545584 ], [ -99.077689212922877, 19.236423514597018 ], [ -99.077629090798084, 19.236642823139498 ], [ -99.077579776957549, 19.23683041824485 ], [ -99.077542349394506, 19.237176766411388 ], [ -99.077294729845022, 19.237121255856298 ], [ -99.07728642468058, 19.237248379957908 ], [ -99.077259684929345, 19.237306390014805 ], [ -99.07715101680779, 19.237461364061662 ], [ -99.077040587724369, 19.237428041406869 ], [ -99.077017269666101, 19.237648923244794 ], [ -99.077032485402114, 19.237990553422051 ], [ -99.076980799118701, 19.238365580880462 ], [ -99.077032692165432, 19.238433886364483 ], [ -99.077024397852512, 19.238584845540476 ], [ -99.076925825180311, 19.23886614125788 ], [ -99.076994460425581, 19.238961452834513 ], [ -99.076991158233525, 19.239055205644306 ], [ -99.07702631756635, 19.239113984118287 ], [ -99.077006248847908, 19.239128293624972 ], [ -99.076977841301243, 19.239198221884752 ], [ -99.076954548091393, 19.239473129902702 ], [ -99.076971306497882, 19.239535094132453 ], [ -99.076961285069174, 19.239570056500622 ], [ -99.07692281750036, 19.23959231876675 ], [ -99.077018244775374, 19.23974005629772 ], [ -99.077023297729852, 19.239813148493923 ], [ -99.077055100944222, 19.239849682271096 ], [ -99.077036774027064, 19.240011768695773 ], [ -99.077090321290655, 19.240038759272618 ], [ -99.077154078991299, 19.240045133243637 ], [ -99.077172422300876, 19.240113430408798 ], [ -99.077190765625744, 19.240181727571649 ], [ -99.077198921764918, 19.240290879232759 ], [ -99.077328098609826, 19.240502649005087 ], [ -99.077231765894865, 19.240610563861733 ], [ -99.07737009836967, 19.240877636871641 ], [ -99.077477188366771, 19.240920494761902 ], [ -99.077502303754002, 19.240964976320331 ], [ -99.077425415783381, 19.241111197479842 ], [ -99.077333455315696, 19.241224055831655 ], [ -99.077273230618303, 19.241228848284443 ], [ -99.077154427457387, 19.24118122819382 ], [ -99.076995493845018, 19.241178117098762 ], [ -99.076930285035388, 19.241257594852542 ], [ -99.076798142528446, 19.24130532054112 ], [ -99.076364482358883, 19.241429543162397 ], [ -99.076265635408092, 19.241429584371605 ], [ -99.07622656746706, 19.241453617960918 ], [ -99.076240378211082, 19.241492913272811 ], [ -99.07596617618141, 19.241479443652651 ], [ -99.076226459858077, 19.241678213967319 ], [ -99.076365595605722, 19.241827961503812 ] ] ] ] } },
{ "type": "Feature", "properties": { "id": 5587.0, "entidad": 9, "distrito_f": 21, "distrito_l": 25, "municipio": 13, "seccion": 4224, "tipo": 3, "control": 37445.0, "SECCION_TX": "4224", "SECCION__1": null, "SECCION__2": null, "SECCION_N": "4224", "ESTATUS": "COMPLETA", "ALCALDIA_N": "XOCHIMILCO", "EN_OPERATI": null, "EN_OP": "SI", "SEC_N": "4224", "EST": "COMPLETA", "ALC_N": "XOCHIMILCO", "OP": "SI", "NOMBRE": "LOMAS TEHUIXTITLA" }, "geometry": { "type": "MultiPolygon", "coordinates": [ [ [ [ -99.05514188450968, 19.249504093741319 ], [ -99.054482884258363, 19.249616587184764 ], [ -99.054450362748568, 19.249622138644707 ], [ -99.053587353043284, 19.249774410700688 ], [ -99.053246940616276, 19.249834472907416 ], [ -99.053238640520419, 19.249489673445208 ], [ -99.053238093093114, 19.249438877448924 ], [ -99.053236607486113, 19.249263812848138 ], [ -99.053262024422793, 19.249111242182721 ], [ -99.053286763762657, 19.248975048959846 ], [ -99.05332318408469, 19.248774550023736 ], [ -99.053336257942263, 19.248604130798476 ], [ -99.053334026817723, 19.248471124293175 ], [ -99.05340521358012, 19.248094158818972 ], [ -99.053495679129512, 19.24763562587054 ], [ -99.053187667220612, 19.247564224295697 ], [ -99.052985084303302, 19.247369887964343 ], [ -99.052916096625538, 19.247230761958225 ], [ -99.052657393871684, 19.246709039182221 ], [ -99.05241818550985, 19.246510620207221 ], [ -99.052511989094214, 19.245443923733699 ], [ -99.052179255946342, 19.245238275003878 ], [ -99.052052890703521, 19.245228513658123 ], [ -99.051905915712695, 19.245284890038032 ], [ -99.051645428055693, 19.24519923710384 ], [ -99.051363510223879, 19.2450733280096 ], [ -99.051266633945076, 19.245079106029099 ], [ -99.05080947014801, 19.244682654480119 ], [ -99.050746991815004, 19.244641394705766 ], [ -99.050534572286239, 19.244517463723536 ], [ -99.050246166269872, 19.244354780877263 ], [ -99.049970603460125, 19.244133448260939 ], [ -99.049734413416502, 19.243963862258205 ], [ -99.049513374734389, 19.2438402787201 ], [ -99.049319590845116, 19.243742566436406 ], [ -99.049159099315759, 19.243613215282544 ], [ -99.049034964288325, 19.243575867995922 ], [ -99.048941097465828, 19.243518384527086 ], [ -99.048835146580927, 19.2435471671218 ], [ -99.048744309801165, 19.243498309031963 ], [ -99.048656469134784, 19.243343059204022 ], [ -99.048617092513169, 19.243274059355407 ], [ -99.048595871894477, 19.243176300381258 ], [ -99.048486847324355, 19.243046934956585 ], [ -99.048338482716673, 19.242972213023908 ], [ -99.048314222282968, 19.242831323369082 ], [ -99.048217337972744, 19.242805470047703 ], [ -99.048102273392317, 19.242724988286316 ], [ -99.048062887943757, 19.242624358586614 ], [ -99.047999285907466, 19.242532361518826 ], [ -99.0479084449276, 19.242466250428723 ], [ -99.04782668702525, 19.242403012349779 ], [ -99.047805470317172, 19.242316754992693 ], [ -99.047811516770082, 19.24228799911344 ], [ -99.047160848014471, 19.242011196426937 ], [ -99.046540270967924, 19.242300612264437 ], [ -99.046454415648881, 19.24216544059232 ], [ -99.034441861902721, 19.223250930833153 ], [ -99.036339466828196, 19.22223238959447 ], [ -99.036908711536583, 19.221926747321003 ], [ -99.042296542361584, 19.219011413588795 ], [ -99.04555099893534, 19.217286364072926 ], [ -99.045708300557948, 19.217439357290182 ], [ -99.045740917744624, 19.217492181760274 ], [ -99.045773535960734, 19.217548649852183 ], [ -99.045777385177104, 19.217597837870731 ], [ -99.045767815336788, 19.217667069195695 ], [ -99.045748652951175, 19.217723550216437 ], [ -99.045720857419667, 19.217769102504878 ], [ -99.045689222995449, 19.217802813954858 ], [ -99.045644166451723, 19.21784563781328 ], [ -99.045590479266139, 19.217886641993882 ], [ -99.045544460761278, 19.217918535182687 ], [ -99.045496521176176, 19.217938587045818 ], [ -99.045453379846322, 19.217972301311253 ], [ -99.045415040016266, 19.218031519772467 ], [ -99.045380530770942, 19.218072519136857 ], [ -99.045355611289153, 19.218116248842218 ], [ -99.045326855431597, 19.21815724677197 ], [ -99.045294272927947, 19.218231038294373 ], [ -99.045285656265136, 19.218280229400698 ], [ -99.045281842350846, 19.218359479249592 ], [ -99.045282814975423, 19.218409578892256 ], [ -99.045304890251813, 19.218484267806062 ], [ -99.045326956309282, 19.218525253161793 ], [ -99.045371076959711, 19.218565322148063 ], [ -99.04541998590598, 19.218582617263252 ], [ -99.045466973794447, 19.21858807105172 ], [ -99.045506288684038, 19.218587150385339 ], [ -99.045547726712485, 19.218585877232801 ], [ -99.045673268178717, 19.218598332916045 ], [ -99.045719137733485, 19.21860288387369 ], [ -99.045846985873851, 19.218615568292076 ], [ -99.046007476938399, 19.218631491240284 ], [ -99.046152156595497, 19.218636462952954 ], [ -99.046291937863472, 19.218619829097001 ], [ -99.046474986422552, 19.218562742833829 ], [ -99.047274165429499, 19.218374375781757 ], [ -99.047371424844656, 19.218349973296696 ], [ -99.047317512104129, 19.218540283546503 ], [ -99.047248417713533, 19.218784183869037 ], [ -99.047134496981357, 19.219053681915643 ], [ -99.046960400788507, 19.219354089227529 ], [ -99.046821850698862, 19.219706027417406 ], [ -99.046778129931411, 19.219854564790928 ], [ -99.04673846342908, 19.219964277088586 ], [ -99.046666347043498, 19.220180271623569 ], [ -99.046540366429412, 19.220535495559375 ], [ -99.046435055162377, 19.22066059899629 ], [ -99.046297246167896, 19.220839440174679 ], [ -99.04621509817764, 19.220972936040351 ], [ -99.046151510165018, 19.22111398238895 ], [ -99.046066724810231, 19.221297846819134 ], [ -99.046273530417153, 19.221355717869685 ], [ -99.046302669053361, 19.22127008495918 ], [ -99.047053022823775, 19.221549436019369 ], [ -99.047116550821329, 19.221544390069756 ], [ -99.047159062361814, 19.221526743169825 ], [ -99.047233199262905, 19.221536804839193 ], [ -99.047302133483029, 19.221551897445099 ], [ -99.04741890681656, 19.221637485631014 ], [ -99.047450727139775, 19.221660142977885 ], [ -99.047466640558454, 19.221682804440945 ], [ -99.047503760307549, 19.221695386812051 ], [ -99.047559435232657, 19.2216978907664 ], [ -99.04762306144049, 19.221692837442173 ], [ -99.047681386792505, 19.221692822272146 ], [ -99.047752974453132, 19.221715469212388 ], [ -99.047798057155532, 19.22176078862644 ], [ -99.047888206585583, 19.221796022661771 ], [ -99.047914723234967, 19.22181364451702 ], [ -99.047920032113353, 19.221836308713332 ], [ -99.047920045982991, 19.221884158277351 ], [ -99.047933309061932, 19.221909338790752 ], [ -99.048005083399119, 19.221936149213626 ], [ -99.048124202544344, 19.221944546323712 ], [ -99.048198429049222, 19.221924379625332 ], [ -99.048264695451635, 19.221881549409513 ], [ -99.048368075037956, 19.221828635782202 ], [ -99.048490011894927, 19.22177319878746 ], [ -99.048635814971561, 19.221737902563941 ], [ -99.048778966833183, 19.221702606930375 ], [ -99.048847723263719, 19.221667338747839 ], [ -99.048972537518154, 19.221825956807624 ], [ -99.049033543948127, 19.221926676420917 ], [ -99.049070687043425, 19.222017328812768 ], [ -99.049097202358155, 19.222029913700151 ], [ -99.049174079189953, 19.222007227498317 ], [ -99.049216487960919, 19.221974476933784 ], [ -99.049258896715074, 19.221941726359436 ], [ -99.049301315966773, 19.221944233347703 ], [ -99.049370244527182, 19.221939177989867 ], [ -99.049423254100233, 19.221893832529197 ], [ -99.049468319976171, 19.221881228375359 ], [ -99.04961119866455, 19.221948376316931 ], [ -99.049725513098011, 19.221984413077983 ], [ -99.049879280201381, 19.221984371279156 ], [ -99.050088707102773, 19.221936464576608 ], [ -99.050335233188775, 19.221833142684886 ], [ -99.050515487070555, 19.221752504329832 ], [ -99.050555252058288, 19.22174493816663 ], [ -99.050727607145589, 19.221843108057278 ], [ -99.050846921497836, 19.221883369353986 ], [ -99.05096358319939, 19.221918594514154 ], [ -99.051228723756381, 19.221999109309859 ], [ -99.051340080958767, 19.222026780518259 ], [ -99.051424928184929, 19.222059495898044 ], [ -99.051451442900969, 19.222069562046304 ], [ -99.051491225962579, 19.222119918832046 ], [ -99.051515100519751, 19.222165243286565 ], [ -99.051573458246594, 19.222268481189754 ], [ -99.051607939855046, 19.222321357839299 ], [ -99.051642415191893, 19.222354087299397 ], [ -99.051774982796829, 19.222384270659759 ], [ -99.051793546462903, 19.222401894198896 ], [ -99.051817419564998, 19.222442181816749 ], [ -99.051865153952591, 19.222484981075731 ], [ -99.051923486699252, 19.222507630134629 ], [ -99.052010986245307, 19.222542862886755 ], [ -99.052064010354826, 19.222545366223901 ], [ -99.05213559500983, 19.222555419458633 ], [ -99.052215136353766, 19.22257554398972 ], [ -99.052347698657655, 19.22258809815013 ], [ -99.0524166273904, 19.222583041646065 ], [ -99.052464343590984, 19.222567917600067 ], [ -99.052496154386503, 19.222557834895806 ], [ -99.052559783972796, 19.222562853448064 ], [ -99.052615462468921, 19.222575429455837 ], [ -99.052655240391545, 19.222608157200913 ], [ -99.052684408844897, 19.222625777600854 ], [ -99.052740091388813, 19.222650945559106 ], [ -99.052774554154695, 19.222643380441049 ], [ -99.052801056176264, 19.222613152029652 ], [ -99.052832865350084, 19.222598032471577 ], [ -99.052928316219479, 19.222625707297755 ], [ -99.052989301135327, 19.222650873648277 ], [ -99.053080200642924, 19.222709453419359 ], [ -99.053238236840883, 19.222746935125684 ], [ -99.053379055285006, 19.222751496418937 ], [ -99.053429427498017, 19.222751481735337 ], [ -99.05360959236971, 19.222743074075282 ], [ -99.05365435044844, 19.222695526057745 ], [ -99.053734381905514, 19.222637797499001 ], [ -99.053839985169333, 19.222561623283344 ], [ -99.053892655747518, 19.222549098608393 ], [ -99.053930835076031, 19.222519065321364 ], [ -99.053946613383971, 19.222445256465051 ], [ -99.053947899632504, 19.22235143717349 ], [ -99.053970273264341, 19.222311401180537 ], [ -99.053990008254701, 19.222256354936107 ], [ -99.054064515711985, 19.222210310276701 ], [ -99.054155140947287, 19.222143310755605 ], [ -99.054829050987593, 19.222166799886594 ], [ -99.054998683314807, 19.222040829141442 ], [ -99.055088721148678, 19.222030735671712 ], [ -99.055534208695363, 19.22201548361631 ], [ -99.055194018584444, 19.22117288899021 ], [ -99.054967533965694, 19.220826714352004 ], [ -99.054883094928357, 19.22073562315574 ], [ -99.054794839759722, 19.220706492287839 ], [ -99.054741120286792, 19.220691929703921 ], [ -99.054698907485147, 19.220666429688119 ], [ -99.054668196537392, 19.220615413607941 ], [ -99.054637407618046, 19.220476929280498 ], [ -99.05443006937044, 19.22015990910845 ], [ -99.054215227201283, 19.219908484043081 ], [ -99.054146124071565, 19.21978094134975 ], [ -99.054126910548334, 19.219689830505995 ], [ -99.054100027154462, 19.219609655906588 ], [ -99.053802742649509, 19.219396644657831 ], [ -99.052987111194042, 19.218789932379373 ], [ -99.052883475565238, 19.21865146518995 ], [ -99.052472712502905, 19.217911716998078 ], [ -99.052238539352558, 19.217485358483628 ], [ -99.052119511341772, 19.217197464088784 ], [ -99.051988947375193, 19.216825745652276 ], [ -99.051949917596374, 19.216662889929768 ], [ -99.051953875172288, 19.2166242150101 ], [ -99.052013252329331, 19.216043956936176 ], [ -99.051980137758036, 19.215886913378039 ], [ -99.051913770755334, 19.215674053672984 ], [ -99.051803268744408, 19.21551593469362 ], [ -99.051587525286365, 19.215255009596877 ], [ -99.051441640229996, 19.214956188255393 ], [ -99.05127655226083, 19.214591768226917 ], [ -99.051230459774757, 19.214420481954317 ], [ -99.058358199764356, 19.210563810483844 ], [ -99.058598490825545, 19.210669675447271 ], [ -99.058639076341635, 19.210687556151708 ], [ -99.058626662954708, 19.210894273621332 ], [ -99.058619425946077, 19.211067611747147 ], [ -99.058685160296662, 19.211203948214923 ], [ -99.058731425648119, 19.211321801743892 ], [ -99.058746145673524, 19.211668468628915 ], [ -99.058700013080596, 19.211925020386701 ], [ -99.058715987785419, 19.212085137887726 ], [ -99.058763508373588, 19.212275458199372 ], [ -99.058850553699429, 19.212410668678771 ], [ -99.058924405260385, 19.212510821547941 ], [ -99.058985079954482, 19.212623500701724 ], [ -99.058993032576808, 19.212746214470762 ], [ -99.058985165693983, 19.212863924500173 ], [ -99.058956220975588, 19.213016703116182 ], [ -99.058932571099376, 19.213232090391081 ], [ -99.058887780846646, 19.213307237229515 ], [ -99.058869394524635, 19.213497578651861 ], [ -99.058840447808123, 19.213645348411035 ], [ -99.058838013752947, 19.214213851292154 ], [ -99.058793248120821, 19.214359121696305 ], [ -99.058714187204203, 19.214439288303847 ], [ -99.058611407365504, 19.214542002193522 ], [ -99.058595634727467, 19.214669732369671 ], [ -99.058616796276667, 19.214870078747513 ], [ -99.058498189319494, 19.214947753488602 ], [ -99.058340017971091, 19.214970343638292 ], [ -99.058276755067553, 19.214995407909434 ], [ -99.058073899830632, 19.215398682993964 ], [ -99.058055485970741, 19.215513891879144 ], [ -99.057836642494408, 19.215433819825137 ], [ -99.057768171414779, 19.215644212209391 ], [ -99.05808458324708, 19.215791872623083 ], [ -99.058226969152358, 19.215859446615916 ], [ -99.058282374579107, 19.215979640875577 ], [ -99.058258718118907, 19.216180001515397 ], [ -99.058385274880578, 19.216215023032124 ], [ -99.058401114158571, 19.216275123918951 ], [ -99.058303571240074, 19.216280163807383 ], [ -99.058298346230828, 19.21641540382004 ], [ -99.058219249706994, 19.216397898069388 ], [ -99.058186537294631, 19.216489038121498 ], [ -99.058336708685218, 19.216639823347517 ], [ -99.058394486204705, 19.21675224406717 ], [ -99.058512925465266, 19.216968857273692 ], [ -99.058648639750601, 19.217053828830593 ], [ -99.05879013382409, 19.217155252936418 ], [ -99.058972066208014, 19.217316997105041 ], [ -99.059050067418084, 19.217470547359028 ], [ -99.059125158331412, 19.217558280500214 ], [ -99.059087683422177, 19.217711867957561 ], [ -99.059561178049648, 19.217826896185748 ], [ -99.060161667586485, 19.2178596090199 ], [ -99.060372365095901, 19.217730646112386 ], [ -99.060695647637928, 19.217590676034721 ], [ -99.060923673899836, 19.217483646088869 ], [ -99.061154540114899, 19.217250463714077 ], [ -99.061350771052901, 19.217039231982522 ], [ -99.061523905318765, 19.216825265375764 ], [ -99.061775075322544, 19.216852605048889 ], [ -99.061795422960287, 19.217225566951857 ], [ -99.061838796210722, 19.217412036695745 ], [ -99.061807120221246, 19.217625955927176 ], [ -99.061801425329051, 19.217837123970256 ], [ -99.06178706250445, 19.218029098011758 ], [ -99.061801554478507, 19.218182668479901 ], [ -99.061833349541075, 19.218286869599996 ], [ -99.061911327166868, 19.218369115779065 ], [ -99.062021041469364, 19.218399245262379 ], [ -99.062191369822244, 19.218399187530181 ], [ -99.062344347694648, 19.21832234786897 ], [ -99.062505988253562, 19.218250989958829 ], [ -99.062612759588717, 19.218133029574272 ], [ -99.06273394245396, 19.217954731017517 ], [ -99.062856989122579, 19.217689493553923 ], [ -99.062955908710649, 19.217413323115732 ], [ -99.063061224740366, 19.217158391684009 ], [ -99.063118639385834, 19.216939890295322 ], [ -99.063182349782593, 19.216478629344838 ], [ -99.06323018920186, 19.216281372477582 ], [ -99.063249312171209, 19.21616909059091 ], [ -99.063399447370813, 19.216175107644514 ], [ -99.063610289771475, 19.216220551586233 ], [ -99.064054292838705, 19.216202190121983 ], [ -99.064093599318468, 19.21674207281659 ], [ -99.064127134037633, 19.217248777882421 ], [ -99.064328903483201, 19.217682404865329 ], [ -99.064652107521169, 19.218222079321805 ], [ -99.064006326194828, 19.218756412240406 ], [ -99.064454988066444, 19.218903986459374 ], [ -99.064730127821306, 19.218892525505083 ], [ -99.06512504985669, 19.219273078249696 ], [ -99.065513834687351, 19.219255893708475 ], [ -99.06569960153665, 19.220119488146416 ], [ -99.065580238696882, 19.220790004489942 ], [ -99.065969056517773, 19.220846684694838 ], [ -99.066046613554136, 19.220340960588779 ], [ -99.06626197754683, 19.220420430540148 ], [ -99.066298278669592, 19.221448855631518 ], [ -99.066531611565324, 19.221585138536135 ], [ -99.066442256846443, 19.222499969491711 ], [ -99.066340611955113, 19.222602281934059 ], [ -99.066292994420138, 19.223187542897207 ], [ -99.065922120159485, 19.223142220908585 ], [ -99.065916188456612, 19.223267226553823 ], [ -99.066388929711181, 19.223761387888803 ], [ -99.066191751737492, 19.224295565100565 ], [ -99.066221816761924, 19.224687610643315 ], [ -99.06694859693998, 19.224882907703901 ], [ -99.069612686605709, 19.22695091866823 ], [ -99.070088353844213, 19.227320150710405 ], [ -99.06850800189703, 19.226719070302046 ], [ -99.068585174008774, 19.227431033735812 ], [ -99.069106066866837, 19.227659870264421 ], [ -99.069469566138665, 19.228160948895425 ], [ -99.069644405133275, 19.228439385329761 ], [ -99.069689985053941, 19.228925792489679 ], [ -99.069604478212895, 19.22905545195546 ], [ -99.0692010689272, 19.229530266248446 ], [ -99.068951459369316, 19.230114559036831 ], [ -99.068874246461363, 19.230978009824401 ], [ -99.068899222868424, 19.231378617451259 ], [ -99.068884407952268, 19.231548296110585 ], [ -99.068763726876838, 19.231691197952141 ], [ -99.068601719213788, 19.231883035247694 ], [ -99.06849267270583, 19.232161151385426 ], [ -99.068209956832618, 19.2324346190798 ], [ -99.067996786486461, 19.232901299289122 ], [ -99.06790165577705, 19.233254440818918 ], [ -99.068074488077627, 19.233274477670911 ], [ -99.068349609590285, 19.233307876888833 ], [ -99.068465974934597, 19.233244180186567 ], [ -99.06884110572615, 19.233389089776427 ], [ -99.068959837511073, 19.233434954563979 ], [ -99.069312579320155, 19.233528626145297 ], [ -99.069584130731428, 19.233458169588843 ], [ -99.070039050204898, 19.233300538167633 ], [ -99.070183743480598, 19.23350149296526 ], [ -99.069912290076985, 19.233803112092755 ], [ -99.069905343746782, 19.234057727647087 ], [ -99.070064088862821, 19.234124670369557 ], [ -99.070107491554751, 19.234248182945286 ], [ -99.070124121052189, 19.234295506042013 ], [ -99.069799845429088, 19.23479815537166 ], [ -99.069297483519833, 19.235457954683568 ], [ -99.069264028254068, 19.235501894404663 ], [ -99.069217489495784, 19.235609765383021 ], [ -99.069174144915962, 19.235710232520315 ], [ -99.069320773452858, 19.236245610468067 ], [ -99.069359624836721, 19.236372902173859 ], [ -99.06937556919074, 19.236545429830112 ], [ -99.069193052804124, 19.236937784534543 ], [ -99.069154398950474, 19.237020878296644 ], [ -99.069487505574571, 19.237065704480532 ], [ -99.069509846765499, 19.237135008597484 ], [ -99.069550450069286, 19.237233823151481 ], [ -99.069566145804828, 19.237327773445564 ], [ -99.069589346325017, 19.237466645084744 ], [ -99.069600028590315, 19.237706178068105 ], [ -99.069630050736123, 19.237804996619893 ], [ -99.069667123978547, 19.237896274603838 ], [ -99.069704197262098, 19.237987552579323 ], [ -99.069760768460768, 19.238312497350766 ], [ -99.069699105206695, 19.23845825315119 ], [ -99.069552872432737, 19.238798350823668 ], [ -99.069501826895717, 19.239031206883134 ], [ -99.069511558971328, 19.239108257050098 ], [ -99.069521291056134, 19.239185307215877 ], [ -99.069611447245009, 19.239386769989036 ], [ -99.069655449109774, 19.239485096238727 ], [ -99.069768408602727, 19.239699463957336 ], [ -99.070174049594698, 19.239741186010576 ], [ -99.070283400081607, 19.239761245066994 ], [ -99.070392750594849, 19.239781304057956 ], [ -99.07056212584061, 19.239948747229473 ], [ -99.070823253747776, 19.240223360124173 ], [ -99.070967916638921, 19.240337209791125 ], [ -99.071073767837007, 19.240420922908662 ], [ -99.071232522437569, 19.240494564883956 ], [ -99.071487586589569, 19.240608098256363 ], [ -99.071700545730138, 19.240762583216476 ], [ -99.071797099122222, 19.241020320570353 ], [ -99.0718255104062, 19.241465881633395 ], [ -99.071783291819855, 19.241713810541455 ], [ -99.071670517347272, 19.241934965738274 ], [ -99.071426445237691, 19.242201076114078 ], [ -99.070831514224295, 19.242481297655143 ], [ -99.070478581979756, 19.242545158881189 ], [ -99.069967102574509, 19.242468301271511 ], [ -99.069681378173399, 19.242421507930274 ], [ -99.069276788155307, 19.242745876362882 ], [ -99.069014317699811, 19.243057642817675 ], [ -99.068913549418255, 19.243255145600841 ], [ -99.068856393696691, 19.243343115924919 ], [ -99.068858975410365, 19.243422990540761 ], [ -99.06888797073043, 19.243551142000022 ], [ -99.068865606107266, 19.243610693710632 ], [ -99.068843241468031, 19.243670245418254 ], [ -99.068756736139107, 19.243831895445844 ], [ -99.068555551065757, 19.24412110092165 ], [ -99.068318147235303, 19.244424657198856 ], [ -99.067870453631883, 19.244662996916631 ], [ -99.067470485063296, 19.244807749925769 ], [ -99.067216734795963, 19.244805007897025 ], [ -99.067109309530863, 19.24491562770989 ], [ -99.066831805360749, 19.245230458053896 ], [ -99.066730361607739, 19.24536942940172 ], [ -99.066723891766742, 19.245453724532723 ], [ -99.066721458434742, 19.245499860795292 ], [ -99.066823098513765, 19.245845741834891 ], [ -99.066859062228772, 19.246191646808413 ], [ -99.066841235324816, 19.246401472494025 ], [ -99.066922026108756, 19.246863612213325 ], [ -99.066918386799927, 19.247526455805257 ], [ -99.066816947043407, 19.248000735342679 ], [ -99.06660503513352, 19.248470858206808 ], [ -99.066355386574486, 19.248758078176856 ], [ -99.066105906237908, 19.248957872128422 ], [ -99.065770148714591, 19.249138457039368 ], [ -99.065323905058278, 19.249281309288452 ], [ -99.064621316441645, 19.249289952420185 ], [ -99.063692315092325, 19.249183437925243 ], [ -99.063406670288373, 19.249147077834809 ], [ -99.062858128414518, 19.249080724795263 ], [ -99.062257135181795, 19.248988599863786 ], [ -99.061757728069736, 19.24877053362388 ], [ -99.061603032354625, 19.248669861703178 ], [ -99.061244970898613, 19.248296463479132 ], [ -99.060878093621156, 19.247977626340642 ], [ -99.060228348856484, 19.247474220956864 ], [ -99.059532983442665, 19.247519349522555 ], [ -99.058805499257375, 19.247883070957531 ], [ -99.058753672368695, 19.248259668866829 ], [ -99.058672348167832, 19.248850604269482 ], [ -99.057859539012242, 19.249001061888453 ], [ -99.057706878434502, 19.249029320175918 ], [ -99.057074200898157, 19.249146430702769 ], [ -99.05682251211941, 19.24919301840302 ], [ -99.056738166931368, 19.249208630649928 ], [ -99.055619436678754, 19.249415703033922 ], [ -99.05514188450968, 19.249504093741319 ] ] ] ] } },
{ "type": "Feature", "properties": { "id": 5386.0, "entidad": 9, "distrito_f": 21, "distrito_l": 25, "municipio": 13, "seccion": 4263, "tipo": 3, "control": 37229.0, "SECCION_TX": "4263", "SECCION__1": null, "SECCION__2": null, "SECCION_N": "4263", "ESTATUS": null, "ALCALDIA_N": "XOCHIMILCO", "EN_OPERATI": null, "EN_OP": "NO", "SEC_N": "4263", "EST": null, "ALC_N": "XOCHIMILCO", "OP": "NO", "NOMBRE": "JOYAS DE GUADALUPE" }, "geometry": { "type": "MultiPolygon", "coordinates": [ [ [ [ -99.115996348214679, 19.228835137073826 ], [ -99.115723391196681, 19.228709983999082 ], [ -99.115234264285704, 19.228231018079047 ], [ -99.115044424512178, 19.228018190659661 ], [ -99.115009329954304, 19.227978846429057 ], [ -99.114887109424188, 19.227841825760571 ], [ -99.114722640436483, 19.227750265577424 ], [ -99.114524318544639, 19.227639859087944 ], [ -99.114224644676014, 19.227505250297913 ], [ -99.114070771992317, 19.227414901368871 ], [ -99.113727770825236, 19.227213501650184 ], [ -99.112224290796917, 19.226883581178281 ], [ -99.112370889086037, 19.226241943401401 ], [ -99.112481033237046, 19.226115750949784 ], [ -99.112583604817544, 19.225906273088484 ], [ -99.113270782504145, 19.224101939455917 ], [ -99.113719054388895, 19.223901833572583 ], [ -99.113779835396116, 19.223736148800299 ], [ -99.113981935838368, 19.223793868162925 ], [ -99.114051087516543, 19.223725462857409 ], [ -99.114203355791645, 19.223770066402786 ], [ -99.114314470455227, 19.223743230590909 ], [ -99.11452984909873, 19.223645527766767 ], [ -99.114720102962352, 19.223443132978243 ], [ -99.114842498243917, 19.222926658188264 ], [ -99.114946585691328, 19.222674610412938 ], [ -99.115380045639611, 19.222487121289483 ], [ -99.115695111383076, 19.222097511958872 ], [ -99.115939513717137, 19.222119823456161 ], [ -99.11616018686756, 19.222029819681225 ], [ -99.116238984356755, 19.221977349040902 ], [ -99.116357259557361, 19.222010972959904 ], [ -99.116475534805673, 19.222044596802267 ], [ -99.116885510501433, 19.222096756363133 ], [ -99.117130024407544, 19.222276328183426 ], [ -99.117139972666266, 19.222571758450385 ], [ -99.117143955501817, 19.222720658840974 ], [ -99.117731128211588, 19.222329215082787 ], [ -99.117769154702771, 19.222338822709521 ], [ -99.117966083013954, 19.22238605098207 ], [ -99.11800391448584, 19.222396045405823 ], [ -99.11804185385644, 19.222406068325384 ], [ -99.118224552131835, 19.222453767744632 ], [ -99.118247465273129, 19.222398900191553 ], [ -99.118278046433105, 19.222324023230239 ], [ -99.118319059218862, 19.222228760070564 ], [ -99.118427662179442, 19.222085455309163 ], [ -99.1184514938316, 19.222044780401717 ], [ -99.118718960168692, 19.221733789303297 ], [ -99.118914087567759, 19.221715018224419 ], [ -99.118950780815609, 19.221715026927793 ], [ -99.118986902008714, 19.222728195861684 ], [ -99.119885747592491, 19.222907337830552 ], [ -99.119910439842897, 19.2227084692685 ], [ -99.119913179510888, 19.22268640426638 ], [ -99.121040509487941, 19.222678174258576 ], [ -99.120858757303182, 19.222086689721564 ], [ -99.12144594786551, 19.222032248698802 ], [ -99.121875651525158, 19.221992407765566 ], [ -99.121907296289862, 19.221993618649485 ], [ -99.122356554684117, 19.222010808888029 ], [ -99.122309833073047, 19.222793405533579 ], [ -99.122235136687522, 19.22305930296497 ], [ -99.122199791108315, 19.223235310148599 ], [ -99.122160828104484, 19.223492105457641 ], [ -99.12219732041396, 19.223518982381574 ], [ -99.122684137896883, 19.222477841304197 ], [ -99.123437701630024, 19.220866190057119 ], [ -99.123831179107057, 19.220823907994049 ], [ -99.124354002406804, 19.220852983522562 ], [ -99.124389664050199, 19.221927141215879 ], [ -99.124525618882586, 19.222475175872262 ], [ -99.124475629129932, 19.22288366394875 ], [ -99.12446102437282, 19.224281621821081 ], [ -99.124529676056355, 19.225725614693186 ], [ -99.124103825858654, 19.226789521768762 ], [ -99.124366691173407, 19.22706430249514 ], [ -99.124382686772847, 19.227367582371269 ], [ -99.124324631905779, 19.227545090300943 ], [ -99.124400421307413, 19.228305708595954 ], [ -99.124405025657794, 19.228358456278219 ], [ -99.124759524178572, 19.228311535543899 ], [ -99.124863112360799, 19.228974454680419 ], [ -99.125518521097192, 19.229042984291031 ], [ -99.125493162490073, 19.229712657727283 ], [ -99.125540303594974, 19.229730211935021 ], [ -99.125587444709851, 19.22974776613054 ], [ -99.125715615891082, 19.230080223198268 ], [ -99.126123442580095, 19.230641231344663 ], [ -99.126133072073586, 19.230682704736207 ], [ -99.125124104845781, 19.230586839609522 ], [ -99.12510760185647, 19.230559234165941 ], [ -99.125050540234568, 19.230365365764534 ], [ -99.124667961442881, 19.230331112604773 ], [ -99.124630626206653, 19.230325967389213 ], [ -99.124588317913066, 19.230322956170415 ], [ -99.1242673930048, 19.230275986526781 ], [ -99.124342178210711, 19.229552938859975 ], [ -99.124131539786788, 19.229547244647513 ], [ -99.12400335576794, 19.22962641119976 ], [ -99.124124130963125, 19.229918199630035 ], [ -99.124067451844738, 19.229955691537583 ], [ -99.123830216676822, 19.229922259070165 ], [ -99.12372910788136, 19.229908010172345 ], [ -99.123186316656941, 19.229831515565689 ], [ -99.122733717603694, 19.229767730296317 ], [ -99.122058994582673, 19.229710788755103 ], [ -99.122185088091868, 19.22916729739822 ], [ -99.122231426633121, 19.228536365972477 ], [ -99.122094001394473, 19.227314752520094 ], [ -99.121751098086733, 19.227291899280509 ], [ -99.121728304687792, 19.227002394805627 ], [ -99.121366842943146, 19.227135806706361 ], [ -99.119758047108959, 19.226828467194384 ], [ -99.119700108729845, 19.226911143517178 ], [ -99.119684335655151, 19.226933651202298 ], [ -99.119161282338084, 19.228097495342499 ], [ -99.119052539234431, 19.228193950667336 ], [ -99.118601516179694, 19.228594007017378 ], [ -99.118548493598041, 19.227967412079565 ], [ -99.11737897721143, 19.227646562159578 ], [ -99.117310350203326, 19.227845009458733 ], [ -99.117048201956678, 19.228603053496304 ], [ -99.116885606692435, 19.229073220308514 ], [ -99.116459119660632, 19.228960981570019 ], [ -99.115996348214679, 19.228835137073826 ] ] ] ] } },
{ "type": "Feature", "properties": { "id": 5387.0, "entidad": 9, "distrito_f": 21, "distrito_l": 25, "municipio": 13, "seccion": 4264, "tipo": 3, "control": 37489.0, "SECCION_TX": "4264", "SECCION__1": null, "SECCION__2": null, "SECCION_N": "4264", "ESTATUS": null, "ALCALDIA_N": "XOCHIMILCO", "EN_OPERATI": null, "EN_OP": "NO", "SEC_N": "4264", "EST": null, "ALC_N": "XOCHIMILCO", "OP": "NO", "NOMBRE": "JOYAS DE GUADALUPE" }, "geometry": { "type": "MultiPolygon", "coordinates": [ [ [ [ -99.133092887391086, 19.228402873913865 ], [ -99.130620142355184, 19.227537826603513 ], [ -99.127771710289935, 19.226317164212464 ], [ -99.129059032951687, 19.225185278412621 ], [ -99.127985461785428, 19.225313966258383 ], [ -99.127430810730345, 19.224849553615748 ], [ -99.126778073121287, 19.223889499480453 ], [ -99.125474166476224, 19.222160997002629 ], [ -99.124475629129932, 19.22288366394875 ], [ -99.124525618882586, 19.222475175872262 ], [ -99.124389664050199, 19.221927141215879 ], [ -99.124354002406804, 19.220852983522562 ], [ -99.123831179107057, 19.220823907994049 ], [ -99.123437701630024, 19.220866190057119 ], [ -99.122684137896883, 19.222477841304197 ], [ -99.12219732041396, 19.223518982381574 ], [ -99.122160828104484, 19.223492105457641 ], [ -99.122199791108315, 19.223235310148599 ], [ -99.122235136687522, 19.22305930296497 ], [ -99.122309833073047, 19.222793405533579 ], [ -99.122356554684117, 19.222010808888029 ], [ -99.121907296289862, 19.221993618649485 ], [ -99.121875651525158, 19.221992407765566 ], [ -99.12144594786551, 19.222032248698802 ], [ -99.120858757303196, 19.222086689721564 ], [ -99.121040509487941, 19.222678174258576 ], [ -99.119913179510888, 19.22268640426638 ], [ -99.119910439842897, 19.2227084692685 ], [ -99.119885747592491, 19.222907337830552 ], [ -99.118986902008714, 19.222728195861684 ], [ -99.118950780815609, 19.221715026927793 ], [ -99.118914087567759, 19.221715018224419 ], [ -99.118718960168692, 19.221733789303297 ], [ -99.1184514938316, 19.222044780401717 ], [ -99.118427662179442, 19.222085455309163 ], [ -99.118319059218862, 19.222228760070564 ], [ -99.118278046433105, 19.222324023230239 ], [ -99.118247465273129, 19.222398900191553 ], [ -99.118224552131835, 19.222453767744632 ], [ -99.11804185385644, 19.222406068325384 ], [ -99.11800391448584, 19.222396045405823 ], [ -99.117966083013954, 19.22238605098207 ], [ -99.117769154702771, 19.222338822709521 ], [ -99.117731128211588, 19.222329215082787 ], [ -99.117143955501817, 19.222720658840974 ], [ -99.117139972666266, 19.222571758450385 ], [ -99.117130024407544, 19.222276328183426 ], [ -99.116885510501433, 19.222096756363133 ], [ -99.116475534805673, 19.222044596802267 ], [ -99.116357259557361, 19.222010972959904 ], [ -99.116238984356755, 19.221977349040902 ], [ -99.116160186867575, 19.222029819681225 ], [ -99.115939513717137, 19.222119823456072 ], [ -99.115695111383076, 19.222097511958872 ], [ -99.115380045639611, 19.222487121289483 ], [ -99.114946585691328, 19.222674610412938 ], [ -99.114842498243917, 19.222926658188264 ], [ -99.114720102962352, 19.223443132978243 ], [ -99.11452984909873, 19.223645527766767 ], [ -99.114314470455227, 19.223743230590909 ], [ -99.114261823655795, 19.223688529997677 ], [ -99.113869396475479, 19.223483897866561 ], [ -99.11366304919845, 19.223376297021098 ], [ -99.113750474445766, 19.223118544309699 ], [ -99.113705142110973, 19.22294677348318 ], [ -99.113625578316871, 19.222930799258776 ], [ -99.113355749030831, 19.222876624668881 ], [ -99.113719675436442, 19.222075340989118 ], [ -99.113004831647501, 19.221828630987805 ], [ -99.113050843360313, 19.221687819624773 ], [ -99.112243767358592, 19.221413006924283 ], [ -99.112151787198485, 19.221760327943002 ], [ -99.111851025260705, 19.221516162905679 ], [ -99.112274587477316, 19.220613630243413 ], [ -99.112767728194669, 19.219562825006864 ], [ -99.1120017678181, 19.21923084937232 ], [ -99.111713308902026, 19.21913798275272 ], [ -99.111419863043295, 19.219060004699653 ], [ -99.110655069059661, 19.217939023075257 ], [ -99.110270811103348, 19.217386879021142 ], [ -99.109967554760487, 19.217373691443576 ], [ -99.109921721514553, 19.217358679978361 ], [ -99.109832022970821, 19.217399318026867 ], [ -99.109745790925388, 19.217403270583496 ], [ -99.109597913580885, 19.217333143057953 ], [ -99.109248765678473, 19.217177315923241 ], [ -99.10897357736728, 19.217087759294028 ], [ -99.108752008499792, 19.217062442714447 ], [ -99.108520459995319, 19.217031159892471 ], [ -99.108350840454861, 19.216866304760487 ], [ -99.108243255511724, 19.216728905418755 ], [ -99.108181160872547, 19.216609152966292 ], [ -99.108157981997621, 19.216376361987873 ], [ -99.108149957544725, 19.216310680452672 ], [ -99.107659197253653, 19.21615584619305 ], [ -99.107642197251778, 19.21534983361687 ], [ -99.107619342029693, 19.215095505153464 ], [ -99.107591926515568, 19.214806692320092 ], [ -99.107228037041821, 19.213487776315759 ], [ -99.107200178260484, 19.212513533614612 ], [ -99.107327179747074, 19.212422930794155 ], [ -99.107381583725953, 19.212345303074496 ], [ -99.107322197166269, 19.211737503641988 ], [ -99.107362897863752, 19.211521935334055 ], [ -99.107299239503192, 19.211323672072695 ], [ -99.10744878356968, 19.211008890131072 ], [ -99.107500629591271, 19.210609325738098 ], [ -99.107584508963939, 19.210379421810629 ], [ -99.107738687703289, 19.210215517749162 ], [ -99.108051362442581, 19.209551457893735 ], [ -99.108559274580898, 19.209064028124928 ], [ -99.109152317551832, 19.206934099930272 ], [ -99.109432786119157, 19.205619113281426 ], [ -99.109912579086526, 19.205425053774103 ], [ -99.110516003650289, 19.205627644815284 ], [ -99.110670449760008, 19.205494093100807 ], [ -99.110877741257127, 19.205604075808349 ], [ -99.110991048801878, 19.205735277522471 ], [ -99.111545487097544, 19.206247638620802 ], [ -99.112728887521328, 19.206915422799032 ], [ -99.113753176927474, 19.207418539356052 ], [ -99.114466306304621, 19.207452819399208 ], [ -99.116112214703236, 19.20785131019586 ], [ -99.116807221034065, 19.208111442722938 ], [ -99.117465820150613, 19.208597400346751 ], [ -99.11805117183647, 19.208927066560292 ], [ -99.118343556541689, 19.208683687573455 ], [ -99.11869064543005, 19.208231824445448 ], [ -99.11874517579335, 19.207780150386224 ], [ -99.119066227157205, 19.207836758932089 ], [ -99.119239040375959, 19.208023017803519 ], [ -99.119239415961715, 19.208544137376581 ], [ -99.119623674631484, 19.208926041312822 ], [ -99.119769840775092, 19.208769608857267 ], [ -99.119659628832053, 19.208074852491425 ], [ -99.119183823036181, 19.207519299571128 ], [ -99.118954938813431, 19.207067808626412 ], [ -99.11936566182554, 19.206120838144315 ], [ -99.119612215190472, 19.205721150690231 ], [ -99.119822254938128, 19.205399655295832 ], [ -99.119947862171827, 19.205288283683988 ], [ -99.120154754169889, 19.205250704818472 ], [ -99.12035182546191, 19.205258064240983 ], [ -99.120619796810573, 19.205205467388272 ], [ -99.120895724476227, 19.205253962066251 ], [ -99.121050503439307, 19.205320676782609 ], [ -99.121112565417036, 19.205347427441225 ], [ -99.121278213333227, 19.205500835857961 ], [ -99.121345328397553, 19.205654309362625 ], [ -99.121656715201354, 19.205684057719136 ], [ -99.121845871326471, 19.205646488713896 ], [ -99.122208509275083, 19.205694923761222 ], [ -99.122231437526082, 19.205570099330792 ], [ -99.122436189240545, 19.204455395513435 ], [ -99.123303419785486, 19.204649520007454 ], [ -99.123618489772497, 19.204755652608476 ], [ -99.124257456680269, 19.204970889111273 ], [ -99.124576792963268, 19.205090491267008 ], [ -99.124758245776263, 19.205292562198142 ], [ -99.124860903671021, 19.205535874349707 ], [ -99.124845254204416, 19.20568940290234 ], [ -99.124754696849067, 19.205813027727203 ], [ -99.124707623827518, 19.206108862516569 ], [ -99.124794578919818, 19.206434560811619 ], [ -99.125086589405441, 19.206898659779011 ], [ -99.125264208359695, 19.207239273286643 ], [ -99.125481079901874, 19.207366432472565 ], [ -99.125914823983308, 19.207620750063104 ], [ -99.126131856373647, 19.207957591277719 ], [ -99.126538451454806, 19.20878480968598 ], [ -99.127071354370912, 19.209844088476117 ], [ -99.127304304737763, 19.21037187833257 ], [ -99.12741494474119, 19.210735002110543 ], [ -99.127388376959544, 19.210858289921408 ], [ -99.127356033479145, 19.211008379614523 ], [ -99.12728924198727, 19.211285506901326 ], [ -99.127297398643663, 19.211641213180549 ], [ -99.127384422356926, 19.21204554101876 ], [ -99.127589636245418, 19.212378644178106 ], [ -99.127948577899645, 19.212722872847845 ], [ -99.128216820063386, 19.213007254898223 ], [ -99.129866484688407, 19.210610427672066 ], [ -99.1305399662415, 19.209757388117527 ], [ -99.130930399691891, 19.209357344115951 ], [ -99.13117503158135, 19.209202158090932 ], [ -99.131600066715777, 19.20912026864454 ], [ -99.13186201641291, 19.209144555846233 ], [ -99.132132606189884, 19.209234104289905 ], [ -99.132347437005436, 19.209401198159991 ], [ -99.132708478491111, 19.209837415818306 ], [ -99.132854451783302, 19.209969781863414 ], [ -99.132875036900245, 19.209995164234595 ], [ -99.132932658934905, 19.21004591703965 ], [ -99.133031394761716, 19.210077103614942 ], [ -99.133152721957174, 19.210071154609995 ], [ -99.13325141063136, 19.210043731967261 ], [ -99.133325399561855, 19.209988976309059 ], [ -99.133389057254846, 19.209873665367102 ], [ -99.13419062921335, 19.209437426267954 ], [ -99.136622487488822, 19.209444006753902 ], [ -99.136657177244345, 19.209650314027076 ], [ -99.136839297736387, 19.210414659680652 ], [ -99.137832786188596, 19.211852437035155 ], [ -99.137858888678736, 19.21408085369875 ], [ -99.137905132811881, 19.218028606534432 ], [ -99.137906932831996, 19.218182265046988 ], [ -99.137918509048475, 19.219170458554654 ], [ -99.138439002664384, 19.219017196781312 ], [ -99.138889339411321, 19.218884591603565 ], [ -99.139528488795349, 19.219109755126169 ], [ -99.140097474225513, 19.219314038374534 ], [ -99.141004354498307, 19.22046128786041 ], [ -99.141358042239204, 19.222087135093059 ], [ -99.141006965301415, 19.223522291398197 ], [ -99.14065761511327, 19.224082671117877 ], [ -99.140503082932455, 19.224337982314232 ], [ -99.13986395325972, 19.224345972756584 ], [ -99.139448305945095, 19.224178919464848 ], [ -99.139050939745047, 19.223859469550518 ], [ -99.138687636377966, 19.223390109226809 ], [ -99.138490248724892, 19.223205401927679 ], [ -99.138253448470437, 19.223060693157556 ], [ -99.137845730697961, 19.222936097259947 ], [ -99.137435489690446, 19.222938903538598 ], [ -99.137285628442129, 19.222981482966109 ], [ -99.137067440869785, 19.22308156884521 ], [ -99.13680459660246, 19.22324164132063 ], [ -99.136560286103759, 19.223554081421184 ], [ -99.136442154555766, 19.223806473756856 ], [ -99.136395142175061, 19.224198704568703 ], [ -99.13649298460966, 19.224853124014622 ], [ -99.136545989087054, 19.225347700815082 ], [ -99.136488446993042, 19.225727449124847 ], [ -99.136218118237252, 19.22638464062814 ], [ -99.135545722666379, 19.22698434360867 ], [ -99.134850749138636, 19.227474928722042 ], [ -99.133864213307803, 19.228029646971315 ], [ -99.133092887391086, 19.228402873913865 ] ] ] ] } },
{ "type": "Feature", "properties": { "id": 1336.0, "entidad": 9, "distrito_f": 5, "distrito_l": 19, "municipio": 13, "seccion": 4192, "tipo": 2, "control": 36516.0, "SECCION_TX": "4192", "SECCION__1": null, "SECCION__2": null, "SECCION_N": "4192", "ESTATUS": null, "ALCALDIA_N": "XOCHIMILCO", "EN_OPERATI": null, "EN_OP": "NO", "SEC_N": "4192", "EST": null, "ALC_N": "XOCHIMILCO", "OP": "NO", "NOMBRE": "VILLA DE LA NORIA" }, "geometry": { "type": "MultiPolygon", "coordinates": [ [ [ [ -99.126515424784387, 19.266338527407267 ], [ -99.125056772376041, 19.266035158542561 ], [ -99.124972185315443, 19.26603218515265 ], [ -99.124661721445378, 19.266021271443375 ], [ -99.124018277965988, 19.266087774280205 ], [ -99.124681842075461, 19.26634450580778 ], [ -99.12415782159556, 19.267199790337397 ], [ -99.124058049730749, 19.267151686897119 ], [ -99.121946256389649, 19.26606943995127 ], [ -99.11904800388227, 19.264584087038951 ], [ -99.119309106275921, 19.263970970372831 ], [ -99.119265618766846, 19.263948292776487 ], [ -99.118380696043189, 19.263486825143634 ], [ -99.118679802616413, 19.262925765125026 ], [ -99.11809744586138, 19.262629684271513 ], [ -99.118199862922211, 19.262372976108981 ], [ -99.118868027178095, 19.26069820268085 ], [ -99.119096273055888, 19.2607747033816 ], [ -99.118830742036025, 19.261628825252615 ], [ -99.120025548678555, 19.262175858591188 ], [ -99.120809982316786, 19.260159225213489 ], [ -99.121503281580956, 19.258559630394704 ], [ -99.121836693933588, 19.25798950692316 ], [ -99.121750844140621, 19.257833613480951 ], [ -99.12227665494602, 19.256636877212816 ], [ -99.122394285486877, 19.256369149557937 ], [ -99.122687234208712, 19.256947848311761 ], [ -99.123852285722933, 19.259215440403263 ], [ -99.125347334617487, 19.262144656323521 ], [ -99.125506117806765, 19.262575932020756 ], [ -99.125811633576959, 19.263405745552763 ], [ -99.125899126814176, 19.263999114196185 ], [ -99.126050926007196, 19.265028587580215 ], [ -99.126108830137241, 19.265421278902249 ], [ -99.126515424784387, 19.266338527407267 ] ] ] ] } },
{ "type": "Feature", "properties": { "id": 1366.0, "entidad": 9, "distrito_f": 5, "distrito_l": 25, "municipio": 13, "seccion": 4268, "tipo": 2, "control": 36995.0, "SECCION_TX": "4268", "SECCION__1": null, "SECCION__2": null, "SECCION_N": "4268", "ESTATUS": null, "ALCALDIA_N": "XOCHIMILCO", "EN_OPERATI": null, "EN_OP": "NO", "SEC_N": "4268", "EST": null, "ALC_N": "XOCHIMILCO", "OP": "NO", "NOMBRE": "LORETO Y PE�A POBRE" }, "geometry": { "type": "MultiPolygon", "coordinates": [ [ [ [ -99.114917857348104, 19.248799482802877 ], [ -99.114711198011733, 19.247783511342515 ], [ -99.114452081167755, 19.246509631685395 ], [ -99.114428305651643, 19.246392744601529 ], [ -99.114385596275923, 19.246182772937736 ], [ -99.114345632211169, 19.24598629751355 ], [ -99.114325818505762, 19.245888887167187 ], [ -99.114501506290978, 19.245759390475023 ], [ -99.114791597006928, 19.24584268415019 ], [ -99.114826780077649, 19.245882312891226 ], [ -99.115531224494632, 19.246263531340109 ], [ -99.116103268990926, 19.246595266036859 ], [ -99.116364822528936, 19.2467069733286 ], [ -99.116557850422751, 19.246833553867024 ], [ -99.11687340550148, 19.246966776220958 ], [ -99.117294924667192, 19.247083544787955 ], [ -99.117755847034118, 19.247158153263758 ], [ -99.118098278651004, 19.24784508899107 ], [ -99.114986315733645, 19.248778940229197 ], [ -99.114917857348104, 19.248799482802877 ] ] ] ] } },
{ "type": "Feature", "properties": { "id": 1363.0, "entidad": 9, "distrito_f": 5, "distrito_l": 19, "municipio": 13, "seccion": 4240, "tipo": 2, "control": 36996.0, "SECCION_TX": "4240", "SECCION__1": null, "SECCION__2": null, "SECCION_N": "4240", "ESTATUS": null, "ALCALDIA_N": "XOCHIMILCO", "EN_OPERATI": null, "EN_OP": "NO", "SEC_N": "4240", "EST": null, "ALC_N": "XOCHIMILCO", "OP": "NO", "NOMBRE": "LORETO Y PE�A POBRE" }, "geometry": { "type": "MultiPolygon", "coordinates": [ [ [ [ -99.114917857348104, 19.248799482802877 ], [ -99.110773039943027, 19.249699902292289 ], [ -99.111240912502765, 19.24910974577319 ], [ -99.111610240401816, 19.248580508049407 ], [ -99.112901192287168, 19.247337581080519 ], [ -99.113595363466388, 19.246669222347698 ], [ -99.114325818505762, 19.245888887167187 ], [ -99.114345632211169, 19.24598629751355 ], [ -99.114385596275923, 19.246182772937736 ], [ -99.114428305651643, 19.246392744601529 ], [ -99.114452081167755, 19.246509631685395 ], [ -99.114711198011733, 19.247783511342515 ], [ -99.114917857348104, 19.248799482802877 ] ] ] ] } },
{ "type": "Feature", "properties": { "id": 5358.0, "entidad": 9, "distrito_f": 21, "distrito_l": 25, "municipio": 13, "seccion": 4241, "tipo": 2, "control": 37047.0, "SECCION_TX": "4241", "SECCION__1": null, "SECCION__2": null, "SECCION_N": "4241", "ESTATUS": null, "ALCALDIA_N": "XOCHIMILCO", "EN_OPERATI": null, "EN_OP": "NO", "SEC_N": "4241", "EST": null, "ALC_N": "XOCHIMILCO", "OP": "NO", "NOMBRE": "LORETO Y PE�A POBRE" }, "geometry": { "type": "MultiPolygon", "coordinates": [ [ [ [ -99.110034387029984, 19.250781781152593 ], [ -99.106839658775158, 19.249838005485579 ], [ -99.106642510377682, 19.249866209665569 ], [ -99.106406006017252, 19.250229000120711 ], [ -99.106379308273119, 19.250225408559391 ], [ -99.106242172877501, 19.250206960112941 ], [ -99.10659573103797, 19.249179415558213 ], [ -99.10683287181817, 19.248267090517562 ], [ -99.107344944718264, 19.24632539385798 ], [ -99.10740816372477, 19.245717006861003 ], [ -99.107419943820958, 19.245070981474544 ], [ -99.107337209056325, 19.24448295037708 ], [ -99.107495673650334, 19.244268483510712 ], [ -99.107666413681969, 19.244169887051882 ], [ -99.10793707767381, 19.244131447691075 ], [ -99.107979801753501, 19.24400375508019 ], [ -99.108085970406407, 19.243586663964365 ], [ -99.108054679671369, 19.243211778057614 ], [ -99.10805016325132, 19.243182355462459 ], [ -99.108014593406807, 19.24295063236362 ], [ -99.107868055471982, 19.242672699779597 ], [ -99.107783652376241, 19.242462129039271 ], [ -99.10777457337845, 19.242141991276739 ], [ -99.107805544256323, 19.242028237984922 ], [ -99.108053482496018, 19.241991203676388 ], [ -99.108173614649544, 19.241973259519572 ], [ -99.108359539714357, 19.241446598361051 ], [ -99.10839278700422, 19.241423410424108 ], [ -99.108549415153036, 19.241411997838295 ], [ -99.108596787259586, 19.241408546080621 ], [ -99.108831740853063, 19.241254653591259 ], [ -99.108916093259637, 19.241387294325616 ], [ -99.108988460077711, 19.241470462907724 ], [ -99.109031490812185, 19.241519916529917 ], [ -99.109212097806292, 19.24159244277838 ], [ -99.109412969311521, 19.241622892945188 ], [ -99.109456209554949, 19.241621287441149 ], [ -99.109507211752913, 19.24162073038606 ], [ -99.110081363995832, 19.241723316263261 ], [ -99.110282955803001, 19.241720798870883 ], [ -99.110432546004319, 19.241779893906489 ], [ -99.110494272804175, 19.241804278793957 ], [ -99.110753367294592, 19.241875785662319 ], [ -99.110962129584806, 19.241899547048625 ], [ -99.111070978000555, 19.241941209594607 ], [ -99.111367151756554, 19.242054571881223 ], [ -99.111393201182437, 19.242065799087861 ], [ -99.111588537873416, 19.242149988314814 ], [ -99.111443671906727, 19.242622578335336 ], [ -99.111417892120059, 19.242706678330695 ], [ -99.111312335036004, 19.242816626493465 ], [ -99.111171519131318, 19.242854932573714 ], [ -99.11115378734975, 19.242875168885863 ], [ -99.111045864026352, 19.242998335725723 ], [ -99.110959749151633, 19.243166086049293 ], [ -99.110940370705137, 19.243203834883541 ], [ -99.110960894304085, 19.243346536282196 ], [ -99.111116287270093, 19.244070964552471 ], [ -99.111137202651975, 19.244183115725761 ], [ -99.111167515134369, 19.244378977354373 ], [ -99.111846257466226, 19.244592514837464 ], [ -99.111969417650386, 19.244631261634964 ], [ -99.112204020119435, 19.244705068441025 ], [ -99.112460049032663, 19.244785615665961 ], [ -99.11260634283569, 19.244831639801863 ], [ -99.112728270503112, 19.244869998224637 ], [ -99.11295215360586, 19.244940431550777 ], [ -99.113140205252705, 19.244999592089663 ], [ -99.113345988832975, 19.245064330775893 ], [ -99.113526283667184, 19.245121050572571 ], [ -99.113592552042149, 19.245141898196529 ], [ -99.113680883363102, 19.24519117503305 ], [ -99.114020277961004, 19.245380510281137 ], [ -99.11417126463671, 19.245499855178149 ], [ -99.114325818505762, 19.245888887167187 ], [ -99.113595363466388, 19.246669222347698 ], [ -99.112901192287168, 19.247337581080519 ], [ -99.111610240401816, 19.248580508049407 ], [ -99.111240912502765, 19.24910974577319 ], [ -99.110773039943027, 19.249699902292289 ], [ -99.110034387029984, 19.250781781152593 ] ] ] ] } },
{ "type": "Feature", "properties": { "id": 5369.0, "entidad": 9, "distrito_f": 21, "distrito_l": 25, "municipio": 13, "seccion": 4249, "tipo": 2, "control": 37199.0, "SECCION_TX": "4249", "SECCION__1": null, "SECCION__2": null, "SECCION_N": "4249", "ESTATUS": "COMPLETA", "ALCALDIA_N": "XOCHIMILCO", "EN_OPERATI": null, "EN_OP": "SI", "SEC_N": "4249", "EST": "COMPLETA", "ALC_N": "XOCHIMILCO", "OP": "SI", "NOMBRE": "LORETO Y PE�A POBRE" }, "geometry": { "type": "MultiPolygon", "coordinates": [ [ [ [ -99.111137202651975, 19.244183115725761 ], [ -99.111611110698675, 19.244090780125877 ], [ -99.111830057995974, 19.24407040180056 ], [ -99.112355043322168, 19.244021538170387 ], [ -99.11278297881853, 19.243996261598863 ], [ -99.113118808351402, 19.244071094502043 ], [ -99.113454694044336, 19.244227220241321 ], [ -99.113830157059084, 19.244489627615536 ], [ -99.113961092853486, 19.244302819704323 ], [ -99.114014325018019, 19.24422687248984 ], [ -99.114066957287534, 19.244170559589637 ], [ -99.114145948854585, 19.244148623636029 ], [ -99.114488326338773, 19.244170296503547 ], [ -99.114517702300361, 19.243807584100431 ], [ -99.114692508554569, 19.243359967564963 ], [ -99.114372471508872, 19.243251127148653 ], [ -99.114556272821346, 19.24246309060651 ], [ -99.114589150713599, 19.242403663237308 ], [ -99.114720464382955, 19.241881426553341 ], [ -99.114867382602682, 19.241383035673046 ], [ -99.114878103647413, 19.241346666535996 ], [ -99.114943780390959, 19.241115251465821 ], [ -99.115001278418703, 19.240957318335923 ], [ -99.115027556848275, 19.240876008310522 ], [ -99.115070186803507, 19.240639917654523 ], [ -99.114220923291342, 19.239967871070558 ], [ -99.114400327755959, 19.239976684172088 ], [ -99.114444058432071, 19.239910128797241 ], [ -99.114524928662149, 19.239741679115745 ], [ -99.114643034873694, 19.239610628106462 ], [ -99.114683289235771, 19.239597565488925 ], [ -99.11473932190367, 19.239579382762667 ], [ -99.114815923851737, 19.239568939729097 ], [ -99.114936311136276, 19.239570943187005 ], [ -99.115028159606055, 19.239452382420584 ], [ -99.11512435951974, 19.239296396845422 ], [ -99.115187258956183, 19.239077764093686 ], [ -99.115303566342803, 19.238899194787017 ], [ -99.115342908439729, 19.238859790217834 ], [ -99.115550730426349, 19.238651637772318 ], [ -99.115679479038548, 19.238518429880695 ], [ -99.115779263602803, 19.238688996723372 ], [ -99.115946674414289, 19.238982947045116 ], [ -99.11609268539668, 19.239160616528917 ], [ -99.116284585446081, 19.239271732370099 ], [ -99.116486219954922, 19.239329460970424 ], [ -99.116742938351194, 19.23934720549569 ], [ -99.116928578677346, 19.23934708701972 ], [ -99.116977165694749, 19.239349122294154 ], [ -99.117025752713246, 19.239351157555689 ], [ -99.117054618019182, 19.239383324976025 ], [ -99.117070775949955, 19.239440669033247 ], [ -99.117010455771236, 19.239637382876246 ], [ -99.117007945709318, 19.23965881333379 ], [ -99.116953782260609, 19.240121249789926 ], [ -99.116743744616912, 19.240487810132681 ], [ -99.116719871409401, 19.240529521993899 ], [ -99.11652211799715, 19.240875040736128 ], [ -99.116520274036006, 19.241032291261217 ], [ -99.11647855635988, 19.241151429180622 ], [ -99.116342802173151, 19.241295441747653 ], [ -99.116078753188106, 19.24147353131988 ], [ -99.116055551135133, 19.241489180060274 ], [ -99.115862329217151, 19.241648117614979 ], [ -99.115704765866269, 19.241779226917508 ], [ -99.115638137206034, 19.241903247819231 ], [ -99.115634420012142, 19.241926392563599 ], [ -99.115626940608323, 19.24197296232019 ], [ -99.115610700379889, 19.242074080380775 ], [ -99.115657261740708, 19.242288947543472 ], [ -99.115701402951046, 19.242339496472979 ], [ -99.115776285313672, 19.24242524897041 ], [ -99.115963445230548, 19.242518803358813 ], [ -99.116181689808712, 19.242531324434527 ], [ -99.116359310125986, 19.242476618906732 ], [ -99.11658385250206, 19.242272994136286 ], [ -99.116979279347902, 19.241828848551965 ], [ -99.117132067248804, 19.241657235479593 ], [ -99.117320052144436, 19.241483411026646 ], [ -99.117485532993896, 19.241432329564002 ], [ -99.117555879063204, 19.241439172112607 ], [ -99.117626225138139, 19.241446014634228 ], [ -99.117821733941355, 19.241567459354233 ], [ -99.11819619363007, 19.241988503525313 ], [ -99.118216916144533, 19.242011803928524 ], [ -99.118267014972872, 19.24209855671727 ], [ -99.118283744195779, 19.242168800552864 ], [ -99.118304125930223, 19.242276235660725 ], [ -99.118346221483321, 19.242366711167076 ], [ -99.118088980048739, 19.242629363361672 ], [ -99.117859235043724, 19.242862771149735 ], [ -99.117629489389458, 19.24309617864693 ], [ -99.117390954630579, 19.243304897059151 ], [ -99.117270414808914, 19.243410369335304 ], [ -99.117237836820394, 19.243438875019987 ], [ -99.116689465776375, 19.24384122619589 ], [ -99.116585064907298, 19.243990181890421 ], [ -99.11661660251103, 19.244253199319576 ], [ -99.117395079390946, 19.246135101379242 ], [ -99.117518942907651, 19.246486350612933 ], [ -99.117755847034118, 19.247158153263758 ], [ -99.117294924667192, 19.247083544787955 ], [ -99.11687340550148, 19.246966776220958 ], [ -99.116557850422751, 19.246833553867024 ], [ -99.116364822528936, 19.2467069733286 ], [ -99.116103268990926, 19.246595266036859 ], [ -99.115531224494632, 19.246263531340109 ], [ -99.114826780077649, 19.245882312891226 ], [ -99.114791597006928, 19.24584268415019 ], [ -99.114501506290978, 19.245759390475023 ], [ -99.114325818505762, 19.245888887167187 ], [ -99.11417126463671, 19.245499855178149 ], [ -99.114020277961004, 19.245380510281137 ], [ -99.113680883363102, 19.24519117503305 ], [ -99.113592552042149, 19.245141898196529 ], [ -99.113526283667184, 19.245121050572571 ], [ -99.113345988832975, 19.245064330775893 ], [ -99.113140205252705, 19.244999592089663 ], [ -99.11295215360586, 19.244940431550777 ], [ -99.112728270503112, 19.244869998224637 ], [ -99.11260634283569, 19.244831639801863 ], [ -99.112460049032663, 19.244785615665961 ], [ -99.112204020119435, 19.244705068441025 ], [ -99.111969417650386, 19.244631261634964 ], [ -99.111846257466226, 19.244592514837464 ], [ -99.111167515134369, 19.244378977354373 ], [ -99.111137202651975, 19.244183115725761 ] ] ] ] } },
{ "type": "Feature", "properties": { "id": 5584.0, "entidad": 9, "distrito_f": 21, "distrito_l": 25, "municipio": 13, "seccion": 4260, "tipo": 3, "control": 37437.0, "SECCION_TX": "4260", "SECCION__1": null, "SECCION__2": null, "SECCION_N": "4260", "ESTATUS": "COMPLETA", "ALCALDIA_N": "XOCHIMILCO", "EN_OPERATI": null, "EN_OP": "SI", "SEC_N": "4260", "EST": "COMPLETA", "ALC_N": "XOCHIMILCO", "OP": "SI", "NOMBRE": "TEPUENTITLA" }, "geometry": { "type": "MultiPolygon", "coordinates": [ [ [ [ -99.083614347894141, 19.2169279146717 ], [ -99.082546051430384, 19.217144776357401 ], [ -99.082172265389787, 19.217067278838172 ], [ -99.081868568264042, 19.217011939402731 ], [ -99.081412992909421, 19.216867906407487 ], [ -99.081308007543583, 19.217134234806089 ], [ -99.080934406731231, 19.217433967199508 ], [ -99.080735983058631, 19.217700336504393 ], [ -99.080233908957638, 19.218011219093697 ], [ -99.079708819733924, 19.218345835882619 ], [ -99.079053141231626, 19.218263607269652 ], [ -99.078610535080074, 19.21822272913068 ], [ -99.078283577441326, 19.218378200137554 ], [ -99.077933238854158, 19.21848930021315 ], [ -99.077197448579554, 19.218556182126211 ], [ -99.076403115580277, 19.218312423444004 ], [ -99.075538615627181, 19.217868978904757 ], [ -99.075071177336625, 19.217314417258773 ], [ -99.074919010488571, 19.216582204534134 ], [ -99.074288697503107, 19.217436781986695 ], [ -99.07237370909526, 19.218513770625727 ], [ -99.072163624478051, 19.218857800786143 ], [ -99.071696517002849, 19.219046600415677 ], [ -99.071077438049954, 19.218924795798888 ], [ -99.070808666317305, 19.218603142705458 ], [ -99.070551471174014, 19.218037393092924 ], [ -99.070504468633132, 19.217371706640851 ], [ -99.070457556299786, 19.216916826552087 ], [ -99.069826867543341, 19.216939258119691 ], [ -99.06951178428254, 19.217571797271535 ], [ -99.069184805387465, 19.217693966855592 ], [ -99.069348981269258, 19.219269405444795 ], [ -99.069255808082744, 19.21990185988594 ], [ -99.068485345322287, 19.220878515904531 ], [ -99.06798346656096, 19.221744118422741 ], [ -99.067586475727623, 19.222054927299801 ], [ -99.067446691947652, 19.222975869663603 ], [ -99.066897950850645, 19.223519729284074 ], [ -99.06694859693998, 19.224882907703901 ], [ -99.066221816761924, 19.224687610643315 ], [ -99.066191751737492, 19.224295565100565 ], [ -99.066388929711181, 19.223761387888803 ], [ -99.065916188456612, 19.223267226553823 ], [ -99.065922120159485, 19.223142220908585 ], [ -99.066292994420138, 19.223187542897207 ], [ -99.066340611955113, 19.222602281934059 ], [ -99.066442256846443, 19.222499969491711 ], [ -99.066531611565324, 19.221585138536135 ], [ -99.066298278669592, 19.221448855631518 ], [ -99.06626197754683, 19.220420430540148 ], [ -99.066046613554136, 19.220340960588779 ], [ -99.065969056517773, 19.220846684694838 ], [ -99.065580238696882, 19.220790004489942 ], [ -99.06569960153665, 19.220119488146416 ], [ -99.065513834687351, 19.219255893708475 ], [ -99.06512504985669, 19.219273078249696 ], [ -99.064730127821306, 19.218892525505083 ], [ -99.064454988066444, 19.218903986459374 ], [ -99.064006326194828, 19.218756412240406 ], [ -99.064652107521169, 19.218222079321805 ], [ -99.064328903483201, 19.217682404865329 ], [ -99.064127134037633, 19.217248777882421 ], [ -99.064093599318468, 19.21674207281659 ], [ -99.064054292838705, 19.216202190121983 ], [ -99.063610289771475, 19.216220551586233 ], [ -99.063399447370813, 19.216175107644514 ], [ -99.063249312171209, 19.21616909059091 ], [ -99.06323018920186, 19.216281372477582 ], [ -99.063182349782593, 19.216478629344838 ], [ -99.063118639385834, 19.216939890295322 ], [ -99.063061224740366, 19.217158391684009 ], [ -99.062955908710649, 19.217413323115732 ], [ -99.062856989122579, 19.217689493553923 ], [ -99.06273394245396, 19.217954731017517 ], [ -99.062612759588717, 19.218133029574272 ], [ -99.062505988253562, 19.218250989958829 ], [ -99.062344347694648, 19.21832234786897 ], [ -99.062191369822244, 19.218399187530181 ], [ -99.062021041469364, 19.218399245262379 ], [ -99.061911327166868, 19.218369115779065 ], [ -99.061833349541075, 19.218286869599996 ], [ -99.061801554478507, 19.218182668479901 ], [ -99.06178706250445, 19.218029098011758 ], [ -99.061801425329051, 19.217837123970256 ], [ -99.061807120221246, 19.217625955927176 ], [ -99.061838796210722, 19.217412036695745 ], [ -99.061795422960287, 19.217225566951857 ], [ -99.061775075322544, 19.216852605048889 ], [ -99.061523905318765, 19.216825265375764 ], [ -99.061350771052901, 19.217039231982522 ], [ -99.061154540114899, 19.217250463714077 ], [ -99.060923673899836, 19.217483646088869 ], [ -99.060695647637928, 19.217590676034721 ], [ -99.060372365095901, 19.217730646112386 ], [ -99.060161667586485, 19.2178596090199 ], [ -99.059561178049648, 19.217826896185748 ], [ -99.059087683422177, 19.217711867957561 ], [ -99.059125158331412, 19.217558280500214 ], [ -99.059050067418084, 19.217470547359028 ], [ -99.058972066208014, 19.217316997105041 ], [ -99.05879013382409, 19.217155252936418 ], [ -99.058648639750601, 19.217053828830593 ], [ -99.058512925465266, 19.216968857273692 ], [ -99.058394486204705, 19.21675224406717 ], [ -99.058336708685218, 19.216639823347517 ], [ -99.058186537294631, 19.216489038121498 ], [ -99.058219249706994, 19.216397898069388 ], [ -99.058298346230828, 19.21641540382004 ], [ -99.058303571240074, 19.216280163807383 ], [ -99.058401114158571, 19.216275123918951 ], [ -99.058385274880578, 19.216215023032124 ], [ -99.058258718118907, 19.216180001515397 ], [ -99.058282374579107, 19.215979640875577 ], [ -99.058226969152358, 19.215859446615916 ], [ -99.05808458324708, 19.215791872623083 ], [ -99.057768171414779, 19.215644212209391 ], [ -99.057836642494408, 19.215433819825137 ], [ -99.058055485970741, 19.215513891879144 ], [ -99.058073899830632, 19.215398682993964 ], [ -99.058276755067553, 19.214995407909434 ], [ -99.058340017971091, 19.214970343638292 ], [ -99.058498189319494, 19.214947753488602 ], [ -99.058616796276667, 19.214870078747513 ], [ -99.058595634727467, 19.214669732369671 ], [ -99.058611407365504, 19.214542002193522 ], [ -99.058714187204203, 19.214439288303847 ], [ -99.058793248120821, 19.214359121696305 ], [ -99.058838013752947, 19.214213851292154 ], [ -99.058840447808123, 19.213645348411035 ], [ -99.058869394524635, 19.213497578651861 ], [ -99.058887780846646, 19.213307237229515 ], [ -99.058932571099376, 19.213232090391081 ], [ -99.058956220975588, 19.213016703116182 ], [ -99.058985165693983, 19.212863924500173 ], [ -99.058993032576808, 19.212746214470762 ], [ -99.058985079954482, 19.212623500701724 ], [ -99.058924405260385, 19.212510821547941 ], [ -99.058850553699429, 19.212410668678771 ], [ -99.058763508373588, 19.212275458199372 ], [ -99.058715987785419, 19.212085137887726 ], [ -99.058700013080596, 19.211925020386701 ], [ -99.058746145673524, 19.211668468628915 ], [ -99.058731425648119, 19.211321801743892 ], [ -99.058685160296662, 19.211203948214923 ], [ -99.058619425946077, 19.211067611747147 ], [ -99.058626662954708, 19.210894273621332 ], [ -99.058639076341635, 19.210687556151708 ], [ -99.059414850204135, 19.210987585119916 ], [ -99.059571786394997, 19.211048279340051 ], [ -99.059726004178529, 19.211128334091963 ], [ -99.059865774345937, 19.211228991844511 ], [ -99.060128480694601, 19.211512706194448 ], [ -99.060381522692296, 19.211718607122197 ], [ -99.060521286220464, 19.211798665957822 ], [ -99.060655368288451, 19.211865948033886 ], [ -99.060899602417052, 19.211988503768538 ], [ -99.061461055715256, 19.212274405384356 ], [ -99.062439926267956, 19.212785120640515 ], [ -99.062555692967734, 19.212821604307443 ], [ -99.062697463393775, 19.212866574476006 ], [ -99.062756117616416, 19.212866554402233 ], [ -99.062886293111475, 19.212844765316831 ], [ -99.062930158007262, 19.212827535891233 ], [ -99.062958761967224, 19.212816300708241 ], [ -99.06306174918538, 19.212766787357925 ], [ -99.063412616375999, 19.212494860456562 ], [ -99.063532750931401, 19.212404216903828 ], [ -99.063780652229497, 19.212230175060952 ], [ -99.063940831548777, 19.212110524675261 ], [ -99.064411838669372, 19.211771508452223 ], [ -99.064631147737074, 19.211651836671042 ], [ -99.065075504339887, 19.211455979221597 ], [ -99.065184211171029, 19.211412451655399 ], [ -99.065605682998623, 19.21123109736925 ], [ -99.065775418092457, 19.211163991089276 ], [ -99.065985206268138, 19.211089622080898 ], [ -99.066122527014059, 19.21105333181162 ], [ -99.066238877908816, 19.211033191689133 ], [ -99.066584093792429, 19.210973435001328 ], [ -99.066698520010874, 19.210924468341364 ], [ -99.066799585361849, 19.210853762008757 ], [ -99.066859550038672, 19.210801198182256 ], [ -99.066897677116017, 19.210773595971055 ], [ -99.066920321323792, 19.210800674823229 ], [ -99.066936910130764, 19.210828343363264 ], [ -99.066969343055376, 19.210844639869521 ], [ -99.067022760665154, 19.210868176855186 ], [ -99.067108606095047, 19.210895326034034 ], [ -99.067175372084108, 19.210909797891382 ], [ -99.06724022623365, 19.210913398190645 ], [ -99.067270186408209, 19.210906372454964 ], [ -99.067293070519426, 19.210889402011176 ], [ -99.067301243406121, 19.210862638699854 ], [ -99.067306936208567, 19.210790155041234 ], [ -99.067318322536224, 19.210646999760815 ], [ -99.067320198256283, 19.21056908138414 ], [ -99.0673471238715, 19.21056017482158 ], [ -99.069736375788906, 19.209770015812449 ], [ -99.070760772285439, 19.209431220818836 ], [ -99.071455002806758, 19.209413247182717 ], [ -99.071630484131305, 19.209411366656408 ], [ -99.071763996051118, 19.209395006082637 ], [ -99.072120701428034, 19.209438355034266 ], [ -99.076041228406325, 19.207410521833118 ], [ -99.07611623073258, 19.20737075338327 ], [ -99.076168533217157, 19.207109269998519 ], [ -99.076725334610856, 19.206698169474294 ], [ -99.076679378251498, 19.206511430361495 ], [ -99.076377899566083, 19.206405726482078 ], [ -99.076561228691133, 19.206081935542386 ], [ -99.076784044297781, 19.206125419305511 ], [ -99.077085499526788, 19.206181320305006 ], [ -99.077093818458621, 19.206729985382619 ], [ -99.0783045754049, 19.206716177568392 ], [ -99.077419547161043, 19.205869915627257 ], [ -99.076348814900683, 19.204705152432265 ], [ -99.076252564067119, 19.204600447800139 ], [ -99.075865478238526, 19.203567211930032 ], [ -99.07471074459697, 19.202604154299827 ], [ -99.074248089521774, 19.202319812690831 ], [ -99.075966671485958, 19.201321441629069 ], [ -99.080230417290267, 19.196330148558943 ], [ -99.080271814296978, 19.196352470931735 ], [ -99.080368642969859, 19.196418117191321 ], [ -99.080404608836545, 19.196444376893066 ], [ -99.080523648753967, 19.196636417365511 ], [ -99.080532005707411, 19.196759908376357 ], [ -99.080554159642944, 19.196869973788679 ], [ -99.080728448212284, 19.196980254103657 ], [ -99.080773947890179, 19.197035539536206 ], [ -99.080718043916008, 19.197201323717941 ], [ -99.080822519433681, 19.197445836707605 ], [ -99.080947847155528, 19.19765068221373 ], [ -99.081142775369102, 19.197914984168758 ], [ -99.081370317362854, 19.198103836884115 ], [ -99.081718706810847, 19.198392987801867 ], [ -99.081790112676131, 19.19857566681506 ], [ -99.081894541601031, 19.198721033647832 ], [ -99.08204908261213, 19.198744726639173 ], [ -99.082142797506293, 19.198805554492534 ], [ -99.082131215486854, 19.198985315866334 ], [ -99.082110439118551, 19.199177006505455 ], [ -99.082166191525729, 19.199368662866725 ], [ -99.082305433434115, 19.19956689145641 ], [ -99.082770050803063, 19.200041857394496 ], [ -99.083370277202746, 19.200352964816386 ], [ -99.083530386356429, 19.200537963559363 ], [ -99.083690545999033, 19.200822107631762 ], [ -99.083815849711655, 19.200967463796655 ], [ -99.08437248044838, 19.201304481601905 ], [ -99.084484047678899, 19.201562030112019 ], [ -99.084734610464224, 19.201760205472624 ], [ -99.085082272681603, 19.201925778761648 ], [ -99.085625304606907, 19.202077057267857 ], [ -99.085903654083992, 19.20218929195547 ], [ -99.086564925802392, 19.202631823583417 ], [ -99.086640161025272, 19.202543033037887 ], [ -99.086785673139659, 19.202473894075695 ], [ -99.086873163037083, 19.20230525741286 ], [ -99.086950283952987, 19.20214100471998 ], [ -99.087081426974777, 19.201901193260763 ], [ -99.087137933466252, 19.201793872194127 ], [ -99.087208162331365, 19.201672318858996 ], [ -99.087244940375314, 19.201584892690676 ], [ -99.087293247385631, 19.201501499920465 ], [ -99.087337070934609, 19.201381047533616 ], [ -99.087378498522369, 19.201273739910636 ], [ -99.087386545765639, 19.20124645112681 ], [ -99.087415307452858, 19.201148918088865 ], [ -99.087424467175055, 19.201037246734604 ], [ -99.087440532807179, 19.200910245244046 ], [ -99.087447413278198, 19.200846745047109 ], [ -99.087443934292082, 19.200805145278114 ], [ -99.087440455307757, 19.200763545508945 ], [ -99.087440400942938, 19.200660636738064 ], [ -99.087440339638349, 19.20054459067595 ], [ -99.087447191175571, 19.200426351767106 ], [ -99.087449403298095, 19.200251186795764 ], [ -99.087447011878197, 19.200086971761305 ], [ -99.087442313491394, 19.199918378725851 ], [ -99.087460684819064, 19.199793565668152 ], [ -99.087467560609852, 19.199721307268746 ], [ -99.087487122413592, 19.199668748759095 ], [ -99.087526195876478, 19.199654504386562 ], [ -99.087565463325348, 19.199635868132678 ], [ -99.087590796571916, 19.199601918023323 ], [ -99.087611509490529, 19.199547169401026 ], [ -99.087629910787768, 19.199479284585678 ], [ -99.087667894653265, 19.199398253112921 ], [ -99.087727777303726, 19.199325969354266 ], [ -99.087793425009934, 19.19926025146351 ], [ -99.087846402905228, 19.199205487364377 ], [ -99.0878832389282, 19.199133214591914 ], [ -99.087880773900423, 19.198966205996221 ], [ -99.087941914975659, 19.198959117299935 ], [ -99.08796962355845, 19.198986053229483 ], [ -99.087994949757714, 19.199011641043061 ], [ -99.088043359557744, 19.199034608076147 ], [ -99.088128646053391, 19.199061936477776 ], [ -99.088190879104303, 19.199076138631675 ], [ -99.088281922009543, 19.19909361122199 ], [ -99.088359135879131, 19.199108900881225 ], [ -99.088476688706891, 19.19913840312088 ], [ -99.08856197181241, 19.199159162674349 ], [ -99.088620746205379, 19.199170082028253 ], [ -99.088684135181936, 19.199190852103218 ], [ -99.088747532978516, 19.199228043770646 ], [ -99.088814386016026, 19.199261949418855 ], [ -99.088876622138997, 19.199281625210649 ], [ -99.088913502419402, 19.199292555079552 ], [ -99.088948088643278, 19.199323191995806 ], [ -99.088948102761904, 19.199349466578457 ], [ -99.088948119233663, 19.199380120258162 ], [ -99.088941223514752, 19.199414061613844 ], [ -99.088934338968656, 19.199468803680123 ], [ -99.08892285216875, 19.199536685271863 ], [ -99.088907914846004, 19.199616611055141 ], [ -99.088892993970873, 19.199727190515166 ], [ -99.088895328024094, 19.199781928109545 ], [ -99.088905715444724, 19.199812576760298 ], [ -99.088925314442761, 19.199830083649911 ], [ -99.088954135018113, 19.199853059936974 ], [ -99.088999084088911, 19.199868364971501 ], [ -99.089063622764101, 19.199883660482225 ], [ -99.08916042902996, 19.199903319382852 ], [ -99.089235335157085, 19.199912041145225 ], [ -99.089320615210667, 19.199926231696903 ], [ -99.089419720276439, 19.199934941595938 ], [ -99.089498078092419, 19.199933808597461 ], [ -99.089598328390053, 19.199929380547321 ], [ -99.089632893531999, 19.199920605460647 ], [ -99.089659387027723, 19.199901981343597 ], [ -99.089692782034859, 19.199860363583255 ], [ -99.089715803693338, 19.199814371793831 ], [ -99.089746886889031, 19.199759617860387 ], [ -99.08980562237042, 19.199698281735255 ], [ -99.089966621505084, 19.199653019051027 ], [ -99.090366574917965, 19.19965282240738 ], [ -99.090772560915553, 19.199658350212925 ], [ -99.090969520801607, 19.199654433746304 ], [ -99.091049914496551, 19.199656303285582 ], [ -99.091125206641237, 19.199651699884861 ], [ -99.091214707319082, 19.199634262883446 ], [ -99.091237808624385, 19.199613247598595 ], [ -99.091255884332782, 19.199590325375745 ], [ -99.091271852593536, 19.199568366091373 ], [ -99.091289027857229, 19.199556893754519 ], [ -99.091319170867379, 19.199549241004178 ], [ -99.091378464620902, 19.199556849212399 ], [ -99.091434746821463, 19.199570187210199 ], [ -99.09148298554895, 19.199575891460277 ], [ -99.091560363959701, 19.199576807562217 ], [ -99.091847931435936, 19.199617307722907 ], [ -99.092785436172548, 19.199736584432529 ], [ -99.092885943095297, 19.199765175088555 ], [ -99.092942230846774, 19.199788059798191 ], [ -99.093311963891594, 19.199831796236126 ], [ -99.093709179548128, 19.199897053138901 ], [ -99.094452869193162, 19.199995962262353 ], [ -99.094742295303462, 19.200016816756889 ], [ -99.094774441495503, 19.199997705791283 ], [ -99.094851508620209, 19.199873014002304 ], [ -99.095042442478302, 19.199874824584132 ], [ -99.095962270594271, 19.200041005089886 ], [ -99.096233616346112, 19.200075232737895 ], [ -99.096407323065179, 19.200072685841949 ], [ -99.096439509124437, 19.20012231465617 ], [ -99.096466825679684, 19.20019540464272 ], [ -99.09650589891605, 19.200234936420362 ], [ -99.096553140088957, 19.200278254225527 ], [ -99.096614498450251, 19.200353264231957 ], [ -99.096666810753391, 19.200450617867553 ], [ -99.096682077428241, 19.200538989652976 ], [ -99.096695077704524, 19.200672097462899 ], [ -99.096691129436223, 19.200794303403399 ], [ -99.096687989134566, 19.200857679122649 ], [ -99.096676276578052, 19.20093042694587 ], [ -99.096681259857277, 19.201101727681774 ], [ -99.096726596007031, 19.201056423136535 ], [ -99.096778830447136, 19.201020116307692 ], [ -99.096859215919878, 19.20100670781979 ], [ -99.096972618571115, 19.200987007726269 ], [ -99.097074260125183, 19.200993228062519 ], [ -99.097229026163745, 19.201008421551311 ], [ -99.097394512599024, 19.201031703674325 ], [ -99.097947432250137, 19.201062867051199 ], [ -99.098053964700938, 19.201081904469952 ], [ -99.098148442705465, 19.201108586019565 ], [ -99.098240923373325, 19.201156272376714 ], [ -99.098387704812168, 19.201263122049255 ], [ -99.098492279873597, 19.201369994276373 ], [ -99.098633032150516, 19.2014768469869 ], [ -99.098705425027887, 19.20154172882555 ], [ -99.098781858153743, 19.20164097828868 ], [ -99.098882432278884, 19.201778403401892 ], [ -99.098950862780541, 19.201938759024699 ], [ -99.098962090575299, 19.20199276295148 ], [ -99.099018391340621, 19.202034740126511 ], [ -99.099211254286132, 19.202061375143042 ], [ -99.099488697257527, 19.202038304432364 ], [ -99.099641424752136, 19.202003851677592 ], [ -99.099749926414461, 19.201954147379841 ], [ -99.099862438480443, 19.201889165354583 ], [ -99.09990346168307, 19.201827495284277 ], [ -99.099947613634541, 19.201720542868461 ], [ -99.099963533212161, 19.201457032165603 ], [ -99.099983576220652, 19.201365368358481 ], [ -99.100159509264287, 19.201251252055492 ], [ -99.100212516171538, 19.201227771241154 ], [ -99.100292174570043, 19.201277911636634 ], [ -99.100420836465901, 19.201331305403993 ], [ -99.100473104950012, 19.201352280558108 ], [ -99.10055551519342, 19.201363691996306 ], [ -99.10064393754115, 19.20134645857312 ], [ -99.100712249892823, 19.201310141803191 ], [ -99.100766492205508, 19.201271923304954 ], [ -99.100801500532683, 19.20123507899164 ], [ -99.100827600467653, 19.201189238202623 ], [ -99.100840782816661, 19.201151588061599 ], [ -99.100881797325599, 19.201076551729169 ], [ -99.100938031888191, 19.201009690558106 ], [ -99.100985385993866, 19.200979659333814 ], [ -99.101094053803521, 19.200953873100758 ], [ -99.101208464459418, 19.200958532565163 ], [ -99.101294901230006, 19.200981398059994 ], [ -99.101447678861263, 19.201030958915528 ], [ -99.10154407022452, 19.201059554263686 ], [ -99.101587211303084, 19.200878076018206 ], [ -99.10210573482523, 19.200993768616339 ], [ -99.102141819886398, 19.200844812590351 ], [ -99.102229207028486, 19.200688325446315 ], [ -99.102277482337115, 19.200614241145203 ], [ -99.102340640145457, 19.200543965408247 ], [ -99.102383929945077, 19.200495796771129 ], [ -99.102577638205503, 19.200336659600126 ], [ -99.102841964419994, 19.200212322583432 ], [ -99.103091144646427, 19.200051900245082 ], [ -99.103330992535902, 19.199925916293164 ], [ -99.104001634097386, 19.199516043693848 ], [ -99.104106003509045, 19.199452256366516 ], [ -99.104219059410994, 19.199375288241573 ], [ -99.104316551283617, 19.199304969195421 ], [ -99.104425130949835, 19.199255422406637 ], [ -99.10461799914026, 19.199138836934928 ], [ -99.104710412912794, 19.199079591700748 ], [ -99.104737884206912, 19.199059870960646 ], [ -99.104769834763289, 19.199028803982639 ], [ -99.104795218347448, 19.1989945961605 ], [ -99.104814255710281, 19.19896843744872 ], [ -99.1048332879719, 19.198934233250995 ], [ -99.10485740514315, 19.198879774364386 ], [ -99.104870058051759, 19.198801323631272 ], [ -99.104863659608924, 19.198726906534361 ], [ -99.104846665491664, 19.198636404520084 ], [ -99.104819116477657, 19.198594181459548 ], [ -99.10476614831741, 19.198529847826972 ], [ -99.104670831931728, 19.198455481493433 ], [ -99.104569188489194, 19.198419334782443 ], [ -99.104491371924226, 19.198398259730052 ], [ -99.104429420897446, 19.198357061892505 ], [ -99.104404000546737, 19.198332939902578 ], [ -99.104395518219093, 19.198310819640369 ], [ -99.104398869924964, 19.198280785216113 ], [ -99.104444099693936, 19.198133791252179 ], [ -99.104482170519972, 19.198075439781448 ], [ -99.10459595164869, 19.197986051663015 ], [ -99.104644933464868, 19.197675083961805 ], [ -99.104670243108856, 19.197524216616632 ], [ -99.104626427893479, 19.197429186661648 ], [ -99.104572088549276, 19.197357794743404 ], [ -99.104513530191596, 19.197218950242295 ], [ -99.104480013225555, 19.197052315880232 ], [ -99.104492327253141, 19.196711066060217 ], [ -99.104513146935744, 19.196611855705832 ], [ -99.104609881020536, 19.196290356557679 ], [ -99.104593498889642, 19.196254942994081 ], [ -99.104543361450979, 19.196223228059157 ], [ -99.10451828647642, 19.19619745074036 ], [ -99.104503645114434, 19.196159763653942 ], [ -99.104522281309428, 19.195909772817828 ], [ -99.10455355324747, 19.195828412224277 ], [ -99.104559774052419, 19.195758969727251 ], [ -99.104556789184443, 19.195705697461175 ], [ -99.104556408364701, 19.195675397232161 ], [ -99.104562650463521, 19.195639682212818 ], [ -99.104568015406031, 19.195582391694291 ], [ -99.104573987606315, 19.195278967548049 ], [ -99.104575239805754, 19.195215348067176 ], [ -99.104499376610477, 19.194645749216328 ], [ -99.104494820824456, 19.194044608797423 ], [ -99.104653344474258, 19.193760810653167 ], [ -99.10464691438743, 19.19349893021667 ], [ -99.104685702806506, 19.193461460316779 ], [ -99.1047653233408, 19.193398531298897 ], [ -99.106205445324989, 19.193218582491724 ], [ -99.106697839372444, 19.193362711564117 ], [ -99.10679179093097, 19.193475178253596 ], [ -99.10704015227796, 19.193456003112413 ], [ -99.107530411815631, 19.193291867548222 ], [ -99.107899904204444, 19.192993953043437 ], [ -99.107965080789796, 19.192312907326144 ], [ -99.108596880637919, 19.190681036774489 ], [ -99.108740312479028, 19.19101431763783 ], [ -99.109192009958264, 19.191195386187609 ], [ -99.110172957143803, 19.191216989894681 ], [ -99.110208337492494, 19.191738438242705 ], [ -99.110348670776887, 19.192037921509865 ], [ -99.110648475192704, 19.192076691216705 ], [ -99.110894221426648, 19.192726548432223 ], [ -99.111030599580175, 19.192866307774477 ], [ -99.11144223454049, 19.192948926562217 ], [ -99.111500803772017, 19.192899687779548 ], [ -99.111468036214021, 19.192811659131387 ], [ -99.111288067635272, 19.192703002529186 ], [ -99.111244352252115, 19.192547648807253 ], [ -99.1113041258415, 19.192262749537278 ], [ -99.111462145558662, 19.192159067039583 ], [ -99.111641998425839, 19.192096806573264 ], [ -99.112181707083963, 19.19213273177991 ], [ -99.112899532343747, 19.192163244053145 ], [ -99.113050467342532, 19.192088306728184 ], [ -99.113002443207009, 19.192258815161761 ], [ -99.112852700770446, 19.192473587337066 ], [ -99.112810176789665, 19.192962231593711 ], [ -99.1130890114013, 19.193348882546669 ], [ -99.113228596263355, 19.193786516774971 ], [ -99.113357411786694, 19.194142721192648 ], [ -99.113143403566198, 19.194550034998322 ], [ -99.1132828851281, 19.194834976068503 ], [ -99.11329388508868, 19.19525233045789 ], [ -99.113101359768578, 19.195741067224549 ], [ -99.112898118860301, 19.196229810364482 ], [ -99.11267349627586, 19.196789823170633 ], [ -99.1127165968376, 19.197146080555324 ], [ -99.113048927628242, 19.197410544015078 ], [ -99.113027714017576, 19.197726122778217 ], [ -99.113263538706505, 19.197878670359788 ], [ -99.113295905344771, 19.198204395575342 ], [ -99.113499510399265, 19.198244987831593 ], [ -99.113625176501174, 19.198414365678264 ], [ -99.113525104067705, 19.199553878398831 ], [ -99.113292905042201, 19.199795146975401 ], [ -99.112464949634031, 19.201080404466136 ], [ -99.111817252862792, 19.202138790914788 ], [ -99.111785940749755, 19.202239288338582 ], [ -99.11171055909152, 19.202481228130196 ], [ -99.111545535571139, 19.202936470120644 ], [ -99.111441283936969, 19.20310465801527 ], [ -99.11111927596005, 19.203346262980268 ], [ -99.110974179293208, 19.203505853584126 ], [ -99.11057089586015, 19.204351030564364 ], [ -99.110430326801577, 19.204497685343739 ], [ -99.110281018326575, 19.205148718697441 ], [ -99.110158619092005, 19.205325538516366 ], [ -99.109912579086526, 19.205425053774103 ], [ -99.109432786119157, 19.205619113281426 ], [ -99.109152317551832, 19.206934099930272 ], [ -99.108559274580898, 19.209064028124928 ], [ -99.108051362442581, 19.209551457893735 ], [ -99.107738687703289, 19.210215517749162 ], [ -99.107584508963939, 19.210379421810629 ], [ -99.107500629591271, 19.210609325738098 ], [ -99.10744878356968, 19.211008890131161 ], [ -99.107299239503192, 19.211323672072695 ], [ -99.107362897863752, 19.211521935334055 ], [ -99.107322197166269, 19.211737503641988 ], [ -99.107004489527057, 19.211647160888038 ], [ -99.106509942517988, 19.211768153605767 ], [ -99.105883852366858, 19.211975438651162 ], [ -99.1055798879094, 19.212087696904447 ], [ -99.10534869622758, 19.212462876584368 ], [ -99.1046679811366, 19.212407225125187 ], [ -99.104482323606334, 19.213032408790916 ], [ -99.103996751480935, 19.213002508788541 ], [ -99.103697481182479, 19.213369103223709 ], [ -99.103920281956334, 19.21407596143866 ], [ -99.103284977437042, 19.214080631450162 ], [ -99.103103485269514, 19.214119531565451 ], [ -99.102766049166789, 19.214028282850805 ], [ -99.102402483807779, 19.213985100541624 ], [ -99.102374941221441, 19.214592977517572 ], [ -99.102277498137084, 19.215028342190934 ], [ -99.102257410289624, 19.215118092129558 ], [ -99.102091112872913, 19.215647094466409 ], [ -99.100418721508049, 19.215416351468285 ], [ -99.099917245253209, 19.215347158738354 ], [ -99.099859507639039, 19.215339192121426 ], [ -99.099582240310397, 19.215300934602464 ], [ -99.099554958458214, 19.21529717021189 ], [ -99.099473875784668, 19.215625369863979 ], [ -99.098429608524413, 19.215392715 ], [ -99.098039090009237, 19.215305708722109 ], [ -99.097540561115778, 19.217583760688019 ], [ -99.098239664133388, 19.217726231407781 ], [ -99.098174833961764, 19.218054421698895 ], [ -99.098117612897752, 19.218288652284865 ], [ -99.098029441110612, 19.218649576247138 ], [ -99.097839964131268, 19.219425179219122 ], [ -99.097150867733447, 19.21928055751512 ], [ -99.097390076380265, 19.218199231500698 ], [ -99.096608650892293, 19.218004539983784 ], [ -99.096487358780237, 19.217975998859956 ], [ -99.095846137709586, 19.217827218287361 ], [ -99.095542364145061, 19.218008911009832 ], [ -99.095359915536051, 19.218118036543739 ], [ -99.095211861226431, 19.218206590037884 ], [ -99.094911077876844, 19.218401444774322 ], [ -99.094571073783285, 19.218643958303439 ], [ -99.09450565807883, 19.218637778265698 ], [ -99.094605823982462, 19.218405745156019 ], [ -99.094570823828519, 19.218206922000324 ], [ -99.094413738100258, 19.218037159456792 ], [ -99.094394801717399, 19.218019676050186 ], [ -99.094252303710903, 19.217888111639581 ], [ -99.094195523766274, 19.217730724857965 ], [ -99.09416486616135, 19.217498759168414 ], [ -99.094121749391718, 19.217472365499873 ], [ -99.094029634868619, 19.217415978091729 ], [ -99.093850833570784, 19.217399499649297 ], [ -99.093807463064124, 19.217360630665169 ], [ -99.093536698255463, 19.217117968494872 ], [ -99.093069820744063, 19.216629388111375 ], [ -99.092845156854253, 19.21647829986038 ], [ -99.092620493374312, 19.216327211329737 ], [ -99.092336952146027, 19.21616165335238 ], [ -99.092502574722758, 19.21600829633892 ], [ -99.092550380593025, 19.215718295327935 ], [ -99.092526063216383, 19.215348637105034 ], [ -99.092418064499896, 19.214994862101303 ], [ -99.092048368807127, 19.214983243398535 ], [ -99.092029942516746, 19.215366907576296 ], [ -99.09145218775808, 19.215511805199821 ], [ -99.091534481521933, 19.215248862321008 ], [ -99.090701836657388, 19.215195369890086 ], [ -99.090725212694991, 19.215473801055378 ], [ -99.090169141757258, 19.215506538201879 ], [ -99.090217254752474, 19.215339441249178 ], [ -99.089864891559813, 19.215149626185219 ], [ -99.089473386413104, 19.214925761669793 ], [ -99.089096291328772, 19.214711825861372 ], [ -99.088961749710464, 19.214648331865309 ], [ -99.088787762071192, 19.214617428724839 ], [ -99.088610671825322, 19.214593904899274 ], [ -99.088497248068506, 19.214534198065376 ], [ -99.087864835493164, 19.214130189023702 ], [ -99.08763951360892, 19.213956176563045 ], [ -99.087633247218477, 19.213855839017722 ], [ -99.087532271451011, 19.213835228926055 ], [ -99.087501153827731, 19.213737854434626 ], [ -99.087401742369281, 19.213737901870925 ], [ -99.087338036644041, 19.213699566738782 ], [ -99.087305374426151, 19.213618424507214 ], [ -99.087213718660223, 19.213597809798834 ], [ -99.087050550422063, 19.213462132515264 ], [ -99.08695228554015, 19.21353638269504 ], [ -99.086680824606901, 19.214091687007748 ], [ -99.0865049933156, 19.21459534146183 ], [ -99.08639563879133, 19.215057120618745 ], [ -99.086341138008493, 19.215262027174802 ], [ -99.086260572649891, 19.215472187749853 ], [ -99.086157264875439, 19.215673231070902 ], [ -99.086032355121517, 19.215862987557383 ], [ -99.08588736434173, 19.216039197070018 ], [ -99.085723718658542, 19.216200141763888 ], [ -99.08553923053789, 19.216346997490039 ], [ -99.083614347894141, 19.2169279146717 ] ] ] ] } },
{ "type": "Feature", "properties": { "id": 5586.0, "entidad": 9, "distrito_f": 21, "distrito_l": 25, "municipio": 13, "seccion": 4265, "tipo": 3, "control": 37237.0, "SECCION_TX": "4265", "SECCION__1": null, "SECCION__2": null, "SECCION_N": "4265", "ESTATUS": null, "ALCALDIA_N": "XOCHIMILCO", "EN_OPERATI": null, "EN_OP": "NO", "SEC_N": "4265", "EST": null, "ALC_N": "XOCHIMILCO", "OP": "NO", "NOMBRE": "TEPUENTITLA" }, "geometry": { "type": "MultiPolygon", "coordinates": [ [ [ [ -99.132924265081172, 19.209836883049004 ], [ -99.132899653356205, 19.209918953683939 ], [ -99.132854451783302, 19.209969781863414 ], [ -99.132708478491111, 19.209837415818306 ], [ -99.132347437005436, 19.209401198159991 ], [ -99.132132606189884, 19.209234104289905 ], [ -99.13186201641291, 19.209144555846233 ], [ -99.131600066715777, 19.20912026864454 ], [ -99.13117503158135, 19.209202158090932 ], [ -99.130930399691891, 19.209357344115951 ], [ -99.1305399662415, 19.209757388117527 ], [ -99.129866484688407, 19.210610427672066 ], [ -99.128216820063386, 19.213007254898223 ], [ -99.127948577899645, 19.212722872847845 ], [ -99.127589636245418, 19.212378644178106 ], [ -99.127384422356926, 19.21204554101876 ], [ -99.127297398643663, 19.211641213180549 ], [ -99.12728924198727, 19.211285506901326 ], [ -99.127356033479145, 19.211008379614523 ], [ -99.127388376959544, 19.210858289921408 ], [ -99.12741494474119, 19.210735002110543 ], [ -99.127304304737763, 19.21037187833257 ], [ -99.127071354370912, 19.209844088476117 ], [ -99.126538451454806, 19.20878480968598 ], [ -99.126131856373647, 19.207957591277719 ], [ -99.125914823983308, 19.207620750063104 ], [ -99.125481079901874, 19.207366432472565 ], [ -99.125264208359695, 19.207239273286643 ], [ -99.125086589405441, 19.206898659779011 ], [ -99.124794578919818, 19.206434560811619 ], [ -99.124707623827518, 19.206108862516569 ], [ -99.124754696849067, 19.205813027727203 ], [ -99.124845254204416, 19.20568940290234 ], [ -99.124860903671021, 19.205535874349707 ], [ -99.124758245776263, 19.205292562198142 ], [ -99.124576792963268, 19.205090491267008 ], [ -99.124257456680269, 19.204970889111273 ], [ -99.123618489772497, 19.204755652608476 ], [ -99.123303419785486, 19.204649520007454 ], [ -99.122436189240545, 19.204455395513435 ], [ -99.122231437526082, 19.205570099330792 ], [ -99.122208509275083, 19.205694923761222 ], [ -99.121845871326471, 19.205646488713896 ], [ -99.121656715201354, 19.205684057719136 ], [ -99.121345328397553, 19.205654309362625 ], [ -99.121278213333227, 19.205500835857961 ], [ -99.121112565417036, 19.205347427441225 ], [ -99.121050503439307, 19.205320676782609 ], [ -99.120895724476227, 19.205253962066251 ], [ -99.120619796810573, 19.205205467388272 ], [ -99.12035182546191, 19.205258064240983 ], [ -99.120154754169889, 19.205250704818472 ], [ -99.119947862171827, 19.205288283683988 ], [ -99.119822254938128, 19.205399655295832 ], [ -99.119612215190472, 19.205721150690231 ], [ -99.11936566182554, 19.206120838144315 ], [ -99.118954938813431, 19.207067808626412 ], [ -99.119183823036181, 19.207519299571128 ], [ -99.119659628832053, 19.208074852491425 ], [ -99.119769840775092, 19.208769608857267 ], [ -99.119623674631484, 19.208926041312822 ], [ -99.119239415961715, 19.208544137376581 ], [ -99.119239040375959, 19.208023017803519 ], [ -99.119066227157205, 19.207836758932089 ], [ -99.11874517579335, 19.207780150386224 ], [ -99.11869064543005, 19.208231824445448 ], [ -99.118343556541689, 19.208683687573455 ], [ -99.11805117183647, 19.208927066560292 ], [ -99.117465820150613, 19.208597400346751 ], [ -99.116807221034065, 19.208111442722938 ], [ -99.116112214703236, 19.20785131019586 ], [ -99.114466306304621, 19.207452819399208 ], [ -99.113753176927474, 19.207418539356052 ], [ -99.112728887521328, 19.206915422799032 ], [ -99.111545487097544, 19.206247638620802 ], [ -99.110991048801878, 19.205735277522471 ], [ -99.110877741257127, 19.205604075808349 ], [ -99.110670449760008, 19.205494093100807 ], [ -99.110516003650289, 19.205627644815284 ], [ -99.109912579086526, 19.205425053774103 ], [ -99.110158619092005, 19.205325538516366 ], [ -99.110281018326575, 19.205148718697441 ], [ -99.110430326801577, 19.204497685343739 ], [ -99.11057089586015, 19.204351030564364 ], [ -99.110974179293208, 19.203505853584126 ], [ -99.11111927596005, 19.203346262980268 ], [ -99.111441283936969, 19.203104658015171 ], [ -99.111545535571139, 19.202936470120644 ], [ -99.11171055909152, 19.202481228130196 ], [ -99.111785940749755, 19.202239288338582 ], [ -99.111817252862792, 19.202138790914788 ], [ -99.112464949634031, 19.201080404466136 ], [ -99.113292905042201, 19.199795146975401 ], [ -99.114202826649688, 19.200039315482204 ], [ -99.11458550876543, 19.200083970379275 ], [ -99.115015662669038, 19.200092171041447 ], [ -99.115233829940436, 19.200042771678529 ], [ -99.116027973712065, 19.199768961444111 ], [ -99.118496262673759, 19.198947454676816 ], [ -99.118640195636374, 19.198894897842049 ], [ -99.118817841679501, 19.198830030541234 ], [ -99.12022576495707, 19.198324280701613 ], [ -99.120342065733553, 19.198289494103349 ], [ -99.120111588058407, 19.197630791818554 ], [ -99.120058095555649, 19.197477910116341 ], [ -99.120491868721203, 19.197636716282435 ], [ -99.120534701182692, 19.197493914499134 ], [ -99.120706574587444, 19.197669209075858 ], [ -99.121376337908103, 19.197607578354745 ], [ -99.121398663397883, 19.197609640774793 ], [ -99.122209361377116, 19.197684530861597 ], [ -99.122892117132011, 19.197773818069606 ], [ -99.123051006239507, 19.197806345506958 ], [ -99.123338596443062, 19.197819966818173 ], [ -99.123815302574272, 19.197842544344503 ], [ -99.123868983231773, 19.196729768717962 ], [ -99.12437114842767, 19.196806683399245 ], [ -99.124561694143964, 19.196907891510381 ], [ -99.124746359843385, 19.19696079620989 ], [ -99.124888018637236, 19.196919907340824 ], [ -99.125235653910806, 19.196723866464911 ], [ -99.125304064861794, 19.196745479665662 ], [ -99.125493332772507, 19.196805275270844 ], [ -99.12596144277245, 19.19694364876645 ], [ -99.126575530597364, 19.197073761884305 ], [ -99.126648622098017, 19.19720424730826 ], [ -99.129199740755823, 19.197977517475234 ], [ -99.129152698895737, 19.198344689876624 ], [ -99.129272692681354, 19.198393749685916 ], [ -99.129418946461556, 19.198271068597808 ], [ -99.129465364672257, 19.198443112637602 ], [ -99.129390222928365, 19.198555685846248 ], [ -99.1290603939335, 19.199371060330837 ], [ -99.129153930096962, 19.199796893089449 ], [ -99.129317307256898, 19.200074166594884 ], [ -99.129489342594312, 19.200441177208116 ], [ -99.129505221617407, 19.200554418820648 ], [ -99.129513631851779, 19.200658844965709 ], [ -99.129523934897605, 19.200751175350781 ], [ -99.129507379226197, 19.201542560403837 ], [ -99.129474638955529, 19.20181295041353 ], [ -99.129444327624441, 19.202064707165466 ], [ -99.129413522949335, 19.202317682985189 ], [ -99.129392360062099, 19.20246995470638 ], [ -99.129302369580472, 19.202937806409679 ], [ -99.129710431092846, 19.20300230120522 ], [ -99.13029973480144, 19.203164428539043 ], [ -99.130050008480509, 19.203904974118068 ], [ -99.130222143907218, 19.203920896146485 ], [ -99.130449818854927, 19.203971884699829 ], [ -99.130564382017923, 19.203999413629663 ], [ -99.130587623690644, 19.204004998472382 ], [ -99.130764507865976, 19.204047852470691 ], [ -99.130875515478593, 19.204123972371178 ], [ -99.131019671402598, 19.204262570625584 ], [ -99.131126639229635, 19.204430514296593 ], [ -99.131197869001795, 19.204564093175808 ], [ -99.131230716941118, 19.204697122433586 ], [ -99.131233964714099, 19.204801621759355 ], [ -99.131273106200908, 19.204889507494915 ], [ -99.131318441764648, 19.205008647008579 ], [ -99.131357642276996, 19.20517077096158 ], [ -99.131437986670491, 19.205352401800727 ], [ -99.131518281553483, 19.205471516192109 ], [ -99.131623256669897, 19.205594520107212 ], [ -99.131752915193061, 19.205725320778527 ], [ -99.132043077630783, 19.205984945985904 ], [ -99.132215974769878, 19.206182138889755 ], [ -99.132308599801746, 19.206289522194741 ], [ -99.132438290685528, 19.206459395114525 ], [ -99.132481571094218, 19.206578535798101 ], [ -99.132524900072667, 19.20675823922922 ], [ -99.132551744806932, 19.206896928156773 ], [ -99.132528655054486, 19.207068570526072 ], [ -99.132514948052588, 19.20717046414434 ], [ -99.132484176583787, 19.207264261029238 ], [ -99.1324123622842, 19.207465537668849 ], [ -99.132344652884257, 19.207657043121799 ], [ -99.132357083750577, 19.207772298809484 ], [ -99.132404486723132, 19.207903158345989 ], [ -99.132474520082141, 19.208045723345482 ], [ -99.132534225929845, 19.208131640273269 ], [ -99.132653559492056, 19.208205792213484 ], [ -99.132742035427043, 19.208266290953972 ], [ -99.132768800640207, 19.208305344335155 ], [ -99.132799702291166, 19.208373699288462 ], [ -99.132799857536952, 19.208567109352934 ], [ -99.132804205677402, 19.208860151917897 ], [ -99.132806386027738, 19.209014487744358 ], [ -99.132806520899251, 19.209182500516047 ], [ -99.13279428719278, 19.209313403123801 ], [ -99.132796439315285, 19.209432573480267 ], [ -99.132829441577542, 19.209555628759013 ], [ -99.132858291729789, 19.209629846091953 ], [ -99.132911830516804, 19.209717720985378 ], [ -99.132924265081172, 19.209836883049004 ] ] ] ] } },
{ "type": "Feature", "properties": { "id": 5283.0, "entidad": 9, "distrito_f": 21, "distrito_l": 25, "municipio": 13, "seccion": 4107, "tipo": 2, "control": 36978.0, "SECCION_TX": "4107", "SECCION__1": null, "SECCION__2": null, "SECCION_N": "4107", "ESTATUS": null, "ALCALDIA_N": "XOCHIMILCO", "EN_OPERATI": null, "EN_OP": "NO", "SEC_N": "4107", "EST": null, "ALC_N": "XOCHIMILCO", "OP": "NO", "NOMBRE": "AYECATL" }, "geometry": { "type": "MultiPolygon", "coordinates": [ [ [ [ -99.103949772574055, 19.272810961180813 ], [ -99.102816155047037, 19.274320702903594 ], [ -99.102224303658289, 19.274747789298182 ], [ -99.101087796957614, 19.275674513124937 ], [ -99.100074447592647, 19.2765007979134 ], [ -99.099730620113249, 19.276781151577037 ], [ -99.099327127725203, 19.277146009041346 ], [ -99.098802510586253, 19.27762038964514 ], [ -99.098682755510879, 19.277612200319133 ], [ -99.097782465671486, 19.277543117557649 ], [ -99.09723686113928, 19.277350537256609 ], [ -99.09692635400063, 19.277240937605441 ], [ -99.096935010706005, 19.27713906567686 ], [ -99.096940503950833, 19.277091106841485 ], [ -99.09702120962065, 19.276124671885739 ], [ -99.097110098719824, 19.275078606985101 ], [ -99.097131614176305, 19.274825406778074 ], [ -99.097655442408779, 19.273357523118595 ], [ -99.097802915891933, 19.272944264499724 ], [ -99.097878926941931, 19.272731261136578 ], [ -99.098142352660673, 19.272130974361037 ], [ -99.098183711443255, 19.272036726751882 ], [ -99.098423398955205, 19.271490529085344 ], [ -99.098531315530423, 19.271244608513236 ], [ -99.098979892328117, 19.270333198245922 ], [ -99.099055811153875, 19.27027271824193 ], [ -99.099131729923883, 19.270212238206177 ], [ -99.099319927858133, 19.270263699168691 ], [ -99.099692989363533, 19.270365708674024 ], [ -99.100129942604795, 19.270377807280564 ], [ -99.100203610229926, 19.270388759572846 ], [ -99.100249785900303, 19.27039562457308 ], [ -99.10027727786472, 19.270399711835395 ], [ -99.100352974072635, 19.27043859394491 ], [ -99.100352990983794, 19.270466377503222 ], [ -99.100396187038427, 19.270478261030476 ], [ -99.100400096069222, 19.270506608518165 ], [ -99.100537204856764, 19.270563186678682 ], [ -99.100614798554446, 19.270337351030079 ], [ -99.100673188149486, 19.270079877564299 ], [ -99.100781352795764, 19.270135094507722 ], [ -99.100818024351085, 19.270153814937899 ], [ -99.100897221006463, 19.270169538850176 ], [ -99.100994300845855, 19.270188891527404 ], [ -99.101005955672164, 19.269747614221725 ], [ -99.10111185366425, 19.269774016227927 ], [ -99.101192676045883, 19.269803078107611 ], [ -99.101445230218886, 19.269672860384613 ], [ -99.101621639791588, 19.269581894651033 ], [ -99.101792525660585, 19.270137507349922 ], [ -99.101868646044295, 19.270138251559779 ], [ -99.101891351662061, 19.270138394504389 ], [ -99.102134675769904, 19.270139926189024 ], [ -99.102148560891678, 19.270064505891149 ], [ -99.102222405372245, 19.270073725806633 ], [ -99.102268253134653, 19.269876788304469 ], [ -99.10227473270352, 19.269789851336881 ], [ -99.102447543512014, 19.269830279681333 ], [ -99.1027157774258, 19.269862877275255 ], [ -99.102818920914871, 19.269861991020253 ], [ -99.10278418324387, 19.270016453241997 ], [ -99.10272773945411, 19.270267431821015 ], [ -99.102705681339742, 19.270365513510164 ], [ -99.102917252827709, 19.270417279053376 ], [ -99.10303098501862, 19.270445105980283 ], [ -99.103134819891935, 19.270473933282116 ], [ -99.103283847797968, 19.270515307241837 ], [ -99.1032945703178, 19.270663777670599 ], [ -99.103283804711367, 19.27082383151593 ], [ -99.103191652696623, 19.271133436992319 ], [ -99.103162430078314, 19.271259935426801 ], [ -99.103129341010657, 19.271322873981145 ], [ -99.103096251917805, 19.271385812529193 ], [ -99.102967347344176, 19.271581267976366 ], [ -99.102895098041174, 19.27172280437324 ], [ -99.102866367037919, 19.271819758064712 ], [ -99.102823417939774, 19.272027122471425 ], [ -99.102766954005531, 19.27219083622288 ], [ -99.102732935184875, 19.272463984457463 ], [ -99.10291754843773, 19.272528622082952 ], [ -99.102944120015138, 19.272474919074977 ], [ -99.103522529773358, 19.272683997164886 ], [ -99.103619358284064, 19.272687710696893 ], [ -99.103744069824728, 19.272687639963475 ], [ -99.103837211645853, 19.272725484522937 ], [ -99.103900871841219, 19.272773826900931 ], [ -99.103930791846039, 19.272796547583059 ], [ -99.103949772574055, 19.272810961180813 ] ] ] ] } },
{ "type": "Feature", "properties": { "id": 5353.0, "entidad": 9, "distrito_f": 21, "distrito_l": 25, "municipio": 13, "seccion": 4225, "tipo": 3, "control": 37189.0, "SECCION_TX": "4225", "SECCION__1": null, "SECCION__2": null, "SECCION_N": "4225", "ESTATUS": "COMPLETA", "ALCALDIA_N": "XOCHIMILCO", "EN_OPERATI": null, "EN_OP": "SI", "SEC_N": "4225", "EST": "COMPLETA", "ALC_N": "XOCHIMILCO", "OP": "SI", "NOMBRE": "LA PE�ITA" }, "geometry": { "type": "MultiPolygon", "coordinates": [ [ [ [ -99.085470253284953, 19.242993832947811 ], [ -99.085266873146907, 19.24273444327498 ], [ -99.085241761278482, 19.242702415692388 ], [ -99.084731480887058, 19.242461982770138 ], [ -99.084396976481258, 19.24240116761084 ], [ -99.084351490207183, 19.242408389674011 ], [ -99.083991587155481, 19.242465532701896 ], [ -99.083956594066947, 19.242473447465972 ], [ -99.083650395875011, 19.242542703294209 ], [ -99.08340378827296, 19.242590949796526 ], [ -99.0828700448577, 19.24271634054001 ], [ -99.08254379164687, 19.242900271647837 ], [ -99.082488379160978, 19.242931511333477 ], [ -99.082299608548936, 19.243144628467828 ], [ -99.082277471761046, 19.24316962027935 ], [ -99.082218248756107, 19.243236481337242 ], [ -99.08166798739957, 19.244125601583921 ], [ -99.081049158311401, 19.244754403629845 ], [ -99.080906378663755, 19.244899483312544 ], [ -99.080860204237808, 19.244851983467374 ], [ -99.080806516476372, 19.244880541662432 ], [ -99.080307533319655, 19.245145965140868 ], [ -99.079750927188272, 19.245300421149615 ], [ -99.079331490838726, 19.245305130454113 ], [ -99.078730350327533, 19.245311878201466 ], [ -99.078595726034905, 19.24531436369136 ], [ -99.077759167775184, 19.245329806358058 ], [ -99.077467690761736, 19.245286870980461 ], [ -99.077171168125759, 19.245183253459604 ], [ -99.077115768044109, 19.24516389426557 ], [ -99.076871249803091, 19.245038647920605 ], [ -99.07657225706717, 19.244902985276187 ], [ -99.076407992170743, 19.244788487947158 ], [ -99.076451122528709, 19.244704384877256 ], [ -99.076485660658363, 19.244708398793129 ], [ -99.076695246445766, 19.244823435455718 ], [ -99.076807406746866, 19.244839086381457 ], [ -99.076899486092032, 19.24483007745437 ], [ -99.07713553271968, 19.244690939054113 ], [ -99.07722759308308, 19.244641563787628 ], [ -99.077629904819517, 19.244873696472837 ], [ -99.077662285253197, 19.244876245525823 ], [ -99.078022155361907, 19.244904574834877 ], [ -99.078087364063435, 19.244557876132315 ], [ -99.078104151077483, 19.244445907621724 ], [ -99.078129917469795, 19.244274046827915 ], [ -99.078152530859796, 19.244123216135449 ], [ -99.078165327583207, 19.244046539598589 ], [ -99.0783209308414, 19.243114176510225 ], [ -99.078403504383843, 19.242675818891737 ], [ -99.076909693294027, 19.242278199453285 ], [ -99.077461989064616, 19.241950903470844 ], [ -99.077929816625243, 19.241469321183331 ], [ -99.078318354133458, 19.241233722994878 ], [ -99.078913912617139, 19.240959940599605 ], [ -99.079125412075982, 19.240349378103584 ], [ -99.079175474667622, 19.239881710525559 ], [ -99.07938788326851, 19.239656177852524 ], [ -99.079278826663455, 19.239624684202724 ], [ -99.079263014295847, 19.239389896535975 ], [ -99.079400935619333, 19.239295394786271 ], [ -99.079275896532735, 19.238872403105415 ], [ -99.079335831514911, 19.238655567256302 ], [ -99.079379663949837, 19.23799653293225 ], [ -99.079374757036547, 19.237883475788593 ], [ -99.07933482383946, 19.237860536531361 ], [ -99.079311296158409, 19.237692088790006 ], [ -99.07965789076782, 19.23742966971972 ], [ -99.079639978851915, 19.236590454096238 ], [ -99.08105109167289, 19.236538953668404 ], [ -99.081926618263154, 19.236107203511867 ], [ -99.082701993305321, 19.235951771205279 ], [ -99.082946719275995, 19.235775428997727 ], [ -99.082921658070532, 19.2349426334703 ], [ -99.085250902016611, 19.23485019456648 ], [ -99.085551949231458, 19.233936451858824 ], [ -99.086289512075979, 19.233003524621658 ], [ -99.08625661984901, 19.232146331749611 ], [ -99.086997724070102, 19.231709845248144 ], [ -99.086918204752976, 19.232221662945516 ], [ -99.08695903768438, 19.232703207585629 ], [ -99.0872385794206, 19.233521466801164 ], [ -99.087547570414742, 19.234157560337962 ], [ -99.087686906668552, 19.234236391163101 ], [ -99.088158828239258, 19.234583476211569 ], [ -99.08860618086679, 19.234710237345578 ], [ -99.088829213087351, 19.234588095518195 ], [ -99.08894413763818, 19.234489749449153 ], [ -99.089286123099129, 19.234355799018235 ], [ -99.089478655372233, 19.234254684468613 ], [ -99.089751619509713, 19.234057970312222 ], [ -99.089843617520344, 19.234087958339323 ], [ -99.089957585191073, 19.234345607220199 ], [ -99.090099425939272, 19.23463007873989 ], [ -99.090372899057272, 19.235035607503516 ], [ -99.090555215567946, 19.235306600631056 ], [ -99.090595188353788, 19.235353511053297 ], [ -99.090863076242115, 19.235667892371371 ], [ -99.091106112984704, 19.235931164480721 ], [ -99.091199250190812, 19.235983027657763 ], [ -99.091502883218041, 19.236015559955664 ], [ -99.091735674988797, 19.23605197240769 ], [ -99.091761791932228, 19.236299357775824 ], [ -99.091792616884405, 19.236532587772952 ], [ -99.091807484873755, 19.236592868638265 ], [ -99.091837691969999, 19.236715340328821 ], [ -99.092040117042984, 19.237536047906254 ], [ -99.092303304013825, 19.237628199023618 ], [ -99.092137628640515, 19.238170448698753 ], [ -99.091529244555787, 19.239754955718428 ], [ -99.091250768877288, 19.23968385034485 ], [ -99.09120510652977, 19.239824344390485 ], [ -99.091260170221631, 19.240003102211265 ], [ -99.091594396809384, 19.240439359769034 ], [ -99.091780787802648, 19.240743033218163 ], [ -99.091659507999509, 19.241048783353964 ], [ -99.091595740552862, 19.241058268724359 ], [ -99.091309356750614, 19.241100867860439 ], [ -99.091179946242463, 19.24134702191445 ], [ -99.091090253473809, 19.241285562872495 ], [ -99.090705484276384, 19.241021911314697 ], [ -99.090529122270766, 19.240901063981898 ], [ -99.090268730333889, 19.240722636754711 ], [ -99.090207396488793, 19.240670380026241 ], [ -99.089971040903635, 19.240469003435141 ], [ -99.089782674333478, 19.2402479998097 ], [ -99.089754407258326, 19.240378748761067 ], [ -99.08975996379742, 19.240517573411633 ], [ -99.089817372456352, 19.240776690861459 ], [ -99.089957234170541, 19.241134221081385 ], [ -99.089918971884543, 19.241495683911889 ], [ -99.090269206392847, 19.241593562838656 ], [ -99.090255106565536, 19.241720459711569 ], [ -99.090220759750906, 19.241837753689474 ], [ -99.090198324312723, 19.241866384081337 ], [ -99.090143894765276, 19.241935842857927 ], [ -99.090077253332325, 19.242222339259722 ], [ -99.090053003061215, 19.242295409020052 ], [ -99.089955775540361, 19.242172412062764 ], [ -99.089826205305513, 19.242130179053778 ], [ -99.089595422244059, 19.242080305222654 ], [ -99.089405120713195, 19.242026566183192 ], [ -99.088911046362838, 19.241699969157469 ], [ -99.088939306044196, 19.241553839758652 ], [ -99.088704370381549, 19.241307864198649 ], [ -99.088518136185854, 19.2412618159521 ], [ -99.088282991743682, 19.24120367385558 ], [ -99.088185326817182, 19.24117952500777 ], [ -99.088145626981301, 19.241169708720729 ], [ -99.087845979233705, 19.241035272529192 ], [ -99.087622996253799, 19.240900934432876 ], [ -99.087036057220573, 19.240547325390175 ], [ -99.086963182554825, 19.240537747149293 ], [ -99.087137532811667, 19.241054836878192 ], [ -99.087149178171401, 19.241093782896197 ], [ -99.087283530569266, 19.241543101308949 ], [ -99.086997015448674, 19.241481892589128 ], [ -99.086741633606664, 19.241453780424514 ], [ -99.086723492528435, 19.241363290207545 ], [ -99.086521188675832, 19.241335138045141 ], [ -99.086482423707125, 19.24135181650685 ], [ -99.086448739879359, 19.241414847539424 ], [ -99.086249915806519, 19.241524933609032 ], [ -99.08597096260533, 19.241743017190256 ], [ -99.085795695902604, 19.241897074796022 ], [ -99.085709196616804, 19.242119861490373 ], [ -99.085470253284953, 19.242993832947811 ] ] ] ] } },
{ "type": "Feature", "properties": { "id": 5355.0, "entidad": 9, "distrito_f": 21, "distrito_l": 25, "municipio": 13, "seccion": 4227, "tipo": 2, "control": 37192.0, "SECCION_TX": "4227", "SECCION__1": null, "SECCION__2": null, "SECCION_N": "4227", "ESTATUS": "COMPLETA", "ALCALDIA_N": "XOCHIMILCO", "EN_OPERATI": null, "EN_OP": "SI", "SEC_N": "4227", "EST": "COMPLETA", "ALC_N": "XOCHIMILCO", "OP": "SI", "NOMBRE": "LA PE�ITA" }, "geometry": { "type": "MultiPolygon", "coordinates": [ [ [ [ -99.092631184501187, 19.244565118092936 ], [ -99.092049458131228, 19.244568174184867 ], [ -99.09201503845631, 19.24456835495025 ], [ -99.091204840636294, 19.244572608080787 ], [ -99.09120598486696, 19.244870383427489 ], [ -99.091207418496978, 19.245243469818433 ], [ -99.091210393430018, 19.246017654706225 ], [ -99.090298526201451, 19.24601318093195 ], [ -99.090391603272309, 19.245836159413503 ], [ -99.09039128138059, 19.245248217286814 ], [ -99.090016871707476, 19.245243942787631 ], [ -99.089667846481447, 19.245243357358103 ], [ -99.089534382482796, 19.24524313331932 ], [ -99.089539420343257, 19.245010413227739 ], [ -99.088750337778762, 19.244906575085754 ], [ -99.088822274070608, 19.244481582765562 ], [ -99.088839985414751, 19.244376945601182 ], [ -99.088984731751523, 19.243521791136576 ], [ -99.089538668106968, 19.243623262000025 ], [ -99.089820446761394, 19.242910936908444 ], [ -99.090306750199815, 19.243078962753994 ], [ -99.090369540895452, 19.24266051220707 ], [ -99.090340507752359, 19.242622404957967 ], [ -99.090287913470206, 19.242553372643307 ], [ -99.090065745032433, 19.242379777925837 ], [ -99.090053003061215, 19.242295409020052 ], [ -99.090077253332325, 19.242222339259722 ], [ -99.090143894765276, 19.241935842857927 ], [ -99.090198324312723, 19.241866384081337 ], [ -99.090220759750906, 19.241837753689474 ], [ -99.090255106565536, 19.241720459711569 ], [ -99.090269206392847, 19.241593562838656 ], [ -99.089918971884543, 19.241495683911889 ], [ -99.089957234170541, 19.241134221081385 ], [ -99.089817372456352, 19.240776690861459 ], [ -99.08975996379742, 19.240517573411633 ], [ -99.089754407258326, 19.240378748761067 ], [ -99.089782674333478, 19.2402479998097 ], [ -99.089971040903635, 19.240469003435141 ], [ -99.090207396488793, 19.240670380026241 ], [ -99.090268730333889, 19.240722636754711 ], [ -99.090529122270766, 19.240901063981898 ], [ -99.090705484276384, 19.241021911314697 ], [ -99.091090253473809, 19.241285562872495 ], [ -99.091179946242463, 19.24134702191445 ], [ -99.091447172124518, 19.241545995189121 ], [ -99.091779304107931, 19.241793295568595 ], [ -99.091993607389298, 19.241932947310474 ], [ -99.092038047491783, 19.241961906851028 ], [ -99.09261036066107, 19.242227137419889 ], [ -99.092613019930184, 19.242316353588429 ], [ -99.092634325327779, 19.243031127385894 ], [ -99.092641804218985, 19.243384936985027 ], [ -99.09264611641342, 19.243588936478446 ], [ -99.092650428619663, 19.243792935967189 ], [ -99.09264658976781, 19.243946972794781 ], [ -99.092631184501187, 19.244565118092936 ] ] ] ] } },
{ "type": "Feature", "properties": { "id": 5351.0, "entidad": 9, "distrito_f": 21, "distrito_l": 25, "municipio": 13, "seccion": 4228, "tipo": 2, "control": 37249.0, "SECCION_TX": "4228", "SECCION__1": null, "SECCION__2": null, "SECCION_N": "4228", "ESTATUS": null, "ALCALDIA_N": "XOCHIMILCO", "EN_OPERATI": null, "EN_OP": "NO", "SEC_N": "4228", "EST": null, "ALC_N": "XOCHIMILCO", "OP": "NO", "NOMBRE": "LA PE�ITA" }, "geometry": { "type": "MultiPolygon", "coordinates": [ [ [ [ -99.094452316447686, 19.244544603371853 ], [ -99.094078919537239, 19.24455083232672 ], [ -99.093515517427534, 19.244560152614021 ], [ -99.093503617133123, 19.244535321906682 ], [ -99.092631184501187, 19.244565118092936 ], [ -99.09264658976781, 19.243946972794781 ], [ -99.092650428619663, 19.243792935967189 ], [ -99.09264611641342, 19.243588936478446 ], [ -99.092641804218985, 19.243384936985027 ], [ -99.092634325327779, 19.243031127385894 ], [ -99.092613019930184, 19.242316353588429 ], [ -99.09261036066107, 19.242227137419889 ], [ -99.092038047491783, 19.241961906851028 ], [ -99.091993607389298, 19.241932947310474 ], [ -99.091779304107931, 19.241793295568595 ], [ -99.091447172124518, 19.241545995189121 ], [ -99.091179946242463, 19.24134702191445 ], [ -99.091309356750614, 19.241100867860439 ], [ -99.091595740552862, 19.241058268724359 ], [ -99.091659507999509, 19.241048783353964 ], [ -99.091780787802648, 19.240743033218163 ], [ -99.091594396809384, 19.240439359769034 ], [ -99.091260170221631, 19.240003102211265 ], [ -99.09120510652977, 19.239824344390485 ], [ -99.091250768877288, 19.23968385034485 ], [ -99.091529244555787, 19.239754955718428 ], [ -99.092137628640515, 19.238170448698753 ], [ -99.09251327103479, 19.238322000330982 ], [ -99.092677853396935, 19.238388400187297 ], [ -99.092707472001095, 19.23867580948265 ], [ -99.092730820111171, 19.238681627323775 ], [ -99.092863476399899, 19.238714682320705 ], [ -99.093189516904019, 19.238795923897509 ], [ -99.093277953380948, 19.238817960060263 ], [ -99.093299957835612, 19.238932608982815 ], [ -99.093397411595888, 19.239440366392309 ], [ -99.09408880430702, 19.240087166409026 ], [ -99.094420207133354, 19.239584806940314 ], [ -99.09445665468931, 19.239529557414365 ], [ -99.09447871262708, 19.239207091789396 ], [ -99.094481884248637, 19.239160725661645 ], [ -99.09450711369918, 19.23879189389109 ], [ -99.094525831924656, 19.238746818976693 ], [ -99.094592689796613, 19.238585819905442 ], [ -99.094610879044225, 19.238392680265768 ], [ -99.094616645520873, 19.238331449755226 ], [ -99.094672631349042, 19.237893925430463 ], [ -99.095177972172323, 19.238006587355748 ], [ -99.095218998603855, 19.238015733821143 ], [ -99.095663667201634, 19.238244424009295 ], [ -99.095700066989309, 19.238255927400154 ], [ -99.09584044314829, 19.238300290263151 ], [ -99.09614044855978, 19.238432399004324 ], [ -99.09621807663639, 19.238499503632514 ], [ -99.096381584372722, 19.238640845578828 ], [ -99.096430226077601, 19.238637172341559 ], [ -99.096524872641922, 19.238630024954194 ], [ -99.09658509872321, 19.238625476859063 ], [ -99.096854034581455, 19.238668361584512 ], [ -99.096938619323893, 19.238681248717054 ], [ -99.097169153445321, 19.238861134416595 ], [ -99.097400831240435, 19.239076110641207 ], [ -99.097469562313236, 19.239115315867927 ], [ -99.097501326398856, 19.239476673736789 ], [ -99.09748002896896, 19.239614232957461 ], [ -99.097480072231292, 19.239687530597781 ], [ -99.097459306817001, 19.239837386122495 ], [ -99.097350512114616, 19.240045292785741 ], [ -99.097330237028686, 19.240183063799293 ], [ -99.097408274521541, 19.240539585572936 ], [ -99.097416985063418, 19.240579380419685 ], [ -99.09742252489751, 19.240636383166031 ], [ -99.09744258592373, 19.240842803010931 ], [ -99.097442875413762, 19.241333422579668 ], [ -99.097384508873759, 19.241601723526742 ], [ -99.097221820785549, 19.241879747268136 ], [ -99.097176138129484, 19.242082786564676 ], [ -99.096901757969576, 19.242149127586494 ], [ -99.096855568232286, 19.242160295528997 ], [ -99.096326391391145, 19.242320086581021 ], [ -99.095888714249199, 19.242300981615436 ], [ -99.095092237701337, 19.242255477046434 ], [ -99.095150874182607, 19.242448794233212 ], [ -99.095166194538947, 19.242540626404587 ], [ -99.094995820784931, 19.242736479401561 ], [ -99.094951476701794, 19.242835154816632 ], [ -99.094853506409621, 19.24305315997724 ], [ -99.094685774739006, 19.243420607338347 ], [ -99.094566402030722, 19.243809781163385 ], [ -99.094467165694752, 19.243814666098576 ], [ -99.094439310645839, 19.244051531316348 ], [ -99.09450806592352, 19.244140919103639 ], [ -99.094452316447686, 19.244544603371853 ] ] ] ] } },
{ "type": "Feature", "properties": { "id": 5395.0, "entidad": 9, "distrito_f": 21, "distrito_l": 25, "municipio": 13, "seccion": 5609, "tipo": 2, "control": 27370.0, "SECCION_TX": "5609", "SECCION__1": null, "SECCION__2": null, "SECCION_N": "5609", "ESTATUS": null, "ALCALDIA_N": "XOCHIMILCO", "EN_OPERATI": null, "EN_OP": "NO", "SEC_N": "5609", "EST": null, "ALC_N": "XOCHIMILCO", "OP": "NO", "NOMBRE": "LA PE�ITA" }, "geometry": { "type": "MultiPolygon", "coordinates": [ [ [ [ -99.094672631349042, 19.237893925430463 ], [ -99.094616645520873, 19.238331449755226 ], [ -99.094610879044225, 19.238392680265768 ], [ -99.094592689796613, 19.238585819905442 ], [ -99.094525831924656, 19.238746818976693 ], [ -99.09450711369918, 19.23879189389109 ], [ -99.094481884248651, 19.239160725661645 ], [ -99.09447871262708, 19.239207091789396 ], [ -99.09445665468931, 19.239529557414365 ], [ -99.094420207133354, 19.239584806940314 ], [ -99.09408880430702, 19.240087166409026 ], [ -99.093397411595888, 19.239440366392309 ], [ -99.093299957835612, 19.238932608982815 ], [ -99.093277953380948, 19.238817960060263 ], [ -99.093189516904033, 19.238795923897509 ], [ -99.092863476399899, 19.238714682320705 ], [ -99.092730820111171, 19.238681627323775 ], [ -99.092707472001095, 19.23867580948265 ], [ -99.092677853396935, 19.238388400187205 ], [ -99.09251327103479, 19.238322000330982 ], [ -99.092137628640515, 19.238170448698753 ], [ -99.092303304013825, 19.237628199023618 ], [ -99.092040117042984, 19.237536047906254 ], [ -99.091837691969999, 19.236715340328821 ], [ -99.091807484873755, 19.236592868638265 ], [ -99.091792616884419, 19.236532587772952 ], [ -99.091761791932228, 19.236299357775824 ], [ -99.091735674988797, 19.23605197240769 ], [ -99.091502883218041, 19.236015559955664 ], [ -99.091199250190812, 19.235983027657763 ], [ -99.091106112984704, 19.235931164480629 ], [ -99.090863076242115, 19.235667892371371 ], [ -99.090595188353788, 19.235353511053297 ], [ -99.090555215567946, 19.235306600631056 ], [ -99.090372899057272, 19.235035607503516 ], [ -99.090099425939272, 19.23463007873989 ], [ -99.089957585191073, 19.234345607220199 ], [ -99.089843617520344, 19.234087958339323 ], [ -99.08983503, 19.23392769200003 ], [ -99.089833482, 19.233898792999966 ], [ -99.089925716, 19.233228784000023 ], [ -99.089990574, 19.232936813 ], [ -99.08998459, 19.23280207499997 ], [ -99.090013797, 19.232801044 ], [ -99.090193162, 19.23270194300002 ], [ -99.09068302, 19.232681443000022 ], [ -99.090859379, 19.232903512 ], [ -99.091037508, 19.233012490000025 ], [ -99.091071582, 19.233007285000017 ], [ -99.091256537, 19.233045354000033 ], [ -99.091375981, 19.233062033000028 ], [ -99.091499387, 19.233160539000043 ], [ -99.091542471, 19.233180678 ], [ -99.091562035, 19.233189822000011 ], [ -99.091581599, 19.233198967 ], [ -99.091621817, 19.233209661000018 ], [ -99.091808495, 19.233227158000016 ], [ -99.091826298, 19.233219105 ], [ -99.091995245, 19.233144930999973 ], [ -99.092303699, 19.233031265999962 ], [ -99.092333353, 19.233001065000018 ], [ -99.092363008, 19.232970866000013 ], [ -99.09249721, 19.232884924999968 ], [ -99.092543247, 19.232855444999956 ], [ -99.092566266, 19.232840703999955 ], [ -99.092589286, 19.232825962999986 ], [ -99.092641930000013, 19.232792252999964 ], [ -99.092713943, 19.23276419399998 ], [ -99.092807281, 19.232791594999984 ], [ -99.092925823, 19.232784989000038 ], [ -99.092932207000018, 19.232802538999969 ], [ -99.093152034, 19.233484460999968 ], [ -99.093309411, 19.233924977000036 ], [ -99.093245752, 19.233964684999968 ], [ -99.093193613, 19.233998465000017 ], [ -99.093075622, 19.234074911000015 ], [ -99.0930255, 19.23410738599997 ], [ -99.092982169, 19.234135459000036 ], [ -99.092940243, 19.234198586999987 ], [ -99.092843202, 19.23434470299998 ], [ -99.092808754, 19.234485273000029 ], [ -99.092802729, 19.234509859999978 ], [ -99.092782522, 19.23464473100001 ], [ -99.092802885, 19.234787838999949 ], [ -99.092865748, 19.234963124 ], [ -99.092894252, 19.235007068 ], [ -99.092908702, 19.235029344999965 ], [ -99.092930534, 19.235063002 ], [ -99.092950857, 19.235134551000037 ], [ -99.092939304, 19.235200610999964 ], [ -99.092865894, 19.235297329999955 ], [ -99.092747869, 19.235390194000011 ], [ -99.092717941, 19.235484341999953 ], [ -99.092850466, 19.235581897999975 ], [ -99.092983626, 19.235493274999978 ], [ -99.09314041, 19.235412834000041 ], [ -99.09328591, 19.235449019999979 ], [ -99.09350529, 19.235607659000038 ], [ -99.093768983, 19.235626790000016 ], [ -99.093860376, 19.235805564999961 ], [ -99.093963537, 19.235894933999951 ], [ -99.094105278, 19.235929368000015 ], [ -99.094138408, 19.235950201 ], [ -99.094354495, 19.235970524 ], [ -99.094521434, 19.236001287000033 ], [ -99.094406199, 19.236267938999983 ], [ -99.094423386, 19.23632865400003 ], [ -99.094577793, 19.236395222999974 ], [ -99.094469649, 19.236900031999976 ], [ -99.094418583, 19.23694833800003 ], [ -99.094338413, 19.236959351000024 ], [ -99.09428206, 19.237033597999957 ], [ -99.094303861, 19.237480015 ], [ -99.094364537, 19.237508053000031 ], [ -99.094509265, 19.237640941999981 ], [ -99.094672631349042, 19.237893925430463 ] ] ] ] } },
{ "type": "Feature", "properties": { "id": 5337.0, "entidad": 9, "distrito_f": 21, "distrito_l": 25, "municipio": 13, "seccion": 4180, "tipo": 2, "control": 37075.0, "SECCION_TX": "4180", "SECCION__1": null, "SECCION__2": null, "SECCION_N": "4180", "ESTATUS": null, "ALCALDIA_N": "XOCHIMILCO", "EN_OPERATI": null, "EN_OP": "NO", "SEC_N": "4180", "EST": null, "ALC_N": "XOCHIMILCO", "OP": "NO", "NOMBRE": "LA NOPALERA" }, "geometry": { "type": "MultiPolygon", "coordinates": [ [ [ [ -99.072347185107631, 19.256270561853619 ], [ -99.070793800724445, 19.255949696548882 ], [ -99.070099701314263, 19.255774053360408 ], [ -99.069727924484027, 19.255689632002532 ], [ -99.0694475478128, 19.255625965219792 ], [ -99.069128857989739, 19.255553597396798 ], [ -99.068626276012111, 19.255439470235302 ], [ -99.067612442430232, 19.255233891197076 ], [ -99.066753145245301, 19.255060008477464 ], [ -99.06670940832349, 19.254928107532724 ], [ -99.068178884074342, 19.254117028480739 ], [ -99.068272838865596, 19.254047569354789 ], [ -99.068676567662166, 19.253749098532538 ], [ -99.069367685680319, 19.252987082737352 ], [ -99.069892039368767, 19.25216026340674 ], [ -99.070200800090404, 19.251673394046939 ], [ -99.071095473384929, 19.25012052818197 ], [ -99.071141511640079, 19.250050017521858 ], [ -99.07132839274928, 19.250159330097411 ], [ -99.071408614693169, 19.250394834856877 ], [ -99.071542995135744, 19.250789329222883 ], [ -99.071579087988823, 19.250895284976966 ], [ -99.071631361287018, 19.25104874049411 ], [ -99.071654386092888, 19.251116332908733 ], [ -99.071896734289339, 19.251178490276008 ], [ -99.072311911153605, 19.251299058657693 ], [ -99.07235951641745, 19.251151897726803 ], [ -99.072752823287132, 19.251223426385099 ], [ -99.07287000476029, 19.251208288256521 ], [ -99.07293754690393, 19.251230898593004 ], [ -99.073140094359246, 19.25126516695882 ], [ -99.073148094519553, 19.251111918594081 ], [ -99.073149549925049, 19.25102672417567 ], [ -99.072845068665245, 19.250605695955752 ], [ -99.072515734870549, 19.250499262644933 ], [ -99.072607232915672, 19.250147840944269 ], [ -99.072781153992253, 19.249479848201247 ], [ -99.072981982688944, 19.24935242261872 ], [ -99.07318226868432, 19.249225340963037 ], [ -99.073399740149043, 19.249182219502075 ], [ -99.073472269559772, 19.249255348807417 ], [ -99.073602789226058, 19.249332334137087 ], [ -99.073639962750491, 19.24935426042715 ], [ -99.074664125820192, 19.249672299658428 ], [ -99.074609914476028, 19.250029506926086 ], [ -99.074581896389759, 19.250238289758443 ], [ -99.075357714925261, 19.250407902804845 ], [ -99.075262010450459, 19.250845854356001 ], [ -99.07525148069584, 19.25089403923457 ], [ -99.075240151893027, 19.250945880580321 ], [ -99.075761299641144, 19.251100589201709 ], [ -99.075682914906707, 19.251299375676123 ], [ -99.075658999074705, 19.251360026974332 ], [ -99.075625524225686, 19.25144492015842 ], [ -99.075013751345423, 19.251285944899934 ], [ -99.074797829784927, 19.251728036790681 ], [ -99.074644937999025, 19.251690440820589 ], [ -99.074434147365494, 19.251638607331376 ], [ -99.074201541834512, 19.251581409231065 ], [ -99.073768366102968, 19.251474889677958 ], [ -99.073208222500895, 19.251337146516953 ], [ -99.073185971264564, 19.251331674744755 ], [ -99.073094567277863, 19.251621697361408 ], [ -99.073050415867499, 19.251761788325322 ], [ -99.073031083395648, 19.251822363234336 ], [ -99.07298478490975, 19.251967431228035 ], [ -99.072892044741238, 19.252066604824996 ], [ -99.072768355393976, 19.252118058236121 ], [ -99.072466509863943, 19.253422785176188 ], [ -99.072448084922925, 19.253502426276743 ], [ -99.072482942123955, 19.253645609797751 ], [ -99.072436527182688, 19.253783062129923 ], [ -99.072193759818177, 19.254501984892507 ], [ -99.072143170649525, 19.25465179705137 ], [ -99.072134946601253, 19.254675261466307 ], [ -99.072069311969742, 19.25486252643536 ], [ -99.071934576562953, 19.255218285691441 ], [ -99.072571209953054, 19.255448336983907 ], [ -99.072591987459973, 19.255455727451903 ], [ -99.072510185197288, 19.255728010482613 ], [ -99.072347185107631, 19.256270561853619 ] ] ] ] } },
{ "type": "Feature", "properties": { "id": 5544.0, "entidad": 9, "distrito_f": 21, "distrito_l": 25, "municipio": 13, "seccion": 4181, "tipo": 2, "control": 37068.0, "SECCION_TX": "4181", "SECCION__1": null, "SECCION__2": null, "SECCION_N": "4181", "ESTATUS": null, "ALCALDIA_N": "XOCHIMILCO", "EN_OPERATI": null, "EN_OP": "NO", "SEC_N": "4181", "EST": null, "ALC_N": "XOCHIMILCO", "OP": "NO", "NOMBRE": "LA NOPALERA" }, "geometry": { "type": "MultiPolygon", "coordinates": [ [ [ [ -99.074797829784927, 19.251728036790681 ], [ -99.075013751345423, 19.251285944899934 ], [ -99.075625524225686, 19.25144492015842 ], [ -99.075658999074705, 19.251360026974332 ], [ -99.075682914906707, 19.251299375676123 ], [ -99.075761299641144, 19.251100589201709 ], [ -99.075240151893027, 19.250945880580321 ], [ -99.07525148069584, 19.25089403923457 ], [ -99.075262010450459, 19.250845854356001 ], [ -99.075357714925261, 19.250407902804845 ], [ -99.074581896389759, 19.250238289758443 ], [ -99.074609914476028, 19.250029506926086 ], [ -99.074664125820192, 19.249672299658428 ], [ -99.073639962750491, 19.24935426042715 ], [ -99.073602789226058, 19.249332334137087 ], [ -99.073472269559772, 19.249255348807417 ], [ -99.073399740149043, 19.249182219502075 ], [ -99.07318226868432, 19.249225340963037 ], [ -99.073087013653563, 19.248992993484649 ], [ -99.073123115248649, 19.248661614474113 ], [ -99.073152203325833, 19.248485845389073 ], [ -99.073169579643832, 19.248380846191576 ], [ -99.073242899333053, 19.247937798685925 ], [ -99.073254163988423, 19.247869729752171 ], [ -99.073104575632982, 19.247723472722388 ], [ -99.073630862478268, 19.247391977543547 ], [ -99.073842922846069, 19.247258405111644 ], [ -99.073901650002014, 19.24722824172137 ], [ -99.074267588179879, 19.247040288201298 ], [ -99.074457395917179, 19.24694279851051 ], [ -99.074631133989115, 19.246853562301567 ], [ -99.075097588757714, 19.246682998667687 ], [ -99.075325677262967, 19.24659959536919 ], [ -99.075630483433585, 19.246488138760295 ], [ -99.075746545434143, 19.246675348936183 ], [ -99.075545590561205, 19.246829644611744 ], [ -99.075558084846747, 19.246845796262939 ], [ -99.076055460462584, 19.247488761904638 ], [ -99.076226355753022, 19.247709679575358 ], [ -99.076320162601675, 19.247830944095561 ], [ -99.07634630603971, 19.247864739790622 ], [ -99.076357925823331, 19.247912467411403 ], [ -99.07629610531886, 19.247985927762677 ], [ -99.077061904068174, 19.248734639425145 ], [ -99.077092896605976, 19.248874152033139 ], [ -99.077746507743228, 19.249446665039297 ], [ -99.077709435439502, 19.249584560574686 ], [ -99.077597517945776, 19.250000851649176 ], [ -99.077576703256909, 19.250078274240582 ], [ -99.077568267650079, 19.250109636892674 ], [ -99.077456007748182, 19.250527005603626 ], [ -99.077334000559432, 19.25098061107084 ], [ -99.077149633947741, 19.251666055159269 ], [ -99.076993954849968, 19.252244839306112 ], [ -99.076769704403944, 19.252197201089288 ], [ -99.076719463431999, 19.252233939428603 ], [ -99.076702909579723, 19.25229551122894 ], [ -99.076634557969982, 19.252549743492828 ], [ -99.07673137384495, 19.252905860376629 ], [ -99.076700573672866, 19.253181252761706 ], [ -99.076601407280648, 19.253541188175191 ], [ -99.076596366497952, 19.253559484211404 ], [ -99.07652966140013, 19.253712465833718 ], [ -99.076399407792465, 19.254011188861423 ], [ -99.076260367589796, 19.254308656664769 ], [ -99.075724913223979, 19.254146436356098 ], [ -99.075592384446963, 19.254106285990716 ], [ -99.075810703427251, 19.253499799959343 ], [ -99.074269256722886, 19.252985983731627 ], [ -99.074342812954754, 19.252837966575441 ], [ -99.074482630040706, 19.252563885103655 ], [ -99.07459705708014, 19.252300908140612 ], [ -99.074797829784927, 19.251728036790681 ] ] ] ] } },
{ "type": "Feature", "properties": { "id": 5545.0, "entidad": 9, "distrito_f": 21, "distrito_l": 25, "municipio": 13, "seccion": 4182, "tipo": 2, "control": 37067.0, "SECCION_TX": "4182", "SECCION__1": null, "SECCION__2": null, "SECCION_N": "4182", "ESTATUS": "COMPLETA", "ALCALDIA_N": "XOCHIMILCO", "EN_OPERATI": null, "EN_OP": "SI", "SEC_N": "4182", "EST": "COMPLETA", "ALC_N": "XOCHIMILCO", "OP": "SI", "NOMBRE": "LA NOPALERA" }, "geometry": { "type": "MultiPolygon", "coordinates": [ [ [ [ -99.075630483433585, 19.246488138760295 ], [ -99.076620047171929, 19.24627476686678 ], [ -99.077717911160121, 19.246186182453318 ], [ -99.077926921651567, 19.246210592434327 ], [ -99.078192880448171, 19.24624165295565 ], [ -99.078939592069489, 19.246328857011633 ], [ -99.078937956000061, 19.246361628016089 ], [ -99.078936319930023, 19.246394399020406 ], [ -99.078905129200066, 19.247019156865132 ], [ -99.078854999014553, 19.247283542923537 ], [ -99.078779698087729, 19.247301457138335 ], [ -99.078731304613257, 19.247312970007389 ], [ -99.078241120617292, 19.247842502164264 ], [ -99.079510050333312, 19.249108282876957 ], [ -99.079489001899077, 19.249182431965494 ], [ -99.07944988859731, 19.249320219497644 ], [ -99.079373764306908, 19.249588387892324 ], [ -99.07928924013828, 19.249886146069468 ], [ -99.079237880567575, 19.250067072854957 ], [ -99.079160244397031, 19.25034056467819 ], [ -99.079072775377327, 19.250648693917871 ], [ -99.079048146149759, 19.250735455680314 ], [ -99.078992965210062, 19.250929842090112 ], [ -99.07883167802332, 19.251498007239213 ], [ -99.07861948172787, 19.252245503334901 ], [ -99.078134464044879, 19.253954030919587 ], [ -99.077909057386819, 19.25474803791117 ], [ -99.077799472915444, 19.255134052198954 ], [ -99.077759573497431, 19.255274598521069 ], [ -99.077635155061486, 19.255712862806007 ], [ -99.077536888442637, 19.25605900553461 ], [ -99.077480426970254, 19.256257889564154 ], [ -99.077391064489973, 19.256572665498336 ], [ -99.07734260960072, 19.256743345479549 ], [ -99.077193096145493, 19.257269997013708 ], [ -99.077114357010387, 19.257253904175979 ], [ -99.075640580887907, 19.256950794098291 ], [ -99.075342700194014, 19.256889271201931 ], [ -99.074916123446343, 19.256801167093681 ], [ -99.074271614325809, 19.256668049702633 ], [ -99.073831541686673, 19.256577155192154 ], [ -99.073445313518093, 19.256497381207105 ], [ -99.073084287011227, 19.256422811722722 ], [ -99.072933601791647, 19.256391687654652 ], [ -99.072457559250694, 19.256293360060447 ], [ -99.072347185107631, 19.256270561853619 ], [ -99.072510185197288, 19.255728010482613 ], [ -99.072591987459973, 19.255455727451903 ], [ -99.072571209953054, 19.255448336983907 ], [ -99.071934576562953, 19.255218285691441 ], [ -99.072069311969742, 19.25486252643536 ], [ -99.072134946601253, 19.254675261466307 ], [ -99.072143170649525, 19.25465179705137 ], [ -99.072193759818177, 19.254501984892507 ], [ -99.072436527182688, 19.253783062129923 ], [ -99.072482942123955, 19.253645609797751 ], [ -99.072448084922925, 19.253502426276743 ], [ -99.072466509863943, 19.253422785176188 ], [ -99.072768355393976, 19.252118058236121 ], [ -99.072892044741238, 19.252066604824996 ], [ -99.07298478490975, 19.251967431228035 ], [ -99.073031083395648, 19.251822363234336 ], [ -99.073050415867499, 19.251761788325322 ], [ -99.073094567277863, 19.251621697361408 ], [ -99.073185971264564, 19.251331674744755 ], [ -99.073208222500895, 19.251337146516953 ], [ -99.073768366102968, 19.251474889677958 ], [ -99.074201541834512, 19.251581409231065 ], [ -99.074434147365494, 19.251638607331376 ], [ -99.074644937999025, 19.251690440820589 ], [ -99.074797829784927, 19.251728036790681 ], [ -99.07459705708014, 19.252300908140612 ], [ -99.074482630040706, 19.252563885103655 ], [ -99.074342812954754, 19.252837966575441 ], [ -99.074269256722886, 19.252985983731627 ], [ -99.075810703427251, 19.253499799959343 ], [ -99.075592384446963, 19.254106285990716 ], [ -99.075724913223979, 19.254146436356098 ], [ -99.076260367589796, 19.254308656664769 ], [ -99.076399407792465, 19.254011188861423 ], [ -99.07652966140013, 19.253712465833718 ], [ -99.076596366497952, 19.253559484211404 ], [ -99.076601407280648, 19.253541188175191 ], [ -99.076700573672866, 19.253181252761706 ], [ -99.07673137384495, 19.252905860376629 ], [ -99.076634557969982, 19.252549743492828 ], [ -99.076702909579723, 19.25229551122894 ], [ -99.076719463431999, 19.252233939428603 ], [ -99.076769704403944, 19.252197201089288 ], [ -99.076993954849968, 19.252244839306112 ], [ -99.077149633947741, 19.251666055159269 ], [ -99.077334000559432, 19.25098061107084 ], [ -99.077456007748182, 19.250527005603626 ], [ -99.077568267650079, 19.250109636892674 ], [ -99.077576703256909, 19.250078274240582 ], [ -99.077597517945776, 19.250000851649176 ], [ -99.077709435439502, 19.249584560574686 ], [ -99.077746507743228, 19.249446665039297 ], [ -99.077092896605976, 19.248874152033139 ], [ -99.077061904068174, 19.248734639425145 ], [ -99.07629610531886, 19.247985927762677 ], [ -99.076357925823331, 19.247912467411403 ], [ -99.07634630603971, 19.247864739790622 ], [ -99.076320162601675, 19.247830944095561 ], [ -99.076226355753022, 19.247709679575358 ], [ -99.076055460462584, 19.247488761904638 ], [ -99.075558084846747, 19.246845796262939 ], [ -99.075545590561205, 19.246829644611744 ], [ -99.075746545434143, 19.246675348936183 ], [ -99.075630483433585, 19.246488138760295 ] ] ] ] } },
{ "type": "Feature", "properties": { "id": 5379.0, "entidad": 9, "distrito_f": 21, "distrito_l": 25, "municipio": 13, "seccion": 4255, "tipo": 2, "control": 37231.0, "SECCION_TX": "4255", "SECCION__1": null, "SECCION__2": null, "SECCION_N": "4255", "ESTATUS": "COMPLETA", "ALCALDIA_N": "XOCHIMILCO", "EN_OPERATI": null, "EN_OP": "SI", "SEC_N": "4255", "EST": "COMPLETA", "ALC_N": "XOCHIMILCO", "OP": "SI", "NOMBRE": "TLAHUISTITLA" }, "geometry": { "type": "MultiPolygon", "coordinates": [ [ [ [ -99.119653681672077, 19.238657968392751 ], [ -99.119037125543841, 19.238672018500278 ], [ -99.118984386501822, 19.238663810566361 ], [ -99.118879133447962, 19.238647429672564 ], [ -99.118830709469819, 19.23863989326135 ], [ -99.118760346758663, 19.238612852197591 ], [ -99.11873401771733, 19.238602733685664 ], [ -99.11837130785446, 19.238483119821776 ], [ -99.117900412265854, 19.238327827311483 ], [ -99.117759910662059, 19.238279598147386 ], [ -99.116957164805001, 19.238004041652527 ], [ -99.116933528690737, 19.237995928077176 ], [ -99.116870728987081, 19.237857004865152 ], [ -99.116852733750591, 19.237847626673091 ], [ -99.116290528579967, 19.237554632805473 ], [ -99.116636690131685, 19.236805149901173 ], [ -99.116704712262901, 19.236735924184803 ], [ -99.116999392570619, 19.236436028832465 ], [ -99.117104561383869, 19.236308401621677 ], [ -99.117256643502827, 19.235798064368325 ], [ -99.117136768420849, 19.235660238410507 ], [ -99.116849943717256, 19.235539756826295 ], [ -99.116748297597965, 19.235515688694868 ], [ -99.116726488276015, 19.235470884224679 ], [ -99.11673732593826, 19.235398478401795 ], [ -99.11718003519529, 19.235253397788597 ], [ -99.116739015381995, 19.23502773543203 ], [ -99.116675337742919, 19.234995152524956 ], [ -99.116217947823742, 19.234909254215516 ], [ -99.116101955831354, 19.23512997212142 ], [ -99.115322419071646, 19.234820043475068 ], [ -99.115201564858651, 19.234771993788705 ], [ -99.114722370028176, 19.234644734638561 ], [ -99.113952763762342, 19.2344521513979 ], [ -99.113719974482066, 19.234429402953051 ], [ -99.113173431049816, 19.23431385844335 ], [ -99.113079352936396, 19.234262010582011 ], [ -99.11293901575165, 19.234174956192685 ], [ -99.112767859047352, 19.234061821436882 ], [ -99.112579718225888, 19.233979853320843 ], [ -99.112437126925812, 19.233953516758874 ], [ -99.112371273666753, 19.233941353645211 ], [ -99.112218774156673, 19.233943861397933 ], [ -99.112023812197279, 19.233917919990894 ], [ -99.111756928126653, 19.233882408362859 ], [ -99.111532457027209, 19.233852539896805 ], [ -99.11188945150667, 19.232889679940804 ], [ -99.111679073708558, 19.232551335338211 ], [ -99.111697106944362, 19.232195493710748 ], [ -99.111514053139899, 19.231726950273107 ], [ -99.111686931726496, 19.230659352895856 ], [ -99.112535258907343, 19.22992191056311 ], [ -99.111394106867976, 19.229995603204635 ], [ -99.111347819950709, 19.229971272790067 ], [ -99.110635489021462, 19.229596838313942 ], [ -99.110023134411236, 19.229306467432263 ], [ -99.109785334753852, 19.228937761157322 ], [ -99.110086536403756, 19.228473264581883 ], [ -99.110780655689325, 19.228073621270969 ], [ -99.110981737700939, 19.228186323941038 ], [ -99.111269428346816, 19.228016912795738 ], [ -99.111803687179147, 19.227669435453542 ], [ -99.112224290796917, 19.226883581178281 ], [ -99.113727770825236, 19.227213501650184 ], [ -99.114070771992317, 19.227414901368871 ], [ -99.114224644676014, 19.227505250297913 ], [ -99.114524318544639, 19.227639859087944 ], [ -99.114722640436483, 19.227750265577424 ], [ -99.114887109424188, 19.227841825760571 ], [ -99.115009329954304, 19.227978846429057 ], [ -99.115044424512178, 19.228018190659661 ], [ -99.115234264285704, 19.228231018079047 ], [ -99.115723391196681, 19.228709983999082 ], [ -99.115996348214679, 19.228835137073826 ], [ -99.115661575153652, 19.22907617508265 ], [ -99.11565100701597, 19.229140613732685 ], [ -99.115644464541575, 19.229189769948491 ], [ -99.115687559079319, 19.229201083435445 ], [ -99.116281654299058, 19.229365215874655 ], [ -99.116331218833608, 19.229378215716316 ], [ -99.116395378337984, 19.229395043520007 ], [ -99.117029616655188, 19.229589708841594 ], [ -99.117056373570904, 19.229596710979717 ], [ -99.117089009545936, 19.229756473142238 ], [ -99.117166773651761, 19.230159443984668 ], [ -99.117237179107761, 19.230590455697197 ], [ -99.117366661317305, 19.231084510983134 ], [ -99.117401704545841, 19.231464335810674 ], [ -99.117403842422519, 19.231487507664678 ], [ -99.117609406421195, 19.232086367358246 ], [ -99.117684083272025, 19.232428778651048 ], [ -99.117725892317608, 19.232657420813378 ], [ -99.117817471107259, 19.2331582377053 ], [ -99.11789963143157, 19.233607545150303 ], [ -99.11793779743445, 19.233816261441259 ], [ -99.117992002337687, 19.234112687828677 ], [ -99.118838935502922, 19.234012182923966 ], [ -99.119037147785733, 19.235077583357935 ], [ -99.11953870321544, 19.235012737911841 ], [ -99.119684921074636, 19.234898493934104 ], [ -99.119825938917316, 19.234818994078935 ], [ -99.119852938600474, 19.234817933873526 ], [ -99.120468597506004, 19.234793757509166 ], [ -99.120627143525127, 19.235435055046128 ], [ -99.12024736354347, 19.235932905992875 ], [ -99.120148148979212, 19.236017341715943 ], [ -99.120097307019947, 19.236111786453165 ], [ -99.120038570760073, 19.236220895601711 ], [ -99.11986648957334, 19.236697454012845 ], [ -99.119807526030343, 19.236872888468252 ], [ -99.119772432842993, 19.236977301177347 ], [ -99.11974135764298, 19.237069759058841 ], [ -99.119647528999025, 19.237377524873768 ], [ -99.11959563739677, 19.237873856295963 ], [ -99.119600617975408, 19.237972702817984 ], [ -99.119622143949982, 19.238399914318521 ], [ -99.119653681672077, 19.238657968392751 ] ] ] ] } },
{ "type": "Feature", "properties": { "id": 5381.0, "entidad": 9, "distrito_f": 21, "distrito_l": 25, "municipio": 13, "seccion": 4257, "tipo": 2, "control": 37228.0, "SECCION_TX": "4257", "SECCION__1": null, "SECCION__2": null, "SECCION_N": "4257", "ESTATUS": null, "ALCALDIA_N": "XOCHIMILCO", "EN_OPERATI": null, "EN_OP": "NO", "SEC_N": "4257", "EST": null, "ALC_N": "XOCHIMILCO", "OP": "NO", "NOMBRE": "TLAHUISTITLA" }, "geometry": { "type": "MultiPolygon", "coordinates": [ [ [ [ -99.117684083272025, 19.232428778651048 ], [ -99.117609406421195, 19.232086367358246 ], [ -99.117403842422519, 19.231487507664678 ], [ -99.117401704545841, 19.231464335810674 ], [ -99.117366661317305, 19.231084510983134 ], [ -99.117237179107761, 19.230590455697197 ], [ -99.117166773651761, 19.230159443984668 ], [ -99.117089009545936, 19.229756473142238 ], [ -99.117056373570904, 19.229596710979717 ], [ -99.117029616655188, 19.229589708841594 ], [ -99.116395378337984, 19.229395043520007 ], [ -99.116331218833608, 19.229378215716316 ], [ -99.116281654299058, 19.229365215874655 ], [ -99.115687559079319, 19.229201083435445 ], [ -99.115644464541575, 19.229189769948491 ], [ -99.11565100701597, 19.229140613732685 ], [ -99.115661575153652, 19.22907617508265 ], [ -99.115996348214679, 19.228835137073826 ], [ -99.116459119660632, 19.228960981570019 ], [ -99.116885606692435, 19.229073220308514 ], [ -99.117048201956678, 19.228603053496304 ], [ -99.117310350203326, 19.227845009458733 ], [ -99.11737897721143, 19.227646562159578 ], [ -99.118548493598041, 19.227967412079565 ], [ -99.118601516179694, 19.228594007017378 ], [ -99.119052539234431, 19.228193950667336 ], [ -99.119161282338084, 19.228097495342499 ], [ -99.119684335655151, 19.226933651202298 ], [ -99.119700108729845, 19.226911143517178 ], [ -99.119758047108959, 19.226828467194384 ], [ -99.121366842943146, 19.227135806706361 ], [ -99.121728304687792, 19.227002394805627 ], [ -99.121751098086733, 19.227291899280509 ], [ -99.122094001394473, 19.227314752520094 ], [ -99.122231426633121, 19.228536365972477 ], [ -99.122185088091868, 19.22916729739822 ], [ -99.122058994582673, 19.229710788755103 ], [ -99.121426803252518, 19.229640567079873 ], [ -99.121387441498527, 19.229636194835162 ], [ -99.121091178779452, 19.229617630891468 ], [ -99.120827936025947, 19.229580033030768 ], [ -99.120679696797396, 19.229583509039205 ], [ -99.120474712330747, 19.229592293443478 ], [ -99.120263248133696, 19.229601355288679 ], [ -99.120276872730955, 19.229673033124506 ], [ -99.120516005696771, 19.230806147461458 ], [ -99.12044090415236, 19.230817416395993 ], [ -99.119711587572567, 19.230926848161292 ], [ -99.119918644211481, 19.232013084050024 ], [ -99.119285868147003, 19.232123283636906 ], [ -99.118488466258682, 19.232300969102514 ], [ -99.117684083272025, 19.232428778651048 ] ] ] ] } },
{ "type": "Feature", "properties": { "id": 5385.0, "entidad": 9, "distrito_f": 21, "distrito_l": 25, "municipio": 13, "seccion": 4262, "tipo": 3, "control": 37224.0, "SECCION_TX": "4262", "SECCION__1": null, "SECCION__2": null, "SECCION_N": "4262", "ESTATUS": null, "ALCALDIA_N": "XOCHIMILCO", "EN_OPERATI": null, "EN_OP": "NO", "SEC_N": "4262", "EST": null, "ALC_N": "XOCHIMILCO", "OP": "NO", "NOMBRE": "TLAHUISTITLA" }, "geometry": { "type": "MultiPolygon", "coordinates": [ [ [ [ -99.106778767321757, 19.228019585795618 ], [ -99.106959367067773, 19.2273701202575 ], [ -99.107157072230379, 19.22665913485929 ], [ -99.10716617153561, 19.226626411873486 ], [ -99.107389563528287, 19.225927637431841 ], [ -99.107393183583838, 19.225879073958509 ], [ -99.107494354229559, 19.225497975213962 ], [ -99.107594751281852, 19.22533735840938 ], [ -99.107663218480837, 19.225250530146909 ], [ -99.107722518011911, 19.225115973829915 ], [ -99.107808553142092, 19.224872394054852 ], [ -99.107845566109802, 19.224664603631865 ], [ -99.107840850664658, 19.224438957500531 ], [ -99.107795018446495, 19.224208996160137 ], [ -99.1077217884025, 19.22399640852387 ], [ -99.107744456926525, 19.223731691646503 ], [ -99.107767150840786, 19.223506029367183 ], [ -99.107867359545978, 19.223059011917258 ], [ -99.107926338561001, 19.222809567591508 ], [ -99.108154999090686, 19.222820175178157 ], [ -99.108262119953309, 19.22282051328348 ], [ -99.108346834166397, 19.222776667798506 ], [ -99.108410600837757, 19.222490229483718 ], [ -99.108372672169651, 19.222274881055416 ], [ -99.108332651902558, 19.222047656477731 ], [ -99.108277598117027, 19.221687518550304 ], [ -99.108278161821787, 19.221645980484737 ], [ -99.108281450241932, 19.221403664274519 ], [ -99.108281955944904, 19.221366400119805 ], [ -99.108336571718766, 19.221058270178307 ], [ -99.108051537282378, 19.220834738905545 ], [ -99.108025617500033, 19.220502697860653 ], [ -99.10802193404983, 19.220484126925829 ], [ -99.107849185272713, 19.219613170601978 ], [ -99.107921507230685, 19.21917341852058 ], [ -99.107875659884002, 19.218457839818448 ], [ -99.107761815863626, 19.217854383880479 ], [ -99.107752220170696, 19.21705687702589 ], [ -99.107670292162638, 19.2166818787395 ], [ -99.107659197253653, 19.21615584619305 ], [ -99.108149957544725, 19.216310680452672 ], [ -99.108157981997621, 19.216376361987873 ], [ -99.108181160872547, 19.216609152966292 ], [ -99.108243255511724, 19.216728905418755 ], [ -99.108350840454861, 19.216866304760487 ], [ -99.108520459995319, 19.217031159892471 ], [ -99.108752008499792, 19.217062442714447 ], [ -99.10897357736728, 19.217087759294028 ], [ -99.109248765678473, 19.217177315923241 ], [ -99.109597913580885, 19.217333143057953 ], [ -99.109745790925388, 19.217403270583496 ], [ -99.109832022970821, 19.217399318026867 ], [ -99.109921721514553, 19.217358679978449 ], [ -99.109967554760487, 19.217373691443576 ], [ -99.110270811103348, 19.217386879021142 ], [ -99.110655069059661, 19.217939023075257 ], [ -99.111419863043295, 19.219060004699653 ], [ -99.111713308902026, 19.21913798275272 ], [ -99.112001767818086, 19.21923084937232 ], [ -99.112767728194669, 19.219562825006864 ], [ -99.112274587477316, 19.220613630243413 ], [ -99.111851025260705, 19.221516162905679 ], [ -99.112151787198485, 19.221760327943002 ], [ -99.112243767358592, 19.221413006924283 ], [ -99.113050843360313, 19.221687819624773 ], [ -99.113004831647501, 19.221828630987805 ], [ -99.113719675436442, 19.222075340989118 ], [ -99.113355749030831, 19.222876624668881 ], [ -99.113625578316871, 19.222930799258776 ], [ -99.113705142110973, 19.22294677348318 ], [ -99.113750474445766, 19.223118544309699 ], [ -99.11366304919845, 19.223376297021098 ], [ -99.113869396475479, 19.223483897866561 ], [ -99.114261823655795, 19.223688529997677 ], [ -99.114314470455227, 19.223743230590909 ], [ -99.114203355791645, 19.223770066402786 ], [ -99.114051087516543, 19.223725462857409 ], [ -99.113981935838368, 19.223793868162925 ], [ -99.113779835396116, 19.223736148800299 ], [ -99.113719054388895, 19.223901833572583 ], [ -99.113270782504145, 19.224101939455917 ], [ -99.112583604817544, 19.225906273088484 ], [ -99.112481033237046, 19.226115750949784 ], [ -99.112370889086037, 19.226241943401401 ], [ -99.112224290796917, 19.226883581178281 ], [ -99.11212835187871, 19.226934588818313 ], [ -99.111825142471275, 19.226822927620269 ], [ -99.111754912196645, 19.226699225352242 ], [ -99.111689666761436, 19.226537444590225 ], [ -99.111596916959513, 19.226454211126757 ], [ -99.111449050609366, 19.226368631443886 ], [ -99.111362910520583, 19.226312340773436 ], [ -99.1113362656139, 19.226294928891615 ], [ -99.111285943146811, 19.225971318336139 ], [ -99.111240789874586, 19.225883296333954 ], [ -99.11118313936332, 19.225838116763111 ], [ -99.11112406153498, 19.225838621965401 ], [ -99.110829337350253, 19.225732485192584 ], [ -99.110703907863567, 19.226027640313646 ], [ -99.110576224276841, 19.226368360411371 ], [ -99.110569508302973, 19.226572316305067 ], [ -99.11027539767322, 19.226439543340003 ], [ -99.110034832211312, 19.226344499438831 ], [ -99.109462078434106, 19.226253439618382 ], [ -99.109420408652696, 19.226248738647893 ], [ -99.109378738873602, 19.226244037667819 ], [ -99.109006294060293, 19.22620201983834 ], [ -99.108746714320091, 19.226172734563004 ], [ -99.108704199315511, 19.226461789502569 ], [ -99.108823443519029, 19.22650059403804 ], [ -99.10881551975821, 19.226627366155931 ], [ -99.108879584262056, 19.226637469479304 ], [ -99.10886807838682, 19.226728748852363 ], [ -99.108790223085478, 19.227092468491165 ], [ -99.108749198064928, 19.227158747911368 ], [ -99.108742448276359, 19.227210302349476 ], [ -99.108652086375599, 19.227343527918308 ], [ -99.108608007001692, 19.227450048796193 ], [ -99.108482573677293, 19.22774737206614 ], [ -99.108098767085949, 19.227643453368785 ], [ -99.107648967736907, 19.227538306137085 ], [ -99.107534946163156, 19.228205737617785 ], [ -99.106778767321757, 19.228019585795618 ] ] ] ] } },
{ "type": "Feature", "properties": { "id": 1359.0, "entidad": 9, "distrito_f": 5, "distrito_l": 25, "municipio": 13, "seccion": 4237, "tipo": 2, "control": 37033.0, "SECCION_TX": "4237", "SECCION__1": null, "SECCION__2": null, "SECCION_N": "4237", "ESTATUS": null, "ALCALDIA_N": "XOCHIMILCO", "EN_OPERATI": null, "EN_OP": "NO", "SEC_N": "4237", "EST": null, "ALC_N": "XOCHIMILCO", "OP": "NO", "NOMBRE": "TETLAPANOYA" }, "geometry": { "type": "MultiPolygon", "coordinates": [ [ [ [ -99.14750724347239, 19.240253559249574 ], [ -99.147326671766635, 19.24044508656123 ], [ -99.147133688212946, 19.240428135219759 ], [ -99.146917518067241, 19.240376989171406 ], [ -99.146760522789748, 19.240323351640619 ], [ -99.146624091351313, 19.240247703359191 ], [ -99.146503045447503, 19.24011339160754 ], [ -99.146392284856717, 19.23997174016597 ], [ -99.146305758904148, 19.239827623347917 ], [ -99.146253003961149, 19.239583288239913 ], [ -99.146184560717643, 19.239403522416019 ], [ -99.146108696851982, 19.239329248880935 ], [ -99.145985176358238, 19.239304909482222 ], [ -99.145725342173705, 19.239336885827822 ], [ -99.145092223148652, 19.239470226970415 ], [ -99.144665504721289, 19.239560111705149 ], [ -99.143904078280457, 19.239734221234734 ], [ -99.144066735796557, 19.240894973262026 ], [ -99.144136674009957, 19.241394059151624 ], [ -99.144203326286487, 19.241869693345265 ], [ -99.144140298292314, 19.242124065857954 ], [ -99.144080055902705, 19.242342422105317 ], [ -99.144086119751861, 19.242487624976881 ], [ -99.14410355786039, 19.242905190438023 ], [ -99.144180664921009, 19.243562948962975 ], [ -99.144239782618868, 19.24409076013508 ], [ -99.144191120321935, 19.244361263947646 ], [ -99.14417991060283, 19.244700037597479 ], [ -99.144078192556108, 19.244665659767314 ], [ -99.143731064894268, 19.244552864021554 ], [ -99.1434405114979, 19.244509380377242 ], [ -99.142280968622998, 19.24409502533404 ], [ -99.142252068280627, 19.243936593266845 ], [ -99.142154097313693, 19.243734503254295 ], [ -99.141975658625213, 19.243614434864561 ], [ -99.141728243545856, 19.243559987118847 ], [ -99.141712720471716, 19.243611787927801 ], [ -99.141697343525976, 19.24368266984197 ], [ -99.141679362149873, 19.243716896869429 ], [ -99.141602198426085, 19.243746282104865 ], [ -99.141192984472411, 19.243614633393506 ], [ -99.140508583098764, 19.243622491454712 ], [ -99.140382526275033, 19.243621052827145 ], [ -99.140081825416232, 19.244207742436995 ], [ -99.140035265067368, 19.244260348184454 ], [ -99.138888888888914, 19.245555555583991 ], [ -99.139188880372657, 19.2460085776904 ], [ -99.138982492965155, 19.245893531365667 ], [ -99.138726115245774, 19.245738604642955 ], [ -99.138944981387539, 19.244818409173973 ], [ -99.138635278740296, 19.244872134110448 ], [ -99.138415666392419, 19.244904394379056 ], [ -99.138195892780246, 19.244744090190753 ], [ -99.138122397846317, 19.244407158106295 ], [ -99.138003876053219, 19.244102353988897 ], [ -99.137823512725106, 19.243925972584464 ], [ -99.137738893784245, 19.243754867980901 ], [ -99.137992214698158, 19.243626300947131 ], [ -99.138166699962596, 19.243508491108869 ], [ -99.138070741401492, 19.243246462046447 ], [ -99.138076185263245, 19.243021799529078 ], [ -99.138036544171641, 19.242759727941326 ], [ -99.137906831828062, 19.242540516300355 ], [ -99.137833476902088, 19.242369403224604 ], [ -99.137607999780187, 19.242118169381765 ], [ -99.13792393021042, 19.241975470491056 ], [ -99.13844003583506, 19.240384462495157 ], [ -99.138423435636838, 19.240295302035854 ], [ -99.138330237891111, 19.240219549167701 ], [ -99.13819705862177, 19.240063790713471 ], [ -99.138276736199288, 19.239882597063236 ], [ -99.138492657174695, 19.238222745488571 ], [ -99.13780957590096, 19.238096888714978 ], [ -99.137911343058136, 19.237814580776163 ], [ -99.138105876946469, 19.237296388883347 ], [ -99.138191128644777, 19.23696133574612 ], [ -99.138279095521966, 19.236679272845787 ], [ -99.138348914331644, 19.236443003571907 ], [ -99.138007224767122, 19.236421884991088 ], [ -99.137720353536693, 19.236439802641332 ], [ -99.137508736073485, 19.236195108206115 ], [ -99.137382279162225, 19.236118766104607 ], [ -99.137210370448287, 19.236058432230866 ], [ -99.13692998227053, 19.236041902000572 ], [ -99.136733004993545, 19.235987743828108 ], [ -99.136637735152945, 19.236011951037753 ], [ -99.136533001135106, 19.236114607544501 ], [ -99.136250402388924, 19.236229464479557 ], [ -99.136085357422758, 19.236380437777498 ], [ -99.135859845119214, 19.236389656284771 ], [ -99.135691524164358, 19.236419951216256 ], [ -99.135577133998694, 19.236368746766765 ], [ -99.135214977554412, 19.236302640331953 ], [ -99.134909987976584, 19.236227440031723 ], [ -99.134732101098521, 19.23621248596136 ], [ -99.134506534891457, 19.236155328592773 ], [ -99.134322266025706, 19.236104174676001 ], [ -99.134125314006155, 19.236080182966351 ], [ -99.133944290165587, 19.236113502608834 ], [ -99.133782368213701, 19.236201114320743 ], [ -99.13351896925893, 19.236493956686846 ], [ -99.133427062629238, 19.236750469640878 ], [ -99.133316061110278, 19.236961741281178 ], [ -99.133227220757348, 19.237082486393426 ], [ -99.133046266105325, 19.237203298422624 ], [ -99.132919027567866, 19.236974097994334 ], [ -99.13280446079392, 19.236702650121302 ], [ -99.132543860414557, 19.236527852304221 ], [ -99.132264241230189, 19.236401340032632 ], [ -99.1318511346104, 19.236172345114696 ], [ -99.131831980313336, 19.236051678444788 ], [ -99.131799952238666, 19.235719830222749 ], [ -99.131755344160183, 19.235544875647463 ], [ -99.13162189549422, 19.235490665413653 ], [ -99.131424978183219, 19.235508908932118 ], [ -99.131164630274185, 19.235647878160421 ], [ -99.130675400462437, 19.235551683590362 ], [ -99.130741663819549, 19.234996506091022 ], [ -99.130868142566115, 19.234272332825604 ], [ -99.130937667154498, 19.233825765299898 ], [ -99.131128024011517, 19.233548063941605 ], [ -99.131445421639924, 19.233258203182615 ], [ -99.131661283319332, 19.233101163454883 ], [ -99.131870830578762, 19.23299240022077 ], [ -99.132023127595303, 19.232787133627163 ], [ -99.132197602546512, 19.232512459603257 ], [ -99.132288841480076, 19.23237149717276 ], [ -99.132357805522361, 19.232264948838836 ], [ -99.132388377909123, 19.23221771494164 ], [ -99.132518008019787, 19.232017437930367 ], [ -99.132705217824494, 19.231781975360484 ], [ -99.132879836164918, 19.231688321340794 ], [ -99.133070376827092, 19.231645944805361 ], [ -99.133225937362951, 19.231552304303136 ], [ -99.133384656913663, 19.231437542277316 ], [ -99.133609882065997, 19.231081370564699 ], [ -99.133664858563577, 19.230985570962357 ], [ -99.133854107395663, 19.230655793378002 ], [ -99.133988900817499, 19.23035582935503 ], [ -99.134044335792211, 19.230230255381311 ], [ -99.134161637796623, 19.229961655304255 ], [ -99.134323519118567, 19.229831805073268 ], [ -99.134637831047087, 19.229668655558058 ], [ -99.134491624914588, 19.22954506542915 ], [ -99.134450353909713, 19.229569231838727 ], [ -99.13434875463561, 19.229617578610451 ], [ -99.134247170007782, 19.229684027395848 ], [ -99.134050281948305, 19.229729426810547 ], [ -99.133916881259722, 19.229729524401318 ], [ -99.133691336398059, 19.229687450991282 ], [ -99.133557979633011, 19.229741854531387 ], [ -99.133380192392252, 19.22984154553955 ], [ -99.133173826331159, 19.229950308198681 ], [ -99.133105134224238, 19.229972482221502 ], [ -99.132986478428819, 19.230010784601618 ], [ -99.132837235250093, 19.230059165125549 ], [ -99.132551407507393, 19.230098593392192 ], [ -99.132493532301353, 19.230092680208223 ], [ -99.132170230435165, 19.230059647697907 ], [ -99.131665282204239, 19.230147504801053 ], [ -99.131344530029608, 19.230205058371766 ], [ -99.131195269418697, 19.230232318477753 ], [ -99.13116619509772, 19.230227885487697 ], [ -99.130915733647143, 19.230196314347427 ], [ -99.130864856843729, 19.230123942381724 ], [ -99.130664805405857, 19.230187442504445 ], [ -99.130207540950664, 19.230413005743415 ], [ -99.129886933626338, 19.230571156559968 ], [ -99.129918620672584, 19.230457778753994 ], [ -99.130029462466382, 19.230061180115325 ], [ -99.130162754125919, 19.229922302800492 ], [ -99.130222819209123, 19.22956323545872 ], [ -99.130314845858067, 19.229457574516907 ], [ -99.130403553343058, 19.229170895054501 ], [ -99.130577955700701, 19.228805712100606 ], [ -99.130647614822209, 19.228531114139603 ], [ -99.130912477560329, 19.227943914933061 ], [ -99.131178197272504, 19.228204410291177 ], [ -99.131428142084587, 19.228341624503422 ], [ -99.131877987971464, 19.228518663531073 ], [ -99.132201495834693, 19.228563395419041 ], [ -99.132729174523334, 19.228520170720977 ], [ -99.133092887391086, 19.228402873913865 ], [ -99.133864213307803, 19.228029646971315 ], [ -99.134850749138636, 19.227474928722042 ], [ -99.135545722666379, 19.22698434360867 ], [ -99.136218118237252, 19.22638464062814 ], [ -99.136488446993042, 19.225727449124847 ], [ -99.136545989087054, 19.225347700815082 ], [ -99.13649298460966, 19.224853124014622 ], [ -99.136395142175061, 19.224198704568703 ], [ -99.136442154555766, 19.223806473756856 ], [ -99.136560286103759, 19.223554081421184 ], [ -99.13680459660246, 19.22324164132063 ], [ -99.137067440869785, 19.22308156884521 ], [ -99.137285628442129, 19.222981482966109 ], [ -99.137435489690446, 19.222938903538598 ], [ -99.137845730697961, 19.222936097259947 ], [ -99.138253448470437, 19.223060693157556 ], [ -99.138490248724892, 19.223205401927679 ], [ -99.138687636377966, 19.223390109226809 ], [ -99.139050939745047, 19.223859469550518 ], [ -99.139448305945095, 19.224178919464848 ], [ -99.13986395325972, 19.224345972756584 ], [ -99.140503082932455, 19.224337982314232 ], [ -99.14073443172876, 19.224252870620898 ], [ -99.141112928687363, 19.224027753873557 ], [ -99.141533466817492, 19.223762634875712 ], [ -99.141790982432809, 19.223605212638013 ], [ -99.142127538464152, 19.223462407495074 ], [ -99.142369425780998, 19.223402266185349 ], [ -99.142600819701812, 19.223372109470265 ], [ -99.14291115844361, 19.223401844386075 ], [ -99.143247761775115, 19.223506507274177 ], [ -99.144177824267288, 19.223929034350881 ], [ -99.14456863890976, 19.224229900423378 ], [ -99.144800291784023, 19.224494511997726 ], [ -99.144974120660891, 19.224794141899142 ], [ -99.144960512714377, 19.225177506124371 ], [ -99.145117278670099, 19.226103012675214 ], [ -99.145102289313314, 19.227002326513741 ], [ -99.145081623486149, 19.227427013225153 ], [ -99.145013449457451, 19.227656888800482 ], [ -99.144866415037782, 19.227926795705496 ], [ -99.144656263830029, 19.228196752346722 ], [ -99.144377709633119, 19.228436785948968 ], [ -99.143857299392081, 19.228781927790116 ], [ -99.143405324061405, 19.229196960273939 ], [ -99.143123579048591, 19.229644842900509 ], [ -99.143011679200143, 19.23016151936049 ], [ -99.142985544702498, 19.230351392340221 ], [ -99.143006743730297, 19.230536232237917 ], [ -99.143075341329876, 19.230790980786882 ], [ -99.143613427760826, 19.232619139348031 ], [ -99.144006638441027, 19.233514703642651 ], [ -99.14457435043596, 19.234580816225371 ], [ -99.144604548668283, 19.234637525375661 ], [ -99.146237912793509, 19.237803263721712 ], [ -99.147016989901729, 19.239313199441622 ], [ -99.147319325292898, 19.239893113133238 ], [ -99.14750724347239, 19.240253559249574 ] ] ] ] } },
{ "type": "Feature", "properties": { "id": 1360.0, "entidad": 9, "distrito_f": 5, "distrito_l": 19, "municipio": 13, "seccion": 4238, "tipo": 2, "control": 37014.0, "SECCION_TX": "4238", "SECCION__1": null, "SECCION__2": null, "SECCION_N": "4238", "ESTATUS": null, "ALCALDIA_N": "XOCHIMILCO", "EN_OPERATI": null, "EN_OP": "NO", "SEC_N": "4238", "EST": null, "ALC_N": "XOCHIMILCO", "OP": "NO", "NOMBRE": "TETLAPANOYA" }, "geometry": { "type": "MultiPolygon", "coordinates": [ [ [ [ -99.126580231815566, 19.248420839821129 ], [ -99.126482704886712, 19.248597144402865 ], [ -99.126425967430364, 19.248699711502717 ], [ -99.126333345669181, 19.248784872164205 ], [ -99.12620054374905, 19.24884951991142 ], [ -99.125996661526116, 19.248887807198134 ], [ -99.126009286353664, 19.249236988384059 ], [ -99.12509653883437, 19.249229050039411 ], [ -99.124766335375597, 19.2492261770733 ], [ -99.123610997104208, 19.249216120253909 ], [ -99.122975550598966, 19.249210585802199 ], [ -99.122958613542863, 19.248472251039423 ], [ -99.122941914874147, 19.247744300872789 ], [ -99.122924456660712, 19.246983231792363 ], [ -99.122923347160167, 19.246934864225917 ], [ -99.122912679550751, 19.246547934912474 ], [ -99.122909494600066, 19.24643241184247 ], [ -99.123018681398747, 19.245995484827809 ], [ -99.123041227525064, 19.245516910463486 ], [ -99.123031691166304, 19.245366598808459 ], [ -99.122954090543274, 19.245232234434436 ], [ -99.122888330035664, 19.245160269747927 ], [ -99.122889960039501, 19.245086659603874 ], [ -99.122925319207894, 19.24505783231761 ], [ -99.123034215306205, 19.24501364180627 ], [ -99.123063424557671, 19.244886636171564 ], [ -99.123074717036943, 19.24486299568942 ], [ -99.123163999628019, 19.244676084876691 ], [ -99.123262809185917, 19.244554250960299 ], [ -99.123341486531544, 19.244451565434765 ], [ -99.123390792398325, 19.244258443893781 ], [ -99.12343463361087, 19.244105335311545 ], [ -99.123557261011726, 19.243995661907789 ], [ -99.123835461092284, 19.243981666617934 ], [ -99.123978394876957, 19.243852735317834 ], [ -99.124194650015653, 19.243725611656505 ], [ -99.124296566244681, 19.243449802726911 ], [ -99.124463980354506, 19.243414990506018 ], [ -99.124500429168052, 19.243418708028301 ], [ -99.124588663285749, 19.243427707255847 ], [ -99.124733599789991, 19.243488416027649 ], [ -99.124740309875961, 19.243450006728491 ], [ -99.124773836076344, 19.243225956303828 ], [ -99.124888332796601, 19.243136267187463 ], [ -99.125272402328065, 19.2430591952788 ], [ -99.12549141759763, 19.243052644466438 ], [ -99.125686953251886, 19.243186926847592 ], [ -99.1259937404011, 19.243394741527535 ], [ -99.126603559745988, 19.243304709719322 ], [ -99.126606789420663, 19.243122285040393 ], [ -99.126700510042696, 19.243179073028021 ], [ -99.127147161100609, 19.243449710389857 ], [ -99.127300834744673, 19.243063706775018 ], [ -99.127435391468822, 19.242986030636388 ], [ -99.127814965420527, 19.242935635899855 ], [ -99.127971166037696, 19.242750090557251 ], [ -99.128017044997762, 19.242701315796747 ], [ -99.128085635855768, 19.24262839552722 ], [ -99.128395563064004, 19.24253856736523 ], [ -99.128530199763347, 19.242352850032216 ], [ -99.128536744505752, 19.242103214710113 ], [ -99.12913602863695, 19.241475515682325 ], [ -99.129526680671816, 19.241206406569816 ], [ -99.129762435174214, 19.241065422258004 ], [ -99.130092666268908, 19.241090791024121 ], [ -99.130301610604377, 19.241135447932312 ], [ -99.130416375819536, 19.241391397731178 ], [ -99.130527617939208, 19.242168582638591 ], [ -99.130456077632118, 19.242691990687668 ], [ -99.13041830511861, 19.242816112570605 ], [ -99.130210127697211, 19.242956542044226 ], [ -99.129996212693541, 19.243025036246422 ], [ -99.129841037978736, 19.243145644394772 ], [ -99.129695337764232, 19.243275238086522 ], [ -99.129679585632303, 19.243391673649448 ], [ -99.129737338154726, 19.243426401295338 ], [ -99.129814049444661, 19.243463410877222 ], [ -99.130076599226214, 19.243361972380022 ], [ -99.130245472955679, 19.243262895587449 ], [ -99.130431286004296, 19.243219971185304 ], [ -99.130634017389056, 19.243206454081811 ], [ -99.130985957501338, 19.24315271245613 ], [ -99.131213940100466, 19.243024172902469 ], [ -99.131481361349699, 19.24291700078409 ], [ -99.131486937689331, 19.242847459634554 ], [ -99.131689613066698, 19.242764404260317 ], [ -99.132154115316538, 19.242622320692956 ], [ -99.132348432868625, 19.242588672848303 ], [ -99.132591535385089, 19.24254657713556 ], [ -99.132787540048525, 19.242522237544073 ], [ -99.132998769129401, 19.242496007162263 ], [ -99.133345060117421, 19.24242354357439 ], [ -99.133615266704837, 19.242281597742913 ], [ -99.133795387557356, 19.242166462436959 ], [ -99.133876929896644, 19.242021979516561 ], [ -99.133946157233453, 19.242048000675439 ], [ -99.134123693798415, 19.242049609288639 ], [ -99.134195102404973, 19.242000350492727 ], [ -99.134358270942485, 19.241815689914812 ], [ -99.134496201173874, 19.241759424005117 ], [ -99.134867839001927, 19.241694962433801 ], [ -99.1351889010148, 19.241764262745988 ], [ -99.135412315383576, 19.241827094191962 ], [ -99.135622557212201, 19.241785338007311 ], [ -99.135828109100558, 19.241681230222603 ], [ -99.135982871842813, 19.241648670915055 ], [ -99.136114356042029, 19.241665100371893 ], [ -99.136174368347994, 19.241672599108039 ], [ -99.136332006452392, 19.241613642650655 ], [ -99.136903400949691, 19.241348440158049 ], [ -99.137325537170994, 19.241061951871391 ], [ -99.137480269394743, 19.240896016383253 ], [ -99.137519617382594, 19.240807728142798 ], [ -99.137589957143305, 19.240740812647132 ], [ -99.137756027910797, 19.24066580159284 ], [ -99.138152930466845, 19.240513055664774 ], [ -99.13844003583506, 19.240384462495157 ], [ -99.13792393021042, 19.241975470491056 ], [ -99.137607999780187, 19.242118169381765 ], [ -99.137833476902088, 19.242369403224604 ], [ -99.137906831828062, 19.242540516300355 ], [ -99.138036544171641, 19.242759727941326 ], [ -99.138076185263245, 19.243021799529078 ], [ -99.138070741401492, 19.243246462046447 ], [ -99.138166699962596, 19.243508491108869 ], [ -99.137992214698158, 19.243626300947131 ], [ -99.137738893784245, 19.243754867980901 ], [ -99.137823512725106, 19.243925972584464 ], [ -99.138003876053219, 19.244102353988897 ], [ -99.138122397846317, 19.244407158106295 ], [ -99.138195892780246, 19.244744090190753 ], [ -99.138415666392419, 19.244904394379056 ], [ -99.138635278740296, 19.244872134110448 ], [ -99.138944981387539, 19.244818409173973 ], [ -99.138726115245774, 19.245738604642955 ], [ -99.138275405065741, 19.245541032414383 ], [ -99.138033116980111, 19.245396792079667 ], [ -99.137728692231818, 19.245027939825242 ], [ -99.137415025891059, 19.244796604657594 ], [ -99.135875285887153, 19.244360698999074 ], [ -99.135932008618454, 19.244852765736699 ], [ -99.135680699537858, 19.245200846840817 ], [ -99.134992460399758, 19.24510972809076 ], [ -99.134542185079141, 19.245018431974351 ], [ -99.13420128926154, 19.244982031181749 ], [ -99.13404047367878, 19.244945497958206 ], [ -99.133860398542495, 19.244951738261111 ], [ -99.133571097761219, 19.245092445387186 ], [ -99.133352497955116, 19.245178123952861 ], [ -99.133159589211758, 19.24522102398722 ], [ -99.132973013417228, 19.245141748985439 ], [ -99.132773628962866, 19.245129676713098 ], [ -99.132477870981447, 19.245239844240867 ], [ -99.132162788920198, 19.24531337417665 ], [ -99.131950595120671, 19.245368503886901 ], [ -99.131770509679967, 19.245362525120093 ], [ -99.131526124366033, 19.245374917930782 ], [ -99.131275385274876, 19.245485051161175 ], [ -99.130966767572673, 19.24560133398656 ], [ -99.130645363847265, 19.245815361606635 ], [ -99.130356068430231, 19.245968280679048 ], [ -99.130073146201937, 19.246047892626105 ], [ -99.129732263587741, 19.246029809045094 ], [ -99.13007488691467, 19.244175632393173 ], [ -99.129939721698321, 19.244041341116876 ], [ -99.129862247063826, 19.243662668289396 ], [ -99.129775465830093, 19.243570797563308 ], [ -99.129631856628848, 19.24357089932796 ], [ -99.129527669560716, 19.243570973086786 ], [ -99.129272492592364, 19.243626083957018 ], [ -99.129070444580975, 19.243786246213482 ], [ -99.128882184174159, 19.244343247297895 ], [ -99.128842809944032, 19.244415680408231 ], [ -99.128781241964603, 19.244528941150985 ], [ -99.128579307020601, 19.244836320857825 ], [ -99.128350349979456, 19.245060509070814 ], [ -99.128043540541441, 19.245152159801908 ], [ -99.12772373169831, 19.245220967079 ], [ -99.12745431318514, 19.245413178473189 ], [ -99.127240406080134, 19.245705499645958 ], [ -99.12705542341169, 19.245966314044484 ], [ -99.126880034832737, 19.246374979643157 ], [ -99.126877207140694, 19.246426561974431 ], [ -99.126878877470432, 19.246491856653826 ], [ -99.127033752800742, 19.246788153587435 ], [ -99.127075960756571, 19.24687084834591 ], [ -99.127036746275294, 19.247092134621401 ], [ -99.126997531690691, 19.247313420883735 ], [ -99.126725892097753, 19.248037897147793 ], [ -99.126580231815566, 19.248420839821129 ] ] ] ] } },
{ "type": "Feature", "properties": { "id": 5376.0, "entidad": 9, "distrito_f": 21, "distrito_l": 25, "municipio": 13, "seccion": 4251, "tipo": 3, "control": 37226.0, "SECCION_TX": "4251", "SECCION__1": null, "SECCION__2": null, "SECCION_N": "4251", "ESTATUS": null, "ALCALDIA_N": "XOCHIMILCO", "EN_OPERATI": null, "EN_OP": "NO", "SEC_N": "4251", "EST": null, "ALC_N": "XOCHIMILCO", "OP": "NO", "NOMBRE": "TETLAPANOYA" }, "geometry": { "type": "MultiPolygon", "coordinates": [ [ [ [ -99.125715615891082, 19.230080223198268 ], [ -99.125587444709851, 19.22974776613054 ], [ -99.125540303594974, 19.229730211935021 ], [ -99.125493162490073, 19.229712657727283 ], [ -99.125518521097192, 19.229042984291031 ], [ -99.124863112360799, 19.228974454680419 ], [ -99.124759524178572, 19.228311535543899 ], [ -99.124405025657794, 19.228358456278219 ], [ -99.124400421307413, 19.228305708595954 ], [ -99.124324631905779, 19.227545090300943 ], [ -99.124382686772847, 19.227367582371269 ], [ -99.124366691173407, 19.22706430249514 ], [ -99.124103825858654, 19.226789521768762 ], [ -99.124529676056355, 19.225725614693186 ], [ -99.12446102437282, 19.224281621821081 ], [ -99.124475629129932, 19.22288366394875 ], [ -99.125474166476224, 19.222160997002629 ], [ -99.126778073121287, 19.223889499480453 ], [ -99.127430810730345, 19.224849553615748 ], [ -99.127985461785428, 19.225313966258383 ], [ -99.129059032951687, 19.225185278412621 ], [ -99.127771710289935, 19.226317164212464 ], [ -99.130620142355184, 19.227537826603513 ], [ -99.133092887391086, 19.228402873913865 ], [ -99.132729174523334, 19.228520170720977 ], [ -99.132201495834693, 19.228563395419041 ], [ -99.131877987971464, 19.228518663531073 ], [ -99.131428142084587, 19.228341624503422 ], [ -99.131178197272504, 19.228204410291177 ], [ -99.130912477560329, 19.227943914933061 ], [ -99.130647614822209, 19.228531114139603 ], [ -99.130577955700701, 19.228805712100606 ], [ -99.130403553343058, 19.229170895054501 ], [ -99.130314845858067, 19.229457574516907 ], [ -99.130222819209123, 19.22956323545872 ], [ -99.130162754125919, 19.229922302800492 ], [ -99.130029462466382, 19.230061180115325 ], [ -99.129918620672584, 19.230457778753994 ], [ -99.129886933626338, 19.230571156559968 ], [ -99.130207540950664, 19.230413005743415 ], [ -99.130664805405857, 19.230187442504445 ], [ -99.130864856843729, 19.230123942381724 ], [ -99.130915733647143, 19.230196314347427 ], [ -99.13116619509772, 19.230227885487697 ], [ -99.131195269418697, 19.230232318477753 ], [ -99.131344530029608, 19.230205058371766 ], [ -99.131665282204239, 19.230147504801053 ], [ -99.132170230435165, 19.230059647697907 ], [ -99.132493532301353, 19.230092680208223 ], [ -99.132551407507393, 19.230098593392192 ], [ -99.132837235250093, 19.230059165125549 ], [ -99.132986478428819, 19.230010784601618 ], [ -99.133105134224238, 19.229972482221502 ], [ -99.133173826331159, 19.229950308198681 ], [ -99.133380192392252, 19.22984154553955 ], [ -99.133557979633011, 19.229741854531387 ], [ -99.133691336398059, 19.229687450991282 ], [ -99.133916881259722, 19.229729524401318 ], [ -99.134050281948305, 19.229729426810547 ], [ -99.134247170007782, 19.229684027395848 ], [ -99.13434875463561, 19.229617578610451 ], [ -99.134450353909713, 19.229569231838727 ], [ -99.134491624914588, 19.22954506542915 ], [ -99.134637831047087, 19.229668655558058 ], [ -99.134323519118567, 19.229831805073268 ], [ -99.134161637796623, 19.229961655304255 ], [ -99.134044335792211, 19.230230255381311 ], [ -99.133988900817499, 19.23035582935503 ], [ -99.133854107395663, 19.230655793378002 ], [ -99.133664858563577, 19.230985570962357 ], [ -99.133609882065997, 19.231081370564699 ], [ -99.133384656913663, 19.231437542277316 ], [ -99.133225937362951, 19.231552304303136 ], [ -99.133070376827092, 19.231645944805361 ], [ -99.132879836164918, 19.231688321340794 ], [ -99.132705217824494, 19.231781975360484 ], [ -99.132518008019787, 19.232017437930367 ], [ -99.132388377909123, 19.23221771494164 ], [ -99.132357805522361, 19.232264948838836 ], [ -99.132288841480076, 19.23237149717276 ], [ -99.132197602546512, 19.232512459603257 ], [ -99.132023127595303, 19.232787133627163 ], [ -99.131870830578762, 19.23299240022077 ], [ -99.131661283319332, 19.233101163454883 ], [ -99.131445421639924, 19.233258203182615 ], [ -99.131128024011517, 19.233548063941605 ], [ -99.130937667154498, 19.233825765299898 ], [ -99.130868142566115, 19.234272332825604 ], [ -99.130741663819549, 19.234996506091022 ], [ -99.130675400462437, 19.235551683590362 ], [ -99.131164630274185, 19.235647878160421 ], [ -99.131424978183219, 19.235508908932118 ], [ -99.13162189549422, 19.235490665413653 ], [ -99.131755344160183, 19.235544875647463 ], [ -99.131799952238666, 19.235719830222749 ], [ -99.131831980313336, 19.236051678444788 ], [ -99.1318511346104, 19.236172345114696 ], [ -99.132264241230189, 19.236401340032632 ], [ -99.132543860414557, 19.236527852304221 ], [ -99.13280446079392, 19.236702650121302 ], [ -99.132919027567866, 19.236974097994334 ], [ -99.133046266105325, 19.237203298422624 ], [ -99.133227220757348, 19.237082486393426 ], [ -99.133316061110278, 19.236961741281178 ], [ -99.133427062629238, 19.236750469640878 ], [ -99.13351896925893, 19.236493956686846 ], [ -99.133782368213701, 19.236201114320743 ], [ -99.133944290165587, 19.236113502608834 ], [ -99.134125314006155, 19.236080182966351 ], [ -99.134322266025706, 19.236104174676001 ], [ -99.134506534891457, 19.236155328592773 ], [ -99.134732101098521, 19.23621248596136 ], [ -99.134909987976584, 19.236227440031723 ], [ -99.135214977554412, 19.236302640331953 ], [ -99.135577133998694, 19.236368746766765 ], [ -99.135691524164358, 19.236419951216256 ], [ -99.135859845119214, 19.236389656284771 ], [ -99.136085357422758, 19.236380437777498 ], [ -99.136250402388924, 19.236229464479557 ], [ -99.136533001135106, 19.236114607544501 ], [ -99.136637735152945, 19.236011951037753 ], [ -99.136733004993545, 19.235987743828108 ], [ -99.13692998227053, 19.236041902000572 ], [ -99.137210370448287, 19.236058432230866 ], [ -99.137382279162225, 19.236118766104607 ], [ -99.137508736073485, 19.236195108206115 ], [ -99.137720353536693, 19.236439802641332 ], [ -99.138007224767122, 19.236421884991088 ], [ -99.138348914331644, 19.236443003571907 ], [ -99.138279095521966, 19.236679272845787 ], [ -99.138191128644777, 19.23696133574612 ], [ -99.138105876946469, 19.237296388883347 ], [ -99.137911343058136, 19.237814580776163 ], [ -99.13780957590096, 19.238096888714978 ], [ -99.138492657174695, 19.238222745488571 ], [ -99.138276736199288, 19.239882597063236 ], [ -99.13819705862177, 19.240063790713471 ], [ -99.138330237891111, 19.240219549167701 ], [ -99.138423435636838, 19.240295302035854 ], [ -99.13844003583506, 19.240384462495157 ], [ -99.138152930466845, 19.240513055664774 ], [ -99.137756027910797, 19.24066580159284 ], [ -99.137589957143305, 19.240740812647132 ], [ -99.137519617382594, 19.240807728142798 ], [ -99.137480269394743, 19.240896016383253 ], [ -99.137325537170994, 19.241061951871391 ], [ -99.136903400949691, 19.241348440158049 ], [ -99.136332006452392, 19.241613642650655 ], [ -99.136174368347994, 19.241672599108039 ], [ -99.136114356042029, 19.241665100371893 ], [ -99.135982871842813, 19.241648670915055 ], [ -99.135828109100558, 19.241681230222603 ], [ -99.135622557212201, 19.241785338007311 ], [ -99.135412315383576, 19.241827094191962 ], [ -99.1351889010148, 19.241764262745988 ], [ -99.134867839001927, 19.241694962433801 ], [ -99.134496201173874, 19.241759424005117 ], [ -99.134358270942485, 19.241815689914812 ], [ -99.134195102404973, 19.242000350492727 ], [ -99.134123693798415, 19.242049609288639 ], [ -99.133946157233453, 19.242048000675439 ], [ -99.133876929896644, 19.242021979516561 ], [ -99.133795387557356, 19.242166462436959 ], [ -99.133615266704837, 19.242281597742913 ], [ -99.133345060117421, 19.24242354357439 ], [ -99.132998769129401, 19.242496007162263 ], [ -99.132787540048525, 19.242522237544073 ], [ -99.132591535385089, 19.24254657713556 ], [ -99.132348432868625, 19.242588672848303 ], [ -99.132154115316538, 19.242622320692956 ], [ -99.131689613066698, 19.242764404260317 ], [ -99.131486937689331, 19.242847459634554 ], [ -99.131481361349699, 19.24291700078409 ], [ -99.131213940100466, 19.243024172902469 ], [ -99.130985957501338, 19.24315271245613 ], [ -99.130634017389056, 19.243206454081811 ], [ -99.130431286004296, 19.243219971185304 ], [ -99.130245472955679, 19.243262895587449 ], [ -99.130076599226214, 19.243361972380022 ], [ -99.129814049444661, 19.243463410877222 ], [ -99.129737338154726, 19.243426401295338 ], [ -99.129679585632303, 19.243391673649448 ], [ -99.129695337764232, 19.243275238086522 ], [ -99.129841037978736, 19.243145644394772 ], [ -99.129996212693541, 19.243025036246422 ], [ -99.130210127697211, 19.242956542044226 ], [ -99.13041830511861, 19.242816112570605 ], [ -99.130456077632118, 19.242691990687668 ], [ -99.130527617939208, 19.242168582638591 ], [ -99.130416375819536, 19.241391397731178 ], [ -99.130301610604377, 19.241135447932312 ], [ -99.130092666268908, 19.241090791024121 ], [ -99.129762435174214, 19.241065422258004 ], [ -99.129526680671816, 19.241206406569816 ], [ -99.12913602863695, 19.241475515682325 ], [ -99.128536744505752, 19.242103214710113 ], [ -99.128530199763347, 19.242352850032216 ], [ -99.128395563064004, 19.24253856736523 ], [ -99.128085635855768, 19.24262839552722 ], [ -99.128017044997762, 19.242701315796747 ], [ -99.127971166037696, 19.242750090557251 ], [ -99.127814965420527, 19.242935635899855 ], [ -99.127435391468822, 19.242986030636388 ], [ -99.127300834744673, 19.243063706775018 ], [ -99.127147161100609, 19.243449710389857 ], [ -99.126700510042696, 19.243179073028021 ], [ -99.126606789420663, 19.243122285040393 ], [ -99.126603559745988, 19.243304709719322 ], [ -99.1259937404011, 19.243394741527535 ], [ -99.125686953251886, 19.243186926847592 ], [ -99.12549141759763, 19.243052644466438 ], [ -99.125272402328065, 19.2430591952788 ], [ -99.124888332796601, 19.243136267187463 ], [ -99.124773836076344, 19.243225956303828 ], [ -99.124740309875961, 19.243450006728491 ], [ -99.124733599789991, 19.243488416027649 ], [ -99.124588663285749, 19.243427707255847 ], [ -99.124500429168052, 19.243418708028301 ], [ -99.124463980354506, 19.243414990506018 ], [ -99.124296566244681, 19.243449802726911 ], [ -99.124267306722373, 19.243238483747664 ], [ -99.124320433795305, 19.243219458102406 ], [ -99.124469430887345, 19.243166099780805 ], [ -99.124534344480622, 19.242632536179819 ], [ -99.124659544656041, 19.24235948750761 ], [ -99.12490481613824, 19.241942430662395 ], [ -99.12496937500805, 19.241628936266441 ], [ -99.124988599362936, 19.241493240835062 ], [ -99.125011274637117, 19.241333186746758 ], [ -99.125100005453731, 19.241103764609765 ], [ -99.125253311595074, 19.240737921593922 ], [ -99.12530769318397, 19.240708150142154 ], [ -99.12537706203581, 19.24067017380499 ], [ -99.125460799532632, 19.240593530416604 ], [ -99.125501324754055, 19.240556438388438 ], [ -99.125599968757697, 19.240324324818534 ], [ -99.125605639057284, 19.240302528705278 ], [ -99.125719028350204, 19.239866669389059 ], [ -99.125683664644583, 19.23974499363252 ], [ -99.125862880270347, 19.239578175698107 ], [ -99.125979341121493, 19.239485022876647 ], [ -99.126041993805231, 19.239420461099215 ], [ -99.126112483188479, 19.239273247640572 ], [ -99.126126769475817, 19.239205375515741 ], [ -99.126141055751575, 19.239137503389454 ], [ -99.126152183718744, 19.238973303203224 ], [ -99.126175861458606, 19.238623922143947 ], [ -99.126186707091321, 19.238463887025041 ], [ -99.12635252007172, 19.23735742816508 ], [ -99.125302202472838, 19.237230872093516 ], [ -99.124252638919316, 19.23710440066025 ], [ -99.123798622765477, 19.237049690209194 ], [ -99.123802952619457, 19.237014472620992 ], [ -99.123938758653381, 19.235909864087059 ], [ -99.124042710982792, 19.235064334847248 ], [ -99.124258360613197, 19.233516687073784 ], [ -99.124466935934564, 19.232019781882833 ], [ -99.123848034954648, 19.231938907910486 ], [ -99.123797829066561, 19.231931312504194 ], [ -99.123354223807922, 19.231864200978595 ], [ -99.123003292203833, 19.231813936634865 ], [ -99.122819054091494, 19.231787547712905 ], [ -99.1227023976666, 19.231770838598102 ], [ -99.122366551887907, 19.23164599626978 ], [ -99.122593015230521, 19.230487509785512 ], [ -99.122733717603694, 19.229767730296317 ], [ -99.123186316656941, 19.229831515565689 ], [ -99.12372910788136, 19.229908010172345 ], [ -99.123830216676822, 19.229922259070165 ], [ -99.124067451844738, 19.229955691537583 ], [ -99.124124130963125, 19.229918199630035 ], [ -99.12400335576794, 19.22962641119976 ], [ -99.124131539786788, 19.229547244647513 ], [ -99.124342178210711, 19.229552938859975 ], [ -99.1242673930048, 19.230275986526781 ], [ -99.124588317913066, 19.230322956170415 ], [ -99.124630626206653, 19.230325967389213 ], [ -99.124667961442881, 19.230331112604773 ], [ -99.125050540234568, 19.230365365764534 ], [ -99.12510760185647, 19.230559234165941 ], [ -99.125124104845781, 19.230586839609522 ], [ -99.126133072073586, 19.230682704736207 ], [ -99.126123442580095, 19.230641231344663 ], [ -99.125715615891082, 19.230080223198268 ] ] ] ] } },
{ "type": "Feature", "properties": { "id": 1369.0, "entidad": 9, "distrito_f": 5, "distrito_l": 25, "municipio": 13, "seccion": 5545, "tipo": 3, "control": 37822.0, "SECCION_TX": "5545", "SECCION__1": null, "SECCION__2": null, "SECCION_N": "5545", "ESTATUS": null, "ALCALDIA_N": "XOCHIMILCO", "EN_OPERATI": null, "EN_OP": "NO", "SEC_N": "5545", "EST": null, "ALC_N": "XOCHIMILCO", "OP": "NO", "NOMBRE": "ALTOS TEPETLICA" }, "geometry": { "type": "MultiPolygon", "coordinates": [ [ [ [ -99.144574350435605, 19.234580815813718 ], [ -99.144006638440672, 19.233514703230814 ], [ -99.143613427760471, 19.232619138936204 ], [ -99.143075341329521, 19.230790980374774 ], [ -99.143006743729927, 19.230536231825727 ], [ -99.142985544702157, 19.230351391928021 ], [ -99.143011679199788, 19.230161518948208 ], [ -99.143123579048236, 19.22964484248822 ], [ -99.14340532406105, 19.229196959861564 ], [ -99.143857299391712, 19.228781927377735 ], [ -99.144377709632764, 19.228436785536502 ], [ -99.14465626382966, 19.228196751934259 ], [ -99.144866415037427, 19.227926795293033 ], [ -99.145013449457096, 19.227656888387916 ], [ -99.145081623485794, 19.227427012812505 ], [ -99.145102289312959, 19.22700232610109 ], [ -99.145117278669744, 19.226103012262477 ], [ -99.144960512714022, 19.22517750571145 ], [ -99.144974120660549, 19.224794141486214 ], [ -99.144800291783667, 19.224494511584716 ], [ -99.144568638909405, 19.224229900010371 ], [ -99.144177824266933, 19.223929033937871 ], [ -99.143247761774759, 19.223506506861085 ], [ -99.142911158443255, 19.223401843972976 ], [ -99.142600819701443, 19.223372109057163 ], [ -99.142369425780657, 19.223402265772251 ], [ -99.142127538463797, 19.223462407081975 ], [ -99.141790982432468, 19.223605212224907 ], [ -99.141533466817137, 19.223762634462613 ], [ -99.141112928687022, 19.224027753460543 ], [ -99.140734431728418, 19.224252870207888 ], [ -99.140503082932099, 19.224337981901229 ], [ -99.14065761511327, 19.224082671117877 ], [ -99.141006965301415, 19.223522291398197 ], [ -99.141358042239204, 19.222087135093059 ], [ -99.141004354498307, 19.22046128786041 ], [ -99.140097474225513, 19.219314038374534 ], [ -99.139528488795349, 19.219109755126169 ], [ -99.138889339411321, 19.218884591603565 ], [ -99.138439002664384, 19.219017196781312 ], [ -99.137918509048475, 19.219170458554654 ], [ -99.137906932831996, 19.218182265046988 ], [ -99.137905132811881, 19.218028606534432 ], [ -99.137858888678736, 19.21408085369875 ], [ -99.139190747794629, 19.214488755318794 ], [ -99.141555446697424, 19.215212950544494 ], [ -99.143426540941192, 19.21578595184091 ], [ -99.145543187439245, 19.216434122802365 ], [ -99.146823341753162, 19.216826124211916 ], [ -99.149742669883238, 19.217720023345912 ], [ -99.149774576342935, 19.217729792801762 ], [ -99.149807214278212, 19.21773978622166 ], [ -99.155125953162667, 19.219368238431485 ], [ -99.153637612216144, 19.222850853537146 ], [ -99.153584677041948, 19.222974940006313 ], [ -99.15355009400237, 19.223055794094602 ], [ -99.152818993115233, 19.224766534257625 ], [ -99.15277725411687, 19.224864378921566 ], [ -99.15274489754286, 19.224939915725123 ], [ -99.149837709819394, 19.231741782459782 ], [ -99.149798127852776, 19.231496235387002 ], [ -99.149223973868686, 19.23133032497131 ], [ -99.149094444015248, 19.231181764669596 ], [ -99.148975916658799, 19.231206081455607 ], [ -99.14885296811498, 19.231180966989076 ], [ -99.148699777933913, 19.231065773769291 ], [ -99.148569520844504, 19.230954176789282 ], [ -99.148301329122191, 19.230974818773241 ], [ -99.14807302180229, 19.230910747349075 ], [ -99.147730617408797, 19.230824354874194 ], [ -99.147567522203275, 19.230803158019533 ], [ -99.147229190459086, 19.230695432972311 ], [ -99.146890046324899, 19.230636600478054 ], [ -99.146795386803348, 19.230699846529447 ], [ -99.146734578817814, 19.230740474878882 ], [ -99.146585655043978, 19.230927940193681 ], [ -99.146158129718117, 19.230877672259052 ], [ -99.146147696970544, 19.230699914212714 ], [ -99.146055401175786, 19.230692577147 ], [ -99.146009000304986, 19.230617964921905 ], [ -99.145833928599771, 19.230609428479813 ], [ -99.145715167451513, 19.230692396306967 ], [ -99.145629751245963, 19.230718220944848 ], [ -99.145661055531065, 19.230828452773874 ], [ -99.14543007933753, 19.230865599458415 ], [ -99.14548036642033, 19.231247933445772 ], [ -99.145597249302355, 19.231408255043668 ], [ -99.145620867504149, 19.231541719191267 ], [ -99.145570847942636, 19.231679489479465 ], [ -99.146112008281392, 19.231707402740646 ], [ -99.146182034490351, 19.231711013210212 ], [ -99.146225933357883, 19.231738297624251 ], [ -99.146793327971267, 19.231812569309543 ], [ -99.146893262570686, 19.231825650511912 ], [ -99.146982294078668, 19.231898254833968 ], [ -99.14704528218266, 19.232025963532791 ], [ -99.146807879133362, 19.232541287784588 ], [ -99.14669119264002, 19.233373626904072 ], [ -99.146684969460196, 19.233418017378153 ], [ -99.147048702896925, 19.233367857084186 ], [ -99.147001488996153, 19.233473444131711 ], [ -99.146967836117653, 19.233647554910519 ], [ -99.147012881389287, 19.23376784573351 ], [ -99.147001860456939, 19.233890906837754 ], [ -99.146952152653753, 19.234019396888698 ], [ -99.146938495065243, 19.234035832073236 ], [ -99.146891719008636, 19.234092121122618 ], [ -99.146801061682893, 19.234193601840122 ], [ -99.146815353906263, 19.234271697264802 ], [ -99.14682311793068, 19.234314121337427 ], [ -99.146763168233278, 19.234287553830018 ], [ -99.146559545432254, 19.234196918507937 ], [ -99.146379413834651, 19.234157961869588 ], [ -99.146243067725209, 19.234172733590551 ], [ -99.146037307473435, 19.234246211678478 ], [ -99.145867581559955, 19.234336767401818 ], [ -99.145757859419177, 19.234331812086076 ], [ -99.145725277161034, 19.234330340580165 ], [ -99.145574282705041, 19.234339444614722 ], [ -99.145481728046875, 19.234415275837929 ], [ -99.145389134590275, 19.234447118725111 ], [ -99.145319670664193, 19.234449617663721 ], [ -99.145219298551623, 19.234413040362579 ], [ -99.145100899595562, 19.234356926927415 ], [ -99.145021122984218, 19.234334995968378 ], [ -99.144923362410765, 19.234342404756728 ], [ -99.144830764600272, 19.234369359774437 ], [ -99.144779342538214, 19.234408501170677 ], [ -99.144748502993352, 19.234447626282563 ], [ -99.144717629244141, 19.234516414772067 ], [ -99.144574350435605, 19.234580815813718 ] ] ] ] } },
{ "type": "Feature", "properties": { "id": 5252.0, "entidad": 9, "distrito_f": 21, "distrito_l": 25, "municipio": 13, "seccion": 4158, "tipo": 2, "control": 36771.0, "SECCION_TX": "4158", "SECCION__1": null, "SECCION__2": null, "SECCION_N": "4158", "ESTATUS": null, "ALCALDIA_N": "XOCHIMILCO", "EN_OPERATI": null, "EN_OP": "NO", "SEC_N": "4158", "EST": null, "ALC_N": "XOCHIMILCO", "OP": "NO", "NOMBRE": "CALYECAC" }, "geometry": { "type": "MultiPolygon", "coordinates": [ [ [ [ -99.01129650356404, 19.255619705497811 ], [ -99.011321072524211, 19.2555265919103 ], [ -99.011387259495322, 19.25522720424765 ], [ -99.011494083504658, 19.254939251744489 ], [ -99.011758994600768, 19.254226684430066 ], [ -99.012014866442698, 19.253538001413776 ], [ -99.01231051462166, 19.252773075215156 ], [ -99.01260009500723, 19.252024473066609 ], [ -99.013115926081099, 19.252169265259898 ], [ -99.013562803466073, 19.252294700981871 ], [ -99.01374460495424, 19.252299537555114 ], [ -99.013900191474619, 19.252303676572211 ], [ -99.014308651384113, 19.252314542066415 ], [ -99.014258381989563, 19.252457810814185 ], [ -99.014549606625607, 19.252561256925102 ], [ -99.014280121426239, 19.253292127135921 ], [ -99.014045268560778, 19.254005553878795 ], [ -99.013921237877156, 19.25439091678172 ], [ -99.013793469946719, 19.254787889312631 ], [ -99.013412253628402, 19.255930056298666 ], [ -99.01376415296258, 19.256020779134232 ], [ -99.01433035733433, 19.256166750117252 ], [ -99.015017153006028, 19.256343807579569 ], [ -99.014677565049183, 19.256849479456616 ], [ -99.014397085601615, 19.257370588162402 ], [ -99.014329792644148, 19.257526563439004 ], [ -99.014254535171887, 19.257700998919784 ], [ -99.014207349970135, 19.25781036690206 ], [ -99.014187613548884, 19.25785611281966 ], [ -99.014126090247885, 19.258015073214132 ], [ -99.013919630018577, 19.258548510965511 ], [ -99.013816521308598, 19.258542204158061 ], [ -99.013580701767111, 19.258399143286368 ], [ -99.012994085532313, 19.258043267786562 ], [ -99.012532065777378, 19.257560673532339 ], [ -99.012308703793849, 19.257327363431802 ], [ -99.012200977494032, 19.257175266476956 ], [ -99.011982257181486, 19.256866457872171 ], [ -99.01173975288367, 19.256699704713625 ], [ -99.011794087266949, 19.2564574892642 ], [ -99.011834314145659, 19.256278162720637 ], [ -99.011848421490896, 19.2562152737924 ], [ -99.011739770259439, 19.256071373348377 ], [ -99.011705243731555, 19.256025645473439 ], [ -99.011628040089747, 19.255923394748972 ], [ -99.011530644627982, 19.255794401168238 ], [ -99.01148132293298, 19.255757601670847 ], [ -99.01129650356404, 19.255619705497811 ] ] ] ] } },
{ "type": "Feature", "properties": { "id": 5309.0, "entidad": 9, "distrito_f": 21, "distrito_l": 25, "municipio": 13, "seccion": 4152, "tipo": 2, "control": 36773.0, "SECCION_TX": "4152", "SECCION__1": null, "SECCION__2": null, "SECCION_N": "4152", "ESTATUS": null, "ALCALDIA_N": "XOCHIMILCO", "EN_OPERATI": null, "EN_OP": "NO", "SEC_N": "4152", "EST": null, "ALC_N": "XOCHIMILCO", "OP": "NO", "NOMBRE": "SAN ISIDRO TULYEHUALCO" }, "geometry": { "type": "MultiPolygon", "coordinates": [ [ [ [ -99.013921237877156, 19.25439091678172 ], [ -99.014395457466492, 19.254513029094188 ], [ -99.014896057059545, 19.254641932768486 ], [ -99.01547895882932, 19.254792027152416 ], [ -99.015902808998419, 19.254901165179508 ], [ -99.01594232342903, 19.254911339771734 ], [ -99.016795082065428, 19.255130636279659 ], [ -99.01804631154063, 19.255442826177511 ], [ -99.021653557088314, 19.256487829932418 ], [ -99.021087192761485, 19.257801162726167 ], [ -99.020849711647188, 19.259008840368018 ], [ -99.020627249801663, 19.259052081706056 ], [ -99.020539969740327, 19.259590136724995 ], [ -99.020472881140378, 19.260003715100858 ], [ -99.020403759138063, 19.260429826502698 ], [ -99.020359953667793, 19.260699869753143 ], [ -99.020321765662374, 19.260935225092535 ], [ -99.020281764652083, 19.260928106788562 ], [ -99.01973351318847, 19.261101730759929 ], [ -99.018796840920899, 19.260754701431981 ], [ -99.017540331981238, 19.260255829735591 ], [ -99.016649362572423, 19.259952175986545 ], [ -99.01661181599205, 19.259926123411965 ], [ -99.016239070267829, 19.259667484188807 ], [ -99.016055364375731, 19.259540014542281 ], [ -99.015453951899886, 19.259213703522946 ], [ -99.015415686373643, 19.259192941516577 ], [ -99.014524724699427, 19.258867581870977 ], [ -99.013905931932484, 19.258583283292101 ], [ -99.013816521308598, 19.258542204158061 ], [ -99.013919630018577, 19.258548510965511 ], [ -99.014126090247885, 19.258015073214132 ], [ -99.014187613548884, 19.25785611281966 ], [ -99.014207349970135, 19.25781036690206 ], [ -99.014254535171887, 19.257700998919784 ], [ -99.014329792644148, 19.257526563439004 ], [ -99.014397085601615, 19.257370588162402 ], [ -99.014677565049183, 19.256849479456616 ], [ -99.015017153006028, 19.256343807579569 ], [ -99.01433035733433, 19.256166750117252 ], [ -99.01376415296258, 19.256020779134232 ], [ -99.013412253628402, 19.255930056298666 ], [ -99.013793469946719, 19.254787889312631 ], [ -99.013921237877156, 19.25439091678172 ] ] ] ] } },
{ "type": "Feature", "properties": { "id": 1318.0, "entidad": 9, "distrito_f": 5, "distrito_l": 19, "municipio": 13, "seccion": 4129, "tipo": 2, "control": 36400.0, "SECCION_TX": "4129", "SECCION__1": null, "SECCION__2": null, "SECCION_N": "4129", "ESTATUS": null, "ALCALDIA_N": "XOCHIMILCO", "EN_OPERATI": null, "EN_OP": "NO", "SEC_N": "4129", "EST": null, "ALC_N": "XOCHIMILCO", "OP": "NO", "NOMBRE": "JARDINES DE LA NORIA" }, "geometry": { "type": "MultiPolygon", "coordinates": [ [ [ [ -99.131218192603782, 19.271601481598971 ], [ -99.131171945255446, 19.271727266427419 ], [ -99.130697844215305, 19.271245388260297 ], [ -99.129807437526793, 19.270327968399545 ], [ -99.129001818571567, 19.269618074326779 ], [ -99.128419425594799, 19.269104876102986 ], [ -99.128058485733703, 19.268747341384135 ], [ -99.127493315190051, 19.267996057220401 ], [ -99.128013312546727, 19.267598828313002 ], [ -99.128367867069173, 19.267990188813375 ], [ -99.128650012796868, 19.267800756596031 ], [ -99.128182479020523, 19.267161476274794 ], [ -99.127597218357877, 19.266361213816893 ], [ -99.127752142380032, 19.26628488641386 ], [ -99.128083844176473, 19.266321440181269 ], [ -99.128646300258183, 19.266444842842816 ], [ -99.128735530745388, 19.266439281425903 ], [ -99.129152377885632, 19.26641330025376 ], [ -99.129542648821555, 19.266388974649981 ], [ -99.130173836310618, 19.266390936041137 ], [ -99.130080349272134, 19.267163708393738 ], [ -99.130282778558851, 19.267215310475294 ], [ -99.130769457016669, 19.267142190862923 ], [ -99.130809159460455, 19.267362971229332 ], [ -99.130826049991029, 19.26742178080395 ], [ -99.130747827038476, 19.267786127270863 ], [ -99.13106949341028, 19.267862542899003 ], [ -99.131191668594411, 19.267891566883019 ], [ -99.131635510711334, 19.267997005413147 ], [ -99.132078185150377, 19.26810216534086 ], [ -99.131946314398817, 19.268536946902852 ], [ -99.131661254915301, 19.269174688562657 ], [ -99.131103968295747, 19.271056019466027 ], [ -99.131138281707734, 19.271219878739878 ], [ -99.131218192603782, 19.271601481598971 ] ] ] ] } },
{ "type": "Feature", "properties": { "id": 1317.0, "entidad": 9, "distrito_f": 5, "distrito_l": 19, "municipio": 13, "seccion": 4128, "tipo": 2, "control": 36255.0, "SECCION_TX": "4128", "SECCION__1": null, "SECCION__2": null, "SECCION_N": "4128", "ESTATUS": null, "ALCALDIA_N": "XOCHIMILCO", "EN_OPERATI": null, "EN_OP": "NO", "SEC_N": "4128", "EST": null, "ALC_N": "XOCHIMILCO", "OP": "NO", "NOMBRE": "LA NORIA PONIENTE" }, "geometry": { "type": "MultiPolygon", "coordinates": [ [ [ [ -99.131218192603782, 19.271601481598971 ], [ -99.131138281707734, 19.271219878739878 ], [ -99.131103968295747, 19.271056019466027 ], [ -99.131661254915301, 19.269174688562657 ], [ -99.131946314398817, 19.268536946902852 ], [ -99.132078185150377, 19.26810216534086 ], [ -99.132288411818436, 19.267383684531854 ], [ -99.132368714304747, 19.267109237167134 ], [ -99.132449016526536, 19.266834789760427 ], [ -99.132986145514963, 19.266739402974888 ], [ -99.133784774585777, 19.266587782765281 ], [ -99.134148674001622, 19.266494733995067 ], [ -99.13456313656296, 19.266462042566527 ], [ -99.134733212013103, 19.266419735531677 ], [ -99.134994010642558, 19.266354860347747 ], [ -99.135195892961846, 19.266323610077528 ], [ -99.135668904731475, 19.266250389544044 ], [ -99.135812903948306, 19.266501382904888 ], [ -99.13616173441298, 19.266870791505983 ], [ -99.136214781561222, 19.267012598454965 ], [ -99.136232120613656, 19.267108544492512 ], [ -99.136568471594302, 19.267785926878176 ], [ -99.136765346130176, 19.267932766349251 ], [ -99.136995561403367, 19.268056545011895 ], [ -99.137653279324297, 19.268102047060385 ], [ -99.137443724246467, 19.268900202932127 ], [ -99.137223387211534, 19.269739416697846 ], [ -99.137103251144552, 19.270196984021723 ], [ -99.136592493611829, 19.271861681626909 ], [ -99.136423376986713, 19.272452371330118 ], [ -99.135447130822826, 19.272231865693175 ], [ -99.134807556957156, 19.272087401390237 ], [ -99.134732704057654, 19.272070493763316 ], [ -99.134481474428085, 19.2720050382365 ], [ -99.134402211363891, 19.271984386904869 ], [ -99.134305553760527, 19.271959203517216 ], [ -99.134100277538138, 19.271931060098424 ], [ -99.133774224272912, 19.271973740158483 ], [ -99.133551711469423, 19.272002290073807 ], [ -99.133219766655728, 19.272044880343408 ], [ -99.132549879685712, 19.272019159590325 ], [ -99.132024524131808, 19.271872838964061 ], [ -99.131759340340054, 19.271783596295233 ], [ -99.131218192603782, 19.271601481598971 ] ] ] ] } },
{ "type": "Feature", "properties": { "id": 1319.0, "entidad": 9, "distrito_f": 5, "distrito_l": 19, "municipio": 13, "seccion": 4130, "tipo": 2, "control": 36266.0, "SECCION_TX": "4130", "SECCION__1": null, "SECCION__2": null, "SECCION_N": "4130", "ESTATUS": null, "ALCALDIA_N": "XOCHIMILCO", "EN_OPERATI": null, "EN_OP": "NO", "SEC_N": "4130", "EST": null, "ALC_N": "XOCHIMILCO", "OP": "NO", "NOMBRE": "BOSQUES RESIDENCIAL CIPRES" }, "geometry": { "type": "MultiPolygon", "coordinates": [ [ [ [ -99.132877780964719, 19.276185930582347 ], [ -99.132832469301377, 19.276343630623185 ], [ -99.132657221485672, 19.27636328224354 ], [ -99.13263512338726, 19.27584086593578 ], [ -99.132480011094927, 19.275572563841845 ], [ -99.132400299070682, 19.276299720219242 ], [ -99.131902807846004, 19.276140484164127 ], [ -99.13139281581077, 19.275979657520804 ], [ -99.131317460426374, 19.2759558939557 ], [ -99.131262638707341, 19.275942266880055 ], [ -99.130873589498663, 19.27584556008884 ], [ -99.12982179945466, 19.275781435622598 ], [ -99.129576071520688, 19.275747860603726 ], [ -99.12922279178855, 19.275699589648941 ], [ -99.12961180027763, 19.275212627681565 ], [ -99.129486410906665, 19.274862339399558 ], [ -99.128273327329509, 19.27435535199475 ], [ -99.127648555122562, 19.27407282264836 ], [ -99.127491587420252, 19.274001839515279 ], [ -99.127882703462944, 19.273282718408062 ], [ -99.12794440169867, 19.273158659392678 ], [ -99.127959920922038, 19.273129172213505 ], [ -99.128536428949502, 19.273286478680298 ], [ -99.128792598248438, 19.27202553278622 ], [ -99.128878287317065, 19.271640709828851 ], [ -99.129534129868233, 19.271752731315331 ], [ -99.129573182795568, 19.271722553016144 ], [ -99.129626315917079, 19.271700010224684 ], [ -99.130566318719801, 19.271295768984984 ], [ -99.130632081477685, 19.271270578634454 ], [ -99.130697844215305, 19.271245388260297 ], [ -99.131171945255446, 19.271727266427419 ], [ -99.131765113315339, 19.272456199308799 ], [ -99.131813453182559, 19.272571935584015 ], [ -99.132256271300903, 19.273626940541625 ], [ -99.132797522608683, 19.274927975501775 ], [ -99.132816585285582, 19.274973614263345 ], [ -99.132817260765719, 19.275006647171423 ], [ -99.132821564477894, 19.275217110623338 ], [ -99.13283483527681, 19.275866085503136 ], [ -99.132877780964719, 19.276185930582347 ] ] ] ] } },
{ "type": "Feature", "properties": { "id": 1292.0, "entidad": 9, "distrito_f": 5, "distrito_l": 19, "municipio": 13, "seccion": 4126, "tipo": 2, "control": 36244.0, "SECCION_TX": "4126", "SECCION__1": null, "SECCION__2": null, "SECCION_N": "4126", "ESTATUS": null, "ALCALDIA_N": "XOCHIMILCO", "EN_OPERATI": null, "EN_OP": "NO", "SEC_N": "4126", "EST": null, "ALC_N": "XOCHIMILCO", "OP": "NO", "NOMBRE": "VALLE DE TEPEPAN" }, "geometry": { "type": "MultiPolygon", "coordinates": [ [ [ [ -99.142511142380869, 19.270691820072809 ], [ -99.142165285783861, 19.270695247440898 ], [ -99.14207248549836, 19.271061658369753 ], [ -99.141949550600813, 19.271191235675392 ], [ -99.141654496545257, 19.2722652160728 ], [ -99.141395606104084, 19.27285597979682 ], [ -99.141152586461033, 19.273735196562402 ], [ -99.140861075960544, 19.273644296504187 ], [ -99.13991240984835, 19.27340765426937 ], [ -99.138822224230793, 19.273117224252051 ], [ -99.137521091047688, 19.272714590554461 ], [ -99.137269838111237, 19.272694404577972 ], [ -99.136423376986059, 19.272452370516838 ], [ -99.136592493611147, 19.271861680813366 ], [ -99.13710325114387, 19.270196983207818 ], [ -99.137223387210852, 19.269739415883759 ], [ -99.137443724245784, 19.268900202117766 ], [ -99.137653279323629, 19.268102046245939 ], [ -99.137941004793333, 19.268121958776632 ], [ -99.138336089412007, 19.268256359884511 ], [ -99.138779225949634, 19.268442531203377 ], [ -99.13944934598733, 19.26867204678765 ], [ -99.139852274477306, 19.26872702890843 ], [ -99.140315830004852, 19.268862035581233 ], [ -99.140355828679503, 19.26877993642643 ], [ -99.142269236117315, 19.269279130822 ], [ -99.142382702242728, 19.269270753289096 ], [ -99.142832313569002, 19.269365728438189 ], [ -99.14290666568931, 19.269386796832595 ], [ -99.143357743841719, 19.269514826504039 ], [ -99.143168826469733, 19.269794406956233 ], [ -99.143105931535629, 19.270129214077688 ], [ -99.142913268113929, 19.270382012234585 ], [ -99.142880330551733, 19.270407388176213 ], [ -99.142511142380869, 19.270691820072809 ] ] ] ] } },
{ "type": "Feature", "properties": { "id": 1370.0, "entidad": 9, "distrito_f": 5, "distrito_l": 19, "municipio": 13, "seccion": 5547, "tipo": 2, "control": 37893.0, "SECCION_TX": "5547", "SECCION__1": null, "SECCION__2": null, "SECCION_N": "5547", "ESTATUS": null, "ALCALDIA_N": "XOCHIMILCO", "EN_OPERATI": null, "EN_OP": "NO", "SEC_N": "5547", "EST": null, "ALC_N": "XOCHIMILCO", "OP": "NO", "NOMBRE": "VALLE DE TEPEPAN" }, "geometry": { "type": "MultiPolygon", "coordinates": [ [ [ [ -99.142511142380869, 19.270691820072809 ], [ -99.142512064873088, 19.270782585950982 ], [ -99.142513565456937, 19.270916017035969 ], [ -99.142475119761073, 19.271096279274413 ], [ -99.142443546415478, 19.271323436561808 ], [ -99.14247548143473, 19.27151478442504 ], [ -99.142299846888562, 19.273008710538019 ], [ -99.142074951718527, 19.273956423507801 ], [ -99.141152586461033, 19.273735196562402 ], [ -99.141395606104084, 19.27285597979682 ], [ -99.141654496545257, 19.2722652160728 ], [ -99.141949550600813, 19.271191235675392 ], [ -99.14207248549836, 19.271061658369753 ], [ -99.142165285783861, 19.270695247440898 ], [ -99.142511142380869, 19.270691820072809 ] ] ] ] } },
{ "type": "Feature", "properties": { "id": 1332.0, "entidad": 9, "distrito_f": 5, "distrito_l": 19, "municipio": 13, "seccion": 4188, "tipo": 2, "control": 36919.0, "SECCION_TX": "4188", "SECCION__1": null, "SECCION__2": null, "SECCION_N": "4188", "ESTATUS": null, "ALCALDIA_N": "XOCHIMILCO", "EN_OPERATI": null, "EN_OP": "NO", "SEC_N": "4188", "EST": null, "ALC_N": "XOCHIMILCO", "OP": "NO", "NOMBRE": "EL ROSARIO" }, "geometry": { "type": "MultiPolygon", "coordinates": [ [ [ [ -99.108150801371451, 19.264588782941331 ], [ -99.107574363303371, 19.264468532763011 ], [ -99.107158529530622, 19.264381784849398 ], [ -99.10655262604061, 19.264255384253151 ], [ -99.106388427428783, 19.264872049172521 ], [ -99.105089774291784, 19.264612277845753 ], [ -99.105254636753912, 19.263905127370169 ], [ -99.105416000886805, 19.263212976403796 ], [ -99.105614516968089, 19.262361458728261 ], [ -99.10562627655311, 19.262311016716911 ], [ -99.105705320012149, 19.261971963878143 ], [ -99.106147432079169, 19.262045198244987 ], [ -99.106768788903949, 19.262148121979877 ], [ -99.107211921536205, 19.262138255378904 ], [ -99.10721687921, 19.262041193281235 ], [ -99.107231537945907, 19.261754201662836 ], [ -99.108042450326792, 19.261855190298512 ], [ -99.108034506369748, 19.261957011383043 ], [ -99.108465364139477, 19.261999158362848 ], [ -99.108396194799695, 19.262666897955125 ], [ -99.108311613168581, 19.263483415825714 ], [ -99.10824197844488, 19.2641556361265 ], [ -99.108210156438517, 19.264462828747124 ], [ -99.108181145803144, 19.264524390682048 ], [ -99.108150801371451, 19.264588782941331 ] ] ] ] } },
{ "type": "Feature", "properties": { "id": 1352.0, "entidad": 9, "distrito_f": 5, "distrito_l": 19, "municipio": 13, "seccion": 4211, "tipo": 2, "control": 36922.0, "SECCION_TX": "4211", "SECCION__1": null, "SECCION__2": null, "SECCION_N": "4211", "ESTATUS": "COMPLETA", "ALCALDIA_N": "XOCHIMILCO", "EN_OPERATI": null, "EN_OP": "SI", "SEC_N": "4211", "EST": "COMPLETA", "ALC_N": "XOCHIMILCO", "OP": "SI", "NOMBRE": "EL ROSARIO" }, "geometry": { "type": "MultiPolygon", "coordinates": [ [ [ [ -99.106130332668002, 19.260174253673192 ], [ -99.105590843991237, 19.260003090393248 ], [ -99.105281369237929, 19.259822092770968 ], [ -99.105158000709764, 19.259788472687497 ], [ -99.10515768297445, 19.259704290631113 ], [ -99.105323771905745, 19.258938509409809 ], [ -99.1053347858102, 19.258887727677248 ], [ -99.105423926795723, 19.258476724785734 ], [ -99.105453044684239, 19.2583424703062 ], [ -99.105637287374591, 19.257492973386608 ], [ -99.105805203568693, 19.25668850280686 ], [ -99.105704973086944, 19.256236480425727 ], [ -99.105404381348777, 19.255654521580908 ], [ -99.106390963831302, 19.25594572642089 ], [ -99.107310370820514, 19.256217097659793 ], [ -99.108553786506647, 19.256584094182859 ], [ -99.107976663775247, 19.257935111060871 ], [ -99.107567984294803, 19.258891795791282 ], [ -99.107414483702598, 19.259251124825251 ], [ -99.107351852937995, 19.259397736489699 ], [ -99.10763097360261, 19.259460894616915 ], [ -99.107956749287325, 19.259534609024367 ], [ -99.107845890875566, 19.259990871815628 ], [ -99.107826288526113, 19.260141225539989 ], [ -99.107741320016402, 19.260590589549874 ], [ -99.1073460093519, 19.260498926639499 ], [ -99.107135415497822, 19.260418187622136 ], [ -99.107060352262053, 19.260378952947207 ], [ -99.106891675372879, 19.260286089354775 ], [ -99.106684860007562, 19.260172228322535 ], [ -99.106433955845802, 19.260206640563908 ], [ -99.106351945746241, 19.260194227881158 ], [ -99.106130332668002, 19.260174253673192 ] ] ] ] } },
{ "type": "Feature", "properties": { "id": 5343.0, "entidad": 9, "distrito_f": 21, "distrito_l": 25, "municipio": 13, "seccion": 4212, "tipo": 2, "control": 36927.0, "SECCION_TX": "4212", "SECCION__1": null, "SECCION__2": null, "SECCION_N": "4212", "ESTATUS": null, "ALCALDIA_N": "XOCHIMILCO", "EN_OPERATI": null, "EN_OP": "NO", "SEC_N": "4212", "EST": null, "ALC_N": "XOCHIMILCO", "OP": "NO", "NOMBRE": "EL ROSARIO" }, "geometry": { "type": "MultiPolygon", "coordinates": [ [ [ [ -99.101224492281872, 19.25629332073273 ], [ -99.101335709836164, 19.25596869123742 ], [ -99.10119513755312, 19.25590786853309 ], [ -99.101461829017964, 19.25489810705648 ], [ -99.101924135271602, 19.255027004491236 ], [ -99.101996402919212, 19.255047153595704 ], [ -99.102649488505961, 19.255229240327253 ], [ -99.102582208326325, 19.25553431649012 ], [ -99.102556271064728, 19.255651926455368 ], [ -99.10243644083593, 19.256195282641301 ], [ -99.102331689112518, 19.256670264117865 ], [ -99.102292688697531, 19.256847105123672 ], [ -99.102943869781726, 19.256996643127845 ], [ -99.103506838369981, 19.257125921817707 ], [ -99.103513345109022, 19.25709721922243 ], [ -99.103967727457558, 19.257176654629259 ], [ -99.104696989647209, 19.257304142179176 ], [ -99.104513207542325, 19.2580973209269 ], [ -99.104375278060473, 19.258692600828315 ], [ -99.104225910053387, 19.259337242487096 ], [ -99.103571240040438, 19.259160820390218 ], [ -99.103311662134089, 19.25906238147844 ], [ -99.103056816160375, 19.259094792271664 ], [ -99.10282565103023, 19.25904921183313 ], [ -99.102575541327198, 19.259000059406763 ], [ -99.102448757439674, 19.258969121083297 ], [ -99.10226407499546, 19.258924053938447 ], [ -99.101863007876133, 19.25892875889809 ], [ -99.102026769573513, 19.258160521244481 ], [ -99.102043482231409, 19.258082118539082 ], [ -99.102190529763291, 19.25739228338665 ], [ -99.101752527349163, 19.257293414612363 ], [ -99.101758079042597, 19.257270988689061 ], [ -99.101944829181676, 19.256516612644749 ], [ -99.101867403757026, 19.256492612275149 ], [ -99.101587021620702, 19.256405698954669 ], [ -99.101224492281872, 19.25629332073273 ] ] ] ] } },
{ "type": "Feature", "properties": { "id": 5357.0, "entidad": 9, "distrito_f": 21, "distrito_l": 25, "municipio": 13, "seccion": 4231, "tipo": 2, "control": 36948.0, "SECCION_TX": "4231", "SECCION__1": null, "SECCION__2": null, "SECCION_N": "4231", "ESTATUS": null, "ALCALDIA_N": "XOCHIMILCO", "EN_OPERATI": null, "EN_OP": "NO", "SEC_N": "4231", "EST": null, "ALC_N": "XOCHIMILCO", "OP": "NO", "NOMBRE": "EL ROSARIO" }, "geometry": { "type": "MultiPolygon", "coordinates": [ [ [ [ -99.104225910053387, 19.259337242487096 ], [ -99.104375278060473, 19.258692600828315 ], [ -99.104513207542325, 19.2580973209269 ], [ -99.104696989647209, 19.257304142179176 ], [ -99.104853977782341, 19.256570329405861 ], [ -99.104870411402658, 19.256493513022495 ], [ -99.10502836374593, 19.255755185834026 ], [ -99.105076918991159, 19.25552821945767 ], [ -99.105091314579397, 19.255460928675724 ], [ -99.105105710156025, 19.255393637892201 ], [ -99.10416005102627, 19.254674055309184 ], [ -99.104103909751331, 19.254631335245477 ], [ -99.103662507083968, 19.254295453531839 ], [ -99.103551259510553, 19.254177448562803 ], [ -99.10344393051291, 19.254026547571179 ], [ -99.101438583719897, 19.252434378535671 ], [ -99.099774712773154, 19.251229606454906 ], [ -99.099607217483509, 19.251148075284661 ], [ -99.100901987953549, 19.249845005597059 ], [ -99.102455421998727, 19.250999833682336 ], [ -99.102619402537897, 19.25112173564013 ], [ -99.10406185293192, 19.249656906817904 ], [ -99.104892968481849, 19.250445919697704 ], [ -99.105196016355976, 19.250729964210951 ], [ -99.105941161920839, 19.251434951575447 ], [ -99.105984872123543, 19.251476305816233 ], [ -99.106112454310761, 19.251597011196143 ], [ -99.106009316749692, 19.25206266317975 ], [ -99.105494128142709, 19.254388629206137 ], [ -99.105412984129856, 19.254776156309649 ], [ -99.105306706824479, 19.255283712048598 ], [ -99.105337960250736, 19.25540236209649 ], [ -99.105371564084109, 19.255530155389732 ], [ -99.105404381348777, 19.255654521580908 ], [ -99.105704973086944, 19.256236480425727 ], [ -99.105805203568693, 19.25668850280686 ], [ -99.105637287374591, 19.257492973386608 ], [ -99.105453044684239, 19.2583424703062 ], [ -99.105423926795723, 19.258476724785734 ], [ -99.1053347858102, 19.258887727677248 ], [ -99.105323771905745, 19.258938509409809 ], [ -99.10515768297445, 19.259704290631113 ], [ -99.104225910053387, 19.259337242487096 ] ] ] ] } },
{ "type": "Feature", "properties": { "id": 1322.0, "entidad": 9, "distrito_f": 5, "distrito_l": 19, "municipio": 13, "seccion": 4133, "tipo": 2, "control": 36510.0, "SECCION_TX": "4133", "SECCION__1": null, "SECCION__2": null, "SECCION_N": "4133", "ESTATUS": null, "ALCALDIA_N": "XOCHIMILCO", "EN_OPERATI": null, "EN_OP": "NO", "SEC_N": "4133", "EST": null, "ALC_N": "XOCHIMILCO", "OP": "NO", "NOMBRE": "TIERRA NUEVA" }, "geometry": { "type": "MultiPolygon", "coordinates": [ [ [ [ -99.127563101588137, 19.26859264691387 ], [ -99.127475584257184, 19.268767651912384 ], [ -99.127447548889435, 19.268823713057909 ], [ -99.127428709092072, 19.268861386184359 ], [ -99.126481994011499, 19.270754466612864 ], [ -99.125916195497538, 19.271885831503823 ], [ -99.124818083127408, 19.271451215152545 ], [ -99.123969051904382, 19.27111517525136 ], [ -99.123734235481407, 19.271504755053755 ], [ -99.122673145947914, 19.273498776070955 ], [ -99.122596713558806, 19.273463894808422 ], [ -99.122186666605657, 19.273276761881405 ], [ -99.121687751866347, 19.273049070583593 ], [ -99.121242311873942, 19.272845782034413 ], [ -99.119961970272485, 19.273749982271614 ], [ -99.119847316095047, 19.273759365858581 ], [ -99.119732661904152, 19.273768749373769 ], [ -99.119773356537166, 19.273629701432426 ], [ -99.11980366658463, 19.273526136027773 ], [ -99.120150985270129, 19.272339384601501 ], [ -99.12024116976697, 19.272025865281456 ], [ -99.120456905884851, 19.271629830329985 ], [ -99.120862096431807, 19.271179684556369 ], [ -99.121350569612034, 19.270603516667691 ], [ -99.121473864798801, 19.270411193113947 ], [ -99.121892391141856, 19.26989700492323 ], [ -99.122139714222072, 19.269507053108679 ], [ -99.12066064745585, 19.269056941887108 ], [ -99.119323789780637, 19.268650507943189 ], [ -99.119551952840638, 19.267946277185853 ], [ -99.11966051924901, 19.267575709010696 ], [ -99.119817822123309, 19.267085587875098 ], [ -99.119850493109269, 19.266998751942499 ], [ -99.119874683311465, 19.266935406547159 ], [ -99.120066181342509, 19.266355100052866 ], [ -99.120100248914, 19.266230183837532 ], [ -99.121765227791258, 19.266780372281548 ], [ -99.121753428718222, 19.266868260811204 ], [ -99.122902433639908, 19.267113476658469 ], [ -99.123807462412287, 19.267371213432423 ], [ -99.123990012525553, 19.267211290850955 ], [ -99.124058049730749, 19.267151686897119 ], [ -99.12415782159556, 19.267199790337397 ], [ -99.126637545437859, 19.268395323652854 ], [ -99.127563101588137, 19.26859264691387 ] ] ] ] } },
{ "type": "Feature", "properties": { "id": 1334.0, "entidad": 9, "distrito_f": 5, "distrito_l": 19, "municipio": 13, "seccion": 4190, "tipo": 2, "control": 36548.0, "SECCION_TX": "4190", "SECCION__1": null, "SECCION__2": null, "SECCION_N": "4190", "ESTATUS": null, "ALCALDIA_N": "XOCHIMILCO", "EN_OPERATI": null, "EN_OP": "NO", "SEC_N": "4190", "EST": null, "ALC_N": "XOCHIMILCO", "OP": "NO", "NOMBRE": "TIERRA NUEVA" }, "geometry": { "type": "MultiPolygon", "coordinates": [ [ [ [ -99.111943622071095, 19.263618485127711 ], [ -99.112082091996101, 19.263040202534167 ], [ -99.112187959476003, 19.26259807253264 ], [ -99.112270511413669, 19.262210834664149 ], [ -99.112591236074593, 19.261351547151296 ], [ -99.112669969999928, 19.26153983928625 ], [ -99.113464639753744, 19.262890253748132 ], [ -99.114345135216965, 19.264386485058136 ], [ -99.114427991424819, 19.264533164563506 ], [ -99.11526702290584, 19.266018476453173 ], [ -99.115383649270456, 19.266017996939762 ], [ -99.115500275633934, 19.266017517351873 ], [ -99.115711189426463, 19.266049648331272 ], [ -99.117793876640292, 19.266472330161331 ], [ -99.119874683311465, 19.266935406547159 ], [ -99.119850493109269, 19.266998751942499 ], [ -99.119817822123309, 19.267085587875098 ], [ -99.11966051924901, 19.267575709010696 ], [ -99.119551952840638, 19.267946277185853 ], [ -99.119323789780637, 19.268650507943189 ], [ -99.117871440467951, 19.268219477729822 ], [ -99.116579323617046, 19.267856846180745 ], [ -99.116469516398283, 19.267845178175797 ], [ -99.116407365763948, 19.26784006415512 ], [ -99.116351798737526, 19.26783266954002 ], [ -99.116298403433063, 19.267840678263422 ], [ -99.115525509734894, 19.267611798538635 ], [ -99.115543459836573, 19.267324493581036 ], [ -99.114569194314925, 19.267121128161957 ], [ -99.114012505142156, 19.267052525652751 ], [ -99.113900698843111, 19.267236463262503 ], [ -99.113576936156846, 19.267144730692518 ], [ -99.113387451940852, 19.267161314521523 ], [ -99.112929525741933, 19.267201391809952 ], [ -99.112256369995166, 19.267245896702097 ], [ -99.112248684904287, 19.266885550161792 ], [ -99.11231354617064, 19.266619763694372 ], [ -99.112311195509804, 19.266408298527963 ], [ -99.112690761384314, 19.266463029341931 ], [ -99.112821913170094, 19.265619134871788 ], [ -99.112175636055156, 19.265461378631571 ], [ -99.111548380934877, 19.265307520092868 ], [ -99.111556870932489, 19.265260190995079 ], [ -99.111569895972053, 19.265187731093125 ], [ -99.111678492742129, 19.264589049933086 ], [ -99.111749635045001, 19.264328618886662 ], [ -99.111821077634588, 19.264067087724879 ], [ -99.111904490023434, 19.263761737422566 ], [ -99.111943622071095, 19.263618485127711 ] ] ] ] } },
{ "type": "Feature", "properties": { "id": 1335.0, "entidad": 9, "distrito_f": 5, "distrito_l": 19, "municipio": 13, "seccion": 4191, "tipo": 2, "control": 36534.0, "SECCION_TX": "4191", "SECCION__1": null, "SECCION__2": null, "SECCION_N": "4191", "ESTATUS": "COMPLETA", "ALCALDIA_N": "XOCHIMILCO", "EN_OPERATI": null, "EN_OP": "SI", "SEC_N": "4191", "EST": "COMPLETA", "ALC_N": "XOCHIMILCO", "OP": "SI", "NOMBRE": "TIERRA NUEVA" }, "geometry": { "type": "MultiPolygon", "coordinates": [ [ [ [ -99.124058049730749, 19.267151686897119 ], [ -99.123990012525553, 19.267211290850955 ], [ -99.123807462412287, 19.267371213432423 ], [ -99.122902433639908, 19.267113476658469 ], [ -99.121753428718222, 19.266868260811204 ], [ -99.121765227791258, 19.266780372281548 ], [ -99.120100248914, 19.266230183837532 ], [ -99.120066181342509, 19.266355100052866 ], [ -99.119874683311465, 19.266935406547159 ], [ -99.117793876640292, 19.266472330161331 ], [ -99.115711189426463, 19.266049648331272 ], [ -99.115500275633934, 19.266017517351873 ], [ -99.115383649270456, 19.266017996939762 ], [ -99.11526702290584, 19.266018476453173 ], [ -99.114427991424819, 19.264533164563506 ], [ -99.114345135216965, 19.264386485058136 ], [ -99.113464639753744, 19.262890253748132 ], [ -99.112669969999928, 19.26153983928625 ], [ -99.112854101245986, 19.261506779344074 ], [ -99.11608708584545, 19.26311453745117 ], [ -99.117077253686134, 19.263605981417975 ], [ -99.118067427404696, 19.264097419965875 ], [ -99.11904800388227, 19.264584087038951 ], [ -99.121946256389649, 19.26606943995127 ], [ -99.124058049730749, 19.267151686897119 ] ] ] ] } },
{ "type": "Feature", "properties": { "id": 1314.0, "entidad": 9, "distrito_f": 5, "distrito_l": 19, "municipio": 13, "seccion": 4194, "tipo": 2, "control": 37256.0, "SECCION_TX": "4194", "SECCION__1": null, "SECCION__2": null, "SECCION_N": "4194", "ESTATUS": null, "ALCALDIA_N": "XOCHIMILCO", "EN_OPERATI": null, "EN_OP": "NO", "SEC_N": "4194", "EST": null, "ALC_N": "XOCHIMILCO", "OP": "NO", "NOMBRE": "TIERRA NUEVA" }, "geometry": { "type": "MultiPolygon", "coordinates": [ [ [ [ -99.127563101588137, 19.26859264691387 ], [ -99.126637545437859, 19.268395323652854 ], [ -99.12415782159556, 19.267199790337397 ], [ -99.124681842075461, 19.26634450580778 ], [ -99.124018277965988, 19.266087774280205 ], [ -99.124661721445378, 19.266021271443375 ], [ -99.124972185315443, 19.26603218515265 ], [ -99.125056772376041, 19.266035158542561 ], [ -99.126515424784387, 19.266338527407267 ], [ -99.126581117364523, 19.266479869699509 ], [ -99.126663231269802, 19.266596472943004 ], [ -99.127563101588137, 19.26859264691387 ] ] ] ] } },
{ "type": "Feature", "properties": { "id": 1240.0, "entidad": 9, "distrito_f": 5, "distrito_l": 19, "municipio": 13, "seccion": 4205, "tipo": 2, "control": 36171.0, "SECCION_TX": "4205", "SECCION__1": null, "SECCION__2": null, "SECCION_N": "4205", "ESTATUS": null, "ALCALDIA_N": "XOCHIMILCO", "EN_OPERATI": null, "EN_OP": "NO", "SEC_N": "4205", "EST": null, "ALC_N": "XOCHIMILCO", "OP": "NO", "NOMBRE": "TIERRA NUEVA" }, "geometry": { "type": "MultiPolygon", "coordinates": [ [ [ [ -99.11904800388227, 19.264584087038951 ], [ -99.118067427404696, 19.264097419965875 ], [ -99.117077253686134, 19.263605981417975 ], [ -99.11608708584545, 19.26311453745117 ], [ -99.116411549440571, 19.262520993710414 ], [ -99.116721758274295, 19.261953521772231 ], [ -99.117117657703773, 19.261063894997854 ], [ -99.11749953578466, 19.260165742946263 ], [ -99.117959700674831, 19.260344787823019 ], [ -99.118419866558185, 19.260523831533195 ], [ -99.118868027178095, 19.26069820268085 ], [ -99.118199862922211, 19.262372976108981 ], [ -99.11809744586138, 19.262629684271513 ], [ -99.118679802616413, 19.262925765125026 ], [ -99.118380696043189, 19.263486825143634 ], [ -99.119265618766846, 19.263948292776487 ], [ -99.119309106275921, 19.263970970372831 ], [ -99.11904800388227, 19.264584087038951 ] ] ] ] } },
{ "type": "Feature", "properties": { "id": 5336.0, "entidad": 9, "distrito_f": 21, "distrito_l": 25, "municipio": 13, "seccion": 4217, "tipo": 2, "control": 37056.0, "SECCION_TX": "4217", "SECCION__1": null, "SECCION__2": null, "SECCION_N": "4217", "ESTATUS": null, "ALCALDIA_N": "XOCHIMILCO", "EN_OPERATI": null, "EN_OP": "NO", "SEC_N": "4217", "EST": null, "ALC_N": "XOCHIMILCO", "OP": "NO", "NOMBRE": "SAN JERONIMO" }, "geometry": { "type": "MultiPolygon", "coordinates": [ [ [ [ -99.09457414347446, 19.250021442188995 ], [ -99.09439373281559, 19.250486660331859 ], [ -99.094344925829247, 19.25071158707788 ], [ -99.093863605456633, 19.252929716089383 ], [ -99.093479844721244, 19.252856906876822 ], [ -99.093261103821504, 19.252815405752091 ], [ -99.092789779874508, 19.252725981761536 ], [ -99.092759854435712, 19.252768853159974 ], [ -99.092650071186625, 19.252926129197053 ], [ -99.092604326885493, 19.253098408002892 ], [ -99.0923172210057, 19.252973157928302 ], [ -99.092090894905596, 19.252874422607523 ], [ -99.091634508267248, 19.252675321591994 ], [ -99.091999679022692, 19.25127048303516 ], [ -99.092174414493485, 19.250598254207105 ], [ -99.092659214377761, 19.248733139945653 ], [ -99.092671533463232, 19.248685745593921 ], [ -99.092766283085027, 19.248076067600962 ], [ -99.09268968049453, 19.248064808284308 ], [ -99.092370589233681, 19.248017906773157 ], [ -99.092117269189259, 19.247980672204278 ], [ -99.091869632940217, 19.24794427271981 ], [ -99.091551875721365, 19.247897565799789 ], [ -99.091605300767824, 19.247337501978819 ], [ -99.091663721097888, 19.246725067451251 ], [ -99.091680223572922, 19.246552067178104 ], [ -99.091733379613046, 19.245994814422879 ], [ -99.091210393430018, 19.246017654706225 ], [ -99.091207418496978, 19.245243469818433 ], [ -99.09120598486696, 19.244870383427489 ], [ -99.091204840636294, 19.244572608080787 ], [ -99.09201503845631, 19.24456835495025 ], [ -99.092049458131228, 19.244568174184867 ], [ -99.092631184501187, 19.244565118092936 ], [ -99.093503617133123, 19.244535321906682 ], [ -99.093515517427534, 19.244560152614021 ], [ -99.094078919537239, 19.24455083232672 ], [ -99.094452316447686, 19.244544603371853 ], [ -99.09463756708422, 19.244541512763863 ], [ -99.095498187397752, 19.244640412888558 ], [ -99.095569397440556, 19.244650520090456 ], [ -99.095856984668131, 19.24469133850695 ], [ -99.096163871739307, 19.244734895707072 ], [ -99.096639358371078, 19.244797866171893 ], [ -99.096335615911698, 19.245732792519046 ], [ -99.096078916233765, 19.245809695694337 ], [ -99.095853466312235, 19.24633857908124 ], [ -99.09558986403745, 19.246956959483935 ], [ -99.095565547860531, 19.246967239125837 ], [ -99.095418741623789, 19.247029301234445 ], [ -99.095133385750032, 19.247171894198473 ], [ -99.094882255995515, 19.246870280380161 ], [ -99.094732641241848, 19.246680182970948 ], [ -99.09458655734332, 19.246792654877819 ], [ -99.094516369731423, 19.247133817760965 ], [ -99.095844893705845, 19.248094802099192 ], [ -99.095714103120258, 19.248027133890073 ], [ -99.095485839643473, 19.247952742805193 ], [ -99.095257590702957, 19.247903188203711 ], [ -99.095072198192511, 19.247966505499125 ], [ -99.09499622610717, 19.248142660278756 ], [ -99.094874090143279, 19.248686318596512 ], [ -99.09457414347446, 19.250021442188995 ] ] ] ] } },
{ "type": "Feature", "properties": { "id": 5354.0, "entidad": 9, "distrito_f": 21, "distrito_l": 25, "municipio": 13, "seccion": 4226, "tipo": 2, "control": 37191.0, "SECCION_TX": "4226", "SECCION__1": null, "SECCION__2": null, "SECCION_N": "4226", "ESTATUS": null, "ALCALDIA_N": "XOCHIMILCO", "EN_OPERATI": null, "EN_OP": "NO", "SEC_N": "4226", "EST": null, "ALC_N": "XOCHIMILCO", "OP": "NO", "NOMBRE": "SAN JERONIMO" }, "geometry": { "type": "MultiPolygon", "coordinates": [ [ [ [ -99.090053003061215, 19.242295409020052 ], [ -99.090065745032433, 19.242379777925837 ], [ -99.090287913470206, 19.242553372643307 ], [ -99.090340507752359, 19.242622404957967 ], [ -99.090369540895452, 19.24266051220707 ], [ -99.090306750199815, 19.243078962753994 ], [ -99.089820446761394, 19.242910936908444 ], [ -99.089538668106968, 19.243623262000025 ], [ -99.088984731751523, 19.243521791136576 ], [ -99.088839985414751, 19.244376945601182 ], [ -99.088822274070608, 19.244481582765562 ], [ -99.088750337778762, 19.244906575085754 ], [ -99.089539420343257, 19.245010413227739 ], [ -99.089534382482796, 19.24524313331932 ], [ -99.089667846481447, 19.245243357358103 ], [ -99.090016871707476, 19.245243942787631 ], [ -99.09039128138059, 19.245248217286814 ], [ -99.090391603272309, 19.245836159413503 ], [ -99.090298526201451, 19.24601318093195 ], [ -99.091210393430018, 19.246017654706225 ], [ -99.090820275899645, 19.246261434895796 ], [ -99.090266577593667, 19.246572080701522 ], [ -99.08981274809662, 19.24687414002501 ], [ -99.089617350280975, 19.247004191993739 ], [ -99.089569781263734, 19.247035852696122 ], [ -99.089175881782481, 19.247361696416181 ], [ -99.088946012265026, 19.247338135854243 ], [ -99.088865211300046, 19.247349139168055 ], [ -99.088560318251751, 19.247390658559432 ], [ -99.088538946230827, 19.247393568915221 ], [ -99.088217682294044, 19.247359530552657 ], [ -99.087874213219948, 19.247230812569107 ], [ -99.087601072836534, 19.247044903443765 ], [ -99.087491904019785, 19.246970599005387 ], [ -99.087284117778793, 19.246810251745853 ], [ -99.087062408917205, 19.246505246006411 ], [ -99.086918239606092, 19.246194942635796 ], [ -99.086868207435188, 19.245845140425001 ], [ -99.086859629673256, 19.245768689870665 ], [ -99.086859342684676, 19.245442001371966 ], [ -99.08657693365933, 19.244903641562786 ], [ -99.085972750923844, 19.243817304849863 ], [ -99.085727056308471, 19.24337553464602 ], [ -99.085623399099305, 19.243189153404884 ], [ -99.085470253284953, 19.242993832947811 ], [ -99.085709196616804, 19.242119861490373 ], [ -99.085795695902604, 19.241897074796022 ], [ -99.08597096260533, 19.241743017190256 ], [ -99.086249915806519, 19.241524933609032 ], [ -99.086448739879359, 19.241414847539424 ], [ -99.086482423707125, 19.24135181650685 ], [ -99.086521188675832, 19.241335138045141 ], [ -99.086723492528435, 19.241363290207545 ], [ -99.086741633606664, 19.241453780424514 ], [ -99.086997015448674, 19.241481892589128 ], [ -99.087283530569266, 19.241543101308949 ], [ -99.087149178171401, 19.241093782896197 ], [ -99.087137532811667, 19.241054836878192 ], [ -99.086963182554825, 19.240537747149293 ], [ -99.087036057220573, 19.240547325390175 ], [ -99.087622996253799, 19.240900934432876 ], [ -99.087845979233705, 19.241035272529192 ], [ -99.088145626981301, 19.241169708720729 ], [ -99.088185326817182, 19.24117952500777 ], [ -99.088282991743682, 19.24120367385558 ], [ -99.088518136185854, 19.2412618159521 ], [ -99.088704370381549, 19.241307864198649 ], [ -99.088939306044196, 19.241553839758652 ], [ -99.088911046362838, 19.241699969157469 ], [ -99.089405120713195, 19.242026566183192 ], [ -99.089595422244059, 19.242080305222654 ], [ -99.089826205305513, 19.242130179053778 ], [ -99.089955775540361, 19.242172412062764 ], [ -99.090053003061215, 19.242295409020052 ] ] ] ] } },
{ "type": "Feature", "properties": { "id": 1353.0, "entidad": 9, "distrito_f": 5, "distrito_l": 19, "municipio": 13, "seccion": 4232, "tipo": 2, "control": 36998.0, "SECCION_TX": "4232", "SECCION__1": null, "SECCION__2": null, "SECCION_N": "4232", "ESTATUS": null, "ALCALDIA_N": "XOCHIMILCO", "EN_OPERATI": null, "EN_OP": "NO", "SEC_N": "4232", "EST": null, "ALC_N": "XOCHIMILCO", "OP": "NO", "NOMBRE": "REDENCION" }, "geometry": { "type": "MultiPolygon", "coordinates": [ [ [ [ -99.110773039943027, 19.249699902292289 ], [ -99.114917857348104, 19.248799482802877 ], [ -99.115068402545404, 19.249482847428848 ], [ -99.11518206256649, 19.249998776529903 ], [ -99.115397698299418, 19.250977587693544 ], [ -99.115646302573069, 19.252115894406579 ], [ -99.115739373993094, 19.252478242461301 ], [ -99.115802329412432, 19.252723341176985 ], [ -99.116127480277541, 19.253327589025719 ], [ -99.114321096566087, 19.254689172781351 ], [ -99.11380960560075, 19.255074707999341 ], [ -99.113439617967714, 19.255353583366006 ], [ -99.113353199271543, 19.255418720557362 ], [ -99.112889313496822, 19.25576836804489 ], [ -99.112436076168024, 19.256099157903751 ], [ -99.110837882016469, 19.25726356996115 ], [ -99.110712727608529, 19.257386302168694 ], [ -99.110664661478552, 19.257541875524375 ], [ -99.11060207049141, 19.25758766169421 ], [ -99.110380281052755, 19.257281281947709 ], [ -99.110319197876251, 19.257322774587962 ], [ -99.110279169020288, 19.25734996540632 ], [ -99.109844336728116, 19.257063020187552 ], [ -99.10942817675047, 19.25688958797981 ], [ -99.108553786506647, 19.256584094182859 ], [ -99.107310370820514, 19.256217097659793 ], [ -99.106390963831302, 19.25594572642089 ], [ -99.105404381348777, 19.255654521580908 ], [ -99.105371564084109, 19.255530155389732 ], [ -99.105337960250736, 19.25540236209649 ], [ -99.105306706824479, 19.255283712048598 ], [ -99.105412984129856, 19.254776156309649 ], [ -99.105494128142709, 19.254388629206137 ], [ -99.106009316749692, 19.25206266317975 ], [ -99.106112454310761, 19.251597011196143 ], [ -99.106406006017252, 19.250229000120711 ], [ -99.106642510377682, 19.249866209665569 ], [ -99.106839658775158, 19.249838005485579 ], [ -99.110034387029984, 19.250781781152593 ], [ -99.110773039943027, 19.249699902292289 ] ] ] ] } },
{ "type": "Feature", "properties": { "id": 1354.0, "entidad": 9, "distrito_f": 5, "distrito_l": 19, "municipio": 13, "seccion": 4233, "tipo": 2, "control": 36161.0, "SECCION_TX": "4233", "SECCION__1": null, "SECCION__2": null, "SECCION_N": "4233", "ESTATUS": null, "ALCALDIA_N": "XOCHIMILCO", "EN_OPERATI": null, "EN_OP": "NO", "SEC_N": "4233", "EST": null, "ALC_N": "XOCHIMILCO", "OP": "NO", "NOMBRE": "REDENCION" }, "geometry": { "type": "MultiPolygon", "coordinates": [ [ [ [ -99.119085448642238, 19.255871721548331 ], [ -99.118804190539009, 19.256225020934604 ], [ -99.118501299525306, 19.256605492091374 ], [ -99.118213613273568, 19.256966861962628 ], [ -99.116381913510978, 19.255601925656794 ], [ -99.116061608188417, 19.256002748182755 ], [ -99.116293728344701, 19.256166854568853 ], [ -99.115889149050744, 19.256699934599876 ], [ -99.115876530787688, 19.256752023062955 ], [ -99.115682769939383, 19.256818060020287 ], [ -99.11529401382704, 19.256950553866226 ], [ -99.115125606849588, 19.257007949138075 ], [ -99.114628214643304, 19.257177465684148 ], [ -99.112889313496822, 19.25576836804489 ], [ -99.113353199271543, 19.255418720557362 ], [ -99.113439617967714, 19.255353583366006 ], [ -99.11380960560075, 19.255074707999341 ], [ -99.114321096566087, 19.254689172781351 ], [ -99.116127480277541, 19.253327589025719 ], [ -99.117236246913123, 19.254486182725678 ], [ -99.119085448642238, 19.255871721548331 ] ] ] ] } },
{ "type": "Feature", "properties": { "id": 5567.0, "entidad": 9, "distrito_f": 21, "distrito_l": 25, "municipio": 13, "seccion": 4266, "tipo": 3, "control": 37239.0, "SECCION_TX": "4266", "SECCION__1": null, "SECCION__2": null, "SECCION_N": "4266", "ESTATUS": null, "ALCALDIA_N": "XOCHIMILCO", "EN_OPERATI": null, "EN_OP": "NO", "SEC_N": "4266", "EST": null, "ALC_N": "XOCHIMILCO", "OP": "NO", "NOMBRE": "LA MORA" }, "geometry": { "type": "MultiPolygon", "coordinates": [ [ [ [ -99.111244352252115, 19.192547648807253 ], [ -99.111288067635272, 19.192703002529186 ], [ -99.111468036214021, 19.192811659131387 ], [ -99.111500803772017, 19.192899687779548 ], [ -99.11144223454049, 19.192948926562217 ], [ -99.111030599580175, 19.192866307774477 ], [ -99.110894221426648, 19.192726548432223 ], [ -99.110648475192704, 19.192076691216705 ], [ -99.110348670776887, 19.192037921509865 ], [ -99.110208337492494, 19.191738438242705 ], [ -99.110172957143803, 19.191216989894681 ], [ -99.109192009958264, 19.191195386187609 ], [ -99.108740312479028, 19.19101431763783 ], [ -99.108596880637919, 19.190681036774489 ], [ -99.107965080789796, 19.192312907326144 ], [ -99.107899904204444, 19.192993953043437 ], [ -99.107530411815631, 19.193291867548222 ], [ -99.107512822476039, 19.192765943155276 ], [ -99.107582165636487, 19.192501719783419 ], [ -99.10744941921908, 19.191471484905687 ], [ -99.107350446791514, 19.188922178920663 ], [ -99.107513558727547, 19.188064382469868 ], [ -99.107577755634509, 19.185712223892349 ], [ -99.107798998765944, 19.183876022602938 ], [ -99.107811637469069, 19.18193427014937 ], [ -99.106991207459885, 19.180859047689282 ], [ -99.106923074518832, 19.180983905301844 ], [ -99.106863228079987, 19.180919895833192 ], [ -99.100596832676587, 19.172054390837509 ], [ -99.113907804962764, 19.159212524436185 ], [ -99.130496153964842, 19.143204639916512 ], [ -99.129394003028011, 19.154634826669795 ], [ -99.125319061866719, 19.156990869646453 ], [ -99.124011798857296, 19.161838339254821 ], [ -99.124887905987691, 19.164745675902431 ], [ -99.124015319138977, 19.166546461333819 ], [ -99.124819006399207, 19.167937568257575 ], [ -99.125256043009514, 19.170007460596501 ], [ -99.125038359803895, 19.171046115894057 ], [ -99.124093249594651, 19.173331634642974 ], [ -99.123002033510645, 19.174994015632063 ], [ -99.123221638848477, 19.176517059297925 ], [ -99.121475120303813, 19.178526098471497 ], [ -99.120457054634926, 19.180673099574772 ], [ -99.121768999397219, 19.181987740852744 ], [ -99.123517976360461, 19.183232851163854 ], [ -99.124402441174439, 19.184638176991346 ], [ -99.124538916877597, 19.184686127465035 ], [ -99.122851182702234, 19.189283670552612 ], [ -99.122756138464723, 19.189357968301263 ], [ -99.122967907037264, 19.189978324017954 ], [ -99.122950963422326, 19.190288358361073 ], [ -99.122745362933884, 19.190810632816063 ], [ -99.122702609635439, 19.191055416386043 ], [ -99.122848956806749, 19.191552986864551 ], [ -99.122823528711223, 19.192001721293753 ], [ -99.12294408576615, 19.192458516416615 ], [ -99.123260192158213, 19.19269546717474 ], [ -99.124192146119768, 19.193997923775925 ], [ -99.12432799155323, 19.194317720911585 ], [ -99.124680382498639, 19.194741723485489 ], [ -99.125230397020474, 19.195320601933584 ], [ -99.125191936778705, 19.195561303772671 ], [ -99.126631036815709, 19.196314309689473 ], [ -99.127184191327387, 19.195727189469594 ], [ -99.127888602215123, 19.195938813333637 ], [ -99.128817542070024, 19.196303442949045 ], [ -99.129947004396982, 19.196703429017482 ], [ -99.129272508047265, 19.197679445094391 ], [ -99.129199740755823, 19.197977517475234 ], [ -99.126648622098017, 19.19720424730826 ], [ -99.126575530597364, 19.197073761884305 ], [ -99.12596144277245, 19.19694364876645 ], [ -99.125493332772507, 19.196805275270844 ], [ -99.125304064861794, 19.196745479665662 ], [ -99.125235653910806, 19.196723866464911 ], [ -99.124888018637236, 19.196919907340916 ], [ -99.124746359843385, 19.19696079620989 ], [ -99.124561694143964, 19.196907891510381 ], [ -99.12437114842767, 19.196806683399245 ], [ -99.123868983231773, 19.196729768717962 ], [ -99.123815302574272, 19.197842544344503 ], [ -99.123338596443062, 19.197819966818173 ], [ -99.123051006239507, 19.197806345506958 ], [ -99.122892117132011, 19.197773818069606 ], [ -99.122209361377116, 19.197684530861597 ], [ -99.121398663397883, 19.197609640774793 ], [ -99.121376337908103, 19.197607578354745 ], [ -99.120706574587444, 19.197669209075858 ], [ -99.120534701182692, 19.197493914499134 ], [ -99.120491868721203, 19.197636716282435 ], [ -99.120058095555649, 19.197477910116341 ], [ -99.120111588058407, 19.197630791818554 ], [ -99.120342065733553, 19.198289494103349 ], [ -99.12022576495707, 19.198324280701613 ], [ -99.118817841679501, 19.198830030541234 ], [ -99.118640195636374, 19.198894897842049 ], [ -99.118496262673759, 19.198947454676816 ], [ -99.116027973712065, 19.199768961444111 ], [ -99.115233829940436, 19.200042771678529 ], [ -99.115015662669038, 19.200092171041447 ], [ -99.11458550876543, 19.200083970379275 ], [ -99.114202826649688, 19.200039315482204 ], [ -99.113292905042201, 19.199795146975401 ], [ -99.113525104067705, 19.199553878398831 ], [ -99.113625176501174, 19.198414365678264 ], [ -99.113499510399265, 19.198244987831593 ], [ -99.113295905344771, 19.198204395575342 ], [ -99.113263538706505, 19.197878670359788 ], [ -99.113027714017576, 19.197726122778217 ], [ -99.113048927628242, 19.197410544015078 ], [ -99.1127165968376, 19.197146080555324 ], [ -99.11267349627586, 19.196789823170633 ], [ -99.112898118860301, 19.196229810364482 ], [ -99.113101359768578, 19.195741067224549 ], [ -99.11329388508868, 19.19525233045789 ], [ -99.1132828851281, 19.194834976068503 ], [ -99.113143403566198, 19.194550034998322 ], [ -99.113357411786694, 19.194142721192648 ], [ -99.113228596263355, 19.193786516774971 ], [ -99.1130890114013, 19.193348882546669 ], [ -99.112810176789665, 19.192962231593711 ], [ -99.112852700770446, 19.192473587337066 ], [ -99.113002443207009, 19.192258815161761 ], [ -99.113050467342532, 19.192088306728184 ], [ -99.112899532343747, 19.192163244053145 ], [ -99.112181707083963, 19.19213273177991 ], [ -99.111641998425839, 19.192096806573264 ], [ -99.111462145558662, 19.192159067039583 ], [ -99.1113041258415, 19.192262749537278 ], [ -99.111244352252115, 19.192547648807253 ] ] ] ] } },
{ "type": "Feature", "properties": { "id": 1386.0, "entidad": 9, "distrito_f": 5, "distrito_l": 19, "municipio": 13, "seccion": 5618, "tipo": 2, "control": 27353.0, "SECCION_TX": "5618", "SECCION__1": null, "SECCION__2": null, "SECCION_N": "5618", "ESTATUS": "COMPLETA", "ALCALDIA_N": "XOCHIMILCO", "EN_OPERATI": null, "EN_OP": "SI", "SEC_N": "5618", "EST": "COMPLETA", "ALC_N": "XOCHIMILCO", "OP": "SI", "NOMBRE": "AZTLAN LOS APACHES" }, "geometry": { "type": "MultiPolygon", "coordinates": [ [ [ [ -99.101315230552729, 19.294957912119681 ], [ -99.101435294301098, 19.294687598635416 ], [ -99.101453326399039, 19.294393599962184 ], [ -99.101653367485426, 19.293900625371553 ], [ -99.1017623097853, 19.293355820963907 ], [ -99.101543443305133, 19.29285443264104 ], [ -99.101624708291354, 19.291730312893275 ], [ -99.101815191148972, 19.288220297209421 ], [ -99.101912829803268, 19.286421059964113 ], [ -99.101942209218663, 19.286131146505205 ], [ -99.102546370246543, 19.280169115598159 ], [ -99.102433944738593, 19.277672450395244 ], [ -99.102417104632309, 19.277298470419701 ], [ -99.102224303658289, 19.274747789298182 ], [ -99.102816155047037, 19.274320702903594 ], [ -99.103949772574055, 19.272810961180813 ], [ -99.104064513776336, 19.272670602301691 ], [ -99.104085396229209, 19.272645057497634 ], [ -99.10414863298432, 19.272567702033598 ], [ -99.104174567493601, 19.272526694907356 ], [ -99.104869210905278, 19.271428329683182 ], [ -99.104965410967722, 19.271150077506277 ], [ -99.105065440691263, 19.270873175740409 ], [ -99.105340475673458, 19.270384592425188 ], [ -99.105497403339001, 19.270105818258465 ], [ -99.10570684624669, 19.269739318336377 ], [ -99.105854161812559, 19.269594364088665 ], [ -99.106243375648049, 19.269211342912051 ], [ -99.106322315000654, 19.269133712431966 ], [ -99.106374996876198, 19.269081874476512 ], [ -99.106427678718632, 19.269030036505754 ], [ -99.106712467525298, 19.268456407752133 ], [ -99.107019139622281, 19.268065390013906 ], [ -99.107081191584939, 19.267986271284308 ], [ -99.107255318376744, 19.26779190963358 ], [ -99.10737518961399, 19.267658108082312 ], [ -99.10742528316014, 19.26760219304478 ], [ -99.107466713458891, 19.267555947992388 ], [ -99.10753750612129, 19.267346909867261 ], [ -99.107605197818557, 19.267147027818396 ], [ -99.107661727570203, 19.266980104702601 ], [ -99.107736391890512, 19.266759632625227 ], [ -99.10783124177253, 19.266307378124349 ], [ -99.107860780451276, 19.266166533993243 ], [ -99.107906490316068, 19.26594858313419 ], [ -99.108400712401419, 19.266101111262156 ], [ -99.108583322946231, 19.266217145024253 ], [ -99.108725133844175, 19.266307253775487 ], [ -99.109472135897605, 19.266669966390232 ], [ -99.109967029038273, 19.266864742600355 ], [ -99.110361040115663, 19.267005613811076 ], [ -99.110291945419476, 19.267205780093636 ], [ -99.109793245408483, 19.267086470956489 ], [ -99.109681323421285, 19.267345932282389 ], [ -99.109128375508348, 19.267165890602616 ], [ -99.108999635878376, 19.267629341636287 ], [ -99.109279648814336, 19.267683485774949 ], [ -99.109333022546053, 19.268191838204594 ], [ -99.109333185131234, 19.268374070700389 ], [ -99.109239536121564, 19.268609093396822 ], [ -99.10920487035547, 19.268609188956862 ], [ -99.109037092526322, 19.268995268620507 ], [ -99.108906492738882, 19.26898954892177 ], [ -99.108857438697697, 19.268999483644834 ], [ -99.109065276675565, 19.269475544815887 ], [ -99.109135061764974, 19.269879316326847 ], [ -99.108963811442351, 19.270280178889763 ], [ -99.108732297726419, 19.27073753351106 ], [ -99.109025638049488, 19.271525997776269 ], [ -99.109056837615739, 19.271698225510338 ], [ -99.109159265977013, 19.271692878325592 ], [ -99.109237313349894, 19.271715119217916 ], [ -99.109311562694813, 19.271742777632166 ], [ -99.109563598096457, 19.271905624265859 ], [ -99.109359171825673, 19.272089200584357 ], [ -99.109314587381093, 19.27212923766378 ], [ -99.109342407750006, 19.272334282403666 ], [ -99.109325966231296, 19.272589304457124 ], [ -99.109403625721228, 19.272804835331069 ], [ -99.109580886732459, 19.272925662781802 ], [ -99.10933759450657, 19.273425316895224 ], [ -99.109276664038973, 19.273388547446132 ], [ -99.109215733598475, 19.273351777976359 ], [ -99.10899419102833, 19.273252008520377 ], [ -99.108833565108085, 19.273167976486572 ], [ -99.108562211659461, 19.273099784054001 ], [ -99.108423837462212, 19.273173477951261 ], [ -99.108268918026951, 19.273347083231862 ], [ -99.108246905031834, 19.27355215762498 ], [ -99.108274403968124, 19.273728257681341 ], [ -99.108369232318282, 19.274335524641526 ], [ -99.108456425444913, 19.275329095349207 ], [ -99.108475397541241, 19.275545281825444 ], [ -99.108499460643969, 19.27581947931742 ], [ -99.108553333218893, 19.276433350356903 ], [ -99.108930829207921, 19.276581306346785 ], [ -99.110423329415823, 19.277166267437181 ], [ -99.111197059775137, 19.277469511961751 ], [ -99.11221557546402, 19.277868687333452 ], [ -99.112609052636273, 19.278022896359328 ], [ -99.112779378544474, 19.278089649032911 ], [ -99.113056624882006, 19.278198304589708 ], [ -99.113169368450542, 19.278242489737245 ], [ -99.112625465, 19.27853472 ], [ -99.112415082, 19.278647755000033 ], [ -99.112181778, 19.278772972000038 ], [ -99.11175392600002, 19.279002981000019 ], [ -99.111401585, 19.27919138200004 ], [ -99.111078881, 19.279365666000022 ], [ -99.110289645, 19.279789697000034 ], [ -99.110036519, 19.279925691999967 ], [ -99.109630798, 19.280143670000022 ], [ -99.109584865, 19.280168775999972 ], [ -99.109388709, 19.280275992000025 ], [ -99.109302984, 19.280322848 ], [ -99.108885255, 19.280551171999974 ], [ -99.10886256, 19.280563575999988 ], [ -99.108483739, 19.280770632000024 ], [ -99.108238437000011, 19.280903692 ], [ -99.108199069, 19.280924629999969 ], [ -99.107708047, 19.281185772999979 ], [ -99.107472388, 19.281311105000018 ], [ -99.10731158, 19.281386102999985 ], [ -99.107103398, 19.281487139000035 ], [ -99.106813713, 19.281646356 ], [ -99.106517271, 19.281822278 ], [ -99.106436491, 19.281913880999976 ], [ -99.106642604, 19.281928310000019 ], [ -99.106500954, 19.282025796000035 ], [ -99.106447545, 19.282062085999971 ], [ -99.106254532, 19.282852109000046 ], [ -99.106085156, 19.282863454999973 ], [ -99.106012783, 19.282943295000017 ], [ -99.105983914, 19.283204515000019 ], [ -99.105948045, 19.283560164999962 ], [ -99.105911294, 19.283924554999949 ], [ -99.105884486, 19.284293063 ], [ -99.105962395, 19.284315705000022 ], [ -99.10588157, 19.284618839999975 ], [ -99.105955791, 19.284639515999963 ], [ -99.105950225, 19.284675301999961 ], [ -99.105935911, 19.284705520000013 ], [ -99.105903571, 19.284893724999982 ], [ -99.105881305, 19.285084579000031 ], [ -99.105857978, 19.285259 ], [ -99.105835712, 19.285478483999984 ], [ -99.105790991000021, 19.28637021 ], [ -99.105782696, 19.28653560599998 ], [ -99.105769708, 19.286716123000016 ], [ -99.105756121, 19.286879783999961 ], [ -99.10575555, 19.287053794999984 ], [ -99.105753803, 19.287200154999979 ], [ -99.105754068, 19.287340379999979 ], [ -99.105753008, 19.287469737000031 ], [ -99.10574161, 19.287603601000015 ], [ -99.105752743, 19.287729777000031 ], [ -99.105771033, 19.287744356000019 ], [ -99.106119531, 19.287765042999954 ], [ -99.106235649, 19.290137338 ], [ -99.106262495, 19.291263031999971 ], [ -99.106241807, 19.29198647900002 ], [ -99.10590077, 19.292110668000014 ], [ -99.105978218, 19.292443646000017 ], [ -99.106104794659146, 19.293028791128553 ], [ -99.105756119627912, 19.293148129807125 ], [ -99.105632922052322, 19.293190295334071 ], [ -99.104574073238695, 19.293620271471095 ], [ -99.10381921561337, 19.293926798085447 ], [ -99.102933877229447, 19.294311395455111 ], [ -99.102439979020772, 19.294513716180603 ], [ -99.101433264516288, 19.294920590356973 ], [ -99.101315230552729, 19.294957912119681 ] ] ] ] } },
{ "type": "Feature", "properties": { "id": 1387.0, "entidad": 9, "distrito_f": 5, "distrito_l": 19, "municipio": 13, "seccion": 5619, "tipo": 2, "control": 27355.0, "SECCION_TX": "5619", "SECCION__1": null, "SECCION__2": null, "SECCION_N": "5619", "ESTATUS": null, "ALCALDIA_N": "XOCHIMILCO", "EN_OPERATI": null, "EN_OP": "NO", "SEC_N": "5619", "EST": null, "ALC_N": "XOCHIMILCO", "OP": "NO", "NOMBRE": "AZTLAN LOS APACHES" }, "geometry": { "type": "MultiPolygon", "coordinates": [ [ [ [ -99.116983705, 19.276537252 ], [ -99.11742752, 19.276263838 ], [ -99.118431818, 19.275639062999964 ], [ -99.118596856, 19.275620682 ], [ -99.118783163, 19.275760727000034 ], [ -99.119090351783811, 19.275051409830127 ], [ -99.119338284957209, 19.274917780786179 ], [ -99.118915067, 19.275975705000015 ], [ -99.118540494, 19.276827317000034 ], [ -99.118256011, 19.27761177999998 ], [ -99.118163417, 19.277591018000038 ], [ -99.1180367, 19.277549457000021 ], [ -99.117822621, 19.277909692999962 ], [ -99.117712978, 19.278284151999966 ], [ -99.117656863, 19.278477314999989 ], [ -99.11744609900002, 19.279214151999955 ], [ -99.116911566, 19.280825721000014 ], [ -99.116402589, 19.282530346000044 ], [ -99.1158237, 19.284307874000021 ], [ -99.115394933, 19.285592514999966 ], [ -99.115001192577424, 19.286933720867772 ], [ -99.114405105909256, 19.288795149167179 ], [ -99.114384279534988, 19.288793983878158 ], [ -99.114359107006479, 19.28879257540752 ], [ -99.114270408669, 19.288787674619741 ], [ -99.114241385, 19.288785988999987 ], [ -99.114089148, 19.289129474 ], [ -99.113862859, 19.28967695999998 ], [ -99.113886968987288, 19.289763065502036 ], [ -99.113911079, 19.289849170999958 ], [ -99.112930601, 19.290269067000029 ], [ -99.110512440502788, 19.291309615572771 ], [ -99.110388632608036, 19.291357907823851 ], [ -99.110318398780635, 19.29138530259279 ], [ -99.107950954489482, 19.29239690860966 ], [ -99.106104794659146, 19.293028791128553 ], [ -99.105978218, 19.292443646000017 ], [ -99.10590077, 19.292110668000014 ], [ -99.106241807, 19.29198647900002 ], [ -99.106262495, 19.291263031999971 ], [ -99.106235649, 19.290137338 ], [ -99.106119531, 19.287765042999954 ], [ -99.106113651, 19.28762585900003 ], [ -99.10610779, 19.287493896000026 ], [ -99.106099666, 19.287346147000012 ], [ -99.106093321, 19.287208495000012 ], [ -99.106086411, 19.287066629000041 ], [ -99.106084238, 19.287030021000035 ], [ -99.106077399, 19.286808758 ], [ -99.106069786, 19.286565564000028 ], [ -99.106048445, 19.285883719999966 ], [ -99.106110532, 19.285669905999967 ], [ -99.106156816, 19.285538122000041 ], [ -99.106227564, 19.285430059999978 ], [ -99.106300936, 19.285322724999965 ], [ -99.106390937, 19.285188507000012 ], [ -99.106499218, 19.285106550999956 ], [ -99.106607108, 19.285025032000032 ], [ -99.106707935, 19.284948810999978 ], [ -99.107013852, 19.284784844 ], [ -99.107073091, 19.284613978999953 ], [ -99.107150443, 19.284503288 ], [ -99.107168648000012, 19.284428993999963 ], [ -99.107417844, 19.284435859 ], [ -99.107606959, 19.284351574000027 ], [ -99.10796857, 19.284190410000026 ], [ -99.10851915100001, 19.283962636000016 ], [ -99.108857392, 19.283822704 ], [ -99.109199832, 19.283681035999987 ], [ -99.109522334, 19.283547615 ], [ -99.109698319000017, 19.28346807 ], [ -99.110206075, 19.283238903000026 ], [ -99.110549433, 19.283094510999959 ], [ -99.110866885, 19.282961012 ], [ -99.111217071, 19.282813745999988 ], [ -99.111305311, 19.282777345000017 ], [ -99.112039171, 19.28247462 ], [ -99.112373606, 19.282331425999978 ], [ -99.112727657, 19.28217983100004 ], [ -99.113094956, 19.282022697000023 ], [ -99.112661108, 19.28133039899998 ], [ -99.112643101, 19.281301664000011 ], [ -99.112307345, 19.281207615999975 ], [ -99.111934937, 19.28110330100003 ], [ -99.112069637, 19.280633456999983 ], [ -99.111666133, 19.279939981 ], [ -99.111423981, 19.279541687999981 ], [ -99.111751981, 19.279361038999966 ], [ -99.112083935, 19.279175124000041 ], [ -99.112386142, 19.279013803000019 ], [ -99.112722538, 19.278833794 ], [ -99.113032693, 19.278668663000012 ], [ -99.113380395, 19.278479849999965 ], [ -99.113688524000011, 19.278312526000025 ], [ -99.114005637, 19.278140320999984 ], [ -99.114334379, 19.277961731000051 ], [ -99.11464221, 19.277794500000038 ], [ -99.115006796, 19.277596435000014 ], [ -99.115710873, 19.277216415 ], [ -99.116050822, 19.277036903999985 ], [ -99.116369324000019, 19.276868719999964 ], [ -99.116710192, 19.276688724000024 ], [ -99.116743924, 19.276683348 ], [ -99.116983705, 19.276537252 ] ] ] ] } },
{ "type": "Feature", "properties": { "id": 1388.0, "entidad": 9, "distrito_f": 5, "distrito_l": 19, "municipio": 13, "seccion": 5620, "tipo": 2, "control": 27354.0, "SECCION_TX": "5620", "SECCION__1": null, "SECCION__2": null, "SECCION_N": "5620", "ESTATUS": null, "ALCALDIA_N": "XOCHIMILCO", "EN_OPERATI": null, "EN_OP": "NO", "SEC_N": "5620", "EST": null, "ALC_N": "XOCHIMILCO", "OP": "NO", "NOMBRE": "AZTLAN LOS APACHES" }, "geometry": { "type": "MultiPolygon", "coordinates": [ [ [ [ -99.112661108, 19.28133039899998 ], [ -99.113094956, 19.282022697000023 ], [ -99.112727657, 19.28217983100004 ], [ -99.112373606, 19.282331425999978 ], [ -99.112039171, 19.28247462 ], [ -99.111305311, 19.282777345000017 ], [ -99.111217071, 19.282813745999988 ], [ -99.110866885, 19.282961012 ], [ -99.110549433, 19.283094510999959 ], [ -99.110206075, 19.283238903000026 ], [ -99.109698319000017, 19.28346807 ], [ -99.109522334, 19.283547615 ], [ -99.109199832, 19.283681035999987 ], [ -99.108857392, 19.283822704 ], [ -99.10851915100001, 19.283962636000016 ], [ -99.10796857, 19.284190410000026 ], [ -99.107606959, 19.284351574000027 ], [ -99.107417844, 19.284435859 ], [ -99.107168648000012, 19.284428993999963 ], [ -99.107150443, 19.284503288 ], [ -99.107073091, 19.284613978999953 ], [ -99.107013852, 19.284784844 ], [ -99.106707935, 19.284948810999978 ], [ -99.106607108, 19.285025032000032 ], [ -99.106499218, 19.285106550999956 ], [ -99.106390937, 19.285188507000012 ], [ -99.106300936, 19.285322724999965 ], [ -99.106227564, 19.285430059999978 ], [ -99.106156816, 19.285538122000041 ], [ -99.106110532, 19.285669905999967 ], [ -99.106048445, 19.285883719999966 ], [ -99.106069786, 19.286565564000028 ], [ -99.106077399, 19.286808758 ], [ -99.106084238, 19.287030021000035 ], [ -99.106086411, 19.287066629000041 ], [ -99.106093321, 19.287208495000012 ], [ -99.106099666, 19.287346147000012 ], [ -99.10610779, 19.287493896000026 ], [ -99.106113651, 19.28762585900003 ], [ -99.106119531, 19.287765042999954 ], [ -99.105771033, 19.287744356000019 ], [ -99.105752743, 19.287729777000031 ], [ -99.10574161, 19.287603601000015 ], [ -99.105753008, 19.287469737000031 ], [ -99.105754068, 19.287340379999979 ], [ -99.105753803, 19.287200154999979 ], [ -99.10575555, 19.287053794999984 ], [ -99.105756121, 19.286879783999961 ], [ -99.105769708, 19.286716123000016 ], [ -99.105782696, 19.28653560599998 ], [ -99.105790991000021, 19.28637021 ], [ -99.105835712, 19.285478483999984 ], [ -99.105857978, 19.285259 ], [ -99.105881305, 19.285084579000031 ], [ -99.105903571, 19.284893724999982 ], [ -99.105935911, 19.284705520000013 ], [ -99.105950225, 19.284675301999961 ], [ -99.105955791, 19.284639515999963 ], [ -99.10588157, 19.284618839999975 ], [ -99.105962395, 19.284315705000022 ], [ -99.105884486, 19.284293063 ], [ -99.105911294, 19.283924554999949 ], [ -99.105948045, 19.283560164999962 ], [ -99.105983914, 19.283204515000019 ], [ -99.106012783, 19.282943295000017 ], [ -99.106085156, 19.282863454999973 ], [ -99.106254532, 19.282852109000046 ], [ -99.106447545, 19.282062085999971 ], [ -99.106500954, 19.282025796000035 ], [ -99.106642604, 19.281928310000019 ], [ -99.106436491, 19.281913880999976 ], [ -99.106517271, 19.281822278 ], [ -99.106813713, 19.281646356 ], [ -99.107103398, 19.281487139000035 ], [ -99.10731158, 19.281386102999985 ], [ -99.107472388, 19.281311105000018 ], [ -99.107708047, 19.281185772999979 ], [ -99.108199069, 19.280924629999969 ], [ -99.108238437000011, 19.280903692 ], [ -99.108483739, 19.280770632000024 ], [ -99.10886256, 19.280563575999988 ], [ -99.108885255, 19.280551171999974 ], [ -99.109302984, 19.280322848 ], [ -99.109388709, 19.280275992000025 ], [ -99.109584865, 19.280168775999972 ], [ -99.109630798, 19.280143670000022 ], [ -99.110036519, 19.279925691999967 ], [ -99.110289645, 19.279789697000034 ], [ -99.111078881, 19.279365666000022 ], [ -99.111401585, 19.27919138200004 ], [ -99.11175392600002, 19.279002981000019 ], [ -99.112181778, 19.278772972000038 ], [ -99.112415082, 19.278647755000033 ], [ -99.112625465, 19.27853472 ], [ -99.113169368450542, 19.278242489737245 ], [ -99.11394175300002, 19.277826236 ], [ -99.115366900053971, 19.277058179563475 ], [ -99.115608481, 19.276927982 ], [ -99.115973293, 19.276731369999979 ], [ -99.1161105, 19.276657423 ], [ -99.116549443527958, 19.276420856388484 ], [ -99.118251853373863, 19.275503332912955 ], [ -99.119090351783811, 19.275051409830127 ], [ -99.118783163, 19.275760727000034 ], [ -99.118596856, 19.275620682 ], [ -99.118431818, 19.275639062999964 ], [ -99.11742752, 19.276263838 ], [ -99.116983705, 19.276537252 ], [ -99.116743924, 19.276683348 ], [ -99.116710192, 19.276688724000024 ], [ -99.116369324000019, 19.276868719999964 ], [ -99.116050822, 19.277036903999985 ], [ -99.115710873, 19.277216415 ], [ -99.115006796, 19.277596435000014 ], [ -99.11464221, 19.277794500000038 ], [ -99.114334379, 19.277961731000051 ], [ -99.114005637, 19.278140320999984 ], [ -99.113688524000011, 19.278312526000025 ], [ -99.113380395, 19.278479849999965 ], [ -99.113032693, 19.278668663000012 ], [ -99.112722538, 19.278833794 ], [ -99.112386142, 19.279013803000019 ], [ -99.112083935, 19.279175124000041 ], [ -99.111751981, 19.279361038999966 ], [ -99.111423981, 19.279541687999981 ], [ -99.111666133, 19.279939981 ], [ -99.112069637, 19.280633456999983 ], [ -99.111934937, 19.28110330100003 ], [ -99.112307345, 19.281207615999975 ], [ -99.112643101, 19.281301664000011 ], [ -99.112661108, 19.28133039899998 ] ] ] ] } },
{ "type": "Feature", "properties": { "id": 5334.0, "entidad": 9, "distrito_f": 21, "distrito_l": 25, "municipio": 13, "seccion": 4178, "tipo": 2, "control": 37084.0, "SECCION_TX": "4178", "SECCION__1": null, "SECCION__2": null, "SECCION_N": "4178", "ESTATUS": "COMPLETA", "ALCALDIA_N": "XOCHIMILCO", "EN_OPERATI": null, "EN_OP": "SI", "SEC_N": "4178", "EST": "COMPLETA", "ALC_N": "XOCHIMILCO", "OP": "SI", "NOMBRE": "SANTA CRUZ ACALPIXCA" }, "geometry": { "type": "MultiPolygon", "coordinates": [ [ [ [ -99.065768404178073, 19.255032627691147 ], [ -99.065729370561101, 19.254926955198826 ], [ -99.065380268755248, 19.25491868662667 ], [ -99.065413260454932, 19.254538861452389 ], [ -99.065371261237217, 19.254490612884446 ], [ -99.065386075715182, 19.25430147187998 ], [ -99.065422479722031, 19.25383668888389 ], [ -99.065424021664427, 19.253817002295687 ], [ -99.065403803275728, 19.253559954857266 ], [ -99.065399594426921, 19.253506445355459 ], [ -99.065386202948019, 19.253166506622033 ], [ -99.065460089501414, 19.252760150962786 ], [ -99.065485412180138, 19.252620882748825 ], [ -99.06514072340255, 19.252585332704768 ], [ -99.065114101513657, 19.252310449553747 ], [ -99.06470534932599, 19.252300102478564 ], [ -99.064634672436597, 19.252365178387898 ], [ -99.064153033587004, 19.252419906741089 ], [ -99.06378233781453, 19.252396953726088 ], [ -99.063843642322311, 19.252243747927128 ], [ -99.063940753169177, 19.251973018207757 ], [ -99.064011329247208, 19.251647738866861 ], [ -99.064024088712188, 19.251617747935267 ], [ -99.064090796572529, 19.25146095191414 ], [ -99.06392948404806, 19.251400154245683 ], [ -99.06377034297185, 19.251240730063849 ], [ -99.06350070473583, 19.251014194764696 ], [ -99.063407887642057, 19.250959668100371 ], [ -99.063307910588492, 19.250943196770695 ], [ -99.062571981469986, 19.25082748296261 ], [ -99.06266403083778, 19.250345661833993 ], [ -99.062628763417663, 19.250169882240616 ], [ -99.062311241887855, 19.250120384810732 ], [ -99.061996823438761, 19.250048389216754 ], [ -99.061979096083562, 19.249909899655922 ], [ -99.061694077363057, 19.249899503884208 ], [ -99.061685364384573, 19.250233155229186 ], [ -99.061610393662477, 19.250633978244274 ], [ -99.06161928385707, 19.250774569224099 ], [ -99.061668022219365, 19.251124988519898 ], [ -99.061683558833906, 19.251313840848397 ], [ -99.06166152954448, 19.251488016913786 ], [ -99.061646087774236, 19.251553073054023 ], [ -99.06155111632809, 19.251645435388326 ], [ -99.061412886574317, 19.251476886323253 ], [ -99.06086809204669, 19.250812592166088 ], [ -99.060755331600319, 19.250596492634674 ], [ -99.060626982164294, 19.250044651368423 ], [ -99.060430105728145, 19.249394206981393 ], [ -99.060246635072531, 19.249148752585775 ], [ -99.059937228193235, 19.248901240872417 ], [ -99.059561582632142, 19.248771261608312 ], [ -99.05930970176766, 19.248746162401371 ], [ -99.058672348167832, 19.248850604269482 ], [ -99.058753672368695, 19.248259668866829 ], [ -99.058805499257375, 19.247883070957531 ], [ -99.059532983442665, 19.247519349522555 ], [ -99.060228348856484, 19.247474220956864 ], [ -99.060878093621156, 19.247977626340642 ], [ -99.061244970898613, 19.248296463479132 ], [ -99.061603032354625, 19.248669861703178 ], [ -99.061757728069736, 19.24877053362388 ], [ -99.062257135181795, 19.248988599863786 ], [ -99.062858128414518, 19.249080724795263 ], [ -99.063406670288373, 19.249147077834809 ], [ -99.063692315092325, 19.249183437925243 ], [ -99.064621316441645, 19.249289952420185 ], [ -99.065323905058278, 19.249281309288452 ], [ -99.065770148714591, 19.249138457039368 ], [ -99.066105906237908, 19.248957872128422 ], [ -99.066355386574486, 19.248758078176856 ], [ -99.06660503513352, 19.248470858206808 ], [ -99.066816947043407, 19.248000735342679 ], [ -99.066918386799927, 19.247526455805257 ], [ -99.066922026108756, 19.246863612213325 ], [ -99.067092196312473, 19.246880562271727 ], [ -99.067154877676771, 19.246855020735271 ], [ -99.067160819481316, 19.246784133703262 ], [ -99.067113025554164, 19.246713266384017 ], [ -99.067136894262688, 19.246679232900178 ], [ -99.06722647110756, 19.246721730928972 ], [ -99.067322023261497, 19.246775568291884 ], [ -99.067357832053546, 19.246738694992828 ], [ -99.067381679884505, 19.246653624391225 ], [ -99.067441372326186, 19.246619577674426 ], [ -99.067572751781057, 19.246681907883115 ], [ -99.067790728862192, 19.246800913820987 ], [ -99.06798184653357, 19.246939777234079 ], [ -99.068325260678023, 19.247186328617691 ], [ -99.06843240186906, 19.247258013287933 ], [ -99.068740336779939, 19.247464041775604 ], [ -99.068863583014178, 19.247487801564905 ], [ -99.068916485549622, 19.247498000251312 ], [ -99.069489756461209, 19.247704767210863 ], [ -99.069901779641796, 19.247815190646527 ], [ -99.069994316701255, 19.247795307521159 ], [ -99.070188381723852, 19.247837764097081 ], [ -99.070412311120577, 19.247905727520738 ], [ -99.070510849123778, 19.247956726664629 ], [ -99.070722865385818, 19.248089908347108 ], [ -99.070872186087996, 19.248214607892297 ], [ -99.071039447164026, 19.248404514398061 ], [ -99.071061910910686, 19.248611699720318 ], [ -99.071075414182516, 19.248736241452903 ], [ -99.071087393452913, 19.24882413399121 ], [ -99.071093516810862, 19.249178555762917 ], [ -99.071039882788483, 19.249416749613889 ], [ -99.071029756184188, 19.249513260411575 ], [ -99.071275004052694, 19.249597805464898 ], [ -99.070977705837038, 19.250035496423095 ], [ -99.07099494537718, 19.250047943906807 ], [ -99.071071805335052, 19.250103439141839 ], [ -99.071095473384929, 19.25012052818197 ], [ -99.070200800090404, 19.251673394046939 ], [ -99.070011076042846, 19.251497099772063 ], [ -99.069462300993308, 19.252487965904177 ], [ -99.069261654810632, 19.252789120162941 ], [ -99.069162210260473, 19.252938378179458 ], [ -99.069012123481642, 19.253066019450568 ], [ -99.06861715642539, 19.253400139444764 ], [ -99.068079978474557, 19.253805608822589 ], [ -99.067720513626966, 19.254008376576461 ], [ -99.066744811927279, 19.254541588397913 ], [ -99.066476525714378, 19.254681351768475 ], [ -99.066045613849354, 19.25490583344973 ], [ -99.066002183230637, 19.254984651362069 ], [ -99.065768404178073, 19.255032627691147 ] ] ] ] } },
{ "type": "Feature", "properties": { "id": 5335.0, "entidad": 9, "distrito_f": 21, "distrito_l": 25, "municipio": 13, "seccion": 4179, "tipo": 3, "control": 37080.0, "SECCION_TX": "4179", "SECCION__1": null, "SECCION__2": null, "SECCION_N": "4179", "ESTATUS": null, "ALCALDIA_N": "XOCHIMILCO", "EN_OPERATI": null, "EN_OP": "NO", "SEC_N": "4179", "EST": null, "ALC_N": "XOCHIMILCO", "OP": "NO", "NOMBRE": "SANTA CRUZ ACALPIXCA" }, "geometry": { "type": "MultiPolygon", "coordinates": [ [ [ [ -99.071095473384929, 19.25012052818197 ], [ -99.071071805335052, 19.250103439141839 ], [ -99.07099494537718, 19.250047943906807 ], [ -99.070977705837038, 19.250035496423095 ], [ -99.071275004052694, 19.249597805464898 ], [ -99.071279636360174, 19.249389245138921 ], [ -99.071338472057519, 19.248940709246121 ], [ -99.071365596483176, 19.248873421723165 ], [ -99.071392720886834, 19.24880613419586 ], [ -99.071409073507823, 19.248400223557347 ], [ -99.07141375509552, 19.248306033999476 ], [ -99.071359400779514, 19.2481961695153 ], [ -99.072561867750167, 19.247363245929584 ], [ -99.072891026839059, 19.247135241499436 ], [ -99.074246109303758, 19.246196579730032 ], [ -99.074265088983509, 19.246183432412465 ], [ -99.074628587248839, 19.245925389521172 ], [ -99.074745531173193, 19.245843153182847 ], [ -99.074800894991938, 19.245804220641734 ], [ -99.075013337584735, 19.245674064891514 ], [ -99.075731537391235, 19.245191538392167 ], [ -99.07600112357305, 19.245000252641198 ], [ -99.076386386462048, 19.244724055939873 ], [ -99.076148151025805, 19.244375620344073 ], [ -99.076011405063795, 19.244175619222478 ], [ -99.075654662196158, 19.243704828180171 ], [ -99.076000125665502, 19.243434471907847 ], [ -99.076135429175764, 19.243156626291942 ], [ -99.076214727753651, 19.242778029957901 ], [ -99.07618524746151, 19.242269365767292 ], [ -99.076178059567937, 19.242242610471834 ], [ -99.076089196937914, 19.241911838834323 ], [ -99.076099290894234, 19.241734645304099 ], [ -99.076365595605722, 19.241827961503812 ], [ -99.076469096817291, 19.241934231894732 ], [ -99.07660777141048, 19.24203371995743 ], [ -99.076685755647674, 19.242181696682312 ], [ -99.076909693294027, 19.242278199453285 ], [ -99.078403504383843, 19.242675818891737 ], [ -99.0783209308414, 19.243114176510225 ], [ -99.078165327583207, 19.244046539598589 ], [ -99.078152530859796, 19.244123216135449 ], [ -99.078129917469795, 19.244274046827915 ], [ -99.078104151077483, 19.244445907621724 ], [ -99.078087364063435, 19.244557876132315 ], [ -99.078022155361907, 19.244904574834877 ], [ -99.077662285253197, 19.244876245525823 ], [ -99.077629904819517, 19.244873696472837 ], [ -99.07722759308308, 19.244641563787628 ], [ -99.07713553271968, 19.244690939054113 ], [ -99.076899486092032, 19.24483007745437 ], [ -99.076807406746866, 19.244839086381457 ], [ -99.076695246445766, 19.244823435455718 ], [ -99.076485660658363, 19.244708398793129 ], [ -99.076451122528709, 19.244704384877256 ], [ -99.076407992170743, 19.244788487947158 ], [ -99.07657225706717, 19.244902985276187 ], [ -99.076871249803091, 19.245038647920605 ], [ -99.077115768044109, 19.24516389426557 ], [ -99.077171168125759, 19.245183253459604 ], [ -99.077467690761736, 19.245286870980461 ], [ -99.077759167775184, 19.245329806358058 ], [ -99.078595726034905, 19.24531436369136 ], [ -99.078730350327533, 19.245311878201466 ], [ -99.07865061148145, 19.24542075221034 ], [ -99.078637670675604, 19.245534307656261 ], [ -99.077416000243275, 19.245635161643555 ], [ -99.077134748249705, 19.245705320982591 ], [ -99.076411137550551, 19.245944398591533 ], [ -99.076442108605235, 19.246039850615539 ], [ -99.07542158893547, 19.246187143184724 ], [ -99.075630483433585, 19.246488138760295 ], [ -99.075325677262967, 19.24659959536919 ], [ -99.075097588757714, 19.246682998667687 ], [ -99.074631133989115, 19.246853562301567 ], [ -99.074457395917179, 19.24694279851051 ], [ -99.074267588179879, 19.247040288201298 ], [ -99.073901650002014, 19.24722824172137 ], [ -99.073842922846069, 19.247258405111644 ], [ -99.073630862478268, 19.247391977543547 ], [ -99.073104575632982, 19.247723472722388 ], [ -99.073254163988423, 19.247869729752171 ], [ -99.073242899333053, 19.247937798685925 ], [ -99.073169579643832, 19.248380846191576 ], [ -99.073152203325833, 19.248485845389073 ], [ -99.073123115248649, 19.248661614474113 ], [ -99.073087013653563, 19.248992993484649 ], [ -99.07318226868432, 19.249225340963037 ], [ -99.072981982688944, 19.24935242261872 ], [ -99.072781153992253, 19.249479848201247 ], [ -99.072607232915672, 19.250147840944269 ], [ -99.072515734870549, 19.250499262644933 ], [ -99.072845068665245, 19.250605695955752 ], [ -99.073149549925049, 19.25102672417567 ], [ -99.073148094519553, 19.251111918594081 ], [ -99.073140094359246, 19.25126516695882 ], [ -99.07293754690393, 19.251230898593004 ], [ -99.07287000476029, 19.251208288256521 ], [ -99.072752823287132, 19.251223426385099 ], [ -99.07235951641745, 19.251151897726803 ], [ -99.072311911153605, 19.251299058657693 ], [ -99.071896734289339, 19.251178490276008 ], [ -99.071654386092888, 19.251116332908733 ], [ -99.071631361287018, 19.25104874049411 ], [ -99.071579087988823, 19.250895284976966 ], [ -99.071542995135744, 19.250789329222883 ], [ -99.071408614693169, 19.250394834856877 ], [ -99.07132839274928, 19.250159330097411 ], [ -99.071141511640079, 19.250050017521858 ], [ -99.071095473384929, 19.25012052818197 ] ] ] ] } },
{ "type": "Feature", "properties": { "id": 5349.0, "entidad": 9, "distrito_f": 21, "distrito_l": 25, "municipio": 13, "seccion": 4221, "tipo": 2, "control": 37066.0, "SECCION_TX": "4221", "SECCION__1": null, "SECCION__2": null, "SECCION_N": "4221", "ESTATUS": null, "ALCALDIA_N": "XOCHIMILCO", "EN_OPERATI": null, "EN_OP": "NO", "SEC_N": "4221", "EST": null, "ALC_N": "XOCHIMILCO", "OP": "NO", "NOMBRE": "SANTA CRUZ ACALPIXCA" }, "geometry": { "type": "MultiPolygon", "coordinates": [ [ [ [ -99.083591788730857, 19.246900457793839 ], [ -99.082587484384774, 19.246777072427605 ], [ -99.081905515258015, 19.246693284804483 ], [ -99.081292484007307, 19.24661796473616 ], [ -99.080827894204305, 19.246560881507655 ], [ -99.080210464911971, 19.246485017306188 ], [ -99.079800752619789, 19.246434674326878 ], [ -99.079354103024755, 19.246379791633444 ], [ -99.079222389118399, 19.246363606887744 ], [ -99.078939592069489, 19.246328857011633 ], [ -99.078192880448171, 19.24624165295565 ], [ -99.077926921651567, 19.246210592434327 ], [ -99.077717911160121, 19.246186182453318 ], [ -99.076620047171929, 19.24627476686678 ], [ -99.075630483433585, 19.246488138760295 ], [ -99.07542158893547, 19.246187143184724 ], [ -99.076442108605235, 19.246039850615539 ], [ -99.076411137550551, 19.245944398591533 ], [ -99.077134748249705, 19.245705320982591 ], [ -99.077416000243275, 19.245635161643555 ], [ -99.078637670675604, 19.245534307656261 ], [ -99.07865061148145, 19.24542075221034 ], [ -99.078730350327533, 19.245311878201466 ], [ -99.079331490838726, 19.245305130454113 ], [ -99.079750927188272, 19.245300421149615 ], [ -99.080307533319655, 19.245145965140868 ], [ -99.080806516476372, 19.244880541662432 ], [ -99.080860204237808, 19.244851983467374 ], [ -99.080906378663755, 19.244899483312544 ], [ -99.080833899812404, 19.244973129583872 ], [ -99.080895434629497, 19.245063038455889 ], [ -99.08118184196131, 19.244870289801856 ], [ -99.081458794229007, 19.244687257699667 ], [ -99.08188429747328, 19.244292369344731 ], [ -99.082269273703119, 19.243932796451041 ], [ -99.082522599041425, 19.243801116243166 ], [ -99.082759065037465, 19.243736830858538 ], [ -99.082885083142273, 19.243709568246626 ], [ -99.082907704854719, 19.243704674281197 ], [ -99.083386181494546, 19.243557042925463 ], [ -99.083407651438264, 19.243550418455943 ], [ -99.083752194155508, 19.243415486025583 ], [ -99.083934547081554, 19.243242120219453 ], [ -99.08363840321789, 19.245546268015605 ], [ -99.083908738607548, 19.24564241218329 ], [ -99.083591788730857, 19.246900457793839 ] ] ] ] } },
{ "type": "Feature", "properties": { "id": 5350.0, "entidad": 9, "distrito_f": 21, "distrito_l": 25, "municipio": 13, "seccion": 4222, "tipo": 2, "control": 37082.0, "SECCION_TX": "4222", "SECCION__1": null, "SECCION__2": null, "SECCION_N": "4222", "ESTATUS": null, "ALCALDIA_N": "XOCHIMILCO", "EN_OPERATI": null, "EN_OP": "NO", "SEC_N": "4222", "EST": null, "ALC_N": "XOCHIMILCO", "OP": "NO", "NOMBRE": "SANTA CRUZ ACALPIXCA" }, "geometry": { "type": "MultiPolygon", "coordinates": [ [ [ [ -99.071275004052694, 19.249597805464898 ], [ -99.071029756184188, 19.249513260411575 ], [ -99.071039882788483, 19.249416749613889 ], [ -99.071093516810862, 19.249178555762917 ], [ -99.071087393452913, 19.24882413399121 ], [ -99.071075414182516, 19.248736241452903 ], [ -99.071061910910686, 19.248611699720318 ], [ -99.071039447164026, 19.248404514398061 ], [ -99.070872186087996, 19.248214607892297 ], [ -99.070722865385818, 19.248089908347108 ], [ -99.070510849123778, 19.247956726664629 ], [ -99.070412311120577, 19.247905727520738 ], [ -99.070188381723852, 19.247837764097081 ], [ -99.069994316701255, 19.247795307521159 ], [ -99.069901779641796, 19.247815190646527 ], [ -99.069489756461209, 19.247704767210863 ], [ -99.068916485549622, 19.247498000251312 ], [ -99.068863583014178, 19.247487801564905 ], [ -99.068740336779939, 19.247464041775604 ], [ -99.06843240186906, 19.247258013287933 ], [ -99.068325260678023, 19.247186328617691 ], [ -99.06798184653357, 19.246939777234079 ], [ -99.067790728862192, 19.246800913820987 ], [ -99.067572751781057, 19.246681907883115 ], [ -99.067441372326186, 19.246619577674426 ], [ -99.067381679884505, 19.246653624391225 ], [ -99.067357832053546, 19.246738694992828 ], [ -99.067322023261497, 19.246775568291884 ], [ -99.06722647110756, 19.246721730928972 ], [ -99.067136894262688, 19.246679232900178 ], [ -99.067113025554164, 19.246713266384017 ], [ -99.067160819481316, 19.246784133703262 ], [ -99.067154877676771, 19.246855020735271 ], [ -99.067092196312473, 19.246880562271727 ], [ -99.066922026108756, 19.246863612213325 ], [ -99.066841235324816, 19.246401472494025 ], [ -99.066859062228772, 19.246191646808413 ], [ -99.066823098513765, 19.245845741834891 ], [ -99.066721458434742, 19.245499860795292 ], [ -99.066723891766742, 19.245453724532723 ], [ -99.066730361607739, 19.24536942940172 ], [ -99.066831805360749, 19.245230458053896 ], [ -99.067109309530863, 19.24491562770989 ], [ -99.067216734795963, 19.244805007897025 ], [ -99.067470485063296, 19.244807749925769 ], [ -99.067870453631883, 19.244662996916631 ], [ -99.068318147235303, 19.244424657198856 ], [ -99.068555551065757, 19.24412110092165 ], [ -99.068756736139107, 19.243831895445844 ], [ -99.068843241468031, 19.243670245418254 ], [ -99.068865606107266, 19.243610693710632 ], [ -99.06888797073043, 19.243551142000022 ], [ -99.068938773436031, 19.243678715646737 ], [ -99.068932934301699, 19.243993446680818 ], [ -99.068816637625162, 19.244302548477989 ], [ -99.068694349900497, 19.244563450730926 ], [ -99.068691431859591, 19.244725069322261 ], [ -99.069694644620469, 19.245098962139323 ], [ -99.070020145713713, 19.245345517216037 ], [ -99.070287806171393, 19.245450193641915 ], [ -99.070503838284694, 19.245521125976239 ], [ -99.070679982909127, 19.24554941197955 ], [ -99.071775637388754, 19.24566523673704 ], [ -99.072268488478713, 19.246297335670512 ], [ -99.072729681577286, 19.245987148593034 ], [ -99.073778601853846, 19.245281662053394 ], [ -99.073567613050557, 19.245023721611304 ], [ -99.073529940878345, 19.244977666085454 ], [ -99.073730181008358, 19.244840143718783 ], [ -99.073895526148434, 19.244726586447193 ], [ -99.074124507742013, 19.244566645561079 ], [ -99.074538931324469, 19.244277174157855 ], [ -99.074874388690603, 19.244042858561286 ], [ -99.075098414755516, 19.244336613099644 ], [ -99.075367253218758, 19.244689126208179 ], [ -99.075608928481643, 19.244496467407107 ], [ -99.076011405063795, 19.244175619222478 ], [ -99.076148151025805, 19.244375620344073 ], [ -99.076386386462048, 19.244724055939873 ], [ -99.07600112357305, 19.245000252641198 ], [ -99.075731537391235, 19.245191538392167 ], [ -99.075013337584735, 19.245674064891514 ], [ -99.074800894991938, 19.245804220641734 ], [ -99.074745531173193, 19.245843153182847 ], [ -99.074628587248839, 19.245925389521172 ], [ -99.074265088983509, 19.246183432412465 ], [ -99.074246109303758, 19.246196579730032 ], [ -99.072891026839059, 19.247135241499436 ], [ -99.072561867750167, 19.247363245929584 ], [ -99.071359400779514, 19.2481961695153 ], [ -99.07141375509552, 19.248306033999476 ], [ -99.071409073507823, 19.248400223557347 ], [ -99.071392720886834, 19.24880613419586 ], [ -99.071365596483176, 19.248873421723165 ], [ -99.071338472057519, 19.248940709246121 ], [ -99.071279636360174, 19.249389245138921 ], [ -99.071275004052694, 19.249597805464898 ] ] ] ] } },
{ "type": "Feature", "properties": { "id": 5364.0, "entidad": 9, "distrito_f": 21, "distrito_l": 25, "municipio": 13, "seccion": 4245, "tipo": 2, "control": 37207.0, "SECCION_TX": "4245", "SECCION__1": null, "SECCION__2": null, "SECCION_N": "4245", "ESTATUS": "COMPLETA", "ALCALDIA_N": "XOCHIMILCO", "EN_OPERATI": null, "EN_OP": "SI", "SEC_N": "4245", "EST": "COMPLETA", "ALC_N": "XOCHIMILCO", "OP": "SI", "NOMBRE": "DIF" }, "geometry": { "type": "MultiPolygon", "coordinates": [ [ [ [ -99.104605678019126, 19.233035607469098 ], [ -99.104435156447394, 19.233142579447144 ], [ -99.10434818204979, 19.233356378323677 ], [ -99.104341090577307, 19.233621845191657 ], [ -99.104257782367839, 19.233894250600457 ], [ -99.1040983069974, 19.234252888504091 ], [ -99.103967863323362, 19.234604614638442 ], [ -99.103931710567906, 19.234832174700003 ], [ -99.103899140696797, 19.23498560999041 ], [ -99.103866570765888, 19.235139045272739 ], [ -99.10367437710201, 19.235418407248304 ], [ -99.103634173058495, 19.235495148706764 ], [ -99.103593968977748, 19.235571890155921 ], [ -99.104024693045176, 19.235768205897838 ], [ -99.10400598039331, 19.235927052841898 ], [ -99.104006025395634, 19.235998529156578 ], [ -99.10440750818897, 19.236228613305144 ], [ -99.10471067733792, 19.236347567403765 ], [ -99.105185136793665, 19.236285746381757 ], [ -99.105226964326931, 19.23631947506172 ], [ -99.104977602300906, 19.236988621594875 ], [ -99.10491790262617, 19.23714882087485 ], [ -99.104876946283952, 19.237258723736922 ], [ -99.104800894278583, 19.237527677564046 ], [ -99.104742901788029, 19.237656994535875 ], [ -99.10491534336245, 19.237708609313625 ], [ -99.104853667618201, 19.237753463024319 ], [ -99.104748464336581, 19.237843160000779 ], [ -99.10474671509553, 19.237946588026219 ], [ -99.104723223922875, 19.238106913350727 ], [ -99.104674323917052, 19.238265529414988 ], [ -99.104614527152464, 19.238412085205351 ], [ -99.104610968444149, 19.238524133175595 ], [ -99.104652834237584, 19.238720620580171 ], [ -99.1046976290217, 19.238846268104425 ], [ -99.10465704112562, 19.23912028385433 ], [ -99.104851369464981, 19.239128311072765 ], [ -99.10498523105629, 19.239131015935907 ], [ -99.105088322989729, 19.23932008212164 ], [ -99.105579313032393, 19.240143933729044 ], [ -99.10564381219325, 19.240247669461183 ], [ -99.105662882431389, 19.24027834060756 ], [ -99.105789958892061, 19.24033515206261 ], [ -99.105860746091665, 19.240347177624418 ], [ -99.106029526797769, 19.24034535616132 ], [ -99.106183781984271, 19.240333200269411 ], [ -99.106198349621039, 19.240409038280344 ], [ -99.106045946857762, 19.240479801740737 ], [ -99.105993351330426, 19.240534993263669 ], [ -99.106002495337108, 19.240643586309464 ], [ -99.106035233677417, 19.240753889471321 ], [ -99.106113318183731, 19.240824519333728 ], [ -99.105560433916693, 19.24076472616068 ], [ -99.105611212650231, 19.241182761603849 ], [ -99.105318722393477, 19.241317980184174 ], [ -99.105240749941004, 19.241341593832836 ], [ -99.10499936684046, 19.241414695496282 ], [ -99.104719892164042, 19.2414389885523 ], [ -99.104400455378453, 19.241408142918871 ], [ -99.104306599583751, 19.24139649487973 ], [ -99.103460279291085, 19.241291459457756 ], [ -99.103366050698526, 19.241522499631298 ], [ -99.102407567757595, 19.241150701186367 ], [ -99.102284139702647, 19.241123189662691 ], [ -99.102197640553868, 19.242116137069743 ], [ -99.10215782414663, 19.242295432731744 ], [ -99.101940079442116, 19.24325680139432 ], [ -99.101338493587733, 19.243150960127508 ], [ -99.101158357761264, 19.243119267142109 ], [ -99.10087614706282, 19.243069614785643 ], [ -99.100183962679012, 19.242947829387923 ], [ -99.100117953854422, 19.242936215412755 ], [ -99.097604046938528, 19.242283761585693 ], [ -99.097340377028218, 19.243886220502464 ], [ -99.096144182322746, 19.243624499900847 ], [ -99.095856984668131, 19.24469133850695 ], [ -99.095569397440556, 19.244650520090456 ], [ -99.095498187397752, 19.244640412888558 ], [ -99.09463756708422, 19.244541512763863 ], [ -99.094452316447686, 19.244544603371853 ], [ -99.09450806592352, 19.244140919103639 ], [ -99.094439310645839, 19.244051531316348 ], [ -99.094467165694752, 19.243814666098576 ], [ -99.094566402030722, 19.243809781163385 ], [ -99.094685774739006, 19.243420607338347 ], [ -99.094853506409621, 19.24305315997724 ], [ -99.094951476701794, 19.242835154816632 ], [ -99.094995820784931, 19.242736479401561 ], [ -99.095166194538947, 19.242540626404587 ], [ -99.095150874182607, 19.242448794233212 ], [ -99.095092237701337, 19.242255477046434 ], [ -99.095888714249199, 19.242300981615436 ], [ -99.096326391391145, 19.242320086581021 ], [ -99.096855568232286, 19.242160295528997 ], [ -99.096901757969576, 19.242149127586494 ], [ -99.097176138129484, 19.242082786564676 ], [ -99.097221820785549, 19.241879747268136 ], [ -99.097384508873759, 19.241601723526742 ], [ -99.097442875413762, 19.241333422579668 ], [ -99.09744258592373, 19.240842803010931 ], [ -99.09742252489751, 19.240636383166031 ], [ -99.097416985063418, 19.240579380419685 ], [ -99.097408274521541, 19.240539585572936 ], [ -99.097330237028686, 19.240183063799293 ], [ -99.097350512114616, 19.240045292785741 ], [ -99.097459306817001, 19.239837386122495 ], [ -99.097480072231292, 19.239687530597781 ], [ -99.09748002896896, 19.239614232957461 ], [ -99.097501326398856, 19.239476673736789 ], [ -99.097469562313236, 19.239115315867927 ], [ -99.097400831240435, 19.239076110641207 ], [ -99.097169153445321, 19.238861134416595 ], [ -99.09711812669957, 19.238629144222539 ], [ -99.097089949533, 19.238310135411695 ], [ -99.097109002357243, 19.238122125065416 ], [ -99.097122232286907, 19.237817447335228 ], [ -99.097570565898323, 19.237809592630697 ], [ -99.097612305861844, 19.23726958399671 ], [ -99.097977387652691, 19.237306671230485 ], [ -99.098011754487388, 19.236942337067671 ], [ -99.098027962689258, 19.236770508016868 ], [ -99.098033016487193, 19.236716930792415 ], [ -99.098029531042855, 19.236673533243813 ], [ -99.097984593706656, 19.236608283909767 ], [ -99.098212726399069, 19.235121715298831 ], [ -99.098224154187335, 19.23508424803331 ], [ -99.098235581970442, 19.23504678076684 ], [ -99.098368771659722, 19.235233594028166 ], [ -99.098466856766194, 19.235371168895874 ], [ -99.098767819992261, 19.235793300278416 ], [ -99.099068808243587, 19.23628209713587 ], [ -99.099162068463187, 19.236514636703145 ], [ -99.09930517188117, 19.236470334274884 ], [ -99.099603499063207, 19.236463620394527 ], [ -99.099819097360253, 19.236489586940074 ], [ -99.099863907963709, 19.236489685875132 ], [ -99.099899765956351, 19.235901639348203 ], [ -99.100092828310721, 19.235800205766022 ], [ -99.100258268941374, 19.235600059088707 ], [ -99.100202973332202, 19.235413362119402 ], [ -99.100037386807202, 19.235347934331696 ], [ -99.099795897127123, 19.235236684945935 ], [ -99.099575083320232, 19.23509594074644 ], [ -99.09936451407826, 19.234784843046455 ], [ -99.099319584107775, 19.234627623415108 ], [ -99.099429666208465, 19.234159107552227 ], [ -99.099622619023009, 19.233854342391965 ], [ -99.100050005897558, 19.233405308725743 ], [ -99.100231942539054, 19.233334570746944 ], [ -99.100353937210684, 19.233107320234613 ], [ -99.100427336395711, 19.232976770210215 ], [ -99.100427236497865, 19.232812424606337 ], [ -99.100427076369627, 19.232548988265091 ], [ -99.100478168785827, 19.232374947180396 ], [ -99.100551868591808, 19.232229895843769 ], [ -99.100579779164846, 19.232101787567071 ], [ -99.100648370803384, 19.231925319967559 ], [ -99.100716056142076, 19.23175182920891 ], [ -99.100773642375827, 19.231623078979741 ], [ -99.100831230191503, 19.231497067422687 ], [ -99.100822480227649, 19.231332750682746 ], [ -99.100929067716393, 19.231182063874765 ], [ -99.101009744498015, 19.231094381228594 ], [ -99.101110576948003, 19.230962868335684 ], [ -99.101228646484984, 19.230730014226058 ], [ -99.101433265936961, 19.230584750291381 ], [ -99.101456309809194, 19.230549134520174 ], [ -99.101427450753434, 19.23050533141959 ], [ -99.101366891475266, 19.230486194098468 ], [ -99.101389906781122, 19.230404020572024 ], [ -99.101479214074146, 19.230286207313899 ], [ -99.101556988403061, 19.230168400406779 ], [ -99.10178755741876, 19.230025860373036 ], [ -99.10191719530755, 19.229853250619083 ], [ -99.101988932275987, 19.229297255986282 ], [ -99.102239190825514, 19.2292925449437 ], [ -99.10228878106048, 19.229291611381683 ], [ -99.102630423944646, 19.229416913636044 ], [ -99.103817226490861, 19.229852183436449 ], [ -99.10401403713054, 19.229398823677418 ], [ -99.104436775997115, 19.229315047381089 ], [ -99.104903803018388, 19.229235358379707 ], [ -99.105174783037327, 19.229172213031109 ], [ -99.105433338325255, 19.229208549785056 ], [ -99.105350956280134, 19.229640428268183 ], [ -99.105939225575597, 19.229790717041123 ], [ -99.105890288354985, 19.229911247822635 ], [ -99.105636622394343, 19.229999032477437 ], [ -99.105547641234153, 19.23026798366563 ], [ -99.105596523528689, 19.230415336886196 ], [ -99.105458013761364, 19.230741200302088 ], [ -99.105383462678631, 19.230881037341945 ], [ -99.105268203615054, 19.230990651327907 ], [ -99.105112568793018, 19.23108385626449 ], [ -99.105049181373616, 19.231152359945874 ], [ -99.104977166839191, 19.2312564715516 ], [ -99.104958373441249, 19.231320473116902 ], [ -99.104902364614603, 19.231511212803735 ], [ -99.10488513302019, 19.23161803167346 ], [ -99.104919771828875, 19.231681001753863 ], [ -99.104919818783145, 19.231754946417912 ], [ -99.104891061175849, 19.231872726657304 ], [ -99.104833481546436, 19.232006955545561 ], [ -99.104775861879858, 19.232078194517683 ], [ -99.104813396149055, 19.232160333803165 ], [ -99.1048307824923, 19.232297258456683 ], [ -99.104794813134617, 19.232409565418845 ], [ -99.104737210672795, 19.232508191286772 ], [ -99.104640664300206, 19.232575344435059 ], [ -99.104607527721583, 19.232608227671022 ], [ -99.104611028088613, 19.232686887085411 ], [ -99.104611915024137, 19.232706818076704 ], [ -99.104649474509202, 19.232828668408718 ], [ -99.104643770443445, 19.232927264577732 ], [ -99.104624724237482, 19.232981436024538 ], [ -99.104605678019126, 19.233035607469098 ] ] ] ] } },
{ "type": "Feature", "properties": { "id": 1348.0, "entidad": 9, "distrito_f": 5, "distrito_l": 19, "municipio": 13, "seccion": 4207, "tipo": 2, "control": 36174.0, "SECCION_TX": "4207", "SECCION__1": null, "SECCION__2": null, "SECCION_N": "4207", "ESTATUS": null, "ALCALDIA_N": "XOCHIMILCO", "EN_OPERATI": null, "EN_OP": "NO", "SEC_N": "4207", "EST": null, "ALC_N": "XOCHIMILCO", "OP": "NO", "NOMBRE": "LAS GARGOLAS" }, "geometry": { "type": "MultiPolygon", "coordinates": [ [ [ [ -99.11608708584545, 19.26311453745117 ], [ -99.112854101245986, 19.261506779344074 ], [ -99.112669969999928, 19.26153983928625 ], [ -99.112591236074593, 19.261351547151296 ], [ -99.111398048550399, 19.259311889940999 ], [ -99.111352397288854, 19.259231842768344 ], [ -99.110897854962559, 19.258434820920058 ], [ -99.110279169020288, 19.25734996540632 ], [ -99.110319197876251, 19.257322774587962 ], [ -99.110380281052755, 19.257281281947709 ], [ -99.11060207049141, 19.25758766169421 ], [ -99.110664661478552, 19.257541875524375 ], [ -99.110712727608529, 19.257386302168694 ], [ -99.110837882016469, 19.25726356996115 ], [ -99.112436076168024, 19.256099157903751 ], [ -99.114026172999417, 19.257371585091899 ], [ -99.114699523927257, 19.259197985058435 ], [ -99.114749936424133, 19.259334722377211 ], [ -99.115297144457486, 19.259159107497805 ], [ -99.115844351317463, 19.258983490984065 ], [ -99.116364282098388, 19.260507515718757 ], [ -99.116925209786714, 19.260342904269852 ], [ -99.117089986501156, 19.26070936507557 ], [ -99.117026815929989, 19.260857634464337 ], [ -99.116963645245917, 19.261005903829478 ], [ -99.117045922317203, 19.261031891416007 ], [ -99.117117657703773, 19.261063894997854 ], [ -99.116721758274295, 19.261953521772231 ], [ -99.116411549440571, 19.262520993710414 ], [ -99.11608708584545, 19.26311453745117 ] ] ] ] } },
{ "type": "Feature", "properties": { "id": 1349.0, "entidad": 9, "distrito_f": 5, "distrito_l": 19, "municipio": 13, "seccion": 4208, "tipo": 2, "control": 36916.0, "SECCION_TX": "4208", "SECCION__1": null, "SECCION__2": null, "SECCION_N": "4208", "ESTATUS": null, "ALCALDIA_N": "XOCHIMILCO", "EN_OPERATI": null, "EN_OP": "NO", "SEC_N": "4208", "EST": null, "ALC_N": "XOCHIMILCO", "OP": "NO", "NOMBRE": "HUICHAPAN" }, "geometry": { "type": "MultiPolygon", "coordinates": [ [ [ [ -99.110176822122213, 19.262866231136609 ], [ -99.110323454797069, 19.2625033070935 ], [ -99.110363698849739, 19.262184596104508 ], [ -99.109129480796682, 19.262067402902453 ], [ -99.109220937230759, 19.261524839203592 ], [ -99.109337528681593, 19.261531282597495 ], [ -99.109401246455491, 19.261092698588566 ], [ -99.11005740987531, 19.26120736894504 ], [ -99.110177779681777, 19.260278330637632 ], [ -99.111275961635769, 19.260816571624755 ], [ -99.112591236074593, 19.261351547151296 ], [ -99.112270511413669, 19.262210834664149 ], [ -99.112187959476003, 19.26259807253264 ], [ -99.112082091996101, 19.263040202534167 ], [ -99.111943622071095, 19.263618485127711 ], [ -99.111525498273153, 19.263463525618988 ], [ -99.111614852287261, 19.263104207482517 ], [ -99.111519383180138, 19.262993232016164 ], [ -99.11103923242365, 19.262871947122328 ], [ -99.110560312414236, 19.262779636901421 ], [ -99.110521334329135, 19.262950451268537 ], [ -99.110176822122213, 19.262866231136609 ] ] ] ] } },
{ "type": "Feature", "properties": { "id": 1333.0, "entidad": 9, "distrito_f": 5, "distrito_l": 19, "municipio": 13, "seccion": 4189, "tipo": 2, "control": 36915.0, "SECCION_TX": "4189", "SECCION__1": null, "SECCION__2": null, "SECCION_N": "4189", "ESTATUS": "COMPLETA", "ALCALDIA_N": "XOCHIMILCO", "EN_OPERATI": null, "EN_OP": "SI", "SEC_N": "4189", "EST": "COMPLETA", "ALC_N": "XOCHIMILCO", "OP": "SI", "NOMBRE": "HUICHAPAN" }, "geometry": { "type": "MultiPolygon", "coordinates": [ [ [ [ -99.111548380934877, 19.265307520092868 ], [ -99.110480137136804, 19.265081547152022 ], [ -99.109867906942398, 19.264952034799613 ], [ -99.108795596540745, 19.264725190756199 ], [ -99.108150801371451, 19.264588782941331 ], [ -99.108181145803144, 19.264524390682048 ], [ -99.108210156438517, 19.264462828747124 ], [ -99.10824197844488, 19.2641556361265 ], [ -99.108311613168581, 19.263483415825714 ], [ -99.108435158638159, 19.263380631974528 ], [ -99.109086930566207, 19.262838385765473 ], [ -99.109356634398722, 19.262764410046042 ], [ -99.109707483521234, 19.26279568116119 ], [ -99.109937323129643, 19.2628161663499 ], [ -99.110176822122213, 19.262866231136609 ], [ -99.110521334329135, 19.262950451268537 ], [ -99.110560312414236, 19.262779636901421 ], [ -99.11103923242365, 19.262871947122328 ], [ -99.111519383180138, 19.262993232016164 ], [ -99.111614852287261, 19.263104207482517 ], [ -99.111525498273153, 19.263463525618988 ], [ -99.111943622071095, 19.263618485127711 ], [ -99.111904490023434, 19.263761737422566 ], [ -99.111821077634588, 19.264067087724879 ], [ -99.111749635045001, 19.264328618886662 ], [ -99.111678492742129, 19.264589049933086 ], [ -99.111569895972053, 19.265187731093125 ], [ -99.111556870932489, 19.265260190995079 ], [ -99.111548380934877, 19.265307520092868 ] ] ] ] } },
{ "type": "Feature", "properties": { "id": 1350.0, "entidad": 9, "distrito_f": 5, "distrito_l": 19, "municipio": 13, "seccion": 4209, "tipo": 2, "control": 36917.0, "SECCION_TX": "4209", "SECCION__1": null, "SECCION__2": null, "SECCION_N": "4209", "ESTATUS": "COMPLETA", "ALCALDIA_N": "XOCHIMILCO", "EN_OPERATI": null, "EN_OP": "SI", "SEC_N": "4209", "EST": "COMPLETA", "ALC_N": "XOCHIMILCO", "OP": "SI", "NOMBRE": "HUICHAPAN" }, "geometry": { "type": "MultiPolygon", "coordinates": [ [ [ [ -99.108465364139477, 19.261999158362848 ], [ -99.108544524381017, 19.26109739317857 ], [ -99.108555889867276, 19.260967920826175 ], [ -99.10856007307251, 19.260920266904268 ], [ -99.10861623212682, 19.260280515810333 ], [ -99.108668894644595, 19.259694821083361 ], [ -99.10867741394425, 19.259606075565035 ], [ -99.108685022363758, 19.259530149226958 ], [ -99.108731508537886, 19.259111396551916 ], [ -99.108917246689984, 19.258398160386495 ], [ -99.108992499612327, 19.258109186686063 ], [ -99.10942817675047, 19.25688958797981 ], [ -99.109844336728116, 19.257063020187552 ], [ -99.110279169020288, 19.25734996540632 ], [ -99.110897854962559, 19.258434820920058 ], [ -99.111352397288854, 19.259231842768344 ], [ -99.111398048550399, 19.259311889940999 ], [ -99.112591236074593, 19.261351547151296 ], [ -99.111275961635769, 19.260816571624755 ], [ -99.110177779681777, 19.260278330637632 ], [ -99.11005740987531, 19.26120736894504 ], [ -99.109401246455491, 19.261092698588566 ], [ -99.109337528681593, 19.261531282597495 ], [ -99.109220937230759, 19.261524839203592 ], [ -99.109129480796682, 19.262067402902453 ], [ -99.110363698849739, 19.262184596104508 ], [ -99.110323454797069, 19.2625033070935 ], [ -99.110176822122213, 19.262866231136609 ], [ -99.109937323129643, 19.2628161663499 ], [ -99.109707483521234, 19.26279568116119 ], [ -99.109356634398722, 19.262764410046042 ], [ -99.109086930566207, 19.262838385765473 ], [ -99.108435158638159, 19.263380631974528 ], [ -99.108311613168581, 19.263483415825714 ], [ -99.108396194799695, 19.262666897955125 ], [ -99.108465364139477, 19.261999158362848 ] ] ] ] } },
{ "type": "Feature", "properties": { "id": 1344.0, "entidad": 9, "distrito_f": 5, "distrito_l": 19, "municipio": 13, "seccion": 4203, "tipo": 2, "control": 36198.0, "SECCION_TX": "4203", "SECCION__1": null, "SECCION__2": null, "SECCION_N": "4203", "ESTATUS": null, "ALCALDIA_N": "XOCHIMILCO", "EN_OPERATI": null, "EN_OP": "NO", "SEC_N": "4203", "EST": null, "ALC_N": "XOCHIMILCO", "OP": "NO", "NOMBRE": "HUICHAPAN" }, "geometry": { "type": "MultiPolygon", "coordinates": [ [ [ [ -99.120809982316786, 19.260159225213489 ], [ -99.120025548678555, 19.262175858591188 ], [ -99.118830742036025, 19.261628825252615 ], [ -99.119096273055888, 19.2607747033816 ], [ -99.119150165722658, 19.2607937995034 ], [ -99.11967331383849, 19.259406567850661 ], [ -99.119716878045338, 19.259384044284186 ], [ -99.119897351615037, 19.259453260285515 ], [ -99.119690557070186, 19.260049991153828 ], [ -99.120038037719198, 19.260184171247118 ], [ -99.12016649639061, 19.259907125344817 ], [ -99.120809982316786, 19.260159225213489 ] ] ] ] } },
{ "type": "Feature", "properties": { "id": 1345.0, "entidad": 9, "distrito_f": 5, "distrito_l": 19, "municipio": 13, "seccion": 4204, "tipo": 2, "control": 36196.0, "SECCION_TX": "4204", "SECCION__1": null, "SECCION__2": null, "SECCION_N": "4204", "ESTATUS": null, "ALCALDIA_N": "XOCHIMILCO", "EN_OPERATI": null, "EN_OP": "NO", "SEC_N": "4204", "EST": null, "ALC_N": "XOCHIMILCO", "OP": "NO", "NOMBRE": "HUICHAPAN" }, "geometry": { "type": "MultiPolygon", "coordinates": [ [ [ [ -99.119085448642238, 19.255871721548331 ], [ -99.120703487446448, 19.257008048441648 ], [ -99.120500373026715, 19.257562914602577 ], [ -99.120476641904105, 19.257612278945391 ], [ -99.120281984873913, 19.258017193928723 ], [ -99.120224134449927, 19.25808036291529 ], [ -99.119716878045338, 19.259384044284186 ], [ -99.11967331383849, 19.259406567850661 ], [ -99.119150165722658, 19.2607937995034 ], [ -99.119096273055888, 19.2607747033816 ], [ -99.118868027178095, 19.26069820268085 ], [ -99.118419866558185, 19.260523831533195 ], [ -99.117959700674831, 19.260344787823019 ], [ -99.11749953578466, 19.260165742946263 ], [ -99.117671874205996, 19.259760410882283 ], [ -99.118233650609199, 19.258439123574234 ], [ -99.118307475582043, 19.258445085123967 ], [ -99.11839602300698, 19.258392947375278 ], [ -99.118427981689265, 19.258332140757862 ], [ -99.118418221316929, 19.258281302880768 ], [ -99.11836213272197, 19.258192659857642 ], [ -99.118210261816287, 19.258176733309874 ], [ -99.118037207757894, 19.257730029991162 ], [ -99.117889077180493, 19.2573476594069 ], [ -99.118213613273568, 19.256966861962628 ], [ -99.118501299525306, 19.256605492091374 ], [ -99.118804190539009, 19.256225020934604 ], [ -99.119085448642238, 19.255871721548331 ] ] ] ] } },
{ "type": "Feature", "properties": { "id": 1347.0, "entidad": 9, "distrito_f": 5, "distrito_l": 19, "municipio": 13, "seccion": 4206, "tipo": 2, "control": 36169.0, "SECCION_TX": "4206", "SECCION__1": null, "SECCION__2": null, "SECCION_N": "4206", "ESTATUS": null, "ALCALDIA_N": "XOCHIMILCO", "EN_OPERATI": null, "EN_OP": "NO", "SEC_N": "4206", "EST": null, "ALC_N": "XOCHIMILCO", "OP": "NO", "NOMBRE": "HUICHAPAN" }, "geometry": { "type": "MultiPolygon", "coordinates": [ [ [ [ -99.117045922317203, 19.261031891416007 ], [ -99.116963645245917, 19.261005903829478 ], [ -99.117026815929989, 19.260857634464337 ], [ -99.117089986501156, 19.26070936507557 ], [ -99.116925209786714, 19.260342904269852 ], [ -99.116364282098388, 19.260507515718757 ], [ -99.115844351317463, 19.258983490984065 ], [ -99.115297144457486, 19.259159107497805 ], [ -99.114749936424133, 19.259334722377211 ], [ -99.114699523927257, 19.259197985058435 ], [ -99.114026172999417, 19.257371585091899 ], [ -99.112436076168024, 19.256099157903751 ], [ -99.112889313496822, 19.25576836804489 ], [ -99.114628214643304, 19.257177465684148 ], [ -99.115125606849588, 19.257007949138075 ], [ -99.11529401382704, 19.256950553866226 ], [ -99.115682769939383, 19.256818060020287 ], [ -99.115876530787688, 19.256752023062955 ], [ -99.115889149050744, 19.256699934599876 ], [ -99.116293728344701, 19.256166854568853 ], [ -99.116061608188417, 19.256002748182755 ], [ -99.116381913510978, 19.255601925656794 ], [ -99.118213613273568, 19.256966861962628 ], [ -99.117889077180493, 19.2573476594069 ], [ -99.118037207757894, 19.257730029991162 ], [ -99.118210261816287, 19.258176733309874 ], [ -99.11836213272197, 19.258192659857642 ], [ -99.118418221316929, 19.258281302880768 ], [ -99.118427981689265, 19.258332140757862 ], [ -99.11839602300698, 19.258392947375278 ], [ -99.118307475582043, 19.258445085123967 ], [ -99.118233650609199, 19.258439123574234 ], [ -99.117671874205996, 19.259760410882283 ], [ -99.11749953578466, 19.260165742946263 ], [ -99.117117657703773, 19.261063894997854 ], [ -99.117045922317203, 19.261031891416007 ] ] ] ] } },
{ "type": "Feature", "properties": { "id": 1356.0, "entidad": 9, "distrito_f": 5, "distrito_l": 19, "municipio": 13, "seccion": 4235, "tipo": 2, "control": 36993.0, "SECCION_TX": "4235", "SECCION__1": null, "SECCION__2": null, "SECCION_N": "4235", "ESTATUS": null, "ALCALDIA_N": "XOCHIMILCO", "EN_OPERATI": null, "EN_OP": "NO", "SEC_N": "4235", "EST": null, "ALC_N": "XOCHIMILCO", "OP": "NO", "NOMBRE": "MARIA FERNANDA" }, "geometry": { "type": "MultiPolygon", "coordinates": [ [ [ [ -99.128245111542938, 19.253338608431715 ], [ -99.128343210336041, 19.253361803167692 ], [ -99.128824035254965, 19.253475489815308 ], [ -99.129471373100159, 19.253652215555334 ], [ -99.129537190473187, 19.25367018380329 ], [ -99.130247907933693, 19.254055226182825 ], [ -99.130587799841351, 19.254337407557998 ], [ -99.130659929678032, 19.254429206963451 ], [ -99.130835440180618, 19.25489714319712 ], [ -99.131285486930906, 19.255003692707319 ], [ -99.131211813958956, 19.255392372557061 ], [ -99.131138140645731, 19.2557810523626 ], [ -99.131052714553547, 19.256231734235147 ], [ -99.129150681099844, 19.255947684270065 ], [ -99.128831756385523, 19.255937464896274 ], [ -99.128759501758822, 19.255935149548129 ], [ -99.128230127780213, 19.255918185262864 ], [ -99.128029229875253, 19.255911746899258 ], [ -99.127908286930676, 19.255907870820575 ], [ -99.127828331984574, 19.25590530831483 ], [ -99.127724534403512, 19.255901981615462 ], [ -99.127550381279988, 19.255896399897193 ], [ -99.127136868906391, 19.255883145896927 ], [ -99.126730387312691, 19.255870116335711 ], [ -99.126503264154195, 19.25586283562383 ], [ -99.125719683012264, 19.255837714797504 ], [ -99.125351591864955, 19.25582591300266 ], [ -99.12497437581888, 19.255813817873513 ], [ -99.124813012969369, 19.255808643665414 ], [ -99.122505432627889, 19.256065837904558 ], [ -99.122139040463637, 19.255864927954295 ], [ -99.121760150374925, 19.255151385675809 ], [ -99.121381263576978, 19.254437842538852 ], [ -99.121285198605847, 19.254241559924356 ], [ -99.120362668007928, 19.252356593076779 ], [ -99.120049635569856, 19.251718395709219 ], [ -99.120651299458999, 19.251384947278456 ], [ -99.121423434913794, 19.250783228619664 ], [ -99.12295341970281, 19.250796410189345 ], [ -99.123010913516595, 19.250796905277312 ], [ -99.123638342913083, 19.250802306992551 ], [ -99.124738053574973, 19.250811769518034 ], [ -99.124808579126764, 19.251796376746483 ], [ -99.124791896208862, 19.25280471293523 ], [ -99.125385268509817, 19.252886456521708 ], [ -99.12576544973534, 19.252938829628189 ], [ -99.125886090773548, 19.252955448756143 ], [ -99.126140326901677, 19.252995511962226 ], [ -99.126394563151067, 19.253035574814049 ], [ -99.126711277345862, 19.253092601781695 ], [ -99.127084189744309, 19.253159746938593 ], [ -99.127459058579888, 19.253227243541346 ], [ -99.128051555792808, 19.253333923304329 ], [ -99.128149325714261, 19.253351526686249 ], [ -99.128245111542938, 19.253338608431715 ] ] ] ] } },
{ "type": "Feature", "properties": { "id": 1281.0, "entidad": 9, "distrito_f": 5, "distrito_l": 19, "municipio": 13, "seccion": 4095, "tipo": 2, "control": 36136.0, "SECCION_TX": "4095", "SECCION__1": null, "SECCION__2": null, "SECCION_N": "4095", "ESTATUS": null, "ALCALDIA_N": "XOCHIMILCO", "EN_OPERATI": null, "EN_OP": "NO", "SEC_N": "4095", "EST": null, "ALC_N": "XOCHIMILCO", "OP": "NO", "NOMBRE": "BUGAMBILIAS" }, "geometry": { "type": "MultiPolygon", "coordinates": [ [ [ [ -99.141414913447051, 19.279415947209113 ], [ -99.141272397146807, 19.279540836743045 ], [ -99.141192695569899, 19.279776810217093 ], [ -99.14110747947548, 19.279790693570973 ], [ -99.140695452617265, 19.279695046064866 ], [ -99.140629251300808, 19.279704357521499 ], [ -99.140453637348102, 19.279815703132389 ], [ -99.140164608880283, 19.279779679821502 ], [ -99.139824703967307, 19.280833640536251 ], [ -99.138002807735219, 19.280310510814626 ], [ -99.137879846413725, 19.280265038206014 ], [ -99.138001992938072, 19.279915970022742 ], [ -99.138048899744376, 19.279696824608017 ], [ -99.138068701372063, 19.27960431257052 ], [ -99.138029901554248, 19.279305799634784 ], [ -99.137945411327067, 19.278991790393817 ], [ -99.137838140126462, 19.278847726553838 ], [ -99.137801644036244, 19.278673134993607 ], [ -99.137781159676734, 19.278629957583998 ], [ -99.13764340393088, 19.278218299775482 ], [ -99.137538351640799, 19.278057275861091 ], [ -99.137519210610051, 19.277904640968135 ], [ -99.137534078154971, 19.277768925353357 ], [ -99.137673760018131, 19.277145670022584 ], [ -99.137611227862422, 19.277111800690179 ], [ -99.138154379489507, 19.275292622461169 ], [ -99.138174241842634, 19.275229568375014 ], [ -99.138221644678879, 19.275079085371686 ], [ -99.138274601152872, 19.274910971690396 ], [ -99.138317904719301, 19.27476913176341 ], [ -99.138621597628656, 19.273774384858843 ], [ -99.138822224231475, 19.273117225065239 ], [ -99.139912409849032, 19.273407655082465 ], [ -99.140861075961226, 19.273644297317283 ], [ -99.141152586461033, 19.273735196562402 ], [ -99.142074951718527, 19.273956423507801 ], [ -99.141973377941625, 19.27466768421451 ], [ -99.141954759466358, 19.274852923446815 ], [ -99.14193188404515, 19.275080515396176 ], [ -99.1419169124799, 19.275198067145322 ], [ -99.141872031850298, 19.275550453923675 ], [ -99.141850266754602, 19.275725910233621 ], [ -99.141844159779779, 19.275775140700755 ], [ -99.141651450018998, 19.277328626795001 ], [ -99.141626237122537, 19.27753187271162 ], [ -99.141563459842203, 19.278037930065796 ], [ -99.14151249371622, 19.2784487736239 ], [ -99.141465713865571, 19.278825869375567 ], [ -99.14147068583631, 19.278944996928889 ], [ -99.141444150018856, 19.279207082987849 ], [ -99.141414913447051, 19.279415947209113 ] ] ] ] } },
{ "type": "Feature", "properties": { "id": 1343.0, "entidad": 9, "distrito_f": 5, "distrito_l": 19, "municipio": 13, "seccion": 4202, "tipo": 2, "control": 36194.0, "SECCION_TX": "4202", "SECCION__1": null, "SECCION__2": null, "SECCION_N": "4202", "ESTATUS": null, "ALCALDIA_N": "XOCHIMILCO", "EN_OPERATI": null, "EN_OP": "NO", "SEC_N": "4202", "EST": null, "ALC_N": "XOCHIMILCO", "OP": "NO", "NOMBRE": "RINCONADA DEL SUR" }, "geometry": { "type": "MultiPolygon", "coordinates": [ [ [ [ -99.121836693933588, 19.25798950692316 ], [ -99.121503281580956, 19.258559630394704 ], [ -99.120809982316786, 19.260159225213489 ], [ -99.12016649639061, 19.259907125344817 ], [ -99.120038037719198, 19.260184171247118 ], [ -99.119690557070186, 19.260049991153828 ], [ -99.119897351615037, 19.259453260285515 ], [ -99.119716878045338, 19.259384044284186 ], [ -99.120224134449927, 19.25808036291529 ], [ -99.120281984873913, 19.258017193928723 ], [ -99.120476641904105, 19.257612278945391 ], [ -99.120500373026715, 19.257562914602577 ], [ -99.120703487446448, 19.257008048441648 ], [ -99.121750844140621, 19.257833613480951 ], [ -99.121836693933588, 19.25798950692316 ] ] ] ] } },
{ "type": "Feature", "properties": { "id": 1284.0, "entidad": 9, "distrito_f": 5, "distrito_l": 19, "municipio": 13, "seccion": 4097, "tipo": 2, "control": 36130.0, "SECCION_TX": "4097", "SECCION__1": null, "SECCION__2": null, "SECCION_N": "4097", "ESTATUS": null, "ALCALDIA_N": "XOCHIMILCO", "EN_OPERATI": null, "EN_OP": "NO", "SEC_N": "4097", "EST": null, "ALC_N": "XOCHIMILCO", "OP": "NO", "NOMBRE": "SAN BARTOLO EL CHICO" }, "geometry": { "type": "MultiPolygon", "coordinates": [ [ [ [ -99.14053662533631, 19.282430511678051 ], [ -99.139837213471537, 19.282344306881217 ], [ -99.138943072025356, 19.282234821533194 ], [ -99.138844573838455, 19.282128796116446 ], [ -99.138791164578109, 19.282071315341437 ], [ -99.138764716971522, 19.282042971714255 ], [ -99.138714417651514, 19.281988708038732 ], [ -99.138671044626491, 19.28194201746679 ], [ -99.138597397687661, 19.281862737283063 ], [ -99.138483765867605, 19.281740413569374 ], [ -99.137721994031992, 19.281141008923957 ], [ -99.135888387081252, 19.280748391098491 ], [ -99.134817097175173, 19.280518993651953 ], [ -99.134349227559483, 19.280346823554662 ], [ -99.134308838124795, 19.280331960680531 ], [ -99.133326722829594, 19.279651089124631 ], [ -99.133597785291826, 19.27959701622223 ], [ -99.133629408129295, 19.279487854815681 ], [ -99.133946828485264, 19.279486614344837 ], [ -99.134256323099578, 19.279547227444116 ], [ -99.134278989688738, 19.279378534187622 ], [ -99.134394880146033, 19.27894778482009 ], [ -99.134217564289486, 19.278823645762149 ], [ -99.134034709615989, 19.278593363835903 ], [ -99.133742582163705, 19.27809391139548 ], [ -99.133859927443098, 19.27808062893331 ], [ -99.134214340305448, 19.278212657044403 ], [ -99.134598815138773, 19.278282275813474 ], [ -99.134862510144373, 19.277350061063878 ], [ -99.135800607962565, 19.277631561488455 ], [ -99.135615222527534, 19.278188279493776 ], [ -99.135517765097092, 19.27848094549115 ], [ -99.135330100453587, 19.279035118806636 ], [ -99.135183160497078, 19.279382146188293 ], [ -99.135581379029276, 19.279583788886438 ], [ -99.136154062001339, 19.279754233469593 ], [ -99.136453930847807, 19.279712586692579 ], [ -99.137879846413725, 19.280265038206014 ], [ -99.138002807735219, 19.280310510814626 ], [ -99.139824703967307, 19.280833640536251 ], [ -99.140164608880283, 19.279779679821502 ], [ -99.140453637348102, 19.279815703132389 ], [ -99.140629251300808, 19.279704357521499 ], [ -99.140695452617265, 19.279695046064866 ], [ -99.14110747947548, 19.279790693570973 ], [ -99.141192695569899, 19.279776810217093 ], [ -99.141272397146807, 19.279540836743045 ], [ -99.141414913447051, 19.279415947209113 ], [ -99.141367028250116, 19.27975803489451 ], [ -99.141187795991982, 19.281011789732023 ], [ -99.141157986386787, 19.281220310272392 ], [ -99.141117684764339, 19.281860469034612 ], [ -99.141055767437919, 19.282293404248215 ], [ -99.141041484461269, 19.28240034909583 ], [ -99.141025851651946, 19.282502579091879 ], [ -99.14053662533631, 19.282430511678051 ] ] ] ] } },
{ "type": "Feature", "properties": { "id": 1286.0, "entidad": 9, "distrito_f": 5, "distrito_l": 19, "municipio": 13, "seccion": 4099, "tipo": 2, "control": 36231.0, "SECCION_TX": "4099", "SECCION__1": null, "SECCION__2": null, "SECCION_N": "4099", "ESTATUS": null, "ALCALDIA_N": "XOCHIMILCO", "EN_OPERATI": null, "EN_OP": "NO", "SEC_N": "4099", "EST": null, "ALC_N": "XOCHIMILCO", "OP": "NO", "NOMBRE": "SAN BARTOLO EL CHICO" }, "geometry": { "type": "MultiPolygon", "coordinates": [ [ [ [ -99.133051149143995, 19.280820230375266 ], [ -99.132401686074985, 19.280732460867423 ], [ -99.131927540148467, 19.280668382487953 ], [ -99.131454146150631, 19.280607016082488 ], [ -99.131317149725675, 19.280591067628137 ], [ -99.131333333101523, 19.28045291492823 ], [ -99.131611690305363, 19.280488012205659 ], [ -99.131840252237993, 19.278784015639371 ], [ -99.131873223063195, 19.278538205534865 ], [ -99.131812596159818, 19.278530254155935 ], [ -99.131813656946576, 19.278510914553401 ], [ -99.131817056823337, 19.278448930091272 ], [ -99.131821344930074, 19.278370751903626 ], [ -99.131825692106574, 19.278291496719479 ], [ -99.131885716793448, 19.278291715777613 ], [ -99.131978195174398, 19.27829233508217 ], [ -99.132013416183526, 19.278291167067451 ], [ -99.132097831486462, 19.27829235602276 ], [ -99.132178777833815, 19.278289964560976 ], [ -99.132243445799048, 19.278287590860433 ], [ -99.13232927667967, 19.27846235528445 ], [ -99.132566186740533, 19.278937024071929 ], [ -99.132993529801723, 19.279364104684078 ], [ -99.133213360131592, 19.279544246126271 ], [ -99.133067777368595, 19.280689430316453 ], [ -99.133051149143995, 19.280820230375266 ] ] ] ] } },
{ "type": "Feature", "properties": { "id": 1300.0, "entidad": 9, "distrito_f": 5, "distrito_l": 19, "municipio": 13, "seccion": 4116, "tipo": 2, "control": 36650.0, "SECCION_TX": "4116", "SECCION__1": null, "SECCION__2": null, "SECCION_N": "4116", "ESTATUS": "COMPLETA", "ALCALDIA_N": "XOCHIMILCO", "EN_OPERATI": null, "EN_OP": "SI", "SEC_N": "4116", "EST": "COMPLETA", "ALC_N": "XOCHIMILCO", "OP": "SI", "NOMBRE": "DIVISION DEL NORTE" }, "geometry": { "type": "MultiPolygon", "coordinates": [ [ [ [ -99.113556979767736, 19.270429044637375 ], [ -99.114006157965306, 19.270511305018353 ], [ -99.114279853213858, 19.270561427695728 ], [ -99.114472118684247, 19.270596637616304 ], [ -99.11492925803644, 19.27068035349248 ], [ -99.115186333987197, 19.270727431240918 ], [ -99.115160510205357, 19.27081371323084 ], [ -99.115034154406246, 19.271235889770018 ], [ -99.114964139058074, 19.271459318005761 ], [ -99.114848246099356, 19.271829146375698 ], [ -99.114760570098071, 19.272108929890511 ], [ -99.114672893801639, 19.27238871335625 ], [ -99.114617485803748, 19.272565525077493 ], [ -99.114569939736782, 19.27271724838068 ], [ -99.114528639375791, 19.272849040899882 ], [ -99.114487338949331, 19.272980833408198 ], [ -99.114397758131489, 19.272942167065715 ], [ -99.114307944114032, 19.273225849810252 ], [ -99.114185191288158, 19.27321038534776 ], [ -99.114123916389218, 19.273249281194403 ], [ -99.112734330508061, 19.272859526602673 ], [ -99.112426433544258, 19.272772557781163 ], [ -99.112247579193337, 19.272722038157795 ], [ -99.112425215490646, 19.272224611132792 ], [ -99.112034404449361, 19.272100521590229 ], [ -99.112132364878036, 19.271758555474353 ], [ -99.112019820635169, 19.271712000918111 ], [ -99.112258574187109, 19.270843490731885 ], [ -99.112651331219752, 19.270945416497064 ], [ -99.112779483122395, 19.270978673439661 ], [ -99.112950896343662, 19.271023157047122 ], [ -99.113250461747484, 19.27110089710429 ], [ -99.113453460263884, 19.27115357681874 ], [ -99.113556979767736, 19.270429044637375 ] ] ] ] } },
{ "type": "Feature", "properties": { "id": 1301.0, "entidad": 9, "distrito_f": 5, "distrito_l": 19, "municipio": 13, "seccion": 4117, "tipo": 2, "control": 36555.0, "SECCION_TX": "4117", "SECCION__1": null, "SECCION__2": null, "SECCION_N": "4117", "ESTATUS": null, "ALCALDIA_N": "XOCHIMILCO", "EN_OPERATI": null, "EN_OP": "NO", "SEC_N": "4117", "EST": null, "ALC_N": "XOCHIMILCO", "OP": "NO", "NOMBRE": "DIVISION DEL NORTE" }, "geometry": { "type": "MultiPolygon", "coordinates": [ [ [ [ -99.115034154406246, 19.271235889770018 ], [ -99.116397492386525, 19.271646701331765 ], [ -99.116783946695065, 19.271457333852247 ], [ -99.116915923403084, 19.271718681481808 ], [ -99.117284813010812, 19.271540448944759 ], [ -99.11753991700941, 19.271971369745138 ], [ -99.117624869290552, 19.27199912701564 ], [ -99.11776510343978, 19.271517890649115 ], [ -99.11827186971486, 19.271659404248489 ], [ -99.11843552861734, 19.27159621800438 ], [ -99.118437532949201, 19.271542691866482 ], [ -99.119732661904152, 19.273768749373769 ], [ -99.119505939776971, 19.274469527981356 ], [ -99.118569870309315, 19.274138004355379 ], [ -99.117346470245209, 19.273849748143665 ], [ -99.115805370101043, 19.273432422579528 ], [ -99.114542587483058, 19.272999475775912 ], [ -99.114487338949331, 19.272980833408198 ], [ -99.114528639375791, 19.272849040899882 ], [ -99.114569939736782, 19.27271724838068 ], [ -99.114617485803748, 19.272565525077493 ], [ -99.114672893801639, 19.27238871335625 ], [ -99.114760570098071, 19.272108929890511 ], [ -99.114848246099356, 19.271829146375698 ], [ -99.114964139058074, 19.271459318005761 ], [ -99.115034154406246, 19.271235889770018 ] ] ] ] } },
{ "type": "Feature", "properties": { "id": 1324.0, "entidad": 9, "distrito_f": 5, "distrito_l": 19, "municipio": 13, "seccion": 4135, "tipo": 2, "control": 36554.0, "SECCION_TX": "4135", "SECCION__1": null, "SECCION__2": null, "SECCION_N": "4135", "ESTATUS": null, "ALCALDIA_N": "XOCHIMILCO", "EN_OPERATI": null, "EN_OP": "NO", "SEC_N": "4135", "EST": null, "ALC_N": "XOCHIMILCO", "OP": "NO", "NOMBRE": "DIVISION DEL NORTE" }, "geometry": { "type": "MultiPolygon", "coordinates": [ [ [ [ -99.121892391141856, 19.26989700492323 ], [ -99.120538077895503, 19.269502735086185 ], [ -99.119192176599654, 19.269119708848333 ], [ -99.117740600858752, 19.268706986739641 ], [ -99.116914427007202, 19.268447004912087 ], [ -99.117657095296309, 19.269755315250176 ], [ -99.118550436250857, 19.271261300036969 ], [ -99.118621355423855, 19.271380853448751 ], [ -99.118529444231655, 19.271461772680837 ], [ -99.118437532949201, 19.271542691866482 ], [ -99.11843552861734, 19.27159621800438 ], [ -99.11827186971486, 19.271659404248489 ], [ -99.11776510343978, 19.271517890649115 ], [ -99.117624869290552, 19.27199912701564 ], [ -99.11753991700941, 19.271971369745138 ], [ -99.117284813010812, 19.271540448944759 ], [ -99.116915923403084, 19.271718681481808 ], [ -99.116783946695065, 19.271457333852247 ], [ -99.116397492386525, 19.271646701331765 ], [ -99.115034154406246, 19.271235889770018 ], [ -99.115160510205357, 19.27081371323084 ], [ -99.115186333987197, 19.270727431240918 ], [ -99.115396515574673, 19.270025172530939 ], [ -99.115405477522174, 19.269831396283468 ], [ -99.1154320791087, 19.269256211214302 ], [ -99.115447535230587, 19.26892201396603 ], [ -99.115463558803384, 19.268648397418335 ], [ -99.115466592768641, 19.26859763164585 ], [ -99.115520240170198, 19.267699972436446 ], [ -99.115525509734894, 19.267611798538635 ], [ -99.116298403433063, 19.267840678263422 ], [ -99.116351798737526, 19.26783266954002 ], [ -99.116407365763948, 19.26784006415512 ], [ -99.116469516398283, 19.267845178175797 ], [ -99.116579323617046, 19.267856846180745 ], [ -99.117871440467951, 19.268219477729822 ], [ -99.119323789780637, 19.268650507943189 ], [ -99.12066064745585, 19.269056941887108 ], [ -99.122139714222072, 19.269507053108679 ], [ -99.121892391141856, 19.26989700492323 ] ] ] ] } },
{ "type": "Feature", "properties": { "id": 5546.0, "entidad": 9, "distrito_f": 21, "distrito_l": 25, "municipio": 13, "seccion": 4151, "tipo": 2, "control": 36695.0, "SECCION_TX": "4151", "SECCION__1": null, "SECCION__2": null, "SECCION_N": "4151", "ESTATUS": null, "ALCALDIA_N": "XOCHIMILCO", "EN_OPERATI": null, "EN_OP": "NO", "SEC_N": "4151", "EST": null, "ALC_N": "XOCHIMILCO", "OP": "NO", "NOMBRE": "SAN LUIS TLAXIALTEMALCO" }, "geometry": { "type": "MultiPolygon", "coordinates": [ [ [ [ -99.021012810867404, 19.261058197253838 ], [ -99.020321765662374, 19.260935225092535 ], [ -99.020359953667793, 19.260699869753143 ], [ -99.020403759138063, 19.260429826502698 ], [ -99.020472881140378, 19.260003715100858 ], [ -99.020539969740327, 19.259590136724995 ], [ -99.020627249801663, 19.259052081706056 ], [ -99.020849711647188, 19.259008840368018 ], [ -99.021087192761485, 19.257801162726167 ], [ -99.021653557088314, 19.256487829932418 ], [ -99.021993452848619, 19.256604792778379 ], [ -99.022877416339028, 19.256908973135694 ], [ -99.023402351663478, 19.257089605882605 ], [ -99.023749011991683, 19.256395500631747 ], [ -99.023691947007208, 19.25636467824669 ], [ -99.023667798014856, 19.256313998547121 ], [ -99.023687071078513, 19.256280430476149 ], [ -99.023732591649051, 19.256259687124658 ], [ -99.023797395161225, 19.256274159513236 ], [ -99.024264207047651, 19.255275220171356 ], [ -99.024361925115699, 19.255062732461859 ], [ -99.024574853258727, 19.25459971862449 ], [ -99.025138918496879, 19.25478002637626 ], [ -99.025307106343902, 19.254486536792054 ], [ -99.025471296460736, 19.254298922411383 ], [ -99.025639051118091, 19.254107678157645 ], [ -99.025764079998254, 19.254026805150968 ], [ -99.025814274638861, 19.253994337473742 ], [ -99.026026797201339, 19.253969519479138 ], [ -99.026131186061036, 19.253905764323623 ], [ -99.027003575187678, 19.253370927538217 ], [ -99.027111663886217, 19.253137197193833 ], [ -99.027197409814775, 19.253076985313577 ], [ -99.02753296837885, 19.253030900476976 ], [ -99.027775310385607, 19.252963582439477 ], [ -99.028054915620501, 19.25276877780605 ], [ -99.028094515518688, 19.25273951601222 ], [ -99.028130220771573, 19.252713132096002 ], [ -99.028289781807842, 19.252595226426209 ], [ -99.028573141897937, 19.252559771125089 ], [ -99.028841128694026, 19.252395505577397 ], [ -99.028940829959382, 19.252334392371178 ], [ -99.029264247867886, 19.252136148408564 ], [ -99.029497709149226, 19.251993044085463 ], [ -99.029803470207696, 19.252131098491105 ], [ -99.030157700277201, 19.252258521019691 ], [ -99.029950624215886, 19.252879260482349 ], [ -99.029743546599946, 19.253499999670559 ], [ -99.029620429569476, 19.253869054919839 ], [ -99.029602453020289, 19.253922941225049 ], [ -99.028923824038827, 19.253717664440007 ], [ -99.028859469891188, 19.253991971977708 ], [ -99.028723794034832, 19.254570282984471 ], [ -99.028698872561435, 19.254676508964049 ], [ -99.028562423415863, 19.255258111089216 ], [ -99.028215657967451, 19.255205048012261 ], [ -99.027768423023161, 19.256348900031963 ], [ -99.02839870688581, 19.256526865354626 ], [ -99.028552897956644, 19.256504324707727 ], [ -99.029424965110181, 19.256734403285702 ], [ -99.029834247375149, 19.256886818228843 ], [ -99.029834530250454, 19.258451170958928 ], [ -99.029834538047183, 19.258494286175306 ], [ -99.030081210954592, 19.258427352505525 ], [ -99.030164233780951, 19.258419336093596 ], [ -99.030336221370959, 19.258362635765145 ], [ -99.030574138474265, 19.258284199670708 ], [ -99.030750469472537, 19.258275198763194 ], [ -99.030567736770493, 19.258680668461974 ], [ -99.030527941365989, 19.258820744921675 ], [ -99.030252016188754, 19.259791971399295 ], [ -99.030648152207817, 19.259774651770023 ], [ -99.030639759876564, 19.259795642009262 ], [ -99.029580045741952, 19.262446069388901 ], [ -99.029602676387256, 19.262510606869938 ], [ -99.029514939508914, 19.262488944595844 ], [ -99.026938897771018, 19.261852897424028 ], [ -99.0267926416591, 19.261816784277023 ], [ -99.026741368575671, 19.261831904304199 ], [ -99.026278761494211, 19.261968322701112 ], [ -99.026130173444784, 19.262012139597079 ], [ -99.025833224695035, 19.262229136743869 ], [ -99.022314999509462, 19.261361779986586 ], [ -99.021012810867404, 19.261058197253838 ] ] ] ] } },
{ "type": "Feature", "properties": { "id": 5301.0, "entidad": 9, "distrito_f": 21, "distrito_l": 25, "municipio": 13, "seccion": 4150, "tipo": 2, "control": 36794.0, "SECCION_TX": "4150", "SECCION__1": null, "SECCION__2": null, "SECCION_N": "4150", "ESTATUS": "COMPLETA", "ALCALDIA_N": "XOCHIMILCO", "EN_OPERATI": null, "EN_OP": "SI", "SEC_N": "4150", "EST": "COMPLETA", "ALC_N": "XOCHIMILCO", "OP": "SI", "NOMBRE": "SAN LUIS TLAXIALTEMALCO" }, "geometry": { "type": "MultiPolygon", "coordinates": [ [ [ [ -99.037823974204528, 19.262814845150569 ], [ -99.03729467936742, 19.26333384326194 ], [ -99.035902230799351, 19.264426558155311 ], [ -99.035481183800115, 19.264807332410673 ], [ -99.035011225778561, 19.265232336159013 ], [ -99.034806169327723, 19.265359855688786 ], [ -99.03449110165549, 19.265432508383686 ], [ -99.033903841899146, 19.265554786908776 ], [ -99.033754685363391, 19.265531797211633 ], [ -99.033374327480672, 19.265429174496358 ], [ -99.033295261040607, 19.26545421951198 ], [ -99.033256878005631, 19.265466377673121 ], [ -99.033178586875067, 19.265533673208459 ], [ -99.032642188971664, 19.266778704827939 ], [ -99.032550494049218, 19.266697335345608 ], [ -99.030539674558113, 19.264441351595117 ], [ -99.030535459429544, 19.264422584455414 ], [ -99.030242444791909, 19.263117976015668 ], [ -99.029602676387256, 19.262510606869938 ], [ -99.029580045741952, 19.262446069388901 ], [ -99.030639759876564, 19.259795642009262 ], [ -99.030648152207817, 19.259774651770023 ], [ -99.030252016188754, 19.259791971399295 ], [ -99.030527941365989, 19.258820744921675 ], [ -99.030567736770493, 19.258680668461974 ], [ -99.030750469472537, 19.258275198763194 ], [ -99.030969645885648, 19.258264010550938 ], [ -99.031042624716633, 19.258260285170667 ], [ -99.032004731484989, 19.258403132928787 ], [ -99.03245231245252, 19.258426889662676 ], [ -99.032899893547224, 19.258450645301185 ], [ -99.032904087596393, 19.258506260931728 ], [ -99.032908281648474, 19.258561876561913 ], [ -99.034125559941316, 19.258740420458992 ], [ -99.035528021435098, 19.258341096514865 ], [ -99.03718311075022, 19.25786982532172 ], [ -99.037103782261283, 19.258525320249934 ], [ -99.036283911855676, 19.258477813533709 ], [ -99.036266892117325, 19.258557201984402 ], [ -99.03614761586519, 19.259122458672813 ], [ -99.036083988418667, 19.25963879633246 ], [ -99.036008224238174, 19.260253619514604 ], [ -99.036104329869616, 19.260269283794081 ], [ -99.036497293964828, 19.260333332547461 ], [ -99.037005250099611, 19.260347013419558 ], [ -99.03700057011666, 19.261049944165261 ], [ -99.037098740531164, 19.261163004901682 ], [ -99.037229900382442, 19.261314058529823 ], [ -99.037823974204528, 19.262814845150569 ] ] ] ] } },
{ "type": "Feature", "properties": { "id": 5356.0, "entidad": 9, "distrito_f": 21, "distrito_l": 25, "municipio": 13, "seccion": 4230, "tipo": 2, "control": 37054.0, "SECCION_TX": "4230", "SECCION__1": null, "SECCION__2": null, "SECCION_N": "4230", "ESTATUS": null, "ALCALDIA_N": "XOCHIMILCO", "EN_OPERATI": null, "EN_OP": "NO", "SEC_N": "4230", "EST": null, "ALC_N": "XOCHIMILCO", "OP": "NO", "NOMBRE": "CUAUHTEMOC" }, "geometry": { "type": "MultiPolygon", "coordinates": [ [ [ [ -99.106554785147821, 19.244635797078331 ], [ -99.106267799594619, 19.245700200357472 ], [ -99.106015905585167, 19.245849367101627 ], [ -99.10588297287029, 19.246152001144754 ], [ -99.10661014563351, 19.245731611700993 ], [ -99.106601254736191, 19.246688961656748 ], [ -99.106360032547045, 19.246799738542684 ], [ -99.106078275877508, 19.246723133864357 ], [ -99.106023743533726, 19.246948954314963 ], [ -99.105966678685121, 19.246933182146442 ], [ -99.105942998628009, 19.247077700718037 ], [ -99.105900201773281, 19.247068693934196 ], [ -99.10585277197184, 19.247249352448573 ], [ -99.10571962384391, 19.24721781897625 ], [ -99.105707759114381, 19.247251694156187 ], [ -99.105660204769691, 19.24723817428767 ], [ -99.105615105719224, 19.247346578964162 ], [ -99.105741256575797, 19.2475881001725 ], [ -99.10553019174418, 19.248392030221581 ], [ -99.105884484772503, 19.248509235748692 ], [ -99.105856012171216, 19.248595051968483 ], [ -99.105894092472582, 19.248662766578612 ], [ -99.10583009923846, 19.248965360593957 ], [ -99.106068137655342, 19.249443895013108 ], [ -99.106063486032951, 19.249604207745858 ], [ -99.106085044417441, 19.249857078680861 ], [ -99.106211988042219, 19.249993065597764 ], [ -99.106242172877501, 19.250206960112941 ], [ -99.106379308273119, 19.250225408559391 ], [ -99.106406006017252, 19.250229000120711 ], [ -99.106112454310761, 19.251597011196143 ], [ -99.105984872123543, 19.251476305816233 ], [ -99.105941161920839, 19.251434951575447 ], [ -99.105196016355976, 19.250729964210951 ], [ -99.104892968481849, 19.250445919697704 ], [ -99.10406185293192, 19.249656906817904 ], [ -99.102619402537897, 19.25112173564013 ], [ -99.102455421998727, 19.250999833682336 ], [ -99.100901987953549, 19.249845005597059 ], [ -99.099607217483509, 19.251148075284661 ], [ -99.096464267754371, 19.250416087194061 ], [ -99.095926936868736, 19.250290937602802 ], [ -99.09493695226773, 19.250067758734787 ], [ -99.09457414347446, 19.250021442188995 ], [ -99.094874090143279, 19.248686318596512 ], [ -99.09499622610717, 19.248142660278756 ], [ -99.095072198192511, 19.247966505499125 ], [ -99.095257590702957, 19.247903188203711 ], [ -99.095485839643473, 19.247952742805193 ], [ -99.095714103120258, 19.248027133890073 ], [ -99.095844893705845, 19.248094802099192 ], [ -99.09597568439834, 19.248162470213963 ], [ -99.096360904127849, 19.248329351539557 ], [ -99.096745927465079, 19.248425831801672 ], [ -99.097240584882698, 19.248464359530455 ], [ -99.098310386804059, 19.248490882597267 ], [ -99.098576644637234, 19.24849073936349 ], [ -99.0988523657049, 19.248413822421558 ], [ -99.099418024622054, 19.248183211359454 ], [ -99.100131034476036, 19.247887039215634 ], [ -99.100760854562822, 19.247620262668871 ], [ -99.101105478549655, 19.247484599280426 ], [ -99.101419162578907, 19.247292505176244 ], [ -99.101644885058889, 19.247098201520636 ], [ -99.101861011517627, 19.246763913824044 ], [ -99.102067626618791, 19.246427373279513 ], [ -99.10224104303461, 19.246226324375069 ], [ -99.102424047937248, 19.246153969604631 ], [ -99.102331980645744, 19.245910611077814 ], [ -99.102266893692999, 19.245743121701704 ], [ -99.102280658809406, 19.245708195468861 ], [ -99.102366581912932, 19.245490182401877 ], [ -99.102974641879655, 19.244658938101342 ], [ -99.103364247404485, 19.244238751088336 ], [ -99.103901338936524, 19.243976531826931 ], [ -99.104229604544727, 19.243970710453144 ], [ -99.10469057291283, 19.243962534770063 ], [ -99.105740443063112, 19.244377047273023 ], [ -99.105948600554441, 19.244443187849569 ], [ -99.106445392396296, 19.244601038783202 ], [ -99.106554785147821, 19.244635797078331 ] ] ] ] } },
{ "type": "Feature", "properties": { "id": 1351.0, "entidad": 9, "distrito_f": 5, "distrito_l": 19, "municipio": 13, "seccion": 4210, "tipo": 2, "control": 36920.0, "SECCION_TX": "4210", "SECCION__1": null, "SECCION__2": null, "SECCION_N": "4210", "ESTATUS": "COMPLETA", "ALCALDIA_N": "XOCHIMILCO", "EN_OPERATI": null, "EN_OP": "SI", "SEC_N": "4210", "EST": "COMPLETA", "ALC_N": "XOCHIMILCO", "OP": "SI", "NOMBRE": "SAN ANTONIO" }, "geometry": { "type": "MultiPolygon", "coordinates": [ [ [ [ -99.105705320012149, 19.261971963878143 ], [ -99.105917827485726, 19.261073108937765 ], [ -99.106041270124976, 19.260550971990867 ], [ -99.106130332668002, 19.260174253673192 ], [ -99.106351945746241, 19.260194227881158 ], [ -99.106433955845802, 19.260206640563908 ], [ -99.106684860007562, 19.260172228322535 ], [ -99.106891675372879, 19.260286089354775 ], [ -99.107060352262053, 19.260378952947207 ], [ -99.107135415497822, 19.260418187622136 ], [ -99.1073460093519, 19.260498926639499 ], [ -99.107741320016402, 19.260590589549874 ], [ -99.107826288526113, 19.260141225539989 ], [ -99.107845890875566, 19.259990871815628 ], [ -99.107956749287325, 19.259534609024367 ], [ -99.10763097360261, 19.259460894616915 ], [ -99.107351852937995, 19.259397736489699 ], [ -99.107414483702598, 19.259251124825251 ], [ -99.107567984294803, 19.258891795791282 ], [ -99.107976663775247, 19.257935111060871 ], [ -99.108553786506647, 19.256584094182859 ], [ -99.10942817675047, 19.25688958797981 ], [ -99.108992499612327, 19.258109186686063 ], [ -99.108917246689984, 19.258398160386495 ], [ -99.108731508537886, 19.259111396551916 ], [ -99.108685022363758, 19.259530149226958 ], [ -99.10867741394425, 19.259606075565035 ], [ -99.108668894644595, 19.259694821083361 ], [ -99.10861623212682, 19.260280515810333 ], [ -99.10856007307251, 19.260920266904268 ], [ -99.108555889867276, 19.260967920826175 ], [ -99.108544524381017, 19.26109739317857 ], [ -99.108465364139477, 19.261999158362848 ], [ -99.108034506369748, 19.261957011383043 ], [ -99.108042450326792, 19.261855190298512 ], [ -99.107231537945907, 19.261754201662836 ], [ -99.10721687921, 19.262041193281235 ], [ -99.107211921536205, 19.262138255378904 ], [ -99.106768788903949, 19.262148121979877 ], [ -99.106147432079169, 19.262045198244987 ], [ -99.105705320012149, 19.261971963878143 ] ] ] ] } },
{ "type": "Feature", "properties": { "id": 5384.0, "entidad": 9, "distrito_f": 21, "distrito_l": 25, "municipio": 13, "seccion": 4261, "tipo": 2, "control": 37244.0, "SECCION_TX": "4261", "SECCION__1": null, "SECCION__2": null, "SECCION_N": "4261", "ESTATUS": null, "ALCALDIA_N": "XOCHIMILCO", "EN_OPERATI": null, "EN_OP": "NO", "SEC_N": "4261", "EST": null, "ALC_N": "XOCHIMILCO", "OP": "NO", "NOMBRE": "SANTA CECILIA TEPETLAPA" }, "geometry": { "type": "MultiPolygon", "coordinates": [ [ [ [ -99.104173500796179, 19.223046310471862 ], [ -99.103668689611766, 19.221928682467265 ], [ -99.103309570951282, 19.22113384559178 ], [ -99.102940478595656, 19.22031677799837 ], [ -99.102749657455448, 19.21994798135216 ], [ -99.102699273563914, 19.21987030917559 ], [ -99.102532558675378, 19.21973141906216 ], [ -99.102248030299791, 19.219665946970593 ], [ -99.101792834562858, 19.219641106179864 ], [ -99.101337638956991, 19.219616264257652 ], [ -99.100967821577242, 19.219643492985224 ], [ -99.100715940867033, 19.219798057709557 ], [ -99.100557532026599, 19.219948710159603 ], [ -99.100336933628228, 19.220601115037645 ], [ -99.100262607604691, 19.220598396225807 ], [ -99.10009046708663, 19.220458572005143 ], [ -99.099801767079683, 19.220215508393309 ], [ -99.099691378524867, 19.220116092599913 ], [ -99.099561853605053, 19.219999442380892 ], [ -99.099321843354289, 19.219621228689213 ], [ -99.099159096088115, 19.21931632527075 ], [ -99.099049208085503, 19.219053860311281 ], [ -99.099036851130506, 19.218955401376412 ], [ -99.099034189426732, 19.218934193180971 ], [ -99.099020623013033, 19.218826097236082 ], [ -99.099004209468376, 19.218563581696497 ], [ -99.098975668452312, 19.218409170988622 ], [ -99.098951166152659, 19.218212290906777 ], [ -99.09892601886429, 19.218207177195435 ], [ -99.098174833961764, 19.218054421698895 ], [ -99.098239664133388, 19.217726231407781 ], [ -99.097540561115778, 19.217583760688019 ], [ -99.098039090009237, 19.215305708722109 ], [ -99.098429608524413, 19.215392715 ], [ -99.099473875784668, 19.215625369863979 ], [ -99.099554958458214, 19.21529717021189 ], [ -99.099582240310397, 19.215300934602464 ], [ -99.099859507639039, 19.215339192121426 ], [ -99.099917245253209, 19.215347158738354 ], [ -99.100418721508049, 19.215416351468285 ], [ -99.102091112872913, 19.215647094466409 ], [ -99.102257410289624, 19.215118092129558 ], [ -99.102277498137084, 19.215028342190934 ], [ -99.102374941221441, 19.214592977517572 ], [ -99.102402483807779, 19.213985100541624 ], [ -99.102766049166789, 19.214028282850805 ], [ -99.103103485269514, 19.214119531565451 ], [ -99.103284977437042, 19.214080631450162 ], [ -99.103920281956334, 19.21407596143866 ], [ -99.103697481182479, 19.213369103223709 ], [ -99.103996751480935, 19.213002508788541 ], [ -99.104482323606334, 19.213032408790916 ], [ -99.1046679811366, 19.212407225125187 ], [ -99.10534869622758, 19.212462876584368 ], [ -99.1055798879094, 19.212087696904447 ], [ -99.105883852366858, 19.211975438651162 ], [ -99.106509942517988, 19.211768153605767 ], [ -99.107004489527057, 19.211647160888038 ], [ -99.107322197166269, 19.211737503641988 ], [ -99.107381583725939, 19.212345303074496 ], [ -99.107327179747074, 19.212422930794155 ], [ -99.107200178260484, 19.212513533614612 ], [ -99.107228037041821, 19.213487776315759 ], [ -99.107591926515568, 19.214806692320092 ], [ -99.107619342029693, 19.215095505153464 ], [ -99.107642197251778, 19.21534983361687 ], [ -99.107659197253653, 19.21615584619305 ], [ -99.107670292162638, 19.2166818787395 ], [ -99.107752220170696, 19.21705687702589 ], [ -99.107761815863626, 19.217854383880479 ], [ -99.107875659884002, 19.218457839818448 ], [ -99.107921507230685, 19.21917341852058 ], [ -99.107849185272713, 19.219613170601978 ], [ -99.10802193404983, 19.220484126925829 ], [ -99.108025617500033, 19.220502697860653 ], [ -99.108051537282378, 19.220834738905545 ], [ -99.108336571718766, 19.221058270178307 ], [ -99.108281955944904, 19.221366400119805 ], [ -99.108281450241932, 19.221403664274519 ], [ -99.108278161821787, 19.221645980484737 ], [ -99.108277598117027, 19.221687518550304 ], [ -99.108332651902558, 19.222047656477731 ], [ -99.108372672169651, 19.222274881055416 ], [ -99.108410600837757, 19.222490229483718 ], [ -99.108346834166397, 19.222776667798506 ], [ -99.108262119953309, 19.22282051328348 ], [ -99.108154999090686, 19.222820175178157 ], [ -99.107926338561001, 19.222809567591508 ], [ -99.107867359545978, 19.223059011917258 ], [ -99.107244087885292, 19.223001547771389 ], [ -99.107236536520986, 19.222634189933483 ], [ -99.107433007935498, 19.221772213040978 ], [ -99.107322612047525, 19.221731336549478 ], [ -99.105765076233681, 19.221156478528869 ], [ -99.10561870886437, 19.221514649729286 ], [ -99.105550643051401, 19.22150971552788 ], [ -99.105087144985291, 19.22127623088117 ], [ -99.104949037454546, 19.221543800925719 ], [ -99.104927441102305, 19.221585641691064 ], [ -99.104773211197582, 19.22188444596371 ], [ -99.104668661651715, 19.222086999059336 ], [ -99.104531880788358, 19.22235199589943 ], [ -99.104173500796179, 19.223046310471862 ] ] ] ] } },
{ "type": "Feature", "properties": { "id": 5295.0, "entidad": 9, "distrito_f": 21, "distrito_l": 25, "municipio": 13, "seccion": 4141, "tipo": 2, "control": 36937.0, "SECCION_TX": "4141", "SECCION__1": null, "SECCION__2": null, "SECCION_N": "4141", "ESTATUS": null, "ALCALDIA_N": "XOCHIMILCO", "EN_OPERATI": null, "EN_OP": "NO", "SEC_N": "4141", "EST": null, "ALC_N": "XOCHIMILCO", "OP": "NO", "NOMBRE": "SAN DIEGO" }, "geometry": { "type": "MultiPolygon", "coordinates": [ [ [ [ -99.098380593863567, 19.264439893380917 ], [ -99.097957706189447, 19.26434071210091 ], [ -99.097886120418281, 19.264323922738519 ], [ -99.097810186748092, 19.264306113607514 ], [ -99.097418722722423, 19.26421430088724 ], [ -99.097160966239457, 19.264153846991892 ], [ -99.096847604450474, 19.264080350944884 ], [ -99.096659750064561, 19.264036291184084 ], [ -99.096552214311899, 19.264011069425919 ], [ -99.095971882326111, 19.263874955393341 ], [ -99.095899869523961, 19.263855999124932 ], [ -99.095580015368398, 19.263771802015835 ], [ -99.09467336540429, 19.263533135645069 ], [ -99.094439958095975, 19.263472811879197 ], [ -99.094268662008346, 19.263428540446256 ], [ -99.093945467383094, 19.263345010369736 ], [ -99.093895997513386, 19.263332224758766 ], [ -99.093696972370552, 19.263280786059475 ], [ -99.093535355215636, 19.263239015393783 ], [ -99.09338267420344, 19.26319955416243 ], [ -99.093317387355441, 19.263182680379604 ], [ -99.093256342987047, 19.26316690306713 ], [ -99.093190733339569, 19.263145698902136 ], [ -99.093160222722702, 19.26313583826682 ], [ -99.093158376102267, 19.263028731142349 ], [ -99.093169511171865, 19.262975585966352 ], [ -99.09321203328328, 19.262772637197539 ], [ -99.093217463527338, 19.262746719789721 ], [ -99.092664617808083, 19.262686910655354 ], [ -99.09218633982934, 19.262752184705853 ], [ -99.092063659562967, 19.262768927558074 ], [ -99.092159734395992, 19.262724040435732 ], [ -99.092186811494059, 19.262711389731287 ], [ -99.092328153624081, 19.262645353107882 ], [ -99.093421942305355, 19.262134317319187 ], [ -99.093614910391722, 19.262333119283419 ], [ -99.094108562218238, 19.262388509859619 ], [ -99.094209405461612, 19.262430193795893 ], [ -99.094410026713334, 19.262513121120442 ], [ -99.094653684987421, 19.262540181320599 ], [ -99.094743972818279, 19.262550208421548 ], [ -99.09487848561055, 19.262565146931721 ], [ -99.095202513795371, 19.262601131926637 ], [ -99.095259334272029, 19.262607442071655 ], [ -99.095396702652209, 19.262622697314089 ], [ -99.095552554612055, 19.262649668913092 ], [ -99.095657739316479, 19.262667872002542 ], [ -99.096131714139659, 19.262750710291922 ], [ -99.096283877394214, 19.262784672013694 ], [ -99.096732491227357, 19.262884798509265 ], [ -99.097099650145253, 19.262966744103299 ], [ -99.097719096292337, 19.263088877653864 ], [ -99.098368235043139, 19.26321686311875 ], [ -99.09868686126093, 19.263279683169369 ], [ -99.098601933984952, 19.263598118323152 ], [ -99.098558358426374, 19.263766483035987 ], [ -99.098494511795423, 19.264008348439535 ], [ -99.09846313772384, 19.264127200213867 ], [ -99.098448704980242, 19.264181874511461 ], [ -99.098380593863567, 19.264439893380917 ] ] ] ] } },
{ "type": "Feature", "properties": { "id": 5344.0, "entidad": 9, "distrito_f": 21, "distrito_l": 25, "municipio": 13, "seccion": 4213, "tipo": 2, "control": 36929.0, "SECCION_TX": "4213", "SECCION__1": null, "SECCION__2": null, "SECCION_N": "4213", "ESTATUS": "COMPLETA", "ALCALDIA_N": "XOCHIMILCO", "EN_OPERATI": null, "EN_OP": "SI", "SEC_N": "4213", "EST": "COMPLETA", "ALC_N": "XOCHIMILCO", "OP": "SI", "NOMBRE": "GARDENIAS" }, "geometry": { "type": "MultiPolygon", "coordinates": [ [ [ [ -99.101461829017964, 19.25489810705648 ], [ -99.101286467098078, 19.25485281850375 ], [ -99.101189137316979, 19.254827682262263 ], [ -99.10064043463386, 19.254685974025861 ], [ -99.100357127477977, 19.25461280623319 ], [ -99.099891036486511, 19.254492431016711 ], [ -99.099133814940544, 19.254296863913112 ], [ -99.098634284639445, 19.254167848581329 ], [ -99.098827021300664, 19.253526426306792 ], [ -99.09905302441544, 19.252774287584632 ], [ -99.1006967529609, 19.253198750217969 ], [ -99.101290413348295, 19.252587051951654 ], [ -99.101438583719897, 19.252434378535671 ], [ -99.10344393051291, 19.254026547571179 ], [ -99.103551259510553, 19.254177448562803 ], [ -99.103662507083968, 19.254295453531839 ], [ -99.104103909751331, 19.254631335245477 ], [ -99.10416005102627, 19.254674055309184 ], [ -99.105105710156025, 19.255393637892201 ], [ -99.105091314579397, 19.255460928675724 ], [ -99.105076918991159, 19.25552821945767 ], [ -99.10502836374593, 19.255755185834026 ], [ -99.104870411402658, 19.256493513022495 ], [ -99.104853977782341, 19.256570329405861 ], [ -99.104696989647209, 19.257304142179176 ], [ -99.103967727457558, 19.257176654629259 ], [ -99.103513345109022, 19.25709721922243 ], [ -99.103506838369981, 19.257125921817707 ], [ -99.102943869781726, 19.256996643127845 ], [ -99.102292688697531, 19.256847105123672 ], [ -99.102331689112518, 19.256670264117865 ], [ -99.10243644083593, 19.256195282641301 ], [ -99.102556271064728, 19.255651926455368 ], [ -99.102582208326325, 19.25553431649012 ], [ -99.102649488505961, 19.255229240327253 ], [ -99.101996402919212, 19.255047153595704 ], [ -99.101924135271602, 19.255027004491236 ], [ -99.101461829017964, 19.25489810705648 ] ] ] ] } },
{ "type": "Feature", "properties": { "id": 1323.0, "entidad": 9, "distrito_f": 5, "distrito_l": 19, "municipio": 13, "seccion": 4134, "tipo": 2, "control": 36533.0, "SECCION_TX": "4134", "SECCION__1": null, "SECCION__2": null, "SECCION_N": "4134", "ESTATUS": null, "ALCALDIA_N": "XOCHIMILCO", "EN_OPERATI": null, "EN_OP": "NO", "SEC_N": "4134", "EST": null, "ALC_N": "XOCHIMILCO", "OP": "NO", "NOMBRE": "ARCOS DEL SUR" }, "geometry": { "type": "MultiPolygon", "coordinates": [ [ [ [ -99.121892391141856, 19.26989700492323 ], [ -99.121473864798801, 19.270411193113947 ], [ -99.121350569612034, 19.270603516667691 ], [ -99.120862096431807, 19.271179684556369 ], [ -99.120456905884851, 19.271629830329985 ], [ -99.12024116976697, 19.272025865281456 ], [ -99.120150985270129, 19.272339384601501 ], [ -99.11980366658463, 19.273526136027773 ], [ -99.119773356537166, 19.273629701432426 ], [ -99.119732661904152, 19.273768749373769 ], [ -99.118437532949201, 19.271542691866482 ], [ -99.118529444231655, 19.271461772680837 ], [ -99.118621355423855, 19.271380853448751 ], [ -99.118550436250857, 19.271261300036969 ], [ -99.117657095296309, 19.269755315250176 ], [ -99.116914427007202, 19.268447004912087 ], [ -99.117740600858752, 19.268706986739641 ], [ -99.119192176599654, 19.269119708848333 ], [ -99.120538077895503, 19.269502735086185 ], [ -99.121892391141856, 19.26989700492323 ] ] ] ] } },
{ "type": "Feature", "properties": { "id": 1235.0, "entidad": 9, "distrito_f": 5, "distrito_l": 19, "municipio": 13, "seccion": 4096, "tipo": 2, "control": 36234.0, "SECCION_TX": "4096", "SECCION__1": null, "SECCION__2": null, "SECCION_N": "4096", "ESTATUS": null, "ALCALDIA_N": "XOCHIMILCO", "EN_OPERATI": null, "EN_OP": "NO", "SEC_N": "4096", "EST": null, "ALC_N": "XOCHIMILCO", "OP": "NO", "NOMBRE": "SANTA MARIA TEPEPAN" }, "geometry": { "type": "MultiPolygon", "coordinates": [ [ [ [ -99.137879846413725, 19.280265038206014 ], [ -99.136453930847807, 19.279712586692579 ], [ -99.136154062001339, 19.279754233469593 ], [ -99.135581379029276, 19.279583788886438 ], [ -99.135183160497078, 19.279382146188293 ], [ -99.135330100453587, 19.279035118806636 ], [ -99.135517765097092, 19.27848094549115 ], [ -99.135615222527534, 19.278188279493776 ], [ -99.135800607962565, 19.277631561488455 ], [ -99.134862510144373, 19.277350061063878 ], [ -99.134598815138773, 19.278282275813474 ], [ -99.134214340305448, 19.278212657044403 ], [ -99.133859927443098, 19.27808062893331 ], [ -99.133742582163705, 19.27809391139548 ], [ -99.133149282738643, 19.276925515699606 ], [ -99.132877780964719, 19.276185930582347 ], [ -99.133210722631475, 19.276074298196644 ], [ -99.133900259157869, 19.276201375134598 ], [ -99.134310484869175, 19.276325297538207 ], [ -99.135116749079813, 19.276516074446942 ], [ -99.135483150482585, 19.274937830341251 ], [ -99.136705729663959, 19.275112314802097 ], [ -99.136546540277408, 19.275538656505685 ], [ -99.136500233347476, 19.275662675486128 ], [ -99.136371440179417, 19.276007607641329 ], [ -99.136124584016031, 19.276757058599618 ], [ -99.136487672303275, 19.276857455617556 ], [ -99.136508175805702, 19.276863124963256 ], [ -99.137037051386969, 19.276958676350191 ], [ -99.137248065921256, 19.277015811455616 ], [ -99.137426866263681, 19.277065087928566 ], [ -99.137611227862422, 19.277111800690179 ], [ -99.137673760018131, 19.277145670022584 ], [ -99.137534078154971, 19.277768925353357 ], [ -99.137519210610051, 19.277904640968135 ], [ -99.137538351640799, 19.278057275861091 ], [ -99.13764340393088, 19.278218299775482 ], [ -99.137781159676734, 19.278629957583998 ], [ -99.137801644036244, 19.278673134993607 ], [ -99.137838140126462, 19.278847726553838 ], [ -99.137945411327067, 19.278991790393817 ], [ -99.138029901554248, 19.279305799634784 ], [ -99.138068701372063, 19.27960431257052 ], [ -99.138048899744376, 19.279696824608017 ], [ -99.138001992938072, 19.279915970022742 ], [ -99.137879846413725, 19.280265038206014 ] ] ] ] } },
{ "type": "Feature", "properties": { "id": 1312.0, "entidad": 9, "distrito_f": 5, "distrito_l": 19, "municipio": 13, "seccion": 4124, "tipo": 2, "control": 36250.0, "SECCION_TX": "4124", "SECCION__1": null, "SECCION__2": null, "SECCION_N": "4124", "ESTATUS": null, "ALCALDIA_N": "XOCHIMILCO", "EN_OPERATI": null, "EN_OP": "NO", "SEC_N": "4124", "EST": null, "ALC_N": "XOCHIMILCO", "OP": "NO", "NOMBRE": "SANTA MARIA TEPEPAN" }, "geometry": { "type": "MultiPolygon", "coordinates": [ [ [ [ -99.132877780964719, 19.276185930582347 ], [ -99.13283483527681, 19.275866085503136 ], [ -99.132821564477894, 19.275217110623338 ], [ -99.132817260765719, 19.275006647171423 ], [ -99.132816585285582, 19.274973614263345 ], [ -99.132797522608683, 19.274927975501775 ], [ -99.132256271300903, 19.273626940541625 ], [ -99.131813453182559, 19.272571935584015 ], [ -99.131765113315339, 19.272456199308799 ], [ -99.131171945255446, 19.271727266427419 ], [ -99.131218192603782, 19.271601481598971 ], [ -99.131759340340054, 19.271783596295233 ], [ -99.132024524131808, 19.271872838964061 ], [ -99.132549879685712, 19.272019159590325 ], [ -99.133219766655728, 19.272044880343408 ], [ -99.133551711469423, 19.272002290073807 ], [ -99.133774224272912, 19.271973740158483 ], [ -99.134100277538138, 19.271931060098424 ], [ -99.134305553760527, 19.271959203517216 ], [ -99.134402211363891, 19.271984386904869 ], [ -99.134481474428085, 19.2720050382365 ], [ -99.134732704057654, 19.272070493763316 ], [ -99.134807556957156, 19.272087401390237 ], [ -99.135447130822826, 19.272231865693175 ], [ -99.136423376986713, 19.272452371330118 ], [ -99.136310799550216, 19.272837439006125 ], [ -99.13616669502386, 19.273330341410961 ], [ -99.13593111833957, 19.273273652823121 ], [ -99.13590237132675, 19.273380447532844 ], [ -99.135713575736631, 19.274081816705039 ], [ -99.135483150482585, 19.274937830341251 ], [ -99.135116749079813, 19.276516074446942 ], [ -99.134310484869175, 19.276325297538207 ], [ -99.133900259157869, 19.276201375134598 ], [ -99.133210722631475, 19.276074298196644 ], [ -99.132877780964719, 19.276185930582347 ] ] ] ] } },
{ "type": "Feature", "properties": { "id": 1313.0, "entidad": 9, "distrito_f": 5, "distrito_l": 19, "municipio": 13, "seccion": 4125, "tipo": 2, "control": 36248.0, "SECCION_TX": "4125", "SECCION__1": null, "SECCION__2": null, "SECCION_N": "4125", "ESTATUS": null, "ALCALDIA_N": "XOCHIMILCO", "EN_OPERATI": null, "EN_OP": "NO", "SEC_N": "4125", "EST": null, "ALC_N": "XOCHIMILCO", "OP": "NO", "NOMBRE": "SANTA MARIA TEPEPAN" }, "geometry": { "type": "MultiPolygon", "coordinates": [ [ [ [ -99.137611227862422, 19.277111800690179 ], [ -99.137426866263681, 19.277065087928566 ], [ -99.137248065921256, 19.277015811455616 ], [ -99.137037051386969, 19.276958676350191 ], [ -99.136508175805702, 19.276863124963256 ], [ -99.136487672303275, 19.276857455617556 ], [ -99.136124584016031, 19.276757058599618 ], [ -99.136371440179417, 19.276007607641329 ], [ -99.136500233347476, 19.275662675486128 ], [ -99.136546540277408, 19.275538656505685 ], [ -99.136705729663959, 19.275112314802097 ], [ -99.135483150482585, 19.274937830341251 ], [ -99.135713575736631, 19.274081816705039 ], [ -99.13590237132675, 19.273380447532844 ], [ -99.13593111833957, 19.273273652823121 ], [ -99.13616669502386, 19.273330341410961 ], [ -99.136310799550216, 19.272837439006125 ], [ -99.136423376986713, 19.272452371330118 ], [ -99.137269838111919, 19.272694405391245 ], [ -99.13752109104837, 19.272714591367741 ], [ -99.138822224231475, 19.273117225065239 ], [ -99.138621597628656, 19.273774384858843 ], [ -99.138317904719301, 19.27476913176341 ], [ -99.138274601152872, 19.274910971690396 ], [ -99.138221644678879, 19.275079085371686 ], [ -99.138174241842634, 19.275229568375014 ], [ -99.138154379489507, 19.275292622461169 ], [ -99.137611227862422, 19.277111800690179 ] ] ] ] } },
{ "type": "Feature", "properties": { "id": 1289.0, "entidad": 9, "distrito_f": 5, "distrito_l": 19, "municipio": 13, "seccion": 4102, "tipo": 2, "control": 35748.0, "SECCION_TX": "4102", "SECCION__1": null, "SECCION__2": null, "SECCION_N": "4102", "ESTATUS": null, "ALCALDIA_N": "XOCHIMILCO", "EN_OPERATI": null, "EN_OP": "NO", "SEC_N": "4102", "EST": null, "ALC_N": "XOCHIMILCO", "OP": "NO", "NOMBRE": "SAN LORENZO LA CEBADA" }, "geometry": { "type": "MultiPolygon", "coordinates": [ [ [ [ -99.124485680500442, 19.28370224469888 ], [ -99.123261691907473, 19.283239339996896 ], [ -99.122902264530595, 19.283103404788573 ], [ -99.122579909062566, 19.282981489357322 ], [ -99.122218728955758, 19.2828448894826 ], [ -99.122013356940684, 19.282767216479268 ], [ -99.121851357042061, 19.282705946870994 ], [ -99.121661188314462, 19.282634023352472 ], [ -99.121513279418224, 19.282578082700219 ], [ -99.121311850957085, 19.282501900148205 ], [ -99.121165054485829, 19.282446379855816 ], [ -99.120952922430405, 19.282366148538802 ], [ -99.120829808617358, 19.282319585019557 ], [ -99.120589495518544, 19.282228694629278 ], [ -99.120472018179825, 19.282184262603774 ], [ -99.120141828427421, 19.282059378413244 ], [ -99.120008011201861, 19.282008765909428 ], [ -99.119943497400939, 19.281984365379689 ], [ -99.119604297982235, 19.281856072249205 ], [ -99.119240304660465, 19.281718400559928 ], [ -99.11893603588959, 19.281603317504644 ], [ -99.118613063127498, 19.28148115933767 ], [ -99.118555448561992, 19.281459367669203 ], [ -99.119228774510304, 19.279850398486449 ], [ -99.119590817118777, 19.279991709735608 ], [ -99.119952860344625, 19.280133020262053 ], [ -99.120317748266189, 19.28027544013781 ], [ -99.120562088665395, 19.280370808407213 ], [ -99.120678886559872, 19.280416395527489 ], [ -99.1208762260122, 19.280493418411979 ], [ -99.121208795961138, 19.280623221999601 ], [ -99.121578527423907, 19.280767891699242 ], [ -99.12195692068299, 19.280918437642853 ], [ -99.122318421660552, 19.28106226190155 ], [ -99.122663257881328, 19.28119945513183 ], [ -99.122873671162708, 19.281283167707294 ], [ -99.12304093740542, 19.281349714070362 ], [ -99.123208203782482, 19.281416260278991 ], [ -99.123554624912146, 19.281554081774665 ], [ -99.124408531492165, 19.28189379939985 ], [ -99.124482160580556, 19.282012650586896 ], [ -99.124867457227353, 19.282634588466177 ], [ -99.124602428920497, 19.283375753907652 ], [ -99.124485680500442, 19.28370224469888 ] ] ] ] } },
{ "type": "Feature", "properties": { "id": 1290.0, "entidad": 9, "distrito_f": 5, "distrito_l": 19, "municipio": 13, "seccion": 4103, "tipo": 2, "control": 35746.0, "SECCION_TX": "4103", "SECCION__1": null, "SECCION__2": null, "SECCION_N": "4103", "ESTATUS": null, "ALCALDIA_N": "XOCHIMILCO", "EN_OPERATI": null, "EN_OP": "NO", "SEC_N": "4103", "EST": null, "ALC_N": "XOCHIMILCO", "OP": "NO", "NOMBRE": "SAN LORENZO LA CEBADA" }, "geometry": { "type": "MultiPolygon", "coordinates": [ [ [ [ -99.122913080863867, 19.284959772656183 ], [ -99.122769162356548, 19.284906513287826 ], [ -99.122417497169565, 19.284776373280536 ], [ -99.122083091569792, 19.284652619670958 ], [ -99.121722428147748, 19.284519147920868 ], [ -99.121391353475943, 19.284396625344193 ], [ -99.121216138118726, 19.284331782140882 ], [ -99.121026883459052, 19.284261743065183 ], [ -99.120877667169268, 19.28420652114746 ], [ -99.120678181080834, 19.284132695149054 ], [ -99.120529451526792, 19.284077652991002 ], [ -99.120334528065555, 19.284005515050819 ], [ -99.120178535795304, 19.283947784702658 ], [ -99.119985340263042, 19.283876285755856 ], [ -99.119844628720998, 19.283824210226701 ], [ -99.119663501958229, 19.283757177336124 ], [ -99.119482375341946, 19.283690144264614 ], [ -99.119181730801969, 19.283578878337369 ], [ -99.119118394931974, 19.283555438200661 ], [ -99.118973742203039, 19.283501903188402 ], [ -99.118770316082475, 19.283426616281456 ], [ -99.118621101296128, 19.283371392507632 ], [ -99.118400667496942, 19.283289810580484 ], [ -99.118279179047732, 19.283244847899333 ], [ -99.118067870126751, 19.283166642553166 ], [ -99.11793110150262, 19.283116024370088 ], [ -99.117702298829286, 19.283031344008293 ], [ -99.118252984102043, 19.281344965557857 ], [ -99.118555448561992, 19.281459367669203 ], [ -99.118613063127498, 19.28148115933767 ], [ -99.11893603588959, 19.281603317504644 ], [ -99.119240304660465, 19.281718400559928 ], [ -99.119604297982235, 19.281856072249205 ], [ -99.119943497400939, 19.281984365379689 ], [ -99.120008011201861, 19.282008765909428 ], [ -99.120141828427421, 19.282059378413244 ], [ -99.120472018179825, 19.282184262603774 ], [ -99.120589495518544, 19.282228694629278 ], [ -99.120829808617358, 19.282319585019557 ], [ -99.120952922430405, 19.282366148538802 ], [ -99.121165054485829, 19.282446379855816 ], [ -99.121311850957085, 19.282501900148205 ], [ -99.121513279418224, 19.282578082700219 ], [ -99.121661188314462, 19.282634023352472 ], [ -99.121851357042061, 19.282705946870994 ], [ -99.122013356940684, 19.282767216479268 ], [ -99.122218728955758, 19.2828448894826 ], [ -99.122579909062566, 19.282981489357322 ], [ -99.122902264530595, 19.283103404788573 ], [ -99.123261691907473, 19.283239339996896 ], [ -99.124485680500442, 19.28370224469888 ], [ -99.124350806674684, 19.284004189587165 ], [ -99.124267699617718, 19.284044398682173 ], [ -99.123786433719644, 19.284304815846156 ], [ -99.122913080863867, 19.284959772656183 ] ] ] ] } },
{ "type": "Feature", "properties": { "id": 1291.0, "entidad": 9, "distrito_f": 5, "distrito_l": 19, "municipio": 13, "seccion": 4104, "tipo": 2, "control": 35744.0, "SECCION_TX": "4104", "SECCION__1": null, "SECCION__2": null, "SECCION_N": "4104", "ESTATUS": "COMPLETA", "ALCALDIA_N": "XOCHIMILCO", "EN_OPERATI": null, "EN_OP": "SI", "SEC_N": "4104", "EST": "COMPLETA", "ALC_N": "XOCHIMILCO", "OP": "SI", "NOMBRE": "SAN LORENZO LA CEBADA" }, "geometry": { "type": "MultiPolygon", "coordinates": [ [ [ [ -99.120406508487875, 19.286021700495091 ], [ -99.120300396176631, 19.285982019531239 ], [ -99.119946010029835, 19.285849495358704 ], [ -99.119785702363657, 19.285789547343644 ], [ -99.119604567221799, 19.285721810546171 ], [ -99.11946233652084, 19.285668622180417 ], [ -99.119269374433372, 19.285596462153475 ], [ -99.119154144980698, 19.285553370864427 ], [ -99.118895797720512, 19.28545675878966 ], [ -99.118847221418036, 19.28543859304169 ], [ -99.118560530000423, 19.285331380664456 ], [ -99.118379991631244, 19.285263865442143 ], [ -99.118271012106476, 19.28522311068518 ], [ -99.118030070703483, 19.285133006223621 ], [ -99.117979263517356, 19.2851140058902 ], [ -99.117687515312383, 19.285004900625982 ], [ -99.117399616846242, 19.284901037041809 ], [ -99.117354360927507, 19.284863916187462 ], [ -99.117064818292221, 19.284772028169964 ], [ -99.117005308953381, 19.284749773082094 ], [ -99.116769946579709, 19.284661752860746 ], [ -99.116661043849945, 19.284621025560192 ], [ -99.116465181374593, 19.284547776952575 ], [ -99.116307183286253, 19.284488688659309 ], [ -99.11619091584933, 19.284445206724655 ], [ -99.115823699985967, 19.28430787394327 ], [ -99.116402589099422, 19.282530345749198 ], [ -99.116823905920768, 19.282699869267429 ], [ -99.117363081177828, 19.280975187488615 ], [ -99.117654997246746, 19.281096629386322 ], [ -99.117707776256381, 19.281118586255303 ], [ -99.11784129804083, 19.28117413324938 ], [ -99.118041965139085, 19.281257613410311 ], [ -99.118201542046904, 19.281323999291107 ], [ -99.118252984102043, 19.281344965557857 ], [ -99.117702298829286, 19.283031344008293 ], [ -99.11793110150262, 19.283116024370088 ], [ -99.118067870126751, 19.283166642553166 ], [ -99.118279179047732, 19.283244847899333 ], [ -99.118400667496942, 19.283289810580484 ], [ -99.118621101296128, 19.283371392507632 ], [ -99.118770316082475, 19.283426616281456 ], [ -99.118973742203039, 19.283501903188402 ], [ -99.119118394931974, 19.283555438200661 ], [ -99.119181730801969, 19.283578878337369 ], [ -99.119482375341946, 19.283690144264614 ], [ -99.119663501958229, 19.283757177336124 ], [ -99.119844628720998, 19.283824210226701 ], [ -99.119985340263042, 19.283876285755856 ], [ -99.120178535795304, 19.283947784702658 ], [ -99.120334528065555, 19.284005515050819 ], [ -99.120529451526792, 19.284077652991002 ], [ -99.120678181080834, 19.284132695149054 ], [ -99.120877667169268, 19.28420652114746 ], [ -99.121026883459052, 19.284261743065183 ], [ -99.121216138118726, 19.284331782140882 ], [ -99.121391353475943, 19.284396625344193 ], [ -99.121722428147748, 19.284519147920868 ], [ -99.122083091569792, 19.284652619670958 ], [ -99.122417497169565, 19.284776373280536 ], [ -99.122769162356548, 19.284906513287826 ], [ -99.122913080863867, 19.284959772656183 ], [ -99.122221964046219, 19.285352645221206 ], [ -99.12183665421145, 19.285530241222865 ], [ -99.121395704420152, 19.285696553903232 ], [ -99.120955430996119, 19.285849354442195 ], [ -99.120756546264474, 19.285923161338264 ], [ -99.12068462422701, 19.285968692714253 ], [ -99.120648889160123, 19.286006447942519 ], [ -99.120406508487875, 19.286021700495091 ] ] ] ] } },
{ "type": "Feature", "properties": { "id": 1307.0, "entidad": 9, "distrito_f": 5, "distrito_l": 19, "municipio": 13, "seccion": 4119, "tipo": 2, "control": 36088.0, "SECCION_TX": "4119", "SECCION__1": null, "SECCION__2": null, "SECCION_N": "4119", "ESTATUS": null, "ALCALDIA_N": "XOCHIMILCO", "EN_OPERATI": null, "EN_OP": "NO", "SEC_N": "4119", "EST": null, "ALC_N": "XOCHIMILCO", "OP": "NO", "NOMBRE": "SAN LORENZO LA CEBADA" }, "geometry": { "type": "MultiPolygon", "coordinates": [ [ [ [ -99.116402589099422, 19.282530345749198 ], [ -99.116911565875398, 19.280825720609226 ], [ -99.117446098711341, 19.279214151586586 ], [ -99.117656862795755, 19.278477315431022 ], [ -99.117712978492719, 19.278284152302049 ], [ -99.117822620599469, 19.277909692990463 ], [ -99.118036699666348, 19.277549456677786 ], [ -99.118163416869919, 19.277591017859955 ], [ -99.118256011047762, 19.277611779503616 ], [ -99.118540493578763, 19.276827317458771 ], [ -99.118915067108219, 19.275975704709936 ], [ -99.119315602076952, 19.276128568945836 ], [ -99.119380783312167, 19.276153445264512 ], [ -99.11966856069013, 19.276263274691342 ], [ -99.119717480601281, 19.276281944777914 ], [ -99.120045973762174, 19.276408458815233 ], [ -99.120391391022352, 19.276539138199325 ], [ -99.120439340120939, 19.276557437527465 ], [ -99.120634211824495, 19.276631808331214 ], [ -99.120747900340618, 19.276675196269633 ], [ -99.121103453799279, 19.276810888625988 ], [ -99.120373721036515, 19.278389180058024 ], [ -99.120678352628261, 19.278516221835872 ], [ -99.119952860344625, 19.280133020262053 ], [ -99.119590817118777, 19.279991709735608 ], [ -99.119228774510304, 19.279850398486449 ], [ -99.118555448561992, 19.281459367669203 ], [ -99.118252984102043, 19.281344965557857 ], [ -99.118201542046904, 19.281323999291107 ], [ -99.118041965139085, 19.281257613410311 ], [ -99.11784129804083, 19.28117413324938 ], [ -99.117707776256381, 19.281118586255303 ], [ -99.117654997246746, 19.281096629386322 ], [ -99.117363081177828, 19.280975187488615 ], [ -99.116823905920768, 19.282699869267429 ], [ -99.116402589099422, 19.282530345749198 ] ] ] ] } },
{ "type": "Feature", "properties": { "id": 1308.0, "entidad": 9, "distrito_f": 5, "distrito_l": 19, "municipio": 13, "seccion": 4120, "tipo": 2, "control": 36085.0, "SECCION_TX": "4120", "SECCION__1": null, "SECCION__2": null, "SECCION_N": "4120", "ESTATUS": "COMPLETA", "ALCALDIA_N": "XOCHIMILCO", "EN_OPERATI": null, "EN_OP": "SI", "SEC_N": "4120", "EST": "COMPLETA", "ALC_N": "XOCHIMILCO", "OP": "SI", "NOMBRE": "SAN LORENZO LA CEBADA" }, "geometry": { "type": "MultiPolygon", "coordinates": [ [ [ [ -99.124408531492165, 19.28189379939985 ], [ -99.123554624912146, 19.281554081774665 ], [ -99.123208203782482, 19.281416260278991 ], [ -99.12304093740542, 19.281349714070362 ], [ -99.122873671162708, 19.281283167707294 ], [ -99.122663257881328, 19.28119945513183 ], [ -99.122318421660552, 19.28106226190155 ], [ -99.12195692068299, 19.280918437642853 ], [ -99.121578527423907, 19.280767891699242 ], [ -99.121208795961138, 19.280623221999601 ], [ -99.1208762260122, 19.280493418411979 ], [ -99.120678886559872, 19.280416395527489 ], [ -99.120562088665395, 19.280370808407213 ], [ -99.120317748266189, 19.28027544013781 ], [ -99.119952860344625, 19.280133020262053 ], [ -99.120678352628261, 19.278516221835872 ], [ -99.120373721036515, 19.278389180058024 ], [ -99.121103453799279, 19.276810888625988 ], [ -99.121507646513749, 19.27695679958094 ], [ -99.121615209990722, 19.2769956291054 ], [ -99.121780543707359, 19.277281699894782 ], [ -99.121893774182681, 19.277477617712528 ], [ -99.12210859972032, 19.277849319600314 ], [ -99.122305944484111, 19.278190773655485 ], [ -99.122884766549291, 19.279192265961729 ], [ -99.122988106343328, 19.279380488349538 ], [ -99.123028512686844, 19.279454084050091 ], [ -99.12325698161942, 19.27987021360088 ], [ -99.123488736275817, 19.280274920103118 ], [ -99.123722928415816, 19.280679624637553 ], [ -99.124408531492165, 19.28189379939985 ] ] ] ] } },
{ "type": "Feature", "properties": { "id": 1299.0, "entidad": 9, "distrito_f": 5, "distrito_l": 19, "municipio": 13, "seccion": 4115, "tipo": 2, "control": 36963.0, "SECCION_TX": "4115", "SECCION__1": null, "SECCION__2": null, "SECCION_N": "4115", "ESTATUS": "COMPLETA", "ALCALDIA_N": "XOCHIMILCO", "EN_OPERATI": null, "EN_OP": "SI", "SEC_N": "4115", "EST": "COMPLETA", "ALC_N": "XOCHIMILCO", "OP": "SI", "NOMBRE": "EL RANCHITO" }, "geometry": { "type": "MultiPolygon", "coordinates": [ [ [ [ -99.108963811442351, 19.270280178889763 ], [ -99.109587887276334, 19.270467876350072 ], [ -99.109782637020203, 19.270526448886613 ], [ -99.111086315990647, 19.270618445769035 ], [ -99.111092240413555, 19.270494624065144 ], [ -99.111506541312679, 19.270604217533915 ], [ -99.111729591217511, 19.27066321964152 ], [ -99.11178546327416, 19.270677999105782 ], [ -99.111990344868246, 19.270749665765702 ], [ -99.112258574187109, 19.270843490731885 ], [ -99.112019820635169, 19.271712000918111 ], [ -99.112132364878036, 19.271758555474353 ], [ -99.112034404449361, 19.272100521590229 ], [ -99.112425215490646, 19.272224611132792 ], [ -99.112247579193337, 19.272722038157795 ], [ -99.112426433544258, 19.272772557781163 ], [ -99.112734330508061, 19.272859526602673 ], [ -99.112718773356292, 19.273240718502063 ], [ -99.112665865710582, 19.273438329849295 ], [ -99.112975114237798, 19.273515533416585 ], [ -99.112793564711993, 19.274218421442878 ], [ -99.112491917264848, 19.274123144609135 ], [ -99.112364429460399, 19.274082876774024 ], [ -99.112139902177873, 19.274011958136885 ], [ -99.112071421685812, 19.274238702040641 ], [ -99.111835622512046, 19.274159500793477 ], [ -99.111786397892899, 19.274312836440629 ], [ -99.111737354117892, 19.274465608458137 ], [ -99.111315045303087, 19.274383686684466 ], [ -99.110984732483232, 19.274267622024912 ], [ -99.110924733163586, 19.274252569938501 ], [ -99.110473141451791, 19.274139277974104 ], [ -99.110374127980862, 19.274060768426125 ], [ -99.110318057804662, 19.274022966006189 ], [ -99.110273368712683, 19.27397218905794 ], [ -99.110271070969688, 19.273790196378471 ], [ -99.110207385627774, 19.273651078456542 ], [ -99.110176780659813, 19.273364907467158 ], [ -99.110059985301262, 19.273025822293413 ], [ -99.110026991845132, 19.272987571303727 ], [ -99.10989069400371, 19.272966402191727 ], [ -99.109580886732459, 19.272925662781802 ], [ -99.109403625721228, 19.272804835331069 ], [ -99.109325966231296, 19.272589304457124 ], [ -99.109342407750006, 19.272334282403666 ], [ -99.109314587381093, 19.27212923766378 ], [ -99.109359171825673, 19.272089200584357 ], [ -99.109563598096457, 19.271905624265859 ], [ -99.109311562694813, 19.271742777632166 ], [ -99.109237313349894, 19.271715119217916 ], [ -99.109159265977013, 19.271692878325592 ], [ -99.109056837615739, 19.271698225510338 ], [ -99.109025638049488, 19.271525997776269 ], [ -99.108732297726419, 19.27073753351106 ], [ -99.108963811442351, 19.270280178889763 ] ] ] ] } },
{ "type": "Feature", "properties": { "id": 1297.0, "entidad": 9, "distrito_f": 5, "distrito_l": 19, "municipio": 13, "seccion": 4113, "tipo": 2, "control": 36971.0, "SECCION_TX": "4113", "SECCION__1": null, "SECCION__2": null, "SECCION_N": "4113", "ESTATUS": null, "ALCALDIA_N": "XOCHIMILCO", "EN_OPERATI": null, "EN_OP": "NO", "SEC_N": "4113", "EST": null, "ALC_N": "XOCHIMILCO", "OP": "NO", "NOMBRE": "SAN JUAN" }, "geometry": { "type": "MultiPolygon", "coordinates": [ [ [ [ -99.104677267685233, 19.268038632163119 ], [ -99.104692635842511, 19.267947923425091 ], [ -99.104738083118903, 19.267727186149052 ], [ -99.105036771916957, 19.267330521179822 ], [ -99.104520217399411, 19.267220227881932 ], [ -99.104612632255908, 19.266802242532599 ], [ -99.104675606569842, 19.266517413275697 ], [ -99.10484990566745, 19.265729063097947 ], [ -99.105229536168849, 19.26581056394436 ], [ -99.105648766843345, 19.265900565329286 ], [ -99.106130839496771, 19.266004056459764 ], [ -99.106346025963006, 19.26605025213604 ], [ -99.106544699058347, 19.266092902516075 ], [ -99.106808775153297, 19.266153332316179 ], [ -99.107098485618565, 19.266221384204268 ], [ -99.107030273310357, 19.266408896916584 ], [ -99.107355202236533, 19.266600172522889 ], [ -99.107568110428844, 19.266707496694817 ], [ -99.107629308370619, 19.26672645668765 ], [ -99.107685458791835, 19.266743852864817 ], [ -99.107736391890512, 19.266759632625227 ], [ -99.107661727570203, 19.266980104702693 ], [ -99.107605197818557, 19.267147027818396 ], [ -99.10753750612129, 19.267346909867261 ], [ -99.107466713458891, 19.267555947992477 ], [ -99.10742528316014, 19.26760219304478 ], [ -99.10737518961399, 19.267658108082312 ], [ -99.107255318376744, 19.26779190963358 ], [ -99.107081191584939, 19.267986271284308 ], [ -99.107019139622281, 19.268065390013906 ], [ -99.106712467525298, 19.268456407752133 ], [ -99.106427678718632, 19.269030036505754 ], [ -99.106374996876184, 19.269081874476512 ], [ -99.106322315000654, 19.269133712431966 ], [ -99.106243375648049, 19.269211342912051 ], [ -99.10602737838164, 19.269060762997945 ], [ -99.105991252765818, 19.269035578404239 ], [ -99.105721948857109, 19.268937551530378 ], [ -99.105547314528835, 19.268677877097868 ], [ -99.105601046009127, 19.268495798785938 ], [ -99.105329342620934, 19.268428007434515 ], [ -99.105299533634124, 19.268617511898679 ], [ -99.104752995226931, 19.268571657516901 ], [ -99.104677267685233, 19.268038632163119 ] ] ] ] } },
{ "type": "Feature", "properties": { "id": 1362.0, "entidad": 9, "distrito_f": 5, "distrito_l": 19, "municipio": 13, "seccion": 4239, "tipo": 2, "control": 37040.0, "SECCION_TX": "4239", "SECCION__1": null, "SECCION__2": null, "SECCION_N": "4239", "ESTATUS": null, "ALCALDIA_N": "XOCHIMILCO", "EN_OPERATI": null, "EN_OP": "NO", "SEC_N": "4239", "EST": null, "ALC_N": "XOCHIMILCO", "OP": "NO", "NOMBRE": "SANTIAGO TEPALCATLALPAN" }, "geometry": { "type": "MultiPolygon", "coordinates": [ [ [ [ -99.117755847034118, 19.247158153263758 ], [ -99.11816734792427, 19.247220579261242 ], [ -99.119149768143359, 19.247389700222495 ], [ -99.119466160318211, 19.24591332066289 ], [ -99.119161957948407, 19.245869231442089 ], [ -99.118855853016242, 19.245755695515658 ], [ -99.118715297701101, 19.245624856149874 ], [ -99.118669009509375, 19.24557331771565 ], [ -99.118639179356705, 19.245540104051639 ], [ -99.118611622162192, 19.245338825708785 ], [ -99.118675249846689, 19.24511607337292 ], [ -99.118713284239618, 19.244858545423387 ], [ -99.11879296128437, 19.244643660973018 ], [ -99.118930336616572, 19.2444877127 ], [ -99.119023376118164, 19.244352855194538 ], [ -99.119196240688353, 19.244209520858835 ], [ -99.1194577054696, 19.244349920724328 ], [ -99.119564495036983, 19.244407263799463 ], [ -99.119826262425605, 19.244541889634004 ], [ -99.119972733346316, 19.244697652736331 ], [ -99.120128077786887, 19.244857622300266 ], [ -99.120159157134282, 19.244903938372701 ], [ -99.120159265964602, 19.245053478737663 ], [ -99.120143930115873, 19.245310445605938 ], [ -99.120139977681887, 19.245421540043097 ], [ -99.120137410797966, 19.245493689566747 ], [ -99.120150746772495, 19.245535804876443 ], [ -99.120195114714832, 19.245558943979251 ], [ -99.120383583776217, 19.245527227061014 ], [ -99.120492225459643, 19.245501881130451 ], [ -99.12056096653599, 19.245497623455311 ], [ -99.120662997074319, 19.245529149264232 ], [ -99.12072061247386, 19.245551106896201 ], [ -99.12087815991778, 19.245611149206727 ], [ -99.120989066980385, 19.245651093782381 ], [ -99.121168780156466, 19.245775240873837 ], [ -99.121250900916138, 19.245872071827986 ], [ -99.12165365966996, 19.245937006037149 ], [ -99.121629625331224, 19.246078972837605 ], [ -99.121576285224407, 19.246394043010618 ], [ -99.121844891660288, 19.246425578922953 ], [ -99.121882196332066, 19.246429958669932 ], [ -99.12221588745733, 19.246467392497959 ], [ -99.122249021991536, 19.246168382460461 ], [ -99.122269206367378, 19.246084582365459 ], [ -99.122279972702643, 19.246039883404233 ], [ -99.122328651350799, 19.245894522868902 ], [ -99.12240836477342, 19.245734398143401 ], [ -99.122477019957998, 19.245614298639342 ], [ -99.122574493850436, 19.245481542591712 ], [ -99.122647593299845, 19.245374077263484 ], [ -99.122727334344972, 19.245251864030138 ], [ -99.122773855904029, 19.245188646735436 ], [ -99.12284701777952, 19.245165429408853 ], [ -99.122888330035664, 19.245160269747927 ], [ -99.122954090543274, 19.245232234434436 ], [ -99.123031691166304, 19.245366598808459 ], [ -99.123041227525064, 19.245516910463486 ], [ -99.123018681398747, 19.245995484827809 ], [ -99.122909494600066, 19.24643241184247 ], [ -99.122912679550751, 19.246547934912474 ], [ -99.122923347160167, 19.246934864225917 ], [ -99.122924456660712, 19.246983231792363 ], [ -99.122941914874147, 19.247744300872789 ], [ -99.122958613542863, 19.248472251039423 ], [ -99.122975550598966, 19.249210585802199 ], [ -99.121770204625776, 19.249200081719977 ], [ -99.120988783058664, 19.249197706611756 ], [ -99.119978715677036, 19.249194631596655 ], [ -99.118813839113315, 19.249191078362912 ], [ -99.118331611199693, 19.248283996841103 ], [ -99.118098278651004, 19.24784508899107 ], [ -99.117755847034118, 19.247158153263758 ] ] ] ] } },
{ "type": "Feature", "properties": { "id": 1364.0, "entidad": 9, "distrito_f": 5, "distrito_l": 19, "municipio": 13, "seccion": 4250, "tipo": 2, "control": 37194.0, "SECCION_TX": "4250", "SECCION__1": null, "SECCION__2": null, "SECCION_N": "4250", "ESTATUS": null, "ALCALDIA_N": "XOCHIMILCO", "EN_OPERATI": null, "EN_OP": "NO", "SEC_N": "4250", "EST": null, "ALC_N": "XOCHIMILCO", "OP": "NO", "NOMBRE": "SANTIAGO TEPALCATLALPAN" }, "geometry": { "type": "MultiPolygon", "coordinates": [ [ [ [ -99.117755847034118, 19.247158153263758 ], [ -99.117518942907651, 19.246486350612933 ], [ -99.117395079390946, 19.246135101379242 ], [ -99.11661660251103, 19.244253199319576 ], [ -99.116585064907298, 19.243990181890421 ], [ -99.116689465776375, 19.24384122619589 ], [ -99.117237836820394, 19.243438875019987 ], [ -99.117270414808914, 19.243410369335304 ], [ -99.117390954630579, 19.243304897059151 ], [ -99.117629489389458, 19.24309617864693 ], [ -99.117859235043724, 19.242862771149735 ], [ -99.118088980048739, 19.242629363361672 ], [ -99.118346221483321, 19.242366711167076 ], [ -99.11844403793954, 19.242266836946033 ], [ -99.118596271962787, 19.242096642067295 ], [ -99.118741638064733, 19.241934124953485 ], [ -99.1189669879831, 19.241561293185214 ], [ -99.118981712993161, 19.24153693121962 ], [ -99.11912264016631, 19.241323431717714 ], [ -99.119206082469432, 19.241100043600433 ], [ -99.119228735348329, 19.240934100484857 ], [ -99.119242465447485, 19.240832019339603 ], [ -99.119357031786492, 19.240429428907149 ], [ -99.119376206384985, 19.240362048447299 ], [ -99.119393612451447, 19.2403008826446 ], [ -99.119435238850158, 19.24022167175314 ], [ -99.119513626548567, 19.240072507536915 ], [ -99.119552159854692, 19.239972126050834 ], [ -99.119612718057695, 19.23981436817423 ], [ -99.119659536048161, 19.239526485082443 ], [ -99.119701153903421, 19.239273346190554 ], [ -99.119679654966745, 19.238994658216484 ], [ -99.119668168540031, 19.238845760727134 ], [ -99.119653681672077, 19.238657968392751 ], [ -99.119622143949982, 19.238399914318521 ], [ -99.119600617975408, 19.237972702817984 ], [ -99.11959563739677, 19.237873856295963 ], [ -99.119647528999025, 19.237377524873768 ], [ -99.11974135764298, 19.237069759058841 ], [ -99.119772432842993, 19.236977301177347 ], [ -99.119807526030343, 19.236872888468252 ], [ -99.11986648957334, 19.236697454012845 ], [ -99.120038570760073, 19.236220895601711 ], [ -99.120097307019947, 19.236111786453165 ], [ -99.120148148979212, 19.236017341715943 ], [ -99.12024736354347, 19.235932905992875 ], [ -99.120337522752607, 19.235970069079478 ], [ -99.120351915143317, 19.236002318963539 ], [ -99.120375671993315, 19.236337304216857 ], [ -99.120514614081685, 19.23699232559197 ], [ -99.120551305564078, 19.237151116647876 ], [ -99.120653234644479, 19.237205642234006 ], [ -99.120697713178586, 19.237294946471643 ], [ -99.120697869119226, 19.237508354300083 ], [ -99.120925213594006, 19.237580167421349 ], [ -99.121060592077924, 19.237614290509196 ], [ -99.121189614938061, 19.237699006673722 ], [ -99.121241568986179, 19.237902551566243 ], [ -99.121492797779993, 19.238478090077674 ], [ -99.121380785760081, 19.238924832067006 ], [ -99.121374261140758, 19.238955789329484 ], [ -99.121266231620709, 19.239468353645318 ], [ -99.121220788143034, 19.239624294488518 ], [ -99.121237481956243, 19.239726386882463 ], [ -99.121206395411392, 19.239813319954475 ], [ -99.121164659578525, 19.23990268111007 ], [ -99.121185618542981, 19.239982074815995 ], [ -99.12126404265716, 19.240045300797988 ], [ -99.121342466831308, 19.240108526745527 ], [ -99.121619492781491, 19.240232417249565 ], [ -99.121673685110366, 19.240509895433494 ], [ -99.121664025800271, 19.240539896599383 ], [ -99.121621505910056, 19.240671960376268 ], [ -99.121562474219672, 19.240855308272597 ], [ -99.121546725040929, 19.240893772537177 ], [ -99.121424254441408, 19.241192882176527 ], [ -99.121437066967388, 19.241448953717541 ], [ -99.121405843244162, 19.24170809008238 ], [ -99.121303594233467, 19.242063067783928 ], [ -99.121316913618628, 19.242188690781802 ], [ -99.121358168024074, 19.242324659771583 ], [ -99.121375312011892, 19.242381163987101 ], [ -99.121396469007919, 19.24245089446676 ], [ -99.121475931076588, 19.242585895955358 ], [ -99.121668605831459, 19.242739077841769 ], [ -99.121700924235341, 19.242764771839965 ], [ -99.1218497585823, 19.242803932764808 ], [ -99.121992718575697, 19.242805864144422 ], [ -99.122071315626826, 19.24280692593754 ], [ -99.122337608542495, 19.242937091156666 ], [ -99.122413315601989, 19.243209671678624 ], [ -99.122512757917548, 19.243427975900083 ], [ -99.122667425082085, 19.243643921347346 ], [ -99.122701063661694, 19.243690887254573 ], [ -99.122777109043369, 19.244065540595901 ], [ -99.122855584640646, 19.244194525188917 ], [ -99.122910581545824, 19.244370673739049 ], [ -99.122942123752424, 19.244626245559683 ], [ -99.122931782112758, 19.244772660146428 ], [ -99.122858769700102, 19.244963783546549 ], [ -99.122889960039501, 19.245086659603874 ], [ -99.122888330035664, 19.245160269747927 ], [ -99.12284701777952, 19.245165429408853 ], [ -99.122773855904029, 19.245188646735436 ], [ -99.122727334344972, 19.245251864030138 ], [ -99.122647593299845, 19.245374077263484 ], [ -99.122574493850436, 19.245481542591712 ], [ -99.122477019957998, 19.245614298639342 ], [ -99.12240836477342, 19.245734398143401 ], [ -99.122328651350799, 19.245894522868902 ], [ -99.122279972702643, 19.246039883404233 ], [ -99.122269206367378, 19.246084582365459 ], [ -99.122249021991536, 19.246168382460461 ], [ -99.12221588745733, 19.246467392497959 ], [ -99.121882196332066, 19.246429958669932 ], [ -99.121844891660288, 19.246425578922953 ], [ -99.121576285224407, 19.246394043010618 ], [ -99.121629625331224, 19.246078972837605 ], [ -99.12165365966996, 19.245937006037149 ], [ -99.121250900916138, 19.245872071827986 ], [ -99.121168780156466, 19.245775240873837 ], [ -99.120989066980385, 19.245651093782381 ], [ -99.12087815991778, 19.245611149206727 ], [ -99.12072061247386, 19.245551106896201 ], [ -99.120662997074319, 19.245529149264232 ], [ -99.12056096653599, 19.245497623455311 ], [ -99.120492225459643, 19.245501881130451 ], [ -99.120383583776217, 19.245527227061014 ], [ -99.120195114714832, 19.245558943979251 ], [ -99.120150746772495, 19.245535804876443 ], [ -99.120137410797966, 19.245493689566747 ], [ -99.120139977681887, 19.245421540043097 ], [ -99.120143930115873, 19.245310445605938 ], [ -99.120159265964602, 19.245053478737663 ], [ -99.120159157134282, 19.244903938372701 ], [ -99.120128077786887, 19.244857622300266 ], [ -99.119972733346316, 19.244697652736331 ], [ -99.119826262425605, 19.244541889634004 ], [ -99.119564495036983, 19.244407263799463 ], [ -99.1194577054696, 19.244349920724328 ], [ -99.119196240688353, 19.244209520858835 ], [ -99.119023376118164, 19.244352855194538 ], [ -99.118930336616572, 19.2444877127 ], [ -99.11879296128437, 19.244643660973018 ], [ -99.118713284239618, 19.244858545423387 ], [ -99.118675249846689, 19.24511607337292 ], [ -99.118611622162192, 19.245338825708785 ], [ -99.118639179356705, 19.245540104051639 ], [ -99.118669009509375, 19.24557331771565 ], [ -99.118715297701101, 19.245624856149874 ], [ -99.118855853016242, 19.245755695515658 ], [ -99.119161957948407, 19.245869231442089 ], [ -99.119466160318211, 19.24591332066289 ], [ -99.119149768143359, 19.247389700222495 ], [ -99.11816734792427, 19.247220579261242 ], [ -99.117755847034118, 19.247158153263758 ] ] ] ] } },
{ "type": "Feature", "properties": { "id": 5377.0, "entidad": 9, "distrito_f": 21, "distrito_l": 25, "municipio": 13, "seccion": 4252, "tipo": 2, "control": 37193.0, "SECCION_TX": "4252", "SECCION__1": null, "SECCION__2": null, "SECCION_N": "4252", "ESTATUS": "COMPLETA", "ALCALDIA_N": "XOCHIMILCO", "EN_OPERATI": null, "EN_OP": "SI", "SEC_N": "4252", "EST": "COMPLETA", "ALC_N": "XOCHIMILCO", "OP": "SI", "NOMBRE": "SANTIAGO TEPALCATLALPAN" }, "geometry": { "type": "MultiPolygon", "coordinates": [ [ [ [ -99.122889960039501, 19.245086659603874 ], [ -99.122858769700102, 19.244963783546549 ], [ -99.122931782112758, 19.244772660146428 ], [ -99.122942123752424, 19.244626245559683 ], [ -99.122910581545824, 19.244370673739049 ], [ -99.122855584640646, 19.244194525188917 ], [ -99.122777109043369, 19.244065540595901 ], [ -99.122701063661694, 19.243690887254573 ], [ -99.122667425082085, 19.243643921347346 ], [ -99.122512757917548, 19.243427975900083 ], [ -99.122413315601989, 19.243209671678624 ], [ -99.122337608542495, 19.242937091156666 ], [ -99.122071315626826, 19.24280692593754 ], [ -99.121992718575697, 19.242805864144422 ], [ -99.1218497585823, 19.242803932764808 ], [ -99.121700924235341, 19.242764771839965 ], [ -99.121668605831459, 19.242739077841769 ], [ -99.121475931076588, 19.242585895955358 ], [ -99.121396469007919, 19.24245089446676 ], [ -99.121375312011892, 19.242381163987101 ], [ -99.121358168024074, 19.242324659771583 ], [ -99.121316913618628, 19.242188690781802 ], [ -99.121303594233467, 19.242063067783928 ], [ -99.121405843244162, 19.24170809008238 ], [ -99.121437066967388, 19.241448953717541 ], [ -99.121424254441408, 19.241192882176527 ], [ -99.121546725040929, 19.240893772537177 ], [ -99.121562474219672, 19.240855308272597 ], [ -99.121621505910056, 19.240671960376268 ], [ -99.121664025800271, 19.240539896599383 ], [ -99.121673685110366, 19.240509895433494 ], [ -99.121619492781491, 19.240232417249565 ], [ -99.121342466831308, 19.240108526745527 ], [ -99.12126404265716, 19.240045300797988 ], [ -99.121185618542981, 19.239982074815995 ], [ -99.121164659578525, 19.23990268111007 ], [ -99.121206395411392, 19.239813319954475 ], [ -99.121237481956243, 19.239726386882463 ], [ -99.121220788143034, 19.239624294488518 ], [ -99.121266231620709, 19.239468353645318 ], [ -99.121374261140758, 19.238955789329484 ], [ -99.121380785760081, 19.238924832067006 ], [ -99.121492797779993, 19.238478090077674 ], [ -99.121241568986179, 19.237902551566243 ], [ -99.121189614938061, 19.237699006673722 ], [ -99.121060592077924, 19.237614290509196 ], [ -99.120925213594006, 19.237580167421349 ], [ -99.120697869119226, 19.237508354300083 ], [ -99.120697713178586, 19.237294946471643 ], [ -99.120653234644479, 19.237205642234006 ], [ -99.120551305564078, 19.237151116647876 ], [ -99.120514614081685, 19.23699232559197 ], [ -99.120375671993315, 19.236337304216857 ], [ -99.120351915143317, 19.236002318963539 ], [ -99.120337522752607, 19.235970069079478 ], [ -99.12024736354347, 19.235932905992875 ], [ -99.120627143525127, 19.235435055046128 ], [ -99.120468597506004, 19.234793757509166 ], [ -99.119852938600474, 19.234817933873526 ], [ -99.119825938917316, 19.234818994078935 ], [ -99.119684921074636, 19.234898493934104 ], [ -99.11953870321544, 19.235012737911841 ], [ -99.119037147785733, 19.235077583357935 ], [ -99.118838935502922, 19.234012182923966 ], [ -99.119602969155977, 19.233893964350788 ], [ -99.119660859392141, 19.23388327730731 ], [ -99.12028496322101, 19.233751653083328 ], [ -99.121082421892467, 19.233606606215663 ], [ -99.121982854444482, 19.233442825323436 ], [ -99.121928906520708, 19.233624166918997 ], [ -99.121894249658752, 19.233740662947881 ], [ -99.121635914639185, 19.23415028032429 ], [ -99.121570629535711, 19.234352764155588 ], [ -99.121453345032293, 19.234724827659033 ], [ -99.124042710982792, 19.235064334847248 ], [ -99.123938758653381, 19.235909864087059 ], [ -99.123802952619457, 19.237014472620992 ], [ -99.123798622765477, 19.237049690209194 ], [ -99.124252638919316, 19.23710440066025 ], [ -99.125302202472838, 19.237230872093516 ], [ -99.12635252007172, 19.23735742816508 ], [ -99.126186707091321, 19.238463887025041 ], [ -99.126175861458606, 19.238623922143947 ], [ -99.126152183718744, 19.238973303203224 ], [ -99.126141055751575, 19.239137503389454 ], [ -99.126126769475817, 19.239205375515741 ], [ -99.126112483188479, 19.239273247640572 ], [ -99.126041993805231, 19.239420461099215 ], [ -99.125979341121493, 19.239485022876647 ], [ -99.125862880270347, 19.239578175698107 ], [ -99.125683664644583, 19.23974499363252 ], [ -99.125719028350204, 19.239866669389059 ], [ -99.125605639057284, 19.240302528705278 ], [ -99.125599968757697, 19.240324324818534 ], [ -99.125501324754055, 19.240556438388438 ], [ -99.125460799532632, 19.240593530416604 ], [ -99.12537706203581, 19.24067017380499 ], [ -99.12530769318397, 19.240708150142154 ], [ -99.125253311595074, 19.240737921593922 ], [ -99.125100005453731, 19.241103764609765 ], [ -99.125011274637117, 19.241333186746758 ], [ -99.124988599362936, 19.241493240835062 ], [ -99.12496937500805, 19.241628936266441 ], [ -99.12490481613824, 19.241942430662395 ], [ -99.124659544656041, 19.24235948750761 ], [ -99.124534344480622, 19.242632536179819 ], [ -99.124469430887345, 19.243166099780805 ], [ -99.124320433795305, 19.243219458102406 ], [ -99.124267306722373, 19.243238483747664 ], [ -99.124296566244681, 19.243449802726911 ], [ -99.124194650015653, 19.243725611656505 ], [ -99.123978394876957, 19.243852735317834 ], [ -99.123835461092284, 19.243981666617934 ], [ -99.123557261011726, 19.243995661907789 ], [ -99.12343463361087, 19.244105335311545 ], [ -99.123390792398325, 19.244258443893781 ], [ -99.123341486531544, 19.244451565434765 ], [ -99.123262809185917, 19.244554250960299 ], [ -99.123163999628019, 19.244676084876691 ], [ -99.123074717036943, 19.24486299568942 ], [ -99.123063424557671, 19.244886636171564 ], [ -99.123034215306205, 19.24501364180627 ], [ -99.122925319207894, 19.24505783231761 ], [ -99.122889960039501, 19.245086659603874 ] ] ] ] } },
{ "type": "Feature", "properties": { "id": 1296.0, "entidad": 9, "distrito_f": 5, "distrito_l": 25, "municipio": 13, "seccion": 4112, "tipo": 2, "control": 36974.0, "SECCION_TX": "4112", "SECCION__1": null, "SECCION__2": null, "SECCION_N": "4112", "ESTATUS": null, "ALCALDIA_N": "XOCHIMILCO", "EN_OPERATI": null, "EN_OP": "NO", "SEC_N": "4112", "EST": null, "ALC_N": "XOCHIMILCO", "OP": "NO", "NOMBRE": "LA ASUNCION" }, "geometry": { "type": "MultiPolygon", "coordinates": [ [ [ [ -99.103636395272773, 19.270661589526778 ], [ -99.103735258484633, 19.270507255354005 ], [ -99.103816625586617, 19.270330351486187 ], [ -99.103856433859178, 19.270152229207955 ], [ -99.103893839743463, 19.269985046005875 ], [ -99.104063631087115, 19.269237260805657 ], [ -99.104092997405431, 19.269107926665558 ], [ -99.104143611939577, 19.268875557138934 ], [ -99.104345812938078, 19.268010024133954 ], [ -99.104677267685233, 19.268038632163119 ], [ -99.104752995226931, 19.268571657516901 ], [ -99.105299533634124, 19.268617511898679 ], [ -99.105329342620934, 19.268428007434515 ], [ -99.105601046009127, 19.268495798785938 ], [ -99.105547314528835, 19.268677877097868 ], [ -99.105721948857109, 19.268937551530378 ], [ -99.105991252765818, 19.269035578404239 ], [ -99.10602737838164, 19.269060762997945 ], [ -99.106243375648049, 19.269211342912051 ], [ -99.105854161812559, 19.269594364088665 ], [ -99.10570684624669, 19.269739318336377 ], [ -99.105497403339001, 19.270105818258465 ], [ -99.105340475673458, 19.270384592425188 ], [ -99.105065440691263, 19.270873175740409 ], [ -99.104965410967722, 19.271150077506277 ], [ -99.104869210905278, 19.271428329683182 ], [ -99.104174567493601, 19.272526694907356 ], [ -99.10414863298432, 19.272567702033598 ], [ -99.104085396229209, 19.272645057497634 ], [ -99.104064513776336, 19.272670602301691 ], [ -99.103949772574055, 19.272810961180813 ], [ -99.103930791846039, 19.272796547583059 ], [ -99.103900871841219, 19.272773826900931 ], [ -99.103837211645853, 19.272725484522937 ], [ -99.103744069824728, 19.272687639963475 ], [ -99.103619358284064, 19.272687710696893 ], [ -99.103522529773358, 19.272683997164886 ], [ -99.102944120015138, 19.272474919074977 ], [ -99.10291754843773, 19.272528622082952 ], [ -99.102732935184875, 19.272463984457463 ], [ -99.102766954005531, 19.27219083622288 ], [ -99.102823417939774, 19.272027122471425 ], [ -99.102866367037919, 19.271819758064712 ], [ -99.102895098041174, 19.27172280437324 ], [ -99.102967347344176, 19.271581267976366 ], [ -99.103096251917805, 19.271385812529193 ], [ -99.103129341010657, 19.271322873981145 ], [ -99.103162430078314, 19.271259935426801 ], [ -99.103191652696623, 19.271133436992319 ], [ -99.103283804711367, 19.27082383151593 ], [ -99.1032945703178, 19.270663777670599 ], [ -99.103283847797968, 19.270515307241837 ], [ -99.103467582531152, 19.270583590070814 ], [ -99.103636395272773, 19.270661589526778 ] ] ] ] } },
{ "type": "Feature", "properties": { "id": 5291.0, "entidad": 9, "distrito_f": 21, "distrito_l": 25, "municipio": 13, "seccion": 4110, "tipo": 2, "control": 36989.0, "SECCION_TX": "4110", "SECCION__1": null, "SECCION__2": null, "SECCION_N": "4110", "ESTATUS": "COMPLETA", "ALCALDIA_N": "XOCHIMILCO", "EN_OPERATI": null, "EN_OP": "SI", "SEC_N": "4110", "EST": "COMPLETA", "ALC_N": "XOCHIMILCO", "OP": "SI", "NOMBRE": "LA ASUNCION" }, "geometry": { "type": "MultiPolygon", "coordinates": [ [ [ [ -99.1028678938155, 19.265323352593217 ], [ -99.103810932324791, 19.265515602166666 ], [ -99.10357566632058, 19.266569512222031 ], [ -99.103536099204135, 19.26674675782386 ], [ -99.103480591530825, 19.266995410390692 ], [ -99.103444716724894, 19.267156115018953 ], [ -99.103416288812312, 19.267283460348789 ], [ -99.103400816364584, 19.267352770452188 ], [ -99.103326585303464, 19.267685293775806 ], [ -99.103126185373227, 19.268582992704637 ], [ -99.102860302678437, 19.269689739265353 ], [ -99.102818920914871, 19.269861991020253 ], [ -99.1027157774258, 19.269862877275255 ], [ -99.102447543512014, 19.269830279681333 ], [ -99.10227473270352, 19.269789851336881 ], [ -99.102268253134653, 19.269876788304469 ], [ -99.102222405372245, 19.270073725806633 ], [ -99.102148560891678, 19.270064505891149 ], [ -99.102134675769904, 19.270139926189024 ], [ -99.101891351662061, 19.270138394504389 ], [ -99.101868646044295, 19.270138251559779 ], [ -99.101792525660585, 19.270137507349922 ], [ -99.101621639791588, 19.269581894651033 ], [ -99.101445230218886, 19.269672860384613 ], [ -99.101192676045883, 19.269803078107611 ], [ -99.10111185366425, 19.269774016227927 ], [ -99.101005955672164, 19.269747614221725 ], [ -99.100994300845855, 19.270188891527404 ], [ -99.100897221006463, 19.270169538850176 ], [ -99.100818024351085, 19.270153814937899 ], [ -99.100781352795764, 19.270135094507722 ], [ -99.100673188149486, 19.270079877564299 ], [ -99.100614798554446, 19.270337351030079 ], [ -99.100537204856764, 19.270563186678682 ], [ -99.100400096069222, 19.270506608518165 ], [ -99.100396187038427, 19.270478261030476 ], [ -99.100352990983794, 19.270466377503222 ], [ -99.100352974072635, 19.27043859394491 ], [ -99.10027727786472, 19.270399711835395 ], [ -99.100249785900303, 19.27039562457308 ], [ -99.100203610229926, 19.270388759572846 ], [ -99.100129942604795, 19.270377807280564 ], [ -99.099692989363533, 19.270365708674024 ], [ -99.099319927858133, 19.270263699168691 ], [ -99.099131729923883, 19.270212238206177 ], [ -99.099358471462764, 19.269621579630165 ], [ -99.099216713542248, 19.2695999457497 ], [ -99.099487655536095, 19.269012157769005 ], [ -99.099423596583634, 19.268936928280478 ], [ -99.099515912970489, 19.268555968613772 ], [ -99.099523939430938, 19.268522919835657 ], [ -99.099589826082862, 19.268535606140464 ], [ -99.099931822202663, 19.268601456197462 ], [ -99.099981059659953, 19.268614620071084 ], [ -99.100284461306572, 19.268720658117786 ], [ -99.100456497666428, 19.268780784070362 ], [ -99.100584421598555, 19.268447310861951 ], [ -99.100676306204875, 19.268341418104661 ], [ -99.100851766229027, 19.268211664728327 ], [ -99.101162904671014, 19.268304125253959 ], [ -99.101292399106924, 19.268342606726442 ], [ -99.101564569566435, 19.268423486445652 ], [ -99.101655026752539, 19.268446141207416 ], [ -99.102143987806343, 19.268560302848819 ], [ -99.102205818559639, 19.268283831309137 ], [ -99.10229508081548, 19.26788470021172 ], [ -99.102529882617219, 19.26683478790974 ], [ -99.102596469410869, 19.266537043702218 ], [ -99.102728178042327, 19.265948102638667 ], [ -99.102779933942344, 19.265716672632347 ], [ -99.1028678938155, 19.265323352593217 ] ] ] ] } },
{ "type": "Feature", "properties": { "id": 5298.0, "entidad": 9, "distrito_f": 21, "distrito_l": 25, "municipio": 13, "seccion": 4142, "tipo": 2, "control": 36939.0, "SECCION_TX": "4142", "SECCION__1": null, "SECCION__2": null, "SECCION_N": "4142", "ESTATUS": null, "ALCALDIA_N": "XOCHIMILCO", "EN_OPERATI": null, "EN_OP": "NO", "SEC_N": "4142", "EST": null, "ALC_N": "XOCHIMILCO", "OP": "NO", "NOMBRE": "SAN ESTEBAN" }, "geometry": { "type": "MultiPolygon", "coordinates": [ [ [ [ -99.09868686126093, 19.263279683169369 ], [ -99.098368235043139, 19.26321686311875 ], [ -99.097719096292337, 19.263088877653864 ], [ -99.097099650145253, 19.262966744103299 ], [ -99.096732491227357, 19.262884798509265 ], [ -99.096283877394214, 19.262784672013694 ], [ -99.096131714139659, 19.262750710291922 ], [ -99.095657739316479, 19.262667872002542 ], [ -99.095552554612055, 19.262649668913092 ], [ -99.095396702652209, 19.262622697314089 ], [ -99.095259334272029, 19.262607442071655 ], [ -99.095202513795371, 19.262601131926637 ], [ -99.09487848561055, 19.262565146931721 ], [ -99.094743972818279, 19.262550208421548 ], [ -99.094653684987421, 19.262540181320599 ], [ -99.094410026713334, 19.262513121120442 ], [ -99.094209405461612, 19.262430193795893 ], [ -99.094108562218238, 19.262388509859619 ], [ -99.093614910391722, 19.262333119283419 ], [ -99.093421942305355, 19.262134317319187 ], [ -99.093379565321399, 19.262032228931353 ], [ -99.092923492358693, 19.261898159033588 ], [ -99.092932020817685, 19.261667922367103 ], [ -99.092898979237219, 19.261507972991847 ], [ -99.092926457242271, 19.261354057896568 ], [ -99.092986624057403, 19.261256765433462 ], [ -99.093025317797157, 19.261036219655015 ], [ -99.092815921193306, 19.26096512601185 ], [ -99.092793371703465, 19.260958230600281 ], [ -99.09287196279405, 19.260703862311466 ], [ -99.092928658855968, 19.260520359065691 ], [ -99.093524019072305, 19.260659252667526 ], [ -99.09416550246651, 19.260799051428986 ], [ -99.094012904730747, 19.260639188166568 ], [ -99.093841122955325, 19.260455455066857 ], [ -99.093817752523194, 19.260430458645846 ], [ -99.093655784763556, 19.260163686890529 ], [ -99.093784969461353, 19.259885832648028 ], [ -99.093573038283779, 19.259810766795621 ], [ -99.093623441825798, 19.259622247775599 ], [ -99.094039478799573, 19.259727984563494 ], [ -99.094115967863658, 19.259429450244404 ], [ -99.094218512824668, 19.25902921886615 ], [ -99.094747564058309, 19.259402292350241 ], [ -99.094990873176044, 19.259701064397699 ], [ -99.095079967117073, 19.259810467172976 ], [ -99.095169061176449, 19.259919869903047 ], [ -99.095120148012342, 19.260313242788509 ], [ -99.095492288416779, 19.260450831589097 ], [ -99.09550937392865, 19.260705518484908 ], [ -99.095534775323415, 19.26108416540076 ], [ -99.096053076781857, 19.261193866100719 ], [ -99.096082588208745, 19.261207082044585 ], [ -99.096112099640365, 19.261220297983641 ], [ -99.096194470527337, 19.261257185639924 ], [ -99.096671572318769, 19.261354410009236 ], [ -99.097373436826771, 19.261495647213266 ], [ -99.098273829944262, 19.26167775807313 ], [ -99.098513595529056, 19.261726251537503 ], [ -99.098976012282137, 19.261819776043229 ], [ -99.098906786670852, 19.262172807661958 ], [ -99.0988597343473, 19.262412760724477 ], [ -99.098843347379699, 19.262496329291427 ], [ -99.098779759042159, 19.262820609722745 ], [ -99.098756722673272, 19.262938087607182 ], [ -99.098729333337147, 19.263077763968234 ], [ -99.098698050572267, 19.263237295207297 ], [ -99.09868686126093, 19.263279683169369 ] ] ] ] } },
{ "type": "Feature", "properties": { "id": 5341.0, "entidad": 9, "distrito_f": 21, "distrito_l": 25, "municipio": 13, "seccion": 4185, "tipo": 2, "control": 36943.0, "SECCION_TX": "4185", "SECCION__1": null, "SECCION__2": null, "SECCION_N": "4185", "ESTATUS": "COMPLETA", "ALCALDIA_N": "XOCHIMILCO", "EN_OPERATI": null, "EN_OP": "SI", "SEC_N": "4185", "EST": "COMPLETA", "ALC_N": "XOCHIMILCO", "OP": "SI", "NOMBRE": "AGATOPAN" }, "geometry": { "type": "MultiPolygon", "coordinates": [ [ [ [ -99.096323720546536, 19.260450161873177 ], [ -99.096327491526765, 19.260401360850363 ], [ -99.096331262504819, 19.260352559827204 ], [ -99.096366488735143, 19.259896688375235 ], [ -99.096384566311301, 19.259662740984087 ], [ -99.096404791222952, 19.25940100350299 ], [ -99.096420193676508, 19.25936880256182 ], [ -99.096583074570319, 19.259028276867944 ], [ -99.096770075350491, 19.258637323200979 ], [ -99.096799550435847, 19.258575700850216 ], [ -99.096551763337686, 19.258327663652363 ], [ -99.095733883900735, 19.257508950954723 ], [ -99.095072236520778, 19.25684662078244 ], [ -99.09493586093248, 19.256710103492836 ], [ -99.094280983098358, 19.256054540600868 ], [ -99.093952450181121, 19.255721562330915 ], [ -99.093657035551985, 19.255273451803856 ], [ -99.09313193136029, 19.254476920960705 ], [ -99.093033613789643, 19.254195826201407 ], [ -99.092871663442821, 19.253732799975122 ], [ -99.093006374083558, 19.253777409394967 ], [ -99.093037601506865, 19.253787724725395 ], [ -99.093749273751769, 19.25402328289821 ], [ -99.094029774691421, 19.254116125656051 ], [ -99.094273140126958, 19.25419667653178 ], [ -99.094657337137292, 19.254257236234437 ], [ -99.094716086507759, 19.254263969916831 ], [ -99.095254086383406, 19.254366668831278 ], [ -99.095446044656583, 19.254416175034791 ], [ -99.095477488339355, 19.254424284365509 ], [ -99.095595709893388, 19.254454773667202 ], [ -99.096035553008363, 19.254602868361935 ], [ -99.096134219695372, 19.254653559322481 ], [ -99.096450532107724, 19.254777044168307 ], [ -99.096800172756687, 19.254912777000239 ], [ -99.09732401560241, 19.255077989292943 ], [ -99.097377781173961, 19.255094946055788 ], [ -99.097445410432883, 19.255116275166525 ], [ -99.097543815434634, 19.255156311773828 ], [ -99.097612689986846, 19.255177713619297 ], [ -99.097673129666831, 19.255194949652708 ], [ -99.097852532471038, 19.255290404988827 ], [ -99.097919078976403, 19.255325812495148 ], [ -99.098106246390273, 19.255426745732155 ], [ -99.098353229164715, 19.2555568105122 ], [ -99.098832960590371, 19.255696318329026 ], [ -99.099082989593228, 19.255769027169002 ], [ -99.099050027682026, 19.256107646835702 ], [ -99.099276350769898, 19.256327822381934 ], [ -99.098718029493654, 19.256659648986659 ], [ -99.098605705918587, 19.256921245523618 ], [ -99.098611574860996, 19.25700359624744 ], [ -99.09864482028776, 19.257470081558981 ], [ -99.09881520483502, 19.257555288772725 ], [ -99.09899382476992, 19.257641385140694 ], [ -99.099428893108907, 19.25785493042935 ], [ -99.099529411353188, 19.257904267732993 ], [ -99.099738565520724, 19.258060292734392 ], [ -99.099823856778912, 19.258123918224236 ], [ -99.099783461208972, 19.258366022120988 ], [ -99.099785489584676, 19.258557574661889 ], [ -99.099667120074614, 19.258701638379968 ], [ -99.099647428529707, 19.258725604293144 ], [ -99.099496983189596, 19.258977617736409 ], [ -99.099534914862204, 19.259019285038114 ], [ -99.099596507970659, 19.259056292178705 ], [ -99.099565309037388, 19.259225992394928 ], [ -99.099536465596145, 19.259382880080064 ], [ -99.099510428210209, 19.259524504572951 ], [ -99.099487852183145, 19.259646662547663 ], [ -99.099472036766315, 19.259733325731972 ], [ -99.099444673927152, 19.259882159083542 ], [ -99.09940439864188, 19.260100314537841 ], [ -99.099239693350214, 19.260031463920054 ], [ -99.099073414231214, 19.259961955196381 ], [ -99.098910544731567, 19.260234969153249 ], [ -99.098561496788804, 19.259951160553058 ], [ -99.098369208333025, 19.259771277842972 ], [ -99.098274660889786, 19.259681587428389 ], [ -99.098203555598204, 19.259691351252204 ], [ -99.098162892987915, 19.259696934825989 ], [ -99.097788210680775, 19.260369851040743 ], [ -99.097752614512842, 19.260402775241115 ], [ -99.097736263210095, 19.260417891701813 ], [ -99.097554197562673, 19.260586150500149 ], [ -99.097234934556013, 19.260855425049865 ], [ -99.096774428724558, 19.260794677702869 ], [ -99.096323720546536, 19.260450161873177 ] ] ] ] } },
{ "type": "Feature", "properties": { "id": 5345.0, "entidad": 9, "distrito_f": 21, "distrito_l": 25, "municipio": 13, "seccion": 4214, "tipo": 2, "control": 36926.0, "SECCION_TX": "4214", "SECCION__1": null, "SECCION__2": null, "SECCION_N": "4214", "ESTATUS": null, "ALCALDIA_N": "XOCHIMILCO", "EN_OPERATI": null, "EN_OP": "NO", "SEC_N": "4214", "EST": null, "ALC_N": "XOCHIMILCO", "OP": "NO", "NOMBRE": "SAN CRISTOBAL" }, "geometry": { "type": "MultiPolygon", "coordinates": [ [ [ [ -99.101863007876133, 19.25892875889809 ], [ -99.101610119428543, 19.258919116198893 ], [ -99.101293526623053, 19.25890704394228 ], [ -99.10109512856863, 19.258899478385047 ], [ -99.100961237877272, 19.258894372579494 ], [ -99.100725475431744, 19.258747577528137 ], [ -99.100420127331574, 19.258557454842336 ], [ -99.100328775198477, 19.258500574941863 ], [ -99.100308946806692, 19.25848578350865 ], [ -99.10000505881581, 19.258259090846277 ], [ -99.099868730264902, 19.25815739286767 ], [ -99.099823856778912, 19.258123918224236 ], [ -99.099738565520724, 19.258060292734392 ], [ -99.099529411353188, 19.257904267732993 ], [ -99.099428893108907, 19.25785493042935 ], [ -99.09899382476992, 19.257641385140694 ], [ -99.09881520483502, 19.257555288772725 ], [ -99.09864482028776, 19.257470081558981 ], [ -99.098611574860996, 19.25700359624744 ], [ -99.098605705918587, 19.256921245523618 ], [ -99.098718029493654, 19.256659648986659 ], [ -99.099276350769898, 19.256327822381934 ], [ -99.099489660908105, 19.256305604865744 ], [ -99.09955140035342, 19.256336232090085 ], [ -99.099617304867323, 19.256368925453458 ], [ -99.099720697908339, 19.256420215739382 ], [ -99.099907747521073, 19.25656230557161 ], [ -99.10006935902598, 19.256685071318547 ], [ -99.100175386202025, 19.256382799957766 ], [ -99.10042328930588, 19.256462308372509 ], [ -99.100511267995302, 19.256270388195684 ], [ -99.100933582691241, 19.256434811287885 ], [ -99.101021519478152, 19.256469048097113 ], [ -99.101109457924707, 19.256503285785968 ], [ -99.101138910469274, 19.256494824014254 ], [ -99.101224492281872, 19.25629332073273 ], [ -99.101587021620702, 19.256405698954669 ], [ -99.101867403757026, 19.256492612275149 ], [ -99.101944829181676, 19.256516612644749 ], [ -99.101758079042597, 19.257270988689061 ], [ -99.101752527349163, 19.257293414612363 ], [ -99.102190529763291, 19.25739228338665 ], [ -99.102043482231409, 19.258082118539082 ], [ -99.102026769573513, 19.258160521244481 ], [ -99.101863007876133, 19.25892875889809 ] ] ] ] } },
{ "type": "Feature", "properties": { "id": 5346.0, "entidad": 9, "distrito_f": 21, "distrito_l": 25, "municipio": 13, "seccion": 4216, "tipo": 2, "control": 37218.0, "SECCION_TX": "4216", "SECCION__1": null, "SECCION__2": null, "SECCION_N": "4216", "ESTATUS": null, "ALCALDIA_N": "XOCHIMILCO", "EN_OPERATI": null, "EN_OP": "NO", "SEC_N": "4216", "EST": null, "ALC_N": "XOCHIMILCO", "OP": "NO", "NOMBRE": "XALTOCAN" }, "geometry": { "type": "MultiPolygon", "coordinates": [ [ [ [ -99.101438583719897, 19.252434378535671 ], [ -99.101290413348295, 19.252587051951654 ], [ -99.1006967529609, 19.253198750217969 ], [ -99.09905302441544, 19.252774287584632 ], [ -99.098827021300664, 19.253526426306792 ], [ -99.098634284639445, 19.254167848581329 ], [ -99.09856907604572, 19.254151023650856 ], [ -99.09844597515476, 19.254119261446391 ], [ -99.09834414976514, 19.254092988625143 ], [ -99.097927427116659, 19.253985465846451 ], [ -99.097709516079277, 19.253929240005355 ], [ -99.097004424586302, 19.25374730884397 ], [ -99.096810713834429, 19.253697326099505 ], [ -99.09637018595437, 19.253583656814605 ], [ -99.096035394149382, 19.253497269763479 ], [ -99.095789748191663, 19.253432482346359 ], [ -99.095524807594657, 19.253362605674265 ], [ -99.095214536011753, 19.253280772631566 ], [ -99.094960951199099, 19.253213890073894 ], [ -99.094577764249792, 19.253112824404212 ], [ -99.094286974353395, 19.253036127864501 ], [ -99.094006740955848, 19.252962215121038 ], [ -99.093863605456633, 19.252929716089383 ], [ -99.094344925829247, 19.25071158707788 ], [ -99.09439373281559, 19.250486660331859 ], [ -99.09457414347446, 19.250021442188995 ], [ -99.09493695226773, 19.250067758734787 ], [ -99.095926936868736, 19.250290937602802 ], [ -99.096464267754371, 19.250416087194061 ], [ -99.099607217483509, 19.251148075284661 ], [ -99.099774712773154, 19.251229606454906 ], [ -99.101438583719897, 19.252434378535671 ] ] ] ] } },
{ "type": "Feature", "properties": { "id": 5332.0, "entidad": 9, "distrito_f": 21, "distrito_l": 25, "municipio": 13, "seccion": 4176, "tipo": 2, "control": 36841.0, "SECCION_TX": "4176", "SECCION__1": null, "SECCION__2": null, "SECCION_N": "4176", "ESTATUS": null, "ALCALDIA_N": "XOCHIMILCO", "EN_OPERATI": null, "EN_OP": "NO", "SEC_N": "4176", "EST": null, "ALC_N": "XOCHIMILCO", "OP": "NO", "NOMBRE": "LA GALLERA" }, "geometry": { "type": "MultiPolygon", "coordinates": [ [ [ [ -99.058321867770445, 19.254145068712401 ], [ -99.058355568793942, 19.253678866498014 ], [ -99.058376987712833, 19.253382567094921 ], [ -99.058986863007974, 19.253428514721499 ], [ -99.059201777168838, 19.253444705730459 ], [ -99.059343764670956, 19.252746696835658 ], [ -99.059487211515901, 19.251937595773036 ], [ -99.060275974525524, 19.252093459029709 ], [ -99.060489411156496, 19.252253858385938 ], [ -99.060702848202041, 19.252414257489232 ], [ -99.061024369677313, 19.252655881564966 ], [ -99.061750819819508, 19.253201805682298 ], [ -99.062212531241101, 19.253548776405388 ], [ -99.062339934701399, 19.253620235504876 ], [ -99.062669817134591, 19.253805261970609 ], [ -99.064087833541137, 19.254600596080696 ], [ -99.064686446014889, 19.254936338978041 ], [ -99.064951206925741, 19.255030057361232 ], [ -99.065599203304089, 19.255067351029563 ], [ -99.065768404178073, 19.255032627691147 ], [ -99.066002183230637, 19.254984651362069 ], [ -99.066045613849354, 19.25490583344973 ], [ -99.066476525714378, 19.254681351768475 ], [ -99.066744811927279, 19.254541588397913 ], [ -99.067720513626966, 19.254008376576461 ], [ -99.068079978474557, 19.253805608822589 ], [ -99.06861715642539, 19.253400139444764 ], [ -99.069012123481642, 19.253066019450568 ], [ -99.069162210260473, 19.252938378179458 ], [ -99.069261654810632, 19.252789120162941 ], [ -99.069462300993308, 19.252487965904177 ], [ -99.070011076042846, 19.251497099772063 ], [ -99.070200800090404, 19.251673394046939 ], [ -99.069892039368767, 19.25216026340674 ], [ -99.069367685680319, 19.252987082737352 ], [ -99.068676567662166, 19.253749098532538 ], [ -99.068272838865596, 19.254047569354789 ], [ -99.068178884074342, 19.254117028480739 ], [ -99.06670940832349, 19.254928107532724 ], [ -99.066400831842557, 19.255041349950748 ], [ -99.065762150656482, 19.255275733136394 ], [ -99.065330240182462, 19.255434233974984 ], [ -99.064964062279742, 19.25556861148992 ], [ -99.064850171766167, 19.255597644720865 ], [ -99.064827625999513, 19.255601394557353 ], [ -99.063293538871193, 19.255856538671189 ], [ -99.06317388324473, 19.255854750109975 ], [ -99.063110694742775, 19.255853805563611 ], [ -99.062674735642645, 19.255847288220163 ], [ -99.062554898103159, 19.255845496534107 ], [ -99.062514258295934, 19.2552914916132 ], [ -99.062501201594031, 19.255113500851195 ], [ -99.062454212833501, 19.254930855586601 ], [ -99.062453867856789, 19.254893165213172 ], [ -99.062452168457952, 19.254707497376373 ], [ -99.062451543422142, 19.254639208959375 ], [ -99.062288006726277, 19.254613201407711 ], [ -99.061539428401403, 19.254494151600952 ], [ -99.061518535908704, 19.254491112081606 ], [ -99.060758616312526, 19.254380554387787 ], [ -99.060727939131525, 19.254376091216699 ], [ -99.06057494660611, 19.254363415116629 ], [ -99.0605468199998, 19.254361084690071 ], [ -99.060377341792957, 19.254347042501045 ], [ -99.059939470944769, 19.254318774320595 ], [ -99.059618858682214, 19.2542980754795 ], [ -99.059345646731742, 19.254280436371783 ], [ -99.059141304541185, 19.254267243363685 ], [ -99.058321867770445, 19.254145068712401 ] ] ] ] } },
{ "type": "Feature", "properties": { "id": 5547.0, "entidad": 9, "distrito_f": 21, "distrito_l": 25, "municipio": 13, "seccion": 4159, "tipo": 2, "control": 36776.0, "SECCION_TX": "4159", "SECCION__1": null, "SECCION__2": null, "SECCION_N": "4159", "ESTATUS": null, "ALCALDIA_N": "XOCHIMILCO", "EN_OPERATI": null, "EN_OP": "NO", "SEC_N": "4159", "EST": null, "ALC_N": "XOCHIMILCO", "OP": "NO", "NOMBRE": "A�O DE JUAREZ" }, "geometry": { "type": "MultiPolygon", "coordinates": [ [ [ [ -99.013921237877184, 19.254390917190754 ], [ -99.014045268560807, 19.254005554287922 ], [ -99.014280121426268, 19.253292127545052 ], [ -99.014549606625621, 19.25256125733441 ], [ -99.01491895137508, 19.252646118609007 ], [ -99.014949381065989, 19.252653110149016 ], [ -99.015008438068506, 19.252666679097569 ], [ -99.015491142783503, 19.252838868367629 ], [ -99.015645363748405, 19.252897441279867 ], [ -99.015768969927478, 19.252859624675533 ], [ -99.015791971924699, 19.252800650361266 ], [ -99.015942818571247, 19.252413896840352 ], [ -99.017179108633613, 19.252717167921677 ], [ -99.01727950646071, 19.252700305122787 ], [ -99.017505788045142, 19.252823650536925 ], [ -99.017065907612164, 19.253659403478832 ], [ -99.017443040583416, 19.253816561234377 ], [ -99.017662710612484, 19.253884890636755 ], [ -99.018299963128669, 19.254083109232642 ], [ -99.019024482507945, 19.254316145450051 ], [ -99.019345518355578, 19.254419403089592 ], [ -99.020093435757531, 19.254659959781211 ], [ -99.020143350823389, 19.254459889419007 ], [ -99.02016866639012, 19.254358418969236 ], [ -99.020283581670654, 19.253897811216344 ], [ -99.020323783438812, 19.253736672347614 ], [ -99.020854700769902, 19.253818943865866 ], [ -99.020834805297852, 19.253307817276035 ], [ -99.020832830212044, 19.253257075962196 ], [ -99.020962699493353, 19.253052112862353 ], [ -99.021309835829015, 19.253129206677748 ], [ -99.021522097062899, 19.25313163947418 ], [ -99.021704384297109, 19.253245035912038 ], [ -99.021809161977728, 19.253422114668197 ], [ -99.021802900636715, 19.253603186204788 ], [ -99.021849663657918, 19.253792445212845 ], [ -99.022217042014802, 19.253903266061908 ], [ -99.022283951400695, 19.253606530757644 ], [ -99.022653248009391, 19.253671490822736 ], [ -99.022682223745477, 19.253676587683064 ], [ -99.022999464983968, 19.253728084424825 ], [ -99.023465034377779, 19.2538036577401 ], [ -99.023856443915761, 19.253893277415109 ], [ -99.024148285589035, 19.25396660573108 ], [ -99.02422069182586, 19.253992880708402 ], [ -99.024518206550695, 19.254068453052192 ], [ -99.024725955132951, 19.254175708630761 ], [ -99.025047857466703, 19.254266472668007 ], [ -99.025307106343902, 19.254486536792054 ], [ -99.025138918496879, 19.25478002637626 ], [ -99.024574853258784, 19.254599719033529 ], [ -99.024361925115741, 19.255062732870805 ], [ -99.024264207047707, 19.255275220580291 ], [ -99.023797395161267, 19.256274159922082 ], [ -99.023732591649122, 19.256259687533504 ], [ -99.023687071078569, 19.256280430884914 ], [ -99.023667798014898, 19.256313998955886 ], [ -99.023691947007251, 19.256364678655451 ], [ -99.023749011991754, 19.256395501040519 ], [ -99.02340235166352, 19.257089606291284 ], [ -99.022877416339085, 19.256908973544459 ], [ -99.021993452848676, 19.25660479318714 ], [ -99.021653557088356, 19.256487830341182 ], [ -99.018046311540687, 19.255442826586457 ], [ -99.016795082065471, 19.255130636688602 ], [ -99.015942323429059, 19.254911340180772 ], [ -99.015902808998462, 19.254901165588542 ], [ -99.015478958829362, 19.254792027561361 ], [ -99.014896057059559, 19.254641933177524 ], [ -99.014395457466534, 19.254513029503219 ], [ -99.013921237877184, 19.254390917190754 ] ] ] ] } },
{ "type": "Feature", "properties": { "id": 5330.0, "entidad": 9, "distrito_f": 21, "distrito_l": 25, "municipio": 13, "seccion": 4173, "tipo": 2, "control": 36804.0, "SECCION_TX": "4173", "SECCION__1": null, "SECCION__2": null, "SECCION_N": "4173", "ESTATUS": "COMPLETA", "ALCALDIA_N": "XOCHIMILCO", "EN_OPERATI": null, "EN_OP": "SI", "SEC_N": "4173", "EST": "COMPLETA", "ALC_N": "XOCHIMILCO", "OP": "SI", "NOMBRE": "LOS REYES" }, "geometry": { "type": "MultiPolygon", "coordinates": [ [ [ [ -99.055760105304316, 19.251694083072973 ], [ -99.055699213833847, 19.252358355478453 ], [ -99.055529063163334, 19.252338318952965 ], [ -99.055265171370507, 19.252307243380105 ], [ -99.054967263597504, 19.252272161655558 ], [ -99.054753134864512, 19.252246945471345 ], [ -99.054399007670455, 19.252205242249783 ], [ -99.054087620641852, 19.252168571671159 ], [ -99.053999253956576, 19.252158165044754 ], [ -99.053767076001876, 19.252130237402664 ], [ -99.053500563704844, 19.252098179461917 ], [ -99.053242862435468, 19.25206718099118 ], [ -99.052977784075779, 19.252035294750989 ], [ -99.05268888039258, 19.252000542114292 ], [ -99.052619044370758, 19.251992141368746 ], [ -99.05245206595761, 19.251972055016253 ], [ -99.052232233860735, 19.251945610489894 ], [ -99.05198307918559, 19.251915638297611 ], [ -99.051662931997683, 19.25187712550947 ], [ -99.051602407465921, 19.251869844516889 ], [ -99.051376164763539, 19.251842627742807 ], [ -99.051149922135068, 19.251815410688707 ], [ -99.050972581643862, 19.251794076374011 ], [ -99.051001369675149, 19.251460877922234 ], [ -99.05078673442506, 19.251406059198075 ], [ -99.050654636365593, 19.251323778177667 ], [ -99.050448210421905, 19.251120001052684 ], [ -99.049886981390856, 19.251382787398569 ], [ -99.049866321332743, 19.25130439527867 ], [ -99.049876585023981, 19.251124077649891 ], [ -99.04991162175638, 19.250975112363214 ], [ -99.050003493227763, 19.250608915812393 ], [ -99.050008495478636, 19.250588976962941 ], [ -99.050016773308798, 19.250482424723323 ], [ -99.050020829130602, 19.250430218130472 ], [ -99.050006320812059, 19.250222468031311 ], [ -99.04985147748755, 19.249985357051077 ], [ -99.049845200216723, 19.249699206920535 ], [ -99.049814235919641, 19.249665896301927 ], [ -99.049209555614581, 19.249528863820647 ], [ -99.048846331708674, 19.249434883816456 ], [ -99.048837615299078, 19.249412923170311 ], [ -99.048828898891799, 19.249390962523695 ], [ -99.048863824580124, 19.249104156528297 ], [ -99.048865961674309, 19.248931662302422 ], [ -99.048763085209714, 19.248819464955652 ], [ -99.048566129328222, 19.248744700805695 ], [ -99.048517959417964, 19.24864080173889 ], [ -99.048493821370229, 19.248408045600748 ], [ -99.04849156179462, 19.248164892472264 ], [ -99.048349311037043, 19.248092191814894 ], [ -99.048281453637102, 19.248007002011668 ], [ -99.04823982972178, 19.247838675785687 ], [ -99.048312014658521, 19.247757605496435 ], [ -99.048338258342653, 19.24770979911272 ], [ -99.048364467306442, 19.247543533217005 ], [ -99.048305297601487, 19.247235969740171 ], [ -99.048274586557923, 19.246972041711967 ], [ -99.048361995461534, 19.246575075303671 ], [ -99.048235044173168, 19.2464379451391 ], [ -99.048006296531184, 19.246350156576018 ], [ -99.047647530755413, 19.246279882211738 ], [ -99.047659315819175, 19.246205737632277 ], [ -99.047740313933232, 19.245696144071221 ], [ -99.047801460147284, 19.245278402345967 ], [ -99.047843008890908, 19.245191105506457 ], [ -99.047864803795761, 19.24489391181142 ], [ -99.047928208684752, 19.244721401482348 ], [ -99.047952237946831, 19.244584231492034 ], [ -99.048004723295662, 19.244484462316944 ], [ -99.048006855801134, 19.244293263872386 ], [ -99.048037422005123, 19.244062571442445 ], [ -99.047991384506432, 19.243761239010659 ], [ -99.047954150208454, 19.243634476249106 ], [ -99.047763745898393, 19.243493205845503 ], [ -99.047728721543692, 19.243441259029279 ], [ -99.047722139876697, 19.243380991840166 ], [ -99.047763648511221, 19.243156531293792 ], [ -99.047798635517751, 19.243079627348209 ], [ -99.0476957580305, 19.242948725177651 ], [ -99.047700086155999, 19.242782464990924 ], [ -99.047682535954365, 19.242624523454772 ], [ -99.047621226785125, 19.242474906257112 ], [ -99.047627773012849, 19.242412557403931 ], [ -99.047160848014471, 19.242011196426937 ], [ -99.047811516770082, 19.24228799911344 ], [ -99.047805470317172, 19.242316754992693 ], [ -99.04782668702525, 19.242403012349779 ], [ -99.0479084449276, 19.242466250428723 ], [ -99.047999285907466, 19.242532361518826 ], [ -99.048062887943757, 19.242624358586614 ], [ -99.048102273392317, 19.242724988286316 ], [ -99.048217337972744, 19.242805470047703 ], [ -99.048314222282968, 19.242831323369082 ], [ -99.048338482716673, 19.242972213023908 ], [ -99.048486847324355, 19.243046934956585 ], [ -99.048595871894477, 19.243176300381258 ], [ -99.048617092513169, 19.243274059355407 ], [ -99.048656469134784, 19.243343059204022 ], [ -99.048744309801165, 19.243498309031963 ], [ -99.048835146580927, 19.2435471671218 ], [ -99.048941097465828, 19.243518384527086 ], [ -99.049034964288325, 19.243575867995922 ], [ -99.049159099315759, 19.243613215282636 ], [ -99.049319590845116, 19.243742566436406 ], [ -99.049513374734374, 19.2438402787201 ], [ -99.049734413416502, 19.243963862258205 ], [ -99.04997060346011, 19.244133448260939 ], [ -99.050246166269872, 19.244354780877263 ], [ -99.050534572286239, 19.244517463723536 ], [ -99.050746991815004, 19.244641394705766 ], [ -99.05080947014801, 19.244682654480119 ], [ -99.051266633945076, 19.245079106029099 ], [ -99.051363510223879, 19.2450733280096 ], [ -99.051645428055693, 19.24519923710384 ], [ -99.051905915712695, 19.245284890038032 ], [ -99.052052890703521, 19.245228513658123 ], [ -99.052179255946342, 19.245238275003878 ], [ -99.052511989094214, 19.245443923733699 ], [ -99.05241818550985, 19.246510620207221 ], [ -99.052657393871684, 19.246709039182221 ], [ -99.052916096625538, 19.247230761958225 ], [ -99.052985084303302, 19.247369887964343 ], [ -99.053187667220612, 19.247564224295697 ], [ -99.053495679129512, 19.24763562587054 ], [ -99.05340521358012, 19.248094158818972 ], [ -99.053334026817723, 19.248471124293175 ], [ -99.053336257942263, 19.248604130798476 ], [ -99.05332318408469, 19.248774550023736 ], [ -99.053286763762657, 19.248975048959846 ], [ -99.053262024422793, 19.249111242182721 ], [ -99.053236607486113, 19.249263812848138 ], [ -99.053238093093114, 19.249438877448924 ], [ -99.053238640520419, 19.249489673445296 ], [ -99.053246940616276, 19.249834472907416 ], [ -99.053587353043284, 19.249774410700688 ], [ -99.054450362748568, 19.249622138644707 ], [ -99.054482884258363, 19.249616587184764 ], [ -99.05514188450968, 19.249504093741319 ], [ -99.055014161565623, 19.250390218492942 ], [ -99.055003081609371, 19.25046708929958 ], [ -99.054982112511908, 19.250617057943874 ], [ -99.054997422060012, 19.250640857086289 ], [ -99.055855089328219, 19.250785402358225 ], [ -99.055803722760174, 19.25105330739925 ], [ -99.055771383095276, 19.251228893395137 ], [ -99.055779060839001, 19.251389986681627 ], [ -99.055760105304316, 19.251694083072973 ] ] ] ] } },
{ "type": "Feature", "properties": { "id": 5333.0, "entidad": 9, "distrito_f": 21, "distrito_l": 25, "municipio": 13, "seccion": 4177, "tipo": 2, "control": 37088.0, "SECCION_TX": "4177", "SECCION__1": null, "SECCION__2": null, "SECCION_N": "4177", "ESTATUS": null, "ALCALDIA_N": "XOCHIMILCO", "EN_OPERATI": null, "EN_OP": "NO", "SEC_N": "4177", "EST": null, "ALC_N": "XOCHIMILCO", "OP": "NO", "NOMBRE": "SAN JUAN MINAS" }, "geometry": { "type": "MultiPolygon", "coordinates": [ [ [ [ -99.058672348167832, 19.248850604269482 ], [ -99.05930970176766, 19.248746162401371 ], [ -99.059561582632142, 19.248771261608312 ], [ -99.059937228193235, 19.248901240872417 ], [ -99.060246635072531, 19.249148752585775 ], [ -99.060430105728145, 19.249394206981393 ], [ -99.060626982164294, 19.250044651368423 ], [ -99.060755331600319, 19.250596492634674 ], [ -99.06086809204669, 19.250812592166088 ], [ -99.061412886574317, 19.251476886323253 ], [ -99.06155111632809, 19.251645435388326 ], [ -99.061646087774236, 19.251553073054023 ], [ -99.06166152954448, 19.251488016913786 ], [ -99.061683558833906, 19.251313840848397 ], [ -99.061668022219365, 19.251124988519898 ], [ -99.06161928385707, 19.250774569224099 ], [ -99.061610393662477, 19.250633978244274 ], [ -99.061685364384573, 19.250233155229186 ], [ -99.061694077363057, 19.249899503884208 ], [ -99.061979096083562, 19.249909899655922 ], [ -99.061996823438761, 19.250048389216754 ], [ -99.062311241887855, 19.250120384810732 ], [ -99.062628763417663, 19.250169882240616 ], [ -99.06266403083778, 19.250345661833993 ], [ -99.062571981469986, 19.25082748296261 ], [ -99.063307910588492, 19.250943196770695 ], [ -99.063407887642057, 19.250959668100371 ], [ -99.06350070473583, 19.251014194764696 ], [ -99.06377034297185, 19.251240730063849 ], [ -99.06392948404806, 19.251400154245683 ], [ -99.064090796572529, 19.25146095191414 ], [ -99.064024088712188, 19.251617747935267 ], [ -99.064011329247208, 19.251647738866861 ], [ -99.063940753169177, 19.251973018207757 ], [ -99.063843642322311, 19.252243747927128 ], [ -99.06378233781453, 19.252396953726088 ], [ -99.064153033587004, 19.252419906741089 ], [ -99.064634672436597, 19.252365178387898 ], [ -99.06470534932599, 19.252300102478564 ], [ -99.065114101513657, 19.252310449553747 ], [ -99.06514072340255, 19.252585332704768 ], [ -99.065485412180138, 19.252620882748825 ], [ -99.065460089501414, 19.252760150962786 ], [ -99.065386202948019, 19.253166506622033 ], [ -99.065399594426921, 19.253506445355459 ], [ -99.065403803275728, 19.253559954857266 ], [ -99.065424021664427, 19.253817002295687 ], [ -99.065422479722031, 19.25383668888389 ], [ -99.065386075715182, 19.25430147187998 ], [ -99.065371261237217, 19.254490612884446 ], [ -99.065413260454932, 19.254538861452389 ], [ -99.065380268755248, 19.25491868662667 ], [ -99.065729370561101, 19.254926955198826 ], [ -99.065768404178073, 19.255032627691147 ], [ -99.065599203304089, 19.255067351029563 ], [ -99.064951206925741, 19.255030057361232 ], [ -99.064686446014889, 19.254936338978041 ], [ -99.064087833541137, 19.254600596080696 ], [ -99.062669817134591, 19.253805261970609 ], [ -99.062339934701399, 19.253620235504876 ], [ -99.062212531241101, 19.253548776405388 ], [ -99.061750819819508, 19.253201805682298 ], [ -99.061024369677313, 19.252655881564966 ], [ -99.060702848202041, 19.252414257489232 ], [ -99.060489411156496, 19.252253858385938 ], [ -99.060275974525524, 19.252093459029709 ], [ -99.059487211515901, 19.251937595773036 ], [ -99.059078767410185, 19.251856462225366 ], [ -99.058452166061741, 19.251740961999761 ], [ -99.058072630071862, 19.251671001734763 ], [ -99.058092538372605, 19.251560922724593 ], [ -99.058164845241748, 19.25116111494296 ], [ -99.058238314865079, 19.250754787651577 ], [ -99.057204150959365, 19.250594334830271 ], [ -99.056986532580225, 19.2505642337007 ], [ -99.056930486547671, 19.250556792493011 ], [ -99.056529846796323, 19.250503599205839 ], [ -99.056486511662897, 19.250871356590967 ], [ -99.055855089328219, 19.250785402358225 ], [ -99.054997422060012, 19.250640857086289 ], [ -99.054982112511908, 19.250617057943874 ], [ -99.055003081609371, 19.25046708929958 ], [ -99.055014161565623, 19.250390218492942 ], [ -99.05514188450968, 19.249504093741319 ], [ -99.055619436678754, 19.249415703033922 ], [ -99.056738166931368, 19.249208630650028 ], [ -99.05682251211941, 19.24919301840302 ], [ -99.057074200898157, 19.249146430702769 ], [ -99.057706878434487, 19.249029320175918 ], [ -99.057859539012242, 19.249001061888453 ], [ -99.058672348167832, 19.248850604269482 ] ] ] ] } },
{ "type": "Feature", "properties": { "id": 5329.0, "entidad": 9, "distrito_f": 21, "distrito_l": 25, "municipio": 13, "seccion": 4172, "tipo": 2, "control": 36801.0, "SECCION_TX": "4172", "SECCION__1": null, "SECCION__2": null, "SECCION_N": "4172", "ESTATUS": "COMPLETA", "ALCALDIA_N": "XOCHIMILCO", "EN_OPERATI": null, "EN_OP": "SI", "SEC_N": "4172", "EST": "COMPLETA", "ALC_N": "XOCHIMILCO", "OP": "SI", "NOMBRE": "SAN MIGUEL" }, "geometry": { "type": "MultiPolygon", "coordinates": [ [ [ [ -99.050092046990613, 19.25295452887114 ], [ -99.049726213049397, 19.253047476172824 ], [ -99.048597580976988, 19.25333422205701 ], [ -99.047139500762484, 19.254018475108605 ], [ -99.047099709443174, 19.25403099371982 ], [ -99.046895738975422, 19.254095164007396 ], [ -99.044159601984461, 19.254955941676144 ], [ -99.04294095285897, 19.255339307700808 ], [ -99.043052223025754, 19.254534650325155 ], [ -99.04321253302227, 19.253618599467639 ], [ -99.043224060243617, 19.253536500878205 ], [ -99.043133210861711, 19.253352287631149 ], [ -99.042984603715368, 19.253262165203729 ], [ -99.04302568838304, 19.25253893635572 ], [ -99.043219541286348, 19.252041064958497 ], [ -99.043234854848762, 19.25186966794994 ], [ -99.043244232624204, 19.251764707046274 ], [ -99.043332867348383, 19.251376617187105 ], [ -99.04338626689642, 19.250993516475962 ], [ -99.043427625105252, 19.250696801883734 ], [ -99.043516184335274, 19.25006145121392 ], [ -99.043559995290593, 19.249722395693041 ], [ -99.043594441976765, 19.249455809807479 ], [ -99.043571626344175, 19.249016787700089 ], [ -99.043551316098316, 19.248744713855984 ], [ -99.043575433822568, 19.247805541056678 ], [ -99.043557259296975, 19.247683205167036 ], [ -99.043554595127205, 19.247659085269504 ], [ -99.043713563743566, 19.247311602040046 ], [ -99.043767099039826, 19.246866681766491 ], [ -99.043696842874525, 19.246509988578502 ], [ -99.043719923036065, 19.246394541658869 ], [ -99.043752485681182, 19.246231663095756 ], [ -99.043884489228077, 19.245986638360222 ], [ -99.043828724452666, 19.245804376829611 ], [ -99.043618259715103, 19.24587694507899 ], [ -99.043496507623175, 19.245871094220046 ], [ -99.043347915256589, 19.245812331121151 ], [ -99.043312813009862, 19.245730021736339 ], [ -99.043135314525799, 19.245608547056918 ], [ -99.043067197447073, 19.245534085181777 ], [ -99.042970116579241, 19.245175438024233 ], [ -99.042864866380498, 19.245142143634876 ], [ -99.042816361553719, 19.245099036192379 ], [ -99.042789419224817, 19.244651194984861 ], [ -99.04282549125648, 19.244458730347539 ], [ -99.042882370970077, 19.244417152270163 ], [ -99.043101161033093, 19.244342284310854 ], [ -99.04342930803729, 19.244086583465251 ], [ -99.043866858431684, 19.243830855838528 ], [ -99.044050607935773, 19.243643770277203 ], [ -99.044361293764055, 19.243560565716038 ], [ -99.044851352442834, 19.243294431801704 ], [ -99.045131383640523, 19.243136416864964 ], [ -99.045555802142331, 19.242886923135643 ], [ -99.04580955894842, 19.242670723021131 ], [ -99.046089603251019, 19.242566740805014 ], [ -99.046540270967924, 19.242300612264437 ], [ -99.047160848014471, 19.242011196426937 ], [ -99.047627773012849, 19.242412557403931 ], [ -99.047621226785125, 19.242474906257112 ], [ -99.047682535954365, 19.242624523454772 ], [ -99.047700086155999, 19.242782464990924 ], [ -99.0476957580305, 19.242948725177651 ], [ -99.047798635517751, 19.243079627348209 ], [ -99.047763648511221, 19.243156531293792 ], [ -99.047722139876697, 19.243380991840166 ], [ -99.047728721543692, 19.243441259029279 ], [ -99.047763745898393, 19.243493205845503 ], [ -99.047954150208454, 19.243634476249106 ], [ -99.047991384506432, 19.243761239010659 ], [ -99.048037422005123, 19.244062571442445 ], [ -99.048006855801134, 19.244293263872386 ], [ -99.048004723295662, 19.244484462316944 ], [ -99.047952237946831, 19.244584231492034 ], [ -99.047928208684752, 19.244721401482348 ], [ -99.047864803795761, 19.24489391181142 ], [ -99.047843008890908, 19.245191105506457 ], [ -99.047801460147284, 19.245278402345967 ], [ -99.047740313933232, 19.245696144071221 ], [ -99.047659315819175, 19.246205737632277 ], [ -99.047647530755413, 19.246279882211738 ], [ -99.048006296531184, 19.246350156576018 ], [ -99.048235044173168, 19.2464379451391 ], [ -99.048361995461534, 19.246575075303671 ], [ -99.048274586557923, 19.246972041711967 ], [ -99.048305297601487, 19.247235969740171 ], [ -99.048364467306442, 19.247543533217005 ], [ -99.048338258342653, 19.24770979911272 ], [ -99.048312014658521, 19.247757605496435 ], [ -99.04823982972178, 19.247838675785687 ], [ -99.048281453637102, 19.248007002011668 ], [ -99.048349311037043, 19.248092191814894 ], [ -99.04849156179462, 19.248164892472264 ], [ -99.048493821370229, 19.248408045600748 ], [ -99.048517959417964, 19.24864080173889 ], [ -99.048566129328222, 19.248744700805695 ], [ -99.048763085209714, 19.248819464955652 ], [ -99.048865961674309, 19.248931662302422 ], [ -99.048863824580124, 19.249104156528297 ], [ -99.048828898891799, 19.249390962523695 ], [ -99.048837615299078, 19.249412923170311 ], [ -99.048846331708674, 19.249434883816456 ], [ -99.049209555614581, 19.249528863820647 ], [ -99.049814235919641, 19.249665896301927 ], [ -99.049845200216723, 19.249699206920535 ], [ -99.04985147748755, 19.249985357051077 ], [ -99.050006320812059, 19.250222468031311 ], [ -99.050020829130602, 19.250430218130472 ], [ -99.050016773308798, 19.250482424723323 ], [ -99.050008495478636, 19.250588976962941 ], [ -99.050003493227763, 19.250608915812393 ], [ -99.04991162175638, 19.250975112363214 ], [ -99.049876585023981, 19.251124077649891 ], [ -99.049866321332743, 19.25130439527867 ], [ -99.049886981390856, 19.251382787398569 ], [ -99.050448210421905, 19.251120001052684 ], [ -99.050654636365593, 19.251323778177667 ], [ -99.05078673442506, 19.251406059198075 ], [ -99.051001369675149, 19.251460877922234 ], [ -99.050972581643862, 19.251794076374011 ], [ -99.050726360219045, 19.252800080475748 ], [ -99.050092046990613, 19.25295452887114 ] ] ] ] } },
{ "type": "Feature", "properties": { "id": 5362.0, "entidad": 9, "distrito_f": 21, "distrito_l": 25, "municipio": 13, "seccion": 4244, "tipo": 2, "control": 37203.0, "SECCION_TX": "4244", "SECCION__1": null, "SECCION__2": null, "SECCION_N": "4244", "ESTATUS": null, "ALCALDIA_N": "XOCHIMILCO", "EN_OPERATI": null, "EN_OP": "NO", "SEC_N": "4244", "EST": null, "ALC_N": "XOCHIMILCO", "OP": "NO", "NOMBRE": "QUIRINO MENDOZA" }, "geometry": { "type": "MultiPolygon", "coordinates": [ [ [ [ -99.101940079442116, 19.24325680139432 ], [ -99.10215782414663, 19.242295432731744 ], [ -99.102197640553868, 19.242116137069743 ], [ -99.102284139702647, 19.241123189662691 ], [ -99.102407567757595, 19.241150701186367 ], [ -99.103366050698526, 19.241522499631298 ], [ -99.103460279291085, 19.241291459457756 ], [ -99.104306599583751, 19.24139649487973 ], [ -99.104400455378453, 19.241408142918871 ], [ -99.104719892164042, 19.2414389885523 ], [ -99.10499936684046, 19.241414695496282 ], [ -99.105240749941004, 19.241341593832836 ], [ -99.105318722393477, 19.241317980184174 ], [ -99.105611212650231, 19.241182761603849 ], [ -99.105560433916693, 19.24076472616068 ], [ -99.106113318183731, 19.240824519333728 ], [ -99.106035233677417, 19.240753889471321 ], [ -99.106002495337108, 19.240643586309464 ], [ -99.105993351330426, 19.240534993263669 ], [ -99.106045946857762, 19.240479801740737 ], [ -99.106198349621039, 19.240409038280344 ], [ -99.106183781984271, 19.240333200269411 ], [ -99.106029526797769, 19.24034535616132 ], [ -99.105860746091665, 19.240347177624418 ], [ -99.105789958892061, 19.24033515206261 ], [ -99.105662882431389, 19.24027834060756 ], [ -99.10564381219325, 19.240247669461183 ], [ -99.105579313032393, 19.240143933729044 ], [ -99.105088322989729, 19.23932008212164 ], [ -99.10498523105629, 19.239131015935907 ], [ -99.104851369464981, 19.239128311072765 ], [ -99.10465704112562, 19.23912028385433 ], [ -99.1046976290217, 19.238846268104425 ], [ -99.104652834237584, 19.238720620580171 ], [ -99.104610968444149, 19.238524133175595 ], [ -99.104614527152464, 19.238412085205351 ], [ -99.104674323917052, 19.238265529414988 ], [ -99.104723223922875, 19.238106913350727 ], [ -99.10474671509553, 19.237946588026219 ], [ -99.104748464336581, 19.237843160000779 ], [ -99.104853667618201, 19.237753463024319 ], [ -99.10491534336245, 19.237708609313625 ], [ -99.104742901788029, 19.237656994535875 ], [ -99.104800894278583, 19.237527677564046 ], [ -99.104876946283952, 19.237258723736922 ], [ -99.10491790262617, 19.23714882087485 ], [ -99.104977602300906, 19.236988621594875 ], [ -99.105226964326931, 19.23631947506172 ], [ -99.105185136793665, 19.236285746381757 ], [ -99.10471067733792, 19.236347567403765 ], [ -99.10440750818897, 19.236228613305144 ], [ -99.104006025395634, 19.235998529156578 ], [ -99.10400598039331, 19.235927052841898 ], [ -99.104024693045176, 19.235768205897838 ], [ -99.103593968977748, 19.235571890155921 ], [ -99.103634173058495, 19.235495148706764 ], [ -99.10367437710201, 19.235418407248304 ], [ -99.103866570765888, 19.235139045272739 ], [ -99.103899140696797, 19.23498560999041 ], [ -99.103931710567906, 19.234832174700003 ], [ -99.103967863323362, 19.234604614638442 ], [ -99.1040983069974, 19.234252888504091 ], [ -99.104257782367839, 19.233894250600457 ], [ -99.104341090577307, 19.233621845191657 ], [ -99.10434818204979, 19.233356378323677 ], [ -99.104435156447394, 19.233142579447144 ], [ -99.104605678019126, 19.233035607469098 ], [ -99.104837991472323, 19.23306995030849 ], [ -99.10510293375296, 19.233045665450508 ], [ -99.105183164969887, 19.233056058026779 ], [ -99.105367913331477, 19.233079988865327 ], [ -99.105611137710795, 19.233148800136391 ], [ -99.105843464777337, 19.23320382710547 ], [ -99.105908807897436, 19.233221027171169 ], [ -99.105970530315986, 19.233252019585223 ], [ -99.105977846934678, 19.233341652147981 ], [ -99.106054107581272, 19.23340366424042 ], [ -99.106143057366197, 19.233443259747073 ], [ -99.106232007193583, 19.233482855210042 ], [ -99.106351849434603, 19.233586212716446 ], [ -99.106424505193957, 19.233686150003898 ], [ -99.106504455745764, 19.233841244120303 ], [ -99.10633201593015, 19.234237020182931 ], [ -99.106208250396662, 19.234521079964178 ], [ -99.106037195409186, 19.235063208056108 ], [ -99.105950057429695, 19.235286096993782 ], [ -99.105979187163996, 19.235430878006092 ], [ -99.106046894841811, 19.235519856844917 ], [ -99.106082464228294, 19.235573443495504 ], [ -99.10606267656091, 19.235682654921344 ], [ -99.10604101751639, 19.235748094874364 ], [ -99.106019358454887, 19.235813534824437 ], [ -99.105995896079349, 19.235852449895816 ], [ -99.105994044046042, 19.235958347342226 ], [ -99.106048548103345, 19.236051400120385 ], [ -99.106139352892896, 19.236151326977502 ], [ -99.105996339431584, 19.236543387542607 ], [ -99.105956064036903, 19.236656958933384 ], [ -99.105871237980537, 19.236896156873222 ], [ -99.105871361722919, 19.237089220594587 ], [ -99.105865021666062, 19.237247072004934 ], [ -99.105827638254809, 19.237339726326379 ], [ -99.105740954935058, 19.237496108936359 ], [ -99.105650403233739, 19.237792652017522 ], [ -99.105625249148716, 19.238189136779493 ], [ -99.105636268247153, 19.238392536890284 ], [ -99.105774330517832, 19.238602758773578 ], [ -99.105750627908691, 19.238668762381504 ], [ -99.105676503470121, 19.238875173068099 ], [ -99.105700899355611, 19.239127902780954 ], [ -99.105800087196101, 19.239147459480858 ], [ -99.105853957551531, 19.239160691858764 ], [ -99.105996121434274, 19.239195612021327 ], [ -99.106112291483839, 19.239226572825316 ], [ -99.106152965479907, 19.239160251655061 ], [ -99.106163053983281, 19.23914380179006 ], [ -99.106231995917113, 19.239109286128922 ], [ -99.106326387810313, 19.239140259433452 ], [ -99.106384516143677, 19.239222967268464 ], [ -99.106540646258537, 19.239305618076799 ], [ -99.10668593198325, 19.239457226405413 ], [ -99.106823978643746, 19.239639866939235 ], [ -99.106918453529772, 19.239798399850894 ], [ -99.107136278275107, 19.239863776267203 ], [ -99.107354091986593, 19.239911914597045 ], [ -99.107501102960654, 19.239923894810108 ], [ -99.107602738123475, 19.239929006448694 ], [ -99.107793271864338, 19.239889247342894 ], [ -99.107945683467534, 19.239833996472669 ], [ -99.108092640258874, 19.239763234647441 ], [ -99.108250462302394, 19.239656266831428 ], [ -99.108332086476679, 19.239588991000613 ], [ -99.108491617738935, 19.23932171011807 ], [ -99.108535112891218, 19.239228600037656 ], [ -99.108502343748242, 19.239073478961373 ], [ -99.108486550814263, 19.238857930855751 ], [ -99.108480368617919, 19.238773553674985 ], [ -99.108545478580325, 19.238432205961022 ], [ -99.10870144111594, 19.238259735077094 ], [ -99.108851438754186, 19.238129112703216 ], [ -99.108862521911163, 19.238254489576732 ], [ -99.108832034647889, 19.238491513927364 ], [ -99.108810234108063, 19.238624583009223 ], [ -99.108893527198376, 19.238803327648235 ], [ -99.109081993968232, 19.239148329752965 ], [ -99.108937668430073, 19.239356315868044 ], [ -99.108797621589929, 19.239414611199493 ], [ -99.108692631545836, 19.239526939658056 ], [ -99.108600788038629, 19.2396600502741 ], [ -99.108473891587735, 19.239745364577786 ], [ -99.108417063732034, 19.239870138341715 ], [ -99.108360246703469, 19.240011544093178 ], [ -99.108343881749946, 19.240026570566339 ], [ -99.108268368581918, 19.240095907500319 ], [ -99.108199514082358, 19.240236171337635 ], [ -99.108166784927207, 19.240394194798409 ], [ -99.108158137111374, 19.24055844102897 ], [ -99.10817790210217, 19.240658221422148 ], [ -99.108315884089208, 19.240787037921574 ], [ -99.108331257862844, 19.240866030879129 ], [ -99.108340085553323, 19.240976212730047 ], [ -99.108162962790004, 19.241242429649791 ], [ -99.108066676249649, 19.241277829540934 ], [ -99.107924503879588, 19.241634304811075 ], [ -99.107805544256323, 19.242028237984922 ], [ -99.10777457337845, 19.242141991276739 ], [ -99.107783652376241, 19.242462129039271 ], [ -99.107868055471982, 19.242672699779597 ], [ -99.108014593406807, 19.24295063236362 ], [ -99.10805016325132, 19.243182355462459 ], [ -99.108054679671369, 19.243211778057614 ], [ -99.108085970406407, 19.243586663964365 ], [ -99.107979801753501, 19.24400375508019 ], [ -99.10793707767381, 19.244131447691075 ], [ -99.107666413681969, 19.244169887051882 ], [ -99.107495673650334, 19.244268483510712 ], [ -99.107337209056325, 19.24448295037708 ], [ -99.107232383105639, 19.244645115621946 ], [ -99.106746561081209, 19.244642971040545 ], [ -99.106554785147821, 19.244635797078331 ], [ -99.106445392396296, 19.244601038783202 ], [ -99.105948600554441, 19.244443187849569 ], [ -99.105740443063112, 19.244377047273023 ], [ -99.10469057291283, 19.243962534770063 ], [ -99.104229604544727, 19.243970710453144 ], [ -99.103901338936524, 19.243976531826931 ], [ -99.103364247404485, 19.244238751088336 ], [ -99.102974641879655, 19.244658938101342 ], [ -99.102366581912932, 19.245490182401877 ], [ -99.102616776805348, 19.244830909764328 ], [ -99.102803659602017, 19.244051337845999 ], [ -99.102892990384106, 19.243678696447894 ], [ -99.102815328908207, 19.243484100096577 ], [ -99.102497925942373, 19.243400439582004 ], [ -99.10236042035767, 19.24336419590453 ], [ -99.102306298250298, 19.243349930384287 ], [ -99.101940079442116, 19.24325680139432 ] ] ] ] } },
{ "type": "Feature", "properties": { "id": 5361.0, "entidad": 9, "distrito_f": 21, "distrito_l": 25, "municipio": 13, "seccion": 4247, "tipo": 2, "control": 37221.0, "SECCION_TX": "4247", "SECCION__1": null, "SECCION__2": null, "SECCION_N": "4247", "ESTATUS": null, "ALCALDIA_N": "XOCHIMILCO", "EN_OPERATI": null, "EN_OP": "NO", "SEC_N": "4247", "EST": null, "ALC_N": "XOCHIMILCO", "OP": "NO", "NOMBRE": "QUIRINO MENDOZA" }, "geometry": { "type": "MultiPolygon", "coordinates": [ [ [ [ -99.105939225575597, 19.229790717041123 ], [ -99.106037468727962, 19.229662479442553 ], [ -99.106064855263952, 19.229625578685802 ], [ -99.106137958897051, 19.229640724234866 ], [ -99.106387250423495, 19.2290100623018 ], [ -99.106778767321757, 19.228019585795618 ], [ -99.107534946163156, 19.228205737617785 ], [ -99.107648967736907, 19.227538306137085 ], [ -99.108098767085949, 19.227643453368785 ], [ -99.108482573677293, 19.22774737206614 ], [ -99.108608007001692, 19.227450048796193 ], [ -99.108652086375599, 19.227343527918308 ], [ -99.108742448276359, 19.227210302349476 ], [ -99.108749198064928, 19.227158747911368 ], [ -99.108790223085478, 19.227092468491165 ], [ -99.10886807838682, 19.226728748852363 ], [ -99.108879584262056, 19.226637469479304 ], [ -99.10881551975821, 19.226627366155931 ], [ -99.108823443519029, 19.22650059403804 ], [ -99.108704199315511, 19.226461789502569 ], [ -99.108746714320091, 19.226172734563004 ], [ -99.109006294060293, 19.22620201983834 ], [ -99.109378738873602, 19.226244037667819 ], [ -99.109420408652696, 19.226248738647893 ], [ -99.109462078434106, 19.226253439618382 ], [ -99.110034832211312, 19.226344499438831 ], [ -99.11027539767322, 19.226439543340003 ], [ -99.110569508302973, 19.226572316305067 ], [ -99.110576224276841, 19.226368360411371 ], [ -99.110703907863567, 19.226027640313646 ], [ -99.110829337350253, 19.225732485192584 ], [ -99.11112406153498, 19.225838621965401 ], [ -99.11118313936332, 19.225838116763111 ], [ -99.111240789874586, 19.225883296333954 ], [ -99.111285943146811, 19.225971318336139 ], [ -99.1113362656139, 19.226294928891615 ], [ -99.111362910520583, 19.226312340773436 ], [ -99.111449050609366, 19.226368631443886 ], [ -99.111596916959513, 19.226454211126757 ], [ -99.111689666761436, 19.226537444590225 ], [ -99.111754912196645, 19.226699225352242 ], [ -99.111825142471275, 19.226822927620269 ], [ -99.11212835187871, 19.226934588818313 ], [ -99.112224290796917, 19.226883581178281 ], [ -99.111803687179147, 19.227669435453542 ], [ -99.111269428346816, 19.228016912795738 ], [ -99.110981737700939, 19.228186323941038 ], [ -99.110780655689325, 19.228073621270969 ], [ -99.110086536403756, 19.228473264581883 ], [ -99.109785334753852, 19.228937761157322 ], [ -99.110023134411236, 19.229306467432263 ], [ -99.110635489021462, 19.229596838313942 ], [ -99.111347819950709, 19.229971272790067 ], [ -99.111394106867976, 19.229995603204635 ], [ -99.112535258907343, 19.22992191056311 ], [ -99.111686931726496, 19.230659352895856 ], [ -99.111514053139899, 19.231726950273107 ], [ -99.111697106944362, 19.232195493710748 ], [ -99.111679073708558, 19.232551335338211 ], [ -99.11188945150667, 19.232889679940804 ], [ -99.111532457027209, 19.233852539896805 ], [ -99.111273579200343, 19.234407970736882 ], [ -99.111049934549172, 19.234444319984252 ], [ -99.11058725902808, 19.234314231473924 ], [ -99.110419573532511, 19.234413316177424 ], [ -99.110434967325077, 19.234628173531458 ], [ -99.109877664330938, 19.235605516407251 ], [ -99.1098426563575, 19.235750705058045 ], [ -99.109649829172469, 19.235682322632627 ], [ -99.109529196041024, 19.23572376218813 ], [ -99.109489290048472, 19.236108585536702 ], [ -99.109522183896019, 19.236202120973363 ], [ -99.10954631848314, 19.236289424636691 ], [ -99.109469798997097, 19.236422526555987 ], [ -99.109279437348633, 19.236518274381627 ], [ -99.109226936550542, 19.236564043761362 ], [ -99.109159235062037, 19.236792774394701 ], [ -99.109034536756312, 19.236888482803902 ], [ -99.108885787548886, 19.237023706476219 ], [ -99.108807086607143, 19.2371692834224 ], [ -99.108861929974736, 19.237356361021504 ], [ -99.108840177551201, 19.23756219516984 ], [ -99.108792093626761, 19.237668252857926 ], [ -99.108803099296395, 19.237761801413335 ], [ -99.108814143328232, 19.237913562002714 ], [ -99.108844879856463, 19.238054915872123 ], [ -99.108851438754186, 19.238129112703216 ], [ -99.10870144111594, 19.238259735077094 ], [ -99.108545478580325, 19.238432205961022 ], [ -99.108480368617919, 19.238773553674985 ], [ -99.108486550814263, 19.238857930855751 ], [ -99.108502343748242, 19.239073478961373 ], [ -99.108535112891218, 19.239228600037656 ], [ -99.108491617738935, 19.23932171011807 ], [ -99.108332086476679, 19.239588991000613 ], [ -99.108250462302394, 19.239656266831428 ], [ -99.108092640258874, 19.239763234647441 ], [ -99.107945683467534, 19.239833996472669 ], [ -99.107793271864338, 19.239889247342894 ], [ -99.107602738123475, 19.239929006448694 ], [ -99.107501102960654, 19.239923894810108 ], [ -99.107354091986593, 19.239911914597045 ], [ -99.107136278275107, 19.239863776267203 ], [ -99.106918453529772, 19.239798399850894 ], [ -99.106823978643746, 19.239639866939235 ], [ -99.10668593198325, 19.239457226405413 ], [ -99.106540646258537, 19.239305618076799 ], [ -99.106384516143677, 19.239222967268464 ], [ -99.106326387810313, 19.239140259433452 ], [ -99.106231995917113, 19.239109286128922 ], [ -99.106163053983281, 19.23914380179006 ], [ -99.106152965479907, 19.239160251655061 ], [ -99.106112291483839, 19.239226572825316 ], [ -99.105996121434274, 19.239195612021327 ], [ -99.105853957551531, 19.239160691858764 ], [ -99.105800087196101, 19.239147459480858 ], [ -99.105700899355611, 19.239127902780954 ], [ -99.105676503470121, 19.238875173068099 ], [ -99.105750627908691, 19.238668762381504 ], [ -99.105774330517832, 19.238602758773578 ], [ -99.105636268247153, 19.238392536890284 ], [ -99.105625249148716, 19.238189136779493 ], [ -99.105650403233739, 19.237792652017522 ], [ -99.105740954935058, 19.237496108936359 ], [ -99.105827638254809, 19.237339726326379 ], [ -99.105865021666062, 19.237247072004934 ], [ -99.105871361722919, 19.237089220594587 ], [ -99.105871237980537, 19.236896156873222 ], [ -99.105956064036903, 19.236656958933384 ], [ -99.105996339431584, 19.236543387542607 ], [ -99.106139352892896, 19.236151326977502 ], [ -99.106048548103345, 19.236051400120385 ], [ -99.105994044046042, 19.235958347342226 ], [ -99.105995896079349, 19.235852449895816 ], [ -99.106019358454887, 19.235813534824437 ], [ -99.10604101751639, 19.235748094874364 ], [ -99.10606267656091, 19.235682654921344 ], [ -99.106082464228294, 19.235573443495504 ], [ -99.106046894841811, 19.235519856844917 ], [ -99.105979187163996, 19.235430878006092 ], [ -99.105950057429695, 19.235286096993782 ], [ -99.106037195409186, 19.235063208056108 ], [ -99.106208250396662, 19.234521079964178 ], [ -99.10633201593015, 19.234237020182931 ], [ -99.106504455745764, 19.233841244120303 ], [ -99.106424505193957, 19.233686150003898 ], [ -99.106351849434603, 19.233586212716446 ], [ -99.106232007193583, 19.233482855210042 ], [ -99.106143057366197, 19.233443259747073 ], [ -99.106054107581272, 19.23340366424042 ], [ -99.105977846934678, 19.233341652147981 ], [ -99.105970530315986, 19.233252019585223 ], [ -99.105908807897436, 19.233221027171169 ], [ -99.105843464777337, 19.23320382710547 ], [ -99.105611137710795, 19.233148800136391 ], [ -99.105367913331477, 19.233079988865327 ], [ -99.105183164969887, 19.233056058026779 ], [ -99.10510293375296, 19.233045665450508 ], [ -99.104837991472323, 19.23306995030849 ], [ -99.104605678019126, 19.233035607469098 ], [ -99.104624724237482, 19.232981436024538 ], [ -99.104643770443445, 19.232927264577732 ], [ -99.104649474509202, 19.232828668408718 ], [ -99.104611915024137, 19.232706818076704 ], [ -99.104611028088613, 19.232686887085411 ], [ -99.104607527721583, 19.232608227671022 ], [ -99.104640664300206, 19.232575344435059 ], [ -99.104737210672795, 19.232508191286772 ], [ -99.104794813134617, 19.232409565418845 ], [ -99.1048307824923, 19.232297258456683 ], [ -99.104813396149055, 19.232160333803165 ], [ -99.104775861879858, 19.232078194517683 ], [ -99.104833481546436, 19.232006955545561 ], [ -99.104891061175849, 19.231872726657304 ], [ -99.104919818783145, 19.231754946417912 ], [ -99.104919771828875, 19.231681001753863 ], [ -99.10488513302019, 19.23161803167346 ], [ -99.104902364614603, 19.231511212803735 ], [ -99.104958373441249, 19.231320473116902 ], [ -99.104977166839191, 19.2312564715516 ], [ -99.105049181373616, 19.231152359945874 ], [ -99.105112568793018, 19.23108385626449 ], [ -99.105268203615054, 19.230990651327907 ], [ -99.105383462678631, 19.230881037341945 ], [ -99.105458013761364, 19.230741200302088 ], [ -99.105596523528689, 19.230415336886196 ], [ -99.105547641234153, 19.23026798366563 ], [ -99.105636622394343, 19.229999032477437 ], [ -99.105890288354985, 19.229911247822635 ], [ -99.105939225575597, 19.229790717041123 ] ] ] ] } },
{ "type": "Feature", "properties": { "id": 5380.0, "entidad": 9, "distrito_f": 21, "distrito_l": 25, "municipio": 13, "seccion": 4256, "tipo": 2, "control": 37197.0, "SECCION_TX": "4256", "SECCION__1": null, "SECCION__2": null, "SECCION_N": "4256", "ESTATUS": "COMPLETA", "ALCALDIA_N": "XOCHIMILCO", "EN_OPERATI": null, "EN_OP": "SI", "SEC_N": "4256", "EST": "COMPLETA", "ALC_N": "XOCHIMILCO", "OP": "SI", "NOMBRE": "SANTA CRUZ CHAVARRIETA" }, "geometry": { "type": "MultiPolygon", "coordinates": [ [ [ [ -99.118838935502922, 19.234012182923966 ], [ -99.117992002337687, 19.234112687828677 ], [ -99.11793779743445, 19.233816261441259 ], [ -99.11789963143157, 19.233607545150303 ], [ -99.117817471107259, 19.2331582377053 ], [ -99.117725892317608, 19.232657420813378 ], [ -99.117684083272025, 19.232428778651048 ], [ -99.118488466258682, 19.232300969102514 ], [ -99.119285868147003, 19.232123283636906 ], [ -99.119918644211481, 19.232013084050024 ], [ -99.119711587572567, 19.230926848161292 ], [ -99.12044090415236, 19.230817416395993 ], [ -99.120516005696771, 19.230806147461458 ], [ -99.120276872730955, 19.229673033124506 ], [ -99.120263248133696, 19.229601355288679 ], [ -99.120474712330747, 19.229592293443478 ], [ -99.120679696797396, 19.229583509039205 ], [ -99.120827936025947, 19.229580033030768 ], [ -99.121091178779452, 19.229617630891468 ], [ -99.121387441498527, 19.229636194835162 ], [ -99.121426803252518, 19.229640567079873 ], [ -99.122058994582673, 19.229710788755103 ], [ -99.122733717603694, 19.229767730296317 ], [ -99.122593015230521, 19.230487509785512 ], [ -99.122366551887907, 19.23164599626978 ], [ -99.1227023976666, 19.231770838598102 ], [ -99.122819054091494, 19.231787547712905 ], [ -99.123003292203833, 19.231813936634865 ], [ -99.123354223807922, 19.231864200978595 ], [ -99.123797829066561, 19.231931312504194 ], [ -99.123848034954648, 19.231938907910486 ], [ -99.124466935934564, 19.232019781882833 ], [ -99.124258360613197, 19.233516687073784 ], [ -99.124042710982792, 19.235064334847248 ], [ -99.121453345032293, 19.234724827659033 ], [ -99.121570629535711, 19.234352764155588 ], [ -99.121635914639185, 19.23415028032429 ], [ -99.121894249658752, 19.233740662947881 ], [ -99.121928906520708, 19.233624166918997 ], [ -99.121982854444482, 19.233442825323436 ], [ -99.121082421892467, 19.233606606215663 ], [ -99.12028496322101, 19.233751653083328 ], [ -99.119660859392141, 19.23388327730731 ], [ -99.119602969155977, 19.233893964350788 ], [ -99.118838935502922, 19.234012182923966 ] ] ] ] } },
{ "type": "Feature", "properties": { "id": 5366.0, "entidad": 9, "distrito_f": 21, "distrito_l": 25, "municipio": 13, "seccion": 4248, "tipo": 2, "control": 37200.0, "SECCION_TX": "4248", "SECCION__1": null, "SECCION__2": null, "SECCION_N": "4248", "ESTATUS": null, "ALCALDIA_N": "XOCHIMILCO", "EN_OPERATI": null, "EN_OP": "NO", "SEC_N": "4248", "EST": null, "ALC_N": "XOCHIMILCO", "OP": "NO", "NOMBRE": "SANTA INES" }, "geometry": { "type": "MultiPolygon", "coordinates": [ [ [ [ -99.107805544256323, 19.242028237984922 ], [ -99.107924503879588, 19.241634304811075 ], [ -99.108066676249649, 19.241277829540934 ], [ -99.108162962790004, 19.241242429649791 ], [ -99.108340085553323, 19.240976212730047 ], [ -99.108331257862844, 19.240866030879129 ], [ -99.108315884089208, 19.240787037921574 ], [ -99.10817790210217, 19.240658221422148 ], [ -99.108158137111374, 19.24055844102897 ], [ -99.108166784927207, 19.240394194798409 ], [ -99.108199514082358, 19.240236171337635 ], [ -99.108268368581918, 19.240095907500319 ], [ -99.108343881749946, 19.240026570566339 ], [ -99.108360246703469, 19.240011544093178 ], [ -99.108417063732034, 19.239870138341715 ], [ -99.108473891587735, 19.239745364577786 ], [ -99.108600788038629, 19.2396600502741 ], [ -99.108692631545836, 19.239526939658056 ], [ -99.108797621589929, 19.239414611199493 ], [ -99.108937668430073, 19.239356315868044 ], [ -99.109081993968232, 19.239148329752965 ], [ -99.108893527198376, 19.238803327648235 ], [ -99.108810234108063, 19.238624583009223 ], [ -99.108832034647889, 19.238491513927364 ], [ -99.108862521911163, 19.238254489576732 ], [ -99.108851438754186, 19.238129112703216 ], [ -99.108844879856463, 19.238054915872123 ], [ -99.108814143328232, 19.237913562002714 ], [ -99.108803099296395, 19.237761801413335 ], [ -99.108792093626761, 19.237668252857926 ], [ -99.108840177551201, 19.23756219516984 ], [ -99.108861929974736, 19.237356361021504 ], [ -99.108807086607143, 19.2371692834224 ], [ -99.108885787548886, 19.237023706476219 ], [ -99.109034536756312, 19.236888482803902 ], [ -99.109159235062037, 19.236792774394701 ], [ -99.109226936550542, 19.236564043761362 ], [ -99.109279437348633, 19.236518274381627 ], [ -99.109469798997097, 19.236422526555987 ], [ -99.10954631848314, 19.236289424636691 ], [ -99.109522183896019, 19.236202120973363 ], [ -99.109489290048472, 19.236108585536702 ], [ -99.109529196041024, 19.23572376218813 ], [ -99.109649829172469, 19.235682322632627 ], [ -99.1098426563575, 19.235750705058045 ], [ -99.109811783971452, 19.235783041673045 ], [ -99.109770791823649, 19.235890146237509 ], [ -99.109792190468539, 19.236039338232533 ], [ -99.110180047172804, 19.236415020608291 ], [ -99.110298381097792, 19.2365296396733 ], [ -99.110562007156332, 19.236595231943831 ], [ -99.110900192125953, 19.236675952058121 ], [ -99.111070632961898, 19.236741600012632 ], [ -99.111204489954062, 19.236833562623413 ], [ -99.111273173238416, 19.23702977106004 ], [ -99.111454337775939, 19.237204154615704 ], [ -99.111727247295462, 19.237376727051508 ], [ -99.112010743244767, 19.237550274313051 ], [ -99.112038865684312, 19.237768186949385 ], [ -99.112048561219936, 19.23780915013586 ], [ -99.112048718443887, 19.238040916204159 ], [ -99.112008129045265, 19.238156824121258 ], [ -99.112076785801875, 19.238200238258791 ], [ -99.112314210454343, 19.238164065448167 ], [ -99.11233364061377, 19.238402876222509 ], [ -99.1123693910681, 19.238646691583948 ], [ -99.11237464541405, 19.238897768344856 ], [ -99.112346897876336, 19.239209221117466 ], [ -99.112377510781272, 19.239373370002319 ], [ -99.112415688263141, 19.239448187707506 ], [ -99.112474206529825, 19.239532649829808 ], [ -99.112555595878874, 19.239609855180735 ], [ -99.112644646852416, 19.239740168848542 ], [ -99.112695540011131, 19.239824635588114 ], [ -99.112771836161713, 19.239887358592856 ], [ -99.112815077709072, 19.239933202326014 ], [ -99.11285841661757, 19.240121485574328 ], [ -99.113257809200192, 19.240138587129231 ], [ -99.114172065032648, 19.240128410733508 ], [ -99.114220923291342, 19.239967871070558 ], [ -99.115070186803507, 19.240639917654523 ], [ -99.115027556848275, 19.240876008310522 ], [ -99.115001278418703, 19.240957318335923 ], [ -99.114943780390959, 19.241115251465821 ], [ -99.114878103647413, 19.241346666535996 ], [ -99.114867382602682, 19.241383035673046 ], [ -99.114720464382955, 19.241881426553341 ], [ -99.114589150713599, 19.242403663237308 ], [ -99.114556272821346, 19.24246309060651 ], [ -99.114372471508872, 19.243251127148653 ], [ -99.114692508554569, 19.243359967564963 ], [ -99.114517702300361, 19.243807584100431 ], [ -99.114488326338773, 19.244170296503547 ], [ -99.114145948854585, 19.244148623636029 ], [ -99.114066957287534, 19.244170559589637 ], [ -99.114014325018019, 19.24422687248984 ], [ -99.113961092853486, 19.244302819704323 ], [ -99.113830157059084, 19.244489627615536 ], [ -99.113454694044336, 19.244227220241321 ], [ -99.113118808351402, 19.244071094502043 ], [ -99.11278297881853, 19.243996261598863 ], [ -99.112355043322168, 19.244021538170387 ], [ -99.111830057995974, 19.24407040180056 ], [ -99.111611110698675, 19.244090780125877 ], [ -99.111137202651975, 19.244183115725761 ], [ -99.111116287270093, 19.244070964552471 ], [ -99.110960894304085, 19.243346536282196 ], [ -99.110940370705137, 19.243203834883541 ], [ -99.110959749151633, 19.243166086049293 ], [ -99.111045864026352, 19.242998335725723 ], [ -99.11115378734975, 19.242875168885863 ], [ -99.111171519131318, 19.242854932573714 ], [ -99.111312335036004, 19.242816626493465 ], [ -99.111417892120059, 19.242706678330695 ], [ -99.111443671906727, 19.242622578335336 ], [ -99.111588537873416, 19.242149988314814 ], [ -99.111393201182437, 19.242065799087861 ], [ -99.111367151756554, 19.242054571881223 ], [ -99.111070978000555, 19.241941209594607 ], [ -99.110962129584806, 19.241899547048625 ], [ -99.110753367294592, 19.241875785662319 ], [ -99.110494272804175, 19.241804278793957 ], [ -99.110432546004319, 19.241779893906489 ], [ -99.110282955803001, 19.241720798870883 ], [ -99.110081363995832, 19.241723316263261 ], [ -99.109507211752913, 19.24162073038606 ], [ -99.109456209554949, 19.241621287441149 ], [ -99.109412969311521, 19.241622892945188 ], [ -99.109212097806292, 19.24159244277838 ], [ -99.109031490812185, 19.241519916529917 ], [ -99.108988460077711, 19.241470462907724 ], [ -99.108916093259637, 19.241387294325616 ], [ -99.108831740853063, 19.241254653591259 ], [ -99.108596787259586, 19.241408546080621 ], [ -99.108549415153036, 19.241411997838295 ], [ -99.10839278700422, 19.241423410424108 ], [ -99.108359539714357, 19.241446598361051 ], [ -99.108173614649544, 19.241973259519572 ], [ -99.108053482496018, 19.241991203676388 ], [ -99.107805544256323, 19.242028237984922 ] ] ] ] } },
{ "type": "Feature", "properties": { "id": 5370.0, "entidad": 9, "distrito_f": 21, "distrito_l": 25, "municipio": 13, "seccion": 4253, "tipo": 2, "control": 37196.0, "SECCION_TX": "4253", "SECCION__1": null, "SECCION__2": null, "SECCION_N": "4253", "ESTATUS": null, "ALCALDIA_N": "XOCHIMILCO", "EN_OPERATI": null, "EN_OP": "NO", "SEC_N": "4253", "EST": null, "ALC_N": "XOCHIMILCO", "OP": "NO", "NOMBRE": "SANTA INES" }, "geometry": { "type": "MultiPolygon", "coordinates": [ [ [ [ -99.118346221483321, 19.242366711167076 ], [ -99.118304125930223, 19.242276235660725 ], [ -99.118283744195779, 19.242168800552864 ], [ -99.118267014972872, 19.24209855671727 ], [ -99.118216916144533, 19.242011803928524 ], [ -99.11819619363007, 19.241988503525313 ], [ -99.117821733941355, 19.241567459354233 ], [ -99.117626225138139, 19.241446014634228 ], [ -99.117555879063204, 19.241439172112607 ], [ -99.117485532993896, 19.241432329564002 ], [ -99.117320052144436, 19.241483411026646 ], [ -99.117132067248804, 19.241657235479593 ], [ -99.116979279347902, 19.241828848551965 ], [ -99.11658385250206, 19.242272994136286 ], [ -99.116359310125986, 19.242476618906732 ], [ -99.116181689808712, 19.242531324434527 ], [ -99.115963445230548, 19.242518803358813 ], [ -99.115776285313672, 19.24242524897041 ], [ -99.115701402951046, 19.242339496472979 ], [ -99.115657261740708, 19.242288947543472 ], [ -99.115610700379889, 19.242074080380775 ], [ -99.115626940608323, 19.24197296232019 ], [ -99.115634420012142, 19.241926392563599 ], [ -99.115638137206034, 19.241903247819231 ], [ -99.115704765866269, 19.241779226917508 ], [ -99.115862329217151, 19.241648117614979 ], [ -99.116055551135133, 19.241489180060274 ], [ -99.116078753188106, 19.24147353131988 ], [ -99.116342802173151, 19.241295441747653 ], [ -99.11647855635988, 19.241151429180622 ], [ -99.116520274036006, 19.241032291261217 ], [ -99.11652211799715, 19.240875040736128 ], [ -99.116719871409401, 19.240529521993899 ], [ -99.116743744616912, 19.240487810132681 ], [ -99.116953782260609, 19.240121249789926 ], [ -99.117007945709318, 19.23965881333379 ], [ -99.117010455771236, 19.239637382876246 ], [ -99.117070775949955, 19.239440669033247 ], [ -99.117054618019182, 19.239383324976025 ], [ -99.117025752713246, 19.239351157555689 ], [ -99.116977165694749, 19.239349122294154 ], [ -99.116928578677346, 19.23934708701972 ], [ -99.116742938351194, 19.23934720549569 ], [ -99.116486219954922, 19.239329460970424 ], [ -99.116284585446081, 19.239271732370099 ], [ -99.11609268539668, 19.239160616528917 ], [ -99.115946674414289, 19.238982947045116 ], [ -99.115779263602803, 19.238688996723372 ], [ -99.115679479038548, 19.238518429880695 ], [ -99.115731815717353, 19.238435714682868 ], [ -99.115849494877054, 19.238249728985164 ], [ -99.116290528579967, 19.237554632805473 ], [ -99.116852733750591, 19.237847626673091 ], [ -99.116870728987081, 19.237857004865152 ], [ -99.116933528690737, 19.237995928077176 ], [ -99.116957164805001, 19.238004041652527 ], [ -99.117759910662059, 19.238279598147386 ], [ -99.117900412265854, 19.238327827311483 ], [ -99.11837130785446, 19.238483119821776 ], [ -99.11873401771733, 19.238602733685664 ], [ -99.118760346758663, 19.238612852197591 ], [ -99.118830709469819, 19.23863989326135 ], [ -99.118879133447962, 19.238647429672564 ], [ -99.118984386501822, 19.238663810566361 ], [ -99.119037125543841, 19.238672018500278 ], [ -99.119653681672077, 19.238657968392751 ], [ -99.119668168540031, 19.238845760727134 ], [ -99.119679654966745, 19.238994658216484 ], [ -99.119701153903421, 19.239273346190554 ], [ -99.119659536048161, 19.239526485082443 ], [ -99.119612718057695, 19.23981436817423 ], [ -99.119552159854692, 19.239972126050834 ], [ -99.119513626548567, 19.240072507536915 ], [ -99.119435238850158, 19.24022167175314 ], [ -99.119393612451447, 19.2403008826446 ], [ -99.119376206384985, 19.240362048447299 ], [ -99.119357031786492, 19.240429428907149 ], [ -99.119242465447485, 19.240832019339603 ], [ -99.119228735348329, 19.240934100484857 ], [ -99.119206082469432, 19.241100043600433 ], [ -99.11912264016631, 19.241323431717714 ], [ -99.118981712993161, 19.24153693121962 ], [ -99.1189669879831, 19.241561293185214 ], [ -99.118741638064733, 19.241934124953485 ], [ -99.118596271962787, 19.242096642067295 ], [ -99.11844403793954, 19.242266836946033 ], [ -99.118346221483321, 19.242366711167076 ] ] ] ] } },
{ "type": "Feature", "properties": { "id": 5371.0, "entidad": 9, "distrito_f": 21, "distrito_l": 25, "municipio": 13, "seccion": 4254, "tipo": 2, "control": 37202.0, "SECCION_TX": "4254", "SECCION__1": null, "SECCION__2": null, "SECCION_N": "4254", "ESTATUS": null, "ALCALDIA_N": "XOCHIMILCO", "EN_OPERATI": null, "EN_OP": "NO", "SEC_N": "4254", "EST": null, "ALC_N": "XOCHIMILCO", "OP": "NO", "NOMBRE": "SANTA INES" }, "geometry": { "type": "MultiPolygon", "coordinates": [ [ [ [ -99.110434967325077, 19.234628173531458 ], [ -99.110419573532511, 19.234413316177424 ], [ -99.11058725902808, 19.234314231473924 ], [ -99.111049934549172, 19.234444319984252 ], [ -99.111273579200343, 19.234407970736882 ], [ -99.111532457027209, 19.233852539896805 ], [ -99.111756928126653, 19.233882408362859 ], [ -99.112023812197279, 19.233917919990894 ], [ -99.112218774156673, 19.233943861397933 ], [ -99.112371273666753, 19.233941353645211 ], [ -99.112437126925812, 19.233953516758874 ], [ -99.112579718225888, 19.233979853320843 ], [ -99.112767859047352, 19.234061821436882 ], [ -99.11293901575165, 19.234174956192685 ], [ -99.113079352936396, 19.234262010582011 ], [ -99.113173431049816, 19.23431385844335 ], [ -99.113719974482066, 19.234429402953051 ], [ -99.113952763762342, 19.2344521513979 ], [ -99.114722370028176, 19.234644734638561 ], [ -99.115201564858651, 19.234771993788705 ], [ -99.115322419071646, 19.234820043475068 ], [ -99.116101955831354, 19.23512997212142 ], [ -99.116217947823742, 19.234909254215516 ], [ -99.116675337742919, 19.234995152524956 ], [ -99.116739015381995, 19.23502773543203 ], [ -99.11718003519529, 19.235253397788597 ], [ -99.11673732593826, 19.235398478401795 ], [ -99.116726488276015, 19.235470884224679 ], [ -99.116748297597965, 19.235515688694868 ], [ -99.116849943717256, 19.235539756826295 ], [ -99.117136768420849, 19.235660238410507 ], [ -99.117256643502827, 19.235798064368325 ], [ -99.117104561383869, 19.236308401621677 ], [ -99.116999392570619, 19.236436028832465 ], [ -99.116704712262901, 19.236735924184803 ], [ -99.116636690131685, 19.236805149901173 ], [ -99.116290528579967, 19.237554632805473 ], [ -99.115849494877054, 19.238249728985164 ], [ -99.115731815717353, 19.238435714682868 ], [ -99.115679479038548, 19.238518429880695 ], [ -99.115550730426349, 19.238651637772318 ], [ -99.115342908439729, 19.238859790217834 ], [ -99.115303566342803, 19.238899194787017 ], [ -99.115187258956183, 19.239077764093686 ], [ -99.11512435951974, 19.239296396845422 ], [ -99.115028159606055, 19.239452382420584 ], [ -99.114936311136276, 19.239570943187005 ], [ -99.114815923851737, 19.239568939729097 ], [ -99.11473932190367, 19.239579382762667 ], [ -99.114683289235771, 19.239597565488925 ], [ -99.114643034873694, 19.239610628106462 ], [ -99.114524928662149, 19.239741679115745 ], [ -99.114444058432071, 19.239910128797241 ], [ -99.114400327755959, 19.239976684172088 ], [ -99.114220923291342, 19.239967871070558 ], [ -99.114172065032648, 19.240128410733508 ], [ -99.113257809200192, 19.240138587129231 ], [ -99.11285841661757, 19.240121485574328 ], [ -99.112815077709072, 19.239933202326014 ], [ -99.112771836161713, 19.239887358592856 ], [ -99.112695540011131, 19.239824635588114 ], [ -99.112644646852416, 19.239740168848542 ], [ -99.112555595878874, 19.239609855180735 ], [ -99.112474206529825, 19.239532649829808 ], [ -99.112415688263141, 19.239448187707506 ], [ -99.112377510781272, 19.239373370002319 ], [ -99.112346897876336, 19.239209221117466 ], [ -99.11237464541405, 19.238897768344856 ], [ -99.1123693910681, 19.238646691583948 ], [ -99.11233364061377, 19.238402876222509 ], [ -99.112314210454343, 19.238164065448167 ], [ -99.112076785801875, 19.238200238258791 ], [ -99.112008129045265, 19.238156824121258 ], [ -99.112048718443887, 19.238040916204159 ], [ -99.112048561219936, 19.23780915013586 ], [ -99.112038865684312, 19.237768186949385 ], [ -99.112010743244767, 19.237550274313051 ], [ -99.111727247295462, 19.237376727051508 ], [ -99.111454337775939, 19.237204154615704 ], [ -99.111273173238416, 19.23702977106004 ], [ -99.111204489954062, 19.236833562623413 ], [ -99.111070632961898, 19.236741600012632 ], [ -99.110900192125953, 19.236675952058121 ], [ -99.110562007156332, 19.236595231943831 ], [ -99.110298381097792, 19.2365296396733 ], [ -99.110180047172804, 19.236415020608291 ], [ -99.109792190468539, 19.236039338232533 ], [ -99.109770791823649, 19.235890146237509 ], [ -99.109811783971452, 19.235783041673045 ], [ -99.1098426563575, 19.235750705058045 ], [ -99.109877664330938, 19.235605516407251 ], [ -99.110434967325077, 19.234628173531458 ] ] ] ] } },
{ "type": "Feature", "properties": { "id": 5359.0, "entidad": 9, "distrito_f": 21, "distrito_l": 25, "municipio": 13, "seccion": 4242, "tipo": 2, "control": 37048.0, "SECCION_TX": "4242", "SECCION__1": null, "SECCION__2": null, "SECCION_N": "4242", "ESTATUS": null, "ALCALDIA_N": "XOCHIMILCO", "EN_OPERATI": null, "EN_OP": "NO", "SEC_N": "4242", "EST": null, "ALC_N": "XOCHIMILCO", "OP": "NO", "NOMBRE": "NATIVITAS" }, "geometry": { "type": "MultiPolygon", "coordinates": [ [ [ [ -99.106242172877501, 19.250206960112941 ], [ -99.106211988042219, 19.249993065597764 ], [ -99.106085044417441, 19.249857078680861 ], [ -99.106063486032951, 19.249604207745858 ], [ -99.106068137655342, 19.249443895013108 ], [ -99.10583009923846, 19.248965360593957 ], [ -99.105894092472582, 19.248662766578612 ], [ -99.105856012171216, 19.248595051968483 ], [ -99.105884484772503, 19.248509235748692 ], [ -99.10553019174418, 19.248392030221581 ], [ -99.105741256575797, 19.2475881001725 ], [ -99.105615105719224, 19.247346578964162 ], [ -99.105660204769691, 19.24723817428767 ], [ -99.105707759114381, 19.247251694156187 ], [ -99.10571962384391, 19.24721781897625 ], [ -99.10585277197184, 19.247249352448573 ], [ -99.105900201773281, 19.247068693934196 ], [ -99.105942998628009, 19.247077700718037 ], [ -99.105966678685121, 19.246933182146442 ], [ -99.106023743533726, 19.246948954314963 ], [ -99.106078275877508, 19.246723133864357 ], [ -99.106360032547045, 19.246799738542684 ], [ -99.106328084728105, 19.247025545953662 ], [ -99.106338246740904, 19.247104160031888 ], [ -99.106356364457383, 19.247280037016541 ], [ -99.106308969334492, 19.247571988961457 ], [ -99.106310345824383, 19.24771245387727 ], [ -99.106257397049987, 19.248005510541535 ], [ -99.10683287181817, 19.248267090517562 ], [ -99.10659573103797, 19.249179415558213 ], [ -99.106242172877501, 19.250206960112941 ] ] ] ] } },
{ "type": "Feature", "properties": { "id": 5360.0, "entidad": 9, "distrito_f": 21, "distrito_l": 25, "municipio": 13, "seccion": 4243, "tipo": 2, "control": 37050.0, "SECCION_TX": "4243", "SECCION__1": null, "SECCION__2": null, "SECCION_N": "4243", "ESTATUS": null, "ALCALDIA_N": "XOCHIMILCO", "EN_OPERATI": null, "EN_OP": "NO", "SEC_N": "4243", "EST": null, "ALC_N": "XOCHIMILCO", "OP": "NO", "NOMBRE": "NATIVITAS" }, "geometry": { "type": "MultiPolygon", "coordinates": [ [ [ [ -99.106360032547045, 19.246799738542684 ], [ -99.106601254736191, 19.246688961656748 ], [ -99.10661014563351, 19.245731611700993 ], [ -99.10588297287029, 19.246152001144754 ], [ -99.106015905585167, 19.245849367101627 ], [ -99.106267799594619, 19.245700200357472 ], [ -99.106554785147821, 19.244635797078331 ], [ -99.106746561081209, 19.244642971040545 ], [ -99.107232383105639, 19.244645115621946 ], [ -99.107337209056325, 19.24448295037708 ], [ -99.107419943820958, 19.245070981474544 ], [ -99.10740816372477, 19.245717006861003 ], [ -99.107344944718264, 19.24632539385798 ], [ -99.10683287181817, 19.248267090517562 ], [ -99.106257397049987, 19.248005510541535 ], [ -99.106310345824383, 19.24771245387727 ], [ -99.106308969334492, 19.247571988961457 ], [ -99.106356364457383, 19.247280037016541 ], [ -99.106338246740904, 19.247104160031888 ], [ -99.106328084728105, 19.247025545953662 ], [ -99.106360032547045, 19.246799738542684 ] ] ] ] } },
{ "type": "Feature", "properties": { "id": 5390.0, "entidad": 9, "distrito_f": 21, "distrito_l": 25, "municipio": 13, "seccion": 5610, "tipo": 2, "control": 27368.0, "SECCION_TX": "5610", "SECCION__1": null, "SECCION__2": null, "SECCION_N": "5610", "ESTATUS": null, "ALCALDIA_N": "XOCHIMILCO", "EN_OPERATI": null, "EN_OP": "NO", "SEC_N": "5610", "EST": null, "ALC_N": "XOCHIMILCO", "OP": "NO", "NOMBRE": "SANTA MARIA NATIVITAS" }, "geometry": { "type": "MultiPolygon", "coordinates": [ [ [ [ -99.097169153445321, 19.238861134416595 ], [ -99.096938619323893, 19.238681248717054 ], [ -99.096854034581455, 19.238668361584512 ], [ -99.09658509872321, 19.238625476859063 ], [ -99.096524872641922, 19.238630024954194 ], [ -99.096430226077601, 19.238637172341559 ], [ -99.096381584372722, 19.238640845578828 ], [ -99.09621807663639, 19.238499503632422 ], [ -99.09614044855978, 19.238432399004324 ], [ -99.09584044314829, 19.238300290263151 ], [ -99.095700066989309, 19.238255927400154 ], [ -99.095663667201634, 19.238244424009295 ], [ -99.095218998603855, 19.238015733821143 ], [ -99.095177972172323, 19.238006587355748 ], [ -99.094672631349042, 19.237893925430463 ], [ -99.094509265, 19.237640941999981 ], [ -99.094364537, 19.237508053000031 ], [ -99.094303861, 19.237480015 ], [ -99.09428206, 19.237033597999957 ], [ -99.094338413, 19.236959351000024 ], [ -99.094418583, 19.23694833800003 ], [ -99.094469649, 19.236900031999976 ], [ -99.094577793, 19.236395222999974 ], [ -99.094423386, 19.23632865400003 ], [ -99.094406199, 19.236267938999983 ], [ -99.094521434, 19.236001287000033 ], [ -99.094354495, 19.235970524 ], [ -99.094138408, 19.235950201 ], [ -99.094105278, 19.235929368000015 ], [ -99.093963537, 19.235894933999951 ], [ -99.093860376, 19.235805564999961 ], [ -99.093768983, 19.235626790000016 ], [ -99.09350529, 19.235607659000038 ], [ -99.09328591, 19.235449019999979 ], [ -99.09314041, 19.235412834000041 ], [ -99.092983626, 19.235493274999978 ], [ -99.092850466, 19.235581897999975 ], [ -99.092717941, 19.235484341999953 ], [ -99.092747869, 19.235390194000011 ], [ -99.092865894, 19.235297329999955 ], [ -99.092939304, 19.235200610999964 ], [ -99.092950857, 19.235134551000037 ], [ -99.092930534, 19.235063002 ], [ -99.092908702, 19.235029344999965 ], [ -99.092894252, 19.235007068 ], [ -99.092865748, 19.234963124 ], [ -99.092802885, 19.234787838999949 ], [ -99.092782522, 19.23464473100001 ], [ -99.092802729, 19.234509859999978 ], [ -99.092808754, 19.234485273000029 ], [ -99.092843202, 19.23434470299998 ], [ -99.092940243, 19.234198586999987 ], [ -99.092982169, 19.234135459000036 ], [ -99.0930255, 19.23410738599997 ], [ -99.093075622, 19.234074911000015 ], [ -99.093193613, 19.233998465000017 ], [ -99.093245752, 19.233964684999968 ], [ -99.093309411, 19.233924977000036 ], [ -99.093152034, 19.233484460999968 ], [ -99.092932207000018, 19.232802538999969 ], [ -99.092925823, 19.232784989000038 ], [ -99.092807281, 19.232791594999984 ], [ -99.092713943, 19.23276419399998 ], [ -99.092866156, 19.232746782999957 ], [ -99.092925388, 19.232763463999984 ], [ -99.093029383, 19.232765694000012 ], [ -99.093196943, 19.232934212000032 ], [ -99.093486035, 19.233075438000011 ], [ -99.093730598, 19.233212663999979 ], [ -99.093754121, 19.233230228000043 ], [ -99.093771176, 19.233242963999984 ], [ -99.09379953, 19.23326414 ], [ -99.093835483, 19.233290992 ], [ -99.093906357, 19.233273666999974 ], [ -99.093935961, 19.233265952000018 ], [ -99.094032320000011, 19.233258102999965 ], [ -99.094225042, 19.233250204000043 ], [ -99.094229934, 19.233475624000032 ], [ -99.094256028, 19.233521738999961 ], [ -99.094374095, 19.233505852999969 ], [ -99.094708844, 19.233491964 ], [ -99.095047502, 19.233477912 ], [ -99.095111208, 19.233475267999989 ], [ -99.095239795, 19.233469933000038 ], [ -99.095355988, 19.233465111000012 ], [ -99.095872938, 19.233444176000017 ], [ -99.095967815, 19.233445497 ], [ -99.096113121000016, 19.233456807 ], [ -99.096251773, 19.233457469000037 ], [ -99.096294542, 19.233444434 ], [ -99.096474797, 19.233448336999967 ], [ -99.09682372, 19.233403749000026 ], [ -99.097057944, 19.233373818999972 ], [ -99.097142075, 19.233363068000024 ], [ -99.09751517936806, 19.233315388884765 ], [ -99.097581422883025, 19.233586360943352 ], [ -99.097639509050865, 19.233867966980373 ], [ -99.097718322731609, 19.234082183004318 ], [ -99.097744271538403, 19.234152711875012 ], [ -99.097887602464624, 19.234413541442883 ], [ -99.097942926488528, 19.234514218284179 ], [ -99.098039741083966, 19.234690397964687 ], [ -99.098100925266067, 19.234801738491665 ], [ -99.098235581970442, 19.23504678076684 ], [ -99.098224154187335, 19.23508424803331 ], [ -99.098212726399069, 19.235121715298831 ], [ -99.097984593706656, 19.236608283909767 ], [ -99.098029531042855, 19.236673533243813 ], [ -99.098033016487193, 19.236716930792415 ], [ -99.098027962689258, 19.236770508016868 ], [ -99.098011754487388, 19.236942337067671 ], [ -99.097977387652691, 19.237306671230485 ], [ -99.097612305861844, 19.23726958399671 ], [ -99.097570565898323, 19.237809592630697 ], [ -99.097122232286907, 19.237817447335228 ], [ -99.097109002357243, 19.238122125065416 ], [ -99.097089949533, 19.238310135411695 ], [ -99.09711812669957, 19.238629144222539 ], [ -99.097169153445321, 19.238861134416595 ] ] ] ] } },
{ "type": "Feature", "properties": { "id": 5398.0, "entidad": 9, "distrito_f": 21, "distrito_l": 25, "municipio": 13, "seccion": 5611, "tipo": 2, "control": 27372.0, "SECCION_TX": "5611", "SECCION__1": null, "SECCION__2": null, "SECCION_N": "5611", "ESTATUS": null, "ALCALDIA_N": "XOCHIMILCO", "EN_OPERATI": null, "EN_OP": "NO", "SEC_N": "5611", "EST": null, "ALC_N": "XOCHIMILCO", "OP": "NO", "NOMBRE": "SAN LORENZO LOS OLIVOS" }, "geometry": { "type": "MultiPolygon", "coordinates": [ [ [ [ -99.09701622, 19.230051373999977 ], [ -99.097371082, 19.230111679 ], [ -99.097187183000017, 19.230485918999964 ], [ -99.097177003, 19.23050851800004 ], [ -99.097215793, 19.230974351 ], [ -99.097233167, 19.231183003000027 ], [ -99.097228768312462, 19.231476867612386 ], [ -99.097226806165281, 19.231607941901277 ], [ -99.097222435611556, 19.231899900621407 ], [ -99.097324451011474, 19.232354822348011 ], [ -99.097455236, 19.232938033999982 ], [ -99.097459835, 19.232961664000022 ], [ -99.097507101, 19.233204507 ], [ -99.09751517936806, 19.233315388884765 ], [ -99.097142075, 19.233363068000024 ], [ -99.097057944, 19.233373818999972 ], [ -99.09682372, 19.233403749000026 ], [ -99.096474797, 19.233448336999967 ], [ -99.096294542, 19.233444434 ], [ -99.096251773, 19.233457469000037 ], [ -99.096113121000016, 19.233456807 ], [ -99.095967815, 19.233445497 ], [ -99.095872938, 19.233444176000017 ], [ -99.095355988, 19.233465111000012 ], [ -99.095239795, 19.233469933000038 ], [ -99.095111208, 19.233475267999989 ], [ -99.095047502, 19.233477912 ], [ -99.094708844, 19.233491964 ], [ -99.094374095, 19.233505852999969 ], [ -99.094256028, 19.233521738999961 ], [ -99.094229934, 19.233475624000032 ], [ -99.094225042, 19.233250204000043 ], [ -99.094032320000011, 19.233258102999965 ], [ -99.093935961, 19.233265952000018 ], [ -99.093906357, 19.233273666999974 ], [ -99.093835483, 19.233290992 ], [ -99.09379953, 19.23326414 ], [ -99.093771176, 19.233242963999984 ], [ -99.093754121, 19.233230228000043 ], [ -99.093730598, 19.233212663999979 ], [ -99.093486035, 19.233075438000011 ], [ -99.093196943, 19.232934212000032 ], [ -99.093029383, 19.232765694000012 ], [ -99.092925388, 19.232763463999984 ], [ -99.092866156, 19.232746782999957 ], [ -99.092713943, 19.23276419399998 ], [ -99.092641930000013, 19.232792252999964 ], [ -99.092589286, 19.232825962999986 ], [ -99.092566266, 19.232840703999955 ], [ -99.092543247, 19.232855444999956 ], [ -99.09249721, 19.232884924999968 ], [ -99.092363008, 19.232970866000013 ], [ -99.092333353, 19.233001065000018 ], [ -99.092303699, 19.233031265999962 ], [ -99.091995245, 19.233144930999973 ], [ -99.091826298, 19.233219105 ], [ -99.091808495, 19.233227158000016 ], [ -99.091621817, 19.233209661000018 ], [ -99.091581599, 19.233198967 ], [ -99.091562035, 19.233189822000011 ], [ -99.091542471, 19.233180678 ], [ -99.091499387, 19.233160539000043 ], [ -99.091375981, 19.233062033000028 ], [ -99.091256537, 19.233045354000033 ], [ -99.091071582, 19.233007285000017 ], [ -99.091037508, 19.233012490000025 ], [ -99.090859379, 19.232903512 ], [ -99.09068302, 19.232681443000022 ], [ -99.090193162, 19.23270194300002 ], [ -99.090013797, 19.232801044 ], [ -99.08998459, 19.23280207499997 ], [ -99.089848404, 19.232354875999963 ], [ -99.08983224, 19.23228835900002 ], [ -99.089752656, 19.231960848 ], [ -99.089782922, 19.231716838000018 ], [ -99.089796786, 19.231605072999958 ], [ -99.089854265, 19.231346124000048 ], [ -99.090109575, 19.231340814 ], [ -99.09018985, 19.230881133999983 ], [ -99.090245341, 19.230564648999977 ], [ -99.090193925, 19.230485737000041 ], [ -99.089802432, 19.230198886000011 ], [ -99.08970722, 19.230157312 ], [ -99.089727972, 19.230103863999975 ], [ -99.089747595, 19.229676104999978 ], [ -99.089546819, 19.229643512999967 ], [ -99.08950744, 19.229637883 ], [ -99.089368989, 19.229613633 ], [ -99.0890799, 19.229576592000019 ], [ -99.089108043, 19.229124669 ], [ -99.088911532, 19.229045725 ], [ -99.088939393, 19.22894568600001 ], [ -99.088858863, 19.228890607 ], [ -99.08889309, 19.228422578000032 ], [ -99.088948837, 19.228403167 ], [ -99.08905235, 19.228367126 ], [ -99.089148776000016, 19.228254168999975 ], [ -99.089228312, 19.228107568000016 ], [ -99.08933061, 19.227918053 ], [ -99.089571543, 19.227687628999981 ], [ -99.089730092, 19.227543365999978 ], [ -99.089920225, 19.227569869999968 ], [ -99.089967317000017, 19.227563137000015 ], [ -99.090011097000016, 19.227556914999976 ], [ -99.090185226, 19.227485888 ], [ -99.090611026, 19.227350832999985 ], [ -99.09063878, 19.227516609 ], [ -99.09092345400002, 19.227590888000027 ], [ -99.091182036, 19.227638353 ], [ -99.091769485, 19.227753561 ], [ -99.092033392, 19.22749883699996 ], [ -99.092414182, 19.227251057999975 ], [ -99.092800175, 19.227366363999973 ], [ -99.093101151, 19.2267184 ], [ -99.09329393, 19.226657372 ], [ -99.093303005, 19.226873141000024 ], [ -99.093442673, 19.226985144 ], [ -99.093393116, 19.227411672999978 ], [ -99.093441688000013, 19.227520784000038 ], [ -99.093394565, 19.227716039 ], [ -99.093420132, 19.227779083 ], [ -99.093979117, 19.227820330999968 ], [ -99.094517078, 19.227882546999979 ], [ -99.094539159, 19.228147210999978 ], [ -99.094952149, 19.228160545999973 ], [ -99.095609209, 19.228203171999972 ], [ -99.095684125, 19.227967514999971 ], [ -99.096066906, 19.22808952599997 ], [ -99.096140786, 19.228113818000033 ], [ -99.096490498, 19.228143247999959 ], [ -99.096491559, 19.228172190000013 ], [ -99.096488887, 19.228190897999959 ], [ -99.096398564, 19.228823152 ], [ -99.096403561, 19.229103304000017 ], [ -99.096433135, 19.229224088000031 ], [ -99.096485685, 19.229568715999964 ], [ -99.096465289, 19.229905812000016 ], [ -99.096457267000019, 19.230183434999976 ], [ -99.096956586, 19.230211268999977 ], [ -99.09701622, 19.230051373999977 ] ] ] ] } },
{ "type": "Feature", "properties": { "id": 5325.0, "entidad": 9, "distrito_f": 21, "distrito_l": 25, "municipio": 13, "seccion": 4169, "tipo": 2, "control": 37250.0, "SECCION_TX": "4169", "SECCION__1": null, "SECCION__2": null, "SECCION_N": "4169", "ESTATUS": null, "ALCALDIA_N": "XOCHIMILCO", "EN_OPERATI": null, "EN_OP": "NO", "SEC_N": "4169", "EST": null, "ALC_N": "XOCHIMILCO", "OP": "NO", "NOMBRE": "EL CARMEN" }, "geometry": { "type": "MultiPolygon", "coordinates": [ [ [ [ -99.030157700277272, 19.252258521428999 ], [ -99.031087629974451, 19.252491604739756 ], [ -99.031161977999389, 19.252504200921933 ], [ -99.031438416743171, 19.252551035411773 ], [ -99.031881435697073, 19.252626091136875 ], [ -99.032270642437808, 19.252692029120919 ], [ -99.032670964822287, 19.252739781339731 ], [ -99.032830456250224, 19.252758805928583 ], [ -99.033429003622246, 19.252848980689791 ], [ -99.033763491673113, 19.252925827130898 ], [ -99.034266981589937, 19.253026048124696 ], [ -99.034375538059905, 19.253039774156683 ], [ -99.034729151049746, 19.253084485015187 ], [ -99.034812718499751, 19.2531128844177 ], [ -99.034853657015844, 19.253153795379905 ], [ -99.034946535961666, 19.253246611702959 ], [ -99.034928813517652, 19.253918690163577 ], [ -99.03491510124573, 19.254438689415057 ], [ -99.034901622172953, 19.254949842127928 ], [ -99.034899996903761, 19.255011475294769 ], [ -99.034883666090607, 19.255630766967105 ], [ -99.034918891278721, 19.255711011902758 ], [ -99.034968213969378, 19.255858130515456 ], [ -99.03399652127392, 19.256125819184135 ], [ -99.033567064225821, 19.256540532019716 ], [ -99.033467586151545, 19.256789751216679 ], [ -99.033422123479554, 19.256903647105649 ], [ -99.033296107142206, 19.257480394263919 ], [ -99.033046265208071, 19.257965093509522 ], [ -99.0328702616588, 19.258165754311975 ], [ -99.032452312452619, 19.258426890071174 ], [ -99.032004731485074, 19.258403133337282 ], [ -99.031042624716704, 19.258260285579155 ], [ -99.030969645885719, 19.258264010959522 ], [ -99.030750469472608, 19.258275199171774 ], [ -99.03057413847435, 19.258284200079203 ], [ -99.03033622137103, 19.258362636173729 ], [ -99.030164233781036, 19.258419336502087 ], [ -99.030081210954663, 19.258427352914097 ], [ -99.029834538047282, 19.258494286583897 ], [ -99.02983453025054, 19.258451171367422 ], [ -99.02983424737522, 19.256886818637607 ], [ -99.029424965110266, 19.256734403694466 ], [ -99.0285528979567, 19.256504325116488 ], [ -99.028398706885895, 19.25652686576338 ], [ -99.027768423023232, 19.256348900440727 ], [ -99.02821565796755, 19.255205048421296 ], [ -99.028562423415934, 19.255258111498154 ], [ -99.028698872561534, 19.254676509373084 ], [ -99.028723794034903, 19.254570283393502 ], [ -99.028859469891273, 19.253991972386835 ], [ -99.028923824038898, 19.25371766484913 ], [ -99.029602453020374, 19.253922941634169 ], [ -99.029620429569547, 19.253869055328966 ], [ -99.029743546600031, 19.253500000079775 ], [ -99.029950624215957, 19.252879260891568 ], [ -99.030157700277272, 19.252258521428999 ] ] ] ] } },
{ "type": "Feature", "properties": { "id": 5273.0, "entidad": 9, "distrito_f": 21, "distrito_l": 25, "municipio": 13, "seccion": 4148, "tipo": 2, "control": 36797.0, "SECCION_TX": "4148", "SECCION__1": null, "SECCION__2": null, "SECCION_N": "4148", "ESTATUS": "COMPLETA", "ALCALDIA_N": "XOCHIMILCO", "EN_OPERATI": null, "EN_OP": "SI", "SEC_N": "4148", "EST": "COMPLETA", "ALC_N": "XOCHIMILCO", "OP": "SI", "NOMBRE": "SAN GREGORIO ATLAPULCO" }, "geometry": { "type": "MultiPolygon", "coordinates": [ [ [ [ -99.042850109376715, 19.256185184641552 ], [ -99.042898123499512, 19.255352780899408 ], [ -99.04294095285897, 19.255339307700808 ], [ -99.044159601984461, 19.254955941676144 ], [ -99.046895738975422, 19.254095164007396 ], [ -99.047099709443174, 19.25403099371982 ], [ -99.047139500762484, 19.254018475108605 ], [ -99.048597580976988, 19.25333422205701 ], [ -99.049726213049397, 19.253047476172824 ], [ -99.050092046990613, 19.25295452887114 ], [ -99.05003891805967, 19.253347870918859 ], [ -99.053288568292416, 19.25368661841954 ], [ -99.054123102493435, 19.253773601737926 ], [ -99.054546169233419, 19.253817696402471 ], [ -99.054763506465108, 19.253837224076594 ], [ -99.054979785174638, 19.253856656381885 ], [ -99.055289198171522, 19.25388445620527 ], [ -99.056113055821498, 19.253958474728734 ], [ -99.055930729457245, 19.255167791599366 ], [ -99.055925896810848, 19.255199844870809 ], [ -99.055862539289009, 19.255725698087144 ], [ -99.055895841328606, 19.255788902912354 ], [ -99.055723714084124, 19.256582389907912 ], [ -99.05558001376329, 19.256519620906129 ], [ -99.054823008747391, 19.256215312633273 ], [ -99.054625377411995, 19.256165796009952 ], [ -99.054582984170267, 19.256166296688516 ], [ -99.054010163640598, 19.256173060930131 ], [ -99.053738009405862, 19.256272292567349 ], [ -99.053480788703027, 19.256431718551219 ], [ -99.0534469952037, 19.256432573025261 ], [ -99.053339103487616, 19.256435301042636 ], [ -99.052917700301435, 19.256208791455041 ], [ -99.052406850630121, 19.256102704774975 ], [ -99.052131030988235, 19.255976503243925 ], [ -99.051780358999721, 19.255816052070191 ], [ -99.05162376772887, 19.255844425324632 ], [ -99.050952753209145, 19.256262466173013 ], [ -99.050714195618298, 19.256496246690542 ], [ -99.050602430227059, 19.256797273228752 ], [ -99.049991343762926, 19.258128903974104 ], [ -99.049849820710435, 19.258674275680068 ], [ -99.049719340744971, 19.258748674792912 ], [ -99.048712620212711, 19.258791439151871 ], [ -99.048466590175636, 19.258996889686951 ], [ -99.047877544154844, 19.259273252468095 ], [ -99.046945447414004, 19.259507208233842 ], [ -99.04683668084725, 19.259518071679153 ], [ -99.045879080675277, 19.259613712528253 ], [ -99.044850070419173, 19.259982244593683 ], [ -99.042361422871863, 19.2609141533617 ], [ -99.042268221255711, 19.260959399259757 ], [ -99.042506768664254, 19.258596972608352 ], [ -99.042509761652212, 19.258567331467585 ], [ -99.042630977075731, 19.257697870900781 ], [ -99.042766593417383, 19.25676170470836 ], [ -99.042850109376715, 19.256185184641552 ] ] ] ] } },
{ "type": "Feature", "properties": { "id": 5296.0, "entidad": 9, "distrito_f": 21, "distrito_l": 25, "municipio": 13, "seccion": 4149, "tipo": 2, "control": 36796.0, "SECCION_TX": "4149", "SECCION__1": null, "SECCION__2": null, "SECCION_N": "4149", "ESTATUS": null, "ALCALDIA_N": "XOCHIMILCO", "EN_OPERATI": null, "EN_OP": "NO", "SEC_N": "4149", "EST": null, "ALC_N": "XOCHIMILCO", "OP": "NO", "NOMBRE": "SAN GREGORIO ATLAPULCO" }, "geometry": { "type": "MultiPolygon", "coordinates": [ [ [ [ -99.042268221255711, 19.260959399259757 ], [ -99.041503928777445, 19.261330431932496 ], [ -99.040884975142774, 19.261373064820784 ], [ -99.040618390911987, 19.261445717243667 ], [ -99.039580935984091, 19.261753771665262 ], [ -99.039341400685885, 19.261824896557144 ], [ -99.038398164552945, 19.262373971074961 ], [ -99.037876232705415, 19.26276360341561 ], [ -99.037823974204628, 19.262814845558424 ], [ -99.037229900382528, 19.261314058937952 ], [ -99.037098740531263, 19.261163005309811 ], [ -99.037000570116746, 19.261049944573482 ], [ -99.037005250099696, 19.260347013827872 ], [ -99.036497293964899, 19.260333332955685 ], [ -99.036104329869701, 19.260269284202401 ], [ -99.036008224238273, 19.260253619922914 ], [ -99.036083988418753, 19.259638796740859 ], [ -99.036147615865275, 19.259122459081215 ], [ -99.036266892117411, 19.258557202392897 ], [ -99.036283911855762, 19.258477813942203 ], [ -99.037103782261383, 19.258525320658517 ], [ -99.037183110750291, 19.257869825730392 ], [ -99.038056768870433, 19.257610125170483 ], [ -99.038497594524145, 19.257479084981092 ], [ -99.040218243444002, 19.256967591326031 ], [ -99.040436225407845, 19.256902790907237 ], [ -99.040707809066959, 19.256822055651185 ], [ -99.041456115247399, 19.256585859954697 ], [ -99.042235124742078, 19.256368012635829 ], [ -99.042850109376715, 19.256185184641552 ], [ -99.042766593417383, 19.25676170470836 ], [ -99.042630977075731, 19.257697870900781 ], [ -99.042509761652212, 19.258567331467585 ], [ -99.042506768664254, 19.258596972608352 ], [ -99.042268221255711, 19.260959399259757 ] ] ] ] } },
{ "type": "Feature", "properties": { "id": 5320.0, "entidad": 9, "distrito_f": 21, "distrito_l": 25, "municipio": 13, "seccion": 4175, "tipo": 2, "control": 36839.0, "SECCION_TX": "4175", "SECCION__1": null, "SECCION__2": null, "SECCION_N": "4175", "ESTATUS": "COMPLETA", "ALCALDIA_N": "XOCHIMILCO", "EN_OPERATI": null, "EN_OP": "SI", "SEC_N": "4175", "EST": "COMPLETA", "ALC_N": "XOCHIMILCO", "OP": "SI", "NOMBRE": "SAN GREGORIO ATLAPULCO" }, "geometry": { "type": "MultiPolygon", "coordinates": [ [ [ [ -99.056113055821498, 19.253958474728734 ], [ -99.056209001424733, 19.253183510637047 ], [ -99.056214411772629, 19.253139810393375 ], [ -99.056304946136933, 19.252408546431663 ], [ -99.056030452891491, 19.252385802185227 ], [ -99.055699213833847, 19.252358355478453 ], [ -99.055760105304316, 19.251694083072973 ], [ -99.055779060839001, 19.251389986681627 ], [ -99.055771383095276, 19.251228893395137 ], [ -99.055803722760174, 19.25105330739925 ], [ -99.055855089328219, 19.250785402358225 ], [ -99.056486511662897, 19.250871356590967 ], [ -99.056529846796323, 19.250503599205839 ], [ -99.056930486547671, 19.250556792493011 ], [ -99.056986532580225, 19.2505642337007 ], [ -99.057204150959365, 19.250594334830271 ], [ -99.058238314865079, 19.250754787651577 ], [ -99.058164845241748, 19.25116111494296 ], [ -99.058092538372605, 19.251560922724593 ], [ -99.058072630071862, 19.251671001734763 ], [ -99.058452166061741, 19.251740961999761 ], [ -99.059078767410185, 19.251856462225366 ], [ -99.059487211515901, 19.251937595773036 ], [ -99.059343764670956, 19.252746696835658 ], [ -99.059201777168838, 19.253444705730459 ], [ -99.058986863007974, 19.253428514721499 ], [ -99.058376987712833, 19.253382567094921 ], [ -99.058355568793942, 19.253678866498014 ], [ -99.058321867770445, 19.254145068712401 ], [ -99.058038019592473, 19.254121091564652 ], [ -99.057676908141602, 19.254090587207454 ], [ -99.057319059541697, 19.25406035776021 ], [ -99.057126943402821, 19.254044128355698 ], [ -99.056962936787158, 19.254030273398509 ], [ -99.05675386175507, 19.254012610933355 ], [ -99.056113055821498, 19.253958474728734 ] ] ] ] } },
{ "type": "Feature", "properties": { "id": 5312.0, "entidad": 9, "distrito_f": 21, "distrito_l": 25, "municipio": 13, "seccion": 4146, "tipo": 3, "control": 36845.0, "SECCION_TX": "4146", "SECCION__1": null, "SECCION__2": null, "SECCION_N": "4146", "ESTATUS": null, "ALCALDIA_N": "XOCHIMILCO", "EN_OPERATI": null, "EN_OP": "NO", "SEC_N": "4146", "EST": null, "ALC_N": "XOCHIMILCO", "OP": "NO", "NOMBRE": "SAN GREGORIO ATLAPULCO" }, "geometry": { "type": "MultiPolygon", "coordinates": [ [ [ [ -99.064964062279742, 19.25556861148992 ], [ -99.06447862235639, 19.257461057365397 ], [ -99.0642709819777, 19.257409422296821 ], [ -99.064161079322687, 19.257382092093856 ], [ -99.063932924975518, 19.257325355238709 ], [ -99.063738550659949, 19.25791067176754 ], [ -99.063078252404807, 19.257437990714475 ], [ -99.062735428626837, 19.257297947769473 ], [ -99.062666093134879, 19.257269624228485 ], [ -99.062638703730357, 19.257264112752008 ], [ -99.062357496918821, 19.257207526205072 ], [ -99.062089847668972, 19.257153667374329 ], [ -99.061885271856241, 19.257112500469521 ], [ -99.061614565468588, 19.25705802568848 ], [ -99.061546466912546, 19.257044322012707 ], [ -99.061030659880146, 19.25694052372528 ], [ -99.060998527521079, 19.256934057526198 ], [ -99.060700029441804, 19.256873988564507 ], [ -99.060443640844028, 19.257990213095812 ], [ -99.060279151043574, 19.258961707137303 ], [ -99.060132692891088, 19.259508337018687 ], [ -99.059989182569439, 19.259469815319552 ], [ -99.05942398893032, 19.259435529290034 ], [ -99.05954823873391, 19.258898733557832 ], [ -99.059799778195682, 19.257892120670856 ], [ -99.060076245238506, 19.256785737758403 ], [ -99.059942087324217, 19.256769293824856 ], [ -99.059698932410953, 19.256739489708973 ], [ -99.059542428777306, 19.256720306483984 ], [ -99.059500346790387, 19.256715148316736 ], [ -99.059374730491797, 19.256729778416673 ], [ -99.059109470771304, 19.256760672015577 ], [ -99.059019677192126, 19.257209214715168 ], [ -99.058830064049744, 19.25815637439036 ], [ -99.058110369178578, 19.257958301515128 ], [ -99.058290137369525, 19.257085820000125 ], [ -99.058380084649059, 19.256649269051312 ], [ -99.058529259531582, 19.255517060079168 ], [ -99.058761895847866, 19.255550821183615 ], [ -99.058952819001959, 19.255578529221506 ], [ -99.059107062883257, 19.254768552962478 ], [ -99.059051732926946, 19.254759511249485 ], [ -99.059141304541185, 19.254267243363685 ], [ -99.059345646731742, 19.254280436371783 ], [ -99.059618858682214, 19.2542980754795 ], [ -99.059939470944769, 19.254318774320595 ], [ -99.060377341792957, 19.254347042501045 ], [ -99.0605468199998, 19.254361084690071 ], [ -99.06057494660611, 19.254363415116629 ], [ -99.060727939131525, 19.254376091216699 ], [ -99.060758616312526, 19.254380554387787 ], [ -99.061518535908704, 19.254491112081606 ], [ -99.061539428401403, 19.254494151600952 ], [ -99.062288006726277, 19.254613201407711 ], [ -99.062451543422142, 19.254639208959375 ], [ -99.062452168457952, 19.254707497376373 ], [ -99.062453867856789, 19.254893165213172 ], [ -99.062454212833501, 19.254930855586601 ], [ -99.062501201594031, 19.255113500851195 ], [ -99.062514258295934, 19.2552914916132 ], [ -99.062554898103159, 19.255845496534107 ], [ -99.062674735642645, 19.255847288220163 ], [ -99.063110694742775, 19.255853805563611 ], [ -99.06317388324473, 19.255854750109975 ], [ -99.063293538871193, 19.255856538671189 ], [ -99.064827625999513, 19.255601394557353 ], [ -99.064850171766167, 19.255597644720865 ], [ -99.064964062279742, 19.25556861148992 ] ] ] ] } },
{ "type": "Feature", "properties": { "id": 5313.0, "entidad": 9, "distrito_f": 21, "distrito_l": 25, "municipio": 13, "seccion": 4147, "tipo": 2, "control": 36849.0, "SECCION_TX": "4147", "SECCION__1": null, "SECCION__2": null, "SECCION_N": "4147", "ESTATUS": null, "ALCALDIA_N": "XOCHIMILCO", "EN_OPERATI": null, "EN_OP": "NO", "SEC_N": "4147", "EST": null, "ALC_N": "XOCHIMILCO", "OP": "NO", "NOMBRE": "SAN GREGORIO ATLAPULCO" }, "geometry": { "type": "MultiPolygon", "coordinates": [ [ [ [ -99.058380084649059, 19.256649269051312 ], [ -99.057889940227867, 19.25656009867842 ], [ -99.057673617779983, 19.256520743393477 ], [ -99.057470388031248, 19.256458837677812 ], [ -99.057391685311487, 19.256416740813503 ], [ -99.05706016734014, 19.256239416381195 ], [ -99.0568513581036, 19.25621469352172 ], [ -99.056560554095881, 19.256289147278011 ], [ -99.056444302335478, 19.256357255937225 ], [ -99.056016288878382, 19.256608015942234 ], [ -99.055814949688227, 19.256622241981624 ], [ -99.055723714084124, 19.256582389907912 ], [ -99.055895841328606, 19.255788902912354 ], [ -99.055862539289009, 19.255725698087144 ], [ -99.055925896810848, 19.255199844870809 ], [ -99.055930729457245, 19.255167791599366 ], [ -99.056113055821498, 19.253958474728734 ], [ -99.05675386175507, 19.254012610933355 ], [ -99.056962936787158, 19.254030273398509 ], [ -99.057126943402821, 19.254044128355698 ], [ -99.057319059541697, 19.25406035776021 ], [ -99.057676908141602, 19.254090587207454 ], [ -99.058038019592473, 19.254121091564652 ], [ -99.058321867770445, 19.254145068712401 ], [ -99.059141304541185, 19.254267243363685 ], [ -99.059051732926946, 19.254759511249485 ], [ -99.059107062883257, 19.254768552962478 ], [ -99.058952819001959, 19.255578529221506 ], [ -99.058761895847866, 19.255550821183615 ], [ -99.058529259531582, 19.255517060079168 ], [ -99.058380084649059, 19.256649269051312 ] ] ] ] } },
{ "type": "Feature", "properties": { "id": 5328.0, "entidad": 9, "distrito_f": 21, "distrito_l": 25, "municipio": 13, "seccion": 4171, "tipo": 2, "control": 36800.0, "SECCION_TX": "4171", "SECCION__1": null, "SECCION__2": null, "SECCION_N": "4171", "ESTATUS": null, "ALCALDIA_N": "XOCHIMILCO", "EN_OPERATI": null, "EN_OP": "NO", "SEC_N": "4171", "EST": null, "ALC_N": "XOCHIMILCO", "OP": "NO", "NOMBRE": "SAN GREGORIO ATLAPULCO" }, "geometry": { "type": "MultiPolygon", "coordinates": [ [ [ [ -99.035528021435169, 19.258341096923356 ], [ -99.035619996957095, 19.257545720392073 ], [ -99.036983335715902, 19.257084322509499 ], [ -99.037012999822664, 19.256713826579002 ], [ -99.036519461749847, 19.256669363487259 ], [ -99.036398484468435, 19.256493655068734 ], [ -99.036237560234767, 19.256146816261847 ], [ -99.036196418089375, 19.256041155167601 ], [ -99.036187221551273, 19.255509562198448 ], [ -99.036273832204557, 19.255471350800025 ], [ -99.036217608389521, 19.255177590073231 ], [ -99.03617919969291, 19.254976909961833 ], [ -99.036078716486344, 19.254451896768266 ], [ -99.036050827972488, 19.254237426859675 ], [ -99.036106791808962, 19.254010624508428 ], [ -99.036087862756602, 19.253837848924906 ], [ -99.035964061683956, 19.253558761452854 ], [ -99.035960863828763, 19.253079864887312 ], [ -99.035979723466625, 19.253042742259211 ], [ -99.036047444382262, 19.252909442707004 ], [ -99.036075663863883, 19.252861081053087 ], [ -99.036167682087282, 19.252703382907708 ], [ -99.036220614625606, 19.252612668510054 ], [ -99.036495869657514, 19.25231881182636 ], [ -99.036539159481208, 19.252233600608758 ], [ -99.036563879951771, 19.252110198832462 ], [ -99.036545282677523, 19.251945673428143 ], [ -99.036504434162822, 19.251876370380693 ], [ -99.036399835126716, 19.251698908735662 ], [ -99.036251294549814, 19.251452144533118 ], [ -99.036325533097525, 19.251431563668412 ], [ -99.036464733651101, 19.251408031818595 ], [ -99.036888563031994, 19.251521060639405 ], [ -99.036922068163179, 19.251525694379168 ], [ -99.037111299282159, 19.251551864810178 ], [ -99.03760471872036, 19.25160464842946 ], [ -99.037910976065575, 19.251623682361306 ], [ -99.037833163884159, 19.251478711291725 ], [ -99.037829554576248, 19.251038862036069 ], [ -99.037934731744301, 19.250702288351636 ], [ -99.037924128220098, 19.250362406430579 ], [ -99.037931117592109, 19.250242445878062 ], [ -99.03798720820221, 19.250047500695249 ], [ -99.03801524942871, 19.249932534060029 ], [ -99.037862568722119, 19.249659325519492 ], [ -99.037846766923764, 19.249599349232046 ], [ -99.037848489060167, 19.249459396576082 ], [ -99.037864282963625, 19.24897600825879 ], [ -99.037871134972846, 19.248766294755672 ], [ -99.037913186072203, 19.24854802708391 ], [ -99.0379569928065, 19.248336423429368 ], [ -99.03799737677447, 19.248080896133754 ], [ -99.03803756914175, 19.247826580384054 ], [ -99.038207657121148, 19.247523314908367 ], [ -99.038267257981445, 19.247341697644366 ], [ -99.038267207002548, 19.247121772558106 ], [ -99.03839710572106, 19.247049651879173 ], [ -99.038579414172119, 19.246948432686867 ], [ -99.038842503179026, 19.246775102712281 ], [ -99.038977562947139, 19.246718426621083 ], [ -99.039179285212441, 19.246675064965483 ], [ -99.039266985480978, 19.24663505978614 ], [ -99.039317840475277, 19.246565072696271 ], [ -99.039347887971061, 19.246489711240713 ], [ -99.039380953718577, 19.246406779689245 ], [ -99.039491447933585, 19.246323450911909 ], [ -99.039887847387305, 19.246125099120359 ], [ -99.040061741843033, 19.246053173230127 ], [ -99.040162836549442, 19.245969853404443 ], [ -99.040222667180387, 19.245916921745781 ], [ -99.040470255597143, 19.245754191715498 ], [ -99.040669384508419, 19.24573258817756 ], [ -99.040760173947334, 19.245702188829927 ], [ -99.040924199542388, 19.245589455377154 ], [ -99.041095439336402, 19.245444381060206 ], [ -99.041224391970758, 19.245363994304725 ], [ -99.041382226967073, 19.245254201750505 ], [ -99.041574103081004, 19.245115002150488 ], [ -99.041646835627461, 19.245083626489905 ], [ -99.04200946890883, 19.244937527687973 ], [ -99.042152866342732, 19.244860076877217 ], [ -99.042284894012269, 19.244704230765947 ], [ -99.042789419224817, 19.244651194984861 ], [ -99.042816361553719, 19.245099036192379 ], [ -99.042864866380498, 19.245142143634876 ], [ -99.042970116579241, 19.245175438024233 ], [ -99.043067197447073, 19.245534085181777 ], [ -99.043135314525799, 19.245608547056918 ], [ -99.043312813009862, 19.245730021736339 ], [ -99.043347915256589, 19.245812331121151 ], [ -99.043496507623175, 19.245871094220046 ], [ -99.043618259715103, 19.24587694507899 ], [ -99.043828724452666, 19.245804376829611 ], [ -99.043884489228077, 19.245986638360222 ], [ -99.043752485681182, 19.246231663095756 ], [ -99.043719923036065, 19.246394541658869 ], [ -99.043696842874525, 19.246509988578502 ], [ -99.043767099039826, 19.246866681766491 ], [ -99.043713563743566, 19.247311602040046 ], [ -99.043554595127205, 19.247659085269504 ], [ -99.043557259296975, 19.247683205167036 ], [ -99.043575433822568, 19.247805541056678 ], [ -99.043551316098316, 19.248744713855984 ], [ -99.043571626344175, 19.249016787700089 ], [ -99.043594441976765, 19.249455809807479 ], [ -99.043559995290593, 19.249722395693041 ], [ -99.043516184335274, 19.25006145121392 ], [ -99.043427625105252, 19.250696801883734 ], [ -99.04338626689642, 19.250993516475962 ], [ -99.043332867348383, 19.251376617187105 ], [ -99.043244232624204, 19.251764707046274 ], [ -99.043234854848762, 19.25186966794994 ], [ -99.043219541286348, 19.252041064958497 ], [ -99.04302568838304, 19.25253893635572 ], [ -99.042984603715368, 19.253262165203729 ], [ -99.043133210861711, 19.253352287631149 ], [ -99.043224060243617, 19.253536500878205 ], [ -99.04321253302227, 19.253618599467639 ], [ -99.043052223025754, 19.254534650325155 ], [ -99.04294095285897, 19.255339307700808 ], [ -99.042898123499512, 19.255352780899408 ], [ -99.042850109376715, 19.256185184641552 ], [ -99.042235124742078, 19.256368012635829 ], [ -99.041456115247399, 19.256585859954697 ], [ -99.040707809066959, 19.256822055651185 ], [ -99.040436225407845, 19.256902790907237 ], [ -99.040218243444002, 19.256967591326031 ], [ -99.038497594524145, 19.257479084981092 ], [ -99.038056768870433, 19.257610125170483 ], [ -99.037183110750291, 19.257869825730392 ], [ -99.035528021435169, 19.258341096923356 ] ] ] ] } },
{ "type": "Feature", "properties": { "id": 5331.0, "entidad": 9, "distrito_f": 21, "distrito_l": 25, "municipio": 13, "seccion": 4174, "tipo": 2, "control": 36814.0, "SECCION_TX": "4174", "SECCION__1": null, "SECCION__2": null, "SECCION_N": "4174", "ESTATUS": null, "ALCALDIA_N": "XOCHIMILCO", "EN_OPERATI": null, "EN_OP": "NO", "SEC_N": "4174", "EST": null, "ALC_N": "XOCHIMILCO", "OP": "NO", "NOMBRE": "SAN GREGORIO ATLAPULCO" }, "geometry": { "type": "MultiPolygon", "coordinates": [ [ [ [ -99.056113055821498, 19.253958474728734 ], [ -99.055289198171522, 19.25388445620527 ], [ -99.054979785174638, 19.253856656381885 ], [ -99.054763506465108, 19.253837224076594 ], [ -99.054546169233419, 19.253817696402471 ], [ -99.054123102493435, 19.253773601737926 ], [ -99.053288568292416, 19.25368661841954 ], [ -99.05003891805967, 19.253347870918859 ], [ -99.050092046990613, 19.25295452887114 ], [ -99.050726360219045, 19.252800080475748 ], [ -99.050972581643862, 19.251794076374011 ], [ -99.051149922135068, 19.251815410688707 ], [ -99.051376164763539, 19.251842627742807 ], [ -99.051602407465921, 19.251869844516889 ], [ -99.051662931997683, 19.25187712550947 ], [ -99.05198307918559, 19.251915638297611 ], [ -99.052232233860735, 19.251945610489894 ], [ -99.05245206595761, 19.251972055016253 ], [ -99.052619044370758, 19.251992141368746 ], [ -99.05268888039258, 19.252000542114292 ], [ -99.052977784075779, 19.252035294750989 ], [ -99.053242862435468, 19.25206718099118 ], [ -99.053500563704844, 19.252098179461917 ], [ -99.053767076001876, 19.252130237402664 ], [ -99.053999253956576, 19.252158165044754 ], [ -99.054087620641852, 19.252168571671159 ], [ -99.054399007670455, 19.252205242249783 ], [ -99.054753134864512, 19.252246945471345 ], [ -99.054967263597504, 19.252272161655558 ], [ -99.055265171370507, 19.252307243380105 ], [ -99.055529063163334, 19.252338318952965 ], [ -99.055699213833847, 19.252358355478453 ], [ -99.056030452891491, 19.252385802185227 ], [ -99.056304946136933, 19.252408546431663 ], [ -99.056214411772629, 19.253139810393375 ], [ -99.056209001424733, 19.253183510637047 ], [ -99.056113055821498, 19.253958474728734 ] ] ] ] } },
{ "type": "Feature", "properties": { "id": 1298.0, "entidad": 9, "distrito_f": 5, "distrito_l": 19, "municipio": 13, "seccion": 4114, "tipo": 2, "control": 36966.0, "SECCION_TX": "4114", "SECCION__1": null, "SECCION__2": null, "SECCION_N": "4114", "ESTATUS": "COMPLETA", "ALCALDIA_N": "XOCHIMILCO", "EN_OPERATI": null, "EN_OP": "SI", "SEC_N": "4114", "EST": "COMPLETA", "ALC_N": "XOCHIMILCO", "OP": "SI", "NOMBRE": "SAN MARCOS" }, "geometry": { "type": "MultiPolygon", "coordinates": [ [ [ [ -99.108963811442351, 19.270280178889763 ], [ -99.109135061764974, 19.269879316326847 ], [ -99.109065276675565, 19.269475544815887 ], [ -99.108857438697697, 19.268999483644834 ], [ -99.108906492738882, 19.26898954892177 ], [ -99.109037092526322, 19.268995268620507 ], [ -99.10920487035547, 19.268609188956862 ], [ -99.109239536121564, 19.268609093396822 ], [ -99.109333185131234, 19.268374070700389 ], [ -99.109333022546053, 19.268191838204594 ], [ -99.109279648814336, 19.267683485774949 ], [ -99.108999635878376, 19.267629341636287 ], [ -99.109128375508348, 19.267165890602616 ], [ -99.109681323421285, 19.267345932282389 ], [ -99.109793245408483, 19.267086470956489 ], [ -99.110291945419476, 19.267205780093636 ], [ -99.110361040115663, 19.267005613811076 ], [ -99.110329365591639, 19.266868310708798 ], [ -99.110391495078176, 19.266688653416704 ], [ -99.111062265627282, 19.266890616913482 ], [ -99.111040447220333, 19.267004399466185 ], [ -99.110981714314903, 19.267265969433272 ], [ -99.110928081403188, 19.267521672854471 ], [ -99.11142004513944, 19.267913806560816 ], [ -99.111655512356307, 19.268030399265022 ], [ -99.112105433162213, 19.268129474035948 ], [ -99.111836458541021, 19.268740641719017 ], [ -99.111693075546967, 19.269428728592629 ], [ -99.111576564260034, 19.269396874675369 ], [ -99.111303301675449, 19.269322164974227 ], [ -99.111278498844229, 19.269443715226114 ], [ -99.111219565685502, 19.269732525892636 ], [ -99.111176419817212, 19.269943967955435 ], [ -99.111139070992422, 19.270127000392204 ], [ -99.111126371325454, 19.27022669392321 ], [ -99.111092240413555, 19.270494624065144 ], [ -99.111086315990647, 19.270618445769035 ], [ -99.109782637020203, 19.270526448886613 ], [ -99.109587887276334, 19.270467876350072 ], [ -99.108963811442351, 19.270280178889763 ] ] ] ] } },
{ "type": "Feature", "properties": { "id": 1302.0, "entidad": 9, "distrito_f": 5, "distrito_l": 19, "municipio": 13, "seccion": 4136, "tipo": 2, "control": 36632.0, "SECCION_TX": "4136", "SECCION__1": null, "SECCION__2": null, "SECCION_N": "4136", "ESTATUS": null, "ALCALDIA_N": "XOCHIMILCO", "EN_OPERATI": null, "EN_OP": "NO", "SEC_N": "4136", "EST": null, "ALC_N": "XOCHIMILCO", "OP": "NO", "NOMBRE": "SAN MARCOS" }, "geometry": { "type": "MultiPolygon", "coordinates": [ [ [ [ -99.115543459836573, 19.267324493581036 ], [ -99.115525509734894, 19.267611798538635 ], [ -99.115520240170198, 19.267699972436446 ], [ -99.115466592768641, 19.26859763164585 ], [ -99.115463558803384, 19.268648397418335 ], [ -99.115447535230587, 19.26892201396603 ], [ -99.1154320791087, 19.269256211214302 ], [ -99.115405477522174, 19.269831396283468 ], [ -99.115396515574673, 19.270025172530939 ], [ -99.115186333987197, 19.270727431240918 ], [ -99.11492925803644, 19.27068035349248 ], [ -99.114472118684247, 19.270596637616304 ], [ -99.114279853213858, 19.270561427695728 ], [ -99.114006157965306, 19.270511305018353 ], [ -99.113556979767736, 19.270429044637375 ], [ -99.113569258993053, 19.270334352930814 ], [ -99.113618774199367, 19.269952513462471 ], [ -99.11355663282994, 19.269925323910574 ], [ -99.113569317161861, 19.269874157655384 ], [ -99.113703630519112, 19.269332360350877 ], [ -99.113718656628521, 19.269271747346998 ], [ -99.113154670856346, 19.269117804350795 ], [ -99.113279053909991, 19.268804137076614 ], [ -99.113385545081428, 19.268535588259837 ], [ -99.113472161865232, 19.268317157866893 ], [ -99.113623989158853, 19.267934277972511 ], [ -99.113760611729916, 19.267589739901346 ], [ -99.113900698843111, 19.267236463262503 ], [ -99.114012505142156, 19.267052525652751 ], [ -99.114569194314925, 19.267121128161957 ], [ -99.115543459836573, 19.267324493581036 ] ] ] ] } },
{ "type": "Feature", "properties": { "id": 1327.0, "entidad": 9, "distrito_f": 5, "distrito_l": 19, "municipio": 13, "seccion": 4137, "tipo": 2, "control": 36658.0, "SECCION_TX": "4137", "SECCION__1": null, "SECCION__2": null, "SECCION_N": "4137", "ESTATUS": "COMPLETA", "ALCALDIA_N": "XOCHIMILCO", "EN_OPERATI": null, "EN_OP": "SI", "SEC_N": "4137", "EST": "COMPLETA", "ALC_N": "XOCHIMILCO", "OP": "SI", "NOMBRE": "SAN MARCOS" }, "geometry": { "type": "MultiPolygon", "coordinates": [ [ [ [ -99.112258574187109, 19.270843490731885 ], [ -99.111990344868246, 19.270749665765702 ], [ -99.11178546327416, 19.270677999105782 ], [ -99.111729591217511, 19.27066321964152 ], [ -99.111506541312679, 19.270604217533915 ], [ -99.111092240413555, 19.270494624065144 ], [ -99.111126371325454, 19.27022669392321 ], [ -99.111139070992422, 19.270127000392204 ], [ -99.111176419817212, 19.269943967955435 ], [ -99.111219565685502, 19.269732525892636 ], [ -99.111278498844229, 19.269443715226114 ], [ -99.111303301675449, 19.269322164974227 ], [ -99.111576564260034, 19.269396874675369 ], [ -99.111693075546967, 19.269428728592629 ], [ -99.111836458541021, 19.268740641719017 ], [ -99.112105433162213, 19.268129474035948 ], [ -99.111655512356307, 19.268030399265022 ], [ -99.11142004513944, 19.267913806560816 ], [ -99.110928081403188, 19.267521672854471 ], [ -99.110981714314903, 19.267265969433272 ], [ -99.111054672902839, 19.267250770248971 ], [ -99.111530911871625, 19.26742995956862 ], [ -99.11151279544552, 19.2675128071713 ], [ -99.112097993079288, 19.267578028260697 ], [ -99.112256369995166, 19.267245896702097 ], [ -99.112929525741933, 19.267201391809952 ], [ -99.113387451940852, 19.267161314521523 ], [ -99.113576936156846, 19.267144730692518 ], [ -99.113900698843111, 19.267236463262503 ], [ -99.113760611729916, 19.267589739901346 ], [ -99.113623989158853, 19.267934277972511 ], [ -99.113472161865232, 19.268317157866893 ], [ -99.113385545081428, 19.268535588259837 ], [ -99.113279053909991, 19.268804137076614 ], [ -99.113154670856346, 19.269117804350795 ], [ -99.113718656628521, 19.269271747346998 ], [ -99.113703630519112, 19.269332360350877 ], [ -99.113569317161861, 19.269874157655384 ], [ -99.11355663282994, 19.269925323910574 ], [ -99.113618774199367, 19.269952513462471 ], [ -99.113569258993053, 19.270334352930814 ], [ -99.113556979767736, 19.270429044637375 ], [ -99.113453460263884, 19.27115357681874 ], [ -99.113250461747484, 19.27110089710429 ], [ -99.112950896343662, 19.271023157047122 ], [ -99.112779483122395, 19.270978673439661 ], [ -99.112651331219752, 19.270945416497064 ], [ -99.112258574187109, 19.270843490731885 ] ] ] ] } }
]
}
